sample_index,host_utc,read_start_monotonic_ns,read_end_monotonic_ns,elapsed_s,phase,segment_index,read_retry_count,j1_position_raw,j1_target_raw,j1_position_rad,j1_target_rad,j1_voltage_raw,j1_voltage_v,j1_temperature_c,j1_current_raw,j2_position_raw,j2_target_raw,j2_position_rad,j2_target_rad,j2_voltage_raw,j2_voltage_v,j2_temperature_c,j2_current_raw,j3_position_raw,j3_target_raw,j3_position_rad,j3_target_rad,j3_voltage_raw,j3_voltage_v,j3_temperature_c,j3_current_raw,j4_position_raw,j4_target_raw,j4_position_rad,j4_target_rad,j4_voltage_raw,j4_voltage_v,j4_temperature_c,j4_current_raw,j5_position_raw,j5_target_raw,j5_position_rad,j5_target_rad,j5_voltage_raw,j5_voltage_v,j5_temperature_c,j5_current_raw
0,2026-09-05T07:30:17.478937+00:00,182178718000000,182178750000000,0.047000000,start_alignment,-1,0,2089,2089,0.101242732000,0.101242732000,76,7.6,27,0,2641,2641,0.882038953034,0.882038953034,75,7.5,26,1,2606,2606,0.840621471761,0.840621471761,76,7.6,27,0,2724,2724,0.994019550550,0.994019550550,75,7.5,28,4,2074,2074,0.012271846303,0.012271846303,75,7.5,26,1
1,2026-09-05T07:30:17.681393+00:00,182178906000000,182178953000000,0.250000000,online_inference,0,0,2089,2089,0.101242732000,0.101242732000,76,7.6,27,0,2641,2641,0.882038953034,0.882038953034,75,7.5,26,1,2606,2607,0.840621471761,0.842155452549,76,7.6,27,0,2724,2723,0.994019550550,0.992485569762,75,7.5,28,1,2074,2074,0.012271846303,0.012271846303,76,7.6,26,0
2,2026-09-05T07:30:17.750720+00:00,182178968000000,182179031000000,0.328000000,online_inference,0,0,2089,2089,0.101242732000,0.101242732000,76,7.6,27,0,2641,2641,0.882038953034,0.882038953034,75,7.5,26,0,2606,2607,0.840621471761,0.842155452549,76,7.6,27,0,2724,2723,0.994019550550,0.992485569762,75,7.5,28,1,2074,2074,0.012271846303,0.012271846303,75,7.5,26,0
3,2026-09-05T07:30:17.818786+00:00,182179046000000,182179093000000,0.390000000,online_inference,0,0,2089,2089,0.101242732000,0.101242732000,76,7.6,27,0,2641,2641,0.882038953034,0.882038953034,75,7.5,26,0,2606,2607,0.840621471761,0.842155452549,76,7.6,27,0,2724,2723,0.994019550550,0.992485569762,75,7.5,28,0,2074,2074,0.012271846303,0.012271846303,76,7.6,26,0
4,2026-09-05T07:30:17.878859+00:00,182179109000000,182179156000000,0.453000000,online_inference,0,0,2089,2089,0.101242732000,0.101242732000,76,7.6,27,0,2641,2641,0.882038953034,0.882038953034,75,7.5,26,0,2606,2607,0.840621471761,0.842155452549,76,7.6,27,0,2721,2723,0.989417608186,0.992485569762,75,7.5,28,1,2074,2074,0.012271846303,0.012271846303,75,7.5,26,0
5,2026-09-05T07:30:17.937792+00:00,182179171000000,182179218000000,0.515000000,online_inference,0,0,2089,2089,0.101242732000,0.101242732000,76,7.6,27,0,2641,2641,0.882038953034,0.882038953034,75,7.5,26,0,2606,2607,0.840621471761,0.842155452549,76,7.6,27,0,2721,2723,0.989417608186,0.992485569762,75,7.5,28,1,2074,2074,0.012271846303,0.012271846303,76,7.6,26,0
6,2026-09-05T07:30:18.008643+00:00,182179234000000,182179281000000,0.578000000,online_inference,0,0,2089,2089,0.101242732000,0.101242732000,76,7.6,27,0,2641,2641,0.882038953034,0.882038953034,75,7.5,26,0,2606,2607,0.840621471761,0.842155452549,76,7.6,27,0,2721,2723,0.989417608186,0.992485569762,75,7.5,28,1,2074,2074,0.012271846303,0.012271846303,76,7.6,26,0
7,2026-09-05T07:30:18.051928+00:00,182179296000000,182179328000000,0.625000000,online_inference,0,0,2089,2089,0.101242732000,0.101242732000,76,7.6,27,1,2641,2641,0.882038953034,0.882038953034,75,7.5,26,0,2606,2607,0.840621471761,0.842155452549,76,7.6,27,0,2721,2723,0.989417608186,0.992485569762,75,7.5,28,0,2074,2074,0.012271846303,0.012271846303,76,7.6,26,0
8,2026-09-05T07:30:18.115497+00:00,182179343000000,182179390000000,0.687000000,online_inference,0,0,2089,2089,0.101242732000,0.101242732000,76,7.6,27,0,2641,2641,0.882038953034,0.882038953034,75,7.5,26,0,2606,2607,0.840621471761,0.842155452549,76,7.6,27,0,2721,2723,0.989417608186,0.992485569762,75,7.5,28,1,2074,2074,0.012271846303,0.012271846303,75,7.5,26,0
9,2026-09-05T07:30:18.171003+00:00,182179406000000,182179453000000,0.750000000,online_inference,0,0,2089,2089,0.101242732000,0.101242732000,76,7.6,27,0,2641,2641,0.882038953034,0.882038953034,75,7.5,26,0,2606,2607,0.840621471761,0.842155452549,76,7.6,27,0,2721,2723,0.989417608186,0.992485569762,75,7.5,28,1,2074,2074,0.012271846303,0.012271846303,76,7.6,26,0
10,2026-09-05T07:30:18.230698+00:00,182179468000000,182179500000000,0.797000000,online_inference,0,0,2089,2089,0.101242732000,0.101242732000,76,7.6,27,0,2641,2641,0.882038953034,0.882038953034,75,7.5,26,0,2606,2607,0.840621471761,0.842155452549,76,7.6,27,0,2721,2723,0.989417608186,0.992485569762,75,7.5,28,0,2074,2074,0.012271846303,0.012271846303,76,7.6,26,0
11,2026-09-05T07:30:18.289221+00:00,182179515000000,182179562000000,0.859000000,online_inference,0,0,2089,2089,0.101242732000,0.101242732000,76,7.6,27,0,2641,2641,0.882038953034,0.882038953034,75,7.5,26,0,2606,2607,0.840621471761,0.842155452549,76,7.6,27,0,2721,2723,0.989417608186,0.992485569762,75,7.5,28,1,2074,2074,0.012271846303,0.012271846303,75,7.5,26,0
12,2026-09-05T07:30:18.343199+00:00,182179578000000,182179625000000,0.922000000,online_inference,0,0,2089,2089,0.101242732000,0.101242732000,76,7.6,27,0,2641,2641,0.882038953034,0.882038953034,75,7.5,26,0,2606,2607,0.840621471761,0.842155452549,76,7.6,27,0,2721,2723,0.989417608186,0.992485569762,75,7.5,28,1,2074,2074,0.012271846303,0.012271846303,76,7.6,26,0
13,2026-09-05T07:30:18.402483+00:00,182179640000000,182179671000000,0.968000000,online_inference,0,0,2089,2089,0.101242732000,0.101242732000,76,7.6,27,0,2641,2641,0.882038953034,0.882038953034,75,7.5,26,0,2606,2607,0.840621471761,0.842155452549,76,7.6,27,0,2721,2723,0.989417608186,0.992485569762,75,7.5,28,1,2074,2074,0.012271846303,0.012271846303,75,7.5,26,0
14,2026-09-05T07:30:18.455525+00:00,182179687000000,182179734000000,1.031000000,online_inference,0,0,2089,2089,0.101242732000,0.101242732000,76,7.6,27,0,2641,2641,0.882038953034,0.882038953034,75,7.5,26,1,2606,2607,0.840621471761,0.842155452549,76,7.6,27,0,2721,2723,0.989417608186,0.992485569762,75,7.5,28,1,2074,2074,0.012271846303,0.012271846303,76,7.6,26,0
15,2026-09-05T07:30:18.510269+00:00,182179750000000,182179781000000,1.078000000,online_inference,0,0,2089,2089,0.101242732000,0.101242732000,76,7.6,27,0,2641,2641,0.882038953034,0.882038953034,75,7.5,26,0,2606,2607,0.840621471761,0.842155452549,76,7.6,27,0,2721,2723,0.989417608186,0.992485569762,75,7.5,28,1,2074,2074,0.012271846303,0.012271846303,75,7.5,26,0
16,2026-09-05T07:30:18.572934+00:00,182179796000000,182179843000000,1.140000000,online_inference,0,0,2089,2089,0.101242732000,0.101242732000,76,7.6,27,0,2641,2641,0.882038953034,0.882038953034,75,7.5,26,0,2606,2607,0.840621471761,0.842155452549,76,7.6,27,0,2721,2723,0.989417608186,0.992485569762,75,7.5,28,0,2074,2074,0.012271846303,0.012271846303,76,7.6,26,0
17,2026-09-05T07:30:18.620875+00:00,182179859000000,182179890000000,1.187000000,online_inference,0,0,2089,2089,0.101242732000,0.101242732000,76,7.6,27,0,2641,2641,0.882038953034,0.882038953034,75,7.5,26,0,2606,2607,0.840621471761,0.842155452549,76,7.6,27,0,2721,2723,0.989417608186,0.992485569762,75,7.5,28,0,2074,2074,0.012271846303,0.012271846303,76,7.6,26,0
18,2026-09-05T07:30:18.702010+00:00,182179921000000,182179984000000,1.281000000,online_inference,0,0,2089,2089,0.101242732000,0.101242732000,76,7.6,27,0,2641,2641,0.882038953034,0.882038953034,75,7.5,26,0,2606,2607,0.840621471761,0.842155452549,76,7.6,27,0,2721,2723,0.989417608186,0.992485569762,75,7.5,28,0,2074,2074,0.012271846303,0.012271846303,76,7.6,26,0
19,2026-09-05T07:30:18.771400+00:00,182180000000000,182180046000000,1.343000000,online_inference,0,0,2089,2089,0.101242732000,0.101242732000,76,7.6,27,0,2641,2641,0.882038953034,0.882038953034,75,7.5,26,0,2606,2607,0.840621471761,0.842155452549,76,7.6,27,0,2721,2723,0.989417608186,0.992485569762,75,7.5,28,0,2074,2074,0.012271846303,0.012271846303,76,7.6,26,0
20,2026-09-05T07:30:18.833939+00:00,182180062000000,182180109000000,1.406000000,online_inference,0,0,2089,2089,0.101242732000,0.101242732000,76,7.6,27,0,2641,2641,0.882038953034,0.882038953034,75,7.5,26,0,2606,2607,0.840621471761,0.842155452549,76,7.6,27,0,2721,2723,0.989417608186,0.992485569762,75,7.5,28,1,2074,2074,0.012271846303,0.012271846303,76,7.6,26,0
21,2026-09-05T07:30:18.883608+00:00,182180125000000,182180156000000,1.453000000,online_inference,0,0,2089,2089,0.101242732000,0.101242732000,76,7.6,27,0,2641,2641,0.882038953034,0.882038953034,75,7.5,26,0,2606,2607,0.840621471761,0.842155452549,76,7.6,27,0,2721,2723,0.989417608186,0.992485569762,75,7.5,28,1,2074,2074,0.012271846303,0.012271846303,76,7.6,26,0
22,2026-09-05T07:30:18.942346+00:00,182180171000000,182180218000000,1.515000000,online_inference,0,0,2089,2089,0.101242732000,0.101242732000,76,7.6,27,0,2641,2641,0.882038953034,0.882038953034,75,7.5,26,0,2606,2607,0.840621471761,0.842155452549,76,7.6,27,0,2721,2723,0.989417608186,0.992485569762,75,7.5,28,1,2074,2074,0.012271846303,0.012271846303,75,7.5,26,0
23,2026-09-05T07:30:19.004364+00:00,182180234000000,182180281000000,1.578000000,online_inference,0,0,2089,2089,0.101242732000,0.101242732000,76,7.6,27,0,2641,2641,0.882038953034,0.882038953034,75,7.5,26,0,2606,2607,0.840621471761,0.842155452549,76,7.6,27,0,2721,2723,0.989417608186,0.992485569762,75,7.5,28,1,2074,2074,0.012271846303,0.012271846303,76,7.6,26,0
24,2026-09-05T07:30:19.066674+00:00,182180296000000,182180343000000,1.640000000,online_inference,0,0,2089,2089,0.101242732000,0.101242732000,76,7.6,27,0,2641,2641,0.882038953034,0.882038953034,75,7.5,26,0,2606,2607,0.840621471761,0.842155452549,76,7.6,27,0,2721,2723,0.989417608186,0.992485569762,75,7.5,28,1,2074,2074,0.012271846303,0.012271846303,76,7.6,26,0
25,2026-09-05T07:30:19.129094+00:00,182180359000000,182180406000000,1.703000000,online_inference,0,0,2089,2089,0.101242732000,0.101242732000,76,7.6,27,0,2641,2641,0.882038953034,0.882038953034,75,7.5,26,0,2606,2607,0.840621471761,0.842155452549,76,7.6,27,0,2721,2723,0.989417608186,0.992485569762,75,7.5,28,1,2074,2074,0.012271846303,0.012271846303,76,7.6,26,0
26,2026-09-05T07:30:19.198933+00:00,182180421000000,182180468000000,1.765000000,online_inference,0,0,2089,2089,0.101242732000,0.101242732000,76,7.6,27,0,2641,2641,0.882038953034,0.882038953034,75,7.5,26,0,2606,2607,0.840621471761,0.842155452549,76,7.6,27,0,2721,2723,0.989417608186,0.992485569762,75,7.5,28,0,2074,2074,0.012271846303,0.012271846303,76,7.6,26,0
27,2026-09-05T07:30:19.255290+00:00,182180484000000,182180531000000,1.828000000,online_inference,0,0,2089,2089,0.101242732000,0.101242732000,76,7.6,27,0,2641,2641,0.882038953034,0.882038953034,75,7.5,26,0,2606,2607,0.840621471761,0.842155452549,76,7.6,27,0,2721,2723,0.989417608186,0.992485569762,75,7.5,28,1,2074,2074,0.012271846303,0.012271846303,75,7.5,26,0
28,2026-09-05T07:30:19.317650+00:00,182180546000000,182180593000000,1.890000000,online_inference,0,0,2089,2089,0.101242732000,0.101242732000,76,7.6,27,0,2641,2641,0.882038953034,0.882038953034,75,7.5,26,0,2606,2607,0.840621471761,0.842155452549,76,7.6,27,0,2721,2723,0.989417608186,0.992485569762,75,7.5,28,0,2074,2074,0.012271846303,0.012271846303,76,7.6,26,0
29,2026-09-05T07:30:19.374581+00:00,182180609000000,182180656000000,1.953000000,online_inference,0,0,2089,2089,0.101242732000,0.101242732000,76,7.6,27,1,2641,2641,0.882038953034,0.882038953034,75,7.5,26,0,2606,2607,0.840621471761,0.842155452549,76,7.6,27,0,2721,2723,0.989417608186,0.992485569762,75,7.5,28,0,2074,2074,0.012271846303,0.012271846303,76,7.6,26,0
30,2026-09-05T07:30:19.432439+00:00,182180671000000,182180703000000,2.000000000,online_inference,0,0,2089,2089,0.101242732000,0.101242732000,76,7.6,27,0,2641,2641,0.882038953034,0.882038953034,75,7.5,26,0,2606,2607,0.840621471761,0.842155452549,76,7.6,27,0,2721,2723,0.989417608186,0.992485569762,75,7.5,28,1,2074,2074,0.012271846303,0.012271846303,76,7.6,26,0
31,2026-09-05T07:30:19.485388+00:00,182180718000000,182180765000000,2.062000000,online_inference,0,0,2089,2089,0.101242732000,0.101242732000,76,7.6,27,0,2641,2641,0.882038953034,0.882038953034,75,7.5,26,0,2606,2607,0.840621471761,0.842155452549,76,7.6,27,0,2721,2723,0.989417608186,0.992485569762,75,7.5,28,0,2074,2074,0.012271846303,0.012271846303,76,7.6,26,0
32,2026-09-05T07:30:19.541291+00:00,182180781000000,182180812000000,2.109000000,online_inference,0,0,2089,2089,0.101242732000,0.101242732000,76,7.6,27,0,2641,2641,0.882038953034,0.882038953034,75,7.5,26,0,2606,2607,0.840621471761,0.842155452549,76,7.6,27,0,2721,2723,0.989417608186,0.992485569762,75,7.5,28,0,2074,2074,0.012271846303,0.012271846303,75,7.5,26,0
33,2026-09-05T07:30:19.600805+00:00,182180828000000,182180875000000,2.172000000,online_inference,0,0,2089,2089,0.101242732000,0.101242732000,76,7.6,27,0,2641,2641,0.882038953034,0.882038953034,75,7.5,26,0,2606,2607,0.840621471761,0.842155452549,76,7.6,27,0,2721,2723,0.989417608186,0.992485569762,75,7.5,28,1,2074,2074,0.012271846303,0.012271846303,76,7.6,26,0
34,2026-09-05T07:30:19.644293+00:00,182180890000000,182180921000000,2.218000000,online_inference,0,0,2089,2089,0.101242732000,0.101242732000,76,7.6,27,0,2641,2641,0.882038953034,0.882038953034,75,7.5,26,0,2606,2607,0.840621471761,0.842155452549,76,7.6,27,0,2721,2723,0.989417608186,0.992485569762,75,7.5,28,1,2074,2074,0.012271846303,0.012271846303,76,7.6,26,0
35,2026-09-05T07:30:19.715430+00:00,182180937000000,182180984000000,2.281000000,online_inference,0,0,2089,2089,0.101242732000,0.101242732000,76,7.6,27,0,2641,2641,0.882038953034,0.882038953034,75,7.5,26,0,2606,2607,0.840621471761,0.842155452549,76,7.6,27,0,2721,2723,0.989417608186,0.992485569762,75,7.5,28,1,2074,2074,0.012271846303,0.012271846303,76,7.6,26,0
36,2026-09-05T07:30:19.765198+00:00,182181000000000,182181046000000,2.343000000,online_inference,0,0,2089,2089,0.101242732000,0.101242732000,76,7.6,27,0,2641,2641,0.882038953034,0.882038953034,75,7.5,26,0,2606,2607,0.840621471761,0.842155452549,76,7.6,27,0,2721,2723,0.989417608186,0.992485569762,75,7.5,28,1,2074,2074,0.012271846303,0.012271846303,75,7.5,26,0
37,2026-09-05T07:30:19.826706+00:00,182181062000000,182181109000000,2.406000000,online_inference,0,0,2089,2089,0.101242732000,0.101242732000,76,7.6,27,0,2641,2641,0.882038953034,0.882038953034,75,7.5,26,0,2606,2607,0.840621471761,0.842155452549,76,7.6,27,0,2721,2723,0.989417608186,0.992485569762,75,7.5,28,0,2074,2074,0.012271846303,0.012271846303,75,7.5,26,0
38,2026-09-05T07:30:19.895668+00:00,182181125000000,182181171000000,2.468000000,online_inference,0,0,2089,2089,0.101242732000,0.101242732000,76,7.6,27,0,2641,2641,0.882038953034,0.882038953034,75,7.5,26,0,2606,2607,0.840621471761,0.842155452549,76,7.6,27,0,2721,2723,0.989417608186,0.992485569762,75,7.5,28,1,2074,2074,0.012271846303,0.012271846303,76,7.6,26,0
39,2026-09-05T07:30:19.954760+00:00,182181187000000,182181234000000,2.531000000,online_inference,0,0,2089,2089,0.101242732000,0.101242732000,76,7.6,27,0,2641,2641,0.882038953034,0.882038953034,75,7.5,26,0,2606,2607,0.840621471761,0.842155452549,76,7.6,27,0,2721,2723,0.989417608186,0.992485569762,75,7.5,28,0,2074,2074,0.012271846303,0.012271846303,76,7.6,26,0
40,2026-09-05T07:30:20.010197+00:00,182181250000000,182181281000000,2.578000000,online_inference,0,0,2089,2089,0.101242732000,0.101242732000,76,7.6,27,0,2641,2641,0.882038953034,0.882038953034,75,7.5,26,0,2606,2607,0.840621471761,0.842155452549,76,7.6,27,0,2721,2723,0.989417608186,0.992485569762,75,7.5,28,1,2074,2074,0.012271846303,0.012271846303,76,7.6,26,0
41,2026-09-05T07:30:20.072549+00:00,182181296000000,182181343000000,2.640000000,online_inference,0,0,2089,2089,0.101242732000,0.101242732000,76,7.6,27,0,2641,2641,0.882038953034,0.882038953034,75,7.5,26,0,2606,2607,0.840621471761,0.842155452549,76,7.6,27,0,2721,2723,0.989417608186,0.992485569762,75,7.5,28,0,2074,2074,0.012271846303,0.012271846303,76,7.6,26,0
42,2026-09-05T07:30:20.117923+00:00,182181359000000,182181390000000,2.687000000,online_inference,0,0,2089,2089,0.101242732000,0.101242732000,76,7.6,27,0,2641,2641,0.882038953034,0.882038953034,75,7.5,26,0,2606,2607,0.840621471761,0.842155452549,76,7.6,27,0,2721,2723,0.989417608186,0.992485569762,75,7.5,28,0,2074,2074,0.012271846303,0.012271846303,76,7.6,26,0
43,2026-09-05T07:30:20.176944+00:00,182181406000000,182181453000000,2.750000000,online_inference,0,0,2089,2089,0.101242732000,0.101242732000,76,7.6,27,0,2641,2641,0.882038953034,0.882038953034,75,7.5,26,0,2606,2607,0.840621471761,0.842155452549,76,7.6,27,0,2721,2723,0.989417608186,0.992485569762,75,7.5,28,1,2074,2074,0.012271846303,0.012271846303,76,7.6,26,0
44,2026-09-05T07:30:20.252226+00:00,182181468000000,182181531000000,2.828000000,online_inference,0,0,2089,2089,0.101242732000,0.101242732000,76,7.6,27,0,2641,2641,0.882038953034,0.882038953034,75,7.5,26,0,2606,2607,0.840621471761,0.842155452549,76,7.6,27,0,2721,2723,0.989417608186,0.992485569762,75,7.5,28,0,2074,2074,0.012271846303,0.012271846303,76,7.6,26,0
45,2026-09-05T07:30:20.324879+00:00,182181546000000,182181593000000,2.890000000,online_inference,0,0,2089,2089,0.101242732000,0.101242732000,76,7.6,27,0,2641,2641,0.882038953034,0.882038953034,75,7.5,26,0,2606,2607,0.840621471761,0.842155452549,76,7.6,27,0,2721,2723,0.989417608186,0.992485569762,75,7.5,28,1,2074,2074,0.012271846303,0.012271846303,76,7.6,26,0
46,2026-09-05T07:30:20.370285+00:00,182181609000000,182181640000000,2.937000000,online_inference,0,0,2089,2089,0.101242732000,0.101242732000,76,7.6,27,0,2641,2641,0.882038953034,0.882038953034,75,7.5,26,0,2606,2607,0.840621471761,0.842155452549,76,7.6,27,0,2721,2723,0.989417608186,0.992485569762,75,7.5,28,1,2074,2074,0.012271846303,0.012271846303,76,7.6,26,0
47,2026-09-05T07:30:20.429209+00:00,182181656000000,182181703000000,3.000000000,online_inference,0,0,2089,2089,0.101242732000,0.101242732000,76,7.6,27,0,2641,2641,0.882038953034,0.882038953034,75,7.5,26,0,2606,2607,0.840621471761,0.842155452549,76,7.6,27,0,2721,2723,0.989417608186,0.992485569762,75,7.5,28,0,2074,2074,0.012271846303,0.012271846303,76,7.6,26,0
48,2026-09-05T07:30:20.491510+00:00,182181718000000,182181765000000,3.062000000,online_inference,0,0,2089,2089,0.101242732000,0.101242732000,76,7.6,27,0,2641,2641,0.882038953034,0.882038953034,75,7.5,26,0,2606,2607,0.840621471761,0.842155452549,76,7.6,27,0,2721,2723,0.989417608186,0.992485569762,75,7.5,28,0,2074,2074,0.012271846303,0.012271846303,76,7.6,26,0
49,2026-09-05T07:30:20.551145+00:00,182181781000000,182181828000000,3.125000000,online_inference,0,0,2089,2089,0.101242732000,0.101242732000,76,7.6,27,0,2641,2641,0.882038953034,0.882038953034,75,7.5,26,0,2606,2607,0.840621471761,0.842155452549,76,7.6,27,0,2721,2723,0.989417608186,0.992485569762,75,7.5,28,1,2074,2074,0.012271846303,0.012271846303,76,7.6,26,0
50,2026-09-05T07:30:20.596964+00:00,182181843000000,182181875000000,3.172000000,online_inference,0,0,2089,2089,0.101242732000,0.101242732000,76,7.6,27,0,2641,2641,0.882038953034,0.882038953034,75,7.5,26,0,2606,2607,0.840621471761,0.842155452549,76,7.6,27,0,2721,2723,0.989417608186,0.992485569762,75,7.5,28,0,2074,2074,0.012271846303,0.012271846303,76,7.6,26,0
51,2026-09-05T07:30:20.661357+00:00,182181890000000,182181937000000,3.234000000,online_inference,0,0,2089,2089,0.101242732000,0.101242732000,76,7.6,27,0,2641,2641,0.882038953034,0.882038953034,75,7.5,26,0,2606,2607,0.840621471761,0.842155452549,76,7.6,27,0,2721,2723,0.989417608186,0.992485569762,75,7.5,28,1,2074,2074,0.012271846303,0.012271846303,76,7.6,26,0
52,2026-09-05T07:30:20.718050+00:00,182181953000000,182182000000000,3.297000000,online_inference,0,0,2089,2089,0.101242732000,0.101242732000,76,7.6,27,0,2641,2641,0.882038953034,0.882038953034,75,7.5,26,0,2606,2607,0.840621471761,0.842155452549,76,7.6,27,0,2721,2723,0.989417608186,0.992485569762,75,7.5,28,0,2074,2074,0.012271846303,0.012271846303,76,7.6,26,0
53,2026-09-05T07:30:20.788500+00:00,182182015000000,182182062000000,3.359000000,online_inference,0,0,2089,2089,0.101242732000,0.101242732000,76,7.6,27,0,2641,2641,0.882038953034,0.882038953034,75,7.5,26,0,2606,2607,0.840621471761,0.842155452549,76,7.6,27,0,2721,2723,0.989417608186,0.992485569762,75,7.5,28,0,2074,2074,0.012271846303,0.012271846303,76,7.6,26,0
54,2026-09-05T07:30:20.844742+00:00,182182078000000,182182125000000,3.422000000,online_inference,0,0,2089,2089,0.101242732000,0.101242732000,76,7.6,26,0,2641,2641,0.882038953034,0.882038953034,75,7.5,26,0,2606,2607,0.840621471761,0.842155452549,76,7.6,27,0,2721,2723,0.989417608186,0.992485569762,75,7.5,28,0,2074,2074,0.012271846303,0.012271846303,76,7.6,26,0
55,2026-09-05T07:30:20.915676+00:00,182182140000000,182182187000000,3.484000000,online_inference,0,0,2089,2089,0.101242732000,0.101242732000,76,7.6,27,0,2641,2641,0.882038953034,0.882038953034,75,7.5,26,0,2606,2607,0.840621471761,0.842155452549,76,7.6,27,0,2721,2723,0.989417608186,0.992485569762,75,7.5,28,1,2074,2074,0.012271846303,0.012271846303,76,7.6,26,0
56,2026-09-05T07:30:20.964301+00:00,182182203000000,182182234000000,3.531000000,online_inference,0,0,2089,2089,0.101242732000,0.101242732000,76,7.6,27,0,2641,2641,0.882038953034,0.882038953034,75,7.5,26,0,2606,2607,0.840621471761,0.842155452549,76,7.6,27,0,2721,2723,0.989417608186,0.992485569762,75,7.5,28,1,2074,2074,0.012271846303,0.012271846303,76,7.6,26,0
57,2026-09-05T07:30:21.025810+00:00,182182250000000,182182296000000,3.593000000,online_inference,0,0,2089,2089,0.101242732000,0.101242732000,76,7.6,27,0,2641,2641,0.882038953034,0.882038953034,75,7.5,26,0,2606,2607,0.840621471761,0.842155452549,76,7.6,27,0,2721,2723,0.989417608186,0.992485569762,75,7.5,28,0,2074,2074,0.012271846303,0.012271846303,76,7.6,26,0
58,2026-09-05T07:30:21.076651+00:00,182182312000000,182182359000000,3.656000000,online_inference,0,0,2089,2089,0.101242732000,0.101242732000,76,7.6,27,0,2641,2641,0.882038953034,0.882038953034,75,7.5,26,0,2606,2607,0.840621471761,0.842155452549,76,7.6,27,0,2721,2723,0.989417608186,0.992485569762,75,7.5,28,1,2074,2074,0.012271846303,0.012271846303,76,7.6,26,0
59,2026-09-05T07:30:21.138863+00:00,182182375000000,182182406000000,3.703000000,online_inference,0,0,2089,2089,0.101242732000,0.101242732000,76,7.6,27,0,2641,2641,0.882038953034,0.882038953034,75,7.5,26,0,2606,2607,0.840621471761,0.842155452549,76,7.6,27,0,2721,2723,0.989417608186,0.992485569762,75,7.5,28,1,2074,2074,0.012271846303,0.012271846303,76,7.6,26,0
60,2026-09-05T07:30:21.193067+00:00,182182421000000,182182468000000,3.765000000,online_inference,0,0,2089,2089,0.101242732000,0.101242732000,76,7.6,27,0,2641,2641,0.882038953034,0.882038953034,75,7.5,26,0,2606,2607,0.840621471761,0.842155452549,76,7.6,27,0,2721,2723,0.989417608186,0.992485569762,75,7.5,28,1,2074,2074,0.012271846303,0.012271846303,75,7.5,26,0
61,2026-09-05T07:30:21.249903+00:00,182182484000000,182182531000000,3.828000000,online_inference,0,0,2089,2089,0.101242732000,0.101242732000,76,7.6,27,0,2641,2641,0.882038953034,0.882038953034,75,7.5,25,0,2606,2607,0.840621471761,0.842155452549,76,7.6,27,0,2721,2723,0.989417608186,0.992485569762,75,7.5,28,1,2074,2074,0.012271846303,0.012271846303,76,7.6,26,1
62,2026-09-05T07:30:21.325537+00:00,182182546000000,182182593000000,3.890000000,online_inference,0,0,2089,2089,0.101242732000,0.101242732000,76,7.6,27,0,2641,2641,0.882038953034,0.882038953034,75,7.5,26,0,2606,2607,0.840621471761,0.842155452549,76,7.6,27,0,2721,2723,0.989417608186,0.992485569762,75,7.5,28,1,2074,2074,0.012271846303,0.012271846303,76,7.6,26,0
63,2026-09-05T07:30:21.380779+00:00,182182609000000,182182656000000,3.953000000,online_inference,0,0,2089,2089,0.101242732000,0.101242732000,76,7.6,27,0,2641,2641,0.882038953034,0.882038953034,75,7.5,26,0,2606,2607,0.840621471761,0.842155452549,76,7.6,27,0,2721,2723,0.989417608186,0.992485569762,75,7.5,28,0,2074,2074,0.012271846303,0.012271846303,76,7.6,32,0
64,2026-09-05T07:30:21.443307+00:00,182182671000000,182182718000000,4.015000000,online_inference,0,0,2089,2089,0.101242732000,0.101242732000,76,7.6,27,0,2641,2641,0.882038953034,0.882038953034,75,7.5,26,0,2606,2607,0.840621471761,0.842155452549,76,7.6,27,0,2721,2723,0.989417608186,0.992485569762,75,7.5,28,1,2074,2074,0.012271846303,0.012271846303,76,7.6,26,0
65,2026-09-05T07:30:21.494029+00:00,182182734000000,182182765000000,4.062000000,online_inference,0,0,2089,2089,0.101242732000,0.101242732000,76,7.6,27,0,2641,2641,0.882038953034,0.882038953034,75,7.5,26,0,2606,2607,0.840621471761,0.842155452549,76,7.6,27,0,2721,2723,0.989417608186,0.992485569762,75,7.5,28,0,2074,2074,0.012271846303,0.012271846303,75,7.5,27,0
66,2026-09-05T07:30:21.543962+00:00,182182781000000,182182812000000,4.109000000,online_inference,0,0,2089,2089,0.101242732000,0.101242732000,76,7.6,27,0,2641,2641,0.882038953034,0.882038953034,75,7.5,26,0,2606,2607,0.840621471761,0.842155452549,76,7.6,27,0,2721,2723,0.989417608186,0.992485569762,75,7.5,28,0,2074,2074,0.012271846303,0.012271846303,76,7.6,26,0
67,2026-09-05T07:30:21.591516+00:00,182182828000000,182182859000000,4.156000000,online_inference,0,0,2089,2089,0.101242732000,0.101242732000,76,7.6,27,0,2641,2641,0.882038953034,0.882038953034,75,7.5,26,0,2606,2607,0.840621471761,0.842155452549,76,7.6,27,0,2721,2723,0.989417608186,0.992485569762,75,7.5,28,1,2074,2074,0.012271846303,0.012271846303,76,7.6,26,0
68,2026-09-05T07:30:21.642056+00:00,182182875000000,182182921000000,4.218000000,online_inference,0,0,2089,2089,0.101242732000,0.101242732000,76,7.6,27,0,2641,2641,0.882038953034,0.882038953034,75,7.5,26,0,2606,2607,0.840621471761,0.842155452549,76,7.6,27,0,2721,2723,0.989417608186,0.992485569762,75,7.5,28,1,2074,2074,0.012271846303,0.012271846303,76,7.6,26,0
69,2026-09-05T07:30:21.707330+00:00,182182937000000,182182984000000,4.281000000,online_inference,0,0,2089,2089,0.101242732000,0.101242732000,76,7.6,27,0,2641,2641,0.882038953034,0.882038953034,75,7.5,26,0,2606,2607,0.840621471761,0.842155452549,76,7.6,27,0,2721,2723,0.989417608186,0.992485569762,75,7.5,28,0,2074,2074,0.012271846303,0.012271846303,76,7.6,26,0
70,2026-09-05T07:30:21.764879+00:00,182183000000000,182183046000000,4.343000000,online_inference,0,0,2089,2089,0.101242732000,0.101242732000,76,7.6,27,0,2641,2641,0.882038953034,0.882038953034,75,7.5,26,0,2606,2607,0.840621471761,0.842155452549,76,7.6,27,0,2721,2723,0.989417608186,0.992485569762,75,7.5,28,0,2074,2074,0.012271846303,0.012271846303,76,7.6,26,0
71,2026-09-05T07:30:21.826748+00:00,182183062000000,182183109000000,4.406000000,online_inference,0,0,2089,2089,0.101242732000,0.101242732000,76,7.6,27,0,2641,2641,0.882038953034,0.882038953034,75,7.5,26,0,2606,2607,0.840621471761,0.842155452549,76,7.6,27,0,2721,2723,0.989417608186,0.992485569762,75,7.5,28,1,2074,2074,0.012271846303,0.012271846303,76,7.6,26,0
72,2026-09-05T07:30:21.887279+00:00,182183125000000,182183156000000,4.453000000,online_archive,0,0,2089,2089,0.101242732000,0.101242732000,76,7.6,27,0,2641,2641,0.882038953034,0.882038953034,75,7.5,26,0,2606,2607,0.840621471761,0.842155452549,76,7.6,27,0,2721,2723,0.989417608186,0.992485569762,75,7.5,28,0,2074,2074,0.012271846303,0.012271846303,76,7.6,26,0
73,2026-09-05T07:30:21.938376+00:00,182183171000000,182183218000000,4.515000000,online_archive,0,0,2089,2089,0.101242732000,0.101242732000,76,7.6,27,0,2641,2641,0.882038953034,0.882038953034,75,7.5,26,0,2606,2607,0.840621471761,0.842155452549,76,7.6,27,0,2721,2723,0.989417608186,0.992485569762,75,7.5,28,0,2074,2074,0.012271846303,0.012271846303,76,7.6,26,0
74,2026-09-05T07:30:22.026080+00:00,182183250000000,182183296000000,4.593000000,fixed_trajectory,0,0,2089,2089,0.101242732000,0.101242732000,76,7.6,27,0,2641,2641,0.882038953034,0.882038953034,75,7.5,26,0,2606,2607,0.840621471761,0.842155452549,76,7.6,27,0,2721,2723,0.989417608186,0.992485569762,75,7.5,28,0,2074,2074,0.012271846303,0.012271846303,76,7.6,26,0
75,2026-09-05T07:30:22.067729+00:00,182183312000000,182183343000000,4.640000000,fixed_trajectory,0,0,2089,2089,0.101242732000,0.101242732000,76,7.6,27,0,2641,2641,0.882038953034,0.882038953034,75,7.5,26,0,2606,2607,0.840621471761,0.842155452549,76,7.6,27,0,2720,2722,0.987883627398,0.990951588974,75,7.5,28,1,2074,2074,0.012271846303,0.012271846303,76,7.6,26,0
76,2026-09-05T07:30:22.116033+00:00,182183359000000,182183390000000,4.687000000,fixed_trajectory,0,0,2089,2089,0.101242732000,0.101242732000,76,7.6,27,0,2641,2641,0.882038953034,0.882038953034,75,7.5,26,0,2606,2607,0.840621471761,0.842155452549,76,7.6,27,0,2720,2721,0.987883627398,0.989417608186,75,7.5,28,0,2074,2074,0.012271846303,0.012271846303,76,7.6,26,0
77,2026-09-05T07:30:22.163451+00:00,182183406000000,182183437000000,4.734000000,fixed_trajectory,0,0,2089,2089,0.101242732000,0.101242732000,76,7.6,27,0,2641,2642,0.882038953034,0.883572933822,75,7.5,26,0,2606,2607,0.840621471761,0.842155452549,76,7.6,27,0,2720,2720,0.987883627398,0.987883627398,75,7.5,28,0,2074,2074,0.012271846303,0.012271846303,75,7.5,26,0
78,2026-09-05T07:30:22.213614+00:00,182183453000000,182183484000000,4.781000000,fixed_trajectory,0,0,2089,2088,0.101242732000,0.099708751213,76,7.6,27,0,2641,2642,0.882038953034,0.883572933822,75,7.5,26,0,2606,2607,0.840621471761,0.842155452549,76,7.6,27,0,2720,2719,0.987883627398,0.986349646610,75,7.5,28,0,2074,2074,0.012271846303,0.012271846303,76,7.6,26,0
79,2026-09-05T07:30:22.264129+00:00,182183500000000,182183546000000,4.843000000,fixed_trajectory,0,0,2089,2088,0.101242732000,0.099708751213,76,7.6,27,0,2641,2642,0.882038953034,0.883572933822,75,7.5,26,0,2606,2607,0.840621471761,0.842155452549,76,7.6,27,0,2720,2718,0.987883627398,0.984815665823,75,7.5,28,0,2074,2074,0.012271846303,0.012271846303,76,7.6,26,0
80,2026-09-05T07:30:22.351529+00:00,182183578000000,182183625000000,4.922000000,fixed_trajectory,0,0,2089,2088,0.101242732000,0.099708751213,76,7.6,27,0,2641,2642,0.882038953034,0.883572933822,75,7.5,26,0,2606,2607,0.840621471761,0.842155452549,76,7.6,27,0,2720,2717,0.987883627398,0.983281685035,75,7.5,28,0,2074,2073,0.012271846303,0.010737865515,76,7.6,26,0
81,2026-09-05T07:30:22.410353+00:00,182183640000000,182183687000000,4.984000000,fixed_trajectory,0,0,2089,2088,0.101242732000,0.099708751213,76,7.6,27,0,2641,2643,0.882038953034,0.885106914610,75,7.5,26,1,2607,2607,0.842155452549,0.842155452549,76,7.6,27,0,2719,2716,0.986349646610,0.981747704247,75,7.5,28,0,2074,2073,0.012271846303,0.010737865515,76,7.6,26,0
82,2026-09-05T07:30:22.468075+00:00,182183703000000,182183750000000,5.047000000,fixed_trajectory,0,0,2089,2088,0.101242732000,0.099708751213,76,7.6,27,0,2641,2643,0.882038953034,0.885106914610,75,7.5,26,0,2607,2607,0.842155452549,0.842155452549,76,7.6,27,0,2719,2715,0.986349646610,0.980213723459,75,7.5,28,1,2074,2073,0.012271846303,0.010737865515,76,7.6,26,0
83,2026-09-05T07:30:22.524309+00:00,182183765000000,182183796000000,5.093000000,fixed_trajectory,0,0,2089,2088,0.101242732000,0.099708751213,76,7.6,27,0,2641,2643,0.882038953034,0.885106914610,75,7.5,26,1,2607,2607,0.842155452549,0.842155452549,76,7.6,27,0,2719,2714,0.986349646610,0.978679742671,75,7.5,28,1,2074,2073,0.012271846303,0.010737865515,76,7.6,26,0
84,2026-09-05T07:30:22.579949+00:00,182183812000000,182183859000000,5.156000000,fixed_trajectory,0,0,2089,2088,0.101242732000,0.099708751213,76,7.6,27,0,2641,2643,0.882038953034,0.885106914610,75,7.5,26,1,2607,2607,0.842155452549,0.842155452549,76,7.6,27,0,2719,2713,0.986349646610,0.977145761883,75,7.5,28,0,2074,2073,0.012271846303,0.010737865515,76,7.6,26,0
85,2026-09-05T07:30:22.633109+00:00,182183875000000,182183906000000,5.203000000,fixed_trajectory,0,0,2089,2088,0.101242732000,0.099708751213,76,7.6,27,0,2641,2643,0.882038953034,0.885106914610,75,7.5,26,0,2607,2607,0.842155452549,0.842155452549,76,7.6,27,0,2716,2712,0.981747704247,0.975611781095,75,7.5,28,0,2074,2073,0.012271846303,0.010737865515,76,7.6,26,0
86,2026-09-05T07:30:22.686191+00:00,182183921000000,182183968000000,5.265000000,fixed_trajectory,0,0,2089,2087,0.101242732000,0.098174770425,76,7.6,27,1,2641,2644,0.882038953034,0.886640895398,75,7.5,26,0,2608,2607,0.843689433337,0.842155452549,76,7.6,27,1,2714,2711,0.978679742671,0.974077800307,75,7.5,28,0,2074,2073,0.012271846303,0.010737865515,75,7.5,26,0
87,2026-09-05T07:30:22.739327+00:00,182183984000000,182184015000000,5.312000000,fixed_trajectory,0,0,2089,2087,0.101242732000,0.098174770425,76,7.6,27,1,2641,2644,0.882038953034,0.886640895398,75,7.5,26,1,2609,2607,0.845223414125,0.842155452549,76,7.6,27,0,2713,2710,0.977145761883,0.972543819519,75,7.5,28,0,2074,2073,0.012271846303,0.010737865515,75,7.5,26,0
88,2026-09-05T07:30:22.797545+00:00,182184031000000,182184078000000,5.375000000,fixed_trajectory,0,0,2089,2087,0.101242732000,0.098174770425,76,7.6,27,1,2641,2644,0.882038953034,0.886640895398,75,7.5,26,1,2609,2607,0.845223414125,0.842155452549,76,7.6,27,0,2712,2709,0.975611781095,0.971009838732,75,7.5,28,0,2074,2073,0.012271846303,0.010737865515,76,7.6,26,0
89,2026-09-05T07:30:22.851596+00:00,182184093000000,182184125000000,5.422000000,fixed_trajectory,0,0,2089,2087,0.101242732000,0.098174770425,76,7.6,27,1,2641,2644,0.882038953034,0.886640895398,75,7.5,26,1,2609,2607,0.845223414125,0.842155452549,76,7.6,27,1,2711,2708,0.974077800307,0.969475857944,75,7.5,28,1,2074,2073,0.012271846303,0.010737865515,76,7.6,26,0
90,2026-09-05T07:30:22.898057+00:00,182184140000000,182184171000000,5.468000000,fixed_trajectory,0,0,2089,2087,0.101242732000,0.098174770425,76,7.6,27,1,2641,2644,0.882038953034,0.886640895398,75,7.5,26,1,2609,2607,0.845223414125,0.842155452549,76,7.6,27,1,2711,2707,0.974077800307,0.967941877156,75,7.5,28,1,2074,2073,0.012271846303,0.010737865515,75,7.5,26,0
91,2026-09-05T07:30:22.948715+00:00,182184187000000,182184218000000,5.515000000,fixed_trajectory,0,0,2089,2087,0.101242732000,0.098174770425,76,7.6,27,1,2641,2645,0.882038953034,0.888174876186,75,7.5,26,0,2609,2607,0.845223414125,0.842155452549,76,7.6,27,0,2711,2706,0.974077800307,0.966407896368,75,7.5,28,1,2074,2073,0.012271846303,0.010737865515,76,7.6,26,0
92,2026-09-05T07:30:22.997300+00:00,182184234000000,182184265000000,5.562000000,fixed_trajectory,0,0,2089,2087,0.101242732000,0.098174770425,76,7.6,27,0,2641,2645,0.882038953034,0.888174876186,75,7.5,26,1,2609,2607,0.845223414125,0.842155452549,76,7.6,27,0,2711,2705,0.974077800307,0.964873915580,75,7.5,28,1,2074,2072,0.012271846303,0.009203884727,75,7.5,26,0
93,2026-09-05T07:30:23.044424+00:00,182184281000000,182184312000000,5.609000000,fixed_trajectory,0,0,2089,2087,0.101242732000,0.098174770425,76,7.6,27,0,2641,2645,0.882038953034,0.888174876186,75,7.5,26,0,2609,2607,0.845223414125,0.842155452549,76,7.6,27,1,2711,2704,0.974077800307,0.963339934792,75,7.5,28,1,2074,2072,0.012271846303,0.009203884727,75,7.5,26,1
94,2026-09-05T07:30:23.099573+00:00,182184343000000,182184375000000,5.672000000,fixed_trajectory,0,0,2089,2086,0.101242732000,0.096640789637,76,7.6,27,1,2641,2645,0.882038953034,0.888174876186,75,7.5,26,1,2609,2607,0.845223414125,0.842155452549,76,7.6,27,1,2711,2703,0.974077800307,0.961805954004,75,7.5,28,0,2074,2072,0.012271846303,0.009203884727,75,7.5,26,1
95,2026-09-05T07:30:23.147571+00:00,182184390000000,182184421000000,5.718000000,fixed_trajectory,0,0,2089,2086,0.101242732000,0.096640789637,76,7.6,27,1,2641,2646,0.882038953034,0.889708856974,75,7.5,26,1,2609,2607,0.845223414125,0.842155452549,76,7.6,27,1,2708,2702,0.969475857944,0.960271973216,75,7.5,28,0,2074,2072,0.012271846303,0.009203884727,76,7.6,26,0
96,2026-09-05T07:30:23.197545+00:00,182184437000000,182184468000000,5.765000000,fixed_trajectory,0,0,2089,2086,0.101242732000,0.096640789637,76,7.6,27,1,2641,2646,0.882038953034,0.889708856974,75,7.5,26,1,2610,2607,0.846757394913,0.842155452549,76,7.6,27,1,2706,2701,0.966407896368,0.958737992429,75,7.5,28,1,2074,2072,0.012271846303,0.009203884727,75,7.5,26,1
97,2026-09-05T07:30:23.248479+00:00,182184484000000,182184531000000,5.828000000,online_observation,0,0,2089,2086,0.101242732000,0.096640789637,76,7.6,27,1,2641,2646,0.882038953034,0.889708856974,75,7.5,26,1,2610,2607,0.846757394913,0.842155452549,76,7.6,27,1,2706,2700,0.966407896368,0.957204011641,75,7.5,28,0,2074,2072,0.012271846303,0.009203884727,76,7.6,26,0
98,2026-09-05T07:30:23.296783+00:00,182184546000000,182184578000000,5.875000000,online_observation,0,0,2089,2086,0.101242732000,0.096640789637,76,7.6,27,0,2640,2646,0.880504972246,0.889708856974,75,7.5,26,1,2610,2607,0.846757394913,0.842155452549,76,7.6,27,1,2704,2700,0.963339934792,0.957204011641,75,7.5,28,1,2074,2072,0.012271846303,0.009203884727,75,7.5,26,0
99,2026-09-05T07:30:23.371429+00:00,182184609000000,182184640000000,5.937000000,online_observation,0,0,2089,2086,0.101242732000,0.096640789637,76,7.6,27,1,2640,2646,0.880504972246,0.889708856974,75,7.5,26,1,2610,2607,0.846757394913,0.842155452549,76,7.6,27,1,2704,2700,0.963339934792,0.957204011641,75,7.5,28,1,2074,2072,0.012271846303,0.009203884727,75,7.5,26,1
100,2026-09-05T07:30:23.404644+00:00,182184656000000,182184671000000,5.968000000,online_observation,0,0,2089,2086,0.101242732000,0.096640789637,76,7.6,27,1,2640,2646,0.880504972246,0.889708856974,75,7.5,26,1,2611,2607,0.848291375701,0.842155452549,76,7.6,27,1,2704,2700,0.963339934792,0.957204011641,75,7.5,28,1,2074,2072,0.012271846303,0.009203884727,75,7.5,26,1
101,2026-09-05T07:30:23.460321+00:00,182184703000000,182184734000000,6.031000000,online_observation,0,0,2089,2086,0.101242732000,0.096640789637,76,7.6,27,1,2640,2646,0.880504972246,0.889708856974,75,7.5,26,1,2611,2607,0.848291375701,0.842155452549,76,7.6,27,1,2704,2700,0.963339934792,0.957204011641,75,7.5,28,1,2074,2072,0.012271846303,0.009203884727,75,7.5,26,1
102,2026-09-05T07:30:23.514647+00:00,182184750000000,182184796000000,6.093000000,online_observation,0,0,2089,2086,0.101242732000,0.096640789637,76,7.6,27,2,2640,2646,0.880504972246,0.889708856974,75,7.5,26,1,2611,2607,0.848291375701,0.842155452549,76,7.6,27,1,2704,2700,0.963339934792,0.957204011641,75,7.5,28,1,2074,2072,0.012271846303,0.009203884727,75,7.5,26,1
103,2026-09-05T07:30:23.570785+00:00,182184812000000,182184843000000,6.140000000,online_observation,0,0,2089,2086,0.101242732000,0.096640789637,76,7.6,27,1,2640,2646,0.880504972246,0.889708856974,75,7.5,26,1,2611,2607,0.848291375701,0.842155452549,76,7.6,27,1,2704,2700,0.963339934792,0.957204011641,75,7.5,28,1,2074,2072,0.012271846303,0.009203884727,75,7.5,26,1
104,2026-09-05T07:30:23.633171+00:00,182184859000000,182184906000000,6.203000000,online_inference,1,0,2089,2086,0.101242732000,0.096640789637,76,7.6,27,0,2640,2646,0.880504972246,0.889708856974,75,7.5,26,0,2611,2607,0.848291375701,0.842155452549,76,7.6,27,0,2704,2700,0.963339934792,0.957204011641,75,7.5,28,0,2074,2072,0.012271846303,0.009203884727,75,7.5,26,0
105,2026-09-05T07:30:23.687740+00:00,182184921000000,182184968000000,6.265000000,online_inference,1,0,2089,2086,0.101242732000,0.096640789637,76,7.6,27,1,2640,2646,0.880504972246,0.889708856974,75,7.5,26,1,2611,2607,0.848291375701,0.842155452549,76,7.6,27,0,2704,2700,0.963339934792,0.957204011641,75,7.5,28,1,2074,2072,0.012271846303,0.009203884727,76,7.6,26,0
106,2026-09-05T07:30:23.750429+00:00,182184984000000,182185031000000,6.328000000,online_inference,1,0,2089,2086,0.101242732000,0.096640789637,76,7.6,27,1,2640,2646,0.880504972246,0.889708856974,75,7.5,26,0,2611,2607,0.848291375701,0.842155452549,76,7.6,27,0,2704,2700,0.963339934792,0.957204011641,75,7.5,28,1,2074,2072,0.012271846303,0.009203884727,76,7.6,26,0
107,2026-09-05T07:30:23.829709+00:00,182185046000000,182185109000000,6.406000000,online_inference,1,0,2089,2086,0.101242732000,0.096640789637,76,7.6,27,0,2640,2646,0.880504972246,0.889708856974,75,7.5,26,1,2611,2607,0.848291375701,0.842155452549,76,7.6,27,0,2704,2700,0.963339934792,0.957204011641,75,7.5,28,1,2074,2072,0.012271846303,0.009203884727,75,7.5,26,1
108,2026-09-05T07:30:23.911423+00:00,182185125000000,182185187000000,6.484000000,online_inference,1,0,2089,2086,0.101242732000,0.096640789637,76,7.6,27,1,2640,2646,0.880504972246,0.889708856974,75,7.5,26,1,2611,2607,0.848291375701,0.842155452549,76,7.6,27,0,2704,2700,0.963339934792,0.957204011641,75,7.5,28,0,2074,2072,0.012271846303,0.009203884727,75,7.5,26,1
109,2026-09-05T07:30:23.972229+00:00,182185203000000,182185250000000,6.547000000,online_inference,1,0,2089,2086,0.101242732000,0.096640789637,76,7.6,27,1,2640,2646,0.880504972246,0.889708856974,75,7.5,26,1,2611,2607,0.848291375701,0.842155452549,76,7.6,27,1,2704,2700,0.963339934792,0.957204011641,75,7.5,28,1,2074,2072,0.012271846303,0.009203884727,75,7.5,26,0
110,2026-09-05T07:30:24.035111+00:00,182185265000000,182185312000000,6.609000000,online_inference,1,0,2089,2086,0.101242732000,0.096640789637,76,7.6,27,1,2640,2646,0.880504972246,0.889708856974,75,7.5,26,2,2611,2607,0.848291375701,0.842155452549,76,7.6,27,1,2704,2700,0.963339934792,0.957204011641,75,7.5,28,1,2074,2072,0.012271846303,0.009203884727,75,7.5,26,1
111,2026-09-05T07:30:24.090443+00:00,182185328000000,182185359000000,6.656000000,online_inference,1,0,2089,2086,0.101242732000,0.096640789637,76,7.6,27,0,2640,2646,0.880504972246,0.889708856974,75,7.5,26,1,2611,2607,0.848291375701,0.842155452549,76,7.6,27,1,2704,2700,0.963339934792,0.957204011641,75,7.5,28,1,2074,2072,0.012271846303,0.009203884727,76,7.6,26,0
112,2026-09-05T07:30:24.147709+00:00,182185375000000,182185421000000,6.718000000,online_inference,1,0,2089,2086,0.101242732000,0.096640789637,76,7.6,27,0,2640,2646,0.880504972246,0.889708856974,75,7.5,26,1,2611,2607,0.848291375701,0.842155452549,76,7.6,27,1,2704,2700,0.963339934792,0.957204011641,75,7.5,28,1,2074,2072,0.012271846303,0.009203884727,75,7.5,26,1
113,2026-09-05T07:30:24.207151+00:00,182185437000000,182185484000000,6.781000000,online_inference,1,0,2089,2086,0.101242732000,0.096640789637,76,7.6,27,0,2640,2646,0.880504972246,0.889708856974,75,7.5,26,0,2611,2607,0.848291375701,0.842155452549,76,7.6,27,0,2704,2700,0.963339934792,0.957204011641,75,7.5,28,1,2074,2072,0.012271846303,0.009203884727,75,7.5,26,1
114,2026-09-05T07:30:24.263944+00:00,182185500000000,182185531000000,6.828000000,online_inference,1,0,2089,2086,0.101242732000,0.096640789637,76,7.6,27,1,2640,2646,0.880504972246,0.889708856974,75,7.5,26,1,2611,2607,0.848291375701,0.842155452549,76,7.6,27,1,2704,2700,0.963339934792,0.957204011641,75,7.5,28,0,2074,2072,0.012271846303,0.009203884727,75,7.5,26,0
115,2026-09-05T07:30:24.315981+00:00,182185546000000,182185593000000,6.890000000,online_inference,1,0,2089,2086,0.101242732000,0.096640789637,76,7.6,27,1,2640,2646,0.880504972246,0.889708856974,75,7.5,26,0,2611,2607,0.848291375701,0.842155452549,76,7.6,27,0,2704,2700,0.963339934792,0.957204011641,75,7.5,28,1,2074,2072,0.012271846303,0.009203884727,75,7.5,26,1
116,2026-09-05T07:30:24.382148+00:00,182185609000000,182185656000000,6.953000000,online_inference,1,0,2089,2086,0.101242732000,0.096640789637,76,7.6,27,1,2640,2646,0.880504972246,0.889708856974,75,7.5,26,1,2611,2607,0.848291375701,0.842155452549,76,7.6,27,0,2704,2700,0.963339934792,0.957204011641,75,7.5,28,0,2074,2072,0.012271846303,0.009203884727,76,7.6,26,1
117,2026-09-05T07:30:24.444739+00:00,182185671000000,182185718000000,7.015000000,online_inference,1,0,2089,2086,0.101242732000,0.096640789637,76,7.6,27,1,2640,2646,0.880504972246,0.889708856974,75,7.5,26,1,2611,2607,0.848291375701,0.842155452549,76,7.6,27,1,2704,2700,0.963339934792,0.957204011641,75,7.5,28,1,2074,2072,0.012271846303,0.009203884727,75,7.5,26,0
118,2026-09-05T07:30:24.495151+00:00,182185734000000,182185765000000,7.062000000,online_inference,1,0,2089,2086,0.101242732000,0.096640789637,76,7.6,27,0,2640,2646,0.880504972246,0.889708856974,75,7.5,26,1,2611,2607,0.848291375701,0.842155452549,76,7.6,27,0,2704,2700,0.963339934792,0.957204011641,75,7.5,28,1,2074,2072,0.012271846303,0.009203884727,75,7.5,26,0
119,2026-09-05T07:30:24.547022+00:00,182185781000000,182185828000000,7.125000000,online_inference,1,0,2089,2086,0.101242732000,0.096640789637,76,7.6,27,0,2640,2646,0.880504972246,0.889708856974,75,7.5,26,0,2611,2607,0.848291375701,0.842155452549,76,7.6,27,1,2704,2700,0.963339934792,0.957204011641,75,7.5,28,1,2074,2072,0.012271846303,0.009203884727,75,7.5,26,0
120,2026-09-05T07:30:24.610157+00:00,182185843000000,182185890000000,7.187000000,online_inference,1,0,2089,2086,0.101242732000,0.096640789637,76,7.6,27,1,2640,2646,0.880504972246,0.889708856974,75,7.5,26,1,2611,2607,0.848291375701,0.842155452549,76,7.6,27,1,2704,2700,0.963339934792,0.957204011641,75,7.5,28,1,2074,2072,0.012271846303,0.009203884727,75,7.5,26,1
121,2026-09-05T07:30:24.683044+00:00,182185906000000,182185953000000,7.250000000,online_inference,1,0,2089,2086,0.101242732000,0.096640789637,76,7.6,27,1,2640,2646,0.880504972246,0.889708856974,75,7.5,26,1,2611,2607,0.848291375701,0.842155452549,76,7.6,27,1,2704,2700,0.963339934792,0.957204011641,75,7.5,28,1,2074,2072,0.012271846303,0.009203884727,75,7.5,26,0
122,2026-09-05T07:30:24.737752+00:00,182185968000000,182186015000000,7.312000000,online_inference,1,0,2089,2086,0.101242732000,0.096640789637,76,7.6,27,1,2640,2646,0.880504972246,0.889708856974,75,7.5,26,1,2611,2607,0.848291375701,0.842155452549,76,7.6,27,0,2704,2700,0.963339934792,0.957204011641,75,7.5,28,1,2074,2072,0.012271846303,0.009203884727,75,7.5,26,1
123,2026-09-05T07:30:24.792239+00:00,182186031000000,182186062000000,7.359000000,online_inference,1,0,2089,2086,0.101242732000,0.096640789637,76,7.6,27,1,2640,2646,0.880504972246,0.889708856974,75,7.5,26,1,2611,2607,0.848291375701,0.842155452549,76,7.6,27,1,2704,2700,0.963339934792,0.957204011641,75,7.5,28,1,2074,2072,0.012271846303,0.009203884727,75,7.5,29,0
124,2026-09-05T07:30:24.851540+00:00,182186078000000,182186125000000,7.422000000,online_inference,1,0,2089,2086,0.101242732000,0.096640789637,76,7.6,27,1,2640,2646,0.880504972246,0.889708856974,75,7.5,26,1,2611,2607,0.848291375701,0.842155452549,76,7.6,27,1,2704,2700,0.963339934792,0.957204011641,75,7.5,28,0,2074,2072,0.012271846303,0.009203884727,75,7.5,26,1
125,2026-09-05T07:30:24.913314+00:00,182186140000000,182186187000000,7.484000000,online_inference,1,0,2089,2086,0.101242732000,0.096640789637,76,7.6,27,1,2640,2646,0.880504972246,0.889708856974,75,7.5,26,1,2611,2607,0.848291375701,0.842155452549,76,7.6,27,1,2704,2700,0.963339934792,0.957204011641,75,7.5,28,1,2074,2072,0.012271846303,0.009203884727,75,7.5,26,1
126,2026-09-05T07:30:24.982732+00:00,182186218000000,182186250000000,7.547000000,online_inference,1,0,2089,2086,0.101242732000,0.096640789637,76,7.6,27,1,2640,2646,0.880504972246,0.889708856974,75,7.5,26,1,2611,2607,0.848291375701,0.842155452549,76,7.6,27,1,2704,2700,0.963339934792,0.957204011641,75,7.5,28,0,2074,2072,0.012271846303,0.009203884727,75,7.5,26,0
127,2026-09-05T07:30:25.038949+00:00,182186265000000,182186312000000,7.609000000,online_inference,1,0,2089,2086,0.101242732000,0.096640789637,76,7.6,27,1,2640,2646,0.880504972246,0.889708856974,75,7.5,26,1,2611,2607,0.848291375701,0.842155452549,76,7.6,27,0,2704,2700,0.963339934792,0.957204011641,75,7.5,28,1,2074,2072,0.012271846303,0.009203884727,75,7.5,26,0
128,2026-09-05T07:30:25.087215+00:00,182186328000000,182186359000000,7.656000000,online_inference,1,0,2089,2086,0.101242732000,0.096640789637,76,7.6,27,0,2640,2646,0.880504972246,0.889708856974,75,7.5,26,1,2611,2607,0.848291375701,0.842155452549,76,7.6,27,0,2704,2700,0.963339934792,0.957204011641,75,7.5,28,1,2074,2072,0.012271846303,0.009203884727,75,7.5,26,1
129,2026-09-05T07:30:25.147063+00:00,182186375000000,182186421000000,7.718000000,online_inference,1,0,2089,2086,0.101242732000,0.096640789637,76,7.6,27,1,2640,2646,0.880504972246,0.889708856974,75,7.5,26,1,2611,2607,0.848291375701,0.842155452549,76,7.6,27,0,2704,2700,0.963339934792,0.957204011641,75,7.5,28,0,2074,2072,0.012271846303,0.009203884727,75,7.5,26,0
130,2026-09-05T07:30:25.203338+00:00,182186437000000,182186484000000,7.781000000,online_inference,1,0,2089,2086,0.101242732000,0.096640789637,76,7.6,27,1,2640,2646,0.880504972246,0.889708856974,75,7.5,26,1,2611,2607,0.848291375701,0.842155452549,76,7.6,27,0,2704,2700,0.963339934792,0.957204011641,75,7.5,28,1,2074,2072,0.012271846303,0.009203884727,75,7.5,26,1
131,2026-09-05T07:30:25.266384+00:00,182186500000000,182186546000000,7.843000000,online_inference,1,0,2089,2086,0.101242732000,0.096640789637,76,7.6,27,1,2640,2646,0.880504972246,0.889708856974,75,7.5,26,0,2611,2607,0.848291375701,0.842155452549,76,7.6,27,1,2704,2700,0.963339934792,0.957204011641,75,7.5,28,1,2074,2072,0.012271846303,0.009203884727,75,7.5,26,1
132,2026-09-05T07:30:25.326682+00:00,182186562000000,182186609000000,7.906000000,online_inference,1,0,2089,2086,0.101242732000,0.096640789637,76,7.6,27,1,2640,2646,0.880504972246,0.889708856974,75,7.5,26,1,2611,2607,0.848291375701,0.842155452549,76,7.6,27,1,2704,2700,0.963339934792,0.957204011641,75,7.5,28,0,2074,2072,0.012271846303,0.009203884727,75,7.5,26,0
133,2026-09-05T07:30:25.384830+00:00,182186625000000,182186656000000,7.953000000,online_inference,1,0,2089,2086,0.101242732000,0.096640789637,76,7.6,27,0,2640,2646,0.880504972246,0.889708856974,75,7.5,26,0,2611,2607,0.848291375701,0.842155452549,76,7.6,27,1,2704,2700,0.963339934792,0.957204011641,75,7.5,28,1,2074,2072,0.012271846303,0.009203884727,76,7.6,26,0
134,2026-09-05T07:30:25.434857+00:00,182186671000000,182186703000000,8.000000000,online_inference,1,0,2089,2086,0.101242732000,0.096640789637,76,7.6,27,1,2640,2646,0.880504972246,0.889708856974,75,7.5,26,1,2611,2607,0.848291375701,0.842155452549,76,7.6,27,1,2704,2700,0.963339934792,0.957204011641,75,7.5,28,1,2074,2072,0.012271846303,0.009203884727,75,7.5,26,0
135,2026-09-05T07:30:25.506261+00:00,182186734000000,182186781000000,8.078000000,online_inference,1,0,2089,2086,0.101242732000,0.096640789637,76,7.6,27,1,2640,2646,0.880504972246,0.889708856974,75,7.5,26,1,2611,2607,0.848291375701,0.842155452549,76,7.6,27,1,2704,2700,0.963339934792,0.957204011641,75,7.5,28,1,2074,2072,0.012271846303,0.009203884727,75,7.5,26,1
136,2026-09-05T07:30:25.551247+00:00,182186796000000,182186828000000,8.125000000,online_inference,1,0,2089,2086,0.101242732000,0.096640789637,76,7.6,27,0,2640,2646,0.880504972246,0.889708856974,75,7.5,26,0,2611,2607,0.848291375701,0.842155452549,76,7.6,27,1,2704,2700,0.963339934792,0.957204011641,75,7.5,28,1,2074,2072,0.012271846303,0.009203884727,75,7.5,26,0
137,2026-09-05T07:30:25.612595+00:00,182186843000000,182186890000000,8.187000000,online_inference,1,0,2089,2086,0.101242732000,0.096640789637,76,7.6,27,1,2640,2646,0.880504972246,0.889708856974,75,7.5,26,1,2611,2607,0.848291375701,0.842155452549,76,7.6,27,1,2704,2700,0.963339934792,0.957204011641,75,7.5,28,1,2074,2072,0.012271846303,0.009203884727,75,7.5,26,1
138,2026-09-05T07:30:25.662610+00:00,182186906000000,182186937000000,8.234000000,online_inference,1,0,2089,2086,0.101242732000,0.096640789637,76,7.6,27,1,2640,2646,0.880504972246,0.889708856974,75,7.5,26,1,2611,2607,0.848291375701,0.842155452549,76,7.6,27,1,2704,2700,0.963339934792,0.957204011641,75,7.5,28,1,2074,2072,0.012271846303,0.009203884727,75,7.5,26,1
139,2026-09-05T07:30:25.722768+00:00,182186953000000,182187000000000,8.297000000,online_inference,1,0,2089,2086,0.101242732000,0.096640789637,76,7.6,27,1,2640,2646,0.880504972246,0.889708856974,75,7.5,26,1,2611,2607,0.848291375701,0.842155452549,76,7.6,27,1,2704,2700,0.963339934792,0.957204011641,75,7.5,28,1,2074,2072,0.012271846303,0.009203884727,75,7.5,26,1
140,2026-09-05T07:30:25.779676+00:00,182187015000000,182187062000000,8.359000000,online_inference,1,0,2089,2086,0.101242732000,0.096640789637,76,7.6,27,1,2640,2646,0.880504972246,0.889708856974,75,7.5,26,1,2611,2607,0.848291375701,0.842155452549,76,7.6,27,0,2704,2700,0.963339934792,0.957204011641,75,7.5,28,1,2074,2072,0.012271846303,0.009203884727,75,7.5,26,0
141,2026-09-05T07:30:25.842428+00:00,182187078000000,182187125000000,8.422000000,online_inference,1,0,2089,2086,0.101242732000,0.096640789637,76,7.6,27,0,2640,2646,0.880504972246,0.889708856974,75,7.5,26,1,2611,2607,0.848291375701,0.842155452549,76,7.6,27,1,2704,2700,0.963339934792,0.957204011641,75,7.5,28,1,2074,2072,0.012271846303,0.009203884727,76,7.6,26,1
142,2026-09-05T07:30:25.908563+00:00,182187140000000,182187187000000,8.484000000,online_inference,1,0,2089,2086,0.101242732000,0.096640789637,76,7.6,27,0,2640,2646,0.880504972246,0.889708856974,75,7.5,26,1,2611,2607,0.848291375701,0.842155452549,76,7.6,27,1,2704,2700,0.963339934792,0.957204011641,75,7.5,28,0,2074,2072,0.012271846303,0.009203884727,76,7.6,26,1
143,2026-09-05T07:30:25.977914+00:00,182187203000000,182187250000000,8.547000000,online_inference,1,0,2089,2086,0.101242732000,0.096640789637,76,7.6,27,1,2640,2646,0.880504972246,0.889708856974,75,7.5,26,1,2611,2607,0.848291375701,0.842155452549,76,7.6,27,1,2704,2700,0.963339934792,0.957204011641,75,7.5,28,1,2074,2072,0.012271846303,0.009203884727,75,7.5,26,1
144,2026-09-05T07:30:26.042237+00:00,182187265000000,182187312000000,8.609000000,online_inference,1,0,2089,2086,0.101242732000,0.096640789637,76,7.6,27,1,2640,2646,0.880504972246,0.889708856974,75,7.5,26,1,2611,2607,0.848291375701,0.842155452549,76,7.6,27,1,2704,2700,0.963339934792,0.957204011641,75,7.5,28,1,2074,2072,0.012271846303,0.009203884727,75,7.5,26,0
145,2026-09-05T07:30:26.096987+00:00,182187328000000,182187375000000,8.672000000,online_inference,1,0,2089,2086,0.101242732000,0.096640789637,76,7.6,27,1,2640,2646,0.880504972246,0.889708856974,75,7.5,26,1,2611,2607,0.848291375701,0.842155452549,76,7.6,27,1,2704,2700,0.963339934792,0.957204011641,75,7.5,28,0,2074,2072,0.012271846303,0.009203884727,75,7.5,26,1
146,2026-09-05T07:30:26.167339+00:00,182187390000000,182187437000000,8.734000000,online_inference,1,0,2089,2086,0.101242732000,0.096640789637,76,7.6,27,0,2640,2646,0.880504972246,0.889708856974,75,7.5,26,1,2611,2607,0.848291375701,0.842155452549,76,7.6,27,1,2704,2700,0.963339934792,0.957204011641,75,7.5,32,1,2074,2072,0.012271846303,0.009203884727,75,7.5,26,0
147,2026-09-05T07:30:26.215615+00:00,182187453000000,182187484000000,8.781000000,online_inference,1,0,2089,2086,0.101242732000,0.096640789637,76,7.6,27,1,2640,2646,0.880504972246,0.889708856974,75,7.5,26,1,2611,2607,0.848291375701,0.842155452549,76,7.6,27,1,2704,2700,0.963339934792,0.957204011641,75,7.5,28,1,2074,2072,0.012271846303,0.009203884727,75,7.5,26,1
148,2026-09-05T07:30:26.281631+00:00,182187500000000,182187562000000,8.859000000,online_inference,1,0,2089,2086,0.101242732000,0.096640789637,76,7.6,27,1,2640,2646,0.880504972246,0.889708856974,75,7.5,26,1,2611,2607,0.848291375701,0.842155452549,76,7.6,27,1,2704,2700,0.963339934792,0.957204011641,75,7.5,28,1,2074,2072,0.012271846303,0.009203884727,75,7.5,26,0
149,2026-09-05T07:30:26.351052+00:00,182187578000000,182187625000000,8.922000000,online_inference,1,0,2089,2086,0.101242732000,0.096640789637,76,7.6,27,1,2640,2646,0.880504972246,0.889708856974,75,7.5,26,1,2611,2607,0.848291375701,0.842155452549,76,7.6,27,1,2704,2700,0.963339934792,0.957204011641,75,7.5,28,1,2074,2072,0.012271846303,0.009203884727,75,7.5,26,1
150,2026-09-05T07:30:26.410053+00:00,182187640000000,182187687000000,8.984000000,online_inference,1,0,2089,2086,0.101242732000,0.096640789637,76,7.6,27,1,2640,2646,0.880504972246,0.889708856974,75,7.5,26,1,2611,2607,0.848291375701,0.842155452549,76,7.6,27,0,2704,2700,0.963339934792,0.957204011641,75,7.5,28,1,2074,2072,0.012271846303,0.009203884727,76,7.6,26,0
151,2026-09-05T07:30:26.476863+00:00,182187703000000,182187750000000,9.047000000,online_inference,1,0,2089,2086,0.101242732000,0.096640789637,76,7.6,27,1,2640,2646,0.880504972246,0.889708856974,75,7.5,26,1,2611,2607,0.848291375701,0.842155452549,76,7.6,27,0,2704,2700,0.963339934792,0.957204011641,75,7.5,28,1,2074,2072,0.012271846303,0.009203884727,76,7.6,26,1
152,2026-09-05T07:30:26.555117+00:00,182187781000000,182187828000000,9.125000000,online_inference,1,0,2089,2086,0.101242732000,0.096640789637,76,7.6,27,0,2640,2646,0.880504972246,0.889708856974,75,7.5,26,1,2611,2607,0.848291375701,0.842155452549,76,7.6,27,0,2704,2700,0.963339934792,0.957204011641,75,7.5,28,0,2074,2072,0.012271846303,0.009203884727,75,7.5,26,1
153,2026-09-05T07:30:26.710739+00:00,182187843000000,182187984000000,9.281000000,online_inference,1,0,2089,2086,0.101242732000,0.096640789637,76,7.6,27,1,2640,2646,0.880504972246,0.889708856974,75,7.5,26,1,2611,2607,0.848291375701,0.842155452549,76,7.6,27,1,2704,2700,0.963339934792,0.957204011641,75,7.5,28,0,2074,2072,0.012271846303,0.009203884727,76,7.6,26,0
154,2026-09-05T07:30:26.767780+00:00,182188000000000,182188046000000,9.343000000,online_inference,1,0,2089,2086,0.101242732000,0.096640789637,76,7.6,27,1,2640,2646,0.880504972246,0.889708856974,75,7.5,26,1,2611,2607,0.848291375701,0.842155452549,76,7.6,27,1,2704,2700,0.963339934792,0.957204011641,75,7.5,28,1,2074,2072,0.012271846303,0.009203884727,76,7.6,26,1
155,2026-09-05T07:30:26.838834+00:00,182188062000000,182188109000000,9.406000000,online_inference,1,0,2089,2086,0.101242732000,0.096640789637,76,7.6,27,1,2640,2646,0.880504972246,0.889708856974,75,7.5,26,0,2611,2607,0.848291375701,0.842155452549,76,7.6,27,1,2704,2700,0.963339934792,0.957204011641,75,7.5,28,1,2074,2072,0.012271846303,0.009203884727,75,7.5,26,0
156,2026-09-05T07:30:26.897113+00:00,182188125000000,182188171000000,9.468000000,online_inference,1,0,2089,2086,0.101242732000,0.096640789637,76,7.6,27,0,2640,2646,0.880504972246,0.889708856974,75,7.5,26,1,2611,2607,0.848291375701,0.842155452549,76,7.6,27,1,2704,2700,0.963339934792,0.957204011641,75,7.5,28,0,2074,2072,0.012271846303,0.009203884727,76,7.6,26,1
157,2026-09-05T07:30:26.962678+00:00,182188187000000,182188234000000,9.531000000,online_inference,1,0,2089,2086,0.101242732000,0.096640789637,76,7.6,27,0,2640,2646,0.880504972246,0.889708856974,75,7.5,26,1,2611,2607,0.848291375701,0.842155452549,76,7.6,27,1,2704,2700,0.963339934792,0.957204011641,75,7.5,28,1,2074,2072,0.012271846303,0.009203884727,75,7.5,26,1
158,2026-09-05T07:30:27.020578+00:00,182188250000000,182188296000000,9.593000000,online_inference,1,0,2089,2086,0.101242732000,0.096640789637,76,7.6,27,1,2640,2646,0.880504972246,0.889708856974,75,7.5,26,0,2611,2607,0.848291375701,0.842155452549,76,7.6,27,1,2704,2700,0.963339934792,0.957204011641,75,7.5,28,1,2074,2072,0.012271846303,0.009203884727,75,7.5,26,0
159,2026-09-05T07:30:27.084936+00:00,182188312000000,182188359000000,9.656000000,online_inference,1,0,2089,2086,0.101242732000,0.096640789637,76,7.6,27,1,2640,2646,0.880504972246,0.889708856974,75,7.5,26,1,2611,2607,0.848291375701,0.842155452549,76,7.6,27,1,2704,2700,0.963339934792,0.957204011641,75,7.5,28,1,2074,2072,0.012271846303,0.009203884727,75,7.5,26,1
160,2026-09-05T07:30:27.137652+00:00,182188375000000,182188406000000,9.703000000,online_inference,1,0,2089,2086,0.101242732000,0.096640789637,76,7.6,27,1,2640,2646,0.880504972246,0.889708856974,75,7.5,26,1,2611,2607,0.848291375701,0.842155452549,76,7.6,27,1,2704,2700,0.963339934792,0.957204011641,75,7.5,28,1,2074,2072,0.012271846303,0.009203884727,76,7.6,26,0
161,2026-09-05T07:30:27.195676+00:00,182188421000000,182188468000000,9.765000000,online_inference,1,0,2089,2086,0.101242732000,0.096640789637,76,7.6,27,0,2640,2646,0.880504972246,0.889708856974,75,7.5,26,1,2611,2607,0.848291375701,0.842155452549,76,7.6,27,1,2704,2700,0.963339934792,0.957204011641,75,7.5,28,1,2074,2072,0.012271846303,0.009203884727,75,7.5,26,1
162,2026-09-05T07:30:27.239852+00:00,182188484000000,182188515000000,9.812000000,online_inference,1,0,2089,2086,0.101242732000,0.096640789637,76,7.6,27,1,2640,2646,0.880504972246,0.889708856974,75,7.5,26,1,2611,2607,0.848291375701,0.842155452549,76,7.6,27,1,2704,2700,0.963339934792,0.957204011641,75,7.5,28,1,2074,2072,0.012271846303,0.009203884727,75,7.5,26,0
163,2026-09-05T07:30:27.304104+00:00,182188531000000,182188578000000,9.875000000,online_inference,1,0,2089,2086,0.101242732000,0.096640789637,76,7.6,27,1,2640,2646,0.880504972246,0.889708856974,75,7.5,26,1,2611,2607,0.848291375701,0.842155452549,76,7.6,27,1,2704,2700,0.963339934792,0.957204011641,75,7.5,28,1,2074,2072,0.012271846303,0.009203884727,76,7.6,26,1
164,2026-09-05T07:30:27.357883+00:00,182188593000000,182188640000000,9.937000000,online_inference,1,0,2089,2086,0.101242732000,0.096640789637,76,7.6,27,1,2640,2646,0.880504972246,0.889708856974,75,7.5,26,1,2611,2607,0.848291375701,0.842155452549,76,7.6,27,1,2704,2700,0.963339934792,0.957204011641,75,7.5,28,1,2074,2072,0.012271846303,0.009203884727,75,7.5,26,1
165,2026-09-05T07:30:27.415373+00:00,182188656000000,182188687000000,9.984000000,online_inference,1,0,2089,2086,0.101242732000,0.096640789637,76,7.6,27,0,2640,2646,0.880504972246,0.889708856974,75,7.5,26,1,2611,2607,0.848291375701,0.842155452549,76,7.6,27,1,2704,2700,0.963339934792,0.957204011641,75,7.5,28,1,2074,2072,0.012271846303,0.009203884727,75,7.5,26,1
166,2026-09-05T07:30:27.463062+00:00,182188703000000,182188734000000,10.031000000,online_inference,1,0,2089,2086,0.101242732000,0.096640789637,76,7.6,27,1,2640,2646,0.880504972246,0.889708856974,75,7.5,26,1,2611,2607,0.848291375701,0.842155452549,76,7.6,27,1,2704,2700,0.963339934792,0.957204011641,75,7.5,28,1,2074,2072,0.012271846303,0.009203884727,76,7.6,26,1
167,2026-09-05T07:30:27.517680+00:00,182188750000000,182188796000000,10.093000000,online_archive,1,0,2089,2086,0.101242732000,0.096640789637,76,7.6,27,0,2640,2646,0.880504972246,0.889708856974,75,7.5,26,1,2611,2607,0.848291375701,0.842155452549,76,7.6,27,1,2704,2700,0.963339934792,0.957204011641,75,7.5,28,1,2074,2072,0.012271846303,0.009203884727,75,7.5,26,0
168,2026-09-05T07:30:27.587713+00:00,182188828000000,182188859000000,10.156000000,online_archive,1,0,2089,2086,0.101242732000,0.096640789637,76,7.6,27,1,2640,2646,0.880504972246,0.889708856974,75,7.5,26,1,2611,2607,0.848291375701,0.842155452549,76,7.6,27,1,2704,2700,0.963339934792,0.957204011641,75,7.5,28,1,2074,2072,0.012271846303,0.009203884727,75,7.5,26,1
169,2026-09-05T07:30:27.674136+00:00,182188906000000,182188953000000,10.250000000,fixed_trajectory,1,0,2089,2086,0.101242732000,0.096640789637,76,7.6,27,1,2640,2646,0.880504972246,0.889708856974,75,7.5,26,1,2611,2607,0.848291375701,0.842155452549,76,7.6,27,1,2704,2700,0.963339934792,0.957204011641,75,7.5,28,1,2074,2072,0.012271846303,0.009203884727,75,7.5,26,0
170,2026-09-05T07:30:27.724592+00:00,182188968000000,182189000000000,10.297000000,fixed_trajectory,1,0,2089,2086,0.101242732000,0.096640789637,76,7.6,27,1,2640,2646,0.880504972246,0.889708856974,75,7.5,26,1,2611,2607,0.848291375701,0.842155452549,76,7.6,27,1,2704,2699,0.963339934792,0.955670030853,75,7.5,28,1,2074,2072,0.012271846303,0.009203884727,76,7.6,26,1
171,2026-09-05T07:30:27.774659+00:00,182189015000000,182189046000000,10.343000000,fixed_trajectory,1,0,2089,2086,0.101242732000,0.096640789637,76,7.6,27,1,2640,2646,0.880504972246,0.889708856974,75,7.5,26,1,2611,2607,0.848291375701,0.842155452549,76,7.6,27,0,2704,2698,0.963339934792,0.954136050065,75,7.5,28,0,2074,2072,0.012271846303,0.009203884727,75,7.5,26,0
172,2026-09-05T07:30:27.822734+00:00,182189062000000,182189093000000,10.390000000,fixed_trajectory,1,0,2089,2086,0.101242732000,0.096640789637,76,7.6,27,1,2640,2646,0.880504972246,0.889708856974,75,7.5,26,1,2611,2607,0.848291375701,0.842155452549,76,7.6,27,0,2704,2697,0.963339934792,0.952602069277,75,7.5,28,1,2074,2072,0.012271846303,0.009203884727,76,7.6,26,1
173,2026-09-05T07:30:27.872792+00:00,182189109000000,182189140000000,10.437000000,fixed_trajectory,1,0,2089,2086,0.101242732000,0.096640789637,76,7.6,27,1,2640,2646,0.880504972246,0.889708856974,75,7.5,26,1,2611,2607,0.848291375701,0.842155452549,76,7.6,27,1,2704,2696,0.963339934792,0.951068088489,75,7.5,28,1,2074,2072,0.012271846303,0.009203884727,76,7.6,26,1
174,2026-09-05T07:30:27.918170+00:00,182189156000000,182189187000000,10.484000000,fixed_trajectory,1,0,2089,2086,0.101242732000,0.096640789637,76,7.6,27,0,2640,2646,0.880504972246,0.889708856974,75,7.5,26,1,2611,2607,0.848291375701,0.842155452549,76,7.6,27,0,2704,2695,0.963339934792,0.949534107701,75,7.5,28,1,2074,2072,0.012271846303,0.009203884727,75,7.5,26,1
175,2026-09-05T07:30:27.974829+00:00,182189218000000,182189250000000,10.547000000,fixed_trajectory,1,0,2089,2086,0.101242732000,0.096640789637,76,7.6,27,1,2640,2646,0.880504972246,0.889708856974,75,7.5,26,1,2611,2607,0.848291375701,0.842155452549,76,7.6,27,0,2704,2694,0.963339934792,0.948000126913,75,7.5,28,1,2074,2072,0.012271846303,0.009203884727,75,7.5,26,1
176,2026-09-05T07:30:28.023452+00:00,182189265000000,182189296000000,10.593000000,fixed_trajectory,1,0,2089,2086,0.101242732000,0.096640789637,76,7.6,27,1,2640,2646,0.880504972246,0.889708856974,75,7.5,26,1,2611,2607,0.848291375701,0.842155452549,76,7.6,27,1,2704,2693,0.963339934792,0.946466146125,75,7.5,28,1,2074,2072,0.012271846303,0.009203884727,75,7.5,26,0
177,2026-09-05T07:30:28.071075+00:00,182189312000000,182189343000000,10.640000000,fixed_trajectory,1,0,2089,2086,0.101242732000,0.096640789637,76,7.6,27,1,2640,2646,0.880504972246,0.889708856974,75,7.5,26,1,2611,2607,0.848291375701,0.842155452549,76,7.6,27,0,2701,2692,0.958737992429,0.944932165338,75,7.5,28,1,2074,2072,0.012271846303,0.009203884727,75,7.5,26,0
178,2026-09-05T07:30:28.122504+00:00,182189359000000,182189390000000,10.687000000,fixed_trajectory,1,0,2089,2086,0.101242732000,0.096640789637,76,7.6,27,1,2639,2646,0.878970991458,0.889708856974,75,7.5,26,2,2612,2607,0.849825356489,0.842155452549,76,7.6,27,1,2699,2691,0.955670030853,0.943398184550,75,7.5,28,1,2074,2072,0.012271846303,0.009203884727,75,7.5,26,0
179,2026-09-05T07:30:28.168875+00:00,182189406000000,182189437000000,10.734000000,fixed_trajectory,1,0,2089,2086,0.101242732000,0.096640789637,76,7.6,27,1,2639,2645,0.878970991458,0.888174876186,75,7.5,26,1,2612,2607,0.849825356489,0.842155452549,76,7.6,27,0,2699,2690,0.955670030853,0.941864203762,75,7.5,28,1,2074,2072,0.012271846303,0.009203884727,75,7.5,26,1
180,2026-09-05T07:30:28.227496+00:00,182189468000000,182189500000000,10.797000000,fixed_trajectory,1,0,2089,2086,0.101242732000,0.096640789637,76,7.6,27,1,2639,2645,0.878970991458,0.888174876186,75,7.5,26,1,2612,2607,0.849825356489,0.842155452549,76,7.6,27,0,2697,2689,0.952602069277,0.940330222974,75,7.5,28,1,2074,2072,0.012271846303,0.009203884727,75,7.5,26,1
181,2026-09-05T07:30:28.279573+00:00,182189515000000,182189546000000,10.843000000,fixed_trajectory,1,0,2089,2086,0.101242732000,0.096640789637,76,7.6,27,1,2639,2645,0.878970991458,0.888174876186,75,7.5,26,1,2612,2607,0.849825356489,0.842155452549,76,7.6,27,1,2697,2688,0.952602069277,0.938796242186,75,7.5,28,1,2074,2072,0.012271846303,0.009203884727,75,7.5,26,1
182,2026-09-05T07:30:28.322363+00:00,182189562000000,182189593000000,10.890000000,fixed_trajectory,1,0,2089,2086,0.101242732000,0.096640789637,76,7.6,27,1,2639,2645,0.878970991458,0.888174876186,75,7.5,26,1,2612,2607,0.849825356489,0.842155452549,76,7.6,27,0,2697,2687,0.952602069277,0.937262261398,75,7.5,28,2,2074,2072,0.012271846303,0.009203884727,76,7.6,26,1
183,2026-09-05T07:30:28.373481+00:00,182189609000000,182189656000000,10.953000000,fixed_trajectory,1,0,2089,2086,0.101242732000,0.096640789637,76,7.6,27,1,2639,2645,0.878970991458,0.888174876186,75,7.5,26,1,2612,2607,0.849825356489,0.842155452549,76,7.6,27,1,2697,2686,0.952602069277,0.935728280610,75,7.5,28,2,2074,2072,0.012271846303,0.009203884727,75,7.5,26,0
184,2026-09-05T07:30:28.428662+00:00,182189671000000,182189703000000,11.000000000,fixed_trajectory,1,0,2089,2086,0.101242732000,0.096640789637,76,7.6,27,1,2639,2645,0.878970991458,0.888174876186,75,7.5,26,1,2612,2607,0.849825356489,0.842155452549,76,7.6,27,1,2697,2685,0.952602069277,0.934194299822,75,7.5,28,2,2074,2072,0.012271846303,0.009203884727,75,7.5,26,0
185,2026-09-05T07:30:28.482337+00:00,182189718000000,182189750000000,11.047000000,fixed_trajectory,1,0,2089,2086,0.101242732000,0.096640789637,76,7.6,27,1,2639,2645,0.878970991458,0.888174876186,75,7.5,26,2,2612,2607,0.849825356489,0.842155452549,76,7.6,27,0,2697,2684,0.952602069277,0.932660319034,75,7.5,28,2,2074,2072,0.012271846303,0.009203884727,75,7.5,26,0
186,2026-09-05T07:30:28.521973+00:00,182189765000000,182189796000000,11.093000000,fixed_trajectory,1,0,2089,2086,0.101242732000,0.096640789637,76,7.6,27,0,2639,2645,0.878970991458,0.888174876186,75,7.5,26,1,2612,2607,0.849825356489,0.842155452549,76,7.6,27,0,2697,2683,0.952602069277,0.931126338247,75,7.5,28,3,2074,2072,0.012271846303,0.009203884727,75,7.5,26,0
187,2026-09-05T07:30:28.566032+00:00,182189812000000,182189843000000,11.140000000,fixed_trajectory,1,0,2089,2086,0.101242732000,0.096640789637,76,7.6,27,0,2639,2645,0.878970991458,0.888174876186,75,7.5,26,1,2612,2607,0.849825356489,0.842155452549,76,7.6,27,1,2697,2682,0.952602069277,0.929592357459,75,7.5,28,2,2074,2072,0.012271846303,0.009203884727,75,7.5,26,1
188,2026-09-05T07:30:28.625823+00:00,182189859000000,182189906000000,11.203000000,fixed_trajectory,1,0,2089,2086,0.101242732000,0.096640789637,76,7.6,27,1,2639,2645,0.878970991458,0.888174876186,75,7.5,26,1,2612,2607,0.849825356489,0.842155452549,76,7.6,27,0,2695,2681,0.949534107701,0.928058376671,75,7.5,28,2,2073,2072,0.010737865515,0.009203884727,75,7.5,26,1
189,2026-09-05T07:30:28.675899+00:00,182189921000000,182189953000000,11.250000000,online_observation,1,0,2089,2086,0.101242732000,0.096640789637,76,7.6,27,1,2639,2645,0.878970991458,0.888174876186,75,7.5,26,1,2612,2607,0.849825356489,0.842155452549,76,7.6,27,1,2694,2680,0.948000126913,0.926524395883,75,7.5,28,3,2073,2072,0.010737865515,0.009203884727,75,7.5,26,0
190,2026-09-05T07:30:28.731320+00:00,182189968000000,182190000000000,11.297000000,online_observation,1,0,2089,2086,0.101242732000,0.096640789637,76,7.6,27,1,2639,2645,0.878970991458,0.888174876186,75,7.5,26,1,2612,2607,0.849825356489,0.842155452549,76,7.6,27,0,2694,2680,0.948000126913,0.926524395883,75,7.5,28,2,2073,2072,0.010737865515,0.009203884727,75,7.5,26,0
191,2026-09-05T07:30:28.777931+00:00,182190015000000,182190046000000,11.343000000,online_observation,1,0,2089,2086,0.101242732000,0.096640789637,76,7.6,27,0,2639,2645,0.878970991458,0.888174876186,75,7.5,26,1,2612,2607,0.849825356489,0.842155452549,76,7.6,27,2,2694,2680,0.948000126913,0.926524395883,75,7.5,28,2,2073,2072,0.010737865515,0.009203884727,75,7.5,26,1
192,2026-09-05T07:30:28.828736+00:00,182190062000000,182190109000000,11.406000000,online_observation,1,0,2089,2086,0.101242732000,0.096640789637,76,7.6,27,0,2639,2645,0.878970991458,0.888174876186,75,7.5,26,2,2612,2607,0.849825356489,0.842155452549,76,7.6,27,1,2694,2680,0.948000126913,0.926524395883,75,7.5,28,2,2073,2072,0.010737865515,0.009203884727,75,7.5,26,0
193,2026-09-05T07:30:28.884602+00:00,182190125000000,182190156000000,11.453000000,online_observation,1,0,2089,2086,0.101242732000,0.096640789637,76,7.6,27,1,2639,2645,0.878970991458,0.888174876186,75,7.5,26,1,2612,2607,0.849825356489,0.842155452549,76,7.6,27,1,2693,2680,0.946466146125,0.926524395883,75,7.5,28,2,2073,2072,0.010737865515,0.009203884727,75,7.5,26,0
194,2026-09-05T07:30:28.926023+00:00,182190171000000,182190203000000,11.500000000,online_observation,1,0,2089,2086,0.101242732000,0.096640789637,76,7.6,27,1,2639,2645,0.878970991458,0.888174876186,75,7.5,26,1,2612,2607,0.849825356489,0.842155452549,75,7.5,27,0,2693,2680,0.946466146125,0.926524395883,75,7.5,28,2,2073,2072,0.010737865515,0.009203884727,75,7.5,26,0
195,2026-09-05T07:30:28.982903+00:00,182190218000000,182190265000000,11.562000000,online_observation,1,0,2089,2086,0.101242732000,0.096640789637,76,7.6,27,1,2639,2645,0.878970991458,0.888174876186,75,7.5,26,1,2612,2607,0.849825356489,0.842155452549,75,7.5,27,1,2693,2680,0.946466146125,0.926524395883,75,7.5,28,2,2073,2072,0.010737865515,0.009203884727,75,7.5,26,0
196,2026-09-05T07:30:29.047986+00:00,182190281000000,182190328000000,11.625000000,online_inference,2,0,2089,2086,0.101242732000,0.096640789637,76,7.6,27,1,2639,2645,0.878970991458,0.888174876186,75,7.5,26,1,2612,2607,0.849825356489,0.842155452549,75,7.5,27,1,2693,2680,0.946466146125,0.926524395883,75,7.5,28,2,2073,2072,0.010737865515,0.009203884727,75,7.5,26,0
197,2026-09-05T07:30:29.118116+00:00,182190343000000,182190390000000,11.687000000,online_inference,2,0,2089,2086,0.101242732000,0.096640789637,76,7.6,27,1,2639,2645,0.878970991458,0.888174876186,75,7.5,26,1,2612,2607,0.849825356489,0.842155452549,76,7.6,27,1,2693,2680,0.946466146125,0.926524395883,75,7.5,28,3,2073,2072,0.010737865515,0.009203884727,75,7.5,26,0
198,2026-09-05T07:30:29.202123+00:00,182190421000000,182190484000000,11.781000000,online_inference,2,0,2089,2086,0.101242732000,0.096640789637,76,7.6,27,0,2639,2645,0.878970991458,0.888174876186,75,7.5,26,0,2612,2607,0.849825356489,0.842155452549,76,7.6,27,0,2693,2680,0.946466146125,0.926524395883,75,7.5,28,2,2073,2072,0.010737865515,0.009203884727,75,7.5,26,0
199,2026-09-05T07:30:29.273221+00:00,182190500000000,182190546000000,11.843000000,online_inference,2,0,2089,2086,0.101242732000,0.096640789637,76,7.6,27,1,2639,2645,0.878970991458,0.888174876186,75,7.5,26,1,2612,2607,0.849825356489,0.842155452549,76,7.6,27,1,2693,2680,0.946466146125,0.926524395883,75,7.5,28,2,2073,2072,0.010737865515,0.009203884727,75,7.5,26,0
200,2026-09-05T07:30:29.329858+00:00,182190562000000,182190609000000,11.906000000,online_inference,2,0,2089,2086,0.101242732000,0.096640789637,76,7.6,27,1,2639,2645,0.878970991458,0.888174876186,75,7.5,26,1,2612,2607,0.849825356489,0.842155452549,76,7.6,27,0,2693,2680,0.946466146125,0.926524395883,75,7.5,28,2,2073,2072,0.010737865515,0.009203884727,75,7.5,26,0
201,2026-09-05T07:30:29.385321+00:00,182190625000000,182190656000000,11.953000000,online_inference,2,0,2089,2086,0.101242732000,0.096640789637,76,7.6,27,1,2639,2645,0.878970991458,0.888174876186,75,7.5,26,1,2612,2607,0.849825356489,0.842155452549,76,7.6,27,1,2693,2680,0.946466146125,0.926524395883,75,7.5,28,2,2073,2072,0.010737865515,0.009203884727,75,7.5,26,0
202,2026-09-05T07:30:29.442367+00:00,182190671000000,182190718000000,12.015000000,online_inference,2,0,2089,2086,0.101242732000,0.096640789637,76,7.6,27,1,2639,2645,0.878970991458,0.888174876186,75,7.5,26,1,2612,2607,0.849825356489,0.842155452549,76,7.6,27,1,2693,2680,0.946466146125,0.926524395883,75,7.5,28,2,2073,2072,0.010737865515,0.009203884727,75,7.5,26,0
203,2026-09-05T07:30:29.499868+00:00,182190734000000,182190781000000,12.078000000,online_inference,2,0,2089,2086,0.101242732000,0.096640789637,76,7.6,27,1,2639,2645,0.878970991458,0.888174876186,75,7.5,26,1,2612,2607,0.849825356489,0.842155452549,76,7.6,27,1,2693,2680,0.946466146125,0.926524395883,75,7.5,28,1,2073,2072,0.010737865515,0.009203884727,75,7.5,26,0
204,2026-09-05T07:30:29.556312+00:00,182190796000000,182190828000000,12.125000000,online_inference,2,0,2089,2086,0.101242732000,0.096640789637,76,7.6,27,1,2639,2645,0.878970991458,0.888174876186,75,7.5,26,1,2612,2607,0.849825356489,0.842155452549,76,7.6,27,1,2692,2680,0.944932165338,0.926524395883,75,7.5,28,2,2073,2072,0.010737865515,0.009203884727,75,7.5,26,0
205,2026-09-05T07:30:29.613822+00:00,182190843000000,182190890000000,12.187000000,online_inference,2,0,2089,2086,0.101242732000,0.096640789637,76,7.6,27,1,2639,2645,0.878970991458,0.888174876186,75,7.5,26,1,2612,2607,0.849825356489,0.842155452549,76,7.6,27,1,2692,2680,0.944932165338,0.926524395883,75,7.5,28,2,2073,2072,0.010737865515,0.009203884727,75,7.5,26,0
206,2026-09-05T07:30:29.665007+00:00,182190906000000,182190937000000,12.234000000,online_inference,2,0,2089,2086,0.101242732000,0.096640789637,76,7.6,27,0,2639,2645,0.878970991458,0.888174876186,75,7.5,26,1,2612,2607,0.849825356489,0.842155452549,76,7.6,27,1,2692,2680,0.944932165338,0.926524395883,75,7.5,28,2,2073,2072,0.010737865515,0.009203884727,75,7.5,26,0
207,2026-09-05T07:30:29.735351+00:00,182190953000000,182191015000000,12.312000000,online_inference,2,0,2089,2086,0.101242732000,0.096640789637,76,7.6,27,0,2639,2645,0.878970991458,0.888174876186,75,7.5,26,1,2612,2607,0.849825356489,0.842155452549,76,7.6,27,1,2692,2680,0.944932165338,0.926524395883,75,7.5,28,2,2073,2072,0.010737865515,0.009203884727,76,7.6,26,0
208,2026-09-05T07:30:29.795186+00:00,182191031000000,182191062000000,12.359000000,online_inference,2,0,2089,2086,0.101242732000,0.096640789637,76,7.6,27,0,2639,2645,0.878970991458,0.888174876186,75,7.5,26,1,2612,2607,0.849825356489,0.842155452549,76,7.6,27,0,2692,2680,0.944932165338,0.926524395883,75,7.5,28,2,2073,2072,0.010737865515,0.009203884727,75,7.5,26,0
209,2026-09-05T07:30:29.850961+00:00,182191078000000,182191125000000,12.422000000,online_inference,2,0,2089,2086,0.101242732000,0.096640789637,76,7.6,27,0,2639,2645,0.878970991458,0.888174876186,75,7.5,26,1,2612,2607,0.849825356489,0.842155452549,76,7.6,27,1,2692,2680,0.944932165338,0.926524395883,75,7.5,28,2,2073,2072,0.010737865515,0.009203884727,75,7.5,26,0
210,2026-09-05T07:30:29.907598+00:00,182191140000000,182191187000000,12.484000000,online_inference,2,0,2089,2086,0.101242732000,0.096640789637,76,7.6,27,1,2639,2645,0.878970991458,0.888174876186,75,7.5,26,1,2612,2607,0.849825356489,0.842155452549,76,7.6,27,1,2692,2680,0.944932165338,0.926524395883,75,7.5,28,2,2073,2072,0.010737865515,0.009203884727,75,7.5,26,0
211,2026-09-05T07:30:29.970297+00:00,182191203000000,182191250000000,12.547000000,online_inference,2,0,2089,2086,0.101242732000,0.096640789637,76,7.6,27,1,2639,2645,0.878970991458,0.888174876186,75,7.5,26,1,2612,2607,0.849825356489,0.842155452549,75,7.5,27,0,2692,2680,0.944932165338,0.926524395883,75,7.5,28,1,2073,2072,0.010737865515,0.009203884727,75,7.5,26,0
212,2026-09-05T07:30:30.028698+00:00,182191265000000,182191296000000,12.593000000,online_inference,2,0,2089,2086,0.101242732000,0.096640789637,76,7.6,27,1,2639,2645,0.878970991458,0.888174876186,75,7.5,26,1,2612,2607,0.849825356489,0.842155452549,76,7.6,27,1,2692,2680,0.944932165338,0.926524395883,75,7.5,28,2,2073,2072,0.010737865515,0.009203884727,75,7.5,26,0
213,2026-09-05T07:30:30.082725+00:00,182191312000000,182191359000000,12.656000000,online_inference,2,0,2089,2086,0.101242732000,0.096640789637,76,7.6,27,1,2639,2645,0.878970991458,0.888174876186,75,7.5,26,1,2612,2607,0.849825356489,0.842155452549,76,7.6,27,0,2692,2680,0.944932165338,0.926524395883,75,7.5,28,2,2073,2072,0.010737865515,0.009203884727,75,7.5,26,0
214,2026-09-05T07:30:30.137441+00:00,182191375000000,182191406000000,12.703000000,online_inference,2,0,2089,2086,0.101242732000,0.096640789637,76,7.6,27,0,2639,2645,0.878970991458,0.888174876186,75,7.5,26,1,2612,2607,0.849825356489,0.842155452549,76,7.6,27,1,2692,2680,0.944932165338,0.926524395883,75,7.5,28,3,2073,2072,0.010737865515,0.009203884727,75,7.5,26,0
215,2026-09-05T07:30:30.194825+00:00,182191421000000,182191468000000,12.765000000,online_inference,2,0,2089,2086,0.101242732000,0.096640789637,76,7.6,27,1,2639,2645,0.878970991458,0.888174876186,75,7.5,26,1,2612,2607,0.849825356489,0.842155452549,76,7.6,27,1,2692,2680,0.944932165338,0.926524395883,75,7.5,28,2,2073,2072,0.010737865515,0.009203884727,75,7.5,26,0
216,2026-09-05T07:30:30.250009+00:00,182191484000000,182191531000000,12.828000000,online_inference,2,0,2089,2086,0.101242732000,0.096640789637,76,7.6,27,1,2639,2645,0.878970991458,0.888174876186,75,7.5,26,1,2612,2607,0.849825356489,0.842155452549,76,7.6,28,1,2692,2680,0.944932165338,0.926524395883,75,7.5,28,2,2073,2072,0.010737865515,0.009203884727,75,7.5,26,0
217,2026-09-05T07:30:30.316780+00:00,182191546000000,182191593000000,12.890000000,online_inference,2,0,2089,2086,0.101242732000,0.096640789637,76,7.6,27,1,2639,2645,0.878970991458,0.888174876186,75,7.5,26,1,2612,2607,0.849825356489,0.842155452549,75,7.5,27,1,2692,2680,0.944932165338,0.926524395883,75,7.5,28,2,2073,2072,0.010737865515,0.009203884727,75,7.5,26,0
218,2026-09-05T07:30:30.385723+00:00,182191609000000,182191656000000,12.953000000,online_inference,2,0,2089,2086,0.101242732000,0.096640789637,76,7.6,27,1,2639,2645,0.878970991458,0.888174876186,75,7.5,26,1,2612,2607,0.849825356489,0.842155452549,76,7.6,27,1,2692,2680,0.944932165338,0.926524395883,75,7.5,28,2,2073,2072,0.010737865515,0.009203884727,75,7.5,26,0
219,2026-09-05T07:30:30.433481+00:00,182191671000000,182191703000000,13.000000000,online_inference,2,0,2089,2086,0.101242732000,0.096640789637,76,7.6,27,1,2639,2645,0.878970991458,0.888174876186,75,7.5,26,1,2612,2607,0.849825356489,0.842155452549,76,7.6,27,1,2691,2680,0.943398184550,0.926524395883,75,7.5,28,1,2073,2072,0.010737865515,0.009203884727,75,7.5,26,0
220,2026-09-05T07:30:30.491495+00:00,182191718000000,182191765000000,13.062000000,online_inference,2,0,2089,2086,0.101242732000,0.096640789637,76,7.6,27,1,2639,2645,0.878970991458,0.888174876186,75,7.5,26,1,2612,2607,0.849825356489,0.842155452549,76,7.6,27,1,2690,2680,0.941864203762,0.926524395883,75,7.5,28,2,2073,2072,0.010737865515,0.009203884727,75,7.5,26,0
221,2026-09-05T07:30:30.547936+00:00,182191781000000,182191828000000,13.125000000,online_inference,2,0,2089,2086,0.101242732000,0.096640789637,76,7.6,27,1,2639,2645,0.878970991458,0.888174876186,75,7.5,26,1,2612,2607,0.849825356489,0.842155452549,76,7.6,27,1,2690,2680,0.941864203762,0.926524395883,75,7.5,28,2,2073,2072,0.010737865515,0.009203884727,75,7.5,26,0
222,2026-09-05T07:30:30.610761+00:00,182191843000000,182191890000000,13.187000000,online_inference,2,0,2089,2086,0.101242732000,0.096640789637,76,7.6,27,1,2639,2645,0.878970991458,0.888174876186,75,7.5,26,1,2612,2607,0.849825356489,0.842155452549,76,7.6,27,1,2690,2680,0.941864203762,0.926524395883,75,7.5,28,2,2073,2072,0.010737865515,0.009203884727,75,7.5,26,0
223,2026-09-05T07:30:30.686600+00:00,182191906000000,182191968000000,13.265000000,online_inference,2,0,2089,2086,0.101242732000,0.096640789637,76,7.6,27,1,2639,2645,0.878970991458,0.888174876186,75,7.5,26,1,2612,2607,0.849825356489,0.842155452549,76,7.6,27,1,2690,2680,0.941864203762,0.926524395883,75,7.5,27,1,2073,2072,0.010737865515,0.009203884727,75,7.5,26,0
224,2026-09-05T07:30:30.774585+00:00,182192000000000,182192046000000,13.343000000,online_inference,2,0,2089,2086,0.101242732000,0.096640789637,76,7.6,27,1,2639,2645,0.878970991458,0.888174876186,75,7.5,26,1,2612,2607,0.849825356489,0.842155452549,76,7.6,27,1,2690,2680,0.941864203762,0.926524395883,75,7.5,28,2,2073,2072,0.010737865515,0.009203884727,75,7.5,26,0
225,2026-09-05T07:30:30.827006+00:00,182192062000000,182192109000000,13.406000000,online_inference,2,0,2089,2086,0.101242732000,0.096640789637,76,7.6,27,0,2639,2645,0.878970991458,0.888174876186,75,7.5,26,1,2612,2607,0.849825356489,0.842155452549,76,7.6,27,0,2690,2680,0.941864203762,0.926524395883,75,7.5,28,2,2073,2072,0.010737865515,0.009203884727,75,7.5,26,0
226,2026-09-05T07:30:30.884938+00:00,182192125000000,182192156000000,13.453000000,online_inference,2,0,2089,2086,0.101242732000,0.096640789637,76,7.6,27,1,2639,2645,0.878970991458,0.888174876186,75,7.5,26,1,2612,2607,0.849825356489,0.842155452549,76,7.6,27,1,2690,2680,0.941864203762,0.926524395883,75,7.5,28,1,2073,2072,0.010737865515,0.009203884727,75,7.5,26,0
227,2026-09-05T07:30:30.943048+00:00,182192171000000,182192218000000,13.515000000,online_inference,2,0,2089,2086,0.101242732000,0.096640789637,76,7.6,27,0,2639,2645,0.878970991458,0.888174876186,75,7.5,26,1,2612,2607,0.849825356489,0.842155452549,76,7.6,27,2,2690,2680,0.941864203762,0.926524395883,75,7.5,28,2,2073,2072,0.010737865515,0.009203884727,75,7.5,26,0
228,2026-09-05T07:30:30.996103+00:00,182192234000000,182192265000000,13.562000000,online_inference,2,0,2089,2086,0.101242732000,0.096640789637,76,7.6,27,1,2639,2645,0.878970991458,0.888174876186,75,7.5,26,1,2612,2607,0.849825356489,0.842155452549,76,7.6,27,1,2690,2680,0.941864203762,0.926524395883,75,7.5,28,2,2073,2072,0.010737865515,0.009203884727,75,7.5,26,0
229,2026-09-05T07:30:31.052668+00:00,182192281000000,182192328000000,13.625000000,online_inference,2,0,2089,2086,0.101242732000,0.096640789637,76,7.6,27,0,2639,2645,0.878970991458,0.888174876186,75,7.5,26,1,2612,2607,0.849825356489,0.842155452549,76,7.6,27,1,2690,2680,0.941864203762,0.926524395883,75,7.5,28,1,2073,2072,0.010737865515,0.009203884727,75,7.5,26,0
230,2026-09-05T07:30:31.108290+00:00,182192343000000,182192390000000,13.687000000,online_inference,2,0,2089,2086,0.101242732000,0.096640789637,76,7.6,27,0,2639,2645,0.878970991458,0.888174876186,75,7.5,26,1,2612,2607,0.849825356489,0.842155452549,76,7.6,27,1,2690,2680,0.941864203762,0.926524395883,75,7.5,28,1,2073,2072,0.010737865515,0.009203884727,75,7.5,26,0
231,2026-09-05T07:30:31.171915+00:00,182192406000000,182192453000000,13.750000000,online_inference,2,0,2089,2086,0.101242732000,0.096640789637,76,7.6,27,0,2639,2645,0.878970991458,0.888174876186,75,7.5,26,1,2612,2607,0.849825356489,0.842155452549,76,7.6,27,1,2690,2680,0.941864203762,0.926524395883,75,7.5,28,2,2073,2072,0.010737865515,0.009203884727,75,7.5,26,0
232,2026-09-05T07:30:31.237184+00:00,182192468000000,182192515000000,13.812000000,online_inference,2,0,2089,2086,0.101242732000,0.096640789637,76,7.6,27,1,2639,2645,0.878970991458,0.888174876186,75,7.5,26,1,2612,2607,0.849825356489,0.842155452549,76,7.6,27,0,2690,2680,0.941864203762,0.926524395883,75,7.5,28,2,2073,2072,0.010737865515,0.009203884727,75,7.5,26,0
233,2026-09-05T07:30:31.303029+00:00,182192531000000,182192578000000,13.875000000,online_inference,2,0,2089,2086,0.101242732000,0.096640789637,76,7.6,27,1,2639,2645,0.878970991458,0.888174876186,75,7.5,26,1,2612,2607,0.849825356489,0.842155452549,76,7.6,27,1,2690,2680,0.941864203762,0.926524395883,75,7.5,28,2,2073,2072,0.010737865515,0.009203884727,76,7.6,26,0
234,2026-09-05T07:30:31.364207+00:00,182192593000000,182192640000000,13.937000000,online_inference,2,0,2089,2086,0.101242732000,0.096640789637,76,7.6,27,1,2639,2645,0.878970991458,0.888174876186,75,7.5,26,1,2612,2607,0.849825356489,0.842155452549,76,7.6,27,1,2690,2680,0.941864203762,0.926524395883,75,7.5,28,2,2073,2072,0.010737865515,0.009203884727,75,7.5,26,0
235,2026-09-05T07:30:31.443149+00:00,182192656000000,182192718000000,14.015000000,online_inference,2,0,2089,2086,0.101242732000,0.096640789637,76,7.6,27,1,2639,2645,0.878970991458,0.888174876186,75,7.5,26,1,2612,2607,0.849825356489,0.842155452549,76,7.6,27,1,2690,2680,0.941864203762,0.926524395883,75,7.5,28,1,2073,2072,0.010737865515,0.009203884727,75,7.5,26,0
236,2026-09-05T07:30:31.502800+00:00,182192734000000,182192781000000,14.078000000,online_inference,2,0,2089,2086,0.101242732000,0.096640789637,76,7.6,27,1,2639,2645,0.878970991458,0.888174876186,75,7.5,26,1,2612,2607,0.849825356489,0.842155452549,76,7.6,27,0,2690,2680,0.941864203762,0.926524395883,75,7.5,28,1,2073,2072,0.010737865515,0.009203884727,76,7.6,26,0
237,2026-09-05T07:30:31.554149+00:00,182192796000000,182192828000000,14.125000000,online_inference,2,0,2089,2086,0.101242732000,0.096640789637,76,7.6,27,0,2639,2645,0.878970991458,0.888174876186,75,7.5,26,1,2612,2607,0.849825356489,0.842155452549,76,7.6,27,1,2690,2680,0.941864203762,0.926524395883,75,7.5,28,1,2073,2072,0.010737865515,0.009203884727,75,7.5,26,0
238,2026-09-05T07:30:31.618199+00:00,182192843000000,182192890000000,14.187000000,online_inference,2,0,2089,2086,0.101242732000,0.096640789637,76,7.6,27,1,2639,2645,0.878970991458,0.888174876186,75,7.5,26,1,2612,2607,0.849825356489,0.842155452549,75,7.5,27,1,2690,2680,0.941864203762,0.926524395883,75,7.5,28,2,2073,2072,0.010737865515,0.009203884727,75,7.5,26,0
239,2026-09-05T07:30:31.672085+00:00,182192906000000,182192953000000,14.250000000,online_inference,2,0,2089,2086,0.101242732000,0.096640789637,76,7.6,27,0,2639,2645,0.878970991458,0.888174876186,75,7.5,26,0,2612,2607,0.849825356489,0.842155452549,76,7.6,27,1,2690,2680,0.941864203762,0.926524395883,75,7.5,28,1,2073,2072,0.010737865515,0.009203884727,75,7.5,26,0
240,2026-09-05T07:30:31.738628+00:00,182192968000000,182193015000000,14.312000000,online_inference,2,0,2089,2086,0.101242732000,0.096640789637,76,7.6,27,1,2639,2645,0.878970991458,0.888174876186,75,7.5,26,1,2612,2607,0.849825356489,0.842155452549,76,7.6,27,1,2690,2680,0.941864203762,0.926524395883,75,7.5,28,2,2073,2072,0.010737865515,0.009203884727,76,7.6,26,0
241,2026-09-05T07:30:31.822291+00:00,182193046000000,182193093000000,14.390000000,online_inference,2,0,2089,2086,0.101242732000,0.096640789637,76,7.6,27,1,2639,2645,0.878970991458,0.888174876186,75,7.5,26,1,2612,2607,0.849825356489,0.842155452549,75,7.5,27,1,2690,2680,0.941864203762,0.926524395883,75,7.5,28,2,2073,2072,0.010737865515,0.009203884727,75,7.5,26,0
242,2026-09-05T07:30:31.881096+00:00,182193109000000,182193156000000,14.453000000,online_inference,2,0,2089,2086,0.101242732000,0.096640789637,76,7.6,27,0,2639,2645,0.878970991458,0.888174876186,75,7.5,26,1,2612,2607,0.849825356489,0.842155452549,76,7.6,27,1,2690,2680,0.941864203762,0.926524395883,75,7.5,28,2,2073,2072,0.010737865515,0.009203884727,75,7.5,26,0
243,2026-09-05T07:30:31.939722+00:00,182193171000000,182193218000000,14.515000000,online_inference,2,0,2089,2086,0.101242732000,0.096640789637,76,7.6,27,1,2639,2645,0.878970991458,0.888174876186,75,7.5,26,1,2612,2607,0.849825356489,0.842155452549,76,7.6,27,1,2690,2680,0.941864203762,0.926524395883,75,7.5,28,1,2073,2072,0.010737865515,0.009203884727,76,7.6,26,0
244,2026-09-05T07:30:32.004213+00:00,182193234000000,182193281000000,14.578000000,online_inference,2,0,2089,2086,0.101242732000,0.096640789637,76,7.6,27,1,2639,2645,0.878970991458,0.888174876186,75,7.5,26,1,2612,2607,0.849825356489,0.842155452549,76,7.6,27,0,2690,2680,0.941864203762,0.926524395883,75,7.5,28,2,2073,2072,0.010737865515,0.009203884727,75,7.5,26,0
245,2026-09-05T07:30:32.063020+00:00,182193296000000,182193343000000,14.640000000,online_inference,2,0,2089,2086,0.101242732000,0.096640789637,76,7.6,27,0,2639,2645,0.878970991458,0.888174876186,75,7.5,26,0,2612,2607,0.849825356489,0.842155452549,76,7.6,27,0,2690,2680,0.941864203762,0.926524395883,75,7.5,28,1,2073,2072,0.010737865515,0.009203884727,76,7.6,26,0
246,2026-09-05T07:30:32.120587+00:00,182193359000000,182193390000000,14.687000000,online_inference,2,0,2089,2086,0.101242732000,0.096640789637,76,7.6,27,1,2639,2645,0.878970991458,0.888174876186,75,7.5,26,1,2612,2607,0.849825356489,0.842155452549,76,7.6,27,1,2690,2680,0.941864203762,0.926524395883,75,7.5,28,1,2073,2072,0.010737865515,0.009203884727,75,7.5,26,0
247,2026-09-05T07:30:32.177235+00:00,182193406000000,182193453000000,14.750000000,online_inference,2,0,2089,2086,0.101242732000,0.096640789637,76,7.6,27,1,2639,2645,0.878970991458,0.888174876186,75,7.5,26,1,2612,2607,0.849825356489,0.842155452549,76,7.6,27,0,2690,2680,0.941864203762,0.926524395883,75,7.5,28,2,2073,2072,0.010737865515,0.009203884727,76,7.6,26,0
248,2026-09-05T07:30:32.242755+00:00,182193468000000,182193515000000,14.812000000,online_inference,2,0,2089,2086,0.101242732000,0.096640789637,76,7.6,27,0,2639,2645,0.878970991458,0.888174876186,75,7.5,26,1,2612,2607,0.849825356489,0.842155452549,76,7.6,27,1,2690,2680,0.941864203762,0.926524395883,75,7.5,28,2,2073,2072,0.010737865515,0.009203884727,75,7.5,26,0
249,2026-09-05T07:30:32.298722+00:00,182193531000000,182193578000000,14.875000000,online_inference,2,0,2089,2086,0.101242732000,0.096640789637,76,7.6,27,1,2639,2645,0.878970991458,0.888174876186,75,7.5,26,1,2612,2607,0.849825356489,0.842155452549,76,7.6,27,1,2690,2680,0.941864203762,0.926524395883,75,7.5,28,2,2073,2072,0.010737865515,0.009203884727,75,7.5,26,0
250,2026-09-05T07:30:32.378240+00:00,182193593000000,182193656000000,14.953000000,online_inference,2,0,2089,2086,0.101242732000,0.096640789637,76,7.6,27,1,2639,2645,0.878970991458,0.888174876186,75,7.5,26,1,2612,2607,0.849825356489,0.842155452549,76,7.6,27,1,2690,2680,0.941864203762,0.926524395883,75,7.5,28,2,2073,2072,0.010737865515,0.009203884727,75,7.5,26,0
251,2026-09-05T07:30:32.444936+00:00,182193671000000,182193718000000,15.015000000,online_inference,2,0,2089,2086,0.101242732000,0.096640789637,76,7.6,27,1,2639,2645,0.878970991458,0.888174876186,75,7.5,26,2,2612,2607,0.849825356489,0.842155452549,76,7.6,27,1,2690,2680,0.941864203762,0.926524395883,75,7.5,28,1,2073,2072,0.010737865515,0.009203884727,75,7.5,26,0
252,2026-09-05T07:30:32.505731+00:00,182193734000000,182193781000000,15.078000000,online_inference,2,0,2089,2086,0.101242732000,0.096640789637,76,7.6,27,1,2639,2645,0.878970991458,0.888174876186,75,7.5,26,1,2612,2607,0.849825356489,0.842155452549,76,7.6,27,0,2690,2680,0.941864203762,0.926524395883,75,7.5,28,2,2073,2072,0.010737865515,0.009203884727,75,7.5,26,0
253,2026-09-05T07:30:32.563442+00:00,182193796000000,182193843000000,15.140000000,online_inference,2,0,2089,2086,0.101242732000,0.096640789637,76,7.6,27,0,2639,2645,0.878970991458,0.888174876186,75,7.5,26,1,2612,2607,0.849825356489,0.842155452549,76,7.6,27,0,2690,2680,0.941864203762,0.926524395883,75,7.5,28,2,2073,2072,0.010737865515,0.009203884727,75,7.5,26,0
254,2026-09-05T07:30:32.618853+00:00,182193859000000,182193890000000,15.187000000,online_inference,2,0,2089,2086,0.101242732000,0.096640789637,76,7.6,27,0,2639,2645,0.878970991458,0.888174876186,75,7.5,26,1,2612,2607,0.849825356489,0.842155452549,76,7.6,27,1,2690,2680,0.941864203762,0.926524395883,75,7.5,28,2,2073,2072,0.010737865515,0.009203884727,75,7.5,26,0
255,2026-09-05T07:30:32.663560+00:00,182193906000000,182193937000000,15.234000000,online_inference,2,0,2089,2086,0.101242732000,0.096640789637,76,7.6,27,1,2639,2645,0.878970991458,0.888174876186,75,7.5,26,1,2612,2607,0.849825356489,0.842155452549,76,7.6,27,1,2690,2680,0.941864203762,0.926524395883,75,7.5,28,1,2073,2072,0.010737865515,0.009203884727,75,7.5,26,0
256,2026-09-05T07:30:32.714064+00:00,182193953000000,182193984000000,15.281000000,online_archive,2,0,2089,2086,0.101242732000,0.096640789637,76,7.6,27,1,2639,2645,0.878970991458,0.888174876186,75,7.5,26,1,2612,2607,0.849825356489,0.842155452549,76,7.6,27,1,2690,2680,0.941864203762,0.926524395883,75,7.5,28,2,2073,2072,0.010737865515,0.009203884727,76,7.6,26,0
257,2026-09-05T07:30:32.763184+00:00,182194000000000,182194031000000,15.328000000,online_archive,2,0,2089,2086,0.101242732000,0.096640789637,76,7.6,27,0,2639,2645,0.878970991458,0.888174876186,75,7.5,26,1,2612,2607,0.849825356489,0.842155452549,76,7.6,27,0,2690,2680,0.941864203762,0.926524395883,75,7.5,28,2,2073,2072,0.010737865515,0.009203884727,75,7.5,26,0
258,2026-09-05T07:30:32.849338+00:00,182194078000000,182194125000000,15.422000000,fixed_trajectory,2,0,2089,2086,0.101242732000,0.096640789637,76,7.6,27,0,2639,2645,0.878970991458,0.888174876186,75,7.5,26,0,2612,2607,0.849825356489,0.842155452549,76,7.6,27,0,2690,2680,0.941864203762,0.926524395883,75,7.5,28,1,2073,2072,0.010737865515,0.009203884727,75,7.5,26,0
259,2026-09-05T07:30:33.030387+00:00,182194265000000,182194312000000,15.609000000,fixed_trajectory,2,0,2089,2086,0.101242732000,0.096640789637,76,7.6,27,1,2639,2645,0.878970991458,0.888174876186,75,7.5,26,0,2612,2607,0.849825356489,0.842155452549,76,7.6,27,0,2690,2679,0.941864203762,0.924990415095,75,7.5,28,2,2073,2072,0.010737865515,0.009203884727,75,7.5,26,0
260,2026-09-05T07:30:33.086383+00:00,182194328000000,182194359000000,15.656000000,fixed_trajectory,2,0,2089,2086,0.101242732000,0.096640789637,76,7.6,27,1,2639,2645,0.878970991458,0.888174876186,75,7.5,26,1,2612,2607,0.849825356489,0.842155452549,76,7.6,27,1,2690,2678,0.941864203762,0.923456434307,75,7.5,28,2,2073,2072,0.010737865515,0.009203884727,75,7.5,26,0
261,2026-09-05T07:30:33.133155+00:00,182194375000000,182194406000000,15.703000000,fixed_trajectory,2,0,2089,2086,0.101242732000,0.096640789637,76,7.6,27,1,2639,2645,0.878970991458,0.888174876186,75,7.5,26,0,2612,2607,0.849825356489,0.842155452549,75,7.5,27,1,2690,2677,0.941864203762,0.921922453519,75,7.5,28,2,2073,2072,0.010737865515,0.009203884727,75,7.5,26,0
262,2026-09-05T07:30:33.181855+00:00,182194421000000,182194453000000,15.750000000,fixed_trajectory,2,0,2089,2086,0.101242732000,0.096640789637,76,7.6,27,1,2639,2645,0.878970991458,0.888174876186,75,7.5,26,1,2612,2607,0.849825356489,0.842155452549,76,7.6,27,1,2689,2676,0.940330222974,0.920388472731,75,7.5,28,2,2073,2072,0.010737865515,0.009203884727,75,7.5,26,0
263,2026-09-05T07:30:33.228396+00:00,182194468000000,182194500000000,15.797000000,fixed_trajectory,2,0,2089,2086,0.101242732000,0.096640789637,76,7.6,27,1,2639,2645,0.878970991458,0.888174876186,75,7.5,26,2,2612,2607,0.849825356489,0.842155452549,76,7.6,27,2,2689,2675,0.940330222974,0.918854491943,75,7.5,28,3,2073,2072,0.010737865515,0.009203884727,75,7.5,26,0
264,2026-09-05T07:30:33.405747+00:00,182194515000000,182194687000000,15.984000000,fixed_trajectory,2,1,2089,2086,0.101242732000,0.096640789637,76,7.6,27,1,2639,2644,0.878970991458,0.886640895398,75,7.5,26,0,2612,2607,0.849825356489,0.842155452549,76,7.6,27,1,2689,2674,0.940330222974,0.917320511156,75,7.5,28,2,2073,2071,0.010737865515,0.007669903939,75,7.5,26,1
265,2026-09-05T07:30:33.465867+00:00,182194703000000,182194734000000,16.031000000,fixed_trajectory,2,0,2089,2086,0.101242732000,0.096640789637,76,7.6,27,1,2639,2644,0.878970991458,0.886640895398,75,7.5,26,1,2612,2607,0.849825356489,0.842155452549,76,7.6,27,1,2686,2673,0.935728280610,0.915786530368,75,7.5,28,1,2073,2071,0.010737865515,0.007669903939,76,7.6,26,1
266,2026-09-05T07:30:33.510173+00:00,182194750000000,182194781000000,16.078000000,fixed_trajectory,2,0,2089,2086,0.101242732000,0.096640789637,76,7.6,27,0,2640,2644,0.880504972246,0.886640895398,75,7.5,26,1,2612,2607,0.849825356489,0.842155452549,76,7.6,27,0,2684,2672,0.932660319034,0.914252549580,75,7.5,28,1,2073,2071,0.010737865515,0.007669903939,76,7.6,26,1
267,2026-09-05T07:30:33.570502+00:00,182194796000000,182194843000000,16.140000000,fixed_trajectory,2,0,2089,2086,0.101242732000,0.096640789637,76,7.6,27,1,2640,2644,0.880504972246,0.886640895398,75,7.5,26,1,2612,2607,0.849825356489,0.842155452549,76,7.6,27,0,2682,2671,0.929592357459,0.912718568792,75,7.5,28,2,2073,2071,0.010737865515,0.007669903939,75,7.5,26,1
268,2026-09-05T07:30:33.615533+00:00,182194859000000,182194890000000,16.187000000,fixed_trajectory,2,0,2089,2086,0.101242732000,0.096640789637,76,7.6,27,1,2640,2644,0.880504972246,0.886640895398,75,7.5,26,1,2612,2607,0.849825356489,0.842155452549,75,7.5,27,0,2682,2670,0.929592357459,0.911184588004,75,7.5,28,2,2073,2071,0.010737865515,0.007669903939,75,7.5,26,0
269,2026-09-05T07:30:33.665798+00:00,182194906000000,182194937000000,16.234000000,online_observation,2,0,2089,2086,0.101242732000,0.096640789637,76,7.6,27,1,2640,2644,0.880504972246,0.886640895398,75,7.5,26,0,2612,2607,0.849825356489,0.842155452549,76,7.6,27,1,2680,2669,0.926524395883,0.909650607216,75,7.5,28,1,2073,2071,0.010737865515,0.007669903939,75,7.5,26,1
270,2026-09-05T07:30:33.707263+00:00,182194953000000,182194984000000,16.281000000,online_observation,2,0,2089,2086,0.101242732000,0.096640789637,76,7.6,27,1,2640,2644,0.880504972246,0.886640895398,75,7.5,26,1,2612,2607,0.849825356489,0.842155452549,76,7.6,27,1,2679,2669,0.924990415095,0.909650607216,75,7.5,28,1,2073,2071,0.010737865515,0.007669903939,76,7.6,26,1
271,2026-09-05T07:30:33.762294+00:00,182195000000000,182195031000000,16.328000000,online_observation,2,0,2089,2086,0.101242732000,0.096640789637,76,7.6,27,0,2641,2644,0.882038953034,0.886640895398,75,7.5,26,0,2612,2607,0.849825356489,0.842155452549,76,7.6,27,1,2678,2669,0.923456434307,0.909650607216,75,7.5,28,1,2073,2071,0.010737865515,0.007669903939,75,7.5,26,1
272,2026-09-05T07:30:33.806887+00:00,182195046000000,182195078000000,16.375000000,online_observation,2,0,2089,2086,0.101242732000,0.096640789637,76,7.6,27,1,2641,2644,0.882038953034,0.886640895398,75,7.5,26,1,2612,2607,0.849825356489,0.842155452549,76,7.6,27,1,2678,2669,0.923456434307,0.909650607216,75,7.5,28,1,2073,2071,0.010737865515,0.007669903939,75,7.5,26,1
273,2026-09-05T07:30:33.867494+00:00,182195109000000,182195140000000,16.437000000,online_observation,2,0,2089,2086,0.101242732000,0.096640789637,76,7.6,27,0,2641,2644,0.882038953034,0.886640895398,75,7.5,26,1,2612,2607,0.849825356489,0.842155452549,76,7.6,27,0,2678,2669,0.923456434307,0.909650607216,75,7.5,28,2,2073,2071,0.010737865515,0.007669903939,75,7.5,26,0
274,2026-09-05T07:30:33.917131+00:00,182195156000000,182195187000000,16.484000000,online_observation,2,0,2089,2086,0.101242732000,0.096640789637,76,7.6,27,0,2641,2644,0.882038953034,0.886640895398,75,7.5,26,0,2612,2607,0.849825356489,0.842155452549,76,7.6,27,1,2678,2669,0.923456434307,0.909650607216,75,7.5,28,1,2073,2071,0.010737865515,0.007669903939,75,7.5,26,1
275,2026-09-05T07:30:33.965197+00:00,182195203000000,182195234000000,16.531000000,online_observation,2,0,2089,2086,0.101242732000,0.096640789637,76,7.6,27,1,2641,2644,0.882038953034,0.886640895398,75,7.5,26,0,2612,2607,0.849825356489,0.842155452549,76,7.6,27,0,2678,2669,0.923456434307,0.909650607216,75,7.5,28,2,2073,2071,0.010737865515,0.007669903939,75,7.5,26,0
276,2026-09-05T07:30:34.011909+00:00,182195250000000,182195281000000,16.578000000,online_observation,2,0,2089,2086,0.101242732000,0.096640789637,76,7.6,27,0,2641,2644,0.882038953034,0.886640895398,75,7.5,26,1,2612,2607,0.849825356489,0.842155452549,76,7.6,27,1,2678,2669,0.923456434307,0.909650607216,75,7.5,28,1,2073,2071,0.010737865515,0.007669903939,75,7.5,26,0
277,2026-09-05T07:30:34.088946+00:00,182195328000000,182195359000000,16.656000000,online_inference,3,0,2089,2086,0.101242732000,0.096640789637,76,7.6,27,1,2641,2644,0.882038953034,0.886640895398,75,7.5,26,1,2612,2607,0.849825356489,0.842155452549,76,7.6,27,1,2678,2669,0.923456434307,0.909650607216,75,7.5,28,1,2073,2071,0.010737865515,0.007669903939,75,7.5,26,0
278,2026-09-05T07:30:34.151579+00:00,182195375000000,182195421000000,16.718000000,online_inference,3,0,2089,2086,0.101242732000,0.096640789637,76,7.6,27,1,2641,2644,0.882038953034,0.886640895398,75,7.5,26,1,2612,2607,0.849825356489,0.842155452549,76,7.6,27,1,2678,2669,0.923456434307,0.909650607216,75,7.5,28,2,2073,2071,0.010737865515,0.007669903939,75,7.5,26,1
279,2026-09-05T07:30:34.218804+00:00,182195437000000,182195500000000,16.797000000,online_inference,3,0,2089,2086,0.101242732000,0.096640789637,76,7.6,27,0,2641,2644,0.882038953034,0.886640895398,75,7.5,26,1,2612,2607,0.849825356489,0.842155452549,76,7.6,27,1,2678,2669,0.923456434307,0.909650607216,75,7.5,28,2,2073,2071,0.010737865515,0.007669903939,76,7.6,26,0
280,2026-09-05T07:30:34.292883+00:00,182195515000000,182195562000000,16.859000000,online_inference,3,0,2089,2086,0.101242732000,0.096640789637,76,7.6,27,0,2641,2644,0.882038953034,0.886640895398,75,7.5,26,0,2612,2607,0.849825356489,0.842155452549,76,7.6,27,1,2678,2669,0.923456434307,0.909650607216,75,7.5,28,2,2073,2071,0.010737865515,0.007669903939,75,7.5,26,1
281,2026-09-05T07:30:34.354397+00:00,182195578000000,182195625000000,16.922000000,online_inference,3,0,2089,2086,0.101242732000,0.096640789637,76,7.6,27,1,2641,2644,0.882038953034,0.886640895398,75,7.5,26,1,2612,2607,0.849825356489,0.842155452549,76,7.6,27,1,2678,2669,0.923456434307,0.909650607216,75,7.5,28,1,2073,2071,0.010737865515,0.007669903939,75,7.5,26,1
282,2026-09-05T07:30:34.417725+00:00,182195640000000,182195687000000,16.984000000,online_inference,3,0,2089,2086,0.101242732000,0.096640789637,76,7.6,27,0,2641,2644,0.882038953034,0.886640895398,75,7.5,26,0,2612,2607,0.849825356489,0.842155452549,76,7.6,27,1,2678,2669,0.923456434307,0.909650607216,75,7.5,28,2,2073,2071,0.010737865515,0.007669903939,75,7.5,26,0
283,2026-09-05T07:30:34.468668+00:00,182195703000000,182195750000000,17.047000000,online_inference,3,0,2089,2086,0.101242732000,0.096640789637,76,7.6,27,1,2641,2644,0.882038953034,0.886640895398,75,7.5,26,0,2612,2607,0.849825356489,0.842155452549,76,7.6,27,1,2678,2669,0.923456434307,0.909650607216,75,7.5,28,2,2073,2071,0.010737865515,0.007669903939,75,7.5,26,0
284,2026-09-05T07:30:34.540572+00:00,182195765000000,182195812000000,17.109000000,online_inference,3,0,2089,2086,0.101242732000,0.096640789637,76,7.6,27,1,2641,2644,0.882038953034,0.886640895398,75,7.5,26,1,2612,2607,0.849825356489,0.842155452549,76,7.6,27,1,2678,2669,0.923456434307,0.909650607216,75,7.5,28,1,2073,2071,0.010737865515,0.007669903939,75,7.5,26,1
285,2026-09-05T07:30:34.619930+00:00,182195843000000,182195890000000,17.187000000,online_inference,3,0,2089,2086,0.101242732000,0.096640789637,76,7.6,27,1,2641,2644,0.882038953034,0.886640895398,75,7.5,26,1,2612,2607,0.849825356489,0.842155452549,76,7.6,27,1,2678,2669,0.923456434307,0.909650607216,75,7.5,28,2,2073,2071,0.010737865515,0.007669903939,76,7.6,26,1
286,2026-09-05T07:30:34.675973+00:00,182195906000000,182195953000000,17.250000000,online_inference,3,0,2089,2086,0.101242732000,0.096640789637,76,7.6,27,1,2641,2644,0.882038953034,0.886640895398,75,7.5,26,0,2612,2607,0.849825356489,0.842155452549,76,7.6,27,0,2678,2669,0.923456434307,0.909650607216,75,7.5,28,1,2073,2071,0.010737865515,0.007669903939,75,7.5,26,0
287,2026-09-05T07:30:34.733208+00:00,182195968000000,182196015000000,17.312000000,online_inference,3,0,2089,2086,0.101242732000,0.096640789637,76,7.6,27,0,2641,2644,0.882038953034,0.886640895398,75,7.5,26,1,2612,2607,0.849825356489,0.842155452549,76,7.6,27,1,2678,2669,0.923456434307,0.909650607216,75,7.5,28,2,2073,2071,0.010737865515,0.007669903939,76,7.6,26,0
288,2026-09-05T07:30:34.802922+00:00,182196031000000,182196078000000,17.375000000,online_inference,3,0,2089,2086,0.101242732000,0.096640789637,76,7.6,27,1,2641,2644,0.882038953034,0.886640895398,75,7.5,26,1,2612,2607,0.849825356489,0.842155452549,76,7.6,27,1,2678,2669,0.923456434307,0.909650607216,75,7.5,28,2,2073,2071,0.010737865515,0.007669903939,75,7.5,26,0
289,2026-09-05T07:30:34.860474+00:00,182196093000000,182196140000000,17.437000000,online_inference,3,0,2089,2086,0.101242732000,0.096640789637,76,7.6,27,1,2641,2644,0.882038953034,0.886640895398,75,7.5,26,1,2612,2607,0.849825356489,0.842155452549,76,7.6,27,1,2678,2669,0.923456434307,0.909650607216,75,7.5,28,1,2073,2071,0.010737865515,0.007669903939,75,7.5,26,1
290,2026-09-05T07:30:34.909676+00:00,182196156000000,182196187000000,17.484000000,online_inference,3,0,2089,2086,0.101242732000,0.096640789637,76,7.6,27,1,2641,2644,0.882038953034,0.886640895398,75,7.5,26,0,2612,2607,0.849825356489,0.842155452549,76,7.6,27,1,2678,2669,0.923456434307,0.909650607216,75,7.5,28,1,2073,2071,0.010737865515,0.007669903939,75,7.5,26,0
291,2026-09-05T07:30:34.975318+00:00,182196203000000,182196250000000,17.547000000,online_inference,3,0,2089,2086,0.101242732000,0.096640789637,76,7.6,27,1,2641,2644,0.882038953034,0.886640895398,75,7.5,26,1,2612,2607,0.849825356489,0.842155452549,76,7.6,27,1,2678,2669,0.923456434307,0.909650607216,75,7.5,28,2,2073,2071,0.010737865515,0.007669903939,75,7.5,26,1
292,2026-09-05T07:30:35.021251+00:00,182196265000000,182196296000000,17.593000000,online_inference,3,0,2089,2086,0.101242732000,0.096640789637,76,7.6,27,1,2641,2644,0.882038953034,0.886640895398,75,7.5,26,1,2612,2607,0.849825356489,0.842155452549,76,7.6,27,1,2678,2669,0.923456434307,0.909650607216,75,7.5,28,1,2073,2071,0.010737865515,0.007669903939,75,7.5,26,1
293,2026-09-05T07:30:35.086790+00:00,182196312000000,182196359000000,17.656000000,online_inference,3,0,2089,2086,0.101242732000,0.096640789637,76,7.6,27,1,2641,2644,0.882038953034,0.886640895398,75,7.5,26,1,2612,2607,0.849825356489,0.842155452549,76,7.6,27,1,2678,2669,0.923456434307,0.909650607216,75,7.5,28,1,2073,2071,0.010737865515,0.007669903939,75,7.5,26,1
294,2026-09-05T07:30:35.147327+00:00,182196375000000,182196421000000,17.718000000,online_inference,3,0,2089,2086,0.101242732000,0.096640789637,76,7.6,27,0,2641,2644,0.882038953034,0.886640895398,75,7.5,26,1,2612,2607,0.849825356489,0.842155452549,76,7.6,27,1,2678,2669,0.923456434307,0.909650607216,75,7.5,28,1,2073,2071,0.010737865515,0.007669903939,75,7.5,26,1
295,2026-09-05T07:30:35.201249+00:00,182196437000000,182196468000000,17.765000000,online_inference,3,0,2089,2086,0.101242732000,0.096640789637,76,7.6,27,1,2641,2644,0.882038953034,0.886640895398,75,7.5,26,1,2612,2607,0.849825356489,0.842155452549,75,7.5,27,1,2678,2669,0.923456434307,0.909650607216,75,7.5,28,2,2073,2071,0.010737865515,0.007669903939,75,7.5,26,1
296,2026-09-05T07:30:35.251224+00:00,182196484000000,182196531000000,17.828000000,online_inference,3,0,2089,2086,0.101242732000,0.096640789637,76,7.6,27,1,2641,2644,0.882038953034,0.886640895398,75,7.5,26,0,2612,2607,0.849825356489,0.842155452549,76,7.6,27,1,2678,2669,0.923456434307,0.909650607216,75,7.5,28,1,2073,2071,0.010737865515,0.007669903939,76,7.6,26,0
297,2026-09-05T07:30:35.310229+00:00,182196546000000,182196578000000,17.875000000,online_inference,3,0,2089,2086,0.101242732000,0.096640789637,76,7.6,27,1,2641,2644,0.882038953034,0.886640895398,75,7.5,26,0,2612,2607,0.849825356489,0.842155452549,76,7.6,27,0,2678,2669,0.923456434307,0.909650607216,75,7.5,28,2,2073,2071,0.010737865515,0.007669903939,75,7.5,26,0
298,2026-09-05T07:30:35.365477+00:00,182196593000000,182196640000000,17.937000000,online_inference,3,0,2089,2086,0.101242732000,0.096640789637,76,7.6,27,0,2641,2644,0.882038953034,0.886640895398,75,7.5,26,1,2612,2607,0.849825356489,0.842155452549,76,7.6,27,0,2678,2669,0.923456434307,0.909650607216,75,7.5,28,2,2073,2071,0.010737865515,0.007669903939,75,7.5,26,1
299,2026-09-05T07:30:35.422389+00:00,182196656000000,182196703000000,18.000000000,online_inference,3,0,2089,2086,0.101242732000,0.096640789637,76,7.6,27,0,2641,2644,0.882038953034,0.886640895398,75,7.5,26,0,2612,2607,0.849825356489,0.842155452549,76,7.6,27,1,2678,2669,0.923456434307,0.909650607216,75,7.5,28,2,2073,2071,0.010737865515,0.007669903939,75,7.5,26,1
300,2026-09-05T07:30:35.489118+00:00,182196718000000,182196765000000,18.062000000,online_inference,3,0,2089,2086,0.101242732000,0.096640789637,76,7.6,27,1,2641,2644,0.882038953034,0.886640895398,75,7.5,26,0,2612,2607,0.849825356489,0.842155452549,76,7.6,27,1,2678,2669,0.923456434307,0.909650607216,75,7.5,28,1,2073,2071,0.010737865515,0.007669903939,75,7.5,26,0
301,2026-09-05T07:30:35.550574+00:00,182196781000000,182196828000000,18.125000000,online_inference,3,0,2089,2086,0.101242732000,0.096640789637,76,7.6,27,0,2641,2644,0.882038953034,0.886640895398,75,7.5,26,0,2612,2607,0.849825356489,0.842155452549,76,7.6,27,1,2678,2669,0.923456434307,0.909650607216,75,7.5,28,2,2073,2071,0.010737865515,0.007669903939,76,7.6,26,0
302,2026-09-05T07:30:35.614128+00:00,182196843000000,182196890000000,18.187000000,online_inference,3,0,2089,2086,0.101242732000,0.096640789637,76,7.6,27,1,2641,2644,0.882038953034,0.886640895398,75,7.5,26,1,2612,2607,0.849825356489,0.842155452549,76,7.6,27,0,2678,2669,0.923456434307,0.909650607216,75,7.5,28,1,2073,2071,0.010737865515,0.007669903939,75,7.5,26,1
303,2026-09-05T07:30:35.692005+00:00,182196906000000,182196968000000,18.265000000,online_inference,3,0,2089,2086,0.101242732000,0.096640789637,76,7.6,27,0,2641,2644,0.882038953034,0.886640895398,75,7.5,26,1,2612,2607,0.849825356489,0.842155452549,76,7.6,27,1,2678,2669,0.923456434307,0.909650607216,75,7.5,28,2,2073,2071,0.010737865515,0.007669903939,76,7.6,26,1
304,2026-09-05T07:30:35.756968+00:00,182196984000000,182197031000000,18.328000000,online_inference,3,0,2089,2086,0.101242732000,0.096640789637,76,7.6,27,1,2641,2644,0.882038953034,0.886640895398,75,7.5,26,1,2612,2607,0.849825356489,0.842155452549,76,7.6,27,0,2678,2669,0.923456434307,0.909650607216,75,7.5,28,1,2073,2071,0.010737865515,0.007669903939,75,7.5,26,1
305,2026-09-05T07:30:35.820701+00:00,182197046000000,182197093000000,18.390000000,online_inference,3,0,2089,2086,0.101242732000,0.096640789637,76,7.6,27,1,2641,2644,0.882038953034,0.886640895398,75,7.5,26,0,2612,2607,0.849825356489,0.842155452549,76,7.6,27,1,2678,2669,0.923456434307,0.909650607216,75,7.5,28,1,2073,2071,0.010737865515,0.007669903939,75,7.5,26,1
306,2026-09-05T07:30:35.874547+00:00,182197109000000,182197156000000,18.453000000,online_inference,3,0,2089,2086,0.101242732000,0.096640789637,76,7.6,27,1,2641,2644,0.882038953034,0.886640895398,75,7.5,26,1,2612,2607,0.849825356489,0.842155452549,76,7.6,27,1,2678,2669,0.923456434307,0.909650607216,75,7.5,28,2,2073,2071,0.010737865515,0.007669903939,75,7.5,26,1
307,2026-09-05T07:30:35.935459+00:00,182197171000000,182197203000000,18.500000000,online_inference,3,0,2089,2086,0.101242732000,0.096640789637,76,7.6,27,1,2641,2644,0.882038953034,0.886640895398,75,7.5,26,1,2612,2607,0.849825356489,0.842155452549,76,7.6,27,1,2678,2669,0.923456434307,0.909650607216,75,7.5,28,1,2073,2071,0.010737865515,0.007669903939,75,7.5,26,0
308,2026-09-05T07:30:35.982828+00:00,182197218000000,182197250000000,18.562000000,online_inference,3,0,2089,2086,0.101242732000,0.096640789637,76,7.6,27,0,2641,2644,0.882038953034,0.886640895398,75,7.5,26,1,2612,2607,0.849825356489,0.842155452549,76,7.6,27,1,2678,2669,0.923456434307,0.909650607216,75,7.5,28,2,2073,2071,0.010737865515,0.007669903939,75,7.5,26,0
309,2026-09-05T07:30:36.042245+00:00,182197281000000,182197312000000,18.609000000,online_inference,3,0,2089,2086,0.101242732000,0.096640789637,76,7.6,27,1,2641,2644,0.882038953034,0.886640895398,75,7.5,26,1,2612,2607,0.849825356489,0.842155452549,76,7.6,27,1,2678,2669,0.923456434307,0.909650607216,75,7.5,28,2,2073,2071,0.010737865515,0.007669903939,76,7.6,26,0
310,2026-09-05T07:30:36.102880+00:00,182197328000000,182197375000000,18.672000000,online_inference,3,0,2089,2086,0.101242732000,0.096640789637,76,7.6,27,0,2641,2644,0.882038953034,0.886640895398,75,7.5,26,1,2612,2607,0.849825356489,0.842155452549,76,7.6,27,1,2678,2669,0.923456434307,0.909650607216,75,7.5,28,1,2073,2071,0.010737865515,0.007669903939,76,7.6,26,1
311,2026-09-05T07:30:36.155869+00:00,182197390000000,182197437000000,18.734000000,online_inference,3,0,2089,2086,0.101242732000,0.096640789637,76,7.6,27,1,2641,2644,0.882038953034,0.886640895398,75,7.5,26,0,2612,2607,0.849825356489,0.842155452549,76,7.6,27,1,2678,2669,0.923456434307,0.909650607216,75,7.5,28,1,2073,2071,0.010737865515,0.007669903939,75,7.5,26,0
312,2026-09-05T07:30:36.235386+00:00,182197453000000,182197515000000,18.812000000,online_inference,3,0,2089,2086,0.101242732000,0.096640789637,76,7.6,27,1,2641,2644,0.882038953034,0.886640895398,75,7.5,26,1,2612,2607,0.849825356489,0.842155452549,76,7.6,27,0,2678,2669,0.923456434307,0.909650607216,75,7.5,28,2,2073,2071,0.010737865515,0.007669903939,75,7.5,26,1
313,2026-09-05T07:30:36.306796+00:00,182197531000000,182197578000000,18.875000000,online_inference,3,0,2089,2086,0.101242732000,0.096640789637,76,7.6,27,0,2641,2644,0.882038953034,0.886640895398,75,7.5,26,0,2612,2607,0.849825356489,0.842155452549,76,7.6,27,1,2678,2669,0.923456434307,0.909650607216,75,7.5,28,2,2073,2071,0.010737865515,0.007669903939,75,7.5,26,1
314,2026-09-05T07:30:36.366416+00:00,182197593000000,182197640000000,18.937000000,online_inference,3,0,2089,2086,0.101242732000,0.096640789637,76,7.6,27,0,2641,2644,0.882038953034,0.886640895398,75,7.5,26,0,2612,2607,0.849825356489,0.842155452549,76,7.6,27,1,2678,2669,0.923456434307,0.909650607216,75,7.5,28,1,2073,2071,0.010737865515,0.007669903939,76,7.6,26,1
315,2026-09-05T07:30:36.420148+00:00,182197656000000,182197687000000,18.984000000,online_inference,3,0,2089,2086,0.101242732000,0.096640789637,76,7.6,27,1,2641,2644,0.882038953034,0.886640895398,75,7.5,26,1,2612,2607,0.849825356489,0.842155452549,76,7.6,27,0,2678,2669,0.923456434307,0.909650607216,75,7.5,27,1,2073,2071,0.010737865515,0.007669903939,75,7.5,26,1
316,2026-09-05T07:30:36.485200+00:00,182197703000000,182197765000000,19.062000000,online_inference,3,0,2089,2086,0.101242732000,0.096640789637,76,7.6,27,0,2641,2644,0.882038953034,0.886640895398,75,7.5,26,1,2612,2607,0.849825356489,0.842155452549,76,7.6,27,1,2678,2669,0.923456434307,0.909650607216,75,7.5,28,1,2073,2071,0.010737865515,0.007669903939,75,7.5,26,1
317,2026-09-05T07:30:36.553971+00:00,182197781000000,182197828000000,19.125000000,online_inference,3,0,2089,2086,0.101242732000,0.096640789637,76,7.6,27,1,2641,2644,0.882038953034,0.886640895398,75,7.5,26,1,2612,2607,0.849825356489,0.842155452549,76,7.6,27,0,2678,2669,0.923456434307,0.909650607216,75,7.5,28,2,2073,2071,0.010737865515,0.007669903939,76,7.6,26,0
318,2026-09-05T07:30:36.610236+00:00,182197843000000,182197890000000,19.187000000,online_inference,3,0,2089,2086,0.101242732000,0.096640789637,76,7.6,27,1,2641,2644,0.882038953034,0.886640895398,75,7.5,26,1,2612,2607,0.849825356489,0.842155452549,76,7.6,27,1,2678,2669,0.923456434307,0.909650607216,75,7.5,28,2,2073,2071,0.010737865515,0.007669903939,75,7.5,26,0
319,2026-09-05T07:30:36.684686+00:00,182197906000000,182197953000000,19.250000000,online_inference,3,0,2089,2086,0.101242732000,0.096640789637,76,7.6,27,1,2641,2644,0.882038953034,0.886640895398,75,7.5,26,0,2612,2607,0.849825356489,0.842155452549,76,7.6,27,1,2678,2669,0.923456434307,0.909650607216,75,7.5,28,1,2073,2071,0.010737865515,0.007669903939,75,7.5,26,1
320,2026-09-05T07:30:36.753638+00:00,182197968000000,182198031000000,19.328000000,online_inference,3,0,2089,2086,0.101242732000,0.096640789637,76,7.6,27,1,2641,2644,0.882038953034,0.886640895398,75,7.5,26,0,2612,2607,0.849825356489,0.842155452549,76,7.6,27,1,2678,2669,0.923456434307,0.909650607216,75,7.5,28,2,2073,2071,0.010737865515,0.007669903939,76,7.6,26,0
321,2026-09-05T07:30:36.820547+00:00,182198046000000,182198093000000,19.390000000,online_inference,3,0,2089,2086,0.101242732000,0.096640789637,76,7.6,27,1,2641,2644,0.882038953034,0.886640895398,75,7.5,26,0,2612,2607,0.849825356489,0.842155452549,75,7.5,27,1,2678,2669,0.923456434307,0.909650607216,75,7.5,28,2,2073,2071,0.010737865515,0.007669903939,75,7.5,26,1
322,2026-09-05T07:30:36.874680+00:00,182198109000000,182198156000000,19.453000000,online_inference,3,0,2089,2086,0.101242732000,0.096640789637,76,7.6,27,1,2641,2644,0.882038953034,0.886640895398,75,7.5,26,1,2612,2607,0.849825356489,0.842155452549,76,7.6,27,2,2678,2669,0.923456434307,0.909650607216,75,7.5,28,1,2073,2071,0.010737865515,0.007669903939,75,7.5,26,0
323,2026-09-05T07:30:36.949082+00:00,182198171000000,182198218000000,19.515000000,online_inference,3,0,2089,2086,0.101242732000,0.096640789637,76,7.6,27,0,2641,2644,0.882038953034,0.886640895398,75,7.5,26,1,2612,2607,0.849825356489,0.842155452549,76,7.6,27,1,2678,2669,0.923456434307,0.909650607216,75,7.5,28,1,2073,2071,0.010737865515,0.007669903939,75,7.5,26,0
324,2026-09-05T07:30:36.997570+00:00,182198234000000,182198265000000,19.562000000,online_inference,3,0,2089,2086,0.101242732000,0.096640789637,76,7.6,27,1,2641,2644,0.882038953034,0.886640895398,75,7.5,26,0,2612,2607,0.849825356489,0.842155452549,76,7.6,27,1,2678,2669,0.923456434307,0.909650607216,75,7.5,28,2,2073,2071,0.010737865515,0.007669903939,76,7.6,26,0
325,2026-09-05T07:30:37.058057+00:00,182198281000000,182198328000000,19.625000000,online_inference,3,0,2089,2086,0.101242732000,0.096640789637,76,7.6,27,1,2641,2644,0.882038953034,0.886640895398,75,7.5,26,1,2612,2607,0.849825356489,0.842155452549,76,7.6,27,0,2678,2669,0.923456434307,0.909650607216,75,7.5,28,1,2073,2071,0.010737865515,0.007669903939,75,7.5,26,1
326,2026-09-05T07:30:37.109582+00:00,182198343000000,182198390000000,19.687000000,online_inference,3,0,2089,2086,0.101242732000,0.096640789637,76,7.6,27,0,2641,2644,0.882038953034,0.886640895398,75,7.5,26,1,2612,2607,0.849825356489,0.842155452549,76,7.6,27,1,2678,2669,0.923456434307,0.909650607216,75,7.5,28,2,2073,2071,0.010737865515,0.007669903939,75,7.5,26,0
327,2026-09-05T07:30:37.168344+00:00,182198406000000,182198437000000,19.734000000,online_inference,3,0,2089,2086,0.101242732000,0.096640789637,76,7.6,27,1,2641,2644,0.882038953034,0.886640895398,75,7.5,26,1,2612,2607,0.849825356489,0.842155452549,76,7.6,27,1,2678,2669,0.923456434307,0.909650607216,75,7.5,28,1,2073,2071,0.010737865515,0.007669903939,76,7.6,26,1
328,2026-09-05T07:30:37.214856+00:00,182198453000000,182198484000000,19.781000000,online_inference,3,0,2089,2086,0.101242732000,0.096640789637,76,7.6,27,1,2641,2644,0.882038953034,0.886640895398,75,7.5,26,1,2612,2607,0.849825356489,0.842155452549,76,7.6,27,1,2678,2669,0.923456434307,0.909650607216,75,7.5,28,1,2073,2071,0.010737865515,0.007669903939,75,7.5,26,1
329,2026-09-05T07:30:37.274934+00:00,182198515000000,182198546000000,19.843000000,online_inference,3,0,2089,2086,0.101242732000,0.096640789637,76,7.6,27,0,2641,2644,0.882038953034,0.886640895398,75,7.5,26,1,2612,2607,0.849825356489,0.842155452549,76,7.6,27,1,2678,2669,0.923456434307,0.909650607216,75,7.5,28,1,2073,2071,0.010737865515,0.007669903939,75,7.5,26,1
330,2026-09-05T07:30:37.333465+00:00,182198562000000,182198609000000,19.906000000,online_inference,3,0,2089,2086,0.101242732000,0.096640789637,76,7.6,27,1,2641,2644,0.882038953034,0.886640895398,75,7.5,26,1,2612,2607,0.849825356489,0.842155452549,76,7.6,27,1,2678,2669,0.923456434307,0.909650607216,75,7.5,28,2,2073,2071,0.010737865515,0.007669903939,75,7.5,26,1
331,2026-09-05T07:30:37.392163+00:00,182198625000000,182198671000000,19.968000000,online_inference,3,0,2089,2086,0.101242732000,0.096640789637,76,7.6,27,1,2641,2644,0.882038953034,0.886640895398,75,7.5,26,1,2612,2607,0.849825356489,0.842155452549,76,7.6,27,1,2678,2669,0.923456434307,0.909650607216,75,7.5,28,2,2073,2071,0.010737865515,0.007669903939,75,7.5,26,1
332,2026-09-05T07:30:37.464266+00:00,182198687000000,182198734000000,20.031000000,online_inference,3,0,2089,2086,0.101242732000,0.096640789637,76,7.6,27,1,2641,2644,0.882038953034,0.886640895398,75,7.5,26,1,2612,2607,0.849825356489,0.842155452549,76,7.6,27,1,2678,2669,0.923456434307,0.909650607216,75,7.5,28,2,2073,2071,0.010737865515,0.007669903939,75,7.5,26,1
333,2026-09-05T07:30:37.522154+00:00,182198750000000,182198796000000,20.093000000,online_inference,3,0,2089,2086,0.101242732000,0.096640789637,76,7.6,27,0,2641,2644,0.882038953034,0.886640895398,75,7.5,26,0,2612,2607,0.849825356489,0.842155452549,76,7.6,27,1,2678,2669,0.923456434307,0.909650607216,75,7.5,28,2,2073,2071,0.010737865515,0.007669903939,75,7.5,26,1
334,2026-09-05T07:30:37.582475+00:00,182198812000000,182198859000000,20.156000000,online_inference,3,0,2089,2086,0.101242732000,0.096640789637,76,7.6,27,1,2641,2644,0.882038953034,0.886640895398,75,7.5,26,1,2612,2607,0.849825356489,0.842155452549,76,7.6,27,1,2678,2669,0.923456434307,0.909650607216,75,7.5,28,1,2073,2071,0.010737865515,0.007669903939,75,7.5,26,1
335,2026-09-05T07:30:37.641740+00:00,182198875000000,182198921000000,20.218000000,online_inference,3,0,2089,2086,0.101242732000,0.096640789637,76,7.6,27,1,2641,2644,0.882038953034,0.886640895398,75,7.5,26,1,2612,2607,0.849825356489,0.842155452549,76,7.6,27,1,2678,2669,0.923456434307,0.909650607216,75,7.5,28,2,2073,2071,0.010737865515,0.007669903939,75,7.5,26,1
336,2026-09-05T07:30:37.712406+00:00,182198937000000,182198984000000,20.281000000,online_inference,3,0,2089,2086,0.101242732000,0.096640789637,76,7.6,27,1,2641,2644,0.882038953034,0.886640895398,75,7.5,26,0,2612,2607,0.849825356489,0.842155452549,76,7.6,27,1,2678,2669,0.923456434307,0.909650607216,75,7.5,28,2,2073,2071,0.010737865515,0.007669903939,75,7.5,26,1
337,2026-09-05T07:30:37.765623+00:00,182199000000000,182199046000000,20.343000000,online_inference,3,0,2089,2086,0.101242732000,0.096640789637,76,7.6,27,0,2641,2644,0.882038953034,0.886640895398,75,7.5,26,0,2612,2607,0.849825356489,0.842155452549,76,7.6,27,1,2678,2669,0.923456434307,0.909650607216,75,7.5,28,2,2073,2071,0.010737865515,0.007669903939,75,7.5,26,0
338,2026-09-05T07:30:37.826471+00:00,182199062000000,182199093000000,20.390000000,online_inference,3,0,2089,2086,0.101242732000,0.096640789637,76,7.6,27,0,2641,2644,0.882038953034,0.886640895398,75,7.5,26,0,2612,2607,0.849825356489,0.842155452549,76,7.6,27,1,2678,2669,0.923456434307,0.909650607216,75,7.5,28,1,2073,2071,0.010737865515,0.007669903939,75,7.5,26,1
339,2026-09-05T07:30:37.886013+00:00,182199109000000,182199156000000,20.453000000,online_archive,3,0,2089,2086,0.101242732000,0.096640789637,76,7.6,27,1,2641,2644,0.882038953034,0.886640895398,75,7.5,26,1,2612,2607,0.849825356489,0.842155452549,76,7.6,27,1,2678,2669,0.923456434307,0.909650607216,75,7.5,28,1,2073,2071,0.010737865515,0.007669903939,75,7.5,26,1
340,2026-09-05T07:30:37.923441+00:00,182199171000000,182199203000000,20.500000000,online_archive,3,0,2089,2086,0.101242732000,0.096640789637,76,7.6,27,1,2641,2644,0.882038953034,0.886640895398,75,7.5,26,1,2612,2607,0.849825356489,0.842155452549,76,7.6,27,0,2678,2669,0.923456434307,0.909650607216,75,7.5,28,1,2073,2071,0.010737865515,0.007669903939,75,7.5,26,0
341,2026-09-05T07:30:38.009894+00:00,182199250000000,182199281000000,20.578000000,fixed_trajectory,3,0,2089,2086,0.101242732000,0.096640789637,76,7.6,27,1,2641,2644,0.882038953034,0.886640895398,75,7.5,26,1,2612,2607,0.849825356489,0.842155452549,76,7.6,27,0,2678,2669,0.923456434307,0.909650607216,75,7.5,28,1,2073,2071,0.010737865515,0.007669903939,75,7.5,26,1
342,2026-09-05T07:30:38.052580+00:00,182199296000000,182199328000000,20.625000000,fixed_trajectory,3,0,2089,2086,0.101242732000,0.096640789637,76,7.6,27,1,2641,2644,0.882038953034,0.886640895398,75,7.5,26,1,2612,2607,0.849825356489,0.842155452549,76,7.6,27,1,2678,2668,0.923456434307,0.908116626428,75,7.5,28,1,2073,2071,0.010737865515,0.007669903939,75,7.5,26,0
343,2026-09-05T07:30:38.100501+00:00,182199343000000,182199375000000,20.672000000,fixed_trajectory,3,0,2089,2086,0.101242732000,0.096640789637,76,7.6,28,1,2641,2644,0.882038953034,0.886640895398,75,7.5,26,1,2612,2607,0.849825356489,0.842155452549,76,7.6,27,1,2678,2667,0.923456434307,0.906582645640,75,7.5,28,1,2073,2071,0.010737865515,0.007669903939,75,7.5,26,1
344,2026-09-05T07:30:38.152235+00:00,182199390000000,182199421000000,20.718000000,fixed_trajectory,3,0,2089,2086,0.101242732000,0.096640789637,76,7.6,27,1,2641,2644,0.882038953034,0.886640895398,75,7.5,26,1,2612,2607,0.849825356489,0.842155452549,76,7.6,27,1,2678,2666,0.923456434307,0.905048664853,75,7.5,28,2,2073,2071,0.010737865515,0.007669903939,75,7.5,29,1
345,2026-09-05T07:30:38.198814+00:00,182199437000000,182199468000000,20.765000000,fixed_trajectory,3,0,2089,2086,0.101242732000,0.096640789637,76,7.6,27,1,2641,2645,0.882038953034,0.888174876186,75,7.5,26,1,2612,2607,0.849825356489,0.842155452549,76,7.6,27,1,2678,2665,0.923456434307,0.903514684065,75,7.5,28,2,2073,2071,0.010737865515,0.007669903939,75,7.5,26,0
346,2026-09-05T07:30:38.254858+00:00,182199484000000,182199531000000,20.828000000,fixed_trajectory,3,0,2089,2086,0.101242732000,0.096640789637,76,7.6,27,0,2641,2645,0.882038953034,0.888174876186,75,7.5,26,1,2612,2607,0.849825356489,0.842155452549,76,7.6,27,1,2678,2664,0.923456434307,0.901980703277,75,7.5,28,2,2073,2071,0.010737865515,0.007669903939,75,7.5,26,1
347,2026-09-05T07:30:38.300336+00:00,182199546000000,182199578000000,20.875000000,fixed_trajectory,3,0,2089,2086,0.101242732000,0.096640789637,76,7.6,27,0,2641,2645,0.882038953034,0.888174876186,75,7.5,26,0,2612,2607,0.849825356489,0.842155452549,76,7.6,27,1,2678,2663,0.923456434307,0.900446722489,75,7.5,28,2,2073,2071,0.010737865515,0.007669903939,75,7.5,26,1
348,2026-09-05T07:30:38.364610+00:00,182199593000000,182199640000000,20.937000000,fixed_trajectory,3,0,2089,2086,0.101242732000,0.096640789637,76,7.6,27,1,2641,2645,0.882038953034,0.888174876186,75,7.5,26,1,2612,2607,0.849825356489,0.842155452549,76,7.6,27,1,2678,2662,0.923456434307,0.898912741701,75,7.5,28,3,2073,2071,0.010737865515,0.007669903939,75,7.5,26,1
349,2026-09-05T07:30:38.404281+00:00,182199656000000,182199671000000,20.968000000,fixed_trajectory,3,0,2089,2086,0.101242732000,0.096640789637,76,7.6,27,0,2641,2645,0.882038953034,0.888174876186,75,7.5,26,0,2613,2607,0.851359337277,0.842155452549,76,7.6,27,1,2676,2661,0.920388472731,0.897378760913,75,7.5,28,1,2073,2071,0.010737865515,0.007669903939,75,7.5,26,1
350,2026-09-05T07:30:38.460027+00:00,182199703000000,182199734000000,21.031000000,fixed_trajectory,3,0,2089,2086,0.101242732000,0.096640789637,76,7.6,27,0,2641,2645,0.882038953034,0.888174876186,75,7.5,26,0,2613,2607,0.851359337277,0.842155452549,76,7.6,27,1,2672,2660,0.914252549580,0.895844780125,75,7.5,28,1,2073,2071,0.010737865515,0.007669903939,75,7.5,26,0
351,2026-09-05T07:30:38.517291+00:00,182199750000000,182199796000000,21.093000000,fixed_trajectory,3,0,2089,2086,0.101242732000,0.096640789637,76,7.6,27,0,2641,2645,0.882038953034,0.888174876186,75,7.5,26,0,2613,2607,0.851359337277,0.842155452549,76,7.6,27,1,2669,2659,0.909650607216,0.894310799337,75,7.5,28,1,2073,2071,0.010737865515,0.007669903939,75,7.5,26,1
352,2026-09-05T07:30:38.570819+00:00,182199812000000,182199843000000,21.140000000,fixed_trajectory,3,0,2089,2086,0.101242732000,0.096640789637,76,7.6,27,1,2641,2646,0.882038953034,0.889708856974,75,7.5,26,1,2613,2607,0.851359337277,0.842155452549,76,7.6,27,1,2668,2658,0.908116626428,0.892776818549,75,7.5,28,2,2073,2071,0.010737865515,0.007669903939,75,7.5,26,0
353,2026-09-05T07:30:38.621821+00:00,182199859000000,182199890000000,21.187000000,fixed_trajectory,3,0,2089,2086,0.101242732000,0.096640789637,76,7.6,27,0,2641,2646,0.882038953034,0.889708856974,75,7.5,26,2,2613,2607,0.851359337277,0.842155452549,76,7.6,27,1,2668,2657,0.908116626428,0.891242837762,75,7.5,28,2,2073,2071,0.010737865515,0.007669903939,75,7.5,26,0
354,2026-09-05T07:30:38.667524+00:00,182199906000000,182199937000000,21.234000000,fixed_trajectory,3,0,2089,2086,0.101242732000,0.096640789637,76,7.6,27,1,2643,2646,0.885106914610,0.889708856974,75,7.5,26,1,2613,2607,0.851359337277,0.842155452549,76,7.6,27,1,2668,2656,0.908116626428,0.889708856974,75,7.5,28,3,2073,2071,0.010737865515,0.007669903939,75,7.5,26,0
355,2026-09-05T07:30:38.720288+00:00,182199953000000,182200000000000,21.297000000,online_observation,3,0,2089,2086,0.101242732000,0.096640789637,76,7.6,27,1,2644,2646,0.886640895398,0.889708856974,75,7.5,26,0,2613,2607,0.851359337277,0.842155452549,76,7.6,27,1,2668,2655,0.908116626428,0.888174876186,75,7.5,28,2,2073,2071,0.010737865515,0.007669903939,75,7.5,26,0
356,2026-09-05T07:30:38.766008+00:00,182200015000000,182200046000000,21.343000000,online_observation,3,0,2089,2086,0.101242732000,0.096640789637,76,7.6,27,0,2644,2646,0.886640895398,0.889708856974,75,7.5,26,1,2613,2607,0.851359337277,0.842155452549,76,7.6,27,1,2667,2655,0.906582645640,0.888174876186,75,7.5,28,1,2073,2071,0.010737865515,0.007669903939,75,7.5,26,1
357,2026-09-05T07:30:38.825348+00:00,182200062000000,182200093000000,21.390000000,online_observation,3,0,2089,2086,0.101242732000,0.096640789637,76,7.6,27,0,2644,2646,0.886640895398,0.889708856974,75,7.5,26,0,2613,2607,0.851359337277,0.842155452549,76,7.6,27,1,2664,2655,0.901980703277,0.888174876186,75,7.5,28,1,2073,2071,0.010737865515,0.007669903939,75,7.5,26,0
358,2026-09-05T07:30:38.880210+00:00,182200125000000,182200156000000,21.453000000,online_observation,3,0,2089,2086,0.101242732000,0.096640789637,76,7.6,27,1,2644,2646,0.886640895398,0.889708856974,75,7.5,26,1,2613,2607,0.851359337277,0.842155452549,76,7.6,27,1,2664,2655,0.901980703277,0.888174876186,75,7.5,28,1,2073,2071,0.010737865515,0.007669903939,75,7.5,26,1
359,2026-09-05T07:30:38.930350+00:00,182200171000000,182200203000000,21.500000000,online_observation,3,0,2089,2086,0.101242732000,0.096640789637,76,7.6,27,0,2644,2646,0.886640895398,0.889708856974,75,7.5,26,1,2613,2607,0.851359337277,0.842155452549,76,7.6,27,1,2664,2655,0.901980703277,0.888174876186,75,7.5,28,2,2073,2071,0.010737865515,0.007669903939,75,7.5,26,1
360,2026-09-05T07:30:38.975373+00:00,182200218000000,182200250000000,21.547000000,online_observation,3,0,2089,2086,0.101242732000,0.096640789637,76,7.6,27,0,2644,2646,0.886640895398,0.889708856974,75,7.5,26,0,2613,2607,0.851359337277,0.842155452549,76,7.6,27,1,2664,2655,0.901980703277,0.888174876186,75,7.5,28,2,2073,2071,0.010737865515,0.007669903939,75,7.5,26,1
361,2026-09-05T07:30:39.024902+00:00,182200265000000,182200296000000,21.593000000,online_observation,3,0,2089,2086,0.101242732000,0.096640789637,76,7.6,27,1,2644,2646,0.886640895398,0.889708856974,75,7.5,26,1,2613,2607,0.851359337277,0.842155452549,76,7.6,27,1,2664,2655,0.901980703277,0.888174876186,75,7.5,28,1,2073,2071,0.010737865515,0.007669903939,75,7.5,26,1
362,2026-09-05T07:30:39.091415+00:00,182200312000000,182200359000000,21.656000000,online_inference,4,0,2089,2086,0.101242732000,0.096640789637,76,7.6,27,1,2644,2646,0.886640895398,0.889708856974,75,7.5,26,1,2613,2607,0.851359337277,0.842155452549,76,7.6,27,1,2664,2655,0.901980703277,0.888174876186,75,7.5,28,1,2073,2071,0.010737865515,0.007669903939,75,7.5,26,0
363,2026-09-05T07:30:39.148909+00:00,182200375000000,182200421000000,21.718000000,online_inference,4,0,2089,2086,0.101242732000,0.096640789637,76,7.6,27,1,2644,2646,0.886640895398,0.889708856974,75,7.5,26,1,2613,2607,0.851359337277,0.842155452549,76,7.6,27,1,2664,2655,0.901980703277,0.888174876186,75,7.5,28,2,2073,2071,0.010737865515,0.007669903939,76,7.6,26,1
364,2026-09-05T07:30:39.206330+00:00,182200437000000,182200484000000,21.781000000,online_inference,4,0,2089,2086,0.101242732000,0.096640789637,76,7.6,27,1,2644,2646,0.886640895398,0.889708856974,75,7.5,26,1,2613,2607,0.851359337277,0.842155452549,76,7.6,27,1,2664,2655,0.901980703277,0.888174876186,75,7.5,28,1,2073,2071,0.010737865515,0.007669903939,75,7.5,26,0
365,2026-09-05T07:30:39.286941+00:00,182200500000000,182200562000000,21.859000000,online_inference,4,0,2089,2086,0.101242732000,0.096640789637,76,7.6,27,1,2644,2646,0.886640895398,0.889708856974,75,7.5,26,1,2613,2607,0.851359337277,0.842155452549,76,7.6,27,1,2664,2655,0.901980703277,0.888174876186,75,7.5,28,1,2073,2071,0.010737865515,0.007669903939,75,7.5,26,0
366,2026-09-05T07:30:39.343562+00:00,182200578000000,182200625000000,21.922000000,online_inference,4,0,2089,2086,0.101242732000,0.096640789637,76,7.6,27,1,2644,2646,0.886640895398,0.889708856974,75,7.5,26,1,2613,2607,0.851359337277,0.842155452549,75,7.5,27,1,2664,2655,0.901980703277,0.888174876186,75,7.5,28,2,2073,2071,0.010737865515,0.007669903939,75,7.5,26,1
367,2026-09-05T07:30:39.424266+00:00,182200656000000,182200703000000,22.000000000,online_inference,4,0,2089,2086,0.101242732000,0.096640789637,76,7.6,27,1,2644,2646,0.886640895398,0.889708856974,75,7.5,26,0,2613,2607,0.851359337277,0.842155452549,76,7.6,27,1,2664,2655,0.901980703277,0.888174876186,75,7.5,28,1,2073,2071,0.010737865515,0.007669903939,76,7.6,26,1
368,2026-09-05T07:30:39.486585+00:00,182200718000000,182200765000000,22.062000000,online_inference,4,0,2089,2086,0.101242732000,0.096640789637,76,7.6,27,0,2644,2646,0.886640895398,0.889708856974,75,7.5,26,0,2613,2607,0.851359337277,0.842155452549,76,7.6,27,1,2664,2655,0.901980703277,0.888174876186,75,7.5,28,1,2073,2071,0.010737865515,0.007669903939,76,7.6,26,1
369,2026-09-05T07:30:39.548379+00:00,182200781000000,182200828000000,22.125000000,online_inference,4,0,2089,2086,0.101242732000,0.096640789637,76,7.6,27,0,2644,2646,0.886640895398,0.889708856974,75,7.5,26,0,2613,2607,0.851359337277,0.842155452549,75,7.5,27,1,2664,2655,0.901980703277,0.888174876186,75,7.5,28,2,2073,2071,0.010737865515,0.007669903939,76,7.6,26,1
370,2026-09-05T07:30:39.613967+00:00,182200843000000,182200890000000,22.187000000,online_inference,4,0,2089,2086,0.101242732000,0.096640789637,76,7.6,27,0,2644,2646,0.886640895398,0.889708856974,75,7.5,26,0,2613,2607,0.851359337277,0.842155452549,76,7.6,27,0,2664,2655,0.901980703277,0.888174876186,75,7.5,28,2,2073,2071,0.010737865515,0.007669903939,75,7.5,26,0
371,2026-09-05T07:30:39.676426+00:00,182200906000000,182200953000000,22.250000000,online_inference,4,0,2089,2086,0.101242732000,0.096640789637,76,7.6,27,0,2644,2646,0.886640895398,0.889708856974,75,7.5,26,1,2613,2607,0.851359337277,0.842155452549,76,7.6,27,1,2664,2655,0.901980703277,0.888174876186,75,7.5,28,2,2073,2071,0.010737865515,0.007669903939,75,7.5,26,0
372,2026-09-05T07:30:39.735022+00:00,182200968000000,182201015000000,22.312000000,online_inference,4,0,2089,2086,0.101242732000,0.096640789637,76,7.6,27,1,2644,2646,0.886640895398,0.889708856974,75,7.5,26,1,2613,2607,0.851359337277,0.842155452549,76,7.6,27,1,2664,2655,0.901980703277,0.888174876186,75,7.5,28,2,2073,2071,0.010737865515,0.007669903939,75,7.5,26,0
373,2026-09-05T07:30:39.791162+00:00,182201031000000,182201062000000,22.359000000,online_inference,4,0,2089,2086,0.101242732000,0.096640789637,76,7.6,27,1,2644,2646,0.886640895398,0.889708856974,75,7.5,26,1,2613,2607,0.851359337277,0.842155452549,76,7.6,27,1,2664,2655,0.901980703277,0.888174876186,75,7.5,28,1,2073,2071,0.010737865515,0.007669903939,75,7.5,26,1
374,2026-09-05T07:30:39.855333+00:00,182201078000000,182201125000000,22.422000000,online_inference,4,0,2089,2086,0.101242732000,0.096640789637,76,7.6,27,1,2644,2646,0.886640895398,0.889708856974,75,7.5,26,0,2613,2607,0.851359337277,0.842155452549,76,7.6,27,1,2664,2655,0.901980703277,0.888174876186,75,7.5,28,2,2073,2071,0.010737865515,0.007669903939,75,7.5,26,1
375,2026-09-05T07:30:39.900103+00:00,182201140000000,182201171000000,22.468000000,online_inference,4,0,2089,2086,0.101242732000,0.096640789637,76,7.6,27,1,2644,2646,0.886640895398,0.889708856974,75,7.5,26,0,2613,2607,0.851359337277,0.842155452549,76,7.6,27,0,2664,2655,0.901980703277,0.888174876186,75,7.5,28,2,2073,2071,0.010737865515,0.007669903939,75,7.5,26,1
376,2026-09-05T07:30:39.969526+00:00,182201203000000,182201250000000,22.547000000,online_inference,4,0,2089,2086,0.101242732000,0.096640789637,76,7.6,27,1,2644,2646,0.886640895398,0.889708856974,75,7.5,26,0,2613,2607,0.851359337277,0.842155452549,76,7.6,27,1,2664,2655,0.901980703277,0.888174876186,75,7.5,28,2,2073,2071,0.010737865515,0.007669903939,75,7.5,26,1
377,2026-09-05T07:30:40.025948+00:00,182201265000000,182201296000000,22.593000000,online_inference,4,0,2089,2086,0.101242732000,0.096640789637,76,7.6,27,1,2644,2646,0.886640895398,0.889708856974,75,7.5,26,0,2613,2607,0.851359337277,0.842155452549,76,7.6,27,1,2664,2655,0.901980703277,0.888174876186,75,7.5,28,2,2073,2071,0.010737865515,0.007669903939,75,7.5,26,0
378,2026-09-05T07:30:40.078989+00:00,182201312000000,182201359000000,22.656000000,online_inference,4,0,2089,2086,0.101242732000,0.096640789637,76,7.6,27,0,2644,2646,0.886640895398,0.889708856974,75,7.5,26,1,2613,2607,0.851359337277,0.842155452549,76,7.6,27,1,2664,2655,0.901980703277,0.888174876186,75,7.5,28,2,2073,2071,0.010737865515,0.007669903939,75,7.5,26,0
379,2026-09-05T07:30:40.145469+00:00,182201375000000,182201421000000,22.718000000,online_inference,4,0,2089,2086,0.101242732000,0.096640789637,76,7.6,27,1,2644,2646,0.886640895398,0.889708856974,75,7.5,26,0,2613,2607,0.851359337277,0.842155452549,76,7.6,27,1,2664,2655,0.901980703277,0.888174876186,75,7.5,28,1,2073,2071,0.010737865515,0.007669903939,75,7.5,26,0
380,2026-09-05T07:30:40.207673+00:00,182201437000000,182201484000000,22.781000000,online_inference,4,0,2089,2086,0.101242732000,0.096640789637,76,7.6,27,0,2644,2646,0.886640895398,0.889708856974,75,7.5,26,1,2613,2607,0.851359337277,0.842155452549,76,7.6,27,1,2664,2655,0.901980703277,0.888174876186,75,7.5,28,2,2073,2071,0.010737865515,0.007669903939,75,7.5,26,0
381,2026-09-05T07:30:40.267271+00:00,182201500000000,182201546000000,22.843000000,online_inference,4,0,2089,2086,0.101242732000,0.096640789637,76,7.6,27,0,2644,2646,0.886640895398,0.889708856974,75,7.5,26,1,2613,2607,0.851359337277,0.842155452549,76,7.6,27,1,2664,2655,0.901980703277,0.888174876186,75,7.5,28,2,2073,2071,0.010737865515,0.007669903939,75,7.5,26,1
382,2026-09-05T07:30:40.334790+00:00,182201562000000,182201609000000,22.906000000,online_inference,4,0,2089,2086,0.101242732000,0.096640789637,76,7.6,27,1,2644,2646,0.886640895398,0.889708856974,75,7.5,26,0,2613,2607,0.851359337277,0.842155452549,76,7.6,27,1,2664,2655,0.901980703277,0.888174876186,75,7.5,28,1,2073,2071,0.010737865515,0.007669903939,75,7.5,26,1
383,2026-09-05T07:30:40.392596+00:00,182201625000000,182201671000000,22.968000000,online_inference,4,0,2089,2086,0.101242732000,0.096640789637,76,7.6,27,1,2644,2646,0.886640895398,0.889708856974,75,7.5,26,1,2613,2607,0.851359337277,0.842155452549,76,7.6,27,1,2664,2655,0.901980703277,0.888174876186,75,7.5,28,1,2073,2071,0.010737865515,0.007669903939,75,7.5,26,0
384,2026-09-05T07:30:40.456045+00:00,182201687000000,182201734000000,23.031000000,online_inference,4,0,2089,2086,0.101242732000,0.096640789637,76,7.6,27,1,2644,2646,0.886640895398,0.889708856974,75,7.5,26,1,2613,2607,0.851359337277,0.842155452549,76,7.6,27,1,2664,2655,0.901980703277,0.888174876186,75,7.5,28,2,2073,2071,0.010737865515,0.007669903939,75,7.5,26,0
385,2026-09-05T07:30:40.529216+00:00,182201765000000,182201796000000,23.093000000,online_inference,4,0,2089,2086,0.101242732000,0.096640789637,76,7.6,27,0,2644,2646,0.886640895398,0.889708856974,75,7.5,26,0,2613,2607,0.851359337277,0.842155452549,76,7.6,27,0,2664,2655,0.901980703277,0.888174876186,75,7.5,28,2,2073,2071,0.010737865515,0.007669903939,75,7.5,26,1
386,2026-09-05T07:30:40.585684+00:00,182201812000000,182201859000000,23.156000000,online_inference,4,0,2089,2086,0.101242732000,0.096640789637,76,7.6,27,1,2644,2646,0.886640895398,0.889708856974,75,7.5,26,1,2613,2607,0.851359337277,0.842155452549,76,7.6,27,1,2664,2655,0.901980703277,0.888174876186,75,7.5,28,1,2073,2071,0.010737865515,0.007669903939,75,7.5,26,1
387,2026-09-05T07:30:40.643339+00:00,182201875000000,182201921000000,23.218000000,online_inference,4,0,2089,2086,0.101242732000,0.096640789637,76,7.6,27,1,2644,2646,0.886640895398,0.889708856974,75,7.5,26,1,2613,2607,0.851359337277,0.842155452549,76,7.6,27,1,2664,2655,0.901980703277,0.888174876186,75,7.5,28,2,2073,2071,0.010737865515,0.007669903939,75,7.5,26,1
388,2026-09-05T07:30:40.710888+00:00,182201937000000,182201984000000,23.281000000,online_inference,4,0,2089,2086,0.101242732000,0.096640789637,76,7.6,27,1,2644,2646,0.886640895398,0.889708856974,75,7.5,26,0,2613,2607,0.851359337277,0.842155452549,76,7.6,27,1,2664,2655,0.901980703277,0.888174876186,75,7.5,28,2,2073,2071,0.010737865515,0.007669903939,75,7.5,26,1
389,2026-09-05T07:30:40.764637+00:00,182202000000000,182202046000000,23.343000000,online_inference,4,0,2089,2086,0.101242732000,0.096640789637,76,7.6,27,1,2644,2646,0.886640895398,0.889708856974,75,7.5,26,0,2613,2607,0.851359337277,0.842155452549,76,7.6,27,0,2664,2655,0.901980703277,0.888174876186,75,7.5,28,1,2073,2071,0.010737865515,0.007669903939,76,7.6,26,0
390,2026-09-05T07:30:40.821203+00:00,182202062000000,182202093000000,23.390000000,online_inference,4,0,2089,2086,0.101242732000,0.096640789637,76,7.6,27,1,2644,2646,0.886640895398,0.889708856974,75,7.5,26,1,2613,2607,0.851359337277,0.842155452549,76,7.6,27,1,2664,2655,0.901980703277,0.888174876186,75,7.5,28,1,2073,2071,0.010737865515,0.007669903939,75,7.5,26,1
391,2026-09-05T07:30:40.878132+00:00,182202109000000,182202156000000,23.453000000,online_inference,4,0,2089,2086,0.101242732000,0.096640789637,76,7.6,27,0,2644,2646,0.886640895398,0.889708856974,75,7.5,26,1,2613,2607,0.851359337277,0.842155452549,76,7.6,27,1,2664,2655,0.901980703277,0.888174876186,75,7.5,28,2,2073,2071,0.010737865515,0.007669903939,75,7.5,26,1
392,2026-09-05T07:30:40.933666+00:00,182202171000000,182202203000000,23.500000000,online_inference,4,0,2089,2086,0.101242732000,0.096640789637,76,7.6,27,1,2644,2646,0.886640895398,0.889708856974,75,7.5,26,0,2613,2607,0.851359337277,0.842155452549,76,7.6,27,0,2664,2655,0.901980703277,0.888174876186,75,7.5,28,1,2073,2071,0.010737865515,0.007669903939,75,7.5,26,1
393,2026-09-05T07:30:40.990460+00:00,182202218000000,182202265000000,23.562000000,online_inference,4,0,2089,2086,0.101242732000,0.096640789637,76,7.6,27,1,2644,2646,0.886640895398,0.889708856974,75,7.5,26,0,2613,2607,0.851359337277,0.842155452549,76,7.6,27,1,2664,2655,0.901980703277,0.888174876186,75,7.5,28,2,2073,2071,0.010737865515,0.007669903939,75,7.5,26,1
394,2026-09-05T07:30:41.053890+00:00,182202281000000,182202328000000,23.625000000,online_inference,4,0,2089,2086,0.101242732000,0.096640789637,76,7.6,27,1,2644,2646,0.886640895398,0.889708856974,75,7.5,26,1,2613,2607,0.851359337277,0.842155452549,76,7.6,27,1,2664,2655,0.901980703277,0.888174876186,75,7.5,28,1,2073,2071,0.010737865515,0.007669903939,75,7.5,26,1
395,2026-09-05T07:30:41.103395+00:00,182202343000000,182202375000000,23.672000000,online_inference,4,0,2089,2086,0.101242732000,0.096640789637,76,7.6,27,0,2644,2646,0.886640895398,0.889708856974,75,7.5,26,1,2613,2607,0.851359337277,0.842155452549,76,7.6,27,0,2664,2655,0.901980703277,0.888174876186,75,7.5,28,1,2073,2071,0.010737865515,0.007669903939,75,7.5,26,1
396,2026-09-05T07:30:41.159211+00:00,182202390000000,182202437000000,23.734000000,online_inference,4,0,2089,2086,0.101242732000,0.096640789637,76,7.6,27,0,2644,2646,0.886640895398,0.889708856974,75,7.5,26,1,2613,2607,0.851359337277,0.842155452549,76,7.6,27,1,2664,2655,0.901980703277,0.888174876186,75,7.5,28,1,2073,2071,0.010737865515,0.007669903939,75,7.5,26,1
397,2026-09-05T07:30:41.214378+00:00,182202453000000,182202484000000,23.781000000,online_inference,4,0,2089,2086,0.101242732000,0.096640789637,76,7.6,27,0,2644,2646,0.886640895398,0.889708856974,75,7.5,26,0,2613,2607,0.851359337277,0.842155452549,76,7.6,27,1,2664,2655,0.901980703277,0.888174876186,75,7.5,28,1,2073,2071,0.010737865515,0.007669903939,76,7.6,26,1
398,2026-09-05T07:30:41.277158+00:00,182202500000000,182202546000000,23.843000000,online_inference,4,0,2089,2086,0.101242732000,0.096640789637,76,7.6,27,1,2644,2646,0.886640895398,0.889708856974,75,7.5,26,1,2613,2607,0.851359337277,0.842155452549,76,7.6,27,1,2664,2655,0.901980703277,0.888174876186,75,7.5,28,1,2073,2071,0.010737865515,0.007669903939,75,7.5,26,1
399,2026-09-05T07:30:41.322824+00:00,182202562000000,182202593000000,23.890000000,online_inference,4,0,2089,2086,0.101242732000,0.096640789637,76,7.6,27,1,2644,2646,0.886640895398,0.889708856974,75,7.5,26,1,2613,2607,0.851359337277,0.842155452549,76,7.6,27,1,2664,2655,0.901980703277,0.888174876186,75,7.5,28,2,2073,2071,0.010737865515,0.007669903939,75,7.5,26,1
400,2026-09-05T07:30:41.379235+00:00,182202609000000,182202656000000,23.953000000,online_inference,4,0,2089,2086,0.101242732000,0.096640789637,76,7.6,27,0,2644,2646,0.886640895398,0.889708856974,75,7.5,26,1,2613,2607,0.851359337277,0.842155452549,76,7.6,27,1,2664,2655,0.901980703277,0.888174876186,75,7.5,28,2,2073,2071,0.010737865515,0.007669903939,76,7.6,26,0
401,2026-09-05T07:30:41.445161+00:00,182202671000000,182202718000000,24.015000000,online_inference,4,0,2089,2086,0.101242732000,0.096640789637,76,7.6,27,1,2644,2646,0.886640895398,0.889708856974,75,7.5,26,0,2613,2607,0.851359337277,0.842155452549,76,7.6,27,1,2664,2655,0.901980703277,0.888174876186,75,7.5,28,1,2073,2071,0.010737865515,0.007669903939,75,7.5,26,1
402,2026-09-05T07:30:41.496363+00:00,182202734000000,182202765000000,24.062000000,online_inference,4,0,2089,2086,0.101242732000,0.096640789637,76,7.6,27,0,2644,2646,0.886640895398,0.889708856974,75,7.5,26,1,2613,2607,0.851359337277,0.842155452549,76,7.6,27,1,2664,2655,0.901980703277,0.888174876186,75,7.5,28,2,2073,2071,0.010737865515,0.007669903939,75,7.5,26,1
403,2026-09-05T07:30:41.570584+00:00,182202796000000,182202843000000,24.140000000,online_inference,4,0,2089,2086,0.101242732000,0.096640789637,76,7.6,27,1,2644,2646,0.886640895398,0.889708856974,75,7.5,26,1,2613,2607,0.851359337277,0.842155452549,76,7.6,27,1,2664,2655,0.901980703277,0.888174876186,75,7.5,28,1,2073,2071,0.010737865515,0.007669903939,75,7.5,26,0
404,2026-09-05T07:30:41.633325+00:00,182202859000000,182202906000000,24.203000000,online_inference,4,0,2089,2086,0.101242732000,0.096640789637,76,7.6,27,0,2644,2646,0.886640895398,0.889708856974,75,7.5,26,0,2613,2607,0.851359337277,0.842155452549,76,7.6,27,1,2664,2655,0.901980703277,0.888174876186,75,7.5,28,1,2073,2071,0.010737865515,0.007669903939,75,7.5,26,1
405,2026-09-05T07:30:41.680458+00:00,182202921000000,182202953000000,24.250000000,online_inference,4,0,2089,2086,0.101242732000,0.096640789637,76,7.6,27,1,2644,2646,0.886640895398,0.889708856974,75,7.5,26,1,2613,2607,0.851359337277,0.842155452549,76,7.6,27,1,2664,2655,0.901980703277,0.888174876186,75,7.5,28,1,2073,2071,0.010737865515,0.007669903939,75,7.5,26,1
406,2026-09-05T07:30:41.745873+00:00,182202968000000,182203015000000,24.312000000,online_inference,4,0,2089,2086,0.101242732000,0.096640789637,76,7.6,27,1,2644,2646,0.886640895398,0.889708856974,75,7.5,26,1,2613,2607,0.851359337277,0.842155452549,76,7.6,27,0,2664,2655,0.901980703277,0.888174876186,75,7.5,28,2,2073,2071,0.010737865515,0.007669903939,75,7.5,26,1
407,2026-09-05T07:30:41.796698+00:00,182203031000000,182203078000000,24.375000000,online_inference,4,0,2089,2086,0.101242732000,0.096640789637,76,7.6,27,1,2644,2646,0.886640895398,0.889708856974,75,7.5,26,1,2613,2607,0.851359337277,0.842155452549,76,7.6,27,1,2664,2655,0.901980703277,0.888174876186,75,7.5,28,2,2073,2071,0.010737865515,0.007669903939,75,7.5,26,0
408,2026-09-05T07:30:41.856892+00:00,182203093000000,182203125000000,24.422000000,online_inference,4,0,2089,2086,0.101242732000,0.096640789637,76,7.6,27,1,2644,2646,0.886640895398,0.889708856974,75,7.5,26,1,2613,2607,0.851359337277,0.842155452549,76,7.6,27,2,2664,2655,0.901980703277,0.888174876186,75,7.5,28,1,2073,2071,0.010737865515,0.007669903939,75,7.5,26,1
409,2026-09-05T07:30:41.908910+00:00,182203140000000,182203187000000,24.484000000,online_inference,4,0,2089,2086,0.101242732000,0.096640789637,76,7.6,27,0,2644,2646,0.886640895398,0.889708856974,75,7.5,26,1,2613,2607,0.851359337277,0.842155452549,76,7.6,27,1,2664,2655,0.901980703277,0.888174876186,75,7.5,28,1,2073,2071,0.010737865515,0.007669903939,75,7.5,26,0
410,2026-09-05T07:30:41.975545+00:00,182203203000000,182203250000000,24.547000000,online_inference,4,0,2089,2086,0.101242732000,0.096640789637,76,7.6,27,0,2644,2646,0.886640895398,0.889708856974,75,7.5,26,0,2613,2607,0.851359337277,0.842155452549,76,7.6,27,1,2664,2655,0.901980703277,0.888174876186,75,7.5,28,1,2073,2071,0.010737865515,0.007669903939,75,7.5,26,0
411,2026-09-05T07:30:42.030804+00:00,182203265000000,182203312000000,24.609000000,online_inference,4,0,2089,2086,0.101242732000,0.096640789637,76,7.6,27,1,2644,2646,0.886640895398,0.889708856974,75,7.5,26,1,2613,2607,0.851359337277,0.842155452549,76,7.6,27,1,2664,2655,0.901980703277,0.888174876186,75,7.5,28,1,2073,2071,0.010737865515,0.007669903939,75,7.5,26,1
412,2026-09-05T07:30:42.100598+00:00,182203328000000,182203375000000,24.672000000,online_inference,4,0,2089,2086,0.101242732000,0.096640789637,76,7.6,27,1,2644,2646,0.886640895398,0.889708856974,75,7.5,26,1,2613,2607,0.851359337277,0.842155452549,76,7.6,27,1,2664,2655,0.901980703277,0.888174876186,75,7.5,28,1,2073,2071,0.010737865515,0.007669903939,75,7.5,26,0
413,2026-09-05T07:30:42.163902+00:00,182203390000000,182203437000000,24.734000000,online_inference,4,0,2089,2086,0.101242732000,0.096640789637,76,7.6,27,1,2644,2646,0.886640895398,0.889708856974,75,7.5,26,0,2613,2607,0.851359337277,0.842155452549,76,7.6,27,1,2664,2655,0.901980703277,0.888174876186,75,7.5,28,2,2073,2071,0.010737865515,0.007669903939,75,7.5,26,1
414,2026-09-05T07:30:42.225418+00:00,182203453000000,182203500000000,24.797000000,online_inference,4,0,2089,2086,0.101242732000,0.096640789637,76,7.6,27,1,2644,2646,0.886640895398,0.889708856974,75,7.5,26,1,2613,2607,0.851359337277,0.842155452549,76,7.6,27,1,2664,2655,0.901980703277,0.888174876186,75,7.5,28,1,2073,2071,0.010737865515,0.007669903939,75,7.5,26,1
415,2026-09-05T07:30:42.295953+00:00,182203515000000,182203578000000,24.875000000,online_inference,4,0,2089,2086,0.101242732000,0.096640789637,76,7.6,27,1,2644,2646,0.886640895398,0.889708856974,75,7.5,26,1,2613,2607,0.851359337277,0.842155452549,76,7.6,27,1,2664,2655,0.901980703277,0.888174876186,75,7.5,28,2,2073,2071,0.010737865515,0.007669903939,75,7.5,26,1
416,2026-09-05T07:30:42.363112+00:00,182203593000000,182203640000000,24.937000000,online_inference,4,0,2089,2086,0.101242732000,0.096640789637,76,7.6,27,0,2644,2646,0.886640895398,0.889708856974,75,7.5,26,0,2613,2607,0.851359337277,0.842155452549,76,7.6,27,1,2664,2655,0.901980703277,0.888174876186,75,7.5,28,1,2073,2071,0.010737865515,0.007669903939,75,7.5,26,0
417,2026-09-05T07:30:42.425998+00:00,182203656000000,182203703000000,25.000000000,online_inference,4,0,2089,2086,0.101242732000,0.096640789637,76,7.6,27,0,2644,2646,0.886640895398,0.889708856974,75,7.5,26,0,2613,2607,0.851359337277,0.842155452549,76,7.6,27,1,2664,2655,0.901980703277,0.888174876186,75,7.5,28,1,2073,2071,0.010737865515,0.007669903939,75,7.5,26,1
418,2026-09-05T07:30:42.485890+00:00,182203718000000,182203765000000,25.062000000,online_inference,4,0,2089,2086,0.101242732000,0.096640789637,76,7.6,27,1,2644,2646,0.886640895398,0.889708856974,75,7.5,26,1,2613,2607,0.851359337277,0.842155452549,76,7.6,27,1,2664,2655,0.901980703277,0.888174876186,75,7.5,28,2,2073,2071,0.010737865515,0.007669903939,76,7.6,26,1
419,2026-09-05T07:30:42.563589+00:00,182203781000000,182203843000000,25.140000000,online_inference,4,0,2089,2086,0.101242732000,0.096640789637,76,7.6,27,0,2644,2646,0.886640895398,0.889708856974,75,7.5,26,1,2613,2607,0.851359337277,0.842155452549,76,7.6,27,1,2664,2655,0.901980703277,0.888174876186,75,7.5,28,1,2073,2071,0.010737865515,0.007669903939,75,7.5,26,1
420,2026-09-05T07:30:42.641238+00:00,182203859000000,182203921000000,25.218000000,online_inference,4,0,2089,2086,0.101242732000,0.096640789637,76,7.6,27,1,2644,2646,0.886640895398,0.889708856974,75,7.5,26,0,2613,2607,0.851359337277,0.842155452549,76,7.6,27,1,2664,2655,0.901980703277,0.888174876186,75,7.5,28,2,2073,2071,0.010737865515,0.007669903939,75,7.5,26,0
421,2026-09-05T07:30:42.700994+00:00,182203937000000,182203968000000,25.265000000,online_inference,4,0,2089,2086,0.101242732000,0.096640789637,76,7.6,27,1,2644,2646,0.886640895398,0.889708856974,75,7.5,26,1,2613,2607,0.851359337277,0.842155452549,76,7.6,27,1,2664,2655,0.901980703277,0.888174876186,75,7.5,28,1,2073,2071,0.010737865515,0.007669903939,75,7.5,26,0
422,2026-09-05T07:30:42.757695+00:00,182203984000000,182204031000000,25.328000000,online_inference,4,0,2089,2086,0.101242732000,0.096640789637,76,7.6,27,1,2644,2646,0.886640895398,0.889708856974,75,7.5,26,0,2613,2607,0.851359337277,0.842155452549,76,7.6,27,1,2664,2655,0.901980703277,0.888174876186,75,7.5,28,2,2073,2071,0.010737865515,0.007669903939,75,7.5,26,1
423,2026-09-05T07:30:42.801847+00:00,182204046000000,182204078000000,25.375000000,online_inference,4,0,2089,2086,0.101242732000,0.096640789637,76,7.6,27,0,2644,2646,0.886640895398,0.889708856974,75,7.5,26,0,2613,2607,0.851359337277,0.842155452549,76,7.6,27,1,2664,2655,0.901980703277,0.888174876186,75,7.5,28,2,2073,2071,0.010737865515,0.007669903939,76,7.6,26,0
424,2026-09-05T07:30:42.865422+00:00,182204093000000,182204140000000,25.437000000,online_archive,4,0,2089,2086,0.101242732000,0.096640789637,76,7.6,27,1,2644,2646,0.886640895398,0.889708856974,75,7.5,26,0,2613,2607,0.851359337277,0.842155452549,76,7.6,27,1,2664,2655,0.901980703277,0.888174876186,75,7.5,28,1,2073,2071,0.010737865515,0.007669903939,75,7.5,26,0
425,2026-09-05T07:30:42.909395+00:00,182204156000000,182204187000000,25.484000000,online_archive,4,0,2089,2086,0.101242732000,0.096640789637,76,7.6,27,1,2644,2646,0.886640895398,0.889708856974,75,7.5,26,0,2613,2607,0.851359337277,0.842155452549,76,7.6,27,1,2664,2655,0.901980703277,0.888174876186,75,7.5,28,1,2073,2071,0.010737865515,0.007669903939,75,7.5,26,1
426,2026-09-05T07:30:42.985876+00:00,182204218000000,182204265000000,25.562000000,fixed_trajectory,4,0,2089,2086,0.101242732000,0.096640789637,76,7.6,27,0,2644,2646,0.886640895398,0.889708856974,75,7.5,26,1,2613,2607,0.851359337277,0.842155452549,76,7.6,27,0,2664,2655,0.901980703277,0.888174876186,75,7.5,28,1,2073,2071,0.010737865515,0.007669903939,75,7.5,26,1
427,2026-09-05T07:30:43.040430+00:00,182204281000000,182204312000000,25.609000000,fixed_trajectory,4,0,2089,2086,0.101242732000,0.096640789637,76,7.6,27,0,2644,2646,0.886640895398,0.889708856974,75,7.5,26,1,2613,2607,0.851359337277,0.842155452549,76,7.6,27,1,2664,2654,0.901980703277,0.886640895398,75,7.5,28,2,2073,2071,0.010737865515,0.007669903939,75,7.5,26,1
428,2026-09-05T07:30:43.087467+00:00,182204328000000,182204359000000,25.656000000,fixed_trajectory,4,0,2089,2086,0.101242732000,0.096640789637,76,7.6,27,1,2644,2646,0.886640895398,0.889708856974,75,7.5,26,0,2613,2607,0.851359337277,0.842155452549,76,7.6,27,1,2664,2653,0.901980703277,0.885106914610,75,7.5,28,2,2073,2071,0.010737865515,0.007669903939,76,7.6,26,1
429,2026-09-05T07:30:43.278401+00:00,182204515000000,182204546000000,25.843000000,fixed_trajectory,4,0,2089,2086,0.101242732000,0.096640789637,76,7.6,27,0,2644,2647,0.886640895398,0.891242837762,75,7.5,26,1,2613,2607,0.851359337277,0.842155452549,76,7.6,27,1,2664,2652,0.901980703277,0.883572933822,75,7.5,28,2,2073,2071,0.010737865515,0.007669903939,75,7.5,26,0
430,2026-09-05T07:30:43.326225+00:00,182204562000000,182204593000000,25.890000000,fixed_trajectory,4,0,2089,2086,0.101242732000,0.096640789637,76,7.6,27,1,2644,2647,0.886640895398,0.891242837762,75,7.5,26,1,2613,2607,0.851359337277,0.842155452549,76,7.6,27,1,2664,2651,0.901980703277,0.882038953034,75,7.5,28,3,2073,2071,0.010737865515,0.007669903939,76,7.6,26,1
431,2026-09-05T07:30:43.372955+00:00,182204625000000,182204640000000,25.937000000,fixed_trajectory,4,0,2089,2086,0.101242732000,0.096640789637,76,7.6,27,1,2644,2647,0.886640895398,0.891242837762,75,7.5,26,0,2613,2607,0.851359337277,0.842155452549,76,7.6,27,1,2664,2650,0.901980703277,0.880504972246,75,7.5,28,3,2073,2071,0.010737865515,0.007669903939,75,7.5,26,0
432,2026-09-05T07:30:43.429564+00:00,182204671000000,182204703000000,26.000000000,fixed_trajectory,4,0,2089,2086,0.101242732000,0.096640789637,76,7.6,27,1,2644,2647,0.886640895398,0.891242837762,75,7.5,26,0,2613,2607,0.851359337277,0.842155452549,76,7.6,27,0,2662,2649,0.898912741701,0.878970991458,75,7.5,28,1,2073,2071,0.010737865515,0.007669903939,75,7.5,26,1
433,2026-09-05T07:30:43.467913+00:00,182204718000000,182204750000000,26.047000000,fixed_trajectory,4,0,2089,2087,0.101242732000,0.098174770425,76,7.6,27,1,2644,2648,0.886640895398,0.892776818549,75,7.5,26,1,2613,2607,0.851359337277,0.842155452549,75,7.5,27,1,2660,2648,0.895844780125,0.877437010671,75,7.5,28,1,2073,2071,0.010737865515,0.007669903939,75,7.5,26,1
434,2026-09-05T07:30:43.523121+00:00,182204765000000,182204796000000,26.093000000,fixed_trajectory,4,0,2089,2087,0.101242732000,0.098174770425,76,7.6,27,1,2645,2648,0.888174876186,0.892776818549,75,7.5,26,1,2613,2607,0.851359337277,0.842155452549,76,7.6,27,1,2658,2647,0.892776818549,0.875903029883,75,7.5,28,2,2073,2071,0.010737865515,0.007669903939,75,7.5,26,1
435,2026-09-05T07:30:43.566148+00:00,182204812000000,182204843000000,26.140000000,fixed_trajectory,4,0,2089,2087,0.101242732000,0.098174770425,76,7.6,27,1,2645,2648,0.888174876186,0.892776818549,75,7.5,26,0,2613,2607,0.851359337277,0.842155452549,76,7.6,27,1,2657,2646,0.891242837762,0.874369049095,75,7.5,28,1,2073,2071,0.010737865515,0.007669903939,75,7.5,26,0
436,2026-09-05T07:30:43.633288+00:00,182204875000000,182204906000000,26.203000000,fixed_trajectory,4,0,2089,2087,0.101242732000,0.098174770425,76,7.6,27,1,2645,2648,0.888174876186,0.892776818549,75,7.5,26,1,2613,2607,0.851359337277,0.842155452549,76,7.6,27,1,2654,2645,0.886640895398,0.872835068307,75,7.5,28,1,2073,2071,0.010737865515,0.007669903939,75,7.5,26,1
437,2026-09-05T07:30:43.680716+00:00,182204921000000,182204953000000,26.250000000,fixed_trajectory,4,0,2089,2087,0.101242732000,0.098174770425,76,7.6,27,1,2645,2649,0.888174876186,0.894310799337,75,7.5,26,1,2613,2607,0.851359337277,0.842155452549,76,7.6,27,1,2653,2644,0.885106914610,0.871301087519,75,7.5,28,2,2073,2071,0.010737865515,0.007669903939,75,7.5,26,1
438,2026-09-05T07:30:43.728983+00:00,182204968000000,182205000000000,26.297000000,fixed_trajectory,4,0,2089,2087,0.101242732000,0.098174770425,76,7.6,27,1,2645,2649,0.888174876186,0.894310799337,75,7.5,26,1,2613,2607,0.851359337277,0.842155452549,76,7.6,27,1,2652,2643,0.883572933822,0.869767106731,75,7.5,28,1,2073,2071,0.010737865515,0.007669903939,75,7.5,26,0
439,2026-09-05T07:30:43.913022+00:00,182205140000000,182205187000000,26.484000000,online_observation,4,0,2089,2087,0.101242732000,0.098174770425,76,7.6,27,1,2645,2649,0.888174876186,0.894310799337,75,7.5,26,1,2613,2607,0.851359337277,0.842155452549,76,7.6,27,0,2652,2642,0.883572933822,0.868233125943,75,7.5,28,2,2073,2071,0.010737865515,0.007669903939,76,7.6,26,0
440,2026-09-05T07:30:43.960600+00:00,182205203000000,182205234000000,26.531000000,online_observation,4,0,2089,2087,0.101242732000,0.098174770425,76,7.6,27,1,2645,2649,0.888174876186,0.894310799337,75,7.5,26,1,2613,2607,0.851359337277,0.842155452549,76,7.6,27,1,2652,2642,0.883572933822,0.868233125943,75,7.5,28,1,2073,2071,0.010737865515,0.007669903939,76,7.6,26,1
441,2026-09-05T07:30:44.008892+00:00,182205250000000,182205281000000,26.578000000,online_observation,4,0,2089,2087,0.101242732000,0.098174770425,76,7.6,27,1,2645,2649,0.888174876186,0.894310799337,75,7.5,26,1,2613,2607,0.851359337277,0.842155452549,76,7.6,27,1,2652,2642,0.883572933822,0.868233125943,75,7.5,28,2,2073,2071,0.010737865515,0.007669903939,75,7.5,26,0
442,2026-09-05T07:30:44.054680+00:00,182205296000000,182205328000000,26.625000000,online_observation,4,0,2089,2087,0.101242732000,0.098174770425,76,7.6,27,1,2645,2649,0.888174876186,0.894310799337,75,7.5,26,1,2613,2607,0.851359337277,0.842155452549,76,7.6,27,1,2652,2642,0.883572933822,0.868233125943,75,7.5,28,2,2073,2071,0.010737865515,0.007669903939,75,7.5,26,0
443,2026-09-05T07:30:44.104185+00:00,182205343000000,182205375000000,26.672000000,online_observation,4,0,2089,2087,0.101242732000,0.098174770425,76,7.6,27,1,2645,2649,0.888174876186,0.894310799337,75,7.5,26,0,2613,2607,0.851359337277,0.842155452549,76,7.6,27,1,2652,2642,0.883572933822,0.868233125943,75,7.5,28,2,2073,2071,0.010737865515,0.007669903939,75,7.5,26,0
444,2026-09-05T07:30:44.157068+00:00,182205390000000,182205437000000,26.734000000,online_observation,4,0,2089,2087,0.101242732000,0.098174770425,76,7.6,27,0,2645,2649,0.888174876186,0.894310799337,75,7.5,26,1,2613,2607,0.851359337277,0.842155452549,76,7.6,27,1,2652,2642,0.883572933822,0.868233125943,75,7.5,28,1,2073,2071,0.010737865515,0.007669903939,75,7.5,26,0
445,2026-09-05T07:30:44.204525+00:00,182205453000000,182205484000000,26.781000000,online_observation,4,0,2089,2087,0.101242732000,0.098174770425,76,7.6,27,0,2645,2649,0.888174876186,0.894310799337,75,7.5,26,1,2613,2607,0.851359337277,0.842155452549,75,7.5,27,1,2652,2642,0.883572933822,0.868233125943,75,7.5,28,2,2073,2071,0.010737865515,0.007669903939,75,7.5,26,0
446,2026-09-05T07:30:44.258692+00:00,182205500000000,182205531000000,26.828000000,online_observation,4,0,2089,2087,0.101242732000,0.098174770425,76,7.6,27,1,2645,2649,0.888174876186,0.894310799337,75,7.5,26,1,2613,2607,0.851359337277,0.842155452549,76,7.6,27,0,2652,2642,0.883572933822,0.868233125943,75,7.5,28,2,2073,2071,0.010737865515,0.007669903939,75,7.5,26,0
447,2026-09-05T07:30:44.324566+00:00,182205546000000,182205593000000,26.890000000,online_inference,5,0,2089,2087,0.101242732000,0.098174770425,76,7.6,27,0,2645,2649,0.888174876186,0.894310799337,75,7.5,26,1,2613,2607,0.851359337277,0.842155452549,76,7.6,27,1,2652,2642,0.883572933822,0.868233125943,75,7.5,28,1,2073,2071,0.010737865515,0.007669903939,75,7.5,26,1
448,2026-09-05T07:30:44.379053+00:00,182205609000000,182205656000000,26.953000000,online_inference,5,0,2089,2087,0.101242732000,0.098174770425,76,7.6,27,1,2645,2649,0.888174876186,0.894310799337,75,7.5,26,1,2613,2607,0.851359337277,0.842155452549,76,7.6,27,1,2652,2642,0.883572933822,0.868233125943,75,7.5,28,2,2073,2071,0.010737865515,0.007669903939,76,7.6,26,1
449,2026-09-05T07:30:44.463509+00:00,182205687000000,182205734000000,27.031000000,online_inference,5,0,2089,2087,0.101242732000,0.098174770425,76,7.6,27,0,2645,2649,0.888174876186,0.894310799337,75,7.5,26,1,2613,2607,0.851359337277,0.842155452549,75,7.5,27,0,2652,2642,0.883572933822,0.868233125943,75,7.5,28,2,2073,2071,0.010737865515,0.007669903939,75,7.5,26,1
450,2026-09-05T07:30:44.530708+00:00,182205750000000,182205812000000,27.109000000,online_inference,5,0,2089,2087,0.101242732000,0.098174770425,76,7.6,27,1,2645,2649,0.888174876186,0.894310799337,75,7.5,26,1,2613,2607,0.851359337277,0.842155452549,76,7.6,27,1,2652,2642,0.883572933822,0.868233125943,75,7.5,28,2,2073,2071,0.010737865515,0.007669903939,75,7.5,26,0
451,2026-09-05T07:30:44.603864+00:00,182205828000000,182205875000000,27.172000000,online_inference,5,0,2089,2087,0.101242732000,0.098174770425,76,7.6,27,0,2645,2649,0.888174876186,0.894310799337,75,7.5,26,1,2613,2607,0.851359337277,0.842155452549,76,7.6,27,1,2652,2642,0.883572933822,0.868233125943,75,7.5,28,2,2073,2071,0.010737865515,0.007669903939,75,7.5,26,1
452,2026-09-05T07:30:44.664152+00:00,182205890000000,182205937000000,27.234000000,online_inference,5,0,2089,2087,0.101242732000,0.098174770425,76,7.6,27,0,2645,2649,0.888174876186,0.894310799337,75,7.5,26,0,2613,2607,0.851359337277,0.842155452549,75,7.5,27,1,2652,2642,0.883572933822,0.868233125943,75,7.5,28,2,2073,2071,0.010737865515,0.007669903939,76,7.6,26,1
453,2026-09-05T07:30:44.708510+00:00,182205953000000,182205984000000,27.281000000,online_inference,5,0,2089,2087,0.101242732000,0.098174770425,76,7.6,27,1,2645,2649,0.888174876186,0.894310799337,75,7.5,26,1,2613,2607,0.851359337277,0.842155452549,76,7.6,27,1,2652,2642,0.883572933822,0.868233125943,75,7.5,28,2,2073,2071,0.010737865515,0.007669903939,75,7.5,26,1
454,2026-09-05T07:30:44.766246+00:00,182206000000000,182206046000000,27.343000000,online_inference,5,0,2089,2087,0.101242732000,0.098174770425,76,7.6,27,0,2645,2649,0.888174876186,0.894310799337,75,7.5,26,1,2613,2607,0.851359337277,0.842155452549,76,7.6,27,1,2652,2642,0.883572933822,0.868233125943,75,7.5,28,2,2073,2071,0.010737865515,0.007669903939,76,7.6,26,1
455,2026-09-05T07:30:44.823109+00:00,182206062000000,182206093000000,27.390000000,online_inference,5,0,2089,2087,0.101242732000,0.098174770425,76,7.6,27,0,2645,2649,0.888174876186,0.894310799337,75,7.5,26,1,2613,2607,0.851359337277,0.842155452549,76,7.6,27,1,2652,2642,0.883572933822,0.868233125943,75,7.5,28,2,2073,2071,0.010737865515,0.007669903939,75,7.5,26,0
456,2026-09-05T07:30:44.890455+00:00,182206109000000,182206171000000,27.468000000,online_inference,5,0,2089,2087,0.101242732000,0.098174770425,76,7.6,27,1,2645,2649,0.888174876186,0.894310799337,75,7.5,26,0,2613,2607,0.851359337277,0.842155452549,76,7.6,27,1,2652,2642,0.883572933822,0.868233125943,75,7.5,28,1,2073,2071,0.010737865515,0.007669903939,75,7.5,26,0
457,2026-09-05T07:30:44.963011+00:00,182206203000000,182206234000000,27.531000000,online_inference,5,0,2089,2087,0.101242732000,0.098174770425,76,7.6,27,1,2645,2649,0.888174876186,0.894310799337,75,7.5,26,1,2613,2607,0.851359337277,0.842155452549,76,7.6,27,1,2652,2642,0.883572933822,0.868233125943,75,7.5,28,1,2073,2071,0.010737865515,0.007669903939,75,7.5,26,1
458,2026-09-05T07:30:45.017966+00:00,182206250000000,182206296000000,27.593000000,online_inference,5,0,2089,2087,0.101242732000,0.098174770425,76,7.6,27,1,2645,2649,0.888174876186,0.894310799337,75,7.5,26,1,2613,2607,0.851359337277,0.842155452549,76,7.6,27,1,2652,2642,0.883572933822,0.868233125943,75,7.5,28,2,2073,2071,0.010737865515,0.007669903939,75,7.5,26,1
459,2026-09-05T07:30:45.081527+00:00,182206312000000,182206359000000,27.656000000,online_inference,5,0,2089,2087,0.101242732000,0.098174770425,76,7.6,27,1,2645,2649,0.888174876186,0.894310799337,75,7.5,26,1,2613,2607,0.851359337277,0.842155452549,76,7.6,27,1,2652,2642,0.883572933822,0.868233125943,75,7.5,28,2,2073,2071,0.010737865515,0.007669903939,75,7.5,26,1
460,2026-09-05T07:30:45.134525+00:00,182206375000000,182206406000000,27.703000000,online_inference,5,0,2089,2087,0.101242732000,0.098174770425,76,7.6,27,1,2645,2649,0.888174876186,0.894310799337,75,7.5,26,1,2613,2607,0.851359337277,0.842155452549,76,7.6,27,0,2652,2642,0.883572933822,0.868233125943,75,7.5,28,1,2073,2071,0.010737865515,0.007669903939,75,7.5,26,1
461,2026-09-05T07:30:45.182744+00:00,182206421000000,182206453000000,27.750000000,online_inference,5,0,2089,2087,0.101242732000,0.098174770425,76,7.6,27,0,2645,2649,0.888174876186,0.894310799337,75,7.5,26,1,2613,2607,0.851359337277,0.842155452549,75,7.5,27,1,2652,2642,0.883572933822,0.868233125943,75,7.5,28,2,2073,2071,0.010737865515,0.007669903939,75,7.5,26,0
462,2026-09-05T07:30:45.227470+00:00,182206468000000,182206500000000,27.797000000,online_inference,5,0,2089,2087,0.101242732000,0.098174770425,76,7.6,27,0,2645,2649,0.888174876186,0.894310799337,75,7.5,26,1,2613,2607,0.851359337277,0.842155452549,76,7.6,27,1,2652,2642,0.883572933822,0.868233125943,75,7.5,28,2,2073,2071,0.010737865515,0.007669903939,75,7.5,26,0
463,2026-09-05T07:30:45.289574+00:00,182206515000000,182206562000000,27.859000000,online_inference,5,0,2089,2087,0.101242732000,0.098174770425,76,7.6,27,0,2645,2649,0.888174876186,0.894310799337,75,7.5,26,1,2613,2607,0.851359337277,0.842155452549,76,7.6,27,0,2652,2642,0.883572933822,0.868233125943,75,7.5,28,2,2073,2071,0.010737865515,0.007669903939,75,7.5,26,0
464,2026-09-05T07:30:45.334591+00:00,182206578000000,182206609000000,27.906000000,online_inference,5,0,2089,2087,0.101242732000,0.098174770425,76,7.6,27,1,2645,2649,0.888174876186,0.894310799337,75,7.5,26,1,2613,2607,0.851359337277,0.842155452549,76,7.6,27,1,2652,2642,0.883572933822,0.868233125943,75,7.5,28,2,2073,2071,0.010737865515,0.007669903939,75,7.5,26,1
465,2026-09-05T07:30:45.394947+00:00,182206625000000,182206671000000,27.968000000,online_inference,5,0,2089,2087,0.101242732000,0.098174770425,76,7.6,27,1,2645,2649,0.888174876186,0.894310799337,75,7.5,26,1,2613,2607,0.851359337277,0.842155452549,76,7.6,27,1,2652,2642,0.883572933822,0.868233125943,75,7.5,28,1,2073,2071,0.010737865515,0.007669903939,75,7.5,26,1
466,2026-09-05T07:30:45.455618+00:00,182206687000000,182206734000000,28.031000000,online_inference,5,0,2089,2087,0.101242732000,0.098174770425,76,7.6,27,1,2645,2649,0.888174876186,0.894310799337,75,7.5,26,1,2613,2607,0.851359337277,0.842155452549,76,7.6,27,1,2652,2642,0.883572933822,0.868233125943,75,7.5,28,2,2073,2071,0.010737865515,0.007669903939,75,7.5,26,1
467,2026-09-05T07:30:45.523477+00:00,182206750000000,182206796000000,28.093000000,online_inference,5,0,2089,2087,0.101242732000,0.098174770425,76,7.6,27,1,2645,2649,0.888174876186,0.894310799337,75,7.5,26,1,2613,2607,0.851359337277,0.842155452549,76,7.6,27,1,2652,2642,0.883572933822,0.868233125943,75,7.5,28,2,2073,2071,0.010737865515,0.007669903939,75,7.5,26,1
468,2026-09-05T07:30:45.583028+00:00,182206812000000,182206859000000,28.156000000,online_inference,5,0,2089,2087,0.101242732000,0.098174770425,76,7.6,27,1,2645,2649,0.888174876186,0.894310799337,75,7.5,26,1,2613,2607,0.851359337277,0.842155452549,76,7.6,27,1,2652,2642,0.883572933822,0.868233125943,75,7.5,28,2,2073,2071,0.010737865515,0.007669903939,75,7.5,26,1
469,2026-09-05T07:30:45.646858+00:00,182206875000000,182206921000000,28.218000000,online_inference,5,0,2089,2087,0.101242732000,0.098174770425,76,7.6,27,0,2645,2649,0.888174876186,0.894310799337,75,7.5,26,1,2613,2607,0.851359337277,0.842155452549,76,7.6,27,1,2652,2642,0.883572933822,0.868233125943,75,7.5,28,2,2073,2071,0.010737865515,0.007669903939,75,7.5,26,1
470,2026-09-05T07:30:45.710882+00:00,182206937000000,182206984000000,28.281000000,online_inference,5,0,2089,2087,0.101242732000,0.098174770425,76,7.6,27,1,2645,2649,0.888174876186,0.894310799337,75,7.5,26,1,2613,2607,0.851359337277,0.842155452549,76,7.6,27,1,2652,2642,0.883572933822,0.868233125943,75,7.5,28,2,2073,2071,0.010737865515,0.007669903939,75,7.5,26,0
471,2026-09-05T07:30:45.772155+00:00,182207000000000,182207046000000,28.343000000,online_inference,5,0,2089,2087,0.101242732000,0.098174770425,76,7.6,27,1,2645,2649,0.888174876186,0.894310799337,75,7.5,26,0,2613,2607,0.851359337277,0.842155452549,76,7.6,27,0,2652,2642,0.883572933822,0.868233125943,75,7.5,28,1,2073,2071,0.010737865515,0.007669903939,76,7.6,26,1
472,2026-09-05T07:30:45.826272+00:00,182207062000000,182207093000000,28.390000000,online_inference,5,0,2089,2087,0.101242732000,0.098174770425,76,7.6,27,1,2645,2649,0.888174876186,0.894310799337,75,7.5,26,1,2613,2607,0.851359337277,0.842155452549,76,7.6,27,1,2652,2642,0.883572933822,0.868233125943,75,7.5,28,1,2073,2071,0.010737865515,0.007669903939,76,7.6,26,1
473,2026-09-05T07:30:45.879152+00:00,182207109000000,182207156000000,28.453000000,online_inference,5,0,2089,2087,0.101242732000,0.098174770425,76,7.6,27,1,2645,2649,0.888174876186,0.894310799337,75,7.5,26,1,2613,2607,0.851359337277,0.842155452549,76,7.6,27,1,2652,2642,0.883572933822,0.868233125943,75,7.5,28,1,2073,2071,0.010737865515,0.007669903939,75,7.5,26,1
474,2026-09-05T07:30:45.939392+00:00,182207171000000,182207218000000,28.515000000,online_inference,5,0,2089,2087,0.101242732000,0.098174770425,76,7.6,27,0,2645,2649,0.888174876186,0.894310799337,75,7.5,26,1,2613,2607,0.851359337277,0.842155452549,74,7.4,27,1,2652,2642,0.883572933822,0.868233125943,75,7.5,28,1,2073,2071,0.010737865515,0.007669903939,75,7.5,26,1
475,2026-09-05T07:30:45.999625+00:00,182207234000000,182207281000000,28.578000000,online_inference,5,0,2089,2087,0.101242732000,0.098174770425,76,7.6,27,0,2645,2649,0.888174876186,0.894310799337,75,7.5,26,0,2613,2607,0.851359337277,0.842155452549,76,7.6,27,1,2652,2642,0.883572933822,0.868233125943,75,7.5,28,2,2073,2071,0.010737865515,0.007669903939,75,7.5,26,0
476,2026-09-05T07:30:46.073112+00:00,182207296000000,182207343000000,28.640000000,online_inference,5,0,2089,2087,0.101242732000,0.098174770425,76,7.6,27,1,2645,2649,0.888174876186,0.894310799337,75,7.5,26,1,2613,2607,0.851359337277,0.842155452549,76,7.6,27,1,2652,2642,0.883572933822,0.868233125943,75,7.5,28,1,2073,2071,0.010737865515,0.007669903939,75,7.5,26,0
477,2026-09-05T07:30:46.126863+00:00,182207359000000,182207406000000,28.703000000,online_inference,5,0,2089,2087,0.101242732000,0.098174770425,76,7.6,27,0,2645,2649,0.888174876186,0.894310799337,75,7.5,26,1,2613,2607,0.851359337277,0.842155452549,76,7.6,27,0,2652,2642,0.883572933822,0.868233125943,75,7.5,28,2,2073,2071,0.010737865515,0.007669903939,75,7.5,26,1
478,2026-09-05T07:30:46.184930+00:00,182207421000000,182207453000000,28.750000000,online_inference,5,0,2089,2087,0.101242732000,0.098174770425,76,7.6,27,0,2645,2649,0.888174876186,0.894310799337,75,7.5,26,1,2613,2607,0.851359337277,0.842155452549,76,7.6,27,1,2652,2642,0.883572933822,0.868233125943,75,7.5,28,2,2073,2071,0.010737865515,0.007669903939,75,7.5,26,0
479,2026-09-05T07:30:46.247882+00:00,182207484000000,182207515000000,28.812000000,online_inference,5,0,2089,2087,0.101242732000,0.098174770425,76,7.6,27,0,2645,2649,0.888174876186,0.894310799337,75,7.5,26,0,2613,2607,0.851359337277,0.842155452549,76,7.6,27,1,2652,2642,0.883572933822,0.868233125943,75,7.5,28,2,2073,2071,0.010737865515,0.007669903939,75,7.5,26,1
480,2026-09-05T07:30:46.298654+00:00,182207531000000,182207578000000,28.875000000,online_inference,5,0,2089,2087,0.101242732000,0.098174770425,76,7.6,27,1,2645,2649,0.888174876186,0.894310799337,75,7.5,26,1,2613,2607,0.851359337277,0.842155452549,75,7.5,27,1,2652,2642,0.883572933822,0.868233125943,75,7.5,28,2,2073,2071,0.010737865515,0.007669903939,75,7.5,26,1
481,2026-09-05T07:30:46.354247+00:00,182207593000000,182207625000000,28.922000000,online_inference,5,0,2089,2087,0.101242732000,0.098174770425,76,7.6,27,1,2645,2649,0.888174876186,0.894310799337,75,7.5,26,1,2613,2607,0.851359337277,0.842155452549,76,7.6,27,1,2652,2642,0.883572933822,0.868233125943,75,7.5,28,2,2073,2071,0.010737865515,0.007669903939,75,7.5,26,1
482,2026-09-05T07:30:46.418104+00:00,182207640000000,182207687000000,28.984000000,online_inference,5,0,2089,2087,0.101242732000,0.098174770425,76,7.6,27,1,2645,2649,0.888174876186,0.894310799337,75,7.5,26,1,2613,2607,0.851359337277,0.842155452549,76,7.6,27,1,2652,2642,0.883572933822,0.868233125943,75,7.5,28,2,2073,2071,0.010737865515,0.007669903939,75,7.5,26,1
483,2026-09-05T07:30:46.468999+00:00,182207703000000,182207750000000,29.047000000,online_inference,5,0,2089,2087,0.101242732000,0.098174770425,76,7.6,27,0,2645,2649,0.888174876186,0.894310799337,75,7.5,26,1,2613,2607,0.851359337277,0.842155452549,76,7.6,27,1,2652,2642,0.883572933822,0.868233125943,75,7.5,28,2,2073,2071,0.010737865515,0.007669903939,75,7.5,26,1
484,2026-09-05T07:30:46.539176+00:00,182207765000000,182207812000000,29.109000000,online_inference,5,0,2089,2087,0.101242732000,0.098174770425,76,7.6,27,0,2645,2649,0.888174876186,0.894310799337,75,7.5,26,1,2613,2607,0.851359337277,0.842155452549,76,7.6,27,1,2652,2642,0.883572933822,0.868233125943,75,7.5,28,2,2073,2071,0.010737865515,0.007669903939,75,7.5,26,1
485,2026-09-05T07:30:46.616104+00:00,182207843000000,182207890000000,29.187000000,online_inference,5,0,2089,2087,0.101242732000,0.098174770425,76,7.6,27,0,2645,2649,0.888174876186,0.894310799337,75,7.5,26,1,2613,2607,0.851359337277,0.842155452549,76,7.6,27,1,2652,2642,0.883572933822,0.868233125943,75,7.5,28,2,2073,2071,0.010737865515,0.007669903939,75,7.5,26,1
486,2026-09-05T07:30:46.678615+00:00,182207906000000,182207953000000,29.250000000,online_inference,5,0,2089,2087,0.101242732000,0.098174770425,76,7.6,27,1,2645,2649,0.888174876186,0.894310799337,75,7.5,26,1,2613,2607,0.851359337277,0.842155452549,76,7.6,27,1,2652,2642,0.883572933822,0.868233125943,75,7.5,28,2,2073,2071,0.010737865515,0.007669903939,75,7.5,26,1
487,2026-09-05T07:30:46.730571+00:00,182207968000000,182208000000000,29.297000000,online_inference,5,0,2089,2087,0.101242732000,0.098174770425,76,7.6,27,1,2645,2649,0.888174876186,0.894310799337,75,7.5,26,1,2613,2607,0.851359337277,0.842155452549,76,7.6,27,1,2652,2642,0.883572933822,0.868233125943,75,7.5,28,2,2073,2071,0.010737865515,0.007669903939,75,7.5,26,0
488,2026-09-05T07:30:46.789000+00:00,182208015000000,182208062000000,29.359000000,online_inference,5,0,2089,2087,0.101242732000,0.098174770425,76,7.6,27,0,2645,2649,0.888174876186,0.894310799337,75,7.5,26,0,2613,2607,0.851359337277,0.842155452549,76,7.6,27,1,2652,2642,0.883572933822,0.868233125943,75,7.5,28,2,2073,2071,0.010737865515,0.007669903939,75,7.5,26,0
489,2026-09-05T07:30:46.845788+00:00,182208078000000,182208125000000,29.422000000,online_inference,5,0,2089,2087,0.101242732000,0.098174770425,76,7.6,27,1,2645,2649,0.888174876186,0.894310799337,75,7.5,26,1,2613,2607,0.851359337277,0.842155452549,76,7.6,27,1,2652,2642,0.883572933822,0.868233125943,75,7.5,28,1,2073,2071,0.010737865515,0.007669903939,75,7.5,26,1
490,2026-09-05T07:30:46.908779+00:00,182208140000000,182208187000000,29.484000000,online_inference,5,0,2089,2087,0.101242732000,0.098174770425,76,7.6,27,1,2645,2649,0.888174876186,0.894310799337,75,7.5,26,0,2613,2607,0.851359337277,0.842155452549,76,7.6,27,1,2652,2642,0.883572933822,0.868233125943,75,7.5,28,2,2073,2071,0.010737865515,0.007669903939,75,7.5,26,1
491,2026-09-05T07:30:46.974631+00:00,182208203000000,182208250000000,29.547000000,online_inference,5,0,2089,2087,0.101242732000,0.098174770425,76,7.6,27,0,2645,2649,0.888174876186,0.894310799337,75,7.5,26,0,2613,2607,0.851359337277,0.842155452549,76,7.6,27,1,2652,2642,0.883572933822,0.868233125943,75,7.5,28,1,2073,2071,0.010737865515,0.007669903939,75,7.5,26,1
492,2026-09-05T07:30:47.021862+00:00,182208265000000,182208296000000,29.593000000,online_inference,5,0,2089,2087,0.101242732000,0.098174770425,76,7.6,27,1,2645,2649,0.888174876186,0.894310799337,75,7.5,26,1,2613,2607,0.851359337277,0.842155452549,76,7.6,27,0,2652,2642,0.883572933822,0.868233125943,75,7.5,28,1,2073,2071,0.010737865515,0.007669903939,75,7.5,26,1
493,2026-09-05T07:30:47.082402+00:00,182208312000000,182208359000000,29.656000000,online_inference,5,0,2089,2087,0.101242732000,0.098174770425,76,7.6,27,1,2645,2649,0.888174876186,0.894310799337,75,7.5,26,0,2613,2607,0.851359337277,0.842155452549,76,7.6,27,1,2652,2642,0.883572933822,0.868233125943,75,7.5,28,2,2073,2071,0.010737865515,0.007669903939,75,7.5,26,1
494,2026-09-05T07:30:47.163099+00:00,182208375000000,182208437000000,29.734000000,online_inference,5,0,2089,2087,0.101242732000,0.098174770425,76,7.6,27,1,2645,2649,0.888174876186,0.894310799337,75,7.5,26,1,2613,2607,0.851359337277,0.842155452549,76,7.6,27,0,2652,2642,0.883572933822,0.868233125943,75,7.5,28,2,2073,2071,0.010737865515,0.007669903939,75,7.5,26,0
495,2026-09-05T07:30:47.228354+00:00,182208453000000,182208500000000,29.797000000,online_inference,5,0,2089,2087,0.101242732000,0.098174770425,76,7.6,27,0,2645,2649,0.888174876186,0.894310799337,75,7.5,26,0,2613,2607,0.851359337277,0.842155452549,76,7.6,27,1,2652,2642,0.883572933822,0.868233125943,75,7.5,28,2,2073,2071,0.010737865515,0.007669903939,75,7.5,26,1
496,2026-09-05T07:30:47.282386+00:00,182208515000000,182208562000000,29.859000000,online_inference,5,0,2089,2087,0.101242732000,0.098174770425,76,7.6,27,1,2645,2649,0.888174876186,0.894310799337,75,7.5,26,1,2613,2607,0.851359337277,0.842155452549,76,7.6,27,1,2652,2642,0.883572933822,0.868233125943,75,7.5,28,2,2073,2071,0.010737865515,0.007669903939,75,7.5,26,1
497,2026-09-05T07:30:47.356350+00:00,182208578000000,182208625000000,29.922000000,online_inference,5,0,2089,2087,0.101242732000,0.098174770425,76,7.6,27,0,2645,2649,0.888174876186,0.894310799337,75,7.5,26,1,2613,2607,0.851359337277,0.842155452549,76,7.6,27,1,2652,2642,0.883572933822,0.868233125943,75,7.5,28,2,2073,2071,0.010737865515,0.007669903939,75,7.5,26,1
498,2026-09-05T07:30:47.404858+00:00,182208640000000,182208687000000,29.984000000,online_inference,5,0,2089,2087,0.101242732000,0.098174770425,76,7.6,27,0,2645,2649,0.888174876186,0.894310799337,75,7.5,26,1,2613,2607,0.851359337277,0.842155452549,76,7.6,27,1,2652,2642,0.883572933822,0.868233125943,75,7.5,28,2,2073,2071,0.010737865515,0.007669903939,76,7.6,26,1
499,2026-09-05T07:30:47.477370+00:00,182208703000000,182208750000000,30.047000000,online_inference,5,0,2089,2087,0.101242732000,0.098174770425,76,7.6,27,1,2645,2649,0.888174876186,0.894310799337,75,7.5,26,1,2613,2607,0.851359337277,0.842155452549,76,7.6,27,2,2652,2642,0.883572933822,0.868233125943,75,7.5,28,2,2073,2071,0.010737865515,0.007669903939,76,7.6,26,1
500,2026-09-05T07:30:47.542441+00:00,182208765000000,182208812000000,30.109000000,online_inference,5,0,2089,2087,0.101242732000,0.098174770425,76,7.6,27,1,2645,2649,0.888174876186,0.894310799337,75,7.5,26,0,2613,2607,0.851359337277,0.842155452549,76,7.6,27,1,2652,2642,0.883572933822,0.868233125943,75,7.5,28,1,2073,2071,0.010737865515,0.007669903939,75,7.5,26,0
501,2026-09-05T07:30:47.604283+00:00,182208828000000,182208875000000,30.172000000,online_inference,5,0,2089,2087,0.101242732000,0.098174770425,76,7.6,27,0,2645,2649,0.888174876186,0.894310799337,75,7.5,26,1,2613,2607,0.851359337277,0.842155452549,76,7.6,27,1,2652,2642,0.883572933822,0.868233125943,75,7.5,28,1,2073,2071,0.010737865515,0.007669903939,76,7.6,26,0
502,2026-09-05T07:30:47.702440+00:00,182208906000000,182208984000000,30.281000000,online_inference,5,0,2089,2087,0.101242732000,0.098174770425,76,7.6,27,1,2645,2649,0.888174876186,0.894310799337,75,7.5,26,0,2613,2607,0.851359337277,0.842155452549,76,7.6,27,0,2652,2642,0.883572933822,0.868233125943,75,7.5,28,2,2073,2071,0.010737865515,0.007669903939,75,7.5,26,0
503,2026-09-05T07:30:47.777777+00:00,182209000000000,182209046000000,30.343000000,online_inference,5,0,2089,2087,0.101242732000,0.098174770425,76,7.6,27,1,2645,2649,0.888174876186,0.894310799337,75,7.5,26,0,2613,2607,0.851359337277,0.842155452549,76,7.6,27,1,2652,2642,0.883572933822,0.868233125943,75,7.5,28,1,2073,2071,0.010737865515,0.007669903939,75,7.5,26,0
504,2026-09-05T07:30:47.840946+00:00,182209062000000,182209109000000,30.406000000,online_inference,5,0,2089,2087,0.101242732000,0.098174770425,76,7.6,27,1,2645,2649,0.888174876186,0.894310799337,75,7.5,26,1,2613,2607,0.851359337277,0.842155452549,76,7.6,27,1,2652,2642,0.883572933822,0.868233125943,75,7.5,28,1,2073,2071,0.010737865515,0.007669903939,75,7.5,26,1
505,2026-09-05T07:30:47.906288+00:00,182209125000000,182209187000000,30.484000000,online_inference,5,0,2089,2087,0.101242732000,0.098174770425,76,7.6,27,0,2645,2649,0.888174876186,0.894310799337,75,7.5,26,1,2613,2607,0.851359337277,0.842155452549,75,7.5,27,1,2652,2642,0.883572933822,0.868233125943,75,7.5,28,1,2073,2071,0.010737865515,0.007669903939,75,7.5,26,0
506,2026-09-05T07:30:47.972489+00:00,182209203000000,182209250000000,30.547000000,online_inference,5,0,2089,2087,0.101242732000,0.098174770425,76,7.6,27,0,2645,2649,0.888174876186,0.894310799337,75,7.5,26,1,2613,2607,0.851359337277,0.842155452549,76,7.6,27,1,2652,2642,0.883572933822,0.868233125943,75,7.5,28,2,2073,2071,0.010737865515,0.007669903939,75,7.5,26,0
507,2026-09-05T07:30:48.037623+00:00,182209265000000,182209312000000,30.609000000,online_inference,5,0,2089,2087,0.101242732000,0.098174770425,76,7.6,27,0,2645,2649,0.888174876186,0.894310799337,75,7.5,26,1,2613,2607,0.851359337277,0.842155452549,76,7.6,27,1,2652,2642,0.883572933822,0.868233125943,75,7.5,28,1,2073,2071,0.010737865515,0.007669903939,75,7.5,26,1
508,2026-09-05T07:30:48.096762+00:00,182209328000000,182209375000000,30.672000000,online_inference,5,0,2089,2087,0.101242732000,0.098174770425,76,7.6,27,1,2645,2649,0.888174876186,0.894310799337,75,7.5,26,1,2613,2607,0.851359337277,0.842155452549,76,7.6,27,1,2652,2642,0.883572933822,0.868233125943,75,7.5,28,1,2073,2071,0.010737865515,0.007669903939,75,7.5,26,0
509,2026-09-05T07:30:48.153816+00:00,182209390000000,182209421000000,30.718000000,online_archive,5,0,2089,2087,0.101242732000,0.098174770425,76,7.6,27,0,2645,2649,0.888174876186,0.894310799337,75,7.5,26,0,2613,2607,0.851359337277,0.842155452549,76,7.6,27,1,2652,2642,0.883572933822,0.868233125943,75,7.5,28,2,2073,2071,0.010737865515,0.007669903939,75,7.5,26,0
510,2026-09-05T07:30:48.224469+00:00,182209453000000,182209500000000,30.797000000,online_archive,5,0,2089,2087,0.101242732000,0.098174770425,76,7.6,27,1,2645,2649,0.888174876186,0.894310799337,75,7.5,26,1,2613,2607,0.851359337277,0.842155452549,76,7.6,27,1,2652,2642,0.883572933822,0.868233125943,75,7.5,28,2,2073,2071,0.010737865515,0.007669903939,75,7.5,26,0
511,2026-09-05T07:30:48.318801+00:00,182209546000000,182209593000000,30.890000000,fixed_trajectory,5,0,2089,2087,0.101242732000,0.098174770425,76,7.6,27,0,2645,2649,0.888174876186,0.894310799337,75,7.5,26,1,2613,2607,0.851359337277,0.842155452549,75,7.5,27,1,2652,2642,0.883572933822,0.868233125943,75,7.5,28,1,2073,2071,0.010737865515,0.007669903939,76,7.6,26,0
512,2026-09-05T07:30:48.372511+00:00,182209609000000,182209640000000,30.937000000,fixed_trajectory,5,0,2089,2087,0.101242732000,0.098174770425,76,7.6,27,1,2645,2649,0.888174876186,0.894310799337,75,7.5,26,0,2613,2607,0.851359337277,0.842155452549,76,7.6,27,1,2652,2641,0.883572933822,0.866699145155,75,7.5,28,2,2073,2071,0.010737865515,0.007669903939,75,7.5,26,0
513,2026-09-05T07:30:48.414029+00:00,182209656000000,182209687000000,30.984000000,fixed_trajectory,5,0,2089,2087,0.101242732000,0.098174770425,76,7.6,27,0,2645,2649,0.888174876186,0.894310799337,75,7.5,26,1,2613,2607,0.851359337277,0.842155452549,75,7.5,27,1,2652,2640,0.883572933822,0.865165164368,75,7.5,28,2,2073,2071,0.010737865515,0.007669903939,75,7.5,26,0
514,2026-09-05T07:30:48.459680+00:00,182209703000000,182209734000000,31.031000000,fixed_trajectory,5,0,2089,2087,0.101242732000,0.098174770425,76,7.6,27,0,2645,2649,0.888174876186,0.894310799337,75,7.5,26,1,2613,2607,0.851359337277,0.842155452549,76,7.6,27,0,2652,2639,0.883572933822,0.863631183580,75,7.5,28,3,2073,2071,0.010737865515,0.007669903939,76,7.6,26,0
515,2026-09-05T07:30:48.515378+00:00,182209750000000,182209796000000,31.093000000,fixed_trajectory,5,0,2089,2087,0.101242732000,0.098174770425,76,7.6,27,0,2645,2649,0.888174876186,0.894310799337,75,7.5,26,1,2613,2607,0.851359337277,0.842155452549,76,7.6,27,1,2652,2638,0.883572933822,0.862097202792,75,7.5,28,2,2073,2071,0.010737865515,0.007669903939,75,7.5,26,1
516,2026-09-05T07:30:48.574948+00:00,182209812000000,182209843000000,31.140000000,fixed_trajectory,5,0,2089,2087,0.101242732000,0.098174770425,76,7.6,27,1,2645,2649,0.888174876186,0.894310799337,75,7.5,26,1,2613,2607,0.851359337277,0.842155452549,76,7.6,27,1,2650,2637,0.880504972246,0.860563222004,75,7.5,28,2,2073,2071,0.010737865515,0.007669903939,75,7.5,26,0
517,2026-09-05T07:30:48.617662+00:00,182209859000000,182209890000000,31.187000000,fixed_trajectory,5,0,2089,2087,0.101242732000,0.098174770425,76,7.6,27,0,2645,2649,0.888174876186,0.894310799337,75,7.5,26,1,2613,2607,0.851359337277,0.842155452549,76,7.6,27,1,2648,2636,0.877437010671,0.859029241216,75,7.5,28,1,2073,2071,0.010737865515,0.007669903939,75,7.5,26,1
518,2026-09-05T07:30:48.668058+00:00,182209906000000,182209937000000,31.234000000,fixed_trajectory,5,0,2089,2087,0.101242732000,0.098174770425,76,7.6,27,1,2646,2649,0.889708856974,0.894310799337,75,7.5,26,0,2613,2607,0.851359337277,0.842155452549,76,7.6,27,1,2645,2635,0.872835068307,0.857495260428,75,7.5,28,1,2073,2071,0.010737865515,0.007669903939,76,7.6,26,0
519,2026-09-05T07:30:48.751639+00:00,182209984000000,182210031000000,31.328000000,fixed_trajectory,5,0,2089,2087,0.101242732000,0.098174770425,76,7.6,27,1,2647,2649,0.891242837762,0.894310799337,75,7.5,26,0,2613,2607,0.851359337277,0.842155452549,76,7.6,27,1,2644,2634,0.871301087519,0.855961279640,75,7.5,28,1,2073,2071,0.010737865515,0.007669903939,75,7.5,26,1
520,2026-09-05T07:30:48.805325+00:00,182210046000000,182210078000000,31.375000000,fixed_trajectory,5,0,2089,2087,0.101242732000,0.098174770425,76,7.6,27,1,2648,2649,0.892776818549,0.894310799337,75,7.5,26,0,2613,2607,0.851359337277,0.842155452549,76,7.6,27,1,2644,2633,0.871301087519,0.854427298852,75,7.5,28,1,2073,2071,0.010737865515,0.007669903939,75,7.5,26,1
521,2026-09-05T07:30:48.864546+00:00,182210093000000,182210140000000,31.437000000,online_observation,5,0,2089,2087,0.101242732000,0.098174770425,76,7.6,27,1,2648,2649,0.892776818549,0.894310799337,75,7.5,26,0,2613,2607,0.851359337277,0.842155452549,76,7.6,27,1,2642,2632,0.868233125943,0.852893318064,75,7.5,28,2,2073,2071,0.010737865515,0.007669903939,76,7.6,26,1
522,2026-09-05T07:30:48.917483+00:00,182210156000000,182210187000000,31.484000000,online_observation,5,0,2089,2087,0.101242732000,0.098174770425,76,7.6,27,1,2648,2649,0.892776818549,0.894310799337,75,7.5,26,0,2613,2607,0.851359337277,0.842155452549,76,7.6,27,1,2641,2632,0.866699145155,0.852893318064,75,7.5,28,1,2073,2071,0.010737865515,0.007669903939,75,7.5,26,1
523,2026-09-05T07:30:48.963266+00:00,182210203000000,182210234000000,31.531000000,online_observation,5,0,2089,2087,0.101242732000,0.098174770425,76,7.6,27,0,2648,2649,0.892776818549,0.894310799337,75,7.5,26,0,2613,2607,0.851359337277,0.842155452549,76,7.6,27,0,2640,2632,0.865165164368,0.852893318064,75,7.5,28,1,2073,2071,0.010737865515,0.007669903939,75,7.5,26,1
524,2026-09-05T07:30:49.008174+00:00,182210250000000,182210281000000,31.578000000,online_observation,5,0,2089,2087,0.101242732000,0.098174770425,76,7.6,27,0,2648,2649,0.892776818549,0.894310799337,75,7.5,26,0,2613,2607,0.851359337277,0.842155452549,76,7.6,27,1,2640,2632,0.865165164368,0.852893318064,75,7.5,28,1,2073,2071,0.010737865515,0.007669903939,75,7.5,26,1
525,2026-09-05T07:30:49.062781+00:00,182210296000000,182210343000000,31.640000000,online_observation,5,0,2089,2087,0.101242732000,0.098174770425,76,7.6,27,1,2649,2649,0.894310799337,0.894310799337,75,7.5,26,0,2613,2607,0.851359337277,0.842155452549,76,7.6,27,1,2640,2632,0.865165164368,0.852893318064,75,7.5,28,1,2073,2071,0.010737865515,0.007669903939,76,7.6,26,0
526,2026-09-05T07:30:49.119351+00:00,182210359000000,182210390000000,31.687000000,online_observation,5,0,2089,2087,0.101242732000,0.098174770425,76,7.6,27,1,2649,2649,0.894310799337,0.894310799337,75,7.5,26,0,2613,2607,0.851359337277,0.842155452549,76,7.6,27,1,2640,2632,0.865165164368,0.852893318064,75,7.5,28,1,2073,2071,0.010737865515,0.007669903939,75,7.5,26,1
527,2026-09-05T07:30:49.163390+00:00,182210406000000,182210437000000,31.734000000,online_observation,5,0,2089,2087,0.101242732000,0.098174770425,76,7.6,27,0,2649,2649,0.894310799337,0.894310799337,75,7.5,26,0,2613,2607,0.851359337277,0.842155452549,76,7.6,27,1,2640,2632,0.865165164368,0.852893318064,75,7.5,28,1,2073,2071,0.010737865515,0.007669903939,75,7.5,26,1
528,2026-09-05T07:30:49.224052+00:00,182210453000000,182210500000000,31.797000000,online_inference,6,0,2089,2087,0.101242732000,0.098174770425,76,7.6,27,1,2649,2649,0.894310799337,0.894310799337,75,7.5,26,0,2613,2607,0.851359337277,0.842155452549,76,7.6,27,1,2640,2632,0.865165164368,0.852893318064,75,7.5,28,2,2073,2071,0.010737865515,0.007669903939,75,7.5,26,1
529,2026-09-05T07:30:49.306332+00:00,182210515000000,182210578000000,31.875000000,online_inference,6,0,2089,2087,0.101242732000,0.098174770425,76,7.6,27,1,2649,2649,0.894310799337,0.894310799337,75,7.5,26,0,2613,2607,0.851359337277,0.842155452549,76,7.6,27,1,2640,2632,0.865165164368,0.852893318064,75,7.5,28,1,2073,2071,0.010737865515,0.007669903939,76,7.6,26,1
530,2026-09-05T07:30:49.361247+00:00,182210593000000,182210640000000,31.937000000,online_inference,6,0,2089,2087,0.101242732000,0.098174770425,76,7.6,27,0,2649,2649,0.894310799337,0.894310799337,75,7.5,26,0,2613,2607,0.851359337277,0.842155452549,76,7.6,27,2,2640,2632,0.865165164368,0.852893318064,75,7.5,28,1,2073,2071,0.010737865515,0.007669903939,75,7.5,26,1
531,2026-09-05T07:30:49.441944+00:00,182210656000000,182210718000000,32.015000000,online_inference,6,0,2089,2087,0.101242732000,0.098174770425,76,7.6,27,1,2649,2649,0.894310799337,0.894310799337,75,7.5,26,0,2613,2607,0.851359337277,0.842155452549,76,7.6,27,0,2640,2632,0.865165164368,0.852893318064,75,7.5,28,2,2073,2071,0.010737865515,0.007669903939,75,7.5,26,0
532,2026-09-05T07:30:49.508961+00:00,182210734000000,182210781000000,32.078000000,online_inference,6,0,2089,2087,0.101242732000,0.098174770425,76,7.6,27,1,2649,2649,0.894310799337,0.894310799337,75,7.5,26,0,2613,2607,0.851359337277,0.842155452549,76,7.6,27,2,2640,2632,0.865165164368,0.852893318064,75,7.5,28,1,2073,2071,0.010737865515,0.007669903939,75,7.5,26,1
533,2026-09-05T07:30:49.554817+00:00,182210796000000,182210828000000,32.125000000,online_inference,6,0,2089,2087,0.101242732000,0.098174770425,76,7.6,27,1,2649,2649,0.894310799337,0.894310799337,75,7.5,26,0,2613,2607,0.851359337277,0.842155452549,76,7.6,27,1,2640,2632,0.865165164368,0.852893318064,75,7.5,28,1,2073,2071,0.010737865515,0.007669903939,76,7.6,26,0
534,2026-09-05T07:30:49.622830+00:00,182210843000000,182210890000000,32.187000000,online_inference,6,0,2089,2087,0.101242732000,0.098174770425,76,7.6,27,1,2649,2649,0.894310799337,0.894310799337,75,7.5,26,0,2613,2607,0.851359337277,0.842155452549,76,7.6,27,1,2640,2632,0.865165164368,0.852893318064,75,7.5,28,2,2073,2071,0.010737865515,0.007669903939,75,7.5,26,1
535,2026-09-05T07:30:49.658475+00:00,182210906000000,182210937000000,32.234000000,online_inference,6,0,2089,2087,0.101242732000,0.098174770425,76,7.6,27,1,2649,2649,0.894310799337,0.894310799337,75,7.5,26,0,2613,2607,0.851359337277,0.842155452549,76,7.6,27,1,2640,2632,0.865165164368,0.852893318064,75,7.5,28,1,2073,2071,0.010737865515,0.007669903939,76,7.6,26,0
536,2026-09-05T07:30:49.724968+00:00,182210953000000,182211000000000,32.297000000,online_inference,6,0,2089,2087,0.101242732000,0.098174770425,76,7.6,27,1,2649,2649,0.894310799337,0.894310799337,75,7.5,26,0,2613,2607,0.851359337277,0.842155452549,76,7.6,27,1,2640,2632,0.865165164368,0.852893318064,75,7.5,28,1,2073,2071,0.010737865515,0.007669903939,75,7.5,26,0
537,2026-09-05T07:30:49.807010+00:00,182211031000000,182211078000000,32.375000000,online_inference,6,0,2089,2087,0.101242732000,0.098174770425,76,7.6,27,1,2649,2649,0.894310799337,0.894310799337,75,7.5,26,0,2613,2607,0.851359337277,0.842155452549,75,7.5,27,0,2640,2632,0.865165164368,0.852893318064,75,7.5,28,1,2073,2071,0.010737865515,0.007669903939,76,7.6,26,1
538,2026-09-05T07:30:49.871493+00:00,182211093000000,182211140000000,32.437000000,online_inference,6,0,2089,2087,0.101242732000,0.098174770425,76,7.6,27,0,2649,2649,0.894310799337,0.894310799337,75,7.5,26,0,2613,2607,0.851359337277,0.842155452549,76,7.6,27,1,2640,2632,0.865165164368,0.852893318064,75,7.5,28,1,2073,2071,0.010737865515,0.007669903939,75,7.5,26,1
539,2026-09-05T07:30:49.914230+00:00,182211156000000,182211187000000,32.484000000,online_inference,6,0,2089,2087,0.101242732000,0.098174770425,76,7.6,27,0,2649,2649,0.894310799337,0.894310799337,75,7.5,26,0,2613,2607,0.851359337277,0.842155452549,76,7.6,27,1,2640,2632,0.865165164368,0.852893318064,75,7.5,28,1,2073,2071,0.010737865515,0.007669903939,75,7.5,26,0
540,2026-09-05T07:30:49.970304+00:00,182211203000000,182211250000000,32.547000000,online_inference,6,0,2089,2087,0.101242732000,0.098174770425,76,7.6,27,1,2649,2649,0.894310799337,0.894310799337,75,7.5,26,0,2613,2607,0.851359337277,0.842155452549,75,7.5,27,1,2640,2632,0.865165164368,0.852893318064,75,7.5,28,1,2073,2071,0.010737865515,0.007669903939,75,7.5,26,1
541,2026-09-05T07:30:50.029906+00:00,182211265000000,182211312000000,32.609000000,online_inference,6,0,2089,2087,0.101242732000,0.098174770425,76,7.6,27,0,2649,2649,0.894310799337,0.894310799337,75,7.5,26,0,2613,2607,0.851359337277,0.842155452549,76,7.6,27,1,2640,2632,0.865165164368,0.852893318064,75,7.5,28,1,2073,2071,0.010737865515,0.007669903939,75,7.5,26,1
542,2026-09-05T07:30:50.101602+00:00,182211328000000,182211375000000,32.672000000,online_inference,6,0,2089,2087,0.101242732000,0.098174770425,76,7.6,27,1,2649,2649,0.894310799337,0.894310799337,75,7.5,26,0,2613,2607,0.851359337277,0.842155452549,76,7.6,27,1,2640,2632,0.865165164368,0.852893318064,75,7.5,28,1,2073,2071,0.010737865515,0.007669903939,75,7.5,26,1
543,2026-09-05T07:30:50.165033+00:00,182211390000000,182211437000000,32.734000000,online_inference,6,0,2089,2087,0.101242732000,0.098174770425,76,7.6,27,0,2649,2649,0.894310799337,0.894310799337,75,7.5,26,0,2613,2607,0.851359337277,0.842155452549,76,7.6,27,1,2640,2632,0.865165164368,0.852893318064,75,7.5,28,1,2073,2071,0.010737865515,0.007669903939,75,7.5,26,1
544,2026-09-05T07:30:50.219211+00:00,182211453000000,182211500000000,32.797000000,online_inference,6,0,2089,2087,0.101242732000,0.098174770425,76,7.6,27,1,2649,2649,0.894310799337,0.894310799337,75,7.5,26,0,2613,2607,0.851359337277,0.842155452549,76,7.6,27,1,2640,2632,0.865165164368,0.852893318064,75,7.5,28,1,2073,2071,0.010737865515,0.007669903939,76,7.6,26,1
545,2026-09-05T07:30:50.286023+00:00,182211515000000,182211562000000,32.859000000,online_inference,6,0,2089,2087,0.101242732000,0.098174770425,76,7.6,27,1,2649,2649,0.894310799337,0.894310799337,75,7.5,26,0,2613,2607,0.851359337277,0.842155452549,76,7.6,27,1,2640,2632,0.865165164368,0.852893318064,75,7.5,28,1,2073,2071,0.010737865515,0.007669903939,75,7.5,26,1
546,2026-09-05T07:30:50.364024+00:00,182211578000000,182211640000000,32.937000000,online_inference,6,0,2089,2087,0.101242732000,0.098174770425,76,7.6,27,0,2649,2649,0.894310799337,0.894310799337,75,7.5,26,0,2613,2607,0.851359337277,0.842155452549,76,7.6,27,1,2640,2632,0.865165164368,0.852893318064,75,7.5,28,2,2073,2071,0.010737865515,0.007669903939,75,7.5,26,0
547,2026-09-05T07:30:50.425626+00:00,182211656000000,182211703000000,33.000000000,online_inference,6,0,2089,2087,0.101242732000,0.098174770425,76,7.6,27,1,2649,2649,0.894310799337,0.894310799337,75,7.5,26,0,2613,2607,0.851359337277,0.842155452549,76,7.6,27,0,2640,2632,0.865165164368,0.852893318064,75,7.5,28,2,2073,2071,0.010737865515,0.007669903939,75,7.5,26,1
548,2026-09-05T07:30:50.480075+00:00,182211718000000,182211750000000,33.047000000,online_inference,6,0,2089,2087,0.101242732000,0.098174770425,76,7.6,27,1,2649,2649,0.894310799337,0.894310799337,75,7.5,26,0,2613,2607,0.851359337277,0.842155452549,76,7.6,27,1,2640,2632,0.865165164368,0.852893318064,75,7.5,28,2,2073,2071,0.010737865515,0.007669903939,75,7.5,26,1
549,2026-09-05T07:30:50.535557+00:00,182211765000000,182211812000000,33.109000000,online_inference,6,0,2089,2087,0.101242732000,0.098174770425,76,7.6,27,1,2649,2649,0.894310799337,0.894310799337,75,7.5,26,0,2613,2607,0.851359337277,0.842155452549,76,7.6,27,1,2640,2632,0.865165164368,0.852893318064,75,7.5,28,1,2073,2071,0.010737865515,0.007669903939,76,7.6,26,0
550,2026-09-05T07:30:50.601817+00:00,182211828000000,182211875000000,33.172000000,online_inference,6,0,2089,2087,0.101242732000,0.098174770425,76,7.6,27,1,2649,2649,0.894310799337,0.894310799337,75,7.5,26,0,2613,2607,0.851359337277,0.842155452549,76,7.6,27,1,2640,2632,0.865165164368,0.852893318064,75,7.5,28,1,2073,2071,0.010737865515,0.007669903939,75,7.5,26,1
551,2026-09-05T07:30:50.661375+00:00,182211890000000,182211937000000,33.234000000,online_inference,6,0,2089,2087,0.101242732000,0.098174770425,76,7.6,27,0,2649,2649,0.894310799337,0.894310799337,75,7.5,26,0,2613,2607,0.851359337277,0.842155452549,76,7.6,27,1,2640,2632,0.865165164368,0.852893318064,75,7.5,28,2,2073,2071,0.010737865515,0.007669903939,75,7.5,26,1
552,2026-09-05T07:30:50.715643+00:00,182211953000000,182211984000000,33.281000000,online_inference,6,0,2089,2087,0.101242732000,0.098174770425,76,7.6,27,1,2649,2649,0.894310799337,0.894310799337,75,7.5,26,0,2613,2607,0.851359337277,0.842155452549,76,7.6,27,1,2640,2632,0.865165164368,0.852893318064,75,7.5,28,2,2073,2071,0.010737865515,0.007669903939,76,7.6,26,0
553,2026-09-05T07:30:50.771186+00:00,182212000000000,182212046000000,33.343000000,online_inference,6,0,2089,2087,0.101242732000,0.098174770425,76,7.6,27,0,2649,2649,0.894310799337,0.894310799337,75,7.5,26,0,2613,2607,0.851359337277,0.842155452549,76,7.6,27,1,2640,2632,0.865165164368,0.852893318064,75,7.5,28,2,2073,2071,0.010737865515,0.007669903939,75,7.5,26,1
554,2026-09-05T07:30:50.847382+00:00,182212062000000,182212125000000,33.422000000,online_inference,6,0,2089,2087,0.101242732000,0.098174770425,76,7.6,27,0,2649,2649,0.894310799337,0.894310799337,75,7.5,26,0,2613,2607,0.851359337277,0.842155452549,76,7.6,27,0,2640,2632,0.865165164368,0.852893318064,75,7.5,28,1,2073,2071,0.010737865515,0.007669903939,76,7.6,26,0
555,2026-09-05T07:30:50.935155+00:00,182212140000000,182212203000000,33.500000000,online_inference,6,0,2089,2087,0.101242732000,0.098174770425,76,7.6,27,1,2649,2649,0.894310799337,0.894310799337,75,7.5,26,0,2613,2607,0.851359337277,0.842155452549,76,7.6,27,1,2640,2632,0.865165164368,0.852893318064,75,7.5,28,1,2073,2071,0.010737865515,0.007669903939,75,7.5,26,0
556,2026-09-05T07:30:50.996569+00:00,182212218000000,182212265000000,33.562000000,online_inference,6,0,2089,2087,0.101242732000,0.098174770425,76,7.6,27,0,2649,2649,0.894310799337,0.894310799337,75,7.5,26,0,2613,2607,0.851359337277,0.842155452549,76,7.6,27,1,2640,2632,0.865165164368,0.852893318064,75,7.5,28,2,2073,2071,0.010737865515,0.007669903939,75,7.5,26,1
557,2026-09-05T07:30:51.052982+00:00,182212281000000,182212328000000,33.625000000,online_inference,6,0,2089,2087,0.101242732000,0.098174770425,76,7.6,27,0,2649,2649,0.894310799337,0.894310799337,75,7.5,26,0,2613,2607,0.851359337277,0.842155452549,76,7.6,27,1,2640,2632,0.865165164368,0.852893318064,75,7.5,28,1,2073,2071,0.010737865515,0.007669903939,76,7.6,26,1
558,2026-09-05T07:30:51.110117+00:00,182212343000000,182212390000000,33.687000000,online_inference,6,0,2089,2087,0.101242732000,0.098174770425,76,7.6,27,0,2649,2649,0.894310799337,0.894310799337,75,7.5,26,0,2613,2607,0.851359337277,0.842155452549,75,7.5,27,1,2640,2632,0.865165164368,0.852893318064,75,7.5,28,1,2073,2071,0.010737865515,0.007669903939,76,7.6,26,1
559,2026-09-05T07:30:51.166136+00:00,182212406000000,182212437000000,33.734000000,online_inference,6,0,2089,2087,0.101242732000,0.098174770425,76,7.6,27,1,2649,2649,0.894310799337,0.894310799337,75,7.5,26,0,2613,2607,0.851359337277,0.842155452549,76,7.6,27,1,2640,2632,0.865165164368,0.852893318064,75,7.5,28,1,2073,2071,0.010737865515,0.007669903939,75,7.5,26,0
560,2026-09-05T07:30:51.224650+00:00,182212453000000,182212500000000,33.797000000,online_inference,6,0,2089,2087,0.101242732000,0.098174770425,76,7.6,27,1,2649,2649,0.894310799337,0.894310799337,75,7.5,26,0,2613,2607,0.851359337277,0.842155452549,75,7.5,27,1,2640,2632,0.865165164368,0.852893318064,75,7.5,28,1,2073,2071,0.010737865515,0.007669903939,75,7.5,26,1
561,2026-09-05T07:30:51.286305+00:00,182212515000000,182212562000000,33.859000000,online_inference,6,0,2089,2087,0.101242732000,0.098174770425,76,7.6,27,0,2649,2649,0.894310799337,0.894310799337,75,7.5,26,0,2613,2607,0.851359337277,0.842155452549,76,7.6,27,1,2640,2632,0.865165164368,0.852893318064,75,7.5,28,1,2073,2071,0.010737865515,0.007669903939,75,7.5,26,0
562,2026-09-05T07:30:51.354506+00:00,182212578000000,182212625000000,33.922000000,online_inference,6,0,2089,2087,0.101242732000,0.098174770425,76,7.6,27,1,2649,2649,0.894310799337,0.894310799337,75,7.5,26,0,2613,2607,0.851359337277,0.842155452549,76,7.6,27,1,2640,2632,0.865165164368,0.852893318064,75,7.5,28,1,2073,2071,0.010737865515,0.007669903939,76,7.6,26,0
563,2026-09-05T07:30:51.424017+00:00,182212656000000,182212703000000,34.000000000,online_inference,6,0,2089,2087,0.101242732000,0.098174770425,76,7.6,27,1,2649,2649,0.894310799337,0.894310799337,75,7.5,26,0,2613,2607,0.851359337277,0.842155452549,76,7.6,27,1,2640,2632,0.865165164368,0.852893318064,75,7.5,28,1,2073,2071,0.010737865515,0.007669903939,75,7.5,26,1
564,2026-09-05T07:30:51.493837+00:00,182212718000000,182212765000000,34.062000000,online_inference,6,0,2089,2087,0.101242732000,0.098174770425,76,7.6,27,0,2649,2649,0.894310799337,0.894310799337,75,7.5,26,0,2613,2607,0.851359337277,0.842155452549,76,7.6,27,1,2640,2632,0.865165164368,0.852893318064,75,7.5,28,2,2073,2071,0.010737865515,0.007669903939,75,7.5,26,0
565,2026-09-05T07:30:51.541094+00:00,182212781000000,182212812000000,34.109000000,online_inference,6,0,2089,2087,0.101242732000,0.098174770425,76,7.6,27,1,2649,2649,0.894310799337,0.894310799337,75,7.5,26,0,2613,2607,0.851359337277,0.842155452549,76,7.6,27,1,2640,2632,0.865165164368,0.852893318064,75,7.5,28,2,2073,2071,0.010737865515,0.007669903939,75,7.5,26,1
566,2026-09-05T07:30:51.607391+00:00,182212828000000,182212875000000,34.172000000,online_inference,6,0,2089,2087,0.101242732000,0.098174770425,76,7.6,27,0,2649,2649,0.894310799337,0.894310799337,75,7.5,26,0,2613,2607,0.851359337277,0.842155452549,76,7.6,27,1,2640,2632,0.865165164368,0.852893318064,75,7.5,28,1,2073,2071,0.010737865515,0.007669903939,75,7.5,26,0
567,2026-09-05T07:30:51.664459+00:00,182212890000000,182212937000000,34.234000000,online_inference,6,0,2089,2087,0.101242732000,0.098174770425,76,7.6,27,0,2649,2649,0.894310799337,0.894310799337,75,7.5,26,0,2613,2607,0.851359337277,0.842155452549,76,7.6,27,1,2640,2632,0.865165164368,0.852893318064,75,7.5,28,1,2073,2071,0.010737865515,0.007669903939,76,7.6,26,1
568,2026-09-05T07:30:51.736749+00:00,182212953000000,182213015000000,34.312000000,online_inference,6,0,2089,2087,0.101242732000,0.098174770425,76,7.6,27,0,2649,2649,0.894310799337,0.894310799337,75,7.5,26,0,2613,2607,0.851359337277,0.842155452549,76,7.6,27,1,2640,2632,0.865165164368,0.852893318064,75,7.5,28,1,2073,2071,0.010737865515,0.007669903939,75,7.5,26,1
569,2026-09-05T07:30:51.791238+00:00,182213031000000,182213062000000,34.359000000,online_inference,6,0,2089,2087,0.101242732000,0.098174770425,76,7.6,27,0,2649,2649,0.894310799337,0.894310799337,75,7.5,26,0,2613,2607,0.851359337277,0.842155452549,76,7.6,27,0,2640,2632,0.865165164368,0.852893318064,75,7.5,28,1,2073,2071,0.010737865515,0.007669903939,76,7.6,26,1
570,2026-09-05T07:30:51.858204+00:00,182213078000000,182213140000000,34.437000000,online_inference,6,0,2089,2087,0.101242732000,0.098174770425,76,7.6,27,0,2649,2649,0.894310799337,0.894310799337,75,7.5,26,0,2613,2607,0.851359337277,0.842155452549,76,7.6,27,1,2640,2632,0.865165164368,0.852893318064,75,7.5,28,1,2073,2071,0.010737865515,0.007669903939,75,7.5,26,0
571,2026-09-05T07:30:51.952883+00:00,182213171000000,182213234000000,34.531000000,online_inference,6,0,2089,2087,0.101242732000,0.098174770425,76,7.6,27,1,2649,2649,0.894310799337,0.894310799337,75,7.5,26,0,2613,2607,0.851359337277,0.842155452549,76,7.6,27,1,2640,2632,0.865165164368,0.852893318064,75,7.5,28,2,2073,2071,0.010737865515,0.007669903939,76,7.6,26,1
572,2026-09-05T07:30:52.021636+00:00,182213250000000,182213296000000,34.593000000,online_inference,6,0,2089,2087,0.101242732000,0.098174770425,76,7.6,27,0,2649,2649,0.894310799337,0.894310799337,75,7.5,26,0,2613,2607,0.851359337277,0.842155452549,76,7.6,27,1,2640,2632,0.865165164368,0.852893318064,75,7.5,28,1,2073,2071,0.010737865515,0.007669903939,75,7.5,26,1
573,2026-09-05T07:30:52.084881+00:00,182213312000000,182213359000000,34.656000000,online_inference,6,0,2089,2087,0.101242732000,0.098174770425,76,7.6,27,1,2649,2649,0.894310799337,0.894310799337,75,7.5,26,0,2613,2607,0.851359337277,0.842155452549,76,7.6,27,1,2640,2632,0.865165164368,0.852893318064,75,7.5,28,1,2073,2071,0.010737865515,0.007669903939,75,7.5,26,0
574,2026-09-05T07:30:52.151705+00:00,182213375000000,182213421000000,34.718000000,online_inference,6,0,2089,2087,0.101242732000,0.098174770425,76,7.6,27,0,2649,2649,0.894310799337,0.894310799337,75,7.5,26,0,2613,2607,0.851359337277,0.842155452549,76,7.6,27,1,2640,2632,0.865165164368,0.852893318064,75,7.5,28,1,2073,2071,0.010737865515,0.007669903939,75,7.5,26,1
575,2026-09-05T07:30:52.215618+00:00,182213437000000,182213484000000,34.781000000,online_inference,6,0,2089,2087,0.101242732000,0.098174770425,76,7.6,27,1,2649,2649,0.894310799337,0.894310799337,75,7.5,26,0,2613,2607,0.851359337277,0.842155452549,76,7.6,27,0,2640,2632,0.865165164368,0.852893318064,75,7.5,28,1,2073,2071,0.010737865515,0.007669903939,75,7.5,26,0
576,2026-09-05T07:30:52.275398+00:00,182213500000000,182213546000000,34.843000000,online_inference,6,0,2089,2087,0.101242732000,0.098174770425,76,7.6,27,1,2649,2649,0.894310799337,0.894310799337,75,7.5,26,0,2613,2607,0.851359337277,0.842155452549,76,7.6,27,1,2640,2632,0.865165164368,0.852893318064,75,7.5,28,1,2073,2071,0.010737865515,0.007669903939,75,7.5,26,1
577,2026-09-05T07:30:52.341555+00:00,182213562000000,182213609000000,34.906000000,online_inference,6,0,2089,2087,0.101242732000,0.098174770425,76,7.6,27,1,2649,2649,0.894310799337,0.894310799337,75,7.5,26,0,2613,2607,0.851359337277,0.842155452549,76,7.6,27,1,2640,2632,0.865165164368,0.852893318064,75,7.5,28,2,2073,2071,0.010737865515,0.007669903939,76,7.6,26,1
578,2026-09-05T07:30:52.403879+00:00,182213625000000,182213671000000,34.968000000,online_inference,6,0,2089,2087,0.101242732000,0.098174770425,76,7.6,27,1,2649,2649,0.894310799337,0.894310799337,75,7.5,26,0,2613,2607,0.851359337277,0.842155452549,76,7.6,27,1,2640,2632,0.865165164368,0.852893318064,75,7.5,28,1,2073,2071,0.010737865515,0.007669903939,76,7.6,26,0
579,2026-09-05T07:30:52.480006+00:00,182213703000000,182213750000000,35.047000000,online_inference,6,0,2089,2087,0.101242732000,0.098174770425,76,7.6,27,0,2649,2649,0.894310799337,0.894310799337,75,7.5,26,0,2613,2607,0.851359337277,0.842155452549,76,7.6,27,0,2640,2632,0.865165164368,0.852893318064,75,7.5,28,2,2073,2071,0.010737865515,0.007669903939,75,7.5,26,1
580,2026-09-05T07:30:52.546230+00:00,182213765000000,182213812000000,35.125000000,online_inference,6,0,2089,2087,0.101242732000,0.098174770425,76,7.6,27,1,2649,2649,0.894310799337,0.894310799337,75,7.5,26,0,2613,2607,0.851359337277,0.842155452549,76,7.6,27,1,2640,2632,0.865165164368,0.852893318064,75,7.5,28,1,2073,2071,0.010737865515,0.007669903939,75,7.5,26,1
581,2026-09-05T07:30:52.617616+00:00,182213843000000,182213890000000,35.187000000,online_inference,6,0,2089,2087,0.101242732000,0.098174770425,76,7.6,27,0,2649,2649,0.894310799337,0.894310799337,75,7.5,26,0,2613,2607,0.851359337277,0.842155452549,76,7.6,27,1,2640,2632,0.865165164368,0.852893318064,75,7.5,28,0,2073,2071,0.010737865515,0.007669903939,75,7.5,26,1
582,2026-09-05T07:30:52.689863+00:00,182213906000000,182213968000000,35.265000000,online_inference,6,0,2089,2087,0.101242732000,0.098174770425,76,7.6,27,1,2649,2649,0.894310799337,0.894310799337,75,7.5,26,0,2613,2607,0.851359337277,0.842155452549,76,7.6,27,1,2640,2632,0.865165164368,0.852893318064,75,7.5,28,1,2073,2071,0.010737865515,0.007669903939,75,7.5,26,1
583,2026-09-05T07:30:52.744788+00:00,182213984000000,182214015000000,35.312000000,online_inference,6,0,2089,2087,0.101242732000,0.098174770425,76,7.6,27,0,2649,2649,0.894310799337,0.894310799337,75,7.5,26,0,2613,2607,0.851359337277,0.842155452549,76,7.6,27,1,2640,2632,0.865165164368,0.852893318064,75,7.5,28,2,2073,2071,0.010737865515,0.007669903939,75,7.5,26,1
584,2026-09-05T07:30:52.807727+00:00,182214031000000,182214078000000,35.375000000,online_inference,6,0,2089,2087,0.101242732000,0.098174770425,76,7.6,27,1,2649,2649,0.894310799337,0.894310799337,75,7.5,26,0,2613,2607,0.851359337277,0.842155452549,76,7.6,27,1,2640,2632,0.865165164368,0.852893318064,75,7.5,28,1,2073,2071,0.010737865515,0.007669903939,75,7.5,26,1
585,2026-09-05T07:30:52.865813+00:00,182214093000000,182214140000000,35.437000000,online_inference,6,0,2089,2087,0.101242732000,0.098174770425,76,7.6,27,0,2649,2649,0.894310799337,0.894310799337,75,7.5,26,0,2613,2607,0.851359337277,0.842155452549,76,7.6,27,0,2640,2632,0.865165164368,0.852893318064,75,7.5,28,1,2073,2071,0.010737865515,0.007669903939,75,7.5,26,1
586,2026-09-05T07:30:52.921585+00:00,182214156000000,182214203000000,35.500000000,online_inference,6,0,2089,2087,0.101242732000,0.098174770425,76,7.6,27,0,2649,2649,0.894310799337,0.894310799337,75,7.5,26,0,2613,2607,0.851359337277,0.842155452549,76,7.6,27,1,2640,2632,0.865165164368,0.852893318064,75,7.5,28,2,2073,2071,0.010737865515,0.007669903939,76,7.6,26,1
587,2026-09-05T07:30:52.989821+00:00,182214218000000,182214265000000,35.562000000,online_inference,6,0,2089,2087,0.101242732000,0.098174770425,76,7.6,27,1,2649,2649,0.894310799337,0.894310799337,75,7.5,26,0,2613,2607,0.851359337277,0.842155452549,76,7.6,27,1,2640,2632,0.865165164368,0.852893318064,75,7.5,28,2,2073,2071,0.010737865515,0.007669903939,75,7.5,26,0
588,2026-09-05T07:30:53.046271+00:00,182214281000000,182214328000000,35.625000000,online_inference,6,0,2089,2087,0.101242732000,0.098174770425,76,7.6,27,1,2649,2649,0.894310799337,0.894310799337,75,7.5,26,0,2613,2607,0.851359337277,0.842155452549,76,7.6,27,1,2640,2632,0.865165164368,0.852893318064,75,7.5,28,1,2073,2071,0.010737865515,0.007669903939,76,7.6,26,1
589,2026-09-05T07:30:53.110384+00:00,182214343000000,182214390000000,35.687000000,online_inference,6,0,2089,2087,0.101242732000,0.098174770425,76,7.6,27,0,2649,2649,0.894310799337,0.894310799337,75,7.5,26,0,2613,2607,0.851359337277,0.842155452549,76,7.6,27,1,2640,2632,0.865165164368,0.852893318064,75,7.5,28,1,2073,2071,0.010737865515,0.007669903939,76,7.6,26,0
590,2026-09-05T07:30:53.176751+00:00,182214406000000,182214453000000,35.750000000,online_inference,6,0,2089,2087,0.101242732000,0.098174770425,76,7.6,27,1,2649,2649,0.894310799337,0.894310799337,75,7.5,26,0,2613,2607,0.851359337277,0.842155452549,76,7.6,27,1,2640,2632,0.865165164368,0.852893318064,75,7.5,28,1,2073,2071,0.010737865515,0.007669903939,75,7.5,26,0
591,2026-09-05T07:30:53.236229+00:00,182214468000000,182214515000000,35.812000000,online_inference,6,0,2089,2087,0.101242732000,0.098174770425,76,7.6,27,1,2649,2649,0.894310799337,0.894310799337,75,7.5,26,0,2613,2607,0.851359337277,0.842155452549,76,7.6,27,1,2640,2632,0.865165164368,0.852893318064,75,7.5,28,1,2073,2071,0.010737865515,0.007669903939,76,7.6,26,1
592,2026-09-05T07:30:53.293614+00:00,182214531000000,182214562000000,35.859000000,online_inference,6,0,2089,2087,0.101242732000,0.098174770425,76,7.6,27,1,2649,2649,0.894310799337,0.894310799337,75,7.5,26,0,2613,2607,0.851359337277,0.842155452549,76,7.6,27,1,2640,2632,0.865165164368,0.852893318064,75,7.5,28,1,2073,2071,0.010737865515,0.007669903939,76,7.6,26,0
593,2026-09-05T07:30:53.361048+00:00,182214578000000,182214640000000,35.937000000,online_inference,6,0,2089,2087,0.101242732000,0.098174770425,76,7.6,27,0,2649,2649,0.894310799337,0.894310799337,75,7.5,26,0,2613,2607,0.851359337277,0.842155452549,76,7.6,27,1,2640,2632,0.865165164368,0.852893318064,75,7.5,28,2,2073,2071,0.010737865515,0.007669903939,75,7.5,26,1
594,2026-09-05T07:30:53.418839+00:00,182214656000000,182214687000000,35.984000000,online_inference,6,0,2089,2087,0.101242732000,0.098174770425,76,7.6,27,0,2649,2649,0.894310799337,0.894310799337,75,7.5,26,0,2613,2607,0.851359337277,0.842155452549,76,7.6,27,1,2640,2632,0.865165164368,0.852893318064,75,7.5,28,1,2073,2071,0.010737865515,0.007669903939,76,7.6,26,1
595,2026-09-05T07:30:53.475148+00:00,182214703000000,182214750000000,36.047000000,online_archive,6,0,2089,2087,0.101242732000,0.098174770425,76,7.6,27,1,2649,2649,0.894310799337,0.894310799337,75,7.5,26,0,2613,2607,0.851359337277,0.842155452549,76,7.6,27,1,2640,2632,0.865165164368,0.852893318064,75,7.5,28,1,2073,2071,0.010737865515,0.007669903939,75,7.5,26,1
596,2026-09-05T07:30:53.534435+00:00,182214765000000,182214812000000,36.109000000,online_archive,6,0,2089,2087,0.101242732000,0.098174770425,76,7.6,27,0,2649,2649,0.894310799337,0.894310799337,75,7.5,26,0,2613,2607,0.851359337277,0.842155452549,76,7.6,27,0,2640,2632,0.865165164368,0.852893318064,75,7.5,28,1,2073,2071,0.010737865515,0.007669903939,75,7.5,26,0
597,2026-09-05T07:30:53.636243+00:00,182214859000000,182214906000000,36.203000000,fixed_trajectory,6,0,2089,2087,0.101242732000,0.098174770425,76,7.6,27,1,2649,2649,0.894310799337,0.894310799337,75,7.5,26,0,2613,2607,0.851359337277,0.842155452549,76,7.6,27,1,2640,2632,0.865165164368,0.852893318064,75,7.5,28,2,2073,2071,0.010737865515,0.007669903939,75,7.5,26,1
598,2026-09-05T07:30:53.680590+00:00,182214921000000,182214953000000,36.250000000,fixed_trajectory,6,0,2089,2087,0.101242732000,0.098174770425,76,7.6,27,1,2649,2649,0.894310799337,0.894310799337,75,7.5,26,0,2613,2607,0.851359337277,0.842155452549,76,7.6,27,1,2640,2631,0.865165164368,0.851359337277,75,7.5,28,2,2073,2071,0.010737865515,0.007669903939,75,7.5,26,1
599,2026-09-05T07:30:53.732236+00:00,182214968000000,182215000000000,36.297000000,fixed_trajectory,6,0,2089,2087,0.101242732000,0.098174770425,76,7.6,27,1,2649,2650,0.894310799337,0.895844780125,75,7.5,26,0,2613,2607,0.851359337277,0.842155452549,76,7.6,27,1,2640,2630,0.865165164368,0.849825356489,75,7.5,28,2,2073,2071,0.010737865515,0.007669903939,75,7.5,26,0
600,2026-09-05T07:30:53.772287+00:00,182215015000000,182215046000000,36.343000000,fixed_trajectory,6,0,2089,2087,0.101242732000,0.098174770425,76,7.6,27,1,2649,2650,0.894310799337,0.895844780125,75,7.5,26,0,2613,2607,0.851359337277,0.842155452549,76,7.6,27,1,2640,2629,0.865165164368,0.848291375701,75,7.5,28,2,2073,2071,0.010737865515,0.007669903939,75,7.5,26,1
601,2026-09-05T07:30:53.829240+00:00,182215062000000,182215109000000,36.406000000,fixed_trajectory,6,0,2089,2087,0.101242732000,0.098174770425,76,7.6,27,1,2649,2651,0.894310799337,0.897378760913,75,7.5,26,1,2613,2607,0.851359337277,0.842155452549,76,7.6,27,1,2639,2628,0.863631183580,0.846757394913,75,7.5,28,2,2073,2071,0.010737865515,0.007669903939,75,7.5,26,1
602,2026-09-05T07:30:53.878159+00:00,182215125000000,182215156000000,36.453000000,fixed_trajectory,6,0,2089,2087,0.101242732000,0.098174770425,76,7.6,27,1,2649,2651,0.894310799337,0.897378760913,75,7.5,26,1,2613,2607,0.851359337277,0.842155452549,76,7.6,27,1,2639,2627,0.863631183580,0.845223414125,75,7.5,28,2,2073,2072,0.010737865515,0.009203884727,75,7.5,26,0
603,2026-09-05T07:30:53.931806+00:00,182215171000000,182215203000000,36.500000000,fixed_trajectory,6,0,2089,2087,0.101242732000,0.098174770425,76,7.6,27,1,2649,2651,0.894310799337,0.897378760913,75,7.5,26,1,2613,2607,0.851359337277,0.842155452549,76,7.6,27,0,2638,2626,0.862097202792,0.843689433337,75,7.5,28,2,2073,2072,0.010737865515,0.009203884727,75,7.5,26,0
604,2026-09-05T07:30:53.972113+00:00,182215218000000,182215250000000,36.547000000,fixed_trajectory,6,0,2089,2087,0.101242732000,0.098174770425,76,7.6,27,1,2649,2652,0.894310799337,0.898912741701,75,7.5,26,0,2613,2607,0.851359337277,0.842155452549,76,7.6,27,1,2635,2625,0.857495260428,0.842155452549,75,7.5,28,1,2073,2072,0.010737865515,0.009203884727,76,7.6,26,0
605,2026-09-05T07:30:54.046216+00:00,182215281000000,182215328000000,36.625000000,fixed_trajectory,6,0,2089,2087,0.101242732000,0.098174770425,76,7.6,27,1,2651,2652,0.897378760913,0.898912741701,75,7.5,26,1,2613,2607,0.851359337277,0.842155452549,76,7.6,27,1,2634,2624,0.855961279640,0.840621471761,75,7.5,28,1,2073,2072,0.010737865515,0.009203884727,76,7.6,26,0
606,2026-09-05T07:30:54.106663+00:00,182215343000000,182215375000000,36.672000000,fixed_trajectory,6,0,2089,2087,0.101242732000,0.098174770425,76,7.6,27,1,2651,2653,0.897378760913,0.900446722489,75,7.5,26,0,2613,2607,0.851359337277,0.842155452549,76,7.6,27,1,2633,2623,0.854427298852,0.839087490973,75,7.5,28,2,2073,2072,0.010737865515,0.009203884727,75,7.5,26,0
607,2026-09-05T07:30:54.143978+00:00,182215390000000,182215421000000,36.718000000,online_observation,6,0,2089,2087,0.101242732000,0.098174770425,76,7.6,27,1,2651,2653,0.897378760913,0.900446722489,75,7.5,26,1,2613,2607,0.851359337277,0.842155452549,76,7.6,27,1,2633,2622,0.854427298852,0.837553510186,75,7.5,28,2,2073,2072,0.010737865515,0.009203884727,75,7.5,26,0
608,2026-09-05T07:30:54.201604+00:00,182215437000000,182215468000000,36.781000000,online_observation,6,0,2089,2087,0.101242732000,0.098174770425,76,7.6,27,1,2651,2653,0.897378760913,0.900446722489,75,7.5,26,0,2613,2607,0.851359337277,0.842155452549,76,7.6,27,1,2633,2622,0.854427298852,0.837553510186,75,7.5,28,1,2073,2072,0.010737865515,0.009203884727,75,7.5,28,0
609,2026-09-05T07:30:54.261947+00:00,182215500000000,182215531000000,36.828000000,online_observation,6,0,2089,2087,0.101242732000,0.098174770425,76,7.6,27,1,2651,2653,0.897378760913,0.900446722489,75,7.5,26,1,2613,2607,0.851359337277,0.842155452549,76,7.6,27,1,2633,2622,0.854427298852,0.837553510186,75,7.5,28,2,2073,2072,0.010737865515,0.009203884727,76,7.6,26,0
610,2026-09-05T07:30:54.306196+00:00,182215546000000,182215578000000,36.875000000,online_observation,6,0,2089,2087,0.101242732000,0.098174770425,76,7.6,27,1,2651,2653,0.897378760913,0.900446722489,75,7.5,26,1,2613,2607,0.851359337277,0.842155452549,76,7.6,27,1,2633,2622,0.854427298852,0.837553510186,75,7.5,28,2,2073,2072,0.010737865515,0.009203884727,76,7.6,26,0
611,2026-09-05T07:30:54.361113+00:00,182215593000000,182215640000000,36.937000000,online_observation,6,0,2089,2087,0.101242732000,0.098174770425,76,7.6,27,1,2651,2653,0.897378760913,0.900446722489,75,7.5,26,1,2613,2607,0.851359337277,0.842155452549,75,7.5,27,1,2633,2622,0.854427298852,0.837553510186,75,7.5,28,1,2073,2072,0.010737865515,0.009203884727,75,7.5,26,0
612,2026-09-05T07:30:54.411379+00:00,182215656000000,182215687000000,36.984000000,online_observation,6,0,2089,2087,0.101242732000,0.098174770425,76,7.6,27,0,2651,2653,0.897378760913,0.900446722489,75,7.5,26,1,2613,2607,0.851359337277,0.842155452549,76,7.6,27,1,2633,2622,0.854427298852,0.837553510186,75,7.5,28,2,2073,2072,0.010737865515,0.009203884727,76,7.6,26,0
613,2026-09-05T07:30:54.464941+00:00,182215703000000,182215734000000,37.031000000,online_observation,6,0,2089,2087,0.101242732000,0.098174770425,76,7.6,27,0,2651,2653,0.897378760913,0.900446722489,75,7.5,26,0,2613,2607,0.851359337277,0.842155452549,76,7.6,27,1,2633,2622,0.854427298852,0.837553510186,75,7.5,28,2,2073,2072,0.010737865515,0.009203884727,76,7.6,26,0
614,2026-09-05T07:30:54.518800+00:00,182215750000000,182215796000000,37.093000000,online_inference,7,0,2089,2087,0.101242732000,0.098174770425,76,7.6,27,1,2651,2653,0.897378760913,0.900446722489,75,7.5,26,1,2613,2607,0.851359337277,0.842155452549,76,7.6,27,1,2633,2622,0.854427298852,0.837553510186,75,7.5,28,2,2073,2072,0.010737865515,0.009203884727,75,7.5,26,0
615,2026-09-05T07:30:54.605244+00:00,182215828000000,182215875000000,37.172000000,online_inference,7,0,2089,2087,0.101242732000,0.098174770425,76,7.6,27,1,2651,2653,0.897378760913,0.900446722489,75,7.5,26,1,2613,2607,0.851359337277,0.842155452549,76,7.6,27,1,2633,2622,0.854427298852,0.837553510186,75,7.5,28,2,2073,2072,0.010737865515,0.009203884727,75,7.5,26,0
616,2026-09-05T07:30:54.675387+00:00,182215890000000,182215953000000,37.250000000,online_inference,7,0,2089,2087,0.101242732000,0.098174770425,76,7.6,27,1,2651,2653,0.897378760913,0.900446722489,75,7.5,26,0,2613,2607,0.851359337277,0.842155452549,76,7.6,27,2,2633,2622,0.854427298852,0.837553510186,75,7.5,28,2,2073,2072,0.010737865515,0.009203884727,75,7.5,26,0
617,2026-09-05T07:30:54.745502+00:00,182215968000000,182216015000000,37.312000000,online_inference,7,0,2089,2087,0.101242732000,0.098174770425,76,7.6,27,0,2651,2653,0.897378760913,0.900446722489,75,7.5,26,1,2613,2607,0.851359337277,0.842155452549,76,7.6,27,1,2633,2622,0.854427298852,0.837553510186,75,7.5,28,2,2073,2072,0.010737865515,0.009203884727,75,7.5,26,0
618,2026-09-05T07:30:54.797435+00:00,182216031000000,182216078000000,37.375000000,online_inference,7,0,2089,2087,0.101242732000,0.098174770425,76,7.6,27,1,2651,2653,0.897378760913,0.900446722489,75,7.5,26,1,2613,2607,0.851359337277,0.842155452549,76,7.6,27,1,2633,2622,0.854427298852,0.837553510186,75,7.5,28,2,2073,2072,0.010737865515,0.009203884727,75,7.5,26,0
619,2026-09-05T07:30:54.864245+00:00,182216093000000,182216140000000,37.437000000,online_inference,7,0,2089,2087,0.101242732000,0.098174770425,76,7.6,27,0,2651,2653,0.897378760913,0.900446722489,75,7.5,26,1,2613,2607,0.851359337277,0.842155452549,76,7.6,27,1,2633,2622,0.854427298852,0.837553510186,75,7.5,28,2,2073,2072,0.010737865515,0.009203884727,75,7.5,26,0
620,2026-09-05T07:30:54.919991+00:00,182216156000000,182216187000000,37.484000000,online_inference,7,0,2089,2087,0.101242732000,0.098174770425,76,7.6,27,1,2651,2653,0.897378760913,0.900446722489,75,7.5,26,0,2613,2607,0.851359337277,0.842155452549,76,7.6,27,1,2633,2622,0.854427298852,0.837553510186,75,7.5,28,2,2073,2072,0.010737865515,0.009203884727,75,7.5,26,0
621,2026-09-05T07:30:54.964373+00:00,182216203000000,182216234000000,37.531000000,online_inference,7,0,2089,2087,0.101242732000,0.098174770425,76,7.6,27,0,2651,2653,0.897378760913,0.900446722489,75,7.5,26,1,2613,2607,0.851359337277,0.842155452549,76,7.6,27,0,2633,2622,0.854427298852,0.837553510186,75,7.5,28,2,2073,2072,0.010737865515,0.009203884727,76,7.6,26,0
622,2026-09-05T07:30:55.025152+00:00,182216250000000,182216296000000,37.593000000,online_inference,7,0,2089,2087,0.101242732000,0.098174770425,76,7.6,27,1,2651,2653,0.897378760913,0.900446722489,75,7.5,26,1,2613,2607,0.851359337277,0.842155452549,76,7.6,27,1,2633,2622,0.854427298852,0.837553510186,75,7.5,28,2,2073,2072,0.010737865515,0.009203884727,75,7.5,26,0
623,2026-09-05T07:30:55.078799+00:00,182216312000000,182216359000000,37.656000000,online_inference,7,0,2089,2087,0.101242732000,0.098174770425,76,7.6,27,0,2651,2653,0.897378760913,0.900446722489,75,7.5,26,0,2613,2607,0.851359337277,0.842155452549,76,7.6,27,1,2633,2622,0.854427298852,0.837553510186,75,7.5,28,2,2073,2072,0.010737865515,0.009203884727,75,7.5,26,0
624,2026-09-05T07:30:55.161303+00:00,182216375000000,182216437000000,37.734000000,online_inference,7,0,2089,2087,0.101242732000,0.098174770425,76,7.6,27,1,2651,2653,0.897378760913,0.900446722489,75,7.5,26,1,2613,2607,0.851359337277,0.842155452549,76,7.6,27,0,2633,2622,0.854427298852,0.837553510186,75,7.5,28,2,2073,2072,0.010737865515,0.009203884727,76,7.6,26,0
625,2026-09-05T07:30:55.219534+00:00,182216453000000,182216500000000,37.797000000,online_inference,7,0,2089,2087,0.101242732000,0.098174770425,76,7.6,27,1,2651,2653,0.897378760913,0.900446722489,75,7.5,26,0,2613,2607,0.851359337277,0.842155452549,76,7.6,27,1,2633,2622,0.854427298852,0.837553510186,75,7.5,28,2,2073,2072,0.010737865515,0.009203884727,75,7.5,26,0
626,2026-09-05T07:30:55.293427+00:00,182216515000000,182216562000000,37.859000000,online_inference,7,0,2089,2087,0.101242732000,0.098174770425,76,7.6,27,0,2651,2653,0.897378760913,0.900446722489,75,7.5,26,1,2613,2607,0.851359337277,0.842155452549,76,7.6,27,2,2633,2622,0.854427298852,0.837553510186,75,7.5,28,1,2073,2072,0.010737865515,0.009203884727,75,7.5,26,0
627,2026-09-05T07:30:55.339864+00:00,182216578000000,182216609000000,37.906000000,online_inference,7,0,2089,2087,0.101242732000,0.098174770425,76,7.6,27,1,2651,2653,0.897378760913,0.900446722489,75,7.5,26,1,2613,2607,0.851359337277,0.842155452549,76,7.6,27,1,2633,2622,0.854427298852,0.837553510186,75,7.5,28,2,2073,2072,0.010737865515,0.009203884727,75,7.5,26,0
628,2026-09-05T07:30:55.393858+00:00,182216625000000,182216671000000,37.968000000,online_inference,7,0,2089,2087,0.101242732000,0.098174770425,76,7.6,27,0,2651,2653,0.897378760913,0.900446722489,75,7.5,26,0,2613,2607,0.851359337277,0.842155452549,76,7.6,27,1,2633,2622,0.854427298852,0.837553510186,75,7.5,28,2,2073,2072,0.010737865515,0.009203884727,75,7.5,26,0
629,2026-09-05T07:30:55.447766+00:00,182216687000000,182216718000000,38.015000000,online_inference,7,0,2089,2087,0.101242732000,0.098174770425,76,7.6,27,0,2651,2653,0.897378760913,0.900446722489,75,7.5,26,0,2613,2607,0.851359337277,0.842155452549,76,7.6,27,1,2633,2622,0.854427298852,0.837553510186,75,7.5,28,2,2073,2072,0.010737865515,0.009203884727,75,7.5,26,0
630,2026-09-05T07:30:55.502963+00:00,182216734000000,182216781000000,38.078000000,online_inference,7,0,2089,2087,0.101242732000,0.098174770425,76,7.6,27,0,2651,2653,0.897378760913,0.900446722489,75,7.5,26,0,2613,2607,0.851359337277,0.842155452549,76,7.6,27,1,2633,2622,0.854427298852,0.837553510186,75,7.5,28,1,2073,2072,0.010737865515,0.009203884727,75,7.5,26,0
631,2026-09-05T07:30:55.562915+00:00,182216796000000,182216843000000,38.140000000,online_inference,7,0,2089,2087,0.101242732000,0.098174770425,76,7.6,27,0,2651,2653,0.897378760913,0.900446722489,75,7.5,26,0,2613,2607,0.851359337277,0.842155452549,76,7.6,27,1,2633,2622,0.854427298852,0.837553510186,75,7.5,28,2,2073,2072,0.010737865515,0.009203884727,75,7.5,26,0
632,2026-09-05T07:30:55.631332+00:00,182216859000000,182216906000000,38.203000000,online_inference,7,0,2089,2087,0.101242732000,0.098174770425,76,7.6,27,0,2651,2653,0.897378760913,0.900446722489,75,7.5,26,1,2613,2607,0.851359337277,0.842155452549,76,7.6,27,1,2633,2622,0.854427298852,0.837553510186,75,7.5,28,2,2073,2072,0.010737865515,0.009203884727,75,7.5,26,0
633,2026-09-05T07:30:55.714044+00:00,182216921000000,182216984000000,38.281000000,online_inference,7,0,2089,2087,0.101242732000,0.098174770425,76,7.6,27,1,2651,2653,0.897378760913,0.900446722489,75,7.5,26,1,2613,2607,0.851359337277,0.842155452549,75,7.5,27,1,2633,2622,0.854427298852,0.837553510186,75,7.5,28,2,2073,2072,0.010737865515,0.009203884727,75,7.5,26,0
634,2026-09-05T07:30:55.767326+00:00,182217000000000,182217046000000,38.343000000,online_inference,7,0,2089,2087,0.101242732000,0.098174770425,76,7.6,27,1,2651,2653,0.897378760913,0.900446722489,75,7.5,26,0,2613,2607,0.851359337277,0.842155452549,76,7.6,27,0,2633,2622,0.854427298852,0.837553510186,75,7.5,28,2,2073,2072,0.010737865515,0.009203884727,75,7.5,26,0
635,2026-09-05T07:30:55.828435+00:00,182217062000000,182217109000000,38.406000000,online_inference,7,0,2089,2087,0.101242732000,0.098174770425,76,7.6,27,0,2651,2653,0.897378760913,0.900446722489,75,7.5,26,1,2613,2607,0.851359337277,0.842155452549,76,7.6,27,1,2633,2622,0.854427298852,0.837553510186,75,7.5,28,2,2073,2072,0.010737865515,0.009203884727,75,7.5,26,0
636,2026-09-05T07:30:55.896082+00:00,182217125000000,182217171000000,38.468000000,online_inference,7,0,2089,2087,0.101242732000,0.098174770425,76,7.6,27,1,2651,2653,0.897378760913,0.900446722489,75,7.5,26,1,2613,2607,0.851359337277,0.842155452549,76,7.6,27,1,2633,2622,0.854427298852,0.837553510186,75,7.5,28,2,2073,2072,0.010737865515,0.009203884727,75,7.5,26,0
637,2026-09-05T07:30:55.955301+00:00,182217187000000,182217234000000,38.531000000,online_inference,7,0,2089,2087,0.101242732000,0.098174770425,76,7.6,27,0,2651,2653,0.897378760913,0.900446722489,75,7.5,26,0,2613,2607,0.851359337277,0.842155452549,76,7.6,27,1,2633,2622,0.854427298852,0.837553510186,75,7.5,28,2,2073,2072,0.010737865515,0.009203884727,75,7.5,26,0
638,2026-09-05T07:30:56.008979+00:00,182217250000000,182217281000000,38.578000000,online_inference,7,0,2089,2087,0.101242732000,0.098174770425,76,7.6,27,1,2651,2653,0.897378760913,0.900446722489,75,7.5,26,0,2613,2607,0.851359337277,0.842155452549,76,7.6,27,1,2633,2622,0.854427298852,0.837553510186,75,7.5,28,2,2073,2072,0.010737865515,0.009203884727,75,7.5,26,0
639,2026-09-05T07:30:56.076309+00:00,182217296000000,182217343000000,38.640000000,online_inference,7,0,2089,2087,0.101242732000,0.098174770425,76,7.6,27,0,2651,2653,0.897378760913,0.900446722489,75,7.5,26,0,2613,2607,0.851359337277,0.842155452549,76,7.6,27,1,2633,2622,0.854427298852,0.837553510186,75,7.5,28,2,2073,2072,0.010737865515,0.009203884727,75,7.5,26,0
640,2026-09-05T07:30:56.127310+00:00,182217359000000,182217406000000,38.703000000,online_inference,7,0,2089,2087,0.101242732000,0.098174770425,76,7.6,27,1,2651,2653,0.897378760913,0.900446722489,75,7.5,26,0,2613,2607,0.851359337277,0.842155452549,76,7.6,27,1,2633,2622,0.854427298852,0.837553510186,75,7.5,28,2,2073,2072,0.010737865515,0.009203884727,75,7.5,26,0
641,2026-09-05T07:30:56.225816+00:00,182217437000000,182217500000000,38.797000000,online_inference,7,0,2089,2087,0.101242732000,0.098174770425,76,7.6,27,0,2651,2653,0.897378760913,0.900446722489,75,7.5,26,0,2613,2607,0.851359337277,0.842155452549,76,7.6,27,1,2633,2622,0.854427298852,0.837553510186,75,7.5,28,2,2073,2072,0.010737865515,0.009203884727,75,7.5,26,0
642,2026-09-05T07:30:56.284580+00:00,182217515000000,182217562000000,38.859000000,online_inference,7,0,2089,2087,0.101242732000,0.098174770425,76,7.6,27,1,2651,2653,0.897378760913,0.900446722489,75,7.5,26,1,2613,2607,0.851359337277,0.842155452549,76,7.6,27,1,2633,2622,0.854427298852,0.837553510186,75,7.5,28,2,2073,2072,0.010737865515,0.009203884727,75,7.5,26,0
643,2026-09-05T07:30:56.356477+00:00,182217578000000,182217625000000,38.922000000,online_inference,7,0,2089,2087,0.101242732000,0.098174770425,76,7.6,27,0,2651,2653,0.897378760913,0.900446722489,75,7.5,26,1,2613,2607,0.851359337277,0.842155452549,76,7.6,27,0,2633,2622,0.854427298852,0.837553510186,75,7.5,28,2,2073,2072,0.010737865515,0.009203884727,75,7.5,26,0
644,2026-09-05T07:30:56.406421+00:00,182217640000000,182217687000000,38.984000000,online_inference,7,0,2089,2087,0.101242732000,0.098174770425,76,7.6,27,0,2651,2653,0.897378760913,0.900446722489,75,7.5,26,1,2613,2607,0.851359337277,0.842155452549,76,7.6,27,1,2633,2622,0.854427298852,0.837553510186,75,7.5,28,2,2073,2072,0.010737865515,0.009203884727,75,7.5,26,0
645,2026-09-05T07:30:56.468813+00:00,182217703000000,182217750000000,39.047000000,online_inference,7,0,2089,2087,0.101242732000,0.098174770425,76,7.6,27,1,2651,2653,0.897378760913,0.900446722489,75,7.5,26,1,2613,2607,0.851359337277,0.842155452549,76,7.6,27,1,2633,2622,0.854427298852,0.837553510186,75,7.5,28,2,2073,2072,0.010737865515,0.009203884727,75,7.5,26,0
646,2026-09-05T07:30:56.534042+00:00,182217765000000,182217812000000,39.109000000,online_inference,7,0,2089,2087,0.101242732000,0.098174770425,76,7.6,27,1,2651,2653,0.897378760913,0.900446722489,75,7.5,26,0,2613,2607,0.851359337277,0.842155452549,76,7.6,27,1,2633,2622,0.854427298852,0.837553510186,75,7.5,28,2,2073,2072,0.010737865515,0.009203884727,75,7.5,26,0
647,2026-09-05T07:30:56.593327+00:00,182217828000000,182217875000000,39.172000000,online_inference,7,0,2089,2087,0.101242732000,0.098174770425,76,7.6,27,1,2651,2653,0.897378760913,0.900446722489,75,7.5,26,1,2613,2607,0.851359337277,0.842155452549,76,7.6,27,1,2633,2622,0.854427298852,0.837553510186,75,7.5,28,1,2073,2072,0.010737865515,0.009203884727,75,7.5,26,0
648,2026-09-05T07:30:56.654355+00:00,182217890000000,182217921000000,39.218000000,online_inference,7,0,2089,2087,0.101242732000,0.098174770425,76,7.6,27,0,2651,2653,0.897378760913,0.900446722489,75,7.5,26,1,2613,2607,0.851359337277,0.842155452549,76,7.6,27,1,2633,2622,0.854427298852,0.837553510186,75,7.5,28,2,2073,2072,0.010737865515,0.009203884727,75,7.5,26,0
649,2026-09-05T07:30:56.720941+00:00,182217953000000,182218000000000,39.297000000,online_inference,7,0,2089,2087,0.101242732000,0.098174770425,76,7.6,27,0,2651,2653,0.897378760913,0.900446722489,75,7.5,26,1,2613,2607,0.851359337277,0.842155452549,76,7.6,27,1,2633,2622,0.854427298852,0.837553510186,75,7.5,28,1,2073,2072,0.010737865515,0.009203884727,76,7.6,26,0
650,2026-09-05T07:30:56.781334+00:00,182218015000000,182218062000000,39.359000000,online_inference,7,0,2089,2087,0.101242732000,0.098174770425,76,7.6,27,0,2651,2653,0.897378760913,0.900446722489,75,7.5,26,0,2613,2607,0.851359337277,0.842155452549,76,7.6,27,1,2633,2622,0.854427298852,0.837553510186,75,7.5,28,2,2073,2072,0.010737865515,0.009203884727,76,7.6,26,0
651,2026-09-05T07:30:56.835051+00:00,182218078000000,182218109000000,39.406000000,online_inference,7,0,2089,2087,0.101242732000,0.098174770425,76,7.6,27,1,2651,2653,0.897378760913,0.900446722489,75,7.5,26,0,2613,2607,0.851359337277,0.842155452549,76,7.6,27,1,2633,2622,0.854427298852,0.837553510186,75,7.5,28,2,2073,2072,0.010737865515,0.009203884727,75,7.5,26,0
652,2026-09-05T07:30:56.898749+00:00,182218125000000,182218171000000,39.468000000,online_inference,7,0,2089,2087,0.101242732000,0.098174770425,76,7.6,27,1,2651,2653,0.897378760913,0.900446722489,75,7.5,26,1,2613,2607,0.851359337277,0.842155452549,75,7.5,27,1,2633,2622,0.854427298852,0.837553510186,75,7.5,28,2,2073,2072,0.010737865515,0.009203884727,75,7.5,26,0
653,2026-09-05T07:30:56.950540+00:00,182218187000000,182218218000000,39.515000000,online_inference,7,0,2089,2087,0.101242732000,0.098174770425,76,7.6,27,0,2651,2653,0.897378760913,0.900446722489,75,7.5,26,1,2613,2607,0.851359337277,0.842155452549,76,7.6,27,1,2633,2622,0.854427298852,0.837553510186,75,7.5,28,1,2073,2072,0.010737865515,0.009203884727,75,7.5,26,0
654,2026-09-05T07:30:57.008274+00:00,182218234000000,182218281000000,39.578000000,online_inference,7,0,2089,2087,0.101242732000,0.098174770425,76,7.6,27,0,2651,2653,0.897378760913,0.900446722489,75,7.5,26,0,2613,2607,0.851359337277,0.842155452549,76,7.6,27,1,2633,2622,0.854427298852,0.837553510186,75,7.5,28,1,2073,2072,0.010737865515,0.009203884727,75,7.5,26,0
655,2026-09-05T07:30:57.056046+00:00,182218296000000,182218328000000,39.625000000,online_inference,7,0,2089,2087,0.101242732000,0.098174770425,76,7.6,27,0,2651,2653,0.897378760913,0.900446722489,75,7.5,26,0,2613,2607,0.851359337277,0.842155452549,76,7.6,27,1,2633,2622,0.854427298852,0.837553510186,75,7.5,28,2,2073,2072,0.010737865515,0.009203884727,75,7.5,26,0
656,2026-09-05T07:30:57.121181+00:00,182218343000000,182218390000000,39.687000000,online_inference,7,0,2089,2087,0.101242732000,0.098174770425,76,7.6,27,1,2651,2653,0.897378760913,0.900446722489,75,7.5,26,1,2613,2607,0.851359337277,0.842155452549,76,7.6,27,1,2633,2622,0.854427298852,0.837553510186,75,7.5,28,2,2073,2072,0.010737865515,0.009203884727,75,7.5,26,0
657,2026-09-05T07:30:57.168322+00:00,182218406000000,182218437000000,39.734000000,online_inference,7,0,2089,2087,0.101242732000,0.098174770425,76,7.6,27,0,2651,2653,0.897378760913,0.900446722489,75,7.5,26,0,2613,2607,0.851359337277,0.842155452549,76,7.6,27,1,2633,2622,0.854427298852,0.837553510186,75,7.5,28,2,2073,2072,0.010737865515,0.009203884727,75,7.5,26,0
658,2026-09-05T07:30:57.247729+00:00,182218468000000,182218515000000,39.812000000,online_inference,7,0,2089,2087,0.101242732000,0.098174770425,76,7.6,27,0,2651,2653,0.897378760913,0.900446722489,75,7.5,26,0,2613,2607,0.851359337277,0.842155452549,76,7.6,27,1,2633,2622,0.854427298852,0.837553510186,75,7.5,28,2,2073,2072,0.010737865515,0.009203884727,76,7.6,26,0
659,2026-09-05T07:30:57.302009+00:00,182218531000000,182218578000000,39.875000000,online_inference,7,0,2089,2087,0.101242732000,0.098174770425,76,7.6,27,1,2651,2653,0.897378760913,0.900446722489,75,7.5,26,0,2613,2607,0.851359337277,0.842155452549,76,7.6,27,1,2633,2622,0.854427298852,0.837553510186,75,7.5,28,2,2073,2072,0.010737865515,0.009203884727,75,7.5,26,0
660,2026-09-05T07:30:57.364807+00:00,182218593000000,182218640000000,39.937000000,online_inference,7,0,2089,2087,0.101242732000,0.098174770425,76,7.6,27,1,2651,2653,0.897378760913,0.900446722489,75,7.5,26,1,2613,2607,0.851359337277,0.842155452549,76,7.6,27,1,2633,2622,0.854427298852,0.837553510186,75,7.5,28,2,2073,2072,0.010737865515,0.009203884727,76,7.6,26,0
661,2026-09-05T07:30:57.416685+00:00,182218656000000,182218687000000,39.984000000,online_inference,7,0,2089,2087,0.101242732000,0.098174770425,76,7.6,27,1,2651,2653,0.897378760913,0.900446722489,75,7.5,26,1,2613,2607,0.851359337277,0.842155452549,76,7.6,27,1,2633,2622,0.854427298852,0.837553510186,75,7.5,28,2,2073,2072,0.010737865515,0.009203884727,75,7.5,26,0
662,2026-09-05T07:30:57.464473+00:00,182218703000000,182218734000000,40.031000000,online_inference,7,0,2089,2087,0.101242732000,0.098174770425,76,7.6,27,1,2651,2653,0.897378760913,0.900446722489,75,7.5,26,1,2613,2607,0.851359337277,0.842155452549,76,7.6,27,1,2633,2622,0.854427298852,0.837553510186,75,7.5,28,2,2073,2072,0.010737865515,0.009203884727,75,7.5,26,0
663,2026-09-05T07:30:57.518113+00:00,182218750000000,182218796000000,40.093000000,online_inference,7,0,2089,2087,0.101242732000,0.098174770425,76,7.6,27,1,2651,2653,0.897378760913,0.900446722489,75,7.5,26,1,2613,2607,0.851359337277,0.842155452549,76,7.6,27,1,2633,2622,0.854427298852,0.837553510186,75,7.5,28,2,2073,2072,0.010737865515,0.009203884727,76,7.6,26,0
664,2026-09-05T07:30:57.585282+00:00,182218812000000,182218859000000,40.156000000,online_inference,7,0,2089,2087,0.101242732000,0.098174770425,76,7.6,27,1,2651,2653,0.897378760913,0.900446722489,75,7.5,26,0,2613,2607,0.851359337277,0.842155452549,76,7.6,27,2,2633,2622,0.854427298852,0.837553510186,75,7.5,28,2,2073,2072,0.010737865515,0.009203884727,75,7.5,26,0
665,2026-09-05T07:30:57.640935+00:00,182218875000000,182218921000000,40.218000000,online_inference,7,0,2089,2087,0.101242732000,0.098174770425,76,7.6,27,1,2651,2653,0.897378760913,0.900446722489,75,7.5,26,1,2613,2607,0.851359337277,0.842155452549,75,7.5,27,1,2633,2622,0.854427298852,0.837553510186,75,7.5,28,1,2073,2072,0.010737865515,0.009203884727,75,7.5,26,0
666,2026-09-05T07:30:57.699021+00:00,182218937000000,182218968000000,40.265000000,online_inference,7,0,2089,2087,0.101242732000,0.098174770425,76,7.6,27,0,2651,2653,0.897378760913,0.900446722489,75,7.5,26,1,2613,2607,0.851359337277,0.842155452549,76,7.6,27,1,2633,2622,0.854427298852,0.837553510186,75,7.5,28,2,2073,2072,0.010737865515,0.009203884727,75,7.5,26,0
667,2026-09-05T07:30:57.778832+00:00,182219000000000,182219046000000,40.343000000,online_inference,7,0,2089,2087,0.101242732000,0.098174770425,76,7.6,27,1,2651,2653,0.897378760913,0.900446722489,75,7.5,26,0,2613,2607,0.851359337277,0.842155452549,76,7.6,27,1,2633,2622,0.854427298852,0.837553510186,75,7.5,28,2,2073,2072,0.010737865515,0.009203884727,75,7.5,26,0
668,2026-09-05T07:30:57.836141+00:00,182219062000000,182219109000000,40.406000000,online_inference,7,0,2089,2087,0.101242732000,0.098174770425,76,7.6,27,1,2651,2653,0.897378760913,0.900446722489,75,7.5,26,0,2613,2607,0.851359337277,0.842155452549,76,7.6,27,1,2633,2622,0.854427298852,0.837553510186,75,7.5,28,2,2073,2072,0.010737865515,0.009203884727,75,7.5,26,0
669,2026-09-05T07:30:57.895555+00:00,182219125000000,182219171000000,40.468000000,online_inference,7,0,2089,2087,0.101242732000,0.098174770425,76,7.6,27,1,2651,2653,0.897378760913,0.900446722489,75,7.5,26,0,2613,2607,0.851359337277,0.842155452549,76,7.6,27,1,2633,2622,0.854427298852,0.837553510186,75,7.5,28,1,2073,2072,0.010737865515,0.009203884727,75,7.5,26,0
670,2026-09-05T07:30:57.958667+00:00,182219187000000,182219234000000,40.531000000,online_inference,7,0,2089,2087,0.101242732000,0.098174770425,76,7.6,27,1,2651,2653,0.897378760913,0.900446722489,75,7.5,26,0,2613,2607,0.851359337277,0.842155452549,76,7.6,27,1,2633,2622,0.854427298852,0.837553510186,75,7.5,28,1,2073,2072,0.010737865515,0.009203884727,75,7.5,26,1
671,2026-09-05T07:30:58.026171+00:00,182219250000000,182219296000000,40.593000000,online_inference,7,0,2089,2087,0.101242732000,0.098174770425,76,7.6,27,0,2651,2653,0.897378760913,0.900446722489,75,7.5,26,1,2613,2607,0.851359337277,0.842155452549,76,7.6,27,1,2633,2622,0.854427298852,0.837553510186,75,7.5,28,1,2073,2072,0.010737865515,0.009203884727,75,7.5,26,0
672,2026-09-05T07:30:58.068179+00:00,182219312000000,182219343000000,40.640000000,online_inference,7,0,2089,2087,0.101242732000,0.098174770425,76,7.6,27,1,2651,2653,0.897378760913,0.900446722489,75,7.5,26,0,2613,2607,0.851359337277,0.842155452549,76,7.6,27,1,2633,2622,0.854427298852,0.837553510186,75,7.5,28,1,2073,2072,0.010737865515,0.009203884727,75,7.5,26,0
673,2026-09-05T07:30:58.129797+00:00,182219359000000,182219406000000,40.703000000,online_archive,7,0,2089,2087,0.101242732000,0.098174770425,76,7.6,27,1,2651,2653,0.897378760913,0.900446722489,75,7.5,26,1,2613,2607,0.851359337277,0.842155452549,76,7.6,27,1,2633,2622,0.854427298852,0.837553510186,75,7.5,28,2,2073,2072,0.010737865515,0.009203884727,75,7.5,26,0
674,2026-09-05T07:30:58.173104+00:00,182219421000000,182219453000000,40.750000000,online_archive,7,0,2089,2087,0.101242732000,0.098174770425,76,7.6,27,0,2651,2653,0.897378760913,0.900446722489,75,7.5,26,1,2613,2607,0.851359337277,0.842155452549,76,7.6,27,1,2633,2622,0.854427298852,0.837553510186,75,7.5,28,2,2073,2072,0.010737865515,0.009203884727,75,7.5,26,0
675,2026-09-05T07:30:58.257511+00:00,182219484000000,182219531000000,40.828000000,fixed_trajectory,7,0,2089,2087,0.101242732000,0.098174770425,76,7.6,27,1,2651,2653,0.897378760913,0.900446722489,75,7.5,26,0,2613,2607,0.851359337277,0.842155452549,76,7.6,27,1,2633,2622,0.854427298852,0.837553510186,75,7.5,28,2,2073,2072,0.010737865515,0.009203884727,75,7.5,26,0
676,2026-09-05T07:30:58.447169+00:00,182219687000000,182219718000000,41.015000000,fixed_trajectory,7,0,2089,2087,0.101242732000,0.098174770425,76,7.6,27,1,2651,2653,0.897378760913,0.900446722489,75,7.5,26,0,2613,2607,0.851359337277,0.842155452549,76,7.6,27,1,2633,2621,0.854427298852,0.836019529398,75,7.5,28,2,2073,2072,0.010737865515,0.009203884727,75,7.5,26,0
677,2026-09-05T07:30:58.494189+00:00,182219734000000,182219765000000,41.062000000,fixed_trajectory,7,0,2089,2087,0.101242732000,0.098174770425,76,7.6,27,1,2651,2654,0.897378760913,0.901980703277,75,7.5,26,1,2613,2607,0.851359337277,0.842155452549,76,7.6,27,1,2633,2620,0.854427298852,0.834485548610,75,7.5,28,2,2073,2072,0.010737865515,0.009203884727,75,7.5,26,0
678,2026-09-05T07:30:58.539737+00:00,182219781000000,182219812000000,41.109000000,fixed_trajectory,7,0,2089,2087,0.101242732000,0.098174770425,76,7.6,27,1,2651,2654,0.897378760913,0.901980703277,75,7.5,26,1,2613,2607,0.851359337277,0.842155452549,76,7.6,27,1,2631,2619,0.851359337277,0.832951567822,75,7.5,28,2,2073,2072,0.010737865515,0.009203884727,75,7.5,26,0
679,2026-09-05T07:30:58.594140+00:00,182219828000000,182219875000000,41.172000000,fixed_trajectory,7,0,2089,2087,0.101242732000,0.098174770425,76,7.6,27,0,2651,2654,0.897378760913,0.901980703277,75,7.5,26,0,2613,2607,0.851359337277,0.842155452549,76,7.6,27,1,2631,2618,0.851359337277,0.831417587034,75,7.5,28,2,2073,2072,0.010737865515,0.009203884727,76,7.6,26,0
680,2026-09-05T07:30:58.646024+00:00,182219890000000,182219921000000,41.218000000,fixed_trajectory,7,0,2089,2087,0.101242732000,0.098174770425,76,7.6,27,0,2651,2655,0.897378760913,0.903514684065,75,7.5,26,1,2613,2607,0.851359337277,0.842155452549,76,7.6,27,1,2628,2617,0.846757394913,0.829883606246,75,7.5,28,1,2073,2072,0.010737865515,0.009203884727,75,7.5,26,0
681,2026-09-05T07:30:58.706969+00:00,182219937000000,182219984000000,41.281000000,online_observation,7,0,2089,2087,0.101242732000,0.098174770425,76,7.6,27,1,2651,2655,0.897378760913,0.903514684065,75,7.5,26,1,2613,2607,0.851359337277,0.842155452549,75,7.5,27,1,2627,2616,0.845223414125,0.828349625458,75,7.5,28,3,2073,2072,0.010737865515,0.009203884727,75,7.5,26,0
682,2026-09-05T07:30:58.769347+00:00,182220000000000,182220046000000,41.343000000,online_observation,7,0,2089,2087,0.101242732000,0.098174770425,76,7.6,27,1,2651,2655,0.897378760913,0.903514684065,75,7.5,26,1,2613,2607,0.851359337277,0.842155452549,76,7.6,27,1,2625,2616,0.842155452549,0.828349625458,75,7.5,28,1,2073,2072,0.010737865515,0.009203884727,75,7.5,26,0
683,2026-09-05T07:30:58.837649+00:00,182220062000000,182220109000000,41.406000000,online_observation,7,0,2089,2087,0.101242732000,0.098174770425,76,7.6,27,0,2652,2655,0.898912741701,0.903514684065,75,7.5,26,0,2613,2607,0.851359337277,0.842155452549,76,7.6,27,1,2625,2616,0.842155452549,0.828349625458,75,7.5,28,2,2073,2072,0.010737865515,0.009203884727,76,7.6,26,0
684,2026-09-05T07:30:58.887041+00:00,182220125000000,182220156000000,41.453000000,online_observation,7,0,2089,2087,0.101242732000,0.098174770425,76,7.6,27,1,2653,2655,0.900446722489,0.903514684065,75,7.5,26,0,2613,2607,0.851359337277,0.842155452549,76,7.6,27,1,2625,2616,0.842155452549,0.828349625458,75,7.5,28,2,2073,2072,0.010737865515,0.009203884727,75,7.5,26,0
685,2026-09-05T07:30:58.932576+00:00,182220171000000,182220203000000,41.500000000,online_observation,7,0,2089,2087,0.101242732000,0.098174770425,76,7.6,27,1,2653,2655,0.900446722489,0.903514684065,75,7.5,26,0,2613,2607,0.851359337277,0.842155452549,76,7.6,27,1,2625,2616,0.842155452549,0.828349625458,75,7.5,28,2,2073,2072,0.010737865515,0.009203884727,75,7.5,26,0
686,2026-09-05T07:30:59.007375+00:00,182220234000000,182220281000000,41.578000000,online_observation,7,0,2089,2087,0.101242732000,0.098174770425,76,7.6,27,0,2653,2655,0.900446722489,0.903514684065,75,7.5,26,1,2613,2607,0.851359337277,0.842155452549,76,7.6,27,0,2625,2616,0.842155452549,0.828349625458,75,7.5,28,2,2073,2072,0.010737865515,0.009203884727,76,7.6,26,0
687,2026-09-05T07:30:59.067377+00:00,182220296000000,182220343000000,41.640000000,online_inference,8,0,2089,2087,0.101242732000,0.098174770425,76,7.6,27,1,2653,2655,0.900446722489,0.903514684065,75,7.5,26,1,2613,2607,0.851359337277,0.842155452549,76,7.6,27,1,2625,2616,0.842155452549,0.828349625458,75,7.5,28,1,2073,2072,0.010737865515,0.009203884727,75,7.5,26,0
688,2026-09-05T07:30:59.128634+00:00,182220359000000,182220406000000,41.703000000,online_inference,8,0,2089,2087,0.101242732000,0.098174770425,76,7.6,27,1,2653,2655,0.900446722489,0.903514684065,75,7.5,26,0,2613,2607,0.851359337277,0.842155452549,76,7.6,27,1,2625,2616,0.842155452549,0.828349625458,75,7.5,28,1,2073,2072,0.010737865515,0.009203884727,75,7.5,26,0
689,2026-09-05T07:30:59.198879+00:00,182220421000000,182220468000000,41.765000000,online_inference,8,0,2089,2087,0.101242732000,0.098174770425,76,7.6,27,0,2653,2655,0.900446722489,0.903514684065,75,7.5,26,1,2613,2607,0.851359337277,0.842155452549,76,7.6,27,1,2625,2616,0.842155452549,0.828349625458,75,7.5,28,2,2073,2072,0.010737865515,0.009203884727,75,7.5,26,0
690,2026-09-05T07:30:59.267832+00:00,182220484000000,182220546000000,41.843000000,online_inference,8,0,2089,2087,0.101242732000,0.098174770425,76,7.6,27,0,2653,2655,0.900446722489,0.903514684065,75,7.5,26,1,2613,2607,0.851359337277,0.842155452549,76,7.6,27,1,2625,2616,0.842155452549,0.828349625458,75,7.5,28,1,2073,2072,0.010737865515,0.009203884727,75,7.5,26,0
691,2026-09-05T07:30:59.328676+00:00,182220562000000,182220609000000,41.906000000,online_inference,8,0,2089,2087,0.101242732000,0.098174770425,76,7.6,27,1,2653,2655,0.900446722489,0.903514684065,75,7.5,26,0,2613,2607,0.851359337277,0.842155452549,76,7.6,27,1,2625,2616,0.842155452549,0.828349625458,75,7.5,28,2,2073,2072,0.010737865515,0.009203884727,76,7.6,26,0
692,2026-09-05T07:30:59.391803+00:00,182220625000000,182220671000000,41.968000000,online_inference,8,0,2089,2087,0.101242732000,0.098174770425,76,7.6,27,1,2653,2655,0.900446722489,0.903514684065,75,7.5,26,1,2613,2607,0.851359337277,0.842155452549,76,7.6,27,1,2625,2616,0.842155452549,0.828349625458,75,7.5,28,1,2073,2072,0.010737865515,0.009203884727,76,7.6,26,0
693,2026-09-05T07:30:59.455650+00:00,182220687000000,182220734000000,42.031000000,online_inference,8,0,2089,2087,0.101242732000,0.098174770425,76,7.6,27,0,2653,2655,0.900446722489,0.903514684065,75,7.5,26,0,2613,2607,0.851359337277,0.842155452549,76,7.6,27,1,2625,2616,0.842155452549,0.828349625458,75,7.5,28,1,2073,2072,0.010737865515,0.009203884727,76,7.6,26,0
694,2026-09-05T07:30:59.535350+00:00,182220750000000,182220812000000,42.109000000,online_inference,8,0,2089,2087,0.101242732000,0.098174770425,76,7.6,27,1,2653,2655,0.900446722489,0.903514684065,75,7.5,26,0,2613,2607,0.851359337277,0.842155452549,76,7.6,27,1,2625,2616,0.842155452549,0.828349625458,75,7.5,28,1,2073,2072,0.010737865515,0.009203884727,75,7.5,26,0
695,2026-09-05T07:30:59.592808+00:00,182220828000000,182220875000000,42.172000000,online_inference,8,0,2089,2087,0.101242732000,0.098174770425,76,7.6,27,1,2653,2655,0.900446722489,0.903514684065,75,7.5,26,1,2613,2607,0.851359337277,0.842155452549,76,7.6,27,0,2625,2616,0.842155452549,0.828349625458,75,7.5,28,2,2073,2072,0.010737865515,0.009203884727,76,7.6,26,0
696,2026-09-05T07:30:59.662861+00:00,182220890000000,182220937000000,42.234000000,online_inference,8,0,2089,2087,0.101242732000,0.098174770425,76,7.6,27,1,2653,2655,0.900446722489,0.903514684065,75,7.5,26,1,2613,2607,0.851359337277,0.842155452549,76,7.6,27,1,2625,2616,0.842155452549,0.828349625458,75,7.5,28,1,2073,2072,0.010737865515,0.009203884727,75,7.5,26,0
697,2026-09-05T07:30:59.728430+00:00,182220953000000,182221000000000,42.297000000,online_inference,8,0,2089,2087,0.101242732000,0.098174770425,76,7.6,27,1,2653,2655,0.900446722489,0.903514684065,75,7.5,26,0,2613,2607,0.851359337277,0.842155452549,76,7.6,27,1,2625,2616,0.842155452549,0.828349625458,75,7.5,28,1,2073,2072,0.010737865515,0.009203884727,75,7.5,26,0
698,2026-09-05T07:30:59.778869+00:00,182221015000000,182221046000000,42.343000000,online_inference,8,0,2089,2087,0.101242732000,0.098174770425,76,7.6,27,1,2653,2655,0.900446722489,0.903514684065,75,7.5,26,1,2613,2607,0.851359337277,0.842155452549,76,7.6,27,1,2625,2616,0.842155452549,0.828349625458,75,7.5,28,1,2073,2072,0.010737865515,0.009203884727,75,7.5,26,0
699,2026-09-05T07:30:59.832423+00:00,182221062000000,182221109000000,42.406000000,online_inference,8,0,2089,2087,0.101242732000,0.098174770425,76,7.6,27,1,2653,2655,0.900446722489,0.903514684065,75,7.5,26,1,2613,2607,0.851359337277,0.842155452549,76,7.6,27,1,2625,2616,0.842155452549,0.828349625458,75,7.5,28,2,2073,2072,0.010737865515,0.009203884727,76,7.6,26,0
700,2026-09-05T07:30:59.898609+00:00,182221125000000,182221171000000,42.468000000,online_inference,8,0,2089,2087,0.101242732000,0.098174770425,76,7.6,27,0,2653,2655,0.900446722489,0.903514684065,75,7.5,26,1,2613,2607,0.851359337277,0.842155452549,76,7.6,27,1,2625,2616,0.842155452549,0.828349625458,75,7.5,28,1,2073,2072,0.010737865515,0.009203884727,75,7.5,26,0
701,2026-09-05T07:30:59.948709+00:00,182221187000000,182221218000000,42.515000000,online_inference,8,0,2089,2087,0.101242732000,0.098174770425,76,7.6,27,1,2653,2655,0.900446722489,0.903514684065,75,7.5,26,0,2613,2607,0.851359337277,0.842155452549,76,7.6,27,1,2625,2616,0.842155452549,0.828349625458,75,7.5,28,2,2073,2072,0.010737865515,0.009203884727,75,7.5,26,0
702,2026-09-05T07:31:00.001796+00:00,182221234000000,182221281000000,42.578000000,online_inference,8,0,2089,2087,0.101242732000,0.098174770425,76,7.6,27,1,2653,2655,0.900446722489,0.903514684065,75,7.5,26,1,2613,2607,0.851359337277,0.842155452549,76,7.6,27,1,2625,2616,0.842155452549,0.828349625458,75,7.5,28,2,2073,2072,0.010737865515,0.009203884727,75,7.5,26,0
703,2026-09-05T07:31:00.071241+00:00,182221296000000,182221343000000,42.640000000,online_inference,8,0,2089,2087,0.101242732000,0.098174770425,76,7.6,27,1,2653,2655,0.900446722489,0.903514684065,75,7.5,26,1,2613,2607,0.851359337277,0.842155452549,76,7.6,27,1,2625,2616,0.842155452549,0.828349625458,75,7.5,28,1,2073,2072,0.010737865515,0.009203884727,75,7.5,26,0
704,2026-09-05T07:31:00.122936+00:00,182221359000000,182221390000000,42.687000000,online_inference,8,0,2089,2087,0.101242732000,0.098174770425,76,7.6,27,1,2653,2655,0.900446722489,0.903514684065,75,7.5,26,1,2613,2607,0.851359337277,0.842155452549,76,7.6,27,1,2625,2616,0.842155452549,0.828349625458,75,7.5,28,1,2073,2072,0.010737865515,0.009203884727,75,7.5,26,0
705,2026-09-05T07:31:00.187737+00:00,182221421000000,182221468000000,42.765000000,online_inference,8,0,2089,2087,0.101242732000,0.098174770425,76,7.6,27,0,2653,2655,0.900446722489,0.903514684065,75,7.5,26,1,2613,2607,0.851359337277,0.842155452549,76,7.6,27,1,2625,2616,0.842155452549,0.828349625458,75,7.5,28,1,2073,2072,0.010737865515,0.009203884727,76,7.6,26,0
706,2026-09-05T07:31:00.245998+00:00,182221484000000,182221515000000,42.812000000,online_inference,8,0,2089,2087,0.101242732000,0.098174770425,76,7.6,27,1,2653,2655,0.900446722489,0.903514684065,75,7.5,26,1,2613,2607,0.851359337277,0.842155452549,76,7.6,27,1,2625,2616,0.842155452549,0.828349625458,75,7.5,28,1,2073,2072,0.010737865515,0.009203884727,75,7.5,26,0
707,2026-09-05T07:31:00.300303+00:00,182221531000000,182221578000000,42.875000000,online_inference,8,0,2089,2087,0.101242732000,0.098174770425,76,7.6,27,1,2653,2655,0.900446722489,0.903514684065,75,7.5,26,0,2613,2607,0.851359337277,0.842155452549,76,7.6,27,1,2625,2616,0.842155452549,0.828349625458,75,7.5,28,2,2073,2072,0.010737865515,0.009203884727,75,7.5,26,0
708,2026-09-05T07:31:00.354546+00:00,182221593000000,182221625000000,42.922000000,online_inference,8,0,2089,2087,0.101242732000,0.098174770425,76,7.6,27,0,2653,2655,0.900446722489,0.903514684065,75,7.5,26,0,2613,2607,0.851359337277,0.842155452549,76,7.6,27,1,2625,2616,0.842155452549,0.828349625458,75,7.5,28,1,2073,2072,0.010737865515,0.009203884727,75,7.5,26,0
709,2026-09-05T07:31:00.415009+00:00,182221640000000,182221687000000,42.984000000,online_inference,8,0,2089,2087,0.101242732000,0.098174770425,76,7.6,27,1,2653,2655,0.900446722489,0.903514684065,75,7.5,26,0,2613,2607,0.851359337277,0.842155452549,76,7.6,27,1,2625,2616,0.842155452549,0.828349625458,75,7.5,28,2,2073,2072,0.010737865515,0.009203884727,75,7.5,26,0
710,2026-09-05T07:31:00.470335+00:00,182221703000000,182221750000000,43.047000000,online_inference,8,0,2089,2087,0.101242732000,0.098174770425,76,7.6,27,1,2653,2655,0.900446722489,0.903514684065,75,7.5,26,0,2613,2607,0.851359337277,0.842155452549,76,7.6,27,1,2625,2616,0.842155452549,0.828349625458,75,7.5,28,2,2073,2072,0.010737865515,0.009203884727,75,7.5,26,0
711,2026-09-05T07:31:00.527989+00:00,182221765000000,182221796000000,43.093000000,online_inference,8,0,2089,2087,0.101242732000,0.098174770425,76,7.6,27,1,2653,2655,0.900446722489,0.903514684065,75,7.5,26,0,2613,2607,0.851359337277,0.842155452549,76,7.6,27,1,2625,2616,0.842155452549,0.828349625458,75,7.5,28,2,2073,2072,0.010737865515,0.009203884727,76,7.6,26,0
712,2026-09-05T07:31:00.597521+00:00,182221828000000,182221875000000,43.172000000,online_inference,8,0,2089,2087,0.101242732000,0.098174770425,76,7.6,27,0,2653,2655,0.900446722489,0.903514684065,75,7.5,26,1,2613,2607,0.851359337277,0.842155452549,76,7.6,27,1,2625,2616,0.842155452549,0.828349625458,75,7.5,28,1,2073,2072,0.010737865515,0.009203884727,75,7.5,26,0
713,2026-09-05T07:31:00.652761+00:00,182221890000000,182221921000000,43.218000000,online_inference,8,0,2089,2087,0.101242732000,0.098174770425,76,7.6,27,1,2653,2655,0.900446722489,0.903514684065,75,7.5,26,0,2613,2607,0.851359337277,0.842155452549,76,7.6,27,1,2625,2616,0.842155452549,0.828349625458,75,7.5,28,1,2073,2072,0.010737865515,0.009203884727,75,7.5,26,0
714,2026-09-05T07:31:00.700834+00:00,182221937000000,182221968000000,43.265000000,online_inference,8,0,2089,2087,0.101242732000,0.098174770425,76,7.6,27,0,2653,2655,0.900446722489,0.903514684065,75,7.5,26,1,2613,2607,0.851359337277,0.842155452549,76,7.6,27,1,2625,2616,0.842155452549,0.828349625458,75,7.5,28,2,2073,2072,0.010737865515,0.009203884727,75,7.5,26,0
715,2026-09-05T07:31:00.761353+00:00,182221984000000,182222031000000,43.328000000,online_inference,8,0,2089,2087,0.101242732000,0.098174770425,76,7.6,27,0,2653,2655,0.900446722489,0.903514684065,75,7.5,26,0,2613,2607,0.851359337277,0.842155452549,75,7.5,27,1,2625,2616,0.842155452549,0.828349625458,75,7.5,28,1,2073,2072,0.010737865515,0.009203884727,75,7.5,26,0
716,2026-09-05T07:31:00.807709+00:00,182222046000000,182222078000000,43.375000000,online_inference,8,0,2089,2087,0.101242732000,0.098174770425,76,7.6,27,0,2653,2655,0.900446722489,0.903514684065,75,7.5,26,0,2613,2607,0.851359337277,0.842155452549,76,7.6,27,1,2625,2616,0.842155452549,0.828349625458,75,7.5,28,2,2073,2072,0.010737865515,0.009203884727,76,7.6,26,0
717,2026-09-05T07:31:00.861937+00:00,182222093000000,182222140000000,43.437000000,online_inference,8,0,2089,2087,0.101242732000,0.098174770425,76,7.6,27,0,2653,2655,0.900446722489,0.903514684065,75,7.5,26,0,2613,2607,0.851359337277,0.842155452549,76,7.6,27,1,2625,2616,0.842155452549,0.828349625458,75,7.5,28,2,2073,2072,0.010737865515,0.009203884727,75,7.5,26,0
718,2026-09-05T07:31:00.920466+00:00,182222156000000,182222203000000,43.500000000,online_inference,8,0,2089,2087,0.101242732000,0.098174770425,76,7.6,27,0,2653,2655,0.900446722489,0.903514684065,75,7.5,26,1,2613,2607,0.851359337277,0.842155452549,76,7.6,27,1,2625,2616,0.842155452549,0.828349625458,75,7.5,28,1,2073,2072,0.010737865515,0.009203884727,75,7.5,26,0
719,2026-09-05T07:31:00.981578+00:00,182222218000000,182222250000000,43.547000000,online_inference,8,0,2089,2087,0.101242732000,0.098174770425,76,7.6,27,1,2653,2655,0.900446722489,0.903514684065,75,7.5,26,1,2613,2607,0.851359337277,0.842155452549,76,7.6,27,1,2625,2616,0.842155452549,0.828349625458,75,7.5,28,1,2073,2072,0.010737865515,0.009203884727,76,7.6,26,0
720,2026-09-05T07:31:01.038092+00:00,182222265000000,182222312000000,43.609000000,online_inference,8,0,2089,2087,0.101242732000,0.098174770425,76,7.6,27,1,2653,2655,0.900446722489,0.903514684065,75,7.5,26,1,2613,2607,0.851359337277,0.842155452549,76,7.6,27,1,2625,2616,0.842155452549,0.828349625458,75,7.5,28,1,2073,2072,0.010737865515,0.009203884727,76,7.6,26,0
721,2026-09-05T07:31:01.120847+00:00,182222343000000,182222390000000,43.687000000,online_inference,8,0,2089,2087,0.101242732000,0.098174770425,76,7.6,27,1,2653,2655,0.900446722489,0.903514684065,75,7.5,26,1,2613,2607,0.851359337277,0.842155452549,76,7.6,27,0,2625,2616,0.842155452549,0.828349625458,75,7.5,28,1,2073,2072,0.010737865515,0.009203884727,76,7.6,26,0
722,2026-09-05T07:31:01.171503+00:00,182222406000000,182222453000000,43.750000000,online_inference,8,0,2089,2087,0.101242732000,0.098174770425,76,7.6,27,0,2653,2655,0.900446722489,0.903514684065,75,7.5,26,1,2613,2607,0.851359337277,0.842155452549,76,7.6,27,1,2625,2616,0.842155452549,0.828349625458,75,7.5,28,1,2073,2072,0.010737865515,0.009203884727,75,7.5,26,0
723,2026-09-05T07:31:01.254676+00:00,182222468000000,182222531000000,43.828000000,online_inference,8,0,2089,2087,0.101242732000,0.098174770425,76,7.6,27,0,2653,2655,0.900446722489,0.903514684065,75,7.5,26,0,2613,2607,0.851359337277,0.842155452549,76,7.6,27,1,2625,2616,0.842155452549,0.828349625458,75,7.5,28,2,2073,2072,0.010737865515,0.009203884727,76,7.6,26,0
724,2026-09-05T07:31:01.322418+00:00,182222546000000,182222593000000,43.890000000,online_inference,8,0,2089,2087,0.101242732000,0.098174770425,76,7.6,27,0,2653,2655,0.900446722489,0.903514684065,75,7.5,26,1,2613,2607,0.851359337277,0.842155452549,76,7.6,27,1,2625,2616,0.842155452549,0.828349625458,75,7.5,28,2,2073,2072,0.010737865515,0.009203884727,75,7.5,26,0
725,2026-09-05T07:31:01.375149+00:00,182222609000000,182222656000000,43.953000000,online_inference,8,0,2089,2087,0.101242732000,0.098174770425,76,7.6,27,0,2653,2655,0.900446722489,0.903514684065,75,7.5,26,0,2613,2607,0.851359337277,0.842155452549,76,7.6,27,1,2625,2616,0.842155452549,0.828349625458,75,7.5,28,1,2073,2072,0.010737865515,0.009203884727,75,7.5,26,0
726,2026-09-05T07:31:01.437519+00:00,182222671000000,182222718000000,44.015000000,online_inference,8,0,2089,2087,0.101242732000,0.098174770425,76,7.6,27,0,2653,2655,0.900446722489,0.903514684065,75,7.5,26,0,2613,2607,0.851359337277,0.842155452549,76,7.6,27,1,2625,2616,0.842155452549,0.828349625458,75,7.5,28,2,2073,2072,0.010737865515,0.009203884727,76,7.6,26,0
727,2026-09-05T07:31:01.503002+00:00,182222734000000,182222781000000,44.078000000,online_inference,8,0,2089,2087,0.101242732000,0.098174770425,76,7.6,27,0,2653,2655,0.900446722489,0.903514684065,75,7.5,26,1,2613,2607,0.851359337277,0.842155452549,76,7.6,27,1,2625,2616,0.842155452549,0.828349625458,75,7.5,28,2,2073,2072,0.010737865515,0.009203884727,75,7.5,26,0
728,2026-09-05T07:31:01.558756+00:00,182222796000000,182222828000000,44.125000000,online_inference,8,0,2089,2087,0.101242732000,0.098174770425,76,7.6,27,1,2653,2655,0.900446722489,0.903514684065,75,7.5,26,0,2613,2607,0.851359337277,0.842155452549,76,7.6,27,1,2625,2616,0.842155452549,0.828349625458,75,7.5,28,1,2073,2072,0.010737865515,0.009203884727,75,7.5,26,0
729,2026-09-05T07:31:01.642781+00:00,182222859000000,182222921000000,44.218000000,online_inference,8,0,2089,2087,0.101242732000,0.098174770425,76,7.6,27,0,2653,2655,0.900446722489,0.903514684065,75,7.5,26,1,2613,2607,0.851359337277,0.842155452549,76,7.6,27,1,2625,2616,0.842155452549,0.828349625458,75,7.5,28,1,2073,2072,0.010737865515,0.009203884727,75,7.5,26,0
730,2026-09-05T07:31:01.716728+00:00,182222937000000,182222984000000,44.281000000,online_inference,8,0,2089,2087,0.101242732000,0.098174770425,76,7.6,27,1,2653,2655,0.900446722489,0.903514684065,75,7.5,26,0,2613,2607,0.851359337277,0.842155452549,76,7.6,27,1,2625,2616,0.842155452549,0.828349625458,75,7.5,28,1,2073,2072,0.010737865515,0.009203884727,75,7.5,26,0
731,2026-09-05T07:31:01.769246+00:00,182223000000000,182223046000000,44.343000000,online_inference,8,0,2089,2087,0.101242732000,0.098174770425,76,7.6,27,1,2653,2655,0.900446722489,0.903514684065,75,7.5,26,1,2613,2607,0.851359337277,0.842155452549,76,7.6,27,1,2625,2616,0.842155452549,0.828349625458,75,7.5,28,2,2073,2072,0.010737865515,0.009203884727,75,7.5,26,0
732,2026-09-05T07:31:01.823688+00:00,182223062000000,182223093000000,44.390000000,online_inference,8,0,2089,2087,0.101242732000,0.098174770425,76,7.6,27,1,2653,2655,0.900446722489,0.903514684065,75,7.5,26,1,2613,2607,0.851359337277,0.842155452549,76,7.6,27,1,2625,2616,0.842155452549,0.828349625458,75,7.5,28,2,2073,2072,0.010737865515,0.009203884727,75,7.5,26,0
733,2026-09-05T07:31:01.880191+00:00,182223109000000,182223156000000,44.453000000,online_inference,8,0,2089,2087,0.101242732000,0.098174770425,76,7.6,27,1,2653,2655,0.900446722489,0.903514684065,75,7.5,26,1,2613,2607,0.851359337277,0.842155452549,76,7.6,27,1,2625,2616,0.842155452549,0.828349625458,75,7.5,28,2,2073,2072,0.010737865515,0.009203884727,75,7.5,26,0
734,2026-09-05T07:31:01.929920+00:00,182223171000000,182223203000000,44.500000000,online_inference,8,0,2089,2087,0.101242732000,0.098174770425,76,7.6,27,1,2653,2655,0.900446722489,0.903514684065,75,7.5,26,0,2613,2607,0.851359337277,0.842155452549,76,7.6,27,1,2625,2616,0.842155452549,0.828349625458,75,7.5,28,1,2073,2072,0.010737865515,0.009203884727,75,7.5,26,0
735,2026-09-05T07:31:01.995363+00:00,182223218000000,182223265000000,44.562000000,online_inference,8,0,2089,2087,0.101242732000,0.098174770425,76,7.6,27,1,2653,2655,0.900446722489,0.903514684065,75,7.5,26,0,2613,2607,0.851359337277,0.842155452549,76,7.6,27,0,2625,2616,0.842155452549,0.828349625458,75,7.5,28,2,2073,2072,0.010737865515,0.009203884727,76,7.6,26,0
736,2026-09-05T07:31:02.045826+00:00,182223281000000,182223328000000,44.625000000,online_inference,8,0,2089,2087,0.101242732000,0.098174770425,76,7.6,27,0,2653,2655,0.900446722489,0.903514684065,75,7.5,26,1,2613,2607,0.851359337277,0.842155452549,76,7.6,27,1,2625,2616,0.842155452549,0.828349625458,75,7.5,28,1,2073,2072,0.010737865515,0.009203884727,75,7.5,26,0
737,2026-09-05T07:31:02.107082+00:00,182223343000000,182223375000000,44.672000000,online_inference,8,0,2089,2087,0.101242732000,0.098174770425,76,7.6,27,1,2653,2655,0.900446722489,0.903514684065,75,7.5,26,1,2613,2607,0.851359337277,0.842155452549,75,7.5,27,0,2625,2616,0.842155452549,0.828349625458,75,7.5,28,2,2073,2072,0.010737865515,0.009203884727,76,7.6,26,0
738,2026-09-05T07:31:02.180630+00:00,182223390000000,182223453000000,44.750000000,online_inference,8,0,2089,2087,0.101242732000,0.098174770425,76,7.6,27,0,2653,2655,0.900446722489,0.903514684065,75,7.5,26,0,2613,2607,0.851359337277,0.842155452549,76,7.6,27,1,2625,2616,0.842155452549,0.828349625458,75,7.5,28,1,2073,2072,0.010737865515,0.009203884727,76,7.6,26,0
739,2026-09-05T07:31:02.237877+00:00,182223468000000,182223515000000,44.812000000,online_inference,8,0,2089,2087,0.101242732000,0.098174770425,76,7.6,27,0,2653,2655,0.900446722489,0.903514684065,75,7.5,26,1,2613,2607,0.851359337277,0.842155452549,76,7.6,27,1,2625,2616,0.842155452549,0.828349625458,75,7.5,28,2,2073,2072,0.010737865515,0.009203884727,76,7.6,26,0
740,2026-09-05T07:31:02.299106+00:00,182223531000000,182223578000000,44.875000000,online_inference,8,0,2089,2087,0.101242732000,0.098174770425,76,7.6,27,1,2653,2655,0.900446722489,0.903514684065,75,7.5,26,1,2613,2607,0.851359337277,0.842155452549,76,7.6,27,2,2625,2616,0.842155452549,0.828349625458,75,7.5,28,1,2073,2072,0.010737865515,0.009203884727,75,7.5,26,0
741,2026-09-05T07:31:02.364093+00:00,182223593000000,182223640000000,44.937000000,online_inference,8,0,2089,2087,0.101242732000,0.098174770425,76,7.6,27,1,2653,2655,0.900446722489,0.903514684065,75,7.5,26,1,2613,2607,0.851359337277,0.842155452549,76,7.6,27,1,2625,2616,0.842155452549,0.828349625458,75,7.5,28,1,2073,2072,0.010737865515,0.009203884727,75,7.5,26,0
742,2026-09-05T07:31:02.430154+00:00,182223656000000,182223703000000,45.000000000,online_inference,8,0,2089,2087,0.101242732000,0.098174770425,76,7.6,27,1,2653,2655,0.900446722489,0.903514684065,75,7.5,26,0,2613,2607,0.851359337277,0.842155452549,76,7.6,27,1,2625,2616,0.842155452549,0.828349625458,75,7.5,28,2,2073,2072,0.010737865515,0.009203884727,76,7.6,26,0
743,2026-09-05T07:31:02.484538+00:00,182223718000000,182223765000000,45.062000000,online_inference,8,0,2089,2087,0.101242732000,0.098174770425,76,7.6,27,1,2653,2655,0.900446722489,0.903514684065,75,7.5,26,1,2613,2607,0.851359337277,0.842155452549,76,7.6,27,1,2625,2616,0.842155452549,0.828349625458,75,7.5,28,2,2073,2072,0.010737865515,0.009203884727,76,7.6,26,0
744,2026-09-05T07:31:02.545256+00:00,182223781000000,182223812000000,45.109000000,online_inference,8,0,2089,2087,0.101242732000,0.098174770425,76,7.6,27,1,2653,2655,0.900446722489,0.903514684065,75,7.5,26,0,2613,2607,0.851359337277,0.842155452549,76,7.6,27,1,2625,2616,0.842155452549,0.828349625458,75,7.5,28,2,2073,2072,0.010737865515,0.009203884727,76,7.6,26,0
745,2026-09-05T07:31:02.582686+00:00,182223828000000,182223859000000,45.156000000,online_inference,8,0,2089,2087,0.101242732000,0.098174770425,76,7.6,27,1,2653,2655,0.900446722489,0.903514684065,75,7.5,26,1,2613,2607,0.851359337277,0.842155452549,76,7.6,27,1,2625,2616,0.842155452549,0.828349625458,75,7.5,28,1,2073,2072,0.010737865515,0.009203884727,75,7.5,26,0
746,2026-09-05T07:31:02.640731+00:00,182223875000000,182223921000000,45.218000000,online_archive,8,0,2089,2087,0.101242732000,0.098174770425,76,7.6,27,0,2653,2655,0.900446722489,0.903514684065,75,7.5,26,1,2613,2607,0.851359337277,0.842155452549,76,7.6,27,1,2625,2616,0.842155452549,0.828349625458,75,7.5,28,2,2073,2072,0.010737865515,0.009203884727,75,7.5,26,0
747,2026-09-05T07:31:02.694062+00:00,182223937000000,182223968000000,45.265000000,online_archive,8,0,2089,2087,0.101242732000,0.098174770425,76,7.6,27,0,2653,2655,0.900446722489,0.903514684065,75,7.5,26,1,2613,2607,0.851359337277,0.842155452549,76,7.6,27,1,2625,2616,0.842155452549,0.828349625458,75,7.5,28,1,2073,2072,0.010737865515,0.009203884727,75,7.5,26,0
748,2026-09-05T07:31:02.797391+00:00,182224031000000,182224078000000,45.375000000,fixed_trajectory,8,0,2089,2087,0.101242732000,0.098174770425,76,7.6,27,0,2653,2655,0.900446722489,0.903514684065,75,7.5,26,1,2613,2607,0.851359337277,0.842155452549,76,7.6,27,1,2625,2616,0.842155452549,0.828349625458,75,7.5,28,2,2073,2072,0.010737865515,0.009203884727,75,7.5,26,0
749,2026-09-05T07:31:02.856105+00:00,182224093000000,182224125000000,45.422000000,fixed_trajectory,8,0,2089,2087,0.101242732000,0.098174770425,76,7.6,27,0,2653,2655,0.900446722489,0.903514684065,75,7.5,26,1,2613,2607,0.851359337277,0.842155452549,76,7.6,27,1,2625,2615,0.842155452549,0.826815644670,75,7.5,28,2,2073,2072,0.010737865515,0.009203884727,75,7.5,26,0
750,2026-09-05T07:31:02.901170+00:00,182224140000000,182224171000000,45.468000000,fixed_trajectory,8,0,2089,2087,0.101242732000,0.098174770425,76,7.6,27,1,2653,2655,0.900446722489,0.903514684065,75,7.5,26,0,2613,2607,0.851359337277,0.842155452549,76,7.6,27,1,2625,2614,0.842155452549,0.825281663882,75,7.5,28,1,2073,2072,0.010737865515,0.009203884727,75,7.5,26,0
751,2026-09-05T07:31:02.946900+00:00,182224187000000,182224218000000,45.515000000,fixed_trajectory,8,0,2089,2087,0.101242732000,0.098174770425,76,7.6,27,1,2653,2655,0.900446722489,0.903514684065,75,7.5,26,1,2613,2607,0.851359337277,0.842155452549,76,7.6,27,1,2625,2613,0.842155452549,0.823747683095,75,7.5,28,2,2073,2072,0.010737865515,0.009203884727,75,7.5,26,0
752,2026-09-05T07:31:03.000257+00:00,182224234000000,182224281000000,45.578000000,fixed_trajectory,8,0,2089,2087,0.101242732000,0.098174770425,76,7.6,27,1,2653,2656,0.900446722489,0.905048664853,75,7.5,26,0,2613,2607,0.851359337277,0.842155452549,76,7.6,27,1,2625,2612,0.842155452549,0.822213702307,75,7.5,28,2,2073,2072,0.010737865515,0.009203884727,75,7.5,26,0
753,2026-09-05T07:31:03.049678+00:00,182224296000000,182224328000000,45.625000000,fixed_trajectory,8,0,2089,2087,0.101242732000,0.098174770425,76,7.6,27,1,2653,2656,0.900446722489,0.905048664853,75,7.5,26,1,2613,2607,0.851359337277,0.842155452549,76,7.6,27,1,2623,2611,0.839087490973,0.820679721519,75,7.5,28,2,2073,2072,0.010737865515,0.009203884727,75,7.5,26,0
754,2026-09-05T07:31:03.105216+00:00,182224343000000,182224375000000,45.672000000,fixed_trajectory,8,0,2089,2087,0.101242732000,0.098174770425,76,7.6,27,1,2653,2656,0.900446722489,0.905048664853,75,7.5,26,1,2613,2607,0.851359337277,0.842155452549,76,7.6,27,1,2621,2610,0.836019529398,0.819145740731,75,7.5,28,1,2073,2072,0.010737865515,0.009203884727,75,7.5,26,0
755,2026-09-05T07:31:03.148506+00:00,182224390000000,182224421000000,45.718000000,online_observation,8,0,2089,2087,0.101242732000,0.098174770425,76,7.6,27,0,2653,2656,0.900446722489,0.905048664853,75,7.5,26,0,2613,2607,0.851359337277,0.842155452549,76,7.6,27,1,2618,2609,0.831417587034,0.817611759943,75,7.5,28,1,2073,2072,0.010737865515,0.009203884727,75,7.5,26,0
756,2026-09-05T07:31:03.217089+00:00,182224453000000,182224484000000,45.781000000,online_observation,8,0,2089,2087,0.101242732000,0.098174770425,76,7.6,27,0,2654,2656,0.901980703277,0.905048664853,75,7.5,26,1,2613,2607,0.851359337277,0.842155452549,76,7.6,27,1,2617,2609,0.829883606246,0.817611759943,75,7.5,28,1,2073,2072,0.010737865515,0.009203884727,75,7.5,26,0
757,2026-09-05T07:31:03.252307+00:00,182224500000000,182224531000000,45.828000000,online_observation,8,0,2089,2087,0.101242732000,0.098174770425,76,7.6,27,0,2654,2656,0.901980703277,0.905048664853,75,7.5,26,1,2613,2607,0.851359337277,0.842155452549,76,7.6,27,1,2617,2609,0.829883606246,0.817611759943,75,7.5,28,1,2073,2072,0.010737865515,0.009203884727,76,7.6,26,0
758,2026-09-05T07:31:03.306007+00:00,182224546000000,182224578000000,45.875000000,online_observation,8,0,2089,2087,0.101242732000,0.098174770425,76,7.6,27,0,2654,2656,0.901980703277,0.905048664853,75,7.5,26,1,2613,2607,0.851359337277,0.842155452549,76,7.6,27,1,2617,2609,0.829883606246,0.817611759943,75,7.5,28,2,2073,2072,0.010737865515,0.009203884727,75,7.5,26,0
759,2026-09-05T07:31:03.356528+00:00,182224593000000,182224625000000,45.922000000,online_observation,8,0,2089,2087,0.101242732000,0.098174770425,76,7.6,27,0,2654,2656,0.901980703277,0.905048664853,75,7.5,26,0,2613,2607,0.851359337277,0.842155452549,76,7.6,27,1,2617,2609,0.829883606246,0.817611759943,75,7.5,28,1,2073,2072,0.010737865515,0.009203884727,76,7.6,26,0
760,2026-09-05T07:31:03.407640+00:00,182224640000000,182224687000000,45.984000000,online_observation,8,0,2089,2087,0.101242732000,0.098174770425,76,7.6,27,0,2654,2656,0.901980703277,0.905048664853,75,7.5,26,0,2613,2607,0.851359337277,0.842155452549,76,7.6,27,1,2617,2609,0.829883606246,0.817611759943,75,7.5,28,2,2073,2072,0.010737865515,0.009203884727,75,7.5,26,0
761,2026-09-05T07:31:03.461849+00:00,182224703000000,182224734000000,46.031000000,online_observation,8,0,2089,2087,0.101242732000,0.098174770425,76,7.6,27,1,2654,2656,0.901980703277,0.905048664853,75,7.5,26,0,2613,2607,0.851359337277,0.842155452549,76,7.6,27,1,2617,2609,0.829883606246,0.817611759943,75,7.5,28,2,2073,2072,0.010737865515,0.009203884727,75,7.5,26,0
762,2026-09-05T07:31:03.511577+00:00,182224750000000,182224781000000,46.078000000,online_inference,9,0,2089,2087,0.101242732000,0.098174770425,76,7.6,27,1,2654,2656,0.901980703277,0.905048664853,75,7.5,26,1,2613,2607,0.851359337277,0.842155452549,76,7.6,27,1,2617,2609,0.829883606246,0.817611759943,75,7.5,28,2,2073,2072,0.010737865515,0.009203884727,75,7.5,26,0
763,2026-09-05T07:31:03.575957+00:00,182224796000000,182224843000000,46.140000000,online_inference,9,0,2089,2087,0.101242732000,0.098174770425,76,7.6,27,0,2654,2656,0.901980703277,0.905048664853,75,7.5,26,0,2613,2607,0.851359337277,0.842155452549,76,7.6,27,1,2617,2609,0.829883606246,0.817611759943,75,7.5,28,1,2073,2072,0.010737865515,0.009203884727,75,7.5,26,0
764,2026-09-05T07:31:03.640947+00:00,182224859000000,182224921000000,46.218000000,online_inference,9,0,2089,2087,0.101242732000,0.098174770425,76,7.6,27,1,2654,2656,0.901980703277,0.905048664853,75,7.5,26,1,2613,2607,0.851359337277,0.842155452549,76,7.6,27,1,2617,2609,0.829883606246,0.817611759943,75,7.5,28,1,2073,2072,0.010737865515,0.009203884727,75,7.5,26,0
765,2026-09-05T07:31:03.708126+00:00,182224937000000,182224984000000,46.281000000,online_inference,9,0,2089,2087,0.101242732000,0.098174770425,76,7.6,27,0,2654,2656,0.901980703277,0.905048664853,75,7.5,26,0,2613,2607,0.851359337277,0.842155452549,76,7.6,27,1,2617,2609,0.829883606246,0.817611759943,75,7.5,28,1,2073,2072,0.010737865515,0.009203884727,76,7.6,26,0
766,2026-09-05T07:31:03.792605+00:00,182225015000000,182225062000000,46.359000000,online_inference,9,0,2089,2087,0.101242732000,0.098174770425,76,7.6,27,1,2654,2656,0.901980703277,0.905048664853,75,7.5,26,1,2613,2607,0.851359337277,0.842155452549,76,7.6,27,1,2617,2609,0.829883606246,0.817611759943,75,7.5,28,1,2073,2072,0.010737865515,0.009203884727,76,7.6,26,0
767,2026-09-05T07:31:03.848109+00:00,182225078000000,182225125000000,46.422000000,online_inference,9,0,2089,2087,0.101242732000,0.098174770425,76,7.6,27,1,2654,2656,0.901980703277,0.905048664853,75,7.5,26,1,2613,2607,0.851359337277,0.842155452549,76,7.6,27,1,2617,2609,0.829883606246,0.817611759943,75,7.5,28,2,2073,2072,0.010737865515,0.009203884727,76,7.6,26,0
768,2026-09-05T07:31:03.905619+00:00,182225140000000,182225187000000,46.484000000,online_inference,9,0,2089,2087,0.101242732000,0.098174770425,76,7.6,27,1,2654,2656,0.901980703277,0.905048664853,75,7.5,26,0,2613,2607,0.851359337277,0.842155452549,76,7.6,27,1,2617,2609,0.829883606246,0.817611759943,75,7.5,28,1,2073,2072,0.010737865515,0.009203884727,75,7.5,26,0
769,2026-09-05T07:31:03.969012+00:00,182225203000000,182225250000000,46.547000000,online_inference,9,0,2089,2087,0.101242732000,0.098174770425,76,7.6,27,1,2654,2656,0.901980703277,0.905048664853,75,7.5,26,1,2613,2607,0.851359337277,0.842155452549,76,7.6,27,1,2617,2609,0.829883606246,0.817611759943,75,7.5,28,1,2073,2072,0.010737865515,0.009203884727,75,7.5,26,0
770,2026-09-05T07:31:04.034154+00:00,182225265000000,182225312000000,46.609000000,online_inference,9,0,2089,2087,0.101242732000,0.098174770425,76,7.6,27,1,2654,2656,0.901980703277,0.905048664853,75,7.5,26,1,2613,2607,0.851359337277,0.842155452549,76,7.6,27,0,2617,2609,0.829883606246,0.817611759943,75,7.5,28,1,2073,2072,0.010737865515,0.009203884727,76,7.6,26,0
771,2026-09-05T07:31:04.090530+00:00,182225328000000,182225359000000,46.656000000,online_inference,9,0,2089,2087,0.101242732000,0.098174770425,76,7.6,27,0,2654,2656,0.901980703277,0.905048664853,75,7.5,26,0,2613,2607,0.851359337277,0.842155452549,76,7.6,27,0,2617,2609,0.829883606246,0.817611759943,75,7.5,28,2,2073,2072,0.010737865515,0.009203884727,75,7.5,26,0
772,2026-09-05T07:31:04.146164+00:00,182225375000000,182225421000000,46.718000000,online_inference,9,0,2089,2087,0.101242732000,0.098174770425,76,7.6,27,1,2654,2656,0.901980703277,0.905048664853,75,7.5,26,1,2613,2607,0.851359337277,0.842155452549,76,7.6,27,1,2617,2609,0.829883606246,0.817611759943,75,7.5,28,1,2073,2072,0.010737865515,0.009203884727,76,7.6,26,0
773,2026-09-05T07:31:04.202422+00:00,182225437000000,182225484000000,46.781000000,online_inference,9,0,2089,2087,0.101242732000,0.098174770425,76,7.6,27,0,2654,2656,0.901980703277,0.905048664853,75,7.5,26,1,2613,2607,0.851359337277,0.842155452549,76,7.6,27,1,2617,2609,0.829883606246,0.817611759943,75,7.5,28,2,2073,2072,0.010737865515,0.009203884727,75,7.5,26,0
774,2026-09-05T07:31:04.258463+00:00,182225500000000,182225531000000,46.828000000,online_inference,9,0,2089,2087,0.101242732000,0.098174770425,76,7.6,27,1,2654,2656,0.901980703277,0.905048664853,75,7.5,26,0,2613,2607,0.851359337277,0.842155452549,76,7.6,27,1,2617,2609,0.829883606246,0.817611759943,75,7.5,28,1,2073,2072,0.010737865515,0.009203884727,76,7.6,26,0
775,2026-09-05T07:31:04.336051+00:00,182225546000000,182225609000000,46.906000000,online_inference,9,0,2089,2087,0.101242732000,0.098174770425,76,7.6,27,1,2654,2656,0.901980703277,0.905048664853,75,7.5,26,0,2613,2607,0.851359337277,0.842155452549,76,7.6,27,1,2617,2609,0.829883606246,0.817611759943,75,7.5,28,2,2073,2072,0.010737865515,0.009203884727,75,7.5,26,0
776,2026-09-05T07:31:04.390226+00:00,182225625000000,182225671000000,46.968000000,online_inference,9,0,2089,2087,0.101242732000,0.098174770425,76,7.6,27,0,2654,2656,0.901980703277,0.905048664853,75,7.5,26,1,2613,2607,0.851359337277,0.842155452549,76,7.6,27,0,2617,2609,0.829883606246,0.817611759943,75,7.5,28,2,2073,2072,0.010737865515,0.009203884727,75,7.5,26,0
777,2026-09-05T07:31:04.457007+00:00,182225687000000,182225734000000,47.031000000,online_inference,9,0,2089,2087,0.101242732000,0.098174770425,76,7.6,27,1,2654,2656,0.901980703277,0.905048664853,75,7.5,26,0,2613,2607,0.851359337277,0.842155452549,76,7.6,27,0,2617,2609,0.829883606246,0.817611759943,75,7.5,28,1,2073,2072,0.010737865515,0.009203884727,76,7.6,26,0
778,2026-09-05T07:31:04.517937+00:00,182225750000000,182225796000000,47.093000000,online_inference,9,0,2089,2087,0.101242732000,0.098174770425,76,7.6,27,0,2654,2656,0.901980703277,0.905048664853,75,7.5,26,1,2613,2607,0.851359337277,0.842155452549,76,7.6,27,1,2617,2609,0.829883606246,0.817611759943,75,7.5,29,1,2073,2072,0.010737865515,0.009203884727,75,7.5,26,0
779,2026-09-05T07:31:04.580322+00:00,182225812000000,182225859000000,47.156000000,online_inference,9,0,2089,2087,0.101242732000,0.098174770425,76,7.6,27,1,2654,2656,0.901980703277,0.905048664853,75,7.5,26,1,2613,2607,0.851359337277,0.842155452549,76,7.6,27,1,2617,2609,0.829883606246,0.817611759943,75,7.5,28,1,2073,2072,0.010737865515,0.009203884727,75,7.5,26,0
780,2026-09-05T07:31:04.632140+00:00,182225875000000,182225906000000,47.203000000,online_inference,9,0,2089,2087,0.101242732000,0.098174770425,76,7.6,27,1,2654,2656,0.901980703277,0.905048664853,75,7.5,26,1,2613,2607,0.851359337277,0.842155452549,76,7.6,27,1,2617,2609,0.829883606246,0.817611759943,75,7.5,28,1,2073,2072,0.010737865515,0.009203884727,75,7.5,26,0
781,2026-09-05T07:31:04.698050+00:00,182225921000000,182225968000000,47.265000000,online_inference,9,0,2089,2087,0.101242732000,0.098174770425,76,7.6,27,0,2654,2656,0.901980703277,0.905048664853,75,7.5,26,0,2613,2607,0.851359337277,0.842155452549,76,7.6,27,1,2617,2609,0.829883606246,0.817611759943,75,7.5,28,1,2073,2072,0.010737865515,0.009203884727,76,7.6,26,0
782,2026-09-05T07:31:04.745009+00:00,182225984000000,182226015000000,47.312000000,online_inference,9,0,2089,2087,0.101242732000,0.098174770425,76,7.6,27,0,2654,2656,0.901980703277,0.905048664853,75,7.5,26,1,2613,2607,0.851359337277,0.842155452549,76,7.6,27,1,2617,2609,0.829883606246,0.817611759943,75,7.5,28,1,2073,2072,0.010737865515,0.009203884727,75,7.5,26,0
783,2026-09-05T07:31:04.804875+00:00,182226031000000,182226078000000,47.375000000,online_inference,9,0,2089,2087,0.101242732000,0.098174770425,76,7.6,27,1,2654,2656,0.901980703277,0.905048664853,75,7.5,26,1,2613,2607,0.851359337277,0.842155452549,76,7.6,27,1,2617,2609,0.829883606246,0.817611759943,75,7.5,28,1,2073,2072,0.010737865515,0.009203884727,75,7.5,26,0
784,2026-09-05T07:31:04.888751+00:00,182226109000000,182226156000000,47.453000000,online_inference,9,0,2089,2087,0.101242732000,0.098174770425,76,7.6,27,0,2654,2656,0.901980703277,0.905048664853,75,7.5,26,1,2613,2607,0.851359337277,0.842155452549,76,7.6,27,1,2617,2609,0.829883606246,0.817611759943,75,7.5,28,1,2073,2072,0.010737865515,0.009203884727,76,7.6,26,0
785,2026-09-05T07:31:04.931765+00:00,182226171000000,182226203000000,47.500000000,online_inference,9,0,2089,2087,0.101242732000,0.098174770425,76,7.6,27,1,2654,2656,0.901980703277,0.905048664853,75,7.5,26,1,2613,2607,0.851359337277,0.842155452549,76,7.6,27,1,2617,2609,0.829883606246,0.817611759943,75,7.5,28,2,2073,2072,0.010737865515,0.009203884727,76,7.6,26,0
786,2026-09-05T07:31:04.987432+00:00,182226218000000,182226265000000,47.562000000,online_inference,9,0,2089,2087,0.101242732000,0.098174770425,76,7.6,27,1,2654,2656,0.901980703277,0.905048664853,75,7.5,26,0,2613,2607,0.851359337277,0.842155452549,76,7.6,27,1,2617,2609,0.829883606246,0.817611759943,75,7.5,28,1,2073,2072,0.010737865515,0.009203884727,75,7.5,26,0
787,2026-09-05T07:31:05.044608+00:00,182226281000000,182226312000000,47.609000000,online_inference,9,0,2089,2087,0.101242732000,0.098174770425,76,7.6,27,1,2654,2656,0.901980703277,0.905048664853,75,7.5,26,0,2613,2607,0.851359337277,0.842155452549,76,7.6,27,1,2617,2609,0.829883606246,0.817611759943,75,7.5,28,1,2073,2072,0.010737865515,0.009203884727,75,7.5,26,0
788,2026-09-05T07:31:05.102921+00:00,182226328000000,182226375000000,47.672000000,online_inference,9,0,2089,2087,0.101242732000,0.098174770425,76,7.6,27,0,2654,2656,0.901980703277,0.905048664853,75,7.5,26,1,2613,2607,0.851359337277,0.842155452549,76,7.6,27,1,2617,2609,0.829883606246,0.817611759943,75,7.5,28,1,2073,2072,0.010737865515,0.009203884727,75,7.5,26,0
789,2026-09-05T07:31:05.163329+00:00,182226390000000,182226437000000,47.734000000,online_inference,9,0,2089,2087,0.101242732000,0.098174770425,76,7.6,27,1,2654,2656,0.901980703277,0.905048664853,75,7.5,26,1,2613,2607,0.851359337277,0.842155452549,76,7.6,27,1,2617,2609,0.829883606246,0.817611759943,75,7.5,28,2,2073,2072,0.010737865515,0.009203884727,76,7.6,26,0
790,2026-09-05T07:31:05.217138+00:00,182226453000000,182226484000000,47.781000000,online_inference,9,0,2089,2087,0.101242732000,0.098174770425,76,7.6,27,0,2654,2656,0.901980703277,0.905048664853,75,7.5,26,1,2613,2607,0.851359337277,0.842155452549,76,7.6,27,1,2617,2609,0.829883606246,0.817611759943,75,7.5,28,1,2073,2072,0.010737865515,0.009203884727,75,7.5,26,0
791,2026-09-05T07:31:05.264329+00:00,182226500000000,182226546000000,47.843000000,online_inference,9,0,2089,2087,0.101242732000,0.098174770425,76,7.6,27,1,2654,2656,0.901980703277,0.905048664853,75,7.5,26,1,2613,2607,0.851359337277,0.842155452549,76,7.6,27,1,2617,2609,0.829883606246,0.817611759943,75,7.5,28,2,2073,2072,0.010737865515,0.009203884727,75,7.5,26,0
792,2026-09-05T07:31:05.326176+00:00,182226562000000,182226593000000,47.890000000,online_inference,9,0,2089,2087,0.101242732000,0.098174770425,76,7.6,27,1,2654,2656,0.901980703277,0.905048664853,75,7.5,26,0,2613,2607,0.851359337277,0.842155452549,76,7.6,27,0,2617,2609,0.829883606246,0.817611759943,75,7.5,28,1,2073,2072,0.010737865515,0.009203884727,76,7.6,26,0
793,2026-09-05T07:31:05.394775+00:00,182226625000000,182226671000000,47.968000000,online_inference,9,0,2089,2087,0.101242732000,0.098174770425,76,7.6,27,0,2654,2656,0.901980703277,0.905048664853,75,7.5,26,0,2613,2607,0.851359337277,0.842155452549,76,7.6,27,1,2617,2609,0.829883606246,0.817611759943,75,7.5,28,1,2073,2072,0.010737865515,0.009203884727,76,7.6,26,0
794,2026-09-05T07:31:05.456602+00:00,182226687000000,182226734000000,48.031000000,online_inference,9,0,2089,2087,0.101242732000,0.098174770425,76,7.6,27,1,2654,2656,0.901980703277,0.905048664853,75,7.5,26,1,2613,2607,0.851359337277,0.842155452549,76,7.6,27,1,2617,2609,0.829883606246,0.817611759943,75,7.5,28,1,2073,2072,0.010737865515,0.009203884727,75,7.5,26,0
795,2026-09-05T07:31:05.512290+00:00,182226750000000,182226781000000,48.078000000,online_inference,9,0,2089,2087,0.101242732000,0.098174770425,76,7.6,27,1,2654,2656,0.901980703277,0.905048664853,75,7.5,26,0,2613,2607,0.851359337277,0.842155452549,76,7.6,27,1,2617,2609,0.829883606246,0.817611759943,75,7.5,28,1,2073,2072,0.010737865515,0.009203884727,76,7.6,26,0
796,2026-09-05T07:31:05.566943+00:00,182226796000000,182226843000000,48.140000000,online_inference,9,0,2089,2087,0.101242732000,0.098174770425,76,7.6,27,0,2654,2656,0.901980703277,0.905048664853,75,7.5,26,1,2613,2607,0.851359337277,0.842155452549,76,7.6,27,1,2617,2609,0.829883606246,0.817611759943,75,7.5,28,2,2073,2072,0.010737865515,0.009203884727,75,7.5,26,0
797,2026-09-05T07:31:05.634609+00:00,182226859000000,182226906000000,48.203000000,online_inference,9,0,2089,2087,0.101242732000,0.098174770425,76,7.6,27,0,2654,2656,0.901980703277,0.905048664853,75,7.5,26,1,2613,2607,0.851359337277,0.842155452549,76,7.6,27,1,2617,2609,0.829883606246,0.817611759943,75,7.5,28,1,2073,2072,0.010737865515,0.009203884727,75,7.5,26,0
798,2026-09-05T07:31:05.699446+00:00,182226921000000,182226968000000,48.265000000,online_inference,9,0,2089,2087,0.101242732000,0.098174770425,76,7.6,27,0,2654,2656,0.901980703277,0.905048664853,75,7.5,26,0,2613,2607,0.851359337277,0.842155452549,76,7.6,27,1,2617,2609,0.829883606246,0.817611759943,75,7.5,28,2,2073,2072,0.010737865515,0.009203884727,75,7.5,26,0
799,2026-09-05T07:31:05.752600+00:00,182226984000000,182227031000000,48.328000000,online_inference,9,0,2089,2087,0.101242732000,0.098174770425,76,7.6,27,1,2654,2656,0.901980703277,0.905048664853,75,7.5,26,0,2613,2607,0.851359337277,0.842155452549,76,7.6,27,1,2617,2609,0.829883606246,0.817611759943,75,7.5,28,1,2073,2072,0.010737865515,0.009203884727,75,7.5,26,0
800,2026-09-05T07:31:05.816909+00:00,182227046000000,182227093000000,48.390000000,online_inference,9,0,2089,2087,0.101242732000,0.098174770425,76,7.6,27,1,2654,2656,0.901980703277,0.905048664853,75,7.5,26,1,2613,2607,0.851359337277,0.842155452549,76,7.6,27,1,2617,2609,0.829883606246,0.817611759943,75,7.5,28,1,2073,2072,0.010737865515,0.009203884727,76,7.6,26,0
801,2026-09-05T07:31:05.872483+00:00,182227109000000,182227140000000,48.437000000,online_inference,9,0,2089,2087,0.101242732000,0.098174770425,76,7.6,27,0,2654,2656,0.901980703277,0.905048664853,75,7.5,26,0,2613,2607,0.851359337277,0.842155452549,76,7.6,27,1,2617,2609,0.829883606246,0.817611759943,75,7.5,28,1,2073,2072,0.010737865515,0.009203884727,76,7.6,26,0
802,2026-09-05T07:31:05.952160+00:00,182227187000000,182227234000000,48.531000000,online_inference,9,0,2089,2087,0.101242732000,0.098174770425,76,7.6,27,1,2654,2656,0.901980703277,0.905048664853,75,7.5,26,1,2613,2607,0.851359337277,0.842155452549,76,7.6,27,1,2617,2609,0.829883606246,0.817611759943,75,7.5,28,1,2073,2072,0.010737865515,0.009203884727,76,7.6,26,0
803,2026-09-05T07:31:06.030642+00:00,182227250000000,182227312000000,48.609000000,online_inference,9,0,2089,2087,0.101242732000,0.098174770425,76,7.6,27,1,2654,2656,0.901980703277,0.905048664853,75,7.5,26,1,2613,2607,0.851359337277,0.842155452549,76,7.6,27,0,2617,2609,0.829883606246,0.817611759943,75,7.5,28,2,2073,2072,0.010737865515,0.009203884727,75,7.5,26,0
804,2026-09-05T07:31:06.102236+00:00,182227328000000,182227375000000,48.672000000,online_inference,9,0,2089,2087,0.101242732000,0.098174770425,76,7.6,27,0,2654,2656,0.901980703277,0.905048664853,75,7.5,26,1,2613,2607,0.851359337277,0.842155452549,76,7.6,27,1,2617,2609,0.829883606246,0.817611759943,75,7.5,28,1,2073,2072,0.010737865515,0.009203884727,75,7.5,26,0
805,2026-09-05T07:31:06.163963+00:00,182227390000000,182227437000000,48.734000000,online_inference,9,0,2089,2087,0.101242732000,0.098174770425,76,7.6,27,1,2654,2656,0.901980703277,0.905048664853,75,7.5,26,1,2613,2607,0.851359337277,0.842155452549,76,7.6,27,0,2617,2609,0.829883606246,0.817611759943,75,7.5,28,1,2073,2072,0.010737865515,0.009203884727,76,7.6,26,0
806,2026-09-05T07:31:06.228232+00:00,182227453000000,182227500000000,48.797000000,online_inference,9,0,2089,2087,0.101242732000,0.098174770425,76,7.6,27,1,2654,2656,0.901980703277,0.905048664853,75,7.5,26,1,2613,2607,0.851359337277,0.842155452549,76,7.6,27,1,2617,2609,0.829883606246,0.817611759943,75,7.5,28,1,2073,2072,0.010737865515,0.009203884727,75,7.5,26,0
807,2026-09-05T07:31:06.289695+00:00,182227515000000,182227562000000,48.859000000,online_inference,9,0,2089,2087,0.101242732000,0.098174770425,76,7.6,27,1,2654,2656,0.901980703277,0.905048664853,75,7.5,26,0,2613,2607,0.851359337277,0.842155452549,76,7.6,27,1,2617,2609,0.829883606246,0.817611759943,75,7.5,28,1,2073,2072,0.010737865515,0.009203884727,75,7.5,26,0
808,2026-09-05T07:31:06.342478+00:00,182227578000000,182227625000000,48.922000000,online_inference,9,0,2089,2087,0.101242732000,0.098174770425,76,7.6,27,2,2654,2656,0.901980703277,0.905048664853,75,7.5,26,1,2613,2607,0.851359337277,0.842155452549,76,7.6,27,1,2617,2609,0.829883606246,0.817611759943,75,7.5,28,2,2073,2072,0.010737865515,0.009203884727,75,7.5,26,0
809,2026-09-05T07:31:06.415014+00:00,182227640000000,182227687000000,48.984000000,online_inference,9,0,2089,2087,0.101242732000,0.098174770425,76,7.6,27,1,2654,2656,0.901980703277,0.905048664853,75,7.5,26,1,2613,2607,0.851359337277,0.842155452549,76,7.6,27,1,2617,2609,0.829883606246,0.817611759943,75,7.5,28,1,2073,2072,0.010737865515,0.009203884727,76,7.6,26,0
810,2026-09-05T07:31:06.497615+00:00,182227718000000,182227765000000,49.062000000,online_inference,9,0,2089,2087,0.101242732000,0.098174770425,76,7.6,27,1,2654,2656,0.901980703277,0.905048664853,75,7.5,26,0,2613,2607,0.851359337277,0.842155452549,76,7.6,27,1,2617,2609,0.829883606246,0.817611759943,75,7.5,28,2,2073,2072,0.010737865515,0.009203884727,76,7.6,26,0
811,2026-09-05T07:31:06.553117+00:00,182227781000000,182227828000000,49.125000000,online_inference,9,0,2089,2087,0.101242732000,0.098174770425,76,7.6,27,0,2654,2656,0.901980703277,0.905048664853,75,7.5,26,0,2613,2607,0.851359337277,0.842155452549,76,7.6,27,1,2617,2609,0.829883606246,0.817611759943,75,7.5,28,1,2073,2072,0.010737865515,0.009203884727,75,7.5,26,0
812,2026-09-05T07:31:06.607106+00:00,182227843000000,182227875000000,49.172000000,online_inference,9,0,2089,2087,0.101242732000,0.098174770425,76,7.6,27,0,2654,2656,0.901980703277,0.905048664853,75,7.5,26,1,2613,2607,0.851359337277,0.842155452549,76,7.6,27,1,2617,2609,0.829883606246,0.817611759943,75,7.5,28,1,2073,2072,0.010737865515,0.009203884727,75,7.5,26,0
813,2026-09-05T07:31:06.673638+00:00,182227890000000,182227953000000,49.250000000,online_inference,9,0,2089,2087,0.101242732000,0.098174770425,76,7.6,27,1,2654,2656,0.901980703277,0.905048664853,75,7.5,26,1,2613,2607,0.851359337277,0.842155452549,76,7.6,27,0,2617,2609,0.829883606246,0.817611759943,75,7.5,28,1,2073,2072,0.010737865515,0.009203884727,75,7.5,26,0
814,2026-09-05T07:31:06.737206+00:00,182227968000000,182228015000000,49.312000000,online_inference,9,0,2089,2087,0.101242732000,0.098174770425,76,7.6,27,0,2654,2656,0.901980703277,0.905048664853,75,7.5,26,1,2613,2607,0.851359337277,0.842155452549,76,7.6,27,1,2617,2609,0.829883606246,0.817611759943,75,7.5,28,2,2073,2072,0.010737865515,0.009203884727,75,7.5,26,0
815,2026-09-05T07:31:06.801293+00:00,182228031000000,182228078000000,49.375000000,online_inference,9,0,2089,2087,0.101242732000,0.098174770425,76,7.6,27,1,2654,2656,0.901980703277,0.905048664853,75,7.5,26,0,2613,2607,0.851359337277,0.842155452549,76,7.6,27,1,2617,2609,0.829883606246,0.817611759943,75,7.5,28,1,2073,2072,0.010737865515,0.009203884727,75,7.5,26,0
816,2026-09-05T07:31:06.871178+00:00,182228093000000,182228140000000,49.437000000,online_inference,9,0,2089,2087,0.101242732000,0.098174770425,76,7.6,27,1,2654,2656,0.901980703277,0.905048664853,75,7.5,26,0,2613,2607,0.851359337277,0.842155452549,76,7.6,27,1,2617,2609,0.829883606246,0.817611759943,75,7.5,28,1,2073,2072,0.010737865515,0.009203884727,75,7.5,26,0
817,2026-09-05T07:31:06.928801+00:00,182228156000000,182228203000000,49.500000000,online_inference,9,0,2089,2087,0.101242732000,0.098174770425,76,7.6,27,0,2654,2656,0.901980703277,0.905048664853,75,7.5,26,0,2613,2607,0.851359337277,0.842155452549,76,7.6,27,1,2617,2609,0.829883606246,0.817611759943,75,7.5,28,1,2073,2072,0.010737865515,0.009203884727,75,7.5,26,0
818,2026-09-05T07:31:07.017639+00:00,182228234000000,182228296000000,49.593000000,online_inference,9,0,2089,2087,0.101242732000,0.098174770425,76,7.6,27,0,2654,2656,0.901980703277,0.905048664853,75,7.5,26,1,2613,2607,0.851359337277,0.842155452549,76,7.6,27,1,2617,2609,0.829883606246,0.817611759943,75,7.5,28,1,2073,2072,0.010737865515,0.009203884727,75,7.5,26,0
819,2026-09-05T07:31:07.076750+00:00,182228312000000,182228359000000,49.656000000,online_inference,9,0,2089,2087,0.101242732000,0.098174770425,76,7.6,27,0,2654,2656,0.901980703277,0.905048664853,75,7.5,26,0,2613,2607,0.851359337277,0.842155452549,76,7.6,27,1,2617,2609,0.829883606246,0.817611759943,75,7.5,28,1,2073,2072,0.010737865515,0.009203884727,75,7.5,26,0
820,2026-09-05T07:31:07.151699+00:00,182228375000000,182228421000000,49.718000000,online_inference,9,0,2089,2087,0.101242732000,0.098174770425,76,7.6,27,0,2654,2656,0.901980703277,0.905048664853,75,7.5,26,1,2613,2607,0.851359337277,0.842155452549,76,7.6,27,1,2617,2609,0.829883606246,0.817611759943,75,7.5,28,2,2073,2072,0.010737865515,0.009203884727,75,7.5,26,0
821,2026-09-05T07:31:07.205256+00:00,182228437000000,182228484000000,49.781000000,online_inference,9,0,2089,2087,0.101242732000,0.098174770425,76,7.6,27,1,2654,2656,0.901980703277,0.905048664853,75,7.5,26,1,2613,2607,0.851359337277,0.842155452549,76,7.6,27,1,2617,2609,0.829883606246,0.817611759943,75,7.5,28,2,2073,2072,0.010737865515,0.009203884727,75,7.5,26,0
822,2026-09-05T07:31:07.265206+00:00,182228500000000,182228546000000,49.843000000,online_inference,9,0,2089,2087,0.101242732000,0.098174770425,76,7.6,27,1,2654,2656,0.901980703277,0.905048664853,75,7.5,26,1,2613,2607,0.851359337277,0.842155452549,76,7.6,27,1,2617,2609,0.829883606246,0.817611759943,75,7.5,28,1,2073,2072,0.010737865515,0.009203884727,75,7.5,26,0
823,2026-09-05T07:31:07.324794+00:00,182228562000000,182228593000000,49.890000000,online_inference,9,0,2089,2087,0.101242732000,0.098174770425,76,7.6,27,0,2654,2656,0.901980703277,0.905048664853,75,7.5,26,0,2613,2607,0.851359337277,0.842155452549,76,7.6,27,1,2617,2609,0.829883606246,0.817611759943,75,7.5,28,2,2073,2072,0.010737865515,0.009203884727,75,7.5,26,0
824,2026-09-05T07:31:07.386864+00:00,182228609000000,182228656000000,49.953000000,online_archive,9,0,2089,2087,0.101242732000,0.098174770425,76,7.6,27,1,2654,2656,0.901980703277,0.905048664853,75,7.5,26,0,2613,2607,0.851359337277,0.842155452549,76,7.6,27,1,2617,2609,0.829883606246,0.817611759943,75,7.5,28,1,2073,2072,0.010737865515,0.009203884727,76,7.6,26,0
825,2026-09-05T07:31:07.429420+00:00,182228671000000,182228703000000,50.000000000,online_archive,9,0,2089,2087,0.101242732000,0.098174770425,76,7.6,27,1,2654,2656,0.901980703277,0.905048664853,75,7.5,26,1,2613,2607,0.851359337277,0.842155452549,76,7.6,27,1,2617,2609,0.829883606246,0.817611759943,75,7.5,28,1,2073,2072,0.010737865515,0.009203884727,75,7.5,26,0
826,2026-09-05T07:31:07.550549+00:00,182228781000000,182228828000000,50.125000000,fixed_trajectory,9,0,2089,2087,0.101242732000,0.098174770425,76,7.6,27,1,2654,2656,0.901980703277,0.905048664853,75,7.5,26,0,2613,2607,0.851359337277,0.842155452549,76,7.6,27,0,2617,2609,0.829883606246,0.817611759943,75,7.5,28,1,2073,2072,0.010737865515,0.009203884727,75,7.5,26,0
827,2026-09-05T07:31:07.609830+00:00,182228843000000,182228890000000,50.187000000,fixed_trajectory,9,0,2089,2087,0.101242732000,0.098174770425,76,7.6,27,1,2654,2656,0.901980703277,0.905048664853,75,7.5,26,0,2613,2607,0.851359337277,0.842155452549,76,7.6,27,1,2616,2608,0.828349625458,0.816077779155,75,7.5,28,1,2073,2072,0.010737865515,0.009203884727,75,7.5,26,0
828,2026-09-05T07:31:07.655822+00:00,182228906000000,182228937000000,50.234000000,fixed_trajectory,9,0,2089,2087,0.101242732000,0.098174770425,76,7.6,27,0,2654,2656,0.901980703277,0.905048664853,75,7.5,26,0,2613,2607,0.851359337277,0.842155452549,76,7.6,27,0,2615,2607,0.826815644670,0.814543798367,75,7.5,28,1,2073,2072,0.010737865515,0.009203884727,75,7.5,26,0
829,2026-09-05T07:31:07.716118+00:00,182228953000000,182228984000000,50.281000000,fixed_trajectory,9,0,2089,2087,0.101242732000,0.098174770425,76,7.6,27,0,2654,2657,0.901980703277,0.906582645640,75,7.5,26,1,2613,2607,0.851359337277,0.842155452549,76,7.6,27,1,2615,2606,0.826815644670,0.813009817579,75,7.5,28,1,2073,2072,0.010737865515,0.009203884727,75,7.5,26,0
830,2026-09-05T07:31:07.767646+00:00,182229000000000,182229046000000,50.343000000,fixed_trajectory,9,0,2089,2087,0.101242732000,0.098174770425,76,7.6,27,1,2654,2657,0.901980703277,0.906582645640,75,7.5,26,1,2613,2607,0.851359337277,0.842155452549,76,7.6,27,0,2615,2605,0.826815644670,0.811475836792,75,7.5,28,2,2073,2072,0.010737865515,0.009203884727,75,7.5,26,0
831,2026-09-05T07:31:07.825354+00:00,182229062000000,182229093000000,50.390000000,fixed_trajectory,9,0,2089,2087,0.101242732000,0.098174770425,76,7.6,27,1,2654,2657,0.901980703277,0.906582645640,75,7.5,26,0,2613,2607,0.851359337277,0.842155452549,76,7.6,27,1,2615,2604,0.826815644670,0.809941856004,75,7.5,28,2,2073,2072,0.010737865515,0.009203884727,75,7.5,26,0
832,2026-09-05T07:31:07.877701+00:00,182229109000000,182229156000000,50.453000000,online_observation,9,0,2089,2087,0.101242732000,0.098174770425,76,7.6,27,1,2656,2657,0.905048664853,0.906582645640,75,7.5,26,0,2613,2607,0.851359337277,0.842155452549,76,7.6,27,0,2615,2603,0.826815644670,0.808407875216,75,7.5,28,2,2073,2072,0.010737865515,0.009203884727,75,7.5,26,0
833,2026-09-05T07:31:07.926061+00:00,182229171000000,182229203000000,50.500000000,online_observation,9,0,2089,2087,0.101242732000,0.098174770425,76,7.6,27,0,2656,2657,0.905048664853,0.906582645640,75,7.5,26,0,2613,2607,0.851359337277,0.842155452549,76,7.6,27,1,2615,2603,0.826815644670,0.808407875216,75,7.5,28,2,2073,2072,0.010737865515,0.009203884727,75,7.5,26,0
834,2026-09-05T07:31:07.982314+00:00,182229218000000,182229250000000,50.547000000,online_observation,9,0,2089,2087,0.101242732000,0.098174770425,76,7.6,27,1,2656,2657,0.905048664853,0.906582645640,75,7.5,26,0,2613,2607,0.851359337277,0.842155452549,76,7.6,27,1,2615,2603,0.826815644670,0.808407875216,75,7.5,28,1,2073,2072,0.010737865515,0.009203884727,75,7.5,26,0
835,2026-09-05T07:31:08.063030+00:00,182229296000000,182229343000000,50.640000000,online_observation,9,0,2089,2087,0.101242732000,0.098174770425,76,7.6,27,0,2656,2657,0.905048664853,0.906582645640,75,7.5,26,0,2613,2607,0.851359337277,0.842155452549,76,7.6,27,1,2615,2603,0.826815644670,0.808407875216,75,7.5,28,1,2073,2072,0.010737865515,0.009203884727,75,7.5,26,0
836,2026-09-05T07:31:08.113933+00:00,182229359000000,182229390000000,50.687000000,online_observation,9,0,2089,2087,0.101242732000,0.098174770425,76,7.6,27,1,2656,2657,0.905048664853,0.906582645640,75,7.5,26,0,2613,2607,0.851359337277,0.842155452549,76,7.6,27,1,2615,2603,0.826815644670,0.808407875216,75,7.5,28,2,2073,2072,0.010737865515,0.009203884727,75,7.5,26,0
837,2026-09-05T07:31:08.169049+00:00,182229406000000,182229437000000,50.734000000,online_observation,9,0,2089,2087,0.101242732000,0.098174770425,76,7.6,27,1,2656,2657,0.905048664853,0.906582645640,75,7.5,26,0,2613,2607,0.851359337277,0.842155452549,76,7.6,27,1,2615,2603,0.826815644670,0.808407875216,75,7.5,28,2,2073,2072,0.010737865515,0.009203884727,75,7.5,26,0
838,2026-09-05T07:31:08.208056+00:00,182229453000000,182229484000000,50.781000000,online_observation,9,0,2089,2087,0.101242732000,0.098174770425,76,7.6,27,1,2656,2657,0.905048664853,0.906582645640,75,7.5,26,0,2613,2607,0.851359337277,0.842155452549,76,7.6,27,1,2615,2603,0.826815644670,0.808407875216,75,7.5,28,2,2073,2072,0.010737865515,0.009203884727,75,7.5,26,0
839,2026-09-05T07:31:08.275058+00:00,182229500000000,182229546000000,50.843000000,online_inference,10,0,2089,2087,0.101242732000,0.098174770425,76,7.6,27,1,2656,2657,0.905048664853,0.906582645640,75,7.5,26,0,2613,2607,0.851359337277,0.842155452549,76,7.6,27,1,2615,2603,0.826815644670,0.808407875216,75,7.5,28,2,2073,2072,0.010737865515,0.009203884727,75,7.5,26,0
840,2026-09-05T07:31:08.341271+00:00,182229562000000,182229609000000,50.906000000,online_inference,10,0,2089,2087,0.101242732000,0.098174770425,76,7.6,27,1,2656,2657,0.905048664853,0.906582645640,75,7.5,26,0,2613,2607,0.851359337277,0.842155452549,76,7.6,27,1,2615,2603,0.826815644670,0.808407875216,75,7.5,28,2,2073,2072,0.010737865515,0.009203884727,76,7.6,26,0
841,2026-09-05T07:31:08.407628+00:00,182229625000000,182229687000000,50.984000000,online_inference,10,0,2089,2087,0.101242732000,0.098174770425,76,7.6,27,0,2656,2657,0.905048664853,0.906582645640,75,7.5,26,0,2613,2607,0.851359337277,0.842155452549,76,7.6,27,1,2615,2603,0.826815644670,0.808407875216,75,7.5,28,2,2073,2072,0.010737865515,0.009203884727,76,7.6,26,0
842,2026-09-05T07:31:08.484156+00:00,182229703000000,182229765000000,51.062000000,online_inference,10,0,2089,2087,0.101242732000,0.098174770425,76,7.6,27,1,2656,2657,0.905048664853,0.906582645640,75,7.5,26,0,2613,2607,0.851359337277,0.842155452549,76,7.6,27,1,2615,2603,0.826815644670,0.808407875216,75,7.5,28,2,2073,2072,0.010737865515,0.009203884727,76,7.6,26,0
843,2026-09-05T07:31:08.565438+00:00,182229781000000,182229843000000,51.140000000,online_inference,10,0,2089,2087,0.101242732000,0.098174770425,76,7.6,27,0,2656,2657,0.905048664853,0.906582645640,75,7.5,26,0,2613,2607,0.851359337277,0.842155452549,76,7.6,27,1,2615,2603,0.826815644670,0.808407875216,75,7.5,28,2,2073,2072,0.010737865515,0.009203884727,75,7.5,26,0
844,2026-09-05T07:31:08.661390+00:00,182229859000000,182229937000000,51.234000000,online_inference,10,0,2089,2087,0.101242732000,0.098174770425,76,7.6,27,0,2656,2657,0.905048664853,0.906582645640,75,7.5,26,0,2613,2607,0.851359337277,0.842155452549,76,7.6,27,1,2613,2603,0.823747683095,0.808407875216,75,7.5,28,0,2073,2072,0.010737865515,0.009203884727,75,7.5,26,0
845,2026-09-05T07:31:08.728460+00:00,182229953000000,182230000000000,51.297000000,online_inference,10,0,2089,2087,0.101242732000,0.098174770425,76,7.6,27,1,2657,2657,0.906582645640,0.906582645640,75,7.5,26,0,2613,2607,0.851359337277,0.842155452549,76,7.6,27,1,2611,2603,0.820679721519,0.808407875216,75,7.5,28,2,2073,2072,0.010737865515,0.009203884727,75,7.5,26,0
846,2026-09-05T07:31:08.791571+00:00,182230015000000,182230062000000,51.359000000,online_inference,10,0,2089,2087,0.101242732000,0.098174770425,76,7.6,27,1,2657,2657,0.906582645640,0.906582645640,75,7.5,26,0,2613,2607,0.851359337277,0.842155452549,76,7.6,27,1,2611,2603,0.820679721519,0.808407875216,75,7.5,28,1,2073,2072,0.010737865515,0.009203884727,75,7.5,26,0
847,2026-09-05T07:31:08.844206+00:00,182230078000000,182230125000000,51.422000000,online_inference,10,0,2089,2087,0.101242732000,0.098174770425,76,7.6,27,0,2657,2657,0.906582645640,0.906582645640,75,7.5,26,0,2613,2607,0.851359337277,0.842155452549,76,7.6,27,1,2611,2603,0.820679721519,0.808407875216,75,7.5,28,1,2073,2072,0.010737865515,0.009203884727,75,7.5,26,0
848,2026-09-05T07:31:08.924601+00:00,182230140000000,182230203000000,51.500000000,online_inference,10,0,2089,2087,0.101242732000,0.098174770425,76,7.6,27,0,2657,2657,0.906582645640,0.906582645640,75,7.5,26,0,2613,2607,0.851359337277,0.842155452549,76,7.6,27,1,2611,2603,0.820679721519,0.808407875216,75,7.5,28,1,2073,2072,0.010737865515,0.009203884727,75,7.5,26,0
849,2026-09-05T07:31:08.996281+00:00,182230218000000,182230265000000,51.562000000,online_inference,10,0,2089,2087,0.101242732000,0.098174770425,76,7.6,27,1,2657,2657,0.906582645640,0.906582645640,75,7.5,26,0,2613,2607,0.851359337277,0.842155452549,76,7.6,27,1,2611,2603,0.820679721519,0.808407875216,75,7.5,28,2,2073,2072,0.010737865515,0.009203884727,75,7.5,26,0
850,2026-09-05T07:31:09.047831+00:00,182230281000000,182230328000000,51.625000000,online_inference,10,0,2089,2087,0.101242732000,0.098174770425,76,7.6,27,1,2657,2657,0.906582645640,0.906582645640,75,7.5,26,0,2613,2607,0.851359337277,0.842155452549,76,7.6,27,1,2611,2603,0.820679721519,0.808407875216,75,7.5,28,2,2073,2072,0.010737865515,0.009203884727,76,7.6,26,0
851,2026-09-05T07:31:09.122646+00:00,182230343000000,182230390000000,51.687000000,online_inference,10,0,2089,2087,0.101242732000,0.098174770425,76,7.6,27,0,2657,2657,0.906582645640,0.906582645640,75,7.5,26,0,2613,2607,0.851359337277,0.842155452549,76,7.6,27,1,2611,2603,0.820679721519,0.808407875216,75,7.5,28,1,2073,2072,0.010737865515,0.009203884727,75,7.5,26,0
852,2026-09-05T07:31:09.202993+00:00,182230421000000,182230484000000,51.781000000,online_inference,10,0,2089,2087,0.101242732000,0.098174770425,76,7.6,27,0,2657,2657,0.906582645640,0.906582645640,75,7.5,26,0,2613,2607,0.851359337277,0.842155452549,76,7.6,27,1,2611,2603,0.820679721519,0.808407875216,75,7.5,28,1,2073,2072,0.010737865515,0.009203884727,75,7.5,26,0
853,2026-09-05T07:31:09.262675+00:00,182230500000000,182230531000000,51.828000000,online_inference,10,0,2089,2087,0.101242732000,0.098174770425,76,7.6,27,0,2657,2657,0.906582645640,0.906582645640,75,7.5,26,0,2613,2607,0.851359337277,0.842155452549,76,7.6,27,1,2611,2603,0.820679721519,0.808407875216,75,7.5,28,2,2073,2072,0.010737865515,0.009203884727,76,7.6,26,0
854,2026-09-05T07:31:09.327598+00:00,182230546000000,182230609000000,51.906000000,online_inference,10,0,2089,2087,0.101242732000,0.098174770425,76,7.6,27,0,2657,2657,0.906582645640,0.906582645640,75,7.5,26,0,2613,2607,0.851359337277,0.842155452549,76,7.6,27,1,2611,2603,0.820679721519,0.808407875216,75,7.5,28,2,2073,2072,0.010737865515,0.009203884727,76,7.6,26,0
855,2026-09-05T07:31:09.402526+00:00,182230625000000,182230671000000,51.968000000,online_inference,10,0,2089,2087,0.101242732000,0.098174770425,76,7.6,27,1,2657,2657,0.906582645640,0.906582645640,75,7.5,26,0,2613,2607,0.851359337277,0.842155452549,76,7.6,27,1,2611,2603,0.820679721519,0.808407875216,75,7.5,28,1,2073,2072,0.010737865515,0.009203884727,75,7.5,26,0
856,2026-09-05T07:31:09.465567+00:00,182230687000000,182230734000000,52.031000000,online_inference,10,0,2089,2087,0.101242732000,0.098174770425,76,7.6,27,0,2657,2657,0.906582645640,0.906582645640,75,7.5,26,0,2613,2607,0.851359337277,0.842155452549,76,7.6,27,1,2611,2603,0.820679721519,0.808407875216,75,7.5,28,1,2073,2072,0.010737865515,0.009203884727,75,7.5,26,0
857,2026-09-05T07:31:09.516003+00:00,182230750000000,182230796000000,52.093000000,online_inference,10,0,2089,2087,0.101242732000,0.098174770425,76,7.6,27,1,2657,2657,0.906582645640,0.906582645640,75,7.5,26,0,2613,2607,0.851359337277,0.842155452549,76,7.6,27,1,2611,2603,0.820679721519,0.808407875216,75,7.5,28,1,2073,2072,0.010737865515,0.009203884727,76,7.6,26,0
858,2026-09-05T07:31:09.600649+00:00,182230812000000,182230875000000,52.172000000,online_inference,10,0,2089,2087,0.101242732000,0.098174770425,76,7.6,27,1,2657,2657,0.906582645640,0.906582645640,75,7.5,26,0,2613,2607,0.851359337277,0.842155452549,76,7.6,27,1,2611,2603,0.820679721519,0.808407875216,75,7.5,28,1,2073,2072,0.010737865515,0.009203884727,75,7.5,26,0
859,2026-09-05T07:31:09.673613+00:00,182230890000000,182230953000000,52.250000000,online_inference,10,0,2089,2087,0.101242732000,0.098174770425,76,7.6,27,0,2657,2657,0.906582645640,0.906582645640,75,7.5,26,0,2613,2607,0.851359337277,0.842155452549,76,7.6,27,1,2611,2603,0.820679721519,0.808407875216,75,7.5,28,1,2073,2072,0.010737865515,0.009203884727,75,7.5,26,0
860,2026-09-05T07:31:09.769982+00:00,182230984000000,182231046000000,52.343000000,online_inference,10,0,2089,2087,0.101242732000,0.098174770425,76,7.6,27,1,2657,2657,0.906582645640,0.906582645640,75,7.5,26,0,2613,2607,0.851359337277,0.842155452549,76,7.6,27,1,2611,2603,0.820679721519,0.808407875216,75,7.5,28,1,2073,2072,0.010737865515,0.009203884727,76,7.6,26,0
861,2026-09-05T07:31:09.851159+00:00,182231062000000,182231125000000,52.422000000,online_inference,10,0,2089,2087,0.101242732000,0.098174770425,76,7.6,27,0,2657,2657,0.906582645640,0.906582645640,75,7.5,26,0,2613,2607,0.851359337277,0.842155452549,76,7.6,27,0,2611,2603,0.820679721519,0.808407875216,75,7.5,28,1,2073,2072,0.010737865515,0.009203884727,75,7.5,26,0
862,2026-09-05T07:31:09.924637+00:00,182231140000000,182231203000000,52.500000000,online_inference,10,0,2089,2087,0.101242732000,0.098174770425,76,7.6,27,0,2657,2657,0.906582645640,0.906582645640,75,7.5,26,0,2613,2607,0.851359337277,0.842155452549,76,7.6,27,0,2611,2603,0.820679721519,0.808407875216,75,7.5,28,1,2073,2072,0.010737865515,0.009203884727,75,7.5,26,0
863,2026-09-05T07:31:09.991511+00:00,182231218000000,182231265000000,52.562000000,online_inference,10,0,2089,2087,0.101242732000,0.098174770425,76,7.6,27,1,2657,2657,0.906582645640,0.906582645640,75,7.5,26,0,2613,2607,0.851359337277,0.842155452549,76,7.6,27,1,2611,2603,0.820679721519,0.808407875216,75,7.5,28,1,2073,2072,0.010737865515,0.009203884727,76,7.6,26,0
864,2026-09-05T07:31:10.064065+00:00,182231281000000,182231343000000,52.640000000,online_inference,10,0,2089,2087,0.101242732000,0.098174770425,76,7.6,27,0,2657,2657,0.906582645640,0.906582645640,75,7.5,26,0,2613,2607,0.851359337277,0.842155452549,76,7.6,27,1,2611,2603,0.820679721519,0.808407875216,75,7.5,28,2,2073,2072,0.010737865515,0.009203884727,76,7.6,26,0
865,2026-09-05T07:31:10.147524+00:00,182231359000000,182231421000000,52.718000000,online_inference,10,0,2089,2087,0.101242732000,0.098174770425,76,7.6,27,1,2657,2657,0.906582645640,0.906582645640,75,7.5,26,0,2613,2607,0.851359337277,0.842155452549,76,7.6,27,1,2611,2603,0.820679721519,0.808407875216,75,7.5,28,1,2073,2072,0.010737865515,0.009203884727,75,7.5,26,0
866,2026-09-05T07:31:10.219634+00:00,182231437000000,182231500000000,52.797000000,online_inference,10,0,2089,2087,0.101242732000,0.098174770425,76,7.6,27,0,2657,2657,0.906582645640,0.906582645640,75,7.5,26,0,2613,2607,0.851359337277,0.842155452549,76,7.6,27,1,2611,2603,0.820679721519,0.808407875216,75,7.5,28,1,2073,2072,0.010737865515,0.009203884727,75,7.5,26,0
867,2026-09-05T07:31:10.315784+00:00,182231531000000,182231593000000,52.890000000,online_inference,10,0,2089,2087,0.101242732000,0.098174770425,76,7.6,27,1,2657,2657,0.906582645640,0.906582645640,75,7.5,26,0,2613,2607,0.851359337277,0.842155452549,76,7.6,27,0,2611,2603,0.820679721519,0.808407875216,75,7.5,28,1,2073,2072,0.010737865515,0.009203884727,76,7.6,26,0
868,2026-09-05T07:31:10.376639+00:00,182231609000000,182231656000000,52.953000000,online_inference,10,0,2089,2087,0.101242732000,0.098174770425,76,7.6,27,1,2657,2657,0.906582645640,0.906582645640,75,7.5,26,0,2613,2607,0.851359337277,0.842155452549,76,7.6,27,1,2611,2603,0.820679721519,0.808407875216,75,7.5,28,2,2073,2072,0.010737865515,0.009203884727,75,7.5,26,0
869,2026-09-05T07:31:10.445255+00:00,182231671000000,182231718000000,53.015000000,online_inference,10,0,2089,2087,0.101242732000,0.098174770425,76,7.6,27,1,2657,2657,0.906582645640,0.906582645640,75,7.5,26,0,2613,2607,0.851359337277,0.842155452549,76,7.6,27,1,2611,2603,0.820679721519,0.808407875216,75,7.5,28,2,2073,2072,0.010737865515,0.009203884727,75,7.5,26,0
870,2026-09-05T07:31:10.505010+00:00,182231734000000,182231781000000,53.078000000,online_inference,10,0,2089,2087,0.101242732000,0.098174770425,76,7.6,27,0,2657,2657,0.906582645640,0.906582645640,75,7.5,26,0,2613,2607,0.851359337277,0.842155452549,76,7.6,27,1,2611,2603,0.820679721519,0.808407875216,75,7.5,28,1,2073,2072,0.010737865515,0.009203884727,76,7.6,26,0
871,2026-09-05T07:31:10.569528+00:00,182231796000000,182231843000000,53.140000000,online_inference,10,0,2089,2087,0.101242732000,0.098174770425,76,7.6,27,0,2657,2657,0.906582645640,0.906582645640,75,7.5,26,0,2613,2607,0.851359337277,0.842155452549,76,7.6,27,1,2611,2603,0.820679721519,0.808407875216,75,7.5,28,1,2073,2072,0.010737865515,0.009203884727,75,7.5,26,0
872,2026-09-05T07:31:10.636887+00:00,182231859000000,182231906000000,53.203000000,online_inference,10,0,2089,2087,0.101242732000,0.098174770425,76,7.6,27,0,2657,2657,0.906582645640,0.906582645640,75,7.5,26,0,2613,2607,0.851359337277,0.842155452549,76,7.6,27,1,2611,2603,0.820679721519,0.808407875216,75,7.5,28,2,2073,2072,0.010737865515,0.009203884727,75,7.5,26,0
873,2026-09-05T07:31:10.696743+00:00,182231921000000,182231968000000,53.265000000,online_inference,10,0,2089,2087,0.101242732000,0.098174770425,76,7.6,27,1,2657,2657,0.906582645640,0.906582645640,75,7.5,26,0,2613,2607,0.851359337277,0.842155452549,76,7.6,27,1,2611,2603,0.820679721519,0.808407875216,75,7.5,28,2,2073,2072,0.010737865515,0.009203884727,76,7.6,26,0
874,2026-09-05T07:31:10.747509+00:00,182231984000000,182232015000000,53.312000000,online_inference,10,0,2089,2087,0.101242732000,0.098174770425,76,7.6,27,1,2657,2657,0.906582645640,0.906582645640,75,7.5,26,0,2613,2607,0.851359337277,0.842155452549,76,7.6,27,1,2611,2603,0.820679721519,0.808407875216,75,7.5,28,1,2073,2072,0.010737865515,0.009203884727,76,7.6,26,0
875,2026-09-05T07:31:10.862586+00:00,182232062000000,182232140000000,53.437000000,online_inference,10,0,2089,2087,0.101242732000,0.098174770425,76,7.6,27,1,2657,2657,0.906582645640,0.906582645640,75,7.5,26,0,2613,2607,0.851359337277,0.842155452549,76,7.6,27,1,2611,2603,0.820679721519,0.808407875216,75,7.5,28,1,2073,2072,0.010737865515,0.009203884727,75,7.5,26,0
876,2026-09-05T07:31:10.937773+00:00,182232156000000,182232218000000,53.515000000,online_inference,10,0,2089,2087,0.101242732000,0.098174770425,76,7.6,27,1,2657,2657,0.906582645640,0.906582645640,75,7.5,26,0,2613,2607,0.851359337277,0.842155452549,76,7.6,27,1,2611,2603,0.820679721519,0.808407875216,75,7.5,28,2,2073,2072,0.010737865515,0.009203884727,76,7.6,26,0
877,2026-09-05T07:31:11.007401+00:00,182232234000000,182232281000000,53.578000000,online_inference,10,0,2089,2087,0.101242732000,0.098174770425,76,7.6,27,1,2657,2657,0.906582645640,0.906582645640,75,7.5,26,0,2613,2607,0.851359337277,0.842155452549,76,7.6,27,1,2611,2603,0.820679721519,0.808407875216,75,7.5,28,1,2073,2072,0.010737865515,0.009203884727,76,7.6,26,0
878,2026-09-05T07:31:11.071389+00:00,182232296000000,182232343000000,53.640000000,online_inference,10,0,2089,2087,0.101242732000,0.098174770425,76,7.6,27,0,2657,2657,0.906582645640,0.906582645640,75,7.5,26,0,2613,2607,0.851359337277,0.842155452549,76,7.6,27,1,2611,2603,0.820679721519,0.808407875216,75,7.5,28,2,2073,2072,0.010737865515,0.009203884727,75,7.5,26,0
879,2026-09-05T07:31:11.148398+00:00,182232359000000,182232421000000,53.718000000,online_inference,10,0,2089,2087,0.101242732000,0.098174770425,76,7.6,27,0,2657,2657,0.906582645640,0.906582645640,75,7.5,26,0,2613,2607,0.851359337277,0.842155452549,76,7.6,27,1,2611,2603,0.820679721519,0.808407875216,75,7.5,28,1,2073,2072,0.010737865515,0.009203884727,75,7.5,26,0
880,2026-09-05T07:31:11.215519+00:00,182232437000000,182232484000000,53.781000000,online_inference,10,0,2089,2087,0.101242732000,0.098174770425,76,7.6,27,0,2657,2657,0.906582645640,0.906582645640,75,7.5,26,0,2613,2607,0.851359337277,0.842155452549,76,7.6,27,0,2611,2603,0.820679721519,0.808407875216,75,7.5,28,2,2073,2072,0.010737865515,0.009203884727,75,7.5,26,0
881,2026-09-05T07:31:11.282990+00:00,182232500000000,182232562000000,53.859000000,online_inference,10,0,2089,2087,0.101242732000,0.098174770425,76,7.6,27,0,2657,2657,0.906582645640,0.906582645640,75,7.5,26,0,2613,2607,0.851359337277,0.842155452549,76,7.6,27,1,2611,2603,0.820679721519,0.808407875216,75,7.5,28,1,2073,2072,0.010737865515,0.009203884727,75,7.5,26,0
882,2026-09-05T07:31:11.380580+00:00,182232578000000,182232656000000,53.953000000,online_inference,10,0,2089,2087,0.101242732000,0.098174770425,76,7.6,27,0,2657,2657,0.906582645640,0.906582645640,75,7.5,26,0,2613,2607,0.851359337277,0.842155452549,76,7.6,27,1,2611,2603,0.820679721519,0.808407875216,75,7.5,28,1,2073,2072,0.010737865515,0.009203884727,75,7.5,26,0
883,2026-09-05T07:31:11.451893+00:00,182232671000000,182232734000000,54.031000000,online_inference,10,0,2089,2087,0.101242732000,0.098174770425,76,7.6,27,1,2657,2657,0.906582645640,0.906582645640,75,7.5,26,0,2613,2607,0.851359337277,0.842155452549,76,7.6,27,1,2611,2603,0.820679721519,0.808407875216,75,7.5,28,2,2073,2072,0.010737865515,0.009203884727,75,7.5,26,0
884,2026-09-05T07:31:11.526011+00:00,182232750000000,182232796000000,54.093000000,online_inference,10,0,2089,2087,0.101242732000,0.098174770425,76,7.6,27,0,2657,2657,0.906582645640,0.906582645640,75,7.5,26,0,2613,2607,0.851359337277,0.842155452549,76,7.6,27,1,2611,2603,0.820679721519,0.808407875216,75,7.5,28,2,2073,2072,0.010737865515,0.009203884727,75,7.5,26,0
885,2026-09-05T07:31:11.612398+00:00,182232812000000,182232890000000,54.187000000,online_inference,10,0,2089,2087,0.101242732000,0.098174770425,76,7.6,27,1,2657,2657,0.906582645640,0.906582645640,75,7.5,26,0,2613,2607,0.851359337277,0.842155452549,76,7.6,27,1,2611,2603,0.820679721519,0.808407875216,75,7.5,28,2,2073,2072,0.010737865515,0.009203884727,75,7.5,26,0
886,2026-09-05T07:31:11.684205+00:00,182232906000000,182232953000000,54.250000000,online_inference,10,0,2089,2087,0.101242732000,0.098174770425,76,7.6,27,1,2657,2657,0.906582645640,0.906582645640,75,7.5,26,0,2613,2607,0.851359337277,0.842155452549,76,7.6,27,1,2611,2603,0.820679721519,0.808407875216,75,7.5,28,1,2073,2072,0.010737865515,0.009203884727,75,7.5,26,0
887,2026-09-05T07:31:11.755544+00:00,182232968000000,182233031000000,54.328000000,online_inference,10,0,2089,2087,0.101242732000,0.098174770425,76,7.6,27,1,2657,2657,0.906582645640,0.906582645640,75,7.5,26,0,2613,2607,0.851359337277,0.842155452549,76,7.6,27,1,2611,2603,0.820679721519,0.808407875216,75,7.5,27,1,2073,2072,0.010737865515,0.009203884727,75,7.5,26,0
888,2026-09-05T07:31:11.836488+00:00,182233046000000,182233109000000,54.406000000,online_inference,10,0,2089,2087,0.101242732000,0.098174770425,76,7.6,27,0,2657,2657,0.906582645640,0.906582645640,75,7.5,26,0,2613,2607,0.851359337277,0.842155452549,76,7.6,27,1,2611,2603,0.820679721519,0.808407875216,75,7.5,28,1,2073,2072,0.010737865515,0.009203884727,75,7.5,26,0
889,2026-09-05T07:31:11.942822+00:00,182233140000000,182233218000000,54.515000000,online_inference,10,0,2089,2087,0.101242732000,0.098174770425,76,7.6,27,0,2657,2657,0.906582645640,0.906582645640,75,7.5,26,0,2613,2607,0.851359337277,0.842155452549,76,7.6,27,1,2611,2603,0.820679721519,0.808407875216,75,7.5,28,1,2073,2072,0.010737865515,0.009203884727,76,7.6,26,0
890,2026-09-05T07:31:12.021972+00:00,182233234000000,182233296000000,54.593000000,online_inference,10,0,2089,2087,0.101242732000,0.098174770425,76,7.6,27,1,2657,2657,0.906582645640,0.906582645640,75,7.5,26,0,2613,2607,0.851359337277,0.842155452549,76,7.6,27,1,2611,2603,0.820679721519,0.808407875216,75,7.5,28,1,2073,2072,0.010737865515,0.009203884727,76,7.6,26,0
891,2026-09-05T07:31:12.107461+00:00,182233312000000,182233375000000,54.672000000,online_inference,10,0,2089,2087,0.101242732000,0.098174770425,76,7.6,27,0,2657,2657,0.906582645640,0.906582645640,75,7.5,26,0,2613,2607,0.851359337277,0.842155452549,76,7.6,27,1,2611,2603,0.820679721519,0.808407875216,75,7.5,28,1,2073,2072,0.010737865515,0.009203884727,75,7.5,26,0
892,2026-09-05T07:31:12.183124+00:00,182233390000000,182233453000000,54.750000000,online_inference,10,0,2089,2087,0.101242732000,0.098174770425,76,7.6,27,1,2657,2657,0.906582645640,0.906582645640,75,7.5,26,0,2613,2607,0.851359337277,0.842155452549,76,7.6,27,1,2611,2603,0.820679721519,0.808407875216,75,7.5,28,2,2073,2072,0.010737865515,0.009203884727,75,7.5,26,0
893,2026-09-05T07:31:12.259515+00:00,182233468000000,182233531000000,54.828000000,online_inference,10,0,2089,2087,0.101242732000,0.098174770425,76,7.6,27,1,2657,2657,0.906582645640,0.906582645640,75,7.5,26,0,2613,2607,0.851359337277,0.842155452549,76,7.6,27,1,2611,2603,0.820679721519,0.808407875216,75,7.5,28,1,2073,2072,0.010737865515,0.009203884727,75,7.5,26,0
894,2026-09-05T07:31:12.334474+00:00,182233546000000,182233609000000,54.906000000,online_inference,10,0,2089,2087,0.101242732000,0.098174770425,76,7.6,27,0,2657,2657,0.906582645640,0.906582645640,75,7.5,26,0,2613,2607,0.851359337277,0.842155452549,76,7.6,27,1,2611,2603,0.820679721519,0.808407875216,75,7.5,28,2,2073,2072,0.010737865515,0.009203884727,75,7.5,26,0
895,2026-09-05T07:31:12.429847+00:00,182233625000000,182233703000000,55.000000000,online_inference,10,0,2089,2087,0.101242732000,0.098174770425,76,7.6,27,1,2657,2657,0.906582645640,0.906582645640,75,7.5,26,0,2613,2607,0.851359337277,0.842155452549,76,7.6,27,1,2611,2603,0.820679721519,0.808407875216,75,7.5,28,1,2073,2072,0.010737865515,0.009203884727,76,7.6,26,0
896,2026-09-05T07:31:12.564688+00:00,182233750000000,182233843000000,55.140000000,online_inference,10,0,2089,2087,0.101242732000,0.098174770425,76,7.6,27,1,2657,2657,0.906582645640,0.906582645640,75,7.5,26,0,2613,2607,0.851359337277,0.842155452549,76,7.6,27,1,2611,2603,0.820679721519,0.808407875216,75,7.5,28,2,2073,2072,0.010737865515,0.009203884727,76,7.6,26,0
897,2026-09-05T07:31:12.646719+00:00,182233859000000,182233921000000,55.218000000,online_inference,10,0,2089,2087,0.101242732000,0.098174770425,76,7.6,27,1,2657,2657,0.906582645640,0.906582645640,75,7.5,26,0,2613,2607,0.851359337277,0.842155452549,76,7.6,27,1,2611,2603,0.820679721519,0.808407875216,75,7.5,28,1,2073,2072,0.010737865515,0.009203884727,76,7.6,26,0
898,2026-09-05T07:31:12.739367+00:00,182233937000000,182234015000000,55.312000000,online_inference,10,0,2089,2087,0.101242732000,0.098174770425,76,7.6,27,1,2657,2657,0.906582645640,0.906582645640,75,7.5,26,0,2613,2607,0.851359337277,0.842155452549,76,7.6,27,1,2611,2603,0.820679721519,0.808407875216,75,7.5,28,2,2073,2072,0.010737865515,0.009203884727,75,7.5,26,0
899,2026-09-05T07:31:12.829823+00:00,182234031000000,182234109000000,55.406000000,online_inference,10,0,2089,2087,0.101242732000,0.098174770425,76,7.6,27,1,2657,2657,0.906582645640,0.906582645640,75,7.5,26,0,2613,2607,0.851359337277,0.842155452549,76,7.6,27,1,2611,2603,0.820679721519,0.808407875216,75,7.5,28,1,2073,2072,0.010737865515,0.009203884727,75,7.5,26,0
900,2026-09-05T07:31:12.905368+00:00,182234125000000,182234187000000,55.484000000,online_inference,10,0,2089,2087,0.101242732000,0.098174770425,76,7.6,27,1,2657,2657,0.906582645640,0.906582645640,75,7.5,26,0,2613,2607,0.851359337277,0.842155452549,76,7.6,27,0,2611,2603,0.820679721519,0.808407875216,75,7.5,28,2,2073,2072,0.010737865515,0.009203884727,75,7.5,26,0
901,2026-09-05T07:31:12.988968+00:00,182234203000000,182234265000000,55.562000000,online_inference,10,0,2089,2087,0.101242732000,0.098174770425,76,7.6,27,1,2657,2657,0.906582645640,0.906582645640,75,7.5,26,0,2613,2607,0.851359337277,0.842155452549,76,7.6,27,1,2611,2603,0.820679721519,0.808407875216,75,7.5,28,2,2073,2072,0.010737865515,0.009203884727,76,7.6,26,0
902,2026-09-05T07:31:13.084641+00:00,182234296000000,182234359000000,55.656000000,online_inference,10,0,2089,2087,0.101242732000,0.098174770425,76,7.6,27,0,2657,2657,0.906582645640,0.906582645640,75,7.5,26,0,2613,2607,0.851359337277,0.842155452549,76,7.6,27,1,2611,2603,0.820679721519,0.808407875216,75,7.5,28,2,2073,2072,0.010737865515,0.009203884727,76,7.6,26,0
903,2026-09-05T07:31:13.168169+00:00,182234375000000,182234437000000,55.734000000,online_inference,10,0,2089,2087,0.101242732000,0.098174770425,76,7.6,27,0,2657,2657,0.906582645640,0.906582645640,75,7.5,26,0,2613,2607,0.851359337277,0.842155452549,76,7.6,27,1,2611,2603,0.820679721519,0.808407875216,75,7.5,28,1,2073,2072,0.010737865515,0.009203884727,76,7.6,26,0
904,2026-09-05T07:31:13.240913+00:00,182234453000000,182234515000000,55.812000000,online_inference,10,0,2089,2087,0.101242732000,0.098174770425,76,7.6,27,1,2657,2657,0.906582645640,0.906582645640,75,7.5,26,0,2613,2607,0.851359337277,0.842155452549,76,7.6,27,1,2611,2603,0.820679721519,0.808407875216,75,7.5,28,1,2073,2072,0.010737865515,0.009203884727,75,7.5,26,0
905,2026-09-05T07:31:13.310528+00:00,182234531000000,182234578000000,55.875000000,online_inference,10,0,2089,2087,0.101242732000,0.098174770425,76,7.6,27,1,2657,2657,0.906582645640,0.906582645640,75,7.5,26,0,2613,2607,0.851359337277,0.842155452549,76,7.6,27,2,2611,2603,0.820679721519,0.808407875216,75,7.5,28,1,2073,2072,0.010737865515,0.009203884727,75,7.5,26,0
906,2026-09-05T07:31:13.379248+00:00,182234609000000,182234656000000,55.953000000,online_inference,10,0,2089,2087,0.101242732000,0.098174770425,76,7.6,27,1,2657,2657,0.906582645640,0.906582645640,75,7.5,26,0,2613,2607,0.851359337277,0.842155452549,76,7.6,27,1,2611,2603,0.820679721519,0.808407875216,75,7.5,28,2,2073,2072,0.010737865515,0.009203884727,76,7.6,26,0
907,2026-09-05T07:31:13.454348+00:00,182234671000000,182234734000000,56.031000000,online_inference,10,0,2089,2087,0.101242732000,0.098174770425,76,7.6,27,1,2657,2657,0.906582645640,0.906582645640,75,7.5,26,0,2613,2607,0.851359337277,0.842155452549,76,7.6,27,1,2611,2603,0.820679721519,0.808407875216,75,7.5,28,1,2073,2072,0.010737865515,0.009203884727,76,7.6,26,0
908,2026-09-05T07:31:13.530805+00:00,182234750000000,182234812000000,56.109000000,online_inference,10,0,2089,2087,0.101242732000,0.098174770425,76,7.6,27,1,2657,2657,0.906582645640,0.906582645640,75,7.5,26,0,2613,2607,0.851359337277,0.842155452549,76,7.6,27,1,2611,2603,0.820679721519,0.808407875216,75,7.5,28,1,2073,2072,0.010737865515,0.009203884727,75,7.5,26,0
909,2026-09-05T07:31:13.626448+00:00,182234828000000,182234906000000,56.203000000,online_inference,10,0,2089,2087,0.101242732000,0.098174770425,76,7.6,27,0,2657,2657,0.906582645640,0.906582645640,75,7.5,26,0,2613,2607,0.851359337277,0.842155452549,76,7.6,27,1,2611,2603,0.820679721519,0.808407875216,75,7.5,28,1,2073,2072,0.010737865515,0.009203884727,75,7.5,26,0
910,2026-09-05T07:31:13.714535+00:00,182234921000000,182234984000000,56.281000000,online_inference,10,0,2089,2087,0.101242732000,0.098174770425,76,7.6,27,1,2657,2657,0.906582645640,0.906582645640,75,7.5,26,0,2613,2607,0.851359337277,0.842155452549,76,7.6,27,1,2611,2603,0.820679721519,0.808407875216,75,7.5,28,1,2073,2072,0.010737865515,0.009203884727,76,7.6,26,0
911,2026-09-05T07:31:13.795718+00:00,182235000000000,182235078000000,56.375000000,online_inference,10,0,2089,2087,0.101242732000,0.098174770425,76,7.6,27,1,2657,2657,0.906582645640,0.906582645640,75,7.5,26,0,2613,2607,0.851359337277,0.842155452549,76,7.6,27,1,2611,2603,0.820679721519,0.808407875216,75,7.5,28,1,2073,2072,0.010737865515,0.009203884727,75,7.5,26,0
912,2026-09-05T07:31:13.896858+00:00,182235093000000,182235171000000,56.468000000,online_inference,10,0,2089,2087,0.101242732000,0.098174770425,76,7.6,27,1,2657,2657,0.906582645640,0.906582645640,75,7.5,26,0,2613,2607,0.851359337277,0.842155452549,76,7.6,27,0,2611,2603,0.820679721519,0.808407875216,75,7.5,28,1,2073,2072,0.010737865515,0.009203884727,75,7.5,26,1
913,2026-09-05T07:31:13.957364+00:00,182235187000000,182235234000000,56.531000000,online_inference,10,0,2089,2087,0.101242732000,0.098174770425,76,7.6,27,0,2657,2657,0.906582645640,0.906582645640,75,7.5,26,0,2613,2607,0.851359337277,0.842155452549,76,7.6,27,1,2611,2603,0.820679721519,0.808407875216,75,7.5,28,1,2073,2072,0.010737865515,0.009203884727,75,7.5,26,0
914,2026-09-05T07:31:14.023751+00:00,182235250000000,182235296000000,56.593000000,online_inference,10,0,2089,2087,0.101242732000,0.098174770425,76,7.6,27,0,2657,2657,0.906582645640,0.906582645640,75,7.5,26,0,2613,2607,0.851359337277,0.842155452549,76,7.6,27,0,2611,2603,0.820679721519,0.808407875216,75,7.5,28,1,2073,2072,0.010737865515,0.009203884727,75,7.5,26,0
915,2026-09-05T07:31:14.093224+00:00,182235312000000,182235375000000,56.672000000,online_archive,10,0,2089,2087,0.101242732000,0.098174770425,76,7.6,27,1,2657,2657,0.906582645640,0.906582645640,75,7.5,26,0,2613,2607,0.851359337277,0.842155452549,76,7.6,27,1,2611,2603,0.820679721519,0.808407875216,75,7.5,28,1,2073,2072,0.010737865515,0.009203884727,75,7.5,26,0
916,2026-09-05T07:31:14.183669+00:00,182235406000000,182235453000000,56.750000000,online_archive,10,0,2089,2087,0.101242732000,0.098174770425,76,7.6,27,0,2657,2657,0.906582645640,0.906582645640,75,7.5,26,0,2613,2607,0.851359337277,0.842155452549,76,7.6,27,1,2611,2603,0.820679721519,0.808407875216,75,7.5,28,1,2073,2072,0.010737865515,0.009203884727,75,7.5,26,0
917,2026-09-05T07:31:14.298598+00:00,182235531000000,182235578000000,56.875000000,fixed_trajectory,10,0,2089,2087,0.101242732000,0.098174770425,76,7.6,27,1,2657,2657,0.906582645640,0.906582645640,75,7.5,26,0,2613,2607,0.851359337277,0.842155452549,76,7.6,27,1,2611,2603,0.820679721519,0.808407875216,75,7.5,28,1,2073,2072,0.010737865515,0.009203884727,75,7.5,26,0
918,2026-09-05T07:31:14.365716+00:00,182235593000000,182235640000000,56.937000000,fixed_trajectory,10,0,2089,2088,0.101242732000,0.099708751213,76,7.6,27,0,2657,2658,0.906582645640,0.908116626428,75,7.5,26,0,2613,2607,0.851359337277,0.842155452549,76,7.6,27,1,2611,2603,0.820679721519,0.808407875216,75,7.5,28,1,2073,2072,0.010737865515,0.009203884727,75,7.5,26,0
919,2026-09-05T07:31:14.418221+00:00,182235656000000,182235687000000,56.984000000,online_observation,10,0,2089,2088,0.101242732000,0.099708751213,76,7.6,27,0,2657,2659,0.906582645640,0.909650607216,75,7.5,26,1,2613,2607,0.851359337277,0.842155452549,76,7.6,27,1,2611,2603,0.820679721519,0.808407875216,75,7.5,28,1,2073,2072,0.010737865515,0.009203884727,76,7.6,26,0
920,2026-09-05T07:31:14.471831+00:00,182235703000000,182235750000000,57.047000000,online_observation,10,0,2089,2088,0.101242732000,0.099708751213,76,7.6,27,0,2657,2659,0.906582645640,0.909650607216,75,7.5,26,0,2613,2607,0.851359337277,0.842155452549,76,7.6,27,1,2611,2603,0.820679721519,0.808407875216,75,7.5,28,2,2073,2072,0.010737865515,0.009203884727,76,7.6,26,0
921,2026-09-05T07:31:14.533054+00:00,182235765000000,182235812000000,57.109000000,online_observation,10,0,2089,2088,0.101242732000,0.099708751213,76,7.6,27,0,2657,2659,0.906582645640,0.909650607216,75,7.5,26,1,2613,2607,0.851359337277,0.842155452549,76,7.6,27,1,2611,2603,0.820679721519,0.808407875216,75,7.5,28,1,2073,2072,0.010737865515,0.009203884727,76,7.6,26,0
922,2026-09-05T07:31:14.603459+00:00,182235828000000,182235875000000,57.172000000,online_observation,10,0,2089,2088,0.101242732000,0.099708751213,76,7.6,27,0,2657,2659,0.906582645640,0.909650607216,75,7.5,26,1,2613,2607,0.851359337277,0.842155452549,76,7.6,27,1,2611,2603,0.820679721519,0.808407875216,75,7.5,28,1,2073,2072,0.010737865515,0.009203884727,75,7.5,26,0
923,2026-09-05T07:31:14.644732+00:00,182235890000000,182235921000000,57.218000000,online_observation,10,0,2089,2088,0.101242732000,0.099708751213,76,7.6,27,0,2657,2659,0.906582645640,0.909650607216,75,7.5,26,1,2613,2607,0.851359337277,0.842155452549,76,7.6,27,1,2611,2603,0.820679721519,0.808407875216,75,7.5,28,1,2073,2072,0.010737865515,0.009203884727,75,7.5,26,0
924,2026-09-05T07:31:14.718473+00:00,182235937000000,182236000000000,57.297000000,online_observation,10,0,2089,2088,0.101242732000,0.099708751213,76,7.6,27,0,2657,2659,0.906582645640,0.909650607216,75,7.5,26,1,2613,2607,0.851359337277,0.842155452549,76,7.6,27,0,2611,2603,0.820679721519,0.808407875216,75,7.5,28,1,2073,2072,0.010737865515,0.009203884727,75,7.5,26,0
925,2026-09-05T07:31:14.793470+00:00,182236015000000,182236062000000,57.359000000,online_inference,11,0,2089,2088,0.101242732000,0.099708751213,76,7.6,27,0,2657,2659,0.906582645640,0.909650607216,75,7.5,26,1,2613,2607,0.851359337277,0.842155452549,76,7.6,27,1,2611,2603,0.820679721519,0.808407875216,75,7.5,28,1,2073,2072,0.010737865515,0.009203884727,76,7.6,26,0
926,2026-09-05T07:31:14.867203+00:00,182236078000000,182236140000000,57.437000000,online_inference,11,0,2089,2088,0.101242732000,0.099708751213,76,7.6,27,0,2657,2659,0.906582645640,0.909650607216,75,7.5,26,0,2613,2607,0.851359337277,0.842155452549,76,7.6,27,1,2611,2603,0.820679721519,0.808407875216,75,7.5,28,2,2073,2072,0.010737865515,0.009203884727,75,7.5,26,0
927,2026-09-05T07:31:14.965501+00:00,182236156000000,182236234000000,57.531000000,online_inference,11,0,2089,2088,0.101242732000,0.099708751213,76,7.6,27,0,2657,2659,0.906582645640,0.909650607216,75,7.5,26,1,2613,2607,0.851359337277,0.842155452549,76,7.6,27,1,2611,2603,0.820679721519,0.808407875216,75,7.5,28,2,2073,2072,0.010737865515,0.009203884727,75,7.5,26,0
928,2026-09-05T07:31:15.046762+00:00,182236250000000,182236328000000,57.625000000,online_inference,11,0,2089,2088,0.101242732000,0.099708751213,76,7.6,27,0,2657,2659,0.906582645640,0.909650607216,75,7.5,26,0,2613,2607,0.851359337277,0.842155452549,76,7.6,27,1,2611,2603,0.820679721519,0.808407875216,75,7.5,28,1,2073,2072,0.010737865515,0.009203884727,75,7.5,26,0
929,2026-09-05T07:31:15.145495+00:00,182236343000000,182236421000000,57.718000000,online_inference,11,0,2089,2088,0.101242732000,0.099708751213,76,7.6,27,0,2657,2659,0.906582645640,0.909650607216,75,7.5,26,1,2613,2607,0.851359337277,0.842155452549,76,7.6,27,1,2611,2603,0.820679721519,0.808407875216,75,7.5,28,2,2073,2072,0.010737865515,0.009203884727,76,7.6,26,0
930,2026-09-05T07:31:15.285307+00:00,182236484000000,182236562000000,57.859000000,online_inference,11,0,2089,2088,0.101242732000,0.099708751213,76,7.6,27,0,2657,2659,0.906582645640,0.909650607216,75,7.5,26,1,2613,2607,0.851359337277,0.842155452549,76,7.6,27,1,2611,2603,0.820679721519,0.808407875216,75,7.5,28,1,2073,2072,0.010737865515,0.009203884727,76,7.6,26,0
931,2026-09-05T07:31:15.346070+00:00,182236578000000,182236625000000,57.922000000,online_inference,11,0,2089,2088,0.101242732000,0.099708751213,76,7.6,27,0,2657,2659,0.906582645640,0.909650607216,75,7.5,26,0,2613,2607,0.851359337277,0.842155452549,76,7.6,27,0,2611,2603,0.820679721519,0.808407875216,75,7.5,28,2,2073,2072,0.010737865515,0.009203884727,75,7.5,26,0
932,2026-09-05T07:31:15.422314+00:00,182236640000000,182236703000000,58.000000000,online_inference,11,0,2089,2088,0.101242732000,0.099708751213,76,7.6,27,0,2657,2659,0.906582645640,0.909650607216,75,7.5,26,0,2613,2607,0.851359337277,0.842155452549,76,7.6,27,0,2611,2603,0.820679721519,0.808407875216,75,7.5,28,1,2073,2072,0.010737865515,0.009203884727,75,7.5,26,0
933,2026-09-05T07:31:15.502041+00:00,182236718000000,182236781000000,58.078000000,online_inference,11,0,2089,2088,0.101242732000,0.099708751213,76,7.6,27,0,2657,2659,0.906582645640,0.909650607216,75,7.5,26,1,2613,2607,0.851359337277,0.842155452549,76,7.6,27,1,2611,2603,0.820679721519,0.808407875216,75,7.5,28,2,2073,2072,0.010737865515,0.009203884727,76,7.6,26,0
934,2026-09-05T07:31:15.577553+00:00,182236796000000,182236859000000,58.156000000,online_inference,11,0,2089,2088,0.101242732000,0.099708751213,76,7.6,27,0,2657,2659,0.906582645640,0.909650607216,75,7.5,26,1,2613,2607,0.851359337277,0.842155452549,76,7.6,27,1,2611,2603,0.820679721519,0.808407875216,75,7.5,28,2,2073,2072,0.010737865515,0.009203884727,75,7.5,26,0
935,2026-09-05T07:31:15.661875+00:00,182236875000000,182236937000000,58.234000000,online_inference,11,0,2089,2088,0.101242732000,0.099708751213,76,7.6,27,0,2657,2659,0.906582645640,0.909650607216,75,7.5,26,0,2613,2607,0.851359337277,0.842155452549,76,7.6,27,1,2611,2603,0.820679721519,0.808407875216,75,7.5,28,1,2073,2072,0.010737865515,0.009203884727,76,7.6,26,0
936,2026-09-05T07:31:15.737995+00:00,182236953000000,182237015000000,58.312000000,online_inference,11,0,2089,2088,0.101242732000,0.099708751213,76,7.6,27,0,2657,2659,0.906582645640,0.909650607216,75,7.5,26,1,2613,2607,0.851359337277,0.842155452549,76,7.6,27,1,2611,2603,0.820679721519,0.808407875216,75,7.5,28,1,2073,2072,0.010737865515,0.009203884727,75,7.5,26,0
937,2026-09-05T07:31:15.850062+00:00,182237046000000,182237125000000,58.422000000,online_inference,11,0,2089,2088,0.101242732000,0.099708751213,76,7.6,27,0,2657,2659,0.906582645640,0.909650607216,75,7.5,26,1,2613,2607,0.851359337277,0.842155452549,76,7.6,27,1,2611,2603,0.820679721519,0.808407875216,75,7.5,28,2,2073,2072,0.010737865515,0.009203884727,76,7.6,26,0
938,2026-09-05T07:31:15.920248+00:00,182237140000000,182237187000000,58.484000000,online_inference,11,0,2089,2088,0.101242732000,0.099708751213,76,7.6,27,0,2657,2659,0.906582645640,0.909650607216,75,7.5,26,1,2613,2607,0.851359337277,0.842155452549,76,7.6,27,1,2611,2603,0.820679721519,0.808407875216,75,7.5,28,1,2073,2072,0.010737865515,0.009203884727,76,7.6,26,0
939,2026-09-05T07:31:16.002163+00:00,182237218000000,182237281000000,58.578000000,online_inference,11,0,2089,2088,0.101242732000,0.099708751213,76,7.6,27,0,2657,2659,0.906582645640,0.909650607216,75,7.5,26,0,2613,2607,0.851359337277,0.842155452549,76,7.6,27,1,2611,2603,0.820679721519,0.808407875216,75,7.5,28,2,2073,2072,0.010737865515,0.009203884727,75,7.5,26,0
940,2026-09-05T07:31:16.084410+00:00,182237296000000,182237359000000,58.656000000,online_inference,11,0,2089,2088,0.101242732000,0.099708751213,76,7.6,27,0,2657,2659,0.906582645640,0.909650607216,75,7.5,26,1,2613,2607,0.851359337277,0.842155452549,76,7.6,27,1,2611,2603,0.820679721519,0.808407875216,75,7.5,28,2,2073,2072,0.010737865515,0.009203884727,75,7.5,26,0
941,2026-09-05T07:31:16.163571+00:00,182237375000000,182237437000000,58.734000000,online_inference,11,0,2089,2088,0.101242732000,0.099708751213,76,7.6,27,0,2657,2659,0.906582645640,0.909650607216,75,7.5,26,1,2613,2607,0.851359337277,0.842155452549,76,7.6,27,1,2611,2603,0.820679721519,0.808407875216,75,7.5,28,1,2073,2072,0.010737865515,0.009203884727,76,7.6,26,0
942,2026-09-05T07:31:16.243294+00:00,182237453000000,182237515000000,58.812000000,online_inference,11,0,2089,2088,0.101242732000,0.099708751213,76,7.6,27,0,2657,2659,0.906582645640,0.909650607216,75,7.5,26,1,2613,2607,0.851359337277,0.842155452549,76,7.6,27,1,2611,2603,0.820679721519,0.808407875216,75,7.5,28,2,2073,2072,0.010737865515,0.009203884727,76,7.6,26,0
943,2026-09-05T07:31:16.310913+00:00,182237531000000,182237593000000,58.890000000,online_inference,11,0,2089,2088,0.101242732000,0.099708751213,76,7.6,27,0,2657,2659,0.906582645640,0.909650607216,75,7.5,26,0,2613,2607,0.851359337277,0.842155452549,76,7.6,27,1,2611,2603,0.820679721519,0.808407875216,75,7.5,28,1,2073,2072,0.010737865515,0.009203884727,76,7.6,26,0
944,2026-09-05T07:31:16.429294+00:00,182237640000000,182237703000000,59.000000000,online_inference,11,0,2089,2088,0.101242732000,0.099708751213,76,7.6,27,0,2657,2659,0.906582645640,0.909650607216,75,7.5,26,1,2613,2607,0.851359337277,0.842155452549,76,7.6,27,1,2611,2603,0.820679721519,0.808407875216,75,7.5,28,1,2073,2072,0.010737865515,0.009203884727,75,7.5,26,0
945,2026-09-05T07:31:16.512745+00:00,182237718000000,182237781000000,59.078000000,online_inference,11,0,2089,2088,0.101242732000,0.099708751213,76,7.6,27,0,2657,2659,0.906582645640,0.909650607216,75,7.5,26,1,2613,2607,0.851359337277,0.842155452549,76,7.6,27,1,2611,2603,0.820679721519,0.808407875216,75,7.5,28,2,2073,2072,0.010737865515,0.009203884727,76,7.6,26,0
946,2026-09-05T07:31:16.593300+00:00,182237796000000,182237875000000,59.172000000,online_inference,11,0,2089,2088,0.101242732000,0.099708751213,76,7.6,27,0,2657,2659,0.906582645640,0.909650607216,75,7.5,26,1,2613,2607,0.851359337277,0.842155452549,76,7.6,27,1,2611,2603,0.820679721519,0.808407875216,75,7.5,28,2,2073,2072,0.010737865515,0.009203884727,75,7.5,26,0
947,2026-09-05T07:31:16.685113+00:00,182237890000000,182237953000000,59.250000000,online_inference,11,0,2089,2088,0.101242732000,0.099708751213,76,7.6,27,0,2657,2659,0.906582645640,0.909650607216,75,7.5,26,1,2613,2607,0.851359337277,0.842155452549,76,7.6,27,1,2611,2603,0.820679721519,0.808407875216,75,7.5,28,1,2073,2072,0.010737865515,0.009203884727,76,7.6,26,0
948,2026-09-05T07:31:16.766445+00:00,182237968000000,182238046000000,59.343000000,online_inference,11,0,2089,2088,0.101242732000,0.099708751213,76,7.6,27,0,2657,2659,0.906582645640,0.909650607216,75,7.5,26,0,2613,2607,0.851359337277,0.842155452549,76,7.6,27,0,2611,2603,0.820679721519,0.808407875216,75,7.5,28,2,2073,2072,0.010737865515,0.009203884727,75,7.5,26,0
949,2026-09-05T07:31:16.852214+00:00,182238062000000,182238125000000,59.422000000,online_inference,11,0,2089,2088,0.101242732000,0.099708751213,76,7.6,27,0,2657,2659,0.906582645640,0.909650607216,75,7.5,26,1,2613,2607,0.851359337277,0.842155452549,76,7.6,27,1,2611,2603,0.820679721519,0.808407875216,75,7.5,28,1,2073,2072,0.010737865515,0.009203884727,76,7.6,26,1
950,2026-09-05T07:31:16.987990+00:00,182238171000000,182238265000000,59.562000000,online_inference,11,0,2089,2088,0.101242732000,0.099708751213,76,7.6,27,0,2657,2659,0.906582645640,0.909650607216,75,7.5,26,1,2613,2607,0.851359337277,0.842155452549,76,7.6,27,0,2611,2603,0.820679721519,0.808407875216,75,7.5,28,1,2073,2072,0.010737865515,0.009203884727,75,7.5,26,0
951,2026-09-05T07:31:17.074472+00:00,182238281000000,182238343000000,59.640000000,online_inference,11,0,2089,2088,0.101242732000,0.099708751213,76,7.6,27,0,2657,2659,0.906582645640,0.909650607216,75,7.5,26,1,2613,2607,0.851359337277,0.842155452549,76,7.6,27,1,2611,2603,0.820679721519,0.808407875216,75,7.5,28,1,2073,2072,0.010737865515,0.009203884727,76,7.6,26,0
952,2026-09-05T07:31:17.152149+00:00,182238359000000,182238421000000,59.718000000,online_inference,11,0,2089,2088,0.101242732000,0.099708751213,76,7.6,27,0,2657,2659,0.906582645640,0.909650607216,75,7.5,26,1,2613,2607,0.851359337277,0.842155452549,76,7.6,27,1,2611,2603,0.820679721519,0.808407875216,75,7.5,28,1,2073,2072,0.010737865515,0.009203884727,75,7.5,26,0
953,2026-09-05T07:31:17.217605+00:00,182238437000000,182238500000000,59.797000000,online_inference,11,0,2089,2088,0.101242732000,0.099708751213,76,7.6,27,0,2657,2659,0.906582645640,0.909650607216,75,7.5,26,1,2613,2607,0.851359337277,0.842155452549,76,7.6,27,1,2611,2603,0.820679721519,0.808407875216,75,7.5,28,1,2073,2072,0.010737865515,0.009203884727,76,7.6,26,0
954,2026-09-05T07:31:17.297249+00:00,182238515000000,182238578000000,59.875000000,online_inference,11,0,2089,2088,0.101242732000,0.099708751213,76,7.6,27,0,2657,2659,0.906582645640,0.909650607216,75,7.5,26,0,2613,2607,0.851359337277,0.842155452549,76,7.6,27,1,2611,2603,0.820679721519,0.808407875216,75,7.5,28,1,2073,2072,0.010737865515,0.009203884727,76,7.6,26,0
955,2026-09-05T07:31:17.384152+00:00,182238593000000,182238656000000,59.953000000,online_inference,11,0,2089,2088,0.101242732000,0.099708751213,76,7.6,27,0,2657,2659,0.906582645640,0.909650607216,75,7.5,26,1,2613,2607,0.851359337277,0.842155452549,76,7.6,27,1,2611,2603,0.820679721519,0.808407875216,75,7.5,28,1,2073,2072,0.010737865515,0.009203884727,76,7.6,26,0
956,2026-09-05T07:31:17.511038+00:00,182238703000000,182238781000000,60.078000000,online_inference,11,0,2089,2088,0.101242732000,0.099708751213,76,7.6,27,0,2657,2659,0.906582645640,0.909650607216,75,7.5,26,1,2613,2607,0.851359337277,0.842155452549,76,7.6,27,1,2611,2603,0.820679721519,0.808407875216,75,7.5,28,1,2073,2072,0.010737865515,0.009203884727,75,7.5,26,0
957,2026-09-05T07:31:17.575825+00:00,182238796000000,182238843000000,60.140000000,online_inference,11,0,2089,2088,0.101242732000,0.099708751213,76,7.6,27,0,2657,2659,0.906582645640,0.909650607216,75,7.5,26,1,2613,2607,0.851359337277,0.842155452549,76,7.6,27,1,2611,2603,0.820679721519,0.808407875216,75,7.5,28,2,2073,2072,0.010737865515,0.009203884727,75,7.5,26,0
958,2026-09-05T07:31:17.652608+00:00,182238859000000,182238921000000,60.218000000,online_inference,11,0,2089,2088,0.101242732000,0.099708751213,76,7.6,27,0,2657,2659,0.906582645640,0.909650607216,75,7.5,26,1,2613,2607,0.851359337277,0.842155452549,76,7.6,27,1,2611,2603,0.820679721519,0.808407875216,75,7.5,28,1,2073,2072,0.010737865515,0.009203884727,76,7.6,26,0
959,2026-09-05T07:31:17.719123+00:00,182238937000000,182239000000000,60.297000000,online_inference,11,0,2089,2088,0.101242732000,0.099708751213,76,7.6,27,0,2657,2659,0.906582645640,0.909650607216,75,7.5,26,1,2613,2607,0.851359337277,0.842155452549,76,7.6,27,1,2611,2603,0.820679721519,0.808407875216,75,7.5,28,1,2073,2072,0.010737865515,0.009203884727,75,7.5,26,0
960,2026-09-05T07:31:17.794610+00:00,182239015000000,182239062000000,60.359000000,online_inference,11,0,2089,2088,0.101242732000,0.099708751213,76,7.6,27,0,2657,2659,0.906582645640,0.909650607216,75,7.5,26,0,2613,2607,0.851359337277,0.842155452549,76,7.6,27,1,2611,2603,0.820679721519,0.808407875216,75,7.5,28,1,2073,2072,0.010737865515,0.009203884727,75,7.5,26,0
961,2026-09-05T07:31:17.861840+00:00,182239078000000,182239140000000,60.437000000,online_inference,11,0,2089,2088,0.101242732000,0.099708751213,76,7.6,27,0,2657,2659,0.906582645640,0.909650607216,75,7.5,26,1,2613,2607,0.851359337277,0.842155452549,76,7.6,27,1,2611,2603,0.820679721519,0.808407875216,75,7.5,28,1,2073,2072,0.010737865515,0.009203884727,76,7.6,26,0
962,2026-09-05T07:31:17.942041+00:00,182239156000000,182239218000000,60.515000000,online_inference,11,0,2089,2088,0.101242732000,0.099708751213,76,7.6,27,0,2657,2659,0.906582645640,0.909650607216,75,7.5,26,1,2613,2607,0.851359337277,0.842155452549,76,7.6,27,1,2611,2603,0.820679721519,0.808407875216,75,7.5,28,2,2073,2072,0.010737865515,0.009203884727,76,7.6,26,0
963,2026-09-05T07:31:18.038367+00:00,182239250000000,182239312000000,60.609000000,online_inference,11,0,2089,2088,0.101242732000,0.099708751213,76,7.6,27,0,2657,2659,0.906582645640,0.909650607216,75,7.5,26,0,2613,2607,0.851359337277,0.842155452549,76,7.6,27,1,2611,2603,0.820679721519,0.808407875216,75,7.5,28,1,2073,2072,0.010737865515,0.009203884727,75,7.5,26,0
964,2026-09-05T07:31:18.119693+00:00,182239328000000,182239390000000,60.687000000,online_inference,11,0,2089,2088,0.101242732000,0.099708751213,76,7.6,27,0,2657,2659,0.906582645640,0.909650607216,75,7.5,26,1,2613,2607,0.851359337277,0.842155452549,76,7.6,27,1,2611,2603,0.820679721519,0.808407875216,75,7.5,28,1,2073,2072,0.010737865515,0.009203884727,75,7.5,26,0
965,2026-09-05T07:31:18.190049+00:00,182239406000000,182239468000000,60.765000000,online_inference,11,0,2089,2088,0.101242732000,0.099708751213,76,7.6,27,0,2657,2659,0.906582645640,0.909650607216,75,7.5,26,0,2613,2607,0.851359337277,0.842155452549,76,7.6,27,1,2611,2603,0.820679721519,0.808407875216,75,7.5,28,2,2073,2072,0.010737865515,0.009203884727,75,7.5,26,0
966,2026-09-05T07:31:18.276650+00:00,182239484000000,182239546000000,60.843000000,online_inference,11,0,2089,2088,0.101242732000,0.099708751213,76,7.6,27,0,2657,2659,0.906582645640,0.909650607216,75,7.5,26,1,2613,2607,0.851359337277,0.842155452549,76,7.6,27,1,2611,2603,0.820679721519,0.808407875216,75,7.5,28,1,2073,2072,0.010737865515,0.009203884727,76,7.6,26,0
967,2026-09-05T07:31:18.338347+00:00,182239562000000,182239609000000,60.906000000,online_inference,11,0,2089,2088,0.101242732000,0.099708751213,76,7.6,27,0,2657,2659,0.906582645640,0.909650607216,75,7.5,26,0,2613,2607,0.851359337277,0.842155452549,76,7.6,27,1,2611,2603,0.820679721519,0.808407875216,75,7.5,28,1,2073,2072,0.010737865515,0.009203884727,75,7.5,26,0
968,2026-09-05T07:31:18.402545+00:00,182239625000000,182239671000000,60.968000000,online_inference,11,0,2089,2088,0.101242732000,0.099708751213,76,7.6,27,0,2657,2659,0.906582645640,0.909650607216,75,7.5,26,0,2613,2607,0.851359337277,0.842155452549,76,7.6,27,0,2611,2603,0.820679721519,0.808407875216,75,7.5,28,1,2073,2072,0.010737865515,0.009203884727,75,7.5,26,0
969,2026-09-05T07:31:18.472548+00:00,182239687000000,182239750000000,61.047000000,online_inference,11,0,2089,2088,0.101242732000,0.099708751213,76,7.6,27,0,2657,2659,0.906582645640,0.909650607216,75,7.5,26,1,2613,2607,0.851359337277,0.842155452549,76,7.6,27,1,2611,2603,0.820679721519,0.808407875216,75,7.5,28,1,2073,2072,0.010737865515,0.009203884727,76,7.6,26,0
970,2026-09-05T07:31:18.565238+00:00,182239781000000,182239843000000,61.140000000,online_inference,11,0,2089,2088,0.101242732000,0.099708751213,76,7.6,27,0,2657,2659,0.906582645640,0.909650607216,75,7.5,26,0,2613,2607,0.851359337277,0.842155452549,76,7.6,27,1,2611,2603,0.820679721519,0.808407875216,75,7.5,28,1,2073,2072,0.010737865515,0.009203884727,76,7.6,26,0
971,2026-09-05T07:31:18.635196+00:00,182239859000000,182239906000000,61.203000000,online_inference,11,0,2089,2088,0.101242732000,0.099708751213,76,7.6,27,0,2657,2659,0.906582645640,0.909650607216,75,7.5,26,1,2613,2607,0.851359337277,0.842155452549,76,7.6,27,1,2611,2603,0.820679721519,0.808407875216,75,7.5,28,1,2073,2072,0.010737865515,0.009203884727,75,7.5,26,0
972,2026-09-05T07:31:18.702415+00:00,182239921000000,182239984000000,61.281000000,online_inference,11,0,2089,2088,0.101242732000,0.099708751213,76,7.6,27,0,2657,2659,0.906582645640,0.909650607216,75,7.5,26,1,2613,2607,0.851359337277,0.842155452549,76,7.6,27,1,2611,2603,0.820679721519,0.808407875216,75,7.5,28,1,2073,2072,0.010737865515,0.009203884727,75,7.5,26,0
973,2026-09-05T07:31:18.783000+00:00,182240000000000,182240062000000,61.359000000,online_inference,11,0,2089,2088,0.101242732000,0.099708751213,76,7.6,27,0,2657,2659,0.906582645640,0.909650607216,75,7.5,26,1,2613,2607,0.851359337277,0.842155452549,76,7.6,27,1,2611,2603,0.820679721519,0.808407875216,75,7.5,28,1,2073,2072,0.010737865515,0.009203884727,76,7.6,26,0
974,2026-09-05T07:31:18.863722+00:00,182240078000000,182240140000000,61.437000000,online_inference,11,0,2089,2088,0.101242732000,0.099708751213,76,7.6,27,0,2657,2659,0.906582645640,0.909650607216,75,7.5,26,1,2613,2607,0.851359337277,0.842155452549,76,7.6,27,1,2611,2603,0.820679721519,0.808407875216,75,7.5,28,1,2073,2072,0.010737865515,0.009203884727,76,7.6,26,0
975,2026-09-05T07:31:18.949236+00:00,182240156000000,182240218000000,61.515000000,online_inference,11,0,2089,2088,0.101242732000,0.099708751213,76,7.6,27,0,2657,2659,0.906582645640,0.909650607216,75,7.5,26,0,2613,2607,0.851359337277,0.842155452549,76,7.6,27,1,2611,2603,0.820679721519,0.808407875216,75,7.5,28,1,2073,2072,0.010737865515,0.009203884727,76,7.6,26,0
976,2026-09-05T07:31:19.008647+00:00,182240234000000,182240281000000,61.578000000,online_inference,11,0,2089,2088,0.101242732000,0.099708751213,76,7.6,27,0,2657,2659,0.906582645640,0.909650607216,75,7.5,26,1,2613,2607,0.851359337277,0.842155452549,76,7.6,27,2,2611,2603,0.820679721519,0.808407875216,75,7.5,28,2,2073,2072,0.010737865515,0.009203884727,76,7.6,26,0
977,2026-09-05T07:31:19.113330+00:00,182240328000000,182240390000000,61.687000000,online_inference,11,0,2089,2088,0.101242732000,0.099708751213,76,7.6,27,0,2657,2659,0.906582645640,0.909650607216,75,7.5,26,0,2613,2607,0.851359337277,0.842155452549,76,7.6,27,0,2611,2603,0.820679721519,0.808407875216,75,7.5,28,1,2073,2072,0.010737865515,0.009203884727,75,7.5,26,0
978,2026-09-05T07:31:19.191749+00:00,182240406000000,182240468000000,61.765000000,online_inference,11,0,2089,2088,0.101242732000,0.099708751213,76,7.6,27,0,2657,2659,0.906582645640,0.909650607216,75,7.5,26,0,2613,2607,0.851359337277,0.842155452549,76,7.6,27,1,2611,2603,0.820679721519,0.808407875216,75,7.5,28,2,2073,2072,0.010737865515,0.009203884727,76,7.6,26,0
979,2026-09-05T07:31:19.272257+00:00,182240484000000,182240546000000,61.843000000,online_inference,11,0,2089,2088,0.101242732000,0.099708751213,76,7.6,27,0,2657,2659,0.906582645640,0.909650607216,75,7.5,26,1,2613,2607,0.851359337277,0.842155452549,76,7.6,27,1,2611,2603,0.820679721519,0.808407875216,75,7.5,28,1,2073,2072,0.010737865515,0.009203884727,76,7.6,26,0
980,2026-09-05T07:31:19.340006+00:00,182240562000000,182240609000000,61.906000000,online_inference,11,0,2089,2088,0.101242732000,0.099708751213,76,7.6,27,0,2657,2659,0.906582645640,0.909650607216,75,7.5,26,1,2613,2607,0.851359337277,0.842155452549,76,7.6,27,0,2611,2603,0.820679721519,0.808407875216,75,7.5,28,1,2073,2072,0.010737865515,0.009203884727,75,7.5,26,0
981,2026-09-05T07:31:19.411702+00:00,182240625000000,182240687000000,61.984000000,online_inference,11,0,2089,2088,0.101242732000,0.099708751213,76,7.6,27,0,2657,2659,0.906582645640,0.909650607216,75,7.5,26,0,2613,2607,0.851359337277,0.842155452549,76,7.6,27,1,2611,2603,0.820679721519,0.808407875216,75,7.5,28,1,2073,2072,0.010737865515,0.009203884727,76,7.6,26,0
982,2026-09-05T07:31:19.483237+00:00,182240703000000,182240765000000,62.062000000,online_inference,11,0,2089,2088,0.101242732000,0.099708751213,76,7.6,27,0,2657,2659,0.906582645640,0.909650607216,75,7.5,26,1,2613,2607,0.851359337277,0.842155452549,76,7.6,27,1,2611,2603,0.820679721519,0.808407875216,75,7.5,28,2,2073,2072,0.010737865515,0.009203884727,75,7.5,26,0
983,2026-09-05T07:31:19.553802+00:00,182240781000000,182240828000000,62.125000000,online_inference,11,0,2089,2088,0.101242732000,0.099708751213,76,7.6,27,0,2657,2659,0.906582645640,0.909650607216,75,7.5,26,1,2613,2607,0.851359337277,0.842155452549,76,7.6,27,1,2611,2603,0.820679721519,0.808407875216,75,7.5,28,1,2073,2072,0.010737865515,0.009203884727,75,7.5,26,0
984,2026-09-05T07:31:19.672314+00:00,182240875000000,182240953000000,62.250000000,online_inference,11,0,2089,2088,0.101242732000,0.099708751213,76,7.6,27,0,2657,2659,0.906582645640,0.909650607216,75,7.5,26,1,2613,2607,0.851359337277,0.842155452549,76,7.6,27,0,2611,2603,0.820679721519,0.808407875216,75,7.5,28,1,2073,2072,0.010737865515,0.009203884727,76,7.6,26,0
985,2026-09-05T07:31:19.746426+00:00,182240968000000,182241015000000,62.312000000,online_inference,11,0,2089,2088,0.101242732000,0.099708751213,76,7.6,27,0,2657,2659,0.906582645640,0.909650607216,75,7.5,26,1,2613,2607,0.851359337277,0.842155452549,76,7.6,27,1,2611,2603,0.820679721519,0.808407875216,75,7.5,28,1,2073,2072,0.010737865515,0.009203884727,76,7.6,26,0
986,2026-09-05T07:31:19.817101+00:00,182241031000000,182241093000000,62.390000000,online_inference,11,0,2089,2088,0.101242732000,0.099708751213,76,7.6,27,0,2657,2659,0.906582645640,0.909650607216,75,7.5,26,1,2613,2607,0.851359337277,0.842155452549,76,7.6,27,1,2611,2603,0.820679721519,0.808407875216,75,7.5,28,1,2073,2072,0.010737865515,0.009203884727,75,7.5,26,0
987,2026-09-05T07:31:19.895462+00:00,182241109000000,182241171000000,62.468000000,online_inference,11,0,2089,2088,0.101242732000,0.099708751213,76,7.6,27,0,2657,2659,0.906582645640,0.909650607216,75,7.5,26,1,2613,2607,0.851359337277,0.842155452549,76,7.6,27,1,2611,2603,0.820679721519,0.808407875216,75,7.5,28,1,2073,2072,0.010737865515,0.009203884727,75,7.5,26,0
988,2026-09-05T07:31:19.975896+00:00,182241187000000,182241250000000,62.547000000,online_inference,11,0,2089,2088,0.101242732000,0.099708751213,76,7.6,27,0,2657,2659,0.906582645640,0.909650607216,75,7.5,26,1,2613,2607,0.851359337277,0.842155452549,76,7.6,27,1,2611,2603,0.820679721519,0.808407875216,75,7.5,28,1,2073,2072,0.010737865515,0.009203884727,76,7.6,26,0
989,2026-09-05T07:31:20.049366+00:00,182241265000000,182241328000000,62.625000000,online_inference,11,0,2089,2088,0.101242732000,0.099708751213,76,7.6,27,0,2657,2659,0.906582645640,0.909650607216,75,7.5,26,0,2613,2607,0.851359337277,0.842155452549,76,7.6,27,0,2611,2603,0.820679721519,0.808407875216,75,7.5,28,1,2073,2072,0.010737865515,0.009203884727,75,7.5,26,0
990,2026-09-05T07:31:20.121519+00:00,182241343000000,182241390000000,62.687000000,online_inference,11,0,2089,2088,0.101242732000,0.099708751213,76,7.6,27,0,2657,2659,0.906582645640,0.909650607216,75,7.5,26,0,2613,2607,0.851359337277,0.842155452549,76,7.6,27,1,2611,2603,0.820679721519,0.808407875216,75,7.5,28,1,2073,2072,0.010737865515,0.009203884727,76,7.6,26,0
991,2026-09-05T07:31:20.226764+00:00,182241421000000,182241500000000,62.797000000,online_inference,11,0,2089,2088,0.101242732000,0.099708751213,76,7.6,27,0,2657,2659,0.906582645640,0.909650607216,75,7.5,26,0,2613,2607,0.851359337277,0.842155452549,76,7.6,27,1,2611,2603,0.820679721519,0.808407875216,75,7.5,28,1,2073,2072,0.010737865515,0.009203884727,75,7.5,26,0
992,2026-09-05T07:31:20.300158+00:00,182241515000000,182241578000000,62.875000000,online_inference,11,0,2089,2088,0.101242732000,0.099708751213,76,7.6,27,0,2657,2659,0.906582645640,0.909650607216,75,7.5,26,1,2613,2607,0.851359337277,0.842155452549,76,7.6,27,0,2611,2603,0.820679721519,0.808407875216,75,7.5,28,1,2073,2072,0.010737865515,0.009203884727,76,7.6,26,0
993,2026-09-05T07:31:20.382083+00:00,182241593000000,182241656000000,62.953000000,online_inference,11,0,2089,2088,0.101242732000,0.099708751213,76,7.6,27,0,2657,2659,0.906582645640,0.909650607216,75,7.5,26,0,2613,2607,0.851359337277,0.842155452549,76,7.6,27,0,2611,2603,0.820679721519,0.808407875216,75,7.5,28,2,2073,2072,0.010737865515,0.009203884727,75,7.5,26,0
994,2026-09-05T07:31:20.459902+00:00,182241671000000,182241734000000,63.031000000,online_inference,11,0,2089,2088,0.101242732000,0.099708751213,76,7.6,27,0,2657,2659,0.906582645640,0.909650607216,75,7.5,26,0,2613,2607,0.851359337277,0.842155452549,76,7.6,27,1,2611,2603,0.820679721519,0.808407875216,75,7.5,28,1,2073,2072,0.010737865515,0.009203884727,75,7.5,26,0
995,2026-09-05T07:31:20.527981+00:00,182241750000000,182241796000000,63.093000000,online_inference,11,0,2089,2088,0.101242732000,0.099708751213,76,7.6,27,0,2657,2659,0.906582645640,0.909650607216,75,7.5,26,1,2613,2607,0.851359337277,0.842155452549,76,7.6,27,1,2611,2603,0.820679721519,0.808407875216,75,7.5,28,2,2073,2072,0.010737865515,0.009203884727,75,7.5,26,0
996,2026-09-05T07:31:20.596767+00:00,182241812000000,182241875000000,63.172000000,online_inference,11,0,2089,2088,0.101242732000,0.099708751213,76,7.6,27,0,2657,2659,0.906582645640,0.909650607216,75,7.5,26,0,2613,2607,0.851359337277,0.842155452549,76,7.6,27,1,2611,2603,0.820679721519,0.808407875216,75,7.5,28,2,2073,2072,0.010737865515,0.009203884727,75,7.5,26,0
997,2026-09-05T07:31:20.668884+00:00,182241890000000,182241937000000,63.234000000,online_inference,11,0,2089,2088,0.101242732000,0.099708751213,76,7.6,27,0,2657,2659,0.906582645640,0.909650607216,75,7.5,26,0,2613,2607,0.851359337277,0.842155452549,76,7.6,27,1,2611,2603,0.820679721519,0.808407875216,75,7.5,28,1,2073,2072,0.010737865515,0.009203884727,75,7.5,26,0
998,2026-09-05T07:31:20.782137+00:00,182241984000000,182242062000000,63.359000000,online_inference,11,0,2089,2088,0.101242732000,0.099708751213,76,7.6,27,0,2657,2659,0.906582645640,0.909650607216,75,7.5,26,1,2613,2607,0.851359337277,0.842155452549,76,7.6,27,1,2611,2603,0.820679721519,0.808407875216,75,7.5,28,1,2073,2072,0.010737865515,0.009203884727,75,7.5,26,0
999,2026-09-05T07:31:20.858085+00:00,182242078000000,182242140000000,63.437000000,online_inference,11,0,2089,2088,0.101242732000,0.099708751213,76,7.6,27,0,2657,2659,0.906582645640,0.909650607216,75,7.5,26,0,2613,2607,0.851359337277,0.842155452549,76,7.6,27,1,2611,2603,0.820679721519,0.808407875216,75,7.5,28,1,2073,2072,0.010737865515,0.009203884727,76,7.6,26,0
1000,2026-09-05T07:31:20.941645+00:00,182242156000000,182242218000000,63.515000000,online_inference,11,0,2089,2088,0.101242732000,0.099708751213,76,7.6,27,0,2657,2659,0.906582645640,0.909650607216,75,7.5,26,1,2613,2607,0.851359337277,0.842155452549,76,7.6,27,1,2611,2603,0.820679721519,0.808407875216,75,7.5,28,2,2073,2072,0.010737865515,0.009203884727,75,7.5,26,0
1001,2026-09-05T07:31:21.033046+00:00,182242234000000,182242312000000,63.609000000,online_inference,11,0,2089,2088,0.101242732000,0.099708751213,76,7.6,27,0,2657,2659,0.906582645640,0.909650607216,75,7.5,26,0,2613,2607,0.851359337277,0.842155452549,76,7.6,27,1,2611,2603,0.820679721519,0.808407875216,75,7.5,28,0,2073,2072,0.010737865515,0.009203884727,75,7.5,26,0
1002,2026-09-05T07:31:21.095469+00:00,182242328000000,182242375000000,63.672000000,online_inference,11,0,2089,2088,0.101242732000,0.099708751213,76,7.6,27,0,2657,2659,0.906582645640,0.909650607216,75,7.5,26,1,2613,2607,0.851359337277,0.842155452549,76,7.6,27,0,2611,2603,0.820679721519,0.808407875216,75,7.5,28,2,2073,2072,0.010737865515,0.009203884727,75,7.5,26,0
1003,2026-09-05T07:31:21.154036+00:00,182242390000000,182242421000000,63.718000000,online_inference,11,0,2089,2088,0.101242732000,0.099708751213,76,7.6,27,0,2657,2659,0.906582645640,0.909650607216,75,7.5,26,1,2613,2607,0.851359337277,0.842155452549,76,7.6,27,1,2611,2603,0.820679721519,0.808407875216,75,7.5,28,1,2073,2072,0.010737865515,0.009203884727,75,7.5,26,0
1004,2026-09-05T07:31:21.224508+00:00,182242437000000,182242500000000,63.797000000,online_archive,11,0,2089,2088,0.101242732000,0.099708751213,76,7.6,27,0,2657,2659,0.906582645640,0.909650607216,75,7.5,26,0,2613,2607,0.851359337277,0.842155452549,76,7.6,27,1,2611,2603,0.820679721519,0.808407875216,75,7.5,28,1,2073,2072,0.010737865515,0.009203884727,75,7.5,26,0
1005,2026-09-05T07:31:21.312203+00:00,182242531000000,182242593000000,63.890000000,online_archive,11,0,2089,2088,0.101242732000,0.099708751213,76,7.6,27,0,2657,2659,0.906582645640,0.909650607216,75,7.5,26,1,2613,2607,0.851359337277,0.842155452549,76,7.6,27,1,2611,2603,0.820679721519,0.808407875216,75,7.5,28,1,2073,2072,0.010737865515,0.009203884727,75,7.5,26,0
1006,2026-09-05T07:31:21.413191+00:00,182242640000000,182242687000000,63.984000000,fixed_trajectory,11,0,2089,2088,0.101242732000,0.099708751213,76,7.6,27,0,2657,2659,0.906582645640,0.909650607216,75,7.5,26,1,2613,2607,0.851359337277,0.842155452549,76,7.6,27,1,2611,2603,0.820679721519,0.808407875216,75,7.5,28,1,2073,2072,0.010737865515,0.009203884727,76,7.6,26,0
1007,2026-09-05T07:31:21.467869+00:00,182242703000000,182242750000000,64.047000000,fixed_trajectory,11,0,2089,2088,0.101242732000,0.099708751213,76,7.6,27,0,2657,2659,0.906582645640,0.909650607216,75,7.5,26,1,2613,2607,0.851359337277,0.842155452549,76,7.6,27,1,2611,2602,0.820679721519,0.806873894428,75,7.5,28,1,2073,2072,0.010737865515,0.009203884727,75,7.5,26,0
1008,2026-09-05T07:31:21.526211+00:00,182242765000000,182242796000000,64.093000000,fixed_trajectory,11,0,2089,2088,0.101242732000,0.099708751213,76,7.6,27,0,2657,2660,0.906582645640,0.911184588004,75,7.5,26,1,2613,2607,0.851359337277,0.842155452549,76,7.6,27,1,2611,2601,0.820679721519,0.805339913640,75,7.5,28,2,2073,2072,0.010737865515,0.009203884727,75,7.5,26,0
1009,2026-09-05T07:31:21.590736+00:00,182242812000000,182242859000000,64.156000000,fixed_trajectory,11,0,2089,2088,0.101242732000,0.099708751213,76,7.6,27,0,2657,2660,0.906582645640,0.911184588004,75,7.5,26,1,2613,2607,0.851359337277,0.842155452549,76,7.6,27,0,2611,2600,0.820679721519,0.803805932852,75,7.5,28,2,2073,2072,0.010737865515,0.009203884727,75,7.5,26,0
1010,2026-09-05T07:31:21.637012+00:00,182242875000000,182242906000000,64.203000000,online_observation,11,0,2089,2088,0.101242732000,0.099708751213,76,7.6,27,0,2657,2660,0.906582645640,0.911184588004,75,7.5,26,1,2613,2607,0.851359337277,0.842155452549,76,7.6,27,1,2609,2599,0.817611759943,0.802271952064,75,7.5,28,2,2073,2072,0.010737865515,0.009203884727,76,7.6,26,0
1011,2026-09-05T07:31:21.698129+00:00,182242921000000,182242968000000,64.265000000,online_observation,11,0,2089,2088,0.101242732000,0.099708751213,76,7.6,27,0,2657,2660,0.906582645640,0.911184588004,75,7.5,26,1,2613,2607,0.851359337277,0.842155452549,76,7.6,27,1,2608,2599,0.816077779155,0.802271952064,75,7.5,28,1,2073,2072,0.010737865515,0.009203884727,75,7.5,26,0
1012,2026-09-05T07:31:21.748516+00:00,182242984000000,182243031000000,64.328000000,online_observation,11,0,2089,2088,0.101242732000,0.099708751213,76,7.6,27,0,2657,2660,0.906582645640,0.911184588004,75,7.5,26,0,2613,2607,0.851359337277,0.842155452549,76,7.6,27,1,2605,2599,0.811475836792,0.802271952064,75,7.5,28,0,2073,2072,0.010737865515,0.009203884727,76,7.6,26,0
1013,2026-09-05T07:31:21.833397+00:00,182243046000000,182243109000000,64.406000000,online_observation,11,0,2089,2088,0.101242732000,0.099708751213,76,7.6,27,0,2657,2660,0.906582645640,0.911184588004,75,7.5,26,1,2613,2607,0.851359337277,0.842155452549,76,7.6,27,1,2605,2599,0.811475836792,0.802271952064,75,7.5,28,1,2073,2072,0.010737865515,0.009203884727,76,7.6,26,0
1014,2026-09-05T07:31:21.887944+00:00,182243125000000,182243156000000,64.453000000,online_observation,11,0,2089,2088,0.101242732000,0.099708751213,76,7.6,27,0,2657,2660,0.906582645640,0.911184588004,75,7.5,26,0,2613,2607,0.851359337277,0.842155452549,75,7.5,27,1,2605,2599,0.811475836792,0.802271952064,75,7.5,28,1,2073,2072,0.010737865515,0.009203884727,76,7.6,26,0
1015,2026-09-05T07:31:21.944688+00:00,182243171000000,182243218000000,64.515000000,online_observation,11,0,2089,2088,0.101242732000,0.099708751213,76,7.6,27,0,2657,2660,0.906582645640,0.911184588004,75,7.5,26,1,2613,2607,0.851359337277,0.842155452549,76,7.6,27,1,2605,2599,0.811475836792,0.802271952064,75,7.5,28,1,2073,2072,0.010737865515,0.009203884727,75,7.5,26,0
1016,2026-09-05T07:31:22.023391+00:00,182243234000000,182243296000000,64.593000000,online_inference,12,0,2089,2088,0.101242732000,0.099708751213,76,7.6,27,0,2657,2660,0.906582645640,0.911184588004,75,7.5,26,1,2613,2607,0.851359337277,0.842155452549,76,7.6,27,1,2605,2599,0.811475836792,0.802271952064,75,7.5,28,1,2073,2072,0.010737865515,0.009203884727,76,7.6,26,0
1017,2026-09-05T07:31:22.114893+00:00,182243312000000,182243390000000,64.687000000,online_inference,12,0,2089,2088,0.101242732000,0.099708751213,76,7.6,27,0,2657,2660,0.906582645640,0.911184588004,75,7.5,26,1,2613,2607,0.851359337277,0.842155452549,76,7.6,27,1,2605,2599,0.811475836792,0.802271952064,75,7.5,28,1,2073,2072,0.010737865515,0.009203884727,76,7.6,26,0
1018,2026-09-05T07:31:22.205362+00:00,182243406000000,182243484000000,64.781000000,online_inference,12,0,2089,2088,0.101242732000,0.099708751213,76,7.6,27,0,2657,2660,0.906582645640,0.911184588004,75,7.5,26,0,2613,2607,0.851359337277,0.842155452549,76,7.6,27,1,2605,2599,0.811475836792,0.802271952064,75,7.5,28,1,2073,2072,0.010737865515,0.009203884727,75,7.5,26,0
1019,2026-09-05T07:31:22.310644+00:00,182243500000000,182243578000000,64.875000000,online_inference,12,0,2089,2088,0.101242732000,0.099708751213,76,7.6,27,0,2657,2660,0.906582645640,0.911184588004,75,7.5,26,1,2613,2607,0.851359337277,0.842155452549,76,7.6,27,1,2605,2599,0.811475836792,0.802271952064,75,7.5,28,1,2073,2072,0.010737865515,0.009203884727,75,7.5,26,0
1020,2026-09-05T07:31:22.440793+00:00,182243625000000,182243718000000,65.015000000,online_inference,12,0,2089,2088,0.101242732000,0.099708751213,76,7.6,27,0,2657,2660,0.906582645640,0.911184588004,75,7.5,26,1,2613,2607,0.851359337277,0.842155452549,76,7.6,27,1,2605,2599,0.811475836792,0.802271952064,75,7.5,28,1,2073,2072,0.010737865515,0.009203884727,76,7.6,26,0
1021,2026-09-05T07:31:22.536887+00:00,182243734000000,182243812000000,65.109000000,online_inference,12,0,2089,2088,0.101242732000,0.099708751213,76,7.6,27,0,2657,2660,0.906582645640,0.911184588004,75,7.5,26,1,2613,2607,0.851359337277,0.842155452549,76,7.6,27,1,2605,2599,0.811475836792,0.802271952064,75,7.5,28,1,2073,2072,0.010737865515,0.009203884727,76,7.6,26,0
1022,2026-09-05T07:31:22.629065+00:00,182243828000000,182243906000000,65.203000000,online_inference,12,0,2089,2088,0.101242732000,0.099708751213,76,7.6,27,0,2657,2660,0.906582645640,0.911184588004,75,7.5,26,1,2613,2607,0.851359337277,0.842155452549,76,7.6,27,1,2605,2599,0.811475836792,0.802271952064,73,7.3,28,0,2073,2072,0.010737865515,0.009203884727,76,7.6,26,0
1023,2026-09-05T07:31:22.719800+00:00,182243921000000,182244000000000,65.297000000,online_inference,12,0,2089,2088,0.101242732000,0.099708751213,76,7.6,27,0,2657,2660,0.906582645640,0.911184588004,75,7.5,26,1,2613,2607,0.851359337277,0.842155452549,76,7.6,27,1,2605,2599,0.811475836792,0.802271952064,75,7.5,28,1,2073,2072,0.010737865515,0.009203884727,75,7.5,26,0
1024,2026-09-05T07:31:22.815542+00:00,182244015000000,182244093000000,65.390000000,online_inference,12,0,2089,2088,0.101242732000,0.099708751213,76,7.6,27,0,2657,2660,0.906582645640,0.911184588004,75,7.5,26,1,2613,2607,0.851359337277,0.842155452549,76,7.6,27,1,2605,2599,0.811475836792,0.802271952064,75,7.5,28,1,2073,2072,0.010737865515,0.009203884727,75,7.5,26,0
1025,2026-09-05T07:31:22.892743+00:00,182244109000000,182244171000000,65.468000000,online_inference,12,0,2089,2088,0.101242732000,0.099708751213,76,7.6,27,0,2657,2660,0.906582645640,0.911184588004,75,7.5,26,0,2613,2607,0.851359337277,0.842155452549,75,7.5,27,1,2605,2599,0.811475836792,0.802271952064,75,7.5,28,1,2073,2072,0.010737865515,0.009203884727,75,7.5,26,0
1026,2026-09-05T07:31:22.993382+00:00,182244203000000,182244265000000,65.562000000,online_inference,12,0,2089,2088,0.101242732000,0.099708751213,76,7.6,27,0,2657,2660,0.906582645640,0.911184588004,75,7.5,26,1,2613,2607,0.851359337277,0.842155452549,76,7.6,27,1,2605,2599,0.811475836792,0.802271952064,75,7.5,28,1,2073,2072,0.010737865515,0.009203884727,76,7.6,26,0
1027,2026-09-05T07:31:23.069679+00:00,182244281000000,182244343000000,65.640000000,online_inference,12,0,2089,2088,0.101242732000,0.099708751213,76,7.6,27,0,2657,2660,0.906582645640,0.911184588004,75,7.5,26,1,2613,2607,0.851359337277,0.842155452549,76,7.6,27,1,2605,2599,0.811475836792,0.802271952064,75,7.5,28,2,2073,2072,0.010737865515,0.009203884727,76,7.6,26,0
1028,2026-09-05T07:31:23.138093+00:00,182244359000000,182244406000000,65.703000000,online_inference,12,0,2089,2088,0.101242732000,0.099708751213,76,7.6,27,0,2657,2660,0.906582645640,0.911184588004,75,7.5,26,0,2613,2607,0.851359337277,0.842155452549,76,7.6,27,1,2605,2599,0.811475836792,0.802271952064,75,7.5,28,1,2073,2072,0.010737865515,0.009203884727,75,7.5,26,0
1029,2026-09-05T07:31:23.206977+00:00,182244421000000,182244484000000,65.781000000,online_inference,12,0,2089,2088,0.101242732000,0.099708751213,76,7.6,27,0,2657,2660,0.906582645640,0.911184588004,75,7.5,26,1,2613,2607,0.851359337277,0.842155452549,76,7.6,27,1,2605,2599,0.811475836792,0.802271952064,75,7.5,28,1,2073,2072,0.010737865515,0.009203884727,75,7.5,26,0
1030,2026-09-05T07:31:23.281447+00:00,182244500000000,182244562000000,65.859000000,online_inference,12,0,2089,2088,0.101242732000,0.099708751213,76,7.6,27,0,2657,2660,0.906582645640,0.911184588004,75,7.5,26,1,2613,2607,0.851359337277,0.842155452549,76,7.6,27,1,2605,2599,0.811475836792,0.802271952064,75,7.5,28,1,2073,2072,0.010737865515,0.009203884727,76,7.6,26,0
1031,2026-09-05T07:31:23.363848+00:00,182244578000000,182244640000000,65.937000000,online_inference,12,0,2089,2088,0.101242732000,0.099708751213,76,7.6,27,0,2657,2660,0.906582645640,0.911184588004,75,7.5,26,0,2613,2607,0.851359337277,0.842155452549,76,7.6,27,0,2605,2599,0.811475836792,0.802271952064,75,7.5,28,1,2073,2072,0.010737865515,0.009203884727,75,7.5,26,0
1032,2026-09-05T07:31:23.446038+00:00,182244656000000,182244718000000,66.015000000,online_inference,12,0,2089,2088,0.101242732000,0.099708751213,76,7.6,27,0,2657,2660,0.906582645640,0.911184588004,75,7.5,26,0,2613,2607,0.851359337277,0.842155452549,76,7.6,27,1,2605,2599,0.811475836792,0.802271952064,75,7.5,28,1,2073,2072,0.010737865515,0.009203884727,76,7.6,26,0
1033,2026-09-05T07:31:23.535552+00:00,182244750000000,182244812000000,66.109000000,online_inference,12,0,2089,2088,0.101242732000,0.099708751213,76,7.6,27,0,2657,2660,0.906582645640,0.911184588004,75,7.5,26,0,2613,2607,0.851359337277,0.842155452549,76,7.6,27,1,2605,2599,0.811475836792,0.802271952064,75,7.5,28,1,2073,2072,0.010737865515,0.009203884727,76,7.6,26,0
1034,2026-09-05T07:31:23.614107+00:00,182244828000000,182244890000000,66.187000000,online_inference,12,0,2089,2088,0.101242732000,0.099708751213,76,7.6,27,0,2657,2660,0.906582645640,0.911184588004,75,7.5,26,1,2613,2607,0.851359337277,0.842155452549,76,7.6,27,1,2605,2599,0.811475836792,0.802271952064,75,7.5,28,1,2073,2072,0.010737865515,0.009203884727,75,7.5,26,0
1035,2026-09-05T07:31:23.691940+00:00,182244906000000,182244968000000,66.265000000,online_inference,12,0,2089,2088,0.101242732000,0.099708751213,76,7.6,27,0,2657,2660,0.906582645640,0.911184588004,75,7.5,26,1,2613,2607,0.851359337277,0.842155452549,76,7.6,27,1,2605,2599,0.811475836792,0.802271952064,75,7.5,28,1,2073,2072,0.010737865515,0.009203884727,75,7.5,26,0
1036,2026-09-05T07:31:23.773353+00:00,182244984000000,182245046000000,66.343000000,online_inference,12,0,2089,2088,0.101242732000,0.099708751213,76,7.6,27,0,2657,2660,0.906582645640,0.911184588004,75,7.5,26,1,2613,2607,0.851359337277,0.842155452549,76,7.6,27,1,2605,2599,0.811475836792,0.802271952064,75,7.5,28,1,2073,2072,0.010737865515,0.009203884727,75,7.5,26,0
1037,2026-09-05T07:31:23.845837+00:00,182245062000000,182245125000000,66.422000000,online_inference,12,0,2089,2088,0.101242732000,0.099708751213,76,7.6,27,0,2657,2660,0.906582645640,0.911184588004,75,7.5,26,0,2613,2607,0.851359337277,0.842155452549,76,7.6,27,0,2605,2599,0.811475836792,0.802271952064,75,7.5,28,1,2073,2072,0.010737865515,0.009203884727,76,7.6,26,0
1038,2026-09-05T07:31:23.923781+00:00,182245140000000,182245203000000,66.500000000,online_inference,12,0,2089,2088,0.101242732000,0.099708751213,76,7.6,27,0,2657,2660,0.906582645640,0.911184588004,75,7.5,26,1,2613,2607,0.851359337277,0.842155452549,76,7.6,27,1,2605,2599,0.811475836792,0.802271952064,75,7.5,28,1,2073,2072,0.010737865515,0.009203884727,76,7.6,26,0
1039,2026-09-05T07:31:24.011777+00:00,182245218000000,182245281000000,66.578000000,online_inference,12,0,2089,2088,0.101242732000,0.099708751213,76,7.6,27,0,2657,2660,0.906582645640,0.911184588004,75,7.5,26,1,2613,2607,0.851359337277,0.842155452549,76,7.6,27,1,2605,2599,0.811475836792,0.802271952064,75,7.5,28,1,2073,2072,0.010737865515,0.009203884727,75,7.5,26,0
1040,2026-09-05T07:31:24.113300+00:00,182245328000000,182245390000000,66.687000000,online_inference,12,0,2089,2088,0.101242732000,0.099708751213,76,7.6,27,0,2657,2660,0.906582645640,0.911184588004,75,7.5,26,1,2613,2607,0.851359337277,0.842155452549,76,7.6,27,1,2605,2599,0.811475836792,0.802271952064,75,7.5,28,1,2073,2072,0.010737865515,0.009203884727,76,7.6,26,0
1041,2026-09-05T07:31:24.191193+00:00,182245406000000,182245468000000,66.765000000,online_inference,12,0,2089,2088,0.101242732000,0.099708751213,76,7.6,27,0,2657,2660,0.906582645640,0.911184588004,75,7.5,26,1,2613,2607,0.851359337277,0.842155452549,76,7.6,27,1,2605,2599,0.811475836792,0.802271952064,75,7.5,28,1,2073,2072,0.010737865515,0.009203884727,76,7.6,26,0
1042,2026-09-05T07:31:24.273429+00:00,182245484000000,182245546000000,66.843000000,online_inference,12,0,2089,2088,0.101242732000,0.099708751213,76,7.6,27,0,2657,2660,0.906582645640,0.911184588004,75,7.5,26,0,2613,2607,0.851359337277,0.842155452549,76,7.6,27,1,2605,2599,0.811475836792,0.802271952064,75,7.5,28,1,2073,2072,0.010737865515,0.009203884727,75,7.5,26,0
1043,2026-09-05T07:31:24.331364+00:00,182245562000000,182245609000000,66.906000000,online_inference,12,0,2089,2088,0.101242732000,0.099708751213,76,7.6,27,0,2657,2660,0.906582645640,0.911184588004,75,7.5,26,0,2613,2607,0.851359337277,0.842155452549,76,7.6,27,1,2605,2599,0.811475836792,0.802271952064,75,7.5,28,1,2073,2072,0.010737865515,0.009203884727,75,7.5,26,0
1044,2026-09-05T07:31:24.419452+00:00,182245625000000,182245687000000,66.984000000,online_inference,12,0,2089,2088,0.101242732000,0.099708751213,76,7.6,27,0,2657,2660,0.906582645640,0.911184588004,75,7.5,26,1,2613,2607,0.851359337277,0.842155452549,76,7.6,27,1,2605,2599,0.811475836792,0.802271952064,75,7.5,28,1,2073,2072,0.010737865515,0.009203884727,76,7.6,26,0
1045,2026-09-05T07:31:24.479992+00:00,182245703000000,182245750000000,67.047000000,online_inference,12,0,2089,2088,0.101242732000,0.099708751213,76,7.6,27,0,2657,2660,0.906582645640,0.911184588004,75,7.5,26,0,2613,2607,0.851359337277,0.842155452549,76,7.6,27,1,2605,2599,0.811475836792,0.802271952064,75,7.5,28,1,2073,2072,0.010737865515,0.009203884727,75,7.5,26,0
1046,2026-09-05T07:31:24.553455+00:00,182245765000000,182245828000000,67.125000000,online_inference,12,0,2089,2088,0.101242732000,0.099708751213,76,7.6,27,0,2657,2660,0.906582645640,0.911184588004,75,7.5,26,1,2613,2607,0.851359337277,0.842155452549,76,7.6,27,1,2605,2599,0.811475836792,0.802271952064,75,7.5,28,0,2073,2072,0.010737865515,0.009203884727,75,7.5,26,0
1047,2026-09-05T07:31:24.663036+00:00,182245859000000,182245937000000,67.234000000,online_inference,12,0,2089,2088,0.101242732000,0.099708751213,76,7.6,27,0,2657,2660,0.906582645640,0.911184588004,75,7.5,26,1,2613,2607,0.851359337277,0.842155452549,76,7.6,27,1,2605,2599,0.811475836792,0.802271952064,75,7.5,28,1,2073,2072,0.010737865515,0.009203884727,75,7.5,26,0
1048,2026-09-05T07:31:24.734868+00:00,182245953000000,182246015000000,67.312000000,online_inference,12,0,2089,2088,0.101242732000,0.099708751213,76,7.6,27,0,2657,2660,0.906582645640,0.911184588004,75,7.5,26,1,2613,2607,0.851359337277,0.842155452549,76,7.6,27,1,2605,2599,0.811475836792,0.802271952064,75,7.5,28,1,2073,2072,0.010737865515,0.009203884727,75,7.5,26,0
1049,2026-09-05T07:31:24.799714+00:00,182246031000000,182246078000000,67.375000000,online_inference,12,0,2089,2088,0.101242732000,0.099708751213,76,7.6,27,0,2657,2660,0.906582645640,0.911184588004,75,7.5,26,1,2613,2607,0.851359337277,0.842155452549,76,7.6,27,1,2605,2599,0.811475836792,0.802271952064,75,7.5,28,1,2073,2072,0.010737865515,0.009203884727,76,7.6,26,0
1050,2026-09-05T07:31:24.876686+00:00,182246093000000,182246156000000,67.453000000,online_inference,12,0,2089,2088,0.101242732000,0.099708751213,76,7.6,27,0,2657,2660,0.906582645640,0.911184588004,75,7.5,26,1,2613,2607,0.851359337277,0.842155452549,76,7.6,27,1,2605,2599,0.811475836792,0.802271952064,75,7.5,28,1,2073,2072,0.010737865515,0.009203884727,76,7.6,26,0
1051,2026-09-05T07:31:24.961153+00:00,182246171000000,182246234000000,67.531000000,online_inference,12,0,2089,2088,0.101242732000,0.099708751213,76,7.6,27,0,2657,2660,0.906582645640,0.911184588004,75,7.5,26,0,2613,2607,0.851359337277,0.842155452549,76,7.6,27,1,2605,2599,0.811475836792,0.802271952064,75,7.5,28,1,2073,2072,0.010737865515,0.009203884727,75,7.5,26,0
1052,2026-09-05T07:31:25.029759+00:00,182246250000000,182246312000000,67.609000000,online_inference,12,0,2089,2088,0.101242732000,0.099708751213,76,7.6,27,0,2657,2660,0.906582645640,0.911184588004,75,7.5,26,0,2613,2607,0.851359337277,0.842155452549,76,7.6,27,0,2605,2599,0.811475836792,0.802271952064,75,7.5,28,1,2073,2072,0.010737865515,0.009203884727,75,7.5,26,0
1053,2026-09-05T07:31:25.116534+00:00,182246328000000,182246390000000,67.687000000,online_inference,12,0,2089,2088,0.101242732000,0.099708751213,76,7.6,27,0,2657,2660,0.906582645640,0.911184588004,75,7.5,26,0,2613,2607,0.851359337277,0.842155452549,76,7.6,27,1,2605,2599,0.811475836792,0.802271952064,75,7.5,28,1,2073,2072,0.010737865515,0.009203884727,75,7.5,26,0
1054,2026-09-05T07:31:25.229699+00:00,182246421000000,182246500000000,67.797000000,online_inference,12,0,2089,2088,0.101242732000,0.099708751213,76,7.6,27,0,2657,2660,0.906582645640,0.911184588004,75,7.5,26,1,2613,2607,0.851359337277,0.842155452549,76,7.6,27,1,2605,2599,0.811475836792,0.802271952064,75,7.5,28,1,2073,2072,0.010737865515,0.009203884727,75,7.5,26,0
1055,2026-09-05T07:31:25.291471+00:00,182246515000000,182246562000000,67.859000000,online_inference,12,0,2089,2088,0.101242732000,0.099708751213,76,7.6,27,0,2657,2660,0.906582645640,0.911184588004,75,7.5,26,1,2613,2607,0.851359337277,0.842155452549,76,7.6,27,1,2605,2599,0.811475836792,0.802271952064,75,7.5,28,1,2073,2072,0.010737865515,0.009203884727,75,7.5,26,0
1056,2026-09-05T07:31:25.362640+00:00,182246578000000,182246640000000,67.937000000,online_inference,12,0,2089,2088,0.101242732000,0.099708751213,76,7.6,27,0,2657,2660,0.906582645640,0.911184588004,75,7.5,26,1,2613,2607,0.851359337277,0.842155452549,76,7.6,27,0,2605,2599,0.811475836792,0.802271952064,75,7.5,28,1,2073,2072,0.010737865515,0.009203884727,76,7.6,26,0
1057,2026-09-05T07:31:25.441953+00:00,182246656000000,182246718000000,68.015000000,online_inference,12,0,2089,2088,0.101242732000,0.099708751213,76,7.6,27,0,2657,2660,0.906582645640,0.911184588004,75,7.5,26,0,2613,2607,0.851359337277,0.842155452549,76,7.6,27,1,2605,2599,0.811475836792,0.802271952064,75,7.5,28,1,2073,2072,0.010737865515,0.009203884727,76,7.6,26,0
1058,2026-09-05T07:31:25.518225+00:00,182246734000000,182246796000000,68.093000000,online_inference,12,0,2089,2088,0.101242732000,0.099708751213,76,7.6,27,0,2657,2660,0.906582645640,0.911184588004,75,7.5,26,1,2613,2607,0.851359337277,0.842155452549,76,7.6,27,1,2605,2599,0.811475836792,0.802271952064,75,7.5,28,1,2073,2072,0.010737865515,0.009203884727,76,7.6,26,0
1059,2026-09-05T07:31:25.601331+00:00,182246812000000,182246875000000,68.172000000,online_inference,12,0,2089,2088,0.101242732000,0.099708751213,76,7.6,27,0,2657,2660,0.906582645640,0.911184588004,75,7.5,26,1,2613,2607,0.851359337277,0.842155452549,76,7.6,27,0,2605,2599,0.811475836792,0.802271952064,75,7.5,28,1,2073,2072,0.010737865515,0.009203884727,76,7.6,26,0
1060,2026-09-05T07:31:25.672944+00:00,182246890000000,182246953000000,68.250000000,online_inference,12,0,2089,2088,0.101242732000,0.099708751213,76,7.6,27,0,2657,2660,0.906582645640,0.911184588004,75,7.5,26,0,2613,2607,0.851359337277,0.842155452549,76,7.6,27,1,2605,2599,0.811475836792,0.802271952064,75,7.5,28,1,2073,2072,0.010737865515,0.009203884727,76,7.6,26,0
1061,2026-09-05T07:31:25.788462+00:00,182246984000000,182247062000000,68.359000000,online_inference,12,0,2089,2088,0.101242732000,0.099708751213,76,7.6,27,0,2657,2660,0.906582645640,0.911184588004,75,7.5,26,1,2613,2607,0.851359337277,0.842155452549,76,7.6,27,0,2605,2599,0.811475836792,0.802271952064,75,7.5,28,1,2073,2072,0.010737865515,0.009203884727,75,7.5,26,0
1062,2026-09-05T07:31:25.858967+00:00,182247078000000,182247140000000,68.437000000,online_inference,12,0,2089,2088,0.101242732000,0.099708751213,76,7.6,27,0,2657,2660,0.906582645640,0.911184588004,75,7.5,26,0,2613,2607,0.851359337277,0.842155452549,76,7.6,27,1,2605,2599,0.811475836792,0.802271952064,75,7.5,28,0,2073,2072,0.010737865515,0.009203884727,75,7.5,26,0
1063,2026-09-05T07:31:25.928470+00:00,182247156000000,182247203000000,68.500000000,online_inference,12,0,2089,2088,0.101242732000,0.099708751213,76,7.6,27,0,2657,2660,0.906582645640,0.911184588004,75,7.5,26,0,2613,2607,0.851359337277,0.842155452549,76,7.6,27,1,2605,2599,0.811475836792,0.802271952064,75,7.5,28,1,2073,2072,0.010737865515,0.009203884727,76,7.6,26,0
1064,2026-09-05T07:31:26.006578+00:00,182247218000000,182247281000000,68.578000000,online_inference,12,0,2089,2088,0.101242732000,0.099708751213,76,7.6,27,0,2657,2660,0.906582645640,0.911184588004,75,7.5,26,1,2613,2607,0.851359337277,0.842155452549,76,7.6,27,1,2605,2599,0.811475836792,0.802271952064,75,7.5,28,1,2073,2072,0.010737865515,0.009203884727,75,7.5,26,0
1065,2026-09-05T07:31:26.076491+00:00,182247296000000,182247343000000,68.640000000,online_inference,12,0,2089,2088,0.101242732000,0.099708751213,76,7.6,27,0,2657,2660,0.906582645640,0.911184588004,75,7.5,26,1,2613,2607,0.851359337277,0.842155452549,76,7.6,27,1,2605,2599,0.811475836792,0.802271952064,75,7.5,28,1,2073,2072,0.010737865515,0.009203884727,75,7.5,26,0
1066,2026-09-05T07:31:26.158287+00:00,182247375000000,182247437000000,68.734000000,online_inference,12,0,2089,2088,0.101242732000,0.099708751213,76,7.6,27,0,2657,2660,0.906582645640,0.911184588004,75,7.5,26,1,2613,2607,0.851359337277,0.842155452549,76,7.6,27,1,2605,2599,0.811475836792,0.802271952064,75,7.5,28,1,2073,2072,0.010737865515,0.009203884727,75,7.5,26,0
1067,2026-09-05T07:31:26.234686+00:00,182247453000000,182247515000000,68.812000000,online_inference,12,0,2089,2088,0.101242732000,0.099708751213,76,7.6,27,0,2657,2660,0.906582645640,0.911184588004,75,7.5,26,1,2613,2607,0.851359337277,0.842155452549,76,7.6,27,1,2605,2599,0.811475836792,0.802271952064,75,7.5,28,1,2073,2072,0.010737865515,0.009203884727,75,7.5,26,0
1068,2026-09-05T07:31:26.344044+00:00,182247546000000,182247625000000,68.922000000,online_inference,12,0,2089,2088,0.101242732000,0.099708751213,76,7.6,27,0,2657,2660,0.906582645640,0.911184588004,75,7.5,26,0,2613,2607,0.851359337277,0.842155452549,76,7.6,27,1,2605,2599,0.811475836792,0.802271952064,75,7.5,28,1,2073,2072,0.010737865515,0.009203884727,75,7.5,26,0
1069,2026-09-05T07:31:26.408373+00:00,182247640000000,182247687000000,68.984000000,online_inference,12,0,2089,2088,0.101242732000,0.099708751213,76,7.6,27,0,2657,2660,0.906582645640,0.911184588004,75,7.5,26,1,2613,2607,0.851359337277,0.842155452549,76,7.6,27,1,2605,2599,0.811475836792,0.802271952064,75,7.5,28,1,2073,2072,0.010737865515,0.009203884727,75,7.5,26,0
1070,2026-09-05T07:31:26.486106+00:00,182247703000000,182247765000000,69.062000000,online_inference,12,0,2089,2088,0.101242732000,0.099708751213,76,7.6,27,0,2657,2660,0.906582645640,0.911184588004,75,7.5,26,1,2613,2607,0.851359337277,0.842155452549,76,7.6,27,1,2605,2599,0.811475836792,0.802271952064,75,7.5,28,1,2073,2072,0.010737865515,0.009203884727,75,7.5,26,0
1071,2026-09-05T07:31:26.566406+00:00,182247781000000,182247843000000,69.140000000,online_inference,12,0,2089,2088,0.101242732000,0.099708751213,76,7.6,27,0,2657,2660,0.906582645640,0.911184588004,75,7.5,26,1,2613,2607,0.851359337277,0.842155452549,76,7.6,27,1,2605,2599,0.811475836792,0.802271952064,75,7.5,28,1,2073,2072,0.010737865515,0.009203884727,75,7.5,26,0
1072,2026-09-05T07:31:26.639615+00:00,182247859000000,182247921000000,69.218000000,online_inference,12,0,2089,2088,0.101242732000,0.099708751213,76,7.6,27,0,2657,2660,0.906582645640,0.911184588004,75,7.5,26,0,2613,2607,0.851359337277,0.842155452549,76,7.6,27,1,2605,2599,0.811475836792,0.802271952064,75,7.5,28,1,2073,2072,0.010737865515,0.009203884727,76,7.6,26,0
1073,2026-09-05T07:31:26.713500+00:00,182247937000000,182247984000000,69.281000000,online_inference,12,0,2089,2088,0.101242732000,0.099708751213,76,7.6,27,0,2657,2660,0.906582645640,0.911184588004,75,7.5,26,1,2613,2607,0.851359337277,0.842155452549,76,7.6,27,1,2605,2599,0.811475836792,0.802271952064,75,7.5,28,1,2073,2072,0.010737865515,0.009203884727,76,7.6,26,0
1074,2026-09-05T07:31:26.779799+00:00,182248000000000,182248062000000,69.359000000,online_inference,12,0,2089,2088,0.101242732000,0.099708751213,76,7.6,27,0,2657,2660,0.906582645640,0.911184588004,75,7.5,26,1,2613,2607,0.851359337277,0.842155452549,76,7.6,27,1,2605,2599,0.811475836792,0.802271952064,75,7.5,28,1,2073,2072,0.010737865515,0.009203884727,75,7.5,26,0
1075,2026-09-05T07:31:26.902492+00:00,182248109000000,182248171000000,69.468000000,online_inference,12,0,2089,2088,0.101242732000,0.099708751213,76,7.6,27,0,2657,2660,0.906582645640,0.911184588004,75,7.5,26,0,2613,2607,0.851359337277,0.842155452549,76,7.6,27,1,2605,2599,0.811475836792,0.802271952064,75,7.5,28,1,2073,2072,0.010737865515,0.009203884727,76,7.6,26,0
1076,2026-09-05T07:31:26.967064+00:00,182248187000000,182248234000000,69.531000000,online_inference,12,0,2089,2088,0.101242732000,0.099708751213,76,7.6,27,0,2657,2660,0.906582645640,0.911184588004,75,7.5,26,1,2613,2607,0.851359337277,0.842155452549,76,7.6,27,1,2605,2599,0.811475836792,0.802271952064,75,7.5,28,1,2073,2072,0.010737865515,0.009203884727,76,7.6,26,0
1077,2026-09-05T07:31:27.049257+00:00,182248265000000,182248328000000,69.625000000,online_inference,12,0,2089,2088,0.101242732000,0.099708751213,76,7.6,27,0,2657,2660,0.906582645640,0.911184588004,75,7.5,26,1,2613,2607,0.851359337277,0.842155452549,76,7.6,27,0,2605,2599,0.811475836792,0.802271952064,75,7.5,28,1,2073,2072,0.010737865515,0.009203884727,75,7.5,26,0
1078,2026-09-05T07:31:27.137098+00:00,182248343000000,182248406000000,69.703000000,online_inference,12,0,2089,2088,0.101242732000,0.099708751213,76,7.6,27,0,2657,2660,0.906582645640,0.911184588004,75,7.5,26,1,2613,2607,0.851359337277,0.842155452549,76,7.6,27,1,2605,2599,0.811475836792,0.802271952064,75,7.5,28,1,2073,2072,0.010737865515,0.009203884727,75,7.5,26,0
1079,2026-09-05T07:31:27.209037+00:00,182248421000000,182248484000000,69.781000000,online_inference,12,0,2089,2088,0.101242732000,0.099708751213,76,7.6,27,0,2657,2660,0.906582645640,0.911184588004,75,7.5,26,0,2613,2607,0.851359337277,0.842155452549,76,7.6,27,1,2605,2599,0.811475836792,0.802271952064,75,7.5,28,0,2073,2072,0.010737865515,0.009203884727,76,7.6,26,0
1080,2026-09-05T07:31:27.280702+00:00,182248500000000,182248562000000,69.859000000,online_inference,12,0,2089,2088,0.101242732000,0.099708751213,76,7.6,27,0,2657,2660,0.906582645640,0.911184588004,75,7.5,26,0,2613,2607,0.851359337277,0.842155452549,76,7.6,27,1,2605,2599,0.811475836792,0.802271952064,75,7.5,28,1,2073,2072,0.010737865515,0.009203884727,75,7.5,26,0
1081,2026-09-05T07:31:27.373510+00:00,182248578000000,182248656000000,69.953000000,online_inference,12,0,2089,2088,0.101242732000,0.099708751213,76,7.6,27,0,2657,2660,0.906582645640,0.911184588004,75,7.5,26,1,2613,2607,0.851359337277,0.842155452549,76,7.6,27,1,2605,2599,0.811475836792,0.802271952064,75,7.5,28,1,2073,2072,0.010737865515,0.009203884727,75,7.5,26,0
1082,2026-09-05T07:31:27.480585+00:00,182248687000000,182248750000000,70.047000000,online_inference,12,0,2089,2088,0.101242732000,0.099708751213,76,7.6,27,0,2657,2660,0.906582645640,0.911184588004,75,7.5,26,0,2613,2607,0.851359337277,0.842155452549,76,7.6,27,1,2605,2599,0.811475836792,0.802271952064,75,7.5,28,1,2073,2072,0.010737865515,0.009203884727,75,7.5,26,0
1083,2026-09-05T07:31:27.555815+00:00,182248765000000,182248828000000,70.125000000,online_inference,12,0,2089,2088,0.101242732000,0.099708751213,76,7.6,27,0,2657,2660,0.906582645640,0.911184588004,75,7.5,26,1,2613,2607,0.851359337277,0.842155452549,76,7.6,27,1,2605,2599,0.811475836792,0.802271952064,75,7.5,28,0,2073,2072,0.010737865515,0.009203884727,75,7.5,26,0
1084,2026-09-05T07:31:27.616619+00:00,182248843000000,182248890000000,70.187000000,online_inference,12,0,2089,2088,0.101242732000,0.099708751213,76,7.6,27,0,2657,2660,0.906582645640,0.911184588004,75,7.5,26,1,2613,2607,0.851359337277,0.842155452549,76,7.6,27,1,2605,2599,0.811475836792,0.802271952064,75,7.5,28,1,2073,2072,0.010737865515,0.009203884727,75,7.5,26,0
1085,2026-09-05T07:31:27.691571+00:00,182248906000000,182248968000000,70.265000000,online_inference,12,0,2089,2088,0.101242732000,0.099708751213,76,7.6,27,0,2657,2660,0.906582645640,0.911184588004,75,7.5,26,0,2613,2607,0.851359337277,0.842155452549,76,7.6,27,1,2605,2599,0.811475836792,0.802271952064,75,7.5,28,1,2073,2072,0.010737865515,0.009203884727,76,7.6,26,0
1086,2026-09-05T07:31:27.764168+00:00,182248984000000,182249046000000,70.343000000,online_inference,12,0,2089,2088,0.101242732000,0.099708751213,76,7.6,27,0,2657,2660,0.906582645640,0.911184588004,75,7.5,26,1,2613,2607,0.851359337277,0.842155452549,76,7.6,27,1,2605,2599,0.811475836792,0.802271952064,75,7.5,28,1,2073,2072,0.010737865515,0.009203884727,75,7.5,26,0
1087,2026-09-05T07:31:27.850365+00:00,182249062000000,182249125000000,70.422000000,online_inference,12,0,2089,2088,0.101242732000,0.099708751213,76,7.6,27,0,2657,2660,0.906582645640,0.911184588004,75,7.5,26,1,2613,2607,0.851359337277,0.842155452549,76,7.6,27,1,2605,2599,0.811475836792,0.802271952064,75,7.5,28,1,2073,2072,0.010737865515,0.009203884727,75,7.5,26,0
1088,2026-09-05T07:31:27.921295+00:00,182249140000000,182249203000000,70.500000000,online_inference,12,0,2089,2088,0.101242732000,0.099708751213,76,7.6,27,0,2657,2660,0.906582645640,0.911184588004,75,7.5,26,1,2613,2607,0.851359337277,0.842155452549,76,7.6,27,1,2605,2599,0.811475836792,0.802271952064,75,7.5,28,1,2073,2072,0.010737865515,0.009203884727,76,7.6,26,0
1089,2026-09-05T07:31:28.033721+00:00,182249234000000,182249312000000,70.609000000,online_inference,12,0,2089,2088,0.101242732000,0.099708751213,76,7.6,27,0,2657,2660,0.906582645640,0.911184588004,75,7.5,26,0,2613,2607,0.851359337277,0.842155452549,76,7.6,27,1,2605,2599,0.811475836792,0.802271952064,75,7.5,28,1,2073,2072,0.010737865515,0.009203884727,75,7.5,26,0
1090,2026-09-05T07:31:28.115057+00:00,182249328000000,182249390000000,70.687000000,online_inference,12,0,2089,2088,0.101242732000,0.099708751213,76,7.6,27,0,2657,2660,0.906582645640,0.911184588004,75,7.5,26,1,2613,2607,0.851359337277,0.842155452549,76,7.6,27,1,2605,2599,0.811475836792,0.802271952064,75,7.5,28,1,2073,2072,0.010737865515,0.009203884727,75,7.5,26,0
1091,2026-09-05T07:31:28.189822+00:00,182249406000000,182249468000000,70.765000000,online_inference,12,0,2089,2088,0.101242732000,0.099708751213,76,7.6,27,0,2657,2660,0.906582645640,0.911184588004,75,7.5,26,1,2613,2607,0.851359337277,0.842155452549,76,7.6,27,0,2605,2599,0.811475836792,0.802271952064,75,7.5,28,1,2073,2072,0.010737865515,0.009203884727,75,7.5,26,0
1092,2026-09-05T07:31:28.273891+00:00,182249484000000,182249546000000,70.843000000,online_inference,12,0,2089,2088,0.101242732000,0.099708751213,76,7.6,27,0,2657,2660,0.906582645640,0.911184588004,75,7.5,26,0,2613,2607,0.851359337277,0.842155452549,76,7.6,27,1,2605,2599,0.811475836792,0.802271952064,75,7.5,28,1,2073,2072,0.010737865515,0.009203884727,76,7.6,26,0
1093,2026-09-05T07:31:28.339629+00:00,182249562000000,182249609000000,70.906000000,online_inference,12,0,2089,2088,0.101242732000,0.099708751213,76,7.6,27,0,2657,2660,0.906582645640,0.911184588004,75,7.5,26,0,2613,2607,0.851359337277,0.842155452549,76,7.6,27,1,2605,2599,0.811475836792,0.802271952064,75,7.5,28,1,2073,2072,0.010737865515,0.009203884727,76,7.6,26,0
1094,2026-09-05T07:31:28.390883+00:00,182249625000000,182249671000000,70.968000000,online_inference,12,0,2089,2088,0.101242732000,0.099708751213,76,7.6,27,0,2657,2660,0.906582645640,0.911184588004,75,7.5,26,1,2613,2607,0.851359337277,0.842155452549,76,7.6,27,1,2605,2599,0.811475836792,0.802271952064,75,7.5,28,1,2073,2072,0.010737865515,0.009203884727,75,7.5,26,0
1095,2026-09-05T07:31:28.454626+00:00,182249687000000,182249734000000,71.031000000,online_archive,12,0,2089,2088,0.101242732000,0.099708751213,76,7.6,27,0,2657,2660,0.906582645640,0.911184588004,75,7.5,26,1,2613,2607,0.851359337277,0.842155452549,76,7.6,27,1,2605,2599,0.811475836792,0.802271952064,75,7.5,28,1,2073,2072,0.010737865515,0.009203884727,75,7.5,26,0
1096,2026-09-05T07:31:28.532099+00:00,182249750000000,182249812000000,71.109000000,online_archive,12,0,2089,2088,0.101242732000,0.099708751213,76,7.6,27,0,2657,2660,0.906582645640,0.911184588004,75,7.5,26,1,2613,2607,0.851359337277,0.842155452549,76,7.6,27,1,2605,2599,0.811475836792,0.802271952064,75,7.5,28,1,2073,2072,0.010737865515,0.009203884727,76,7.6,26,0
1097,2026-09-05T07:31:28.654280+00:00,182249875000000,182249921000000,71.218000000,fixed_trajectory,12,0,2089,2088,0.101242732000,0.099708751213,76,7.6,27,0,2657,2660,0.906582645640,0.911184588004,75,7.5,26,1,2613,2607,0.851359337277,0.842155452549,76,7.6,27,0,2605,2599,0.811475836792,0.802271952064,75,7.5,28,2,2073,2072,0.010737865515,0.009203884727,75,7.5,26,0
1098,2026-09-05T07:31:28.709338+00:00,182249937000000,182249984000000,71.281000000,fixed_trajectory,12,0,2089,2088,0.101242732000,0.099708751213,76,7.6,27,0,2657,2660,0.906582645640,0.911184588004,75,7.5,26,1,2613,2607,0.851359337277,0.842155452549,76,7.6,27,1,2605,2598,0.811475836792,0.800737971276,75,7.5,28,1,2073,2072,0.010737865515,0.009203884727,76,7.6,26,0
1099,2026-09-05T07:31:28.765036+00:00,182250000000000,182250046000000,71.343000000,fixed_trajectory,12,0,2089,2088,0.101242732000,0.099708751213,76,7.6,27,0,2657,2660,0.906582645640,0.911184588004,75,7.5,26,0,2613,2607,0.851359337277,0.842155452549,76,7.6,27,1,2605,2597,0.811475836792,0.799203990488,75,7.5,28,1,2073,2072,0.010737865515,0.009203884727,76,7.6,26,0
1100,2026-09-05T07:31:28.824593+00:00,182250062000000,182250093000000,71.390000000,fixed_trajectory,12,0,2089,2088,0.101242732000,0.099708751213,76,7.6,27,0,2657,2660,0.906582645640,0.911184588004,75,7.5,26,1,2613,2607,0.851359337277,0.842155452549,76,7.6,27,1,2605,2596,0.811475836792,0.797670009701,75,7.5,28,1,2073,2072,0.010737865515,0.009203884727,75,7.5,26,0
1101,2026-09-05T07:31:28.882332+00:00,182250109000000,182250156000000,71.453000000,fixed_trajectory,12,0,2089,2088,0.101242732000,0.099708751213,76,7.6,27,0,2657,2660,0.906582645640,0.911184588004,75,7.5,26,1,2613,2607,0.851359337277,0.842155452549,76,7.6,27,0,2605,2595,0.811475836792,0.796136028913,75,7.5,28,2,2073,2072,0.010737865515,0.009203884727,76,7.6,26,0
1102,2026-09-05T07:31:28.927226+00:00,182250171000000,182250203000000,71.500000000,fixed_trajectory,12,0,2089,2088,0.101242732000,0.099708751213,76,7.6,27,0,2657,2660,0.906582645640,0.911184588004,75,7.5,26,1,2613,2607,0.851359337277,0.842155452549,76,7.6,27,1,2605,2594,0.811475836792,0.794602048125,75,7.5,28,3,2073,2072,0.010737865515,0.009203884727,75,7.5,26,0
1103,2026-09-05T07:31:28.991329+00:00,182250218000000,182250265000000,71.562000000,online_observation,12,0,2089,2088,0.101242732000,0.099708751213,76,7.6,27,0,2657,2660,0.906582645640,0.911184588004,75,7.5,26,0,2613,2607,0.851359337277,0.842155452549,76,7.6,27,1,2604,2593,0.809941856004,0.793068067337,75,7.5,28,1,2073,2072,0.010737865515,0.009203884727,75,7.5,26,0
1104,2026-09-05T07:31:29.066553+00:00,182250296000000,182250343000000,71.640000000,online_observation,12,0,2089,2088,0.101242732000,0.099708751213,76,7.6,27,0,2657,2660,0.906582645640,0.911184588004,75,7.5,26,0,2613,2607,0.851359337277,0.842155452549,76,7.6,27,0,2600,2593,0.803805932852,0.793068067337,75,7.5,28,1,2073,2072,0.010737865515,0.009203884727,75,7.5,26,0
1105,2026-09-05T07:31:29.131584+00:00,182250359000000,182250406000000,71.703000000,online_observation,12,0,2089,2088,0.101242732000,0.099708751213,76,7.6,27,0,2658,2660,0.908116626428,0.911184588004,75,7.5,26,0,2613,2607,0.851359337277,0.842155452549,76,7.6,27,1,2599,2593,0.802271952064,0.793068067337,75,7.5,28,1,2073,2072,0.010737865515,0.009203884727,76,7.6,26,0
1106,2026-09-05T07:31:29.184962+00:00,182250421000000,182250453000000,71.750000000,online_observation,12,0,2089,2088,0.101242732000,0.099708751213,76,7.6,27,0,2658,2660,0.908116626428,0.911184588004,75,7.5,26,1,2613,2607,0.851359337277,0.842155452549,76,7.6,27,1,2599,2593,0.802271952064,0.793068067337,75,7.5,28,1,2073,2072,0.010737865515,0.009203884727,76,7.6,26,0
1107,2026-09-05T07:31:29.234117+00:00,182250468000000,182250515000000,71.812000000,online_observation,12,0,2089,2088,0.101242732000,0.099708751213,76,7.6,27,0,2660,2660,0.911184588004,0.911184588004,75,7.5,26,0,2613,2607,0.851359337277,0.842155452549,76,7.6,27,0,2599,2593,0.802271952064,0.793068067337,75,7.5,28,0,2073,2072,0.010737865515,0.009203884727,75,7.5,26,0
1108,2026-09-05T07:31:29.290015+00:00,182250531000000,182250562000000,71.859000000,online_observation,12,0,2089,2088,0.101242732000,0.099708751213,76,7.6,27,0,2660,2660,0.911184588004,0.911184588004,75,7.5,26,0,2613,2607,0.851359337277,0.842155452549,76,7.6,27,1,2599,2593,0.802271952064,0.793068067337,75,7.5,28,1,2073,2072,0.010737865515,0.009203884727,75,7.5,26,0
1109,2026-09-05T07:31:29.360476+00:00,182250578000000,182250640000000,71.937000000,online_inference,13,0,2089,2088,0.101242732000,0.099708751213,76,7.6,27,0,2660,2660,0.911184588004,0.911184588004,75,7.5,26,0,2613,2607,0.851359337277,0.842155452549,76,7.6,27,1,2599,2593,0.802271952064,0.793068067337,75,7.5,28,1,2073,2072,0.010737865515,0.009203884727,75,7.5,26,0
1110,2026-09-05T07:31:29.453801+00:00,182250656000000,182250734000000,72.031000000,online_inference,13,0,2089,2088,0.101242732000,0.099708751213,76,7.6,27,0,2660,2660,0.911184588004,0.911184588004,75,7.5,26,0,2613,2607,0.851359337277,0.842155452549,76,7.6,27,1,2599,2593,0.802271952064,0.793068067337,75,7.5,28,1,2073,2072,0.010737865515,0.009203884727,75,7.5,26,0
1111,2026-09-05T07:31:29.548932+00:00,182250750000000,182250828000000,72.125000000,online_inference,13,0,2089,2088,0.101242732000,0.099708751213,76,7.6,27,0,2660,2660,0.911184588004,0.911184588004,75,7.5,26,0,2613,2607,0.851359337277,0.842155452549,76,7.6,27,1,2599,2593,0.802271952064,0.793068067337,75,7.5,28,1,2073,2072,0.010737865515,0.009203884727,75,7.5,26,0
1112,2026-09-05T07:31:29.673991+00:00,182250875000000,182250953000000,72.250000000,online_inference,13,0,2089,2088,0.101242732000,0.099708751213,76,7.6,27,0,2660,2660,0.911184588004,0.911184588004,75,7.5,26,0,2613,2607,0.851359337277,0.842155452549,76,7.6,27,2,2599,2593,0.802271952064,0.793068067337,75,7.5,28,1,2073,2072,0.010737865515,0.009203884727,76,7.6,26,0
1113,2026-09-05T07:31:29.768161+00:00,182250968000000,182251046000000,72.343000000,online_inference,13,0,2089,2088,0.101242732000,0.099708751213,76,7.6,27,0,2660,2660,0.911184588004,0.911184588004,75,7.5,26,0,2613,2607,0.851359337277,0.842155452549,76,7.6,27,0,2599,2593,0.802271952064,0.793068067337,75,7.5,28,1,2073,2072,0.010737865515,0.009203884727,76,7.6,26,0
1114,2026-09-05T07:31:29.854651+00:00,182251062000000,182251125000000,72.422000000,online_inference,13,0,2089,2088,0.101242732000,0.099708751213,76,7.6,27,0,2660,2660,0.911184588004,0.911184588004,75,7.5,26,0,2613,2607,0.851359337277,0.842155452549,76,7.6,27,1,2599,2593,0.802271952064,0.793068067337,75,7.5,28,1,2073,2072,0.010737865515,0.009203884727,76,7.6,26,0
1115,2026-09-05T07:31:29.926782+00:00,182251140000000,182251203000000,72.500000000,online_inference,13,0,2089,2088,0.101242732000,0.099708751213,76,7.6,27,0,2660,2660,0.911184588004,0.911184588004,75,7.5,26,0,2613,2607,0.851359337277,0.842155452549,76,7.6,27,1,2599,2593,0.802271952064,0.793068067337,75,7.5,28,1,2073,2072,0.010737865515,0.009203884727,76,7.6,26,0
1116,2026-09-05T07:31:30.011538+00:00,182251218000000,182251281000000,72.578000000,online_inference,13,0,2089,2088,0.101242732000,0.099708751213,76,7.6,27,0,2660,2660,0.911184588004,0.911184588004,75,7.5,26,0,2613,2607,0.851359337277,0.842155452549,76,7.6,27,1,2599,2593,0.802271952064,0.793068067337,75,7.5,28,1,2073,2072,0.010737865515,0.009203884727,76,7.6,26,0
1117,2026-09-05T07:31:30.061121+00:00,182251296000000,182251343000000,72.640000000,online_inference,13,0,2089,2088,0.101242732000,0.099708751213,76,7.6,27,0,2660,2660,0.911184588004,0.911184588004,75,7.5,26,0,2613,2607,0.851359337277,0.842155452549,76,7.6,27,1,2599,2593,0.802271952064,0.793068067337,75,7.5,28,1,2073,2072,0.010737865515,0.009203884727,76,7.6,26,0
1118,2026-09-05T07:31:30.141767+00:00,182251359000000,182251421000000,72.718000000,online_inference,13,0,2089,2088,0.101242732000,0.099708751213,76,7.6,27,0,2660,2660,0.911184588004,0.911184588004,75,7.5,26,0,2613,2607,0.851359337277,0.842155452549,76,7.6,27,1,2599,2593,0.802271952064,0.793068067337,75,7.5,28,1,2073,2072,0.010737865515,0.009203884727,76,7.6,26,0
1119,2026-09-05T07:31:30.253322+00:00,182251453000000,182251531000000,72.828000000,online_inference,13,0,2089,2088,0.101242732000,0.099708751213,76,7.6,27,0,2660,2660,0.911184588004,0.911184588004,75,7.5,26,0,2613,2607,0.851359337277,0.842155452549,76,7.6,27,1,2599,2593,0.802271952064,0.793068067337,75,7.5,28,1,2073,2072,0.010737865515,0.009203884727,76,7.6,26,0
1120,2026-09-05T07:31:30.321705+00:00,182251546000000,182251593000000,72.890000000,online_inference,13,0,2089,2088,0.101242732000,0.099708751213,76,7.6,27,0,2660,2660,0.911184588004,0.911184588004,75,7.5,26,0,2613,2607,0.851359337277,0.842155452549,76,7.6,27,1,2599,2593,0.802271952064,0.793068067337,75,7.5,28,1,2073,2072,0.010737865515,0.009203884727,76,7.6,26,0
1121,2026-09-05T07:31:30.397557+00:00,182251609000000,182251671000000,72.968000000,online_inference,13,0,2089,2088,0.101242732000,0.099708751213,76,7.6,27,0,2660,2660,0.911184588004,0.911184588004,75,7.5,26,0,2613,2607,0.851359337277,0.842155452549,76,7.6,27,1,2599,2593,0.802271952064,0.793068067337,75,7.5,28,1,2073,2072,0.010737865515,0.009203884727,76,7.6,26,0
1122,2026-09-05T07:31:30.469220+00:00,182251687000000,182251750000000,73.047000000,online_inference,13,0,2089,2088,0.101242732000,0.099708751213,76,7.6,27,0,2660,2660,0.911184588004,0.911184588004,75,7.5,26,0,2613,2607,0.851359337277,0.842155452549,76,7.6,27,2,2599,2593,0.802271952064,0.793068067337,75,7.5,28,2,2073,2072,0.010737865515,0.009203884727,76,7.6,26,1
1123,2026-09-05T07:31:30.537245+00:00,182251765000000,182251812000000,73.109000000,online_inference,13,0,2089,2088,0.101242732000,0.099708751213,76,7.6,27,0,2660,2660,0.911184588004,0.911184588004,75,7.5,26,0,2613,2607,0.851359337277,0.842155452549,76,7.6,27,1,2599,2593,0.802271952064,0.793068067337,75,7.5,28,1,2073,2072,0.010737865515,0.009203884727,76,7.6,26,0
1124,2026-09-05T07:31:30.609055+00:00,182251828000000,182251890000000,73.187000000,online_inference,13,0,2089,2088,0.101242732000,0.099708751213,76,7.6,27,0,2660,2660,0.911184588004,0.911184588004,75,7.5,26,0,2613,2607,0.851359337277,0.842155452549,76,7.6,27,1,2599,2593,0.802271952064,0.793068067337,75,7.5,28,1,2073,2072,0.010737865515,0.009203884727,75,7.5,26,1
1125,2026-09-05T07:31:30.697715+00:00,182251906000000,182251968000000,73.265000000,online_inference,13,0,2089,2088,0.101242732000,0.099708751213,76,7.6,27,0,2660,2660,0.911184588004,0.911184588004,75,7.5,26,0,2613,2607,0.851359337277,0.842155452549,76,7.6,27,1,2599,2593,0.802271952064,0.793068067337,75,7.5,28,1,2073,2072,0.010737865515,0.009203884727,75,7.5,26,0
1126,2026-09-05T07:31:30.805085+00:00,182252015000000,182252078000000,73.375000000,online_inference,13,0,2089,2088,0.101242732000,0.099708751213,76,7.6,27,0,2660,2660,0.911184588004,0.911184588004,75,7.5,26,0,2613,2607,0.851359337277,0.842155452549,76,7.6,27,1,2599,2593,0.802271952064,0.793068067337,75,7.5,28,1,2073,2072,0.010737865515,0.009203884727,75,7.5,26,0
1127,2026-09-05T07:31:30.890149+00:00,182252093000000,182252171000000,73.468000000,online_inference,13,0,2089,2088,0.101242732000,0.099708751213,76,7.6,27,0,2660,2660,0.911184588004,0.911184588004,75,7.5,26,0,2613,2607,0.851359337277,0.842155452549,76,7.6,27,1,2599,2593,0.802271952064,0.793068067337,75,7.5,28,1,2073,2072,0.010737865515,0.009203884727,76,7.6,26,0
1128,2026-09-05T07:31:30.982305+00:00,182252187000000,182252250000000,73.547000000,online_inference,13,0,2089,2088,0.101242732000,0.099708751213,76,7.6,27,0,2660,2660,0.911184588004,0.911184588004,75,7.5,26,0,2613,2607,0.851359337277,0.842155452549,76,7.6,27,1,2599,2593,0.802271952064,0.793068067337,75,7.5,28,1,2073,2072,0.010737865515,0.009203884727,75,7.5,26,0
1129,2026-09-05T07:31:31.054510+00:00,182252265000000,182252328000000,73.625000000,online_inference,13,0,2089,2088,0.101242732000,0.099708751213,76,7.6,27,0,2660,2660,0.911184588004,0.911184588004,75,7.5,26,0,2613,2607,0.851359337277,0.842155452549,76,7.6,27,1,2599,2593,0.802271952064,0.793068067337,75,7.5,28,1,2073,2072,0.010737865515,0.009203884727,76,7.6,26,0
1130,2026-09-05T07:31:31.127864+00:00,182252343000000,182252406000000,73.703000000,online_inference,13,0,2089,2088,0.101242732000,0.099708751213,76,7.6,27,0,2660,2660,0.911184588004,0.911184588004,75,7.5,26,0,2613,2607,0.851359337277,0.842155452549,76,7.6,27,1,2599,2593,0.802271952064,0.793068067337,75,7.5,28,1,2073,2072,0.010737865515,0.009203884727,75,7.5,26,0
1131,2026-09-05T07:31:31.209841+00:00,182252421000000,182252484000000,73.781000000,online_inference,13,0,2089,2088,0.101242732000,0.099708751213,76,7.6,27,0,2660,2660,0.911184588004,0.911184588004,75,7.5,26,0,2613,2607,0.851359337277,0.842155452549,76,7.6,27,1,2599,2593,0.802271952064,0.793068067337,75,7.5,28,1,2073,2072,0.010737865515,0.009203884727,75,7.5,26,0
1132,2026-09-05T07:31:31.284583+00:00,182252500000000,182252562000000,73.859000000,online_inference,13,0,2089,2088,0.101242732000,0.099708751213,76,7.6,27,1,2660,2660,0.911184588004,0.911184588004,75,7.5,26,0,2613,2607,0.851359337277,0.842155452549,76,7.6,27,1,2599,2593,0.802271952064,0.793068067337,75,7.5,28,1,2073,2072,0.010737865515,0.009203884727,76,7.6,26,0
1133,2026-09-05T07:31:31.405448+00:00,182252609000000,182252687000000,73.984000000,online_inference,13,0,2089,2088,0.101242732000,0.099708751213,76,7.6,27,0,2660,2660,0.911184588004,0.911184588004,75,7.5,26,0,2613,2607,0.851359337277,0.842155452549,76,7.6,27,1,2599,2593,0.802271952064,0.793068067337,75,7.5,28,1,2073,2072,0.010737865515,0.009203884727,76,7.6,26,0
1134,2026-09-05T07:31:31.487525+00:00,182252703000000,182252765000000,74.062000000,online_inference,13,0,2089,2088,0.101242732000,0.099708751213,76,7.6,27,0,2660,2660,0.911184588004,0.911184588004,75,7.5,26,0,2613,2607,0.851359337277,0.842155452549,76,7.6,27,1,2599,2593,0.802271952064,0.793068067337,75,7.5,28,1,2073,2072,0.010737865515,0.009203884727,75,7.5,26,0
1135,2026-09-05T07:31:31.559142+00:00,182252781000000,182252828000000,74.125000000,online_inference,13,0,2089,2088,0.101242732000,0.099708751213,76,7.6,27,0,2660,2660,0.911184588004,0.911184588004,75,7.5,26,0,2613,2607,0.851359337277,0.842155452549,76,7.6,27,1,2599,2593,0.802271952064,0.793068067337,75,7.5,28,1,2073,2072,0.010737865515,0.009203884727,75,7.5,26,0
1136,2026-09-05T07:31:31.622409+00:00,182252843000000,182252890000000,74.187000000,online_inference,13,0,2089,2088,0.101242732000,0.099708751213,76,7.6,27,0,2660,2660,0.911184588004,0.911184588004,75,7.5,26,0,2613,2607,0.851359337277,0.842155452549,76,7.6,27,1,2599,2593,0.802271952064,0.793068067337,75,7.5,28,1,2073,2072,0.010737865515,0.009203884727,75,7.5,26,0
1137,2026-09-05T07:31:31.691963+00:00,182252906000000,182252968000000,74.265000000,online_inference,13,0,2089,2088,0.101242732000,0.099708751213,76,7.6,27,0,2660,2660,0.911184588004,0.911184588004,75,7.5,26,0,2613,2607,0.851359337277,0.842155452549,76,7.6,27,1,2599,2593,0.802271952064,0.793068067337,75,7.5,28,1,2073,2072,0.010737865515,0.009203884727,76,7.6,26,0
1138,2026-09-05T07:31:31.766861+00:00,182252984000000,182253046000000,74.343000000,online_inference,13,0,2089,2088,0.101242732000,0.099708751213,76,7.6,27,0,2660,2660,0.911184588004,0.911184588004,75,7.5,26,0,2613,2607,0.851359337277,0.842155452549,76,7.6,27,1,2599,2593,0.802271952064,0.793068067337,75,7.5,28,1,2073,2072,0.010737865515,0.009203884727,76,7.6,26,0
1139,2026-09-05T07:31:31.842953+00:00,182253062000000,182253125000000,74.422000000,online_inference,13,0,2089,2088,0.101242732000,0.099708751213,76,7.6,27,0,2660,2660,0.911184588004,0.911184588004,75,7.5,26,1,2613,2607,0.851359337277,0.842155452549,76,7.6,27,1,2599,2593,0.802271952064,0.793068067337,75,7.5,28,1,2073,2072,0.010737865515,0.009203884727,76,7.6,26,0
1140,2026-09-05T07:31:31.947881+00:00,182253156000000,182253218000000,74.515000000,online_inference,13,0,2089,2088,0.101242732000,0.099708751213,76,7.6,27,0,2660,2660,0.911184588004,0.911184588004,75,7.5,26,0,2613,2607,0.851359337277,0.842155452549,76,7.6,27,1,2599,2593,0.802271952064,0.793068067337,75,7.5,28,0,2073,2072,0.010737865515,0.009203884727,76,7.6,26,0
1141,2026-09-05T07:31:32.008097+00:00,182253234000000,182253281000000,74.578000000,online_inference,13,0,2089,2088,0.101242732000,0.099708751213,76,7.6,27,0,2660,2660,0.911184588004,0.911184588004,75,7.5,26,0,2613,2607,0.851359337277,0.842155452549,76,7.6,27,1,2599,2593,0.802271952064,0.793068067337,75,7.5,28,1,2073,2072,0.010737865515,0.009203884727,76,7.6,26,0
1142,2026-09-05T07:31:32.085050+00:00,182253296000000,182253359000000,74.656000000,online_inference,13,0,2089,2088,0.101242732000,0.099708751213,76,7.6,27,0,2660,2660,0.911184588004,0.911184588004,75,7.5,26,0,2613,2607,0.851359337277,0.842155452549,76,7.6,27,1,2599,2593,0.802271952064,0.793068067337,75,7.5,28,1,2073,2072,0.010737865515,0.009203884727,76,7.6,26,0
1143,2026-09-05T07:31:32.161489+00:00,182253375000000,182253437000000,74.734000000,online_inference,13,0,2089,2088,0.101242732000,0.099708751213,76,7.6,27,0,2660,2660,0.911184588004,0.911184588004,75,7.5,26,0,2613,2607,0.851359337277,0.842155452549,76,7.6,27,1,2599,2593,0.802271952064,0.793068067337,75,7.5,28,1,2073,2072,0.010737865515,0.009203884727,75,7.5,26,0
1144,2026-09-05T07:31:32.240070+00:00,182253453000000,182253515000000,74.812000000,online_inference,13,0,2089,2088,0.101242732000,0.099708751213,76,7.6,27,0,2660,2660,0.911184588004,0.911184588004,75,7.5,26,0,2613,2607,0.851359337277,0.842155452549,76,7.6,27,1,2599,2593,0.802271952064,0.793068067337,75,7.5,28,1,2073,2072,0.010737865515,0.009203884727,76,7.6,26,0
1145,2026-09-05T07:31:32.335500+00:00,182253531000000,182253609000000,74.906000000,online_inference,13,0,2089,2088,0.101242732000,0.099708751213,76,7.6,27,0,2660,2660,0.911184588004,0.911184588004,75,7.5,26,0,2613,2607,0.851359337277,0.842155452549,76,7.6,27,1,2599,2593,0.802271952064,0.793068067337,75,7.5,28,1,2073,2072,0.010737865515,0.009203884727,76,7.6,26,0
1146,2026-09-05T07:31:32.421371+00:00,182253625000000,182253703000000,75.000000000,online_inference,13,0,2089,2088,0.101242732000,0.099708751213,76,7.6,27,0,2660,2660,0.911184588004,0.911184588004,75,7.5,26,0,2613,2607,0.851359337277,0.842155452549,76,7.6,27,1,2599,2593,0.802271952064,0.793068067337,75,7.5,28,1,2073,2072,0.010737865515,0.009203884727,75,7.5,26,0
1147,2026-09-05T07:31:32.558424+00:00,182253750000000,182253828000000,75.125000000,online_inference,13,0,2089,2088,0.101242732000,0.099708751213,76,7.6,27,0,2660,2660,0.911184588004,0.911184588004,75,7.5,26,0,2613,2607,0.851359337277,0.842155452549,76,7.6,27,1,2599,2593,0.802271952064,0.793068067337,75,7.5,28,1,2073,2072,0.010737865515,0.009203884727,76,7.6,26,0
1148,2026-09-05T07:31:32.640474+00:00,182253843000000,182253921000000,75.218000000,online_inference,13,0,2089,2088,0.101242732000,0.099708751213,76,7.6,27,0,2660,2660,0.911184588004,0.911184588004,75,7.5,26,0,2613,2607,0.851359337277,0.842155452549,76,7.6,27,1,2599,2593,0.802271952064,0.793068067337,75,7.5,28,1,2073,2072,0.010737865515,0.009203884727,76,7.6,26,0
1149,2026-09-05T07:31:32.702692+00:00,182253937000000,182253984000000,75.281000000,online_inference,13,0,2089,2088,0.101242732000,0.099708751213,76,7.6,27,0,2660,2660,0.911184588004,0.911184588004,75,7.5,26,0,2613,2607,0.851359337277,0.842155452549,75,7.5,27,1,2599,2593,0.802271952064,0.793068067337,75,7.5,28,1,2073,2072,0.010737865515,0.009203884727,76,7.6,26,0
1150,2026-09-05T07:31:32.792740+00:00,182254000000000,182254062000000,75.359000000,online_inference,13,0,2089,2088,0.101242732000,0.099708751213,76,7.6,27,0,2660,2660,0.911184588004,0.911184588004,75,7.5,26,0,2613,2607,0.851359337277,0.842155452549,76,7.6,27,1,2599,2593,0.802271952064,0.793068067337,75,7.5,28,1,2073,2072,0.010737865515,0.009203884727,76,7.6,26,0
1151,2026-09-05T07:31:32.854630+00:00,182254078000000,182254125000000,75.422000000,online_inference,13,0,2089,2088,0.101242732000,0.099708751213,76,7.6,27,0,2660,2660,0.911184588004,0.911184588004,75,7.5,26,0,2613,2607,0.851359337277,0.842155452549,76,7.6,27,1,2599,2593,0.802271952064,0.793068067337,75,7.5,28,1,2073,2072,0.010737865515,0.009203884727,75,7.5,26,0
1152,2026-09-05T07:31:32.932914+00:00,182254140000000,182254203000000,75.500000000,online_inference,13,0,2089,2088,0.101242732000,0.099708751213,76,7.6,27,0,2660,2660,0.911184588004,0.911184588004,75,7.5,26,0,2613,2607,0.851359337277,0.842155452549,76,7.6,27,1,2599,2593,0.802271952064,0.793068067337,75,7.5,28,1,2073,2072,0.010737865515,0.009203884727,75,7.5,26,0
1153,2026-09-05T07:31:32.996256+00:00,182254218000000,182254265000000,75.562000000,online_inference,13,0,2089,2088,0.101242732000,0.099708751213,76,7.6,27,0,2660,2660,0.911184588004,0.911184588004,75,7.5,26,0,2613,2607,0.851359337277,0.842155452549,76,7.6,27,1,2599,2593,0.802271952064,0.793068067337,75,7.5,28,1,2073,2072,0.010737865515,0.009203884727,75,7.5,26,0
1154,2026-09-05T07:31:33.090798+00:00,182254312000000,182254359000000,75.656000000,online_inference,13,0,2089,2088,0.101242732000,0.099708751213,76,7.6,27,0,2660,2660,0.911184588004,0.911184588004,75,7.5,26,0,2613,2607,0.851359337277,0.842155452549,76,7.6,27,0,2599,2593,0.802271952064,0.793068067337,75,7.5,28,1,2073,2072,0.010737865515,0.009203884727,76,7.6,26,0
1155,2026-09-05T07:31:33.153331+00:00,182254375000000,182254421000000,75.718000000,online_inference,13,0,2089,2088,0.101242732000,0.099708751213,76,7.6,27,0,2660,2660,0.911184588004,0.911184588004,75,7.5,26,0,2613,2607,0.851359337277,0.842155452549,76,7.6,27,1,2599,2593,0.802271952064,0.793068067337,75,7.5,28,1,2073,2072,0.010737865515,0.009203884727,75,7.5,26,0
1156,2026-09-05T07:31:33.223837+00:00,182254437000000,182254500000000,75.797000000,online_inference,13,0,2089,2088,0.101242732000,0.099708751213,76,7.6,27,0,2660,2660,0.911184588004,0.911184588004,75,7.5,26,0,2613,2607,0.851359337277,0.842155452549,76,7.6,27,1,2599,2593,0.802271952064,0.793068067337,75,7.5,28,0,2073,2072,0.010737865515,0.009203884727,76,7.6,26,0
1157,2026-09-05T07:31:33.299808+00:00,182254515000000,182254578000000,75.875000000,online_inference,13,0,2089,2088,0.101242732000,0.099708751213,76,7.6,27,0,2660,2660,0.911184588004,0.911184588004,75,7.5,26,0,2613,2607,0.851359337277,0.842155452549,76,7.6,27,1,2599,2593,0.802271952064,0.793068067337,75,7.5,28,1,2073,2072,0.010737865515,0.009203884727,75,7.5,26,0
1158,2026-09-05T07:31:33.381259+00:00,182254593000000,182254656000000,75.953000000,online_inference,13,0,2089,2088,0.101242732000,0.099708751213,76,7.6,27,0,2660,2660,0.911184588004,0.911184588004,75,7.5,26,0,2613,2607,0.851359337277,0.842155452549,76,7.6,27,1,2599,2593,0.802271952064,0.793068067337,75,7.5,28,1,2073,2072,0.010737865515,0.009203884727,76,7.6,26,0
1159,2026-09-05T07:31:33.450283+00:00,182254671000000,182254718000000,76.015000000,online_inference,13,0,2089,2088,0.101242732000,0.099708751213,76,7.6,27,0,2660,2660,0.911184588004,0.911184588004,75,7.5,26,0,2613,2607,0.851359337277,0.842155452549,76,7.6,27,1,2599,2593,0.802271952064,0.793068067337,75,7.5,28,1,2073,2072,0.010737865515,0.009203884727,76,7.6,26,0
1160,2026-09-05T07:31:33.530822+00:00,182254734000000,182254812000000,76.109000000,online_inference,13,0,2089,2088,0.101242732000,0.099708751213,76,7.6,27,0,2660,2660,0.911184588004,0.911184588004,75,7.5,26,0,2613,2607,0.851359337277,0.842155452549,76,7.6,27,1,2599,2593,0.802271952064,0.793068067337,75,7.5,28,1,2073,2072,0.010737865515,0.009203884727,76,7.6,26,0
1161,2026-09-05T07:31:33.650559+00:00,182254859000000,182254921000000,76.218000000,online_inference,13,0,2089,2088,0.101242732000,0.099708751213,76,7.6,27,0,2660,2660,0.911184588004,0.911184588004,75,7.5,26,0,2613,2607,0.851359337277,0.842155452549,76,7.6,27,1,2599,2593,0.802271952064,0.793068067337,75,7.5,28,1,2073,2072,0.010737865515,0.009203884727,76,7.6,26,0
1162,2026-09-05T07:31:33.714538+00:00,182254937000000,182254984000000,76.281000000,online_inference,13,0,2089,2088,0.101242732000,0.099708751213,76,7.6,27,0,2660,2660,0.911184588004,0.911184588004,75,7.5,26,0,2613,2607,0.851359337277,0.842155452549,76,7.6,27,0,2599,2593,0.802271952064,0.793068067337,75,7.5,28,1,2073,2072,0.010737865515,0.009203884727,76,7.6,26,0
1163,2026-09-05T07:31:33.783486+00:00,182255000000000,182255062000000,76.359000000,online_inference,13,0,2089,2088,0.101242732000,0.099708751213,76,7.6,27,0,2660,2660,0.911184588004,0.911184588004,75,7.5,26,0,2613,2607,0.851359337277,0.842155452549,76,7.6,27,1,2599,2593,0.802271952064,0.793068067337,75,7.5,28,1,2073,2072,0.010737865515,0.009203884727,76,7.6,26,0
1164,2026-09-05T07:31:33.867271+00:00,182255078000000,182255140000000,76.437000000,online_inference,13,0,2089,2088,0.101242732000,0.099708751213,76,7.6,27,0,2660,2660,0.911184588004,0.911184588004,75,7.5,26,0,2613,2607,0.851359337277,0.842155452549,76,7.6,27,1,2599,2593,0.802271952064,0.793068067337,75,7.5,28,1,2073,2072,0.010737865515,0.009203884727,76,7.6,26,0
1165,2026-09-05T07:31:33.930827+00:00,182255156000000,182255203000000,76.500000000,online_inference,13,0,2089,2088,0.101242732000,0.099708751213,76,7.6,27,0,2660,2660,0.911184588004,0.911184588004,75,7.5,26,0,2613,2607,0.851359337277,0.842155452549,76,7.6,27,1,2599,2593,0.802271952064,0.793068067337,75,7.5,28,0,2073,2072,0.010737865515,0.009203884727,76,7.6,26,0
1166,2026-09-05T07:31:33.989974+00:00,182255218000000,182255265000000,76.562000000,online_inference,13,0,2089,2088,0.101242732000,0.099708751213,76,7.6,27,0,2660,2660,0.911184588004,0.911184588004,75,7.5,26,0,2613,2607,0.851359337277,0.842155452549,76,7.6,27,1,2599,2593,0.802271952064,0.793068067337,75,7.5,28,1,2073,2072,0.010737865515,0.009203884727,75,7.5,26,0
1167,2026-09-05T07:31:34.063992+00:00,182255281000000,182255343000000,76.640000000,online_inference,13,0,2089,2088,0.101242732000,0.099708751213,76,7.6,27,0,2660,2660,0.911184588004,0.911184588004,75,7.5,26,0,2613,2607,0.851359337277,0.842155452549,76,7.6,27,1,2599,2593,0.802271952064,0.793068067337,75,7.5,28,1,2073,2072,0.010737865515,0.009203884727,75,7.5,26,0
1168,2026-09-05T07:31:34.163427+00:00,182255390000000,182255437000000,76.734000000,online_inference,13,0,2089,2088,0.101242732000,0.099708751213,76,7.6,27,0,2660,2660,0.911184588004,0.911184588004,75,7.5,26,0,2613,2607,0.851359337277,0.842155452549,76,7.6,27,1,2599,2593,0.802271952064,0.793068067337,75,7.5,28,1,2073,2072,0.010737865515,0.009203884727,75,7.5,26,0
1169,2026-09-05T07:31:34.208533+00:00,182255453000000,182255484000000,76.781000000,online_inference,13,0,2089,2088,0.101242732000,0.099708751213,76,7.6,27,0,2660,2660,0.911184588004,0.911184588004,75,7.5,26,0,2613,2607,0.851359337277,0.842155452549,76,7.6,27,1,2599,2593,0.802271952064,0.793068067337,75,7.5,28,0,2073,2072,0.010737865515,0.009203884727,76,7.6,26,0
1170,2026-09-05T07:31:34.266072+00:00,182255500000000,182255546000000,76.843000000,online_inference,13,0,2089,2088,0.101242732000,0.099708751213,76,7.6,27,0,2660,2660,0.911184588004,0.911184588004,75,7.5,26,0,2613,2607,0.851359337277,0.842155452549,76,7.6,27,1,2599,2593,0.802271952064,0.793068067337,75,7.5,28,1,2073,2072,0.010737865515,0.009203884727,76,7.6,26,0
1171,2026-09-05T07:31:34.330821+00:00,182255562000000,182255609000000,76.906000000,online_inference,13,0,2089,2088,0.101242732000,0.099708751213,76,7.6,27,0,2660,2660,0.911184588004,0.911184588004,75,7.5,26,0,2613,2607,0.851359337277,0.842155452549,76,7.6,27,1,2599,2593,0.802271952064,0.793068067337,75,7.5,28,1,2073,2072,0.010737865515,0.009203884727,75,7.5,26,0
1172,2026-09-05T07:31:34.391791+00:00,182255625000000,182255671000000,76.968000000,online_inference,13,0,2089,2088,0.101242732000,0.099708751213,76,7.6,27,0,2660,2660,0.911184588004,0.911184588004,75,7.5,26,0,2613,2607,0.851359337277,0.842155452549,76,7.6,27,1,2599,2593,0.802271952064,0.793068067337,75,7.5,28,2,2073,2072,0.010737865515,0.009203884727,75,7.5,25,0
1173,2026-09-05T07:31:34.448027+00:00,182255687000000,182255718000000,77.015000000,online_inference,13,0,2089,2088,0.101242732000,0.099708751213,76,7.6,27,0,2660,2660,0.911184588004,0.911184588004,75,7.5,26,0,2613,2607,0.851359337277,0.842155452549,76,7.6,27,1,2599,2593,0.802271952064,0.793068067337,75,7.5,28,1,2073,2072,0.010737865515,0.009203884727,75,7.5,26,0
1174,2026-09-05T07:31:34.511537+00:00,182255734000000,182255781000000,77.078000000,online_inference,13,0,2089,2088,0.101242732000,0.099708751213,76,7.6,27,0,2660,2660,0.911184588004,0.911184588004,75,7.5,26,0,2613,2607,0.851359337277,0.842155452549,76,7.6,27,1,2599,2593,0.802271952064,0.793068067337,75,7.5,28,1,2073,2072,0.010737865515,0.009203884727,76,7.6,26,0
1175,2026-09-05T07:31:34.554397+00:00,182255796000000,182255828000000,77.125000000,online_inference,13,0,2089,2088,0.101242732000,0.099708751213,76,7.6,27,0,2660,2660,0.911184588004,0.911184588004,75,7.5,26,0,2613,2607,0.851359337277,0.842155452549,76,7.6,27,1,2599,2593,0.802271952064,0.793068067337,75,7.5,28,1,2073,2072,0.010737865515,0.009203884727,75,7.5,26,0
1176,2026-09-05T07:31:34.616436+00:00,182255843000000,182255890000000,77.187000000,online_inference,13,0,2089,2088,0.101242732000,0.099708751213,76,7.6,27,0,2660,2660,0.911184588004,0.911184588004,75,7.5,26,0,2613,2607,0.851359337277,0.842155452549,76,7.6,27,1,2599,2593,0.802271952064,0.793068067337,75,7.5,28,1,2073,2072,0.010737865515,0.009203884727,76,7.6,26,0
1177,2026-09-05T07:31:34.687824+00:00,182255921000000,182255968000000,77.265000000,online_inference,13,0,2089,2088,0.101242732000,0.099708751213,76,7.6,27,0,2660,2660,0.911184588004,0.911184588004,75,7.5,26,0,2613,2607,0.851359337277,0.842155452549,76,7.6,27,1,2599,2593,0.802271952064,0.793068067337,75,7.5,28,1,2073,2072,0.010737865515,0.009203884727,75,7.5,26,0
1178,2026-09-05T07:31:34.745510+00:00,182255984000000,182256015000000,77.312000000,online_inference,13,0,2089,2088,0.101242732000,0.099708751213,76,7.6,27,0,2660,2660,0.911184588004,0.911184588004,75,7.5,26,0,2613,2607,0.851359337277,0.842155452549,76,7.6,27,1,2599,2593,0.802271952064,0.793068067337,75,7.5,28,1,2073,2072,0.010737865515,0.009203884727,75,7.5,26,0
1179,2026-09-05T07:31:34.805053+00:00,182256031000000,182256078000000,77.375000000,online_inference,13,0,2089,2088,0.101242732000,0.099708751213,76,7.6,27,0,2660,2660,0.911184588004,0.911184588004,75,7.5,26,0,2613,2607,0.851359337277,0.842155452549,76,7.6,27,1,2599,2593,0.802271952064,0.793068067337,75,7.5,28,1,2073,2072,0.010737865515,0.009203884727,76,7.6,26,0
1180,2026-09-05T07:31:34.861761+00:00,182256093000000,182256140000000,77.437000000,online_inference,13,0,2089,2088,0.101242732000,0.099708751213,76,7.6,27,0,2660,2660,0.911184588004,0.911184588004,75,7.5,26,0,2613,2607,0.851359337277,0.842155452549,76,7.6,27,1,2599,2593,0.802271952064,0.793068067337,75,7.5,28,1,2073,2072,0.010737865515,0.009203884727,76,7.6,26,0
1181,2026-09-05T07:31:34.928808+00:00,182256156000000,182256203000000,77.500000000,online_inference,13,0,2089,2088,0.101242732000,0.099708751213,76,7.6,27,0,2660,2660,0.911184588004,0.911184588004,75,7.5,26,0,2613,2607,0.851359337277,0.842155452549,76,7.6,27,0,2599,2593,0.802271952064,0.793068067337,75,7.5,28,1,2073,2072,0.010737865515,0.009203884727,76,7.6,26,0
1182,2026-09-05T07:31:34.979230+00:00,182256218000000,182256250000000,77.547000000,online_inference,13,0,2089,2088,0.101242732000,0.099708751213,76,7.6,27,0,2660,2660,0.911184588004,0.911184588004,75,7.5,26,0,2613,2607,0.851359337277,0.842155452549,76,7.6,27,1,2599,2593,0.802271952064,0.793068067337,75,7.5,28,1,2073,2072,0.010737865515,0.009203884727,76,7.6,26,0
1183,2026-09-05T07:31:35.020754+00:00,182256265000000,182256296000000,77.593000000,online_archive,13,0,2089,2088,0.101242732000,0.099708751213,76,7.6,27,0,2660,2660,0.911184588004,0.911184588004,75,7.5,26,0,2613,2607,0.851359337277,0.842155452549,76,7.6,27,1,2599,2593,0.802271952064,0.793068067337,75,7.5,28,2,2073,2072,0.010737865515,0.009203884727,75,7.5,26,0
1184,2026-09-05T07:31:35.075277+00:00,182256312000000,182256343000000,77.640000000,online_archive,13,0,2089,2088,0.101242732000,0.099708751213,76,7.6,27,0,2660,2660,0.911184588004,0.911184588004,75,7.5,26,0,2613,2607,0.851359337277,0.842155452549,76,7.6,27,1,2599,2593,0.802271952064,0.793068067337,75,7.5,28,1,2073,2072,0.010737865515,0.009203884727,76,7.6,26,0
1185,2026-09-05T07:31:35.158336+00:00,182256390000000,182256437000000,77.734000000,fixed_trajectory,13,0,2089,2088,0.101242732000,0.099708751213,76,7.6,27,0,2660,2660,0.911184588004,0.911184588004,75,7.5,26,0,2613,2607,0.851359337277,0.842155452549,76,7.6,27,1,2599,2593,0.802271952064,0.793068067337,75,7.5,28,1,2073,2072,0.010737865515,0.009203884727,75,7.5,26,0
1186,2026-09-05T07:31:35.350579+00:00,182256593000000,182256625000000,77.922000000,fixed_trajectory,13,0,2089,2088,0.101242732000,0.099708751213,76,7.6,27,0,2660,2661,0.911184588004,0.912718568792,75,7.5,26,0,2613,2607,0.851359337277,0.842155452549,76,7.6,27,1,2599,2592,0.802271952064,0.791534086549,75,7.5,28,2,2073,2072,0.010737865515,0.009203884727,75,7.5,26,0
1187,2026-09-05T07:31:35.391843+00:00,182256640000000,182256671000000,77.968000000,fixed_trajectory,13,0,2089,2088,0.101242732000,0.099708751213,76,7.6,27,0,2660,2661,0.911184588004,0.912718568792,75,7.5,26,0,2613,2607,0.851359337277,0.842155452549,76,7.6,27,1,2599,2591,0.802271952064,0.790000105761,75,7.5,28,1,2073,2072,0.010737865515,0.009203884727,75,7.5,26,0
1188,2026-09-05T07:31:35.447615+00:00,182256687000000,182256718000000,78.015000000,fixed_trajectory,13,0,2089,2088,0.101242732000,0.099708751213,76,7.6,27,0,2660,2662,0.911184588004,0.914252549580,75,7.5,26,1,2613,2607,0.851359337277,0.842155452549,76,7.6,27,1,2599,2590,0.802271952064,0.788466124973,75,7.5,28,2,2073,2072,0.010737865515,0.009203884727,75,7.5,26,0
1189,2026-09-05T07:31:35.491134+00:00,182256734000000,182256765000000,78.062000000,fixed_trajectory,13,0,2089,2088,0.101242732000,0.099708751213,76,7.6,27,0,2661,2662,0.912718568792,0.914252549580,75,7.5,26,0,2613,2607,0.851359337277,0.842155452549,76,7.6,27,1,2599,2589,0.802271952064,0.786932144185,75,7.5,28,2,2073,2072,0.010737865515,0.009203884727,76,7.6,26,0
1190,2026-09-05T07:31:35.545153+00:00,182256781000000,182256812000000,78.109000000,fixed_trajectory,13,0,2089,2088,0.101242732000,0.099708751213,76,7.6,27,0,2662,2663,0.914252549580,0.915786530368,75,7.5,26,0,2613,2607,0.851359337277,0.842155452549,76,7.6,27,1,2599,2588,0.802271952064,0.785398163397,75,7.5,28,2,2073,2072,0.010737865515,0.009203884727,75,7.5,26,0
1191,2026-09-05T07:31:35.583100+00:00,182256828000000,182256859000000,78.156000000,online_observation,13,0,2089,2088,0.101242732000,0.099708751213,76,7.6,27,0,2662,2663,0.914252549580,0.915786530368,75,7.5,26,0,2613,2607,0.851359337277,0.842155452549,76,7.6,27,1,2599,2587,0.802271952064,0.783864182610,75,7.5,28,1,2073,2072,0.010737865515,0.009203884727,75,7.5,26,0
1192,2026-09-05T07:31:35.646953+00:00,182256890000000,182256921000000,78.218000000,online_observation,13,0,2089,2088,0.101242732000,0.099708751213,76,7.6,27,0,2662,2663,0.914252549580,0.915786530368,75,7.5,26,0,2613,2607,0.851359337277,0.842155452549,76,7.6,27,1,2594,2587,0.794602048125,0.783864182610,75,7.5,28,1,2073,2072,0.010737865515,0.009203884727,76,7.6,26,0
1193,2026-09-05T07:31:35.696488+00:00,182256937000000,182256968000000,78.265000000,online_observation,13,0,2089,2088,0.101242732000,0.099708751213,76,7.6,27,0,2662,2663,0.914252549580,0.915786530368,75,7.5,26,0,2613,2607,0.851359337277,0.842155452549,76,7.6,27,1,2593,2587,0.793068067337,0.783864182610,75,7.5,28,1,2073,2072,0.010737865515,0.009203884727,76,7.6,26,0
1194,2026-09-05T07:31:35.746882+00:00,182256984000000,182257015000000,78.312000000,online_observation,13,0,2089,2088,0.101242732000,0.099708751213,76,7.6,27,0,2662,2663,0.914252549580,0.915786530368,75,7.5,26,0,2613,2607,0.851359337277,0.842155452549,76,7.6,27,1,2592,2587,0.791534086549,0.783864182610,75,7.5,28,1,2073,2072,0.010737865515,0.009203884727,75,7.5,26,0
1195,2026-09-05T07:31:35.799415+00:00,182257031000000,182257078000000,78.375000000,online_observation,13,0,2089,2088,0.101242732000,0.099708751213,76,7.6,27,0,2662,2663,0.914252549580,0.915786530368,75,7.5,26,0,2613,2607,0.851359337277,0.842155452549,76,7.6,27,1,2592,2587,0.791534086549,0.783864182610,75,7.5,28,1,2073,2072,0.010737865515,0.009203884727,76,7.6,26,0
1196,2026-09-05T07:31:35.860793+00:00,182257109000000,182257140000000,78.437000000,online_observation,13,0,2089,2088,0.101242732000,0.099708751213,76,7.6,27,0,2662,2663,0.914252549580,0.915786530368,75,7.5,26,0,2613,2607,0.851359337277,0.842155452549,76,7.6,27,1,2592,2587,0.791534086549,0.783864182610,75,7.5,28,0,2073,2072,0.010737865515,0.009203884727,75,7.5,26,0
1197,2026-09-05T07:31:35.911392+00:00,182257156000000,182257187000000,78.484000000,online_observation,13,0,2089,2088,0.101242732000,0.099708751213,76,7.6,27,0,2662,2663,0.914252549580,0.915786530368,75,7.5,26,0,2613,2607,0.851359337277,0.842155452549,76,7.6,27,1,2592,2587,0.791534086549,0.783864182610,75,7.5,28,1,2073,2072,0.010737865515,0.009203884727,76,7.6,26,0
1198,2026-09-05T07:31:35.980468+00:00,182257203000000,182257250000000,78.547000000,online_inference,14,0,2089,2088,0.101242732000,0.099708751213,76,7.6,27,0,2662,2663,0.914252549580,0.915786530368,75,7.5,26,0,2613,2607,0.851359337277,0.842155452549,76,7.6,27,1,2592,2587,0.791534086549,0.783864182610,75,7.5,28,1,2073,2072,0.010737865515,0.009203884727,76,7.6,26,0
1199,2026-09-05T07:31:36.035711+00:00,182257265000000,182257312000000,78.609000000,online_inference,14,0,2089,2088,0.101242732000,0.099708751213,76,7.6,27,0,2662,2663,0.914252549580,0.915786530368,75,7.5,26,0,2613,2607,0.851359337277,0.842155452549,76,7.6,27,1,2592,2587,0.791534086549,0.783864182610,75,7.5,28,1,2073,2072,0.010737865515,0.009203884727,76,7.6,26,0
1200,2026-09-05T07:31:36.105881+00:00,182257328000000,182257375000000,78.672000000,online_inference,14,0,2089,2088,0.101242732000,0.099708751213,76,7.6,27,0,2662,2663,0.914252549580,0.915786530368,75,7.5,26,0,2613,2607,0.851359337277,0.842155452549,76,7.6,27,1,2592,2587,0.791534086549,0.783864182610,75,7.5,28,1,2073,2072,0.010737865515,0.009203884727,76,7.6,26,0
1201,2026-09-05T07:31:36.173924+00:00,182257390000000,182257453000000,78.750000000,online_inference,14,0,2089,2088,0.101242732000,0.099708751213,76,7.6,27,0,2662,2663,0.914252549580,0.915786530368,75,7.5,26,0,2613,2607,0.851359337277,0.842155452549,76,7.6,27,1,2592,2587,0.791534086549,0.783864182610,75,7.5,28,1,2073,2072,0.010737865515,0.009203884727,76,7.6,26,0
1202,2026-09-05T07:31:36.239365+00:00,182257468000000,182257515000000,78.812000000,online_inference,14,0,2089,2088,0.101242732000,0.099708751213,76,7.6,27,0,2662,2663,0.914252549580,0.915786530368,75,7.5,26,0,2613,2607,0.851359337277,0.842155452549,76,7.6,27,1,2592,2587,0.791534086549,0.783864182610,75,7.5,28,1,2073,2072,0.010737865515,0.009203884727,75,7.5,26,0
1203,2026-09-05T07:31:36.307290+00:00,182257531000000,182257578000000,78.875000000,online_inference,14,0,2089,2088,0.101242732000,0.099708751213,76,7.6,27,0,2662,2663,0.914252549580,0.915786530368,75,7.5,26,0,2613,2607,0.851359337277,0.842155452549,76,7.6,27,1,2592,2587,0.791534086549,0.783864182610,75,7.5,28,1,2073,2072,0.010737865515,0.009203884727,75,7.5,26,0
1204,2026-09-05T07:31:36.370328+00:00,182257593000000,182257640000000,78.937000000,online_inference,14,0,2089,2088,0.101242732000,0.099708751213,76,7.6,27,0,2662,2663,0.914252549580,0.915786530368,75,7.5,26,0,2613,2607,0.851359337277,0.842155452549,76,7.6,27,1,2592,2587,0.791534086549,0.783864182610,75,7.5,28,1,2073,2072,0.010737865515,0.009203884727,75,7.5,26,0
1205,2026-09-05T07:31:36.451925+00:00,182257687000000,182257734000000,79.031000000,online_inference,14,0,2089,2088,0.101242732000,0.099708751213,76,7.6,27,0,2662,2663,0.914252549580,0.915786530368,75,7.5,26,0,2613,2607,0.851359337277,0.842155452549,76,7.6,27,1,2592,2587,0.791534086549,0.783864182610,75,7.5,28,0,2073,2072,0.010737865515,0.009203884727,76,7.6,26,0
1206,2026-09-05T07:31:36.516602+00:00,182257750000000,182257796000000,79.093000000,online_inference,14,0,2089,2088,0.101242732000,0.099708751213,76,7.6,27,0,2662,2663,0.914252549580,0.915786530368,75,7.5,26,0,2613,2607,0.851359337277,0.842155452549,76,7.6,27,1,2592,2587,0.791534086549,0.783864182610,75,7.5,28,0,2073,2072,0.010737865515,0.009203884727,75,7.5,26,0
1207,2026-09-05T07:31:36.582367+00:00,182257812000000,182257859000000,79.156000000,online_inference,14,0,2089,2088,0.101242732000,0.099708751213,76,7.6,27,0,2662,2663,0.914252549580,0.915786530368,75,7.5,26,0,2613,2607,0.851359337277,0.842155452549,76,7.6,27,1,2592,2587,0.791534086549,0.783864182610,75,7.5,28,1,2073,2072,0.010737865515,0.009203884727,76,7.6,26,0
1208,2026-09-05T07:31:36.641924+00:00,182257875000000,182257921000000,79.218000000,online_inference,14,0,2089,2088,0.101242732000,0.099708751213,76,7.6,27,0,2662,2663,0.914252549580,0.915786530368,75,7.5,26,0,2613,2607,0.851359337277,0.842155452549,76,7.6,27,1,2592,2587,0.791534086549,0.783864182610,75,7.5,28,1,2073,2072,0.010737865515,0.009203884727,75,7.5,26,0
1209,2026-09-05T07:31:36.695856+00:00,182257937000000,182257968000000,79.265000000,online_inference,14,0,2089,2088,0.101242732000,0.099708751213,76,7.6,27,0,2662,2663,0.914252549580,0.915786530368,75,7.5,26,0,2613,2607,0.851359337277,0.842155452549,76,7.6,27,1,2592,2587,0.791534086549,0.783864182610,75,7.5,28,0,2073,2072,0.010737865515,0.009203884727,75,7.5,26,0
1210,2026-09-05T07:31:36.762349+00:00,182257984000000,182258031000000,79.328000000,online_inference,14,0,2089,2088,0.101242732000,0.099708751213,76,7.6,27,0,2662,2663,0.914252549580,0.915786530368,75,7.5,26,0,2613,2607,0.851359337277,0.842155452549,76,7.6,27,1,2592,2587,0.791534086549,0.783864182610,75,7.5,28,1,2073,2072,0.010737865515,0.009203884727,76,7.6,26,0
1211,2026-09-05T07:31:36.807637+00:00,182258046000000,182258078000000,79.375000000,online_inference,14,0,2089,2088,0.101242732000,0.099708751213,76,7.6,27,0,2662,2663,0.914252549580,0.915786530368,75,7.5,26,0,2613,2607,0.851359337277,0.842155452549,76,7.6,27,1,2592,2587,0.791534086549,0.783864182610,75,7.5,28,1,2073,2072,0.010737865515,0.009203884727,76,7.6,26,0
1212,2026-09-05T07:31:36.865644+00:00,182258093000000,182258140000000,79.437000000,online_inference,14,0,2089,2088,0.101242732000,0.099708751213,76,7.6,27,0,2662,2663,0.914252549580,0.915786530368,75,7.5,26,0,2613,2607,0.851359337277,0.842155452549,76,7.6,27,1,2592,2587,0.791534086549,0.783864182610,75,7.5,28,1,2073,2072,0.010737865515,0.009203884727,75,7.5,26,0
1213,2026-09-05T07:31:36.917510+00:00,182258156000000,182258187000000,79.484000000,online_inference,14,0,2089,2088,0.101242732000,0.099708751213,76,7.6,27,0,2662,2663,0.914252549580,0.915786530368,75,7.5,26,0,2613,2607,0.851359337277,0.842155452549,76,7.6,27,1,2592,2587,0.791534086549,0.783864182610,75,7.5,28,1,2073,2072,0.010737865515,0.009203884727,75,7.5,26,0
1214,2026-09-05T07:31:36.993259+00:00,182258218000000,182258265000000,79.562000000,online_inference,14,0,2089,2088,0.101242732000,0.099708751213,76,7.6,27,0,2662,2663,0.914252549580,0.915786530368,75,7.5,26,0,2613,2607,0.851359337277,0.842155452549,76,7.6,27,1,2592,2587,0.791534086549,0.783864182610,75,7.5,28,1,2073,2072,0.010737865515,0.009203884727,76,7.6,26,0
1215,2026-09-05T07:31:37.047741+00:00,182258281000000,182258328000000,79.625000000,online_inference,14,0,2089,2088,0.101242732000,0.099708751213,76,7.6,27,0,2662,2663,0.914252549580,0.915786530368,75,7.5,26,0,2613,2607,0.851359337277,0.842155452549,76,7.6,27,1,2592,2587,0.791534086549,0.783864182610,75,7.5,28,1,2073,2072,0.010737865515,0.009203884727,76,7.6,26,0
1216,2026-09-05T07:31:37.122384+00:00,182258343000000,182258390000000,79.687000000,online_inference,14,0,2089,2088,0.101242732000,0.099708751213,76,7.6,27,0,2662,2663,0.914252549580,0.915786530368,75,7.5,26,0,2613,2607,0.851359337277,0.842155452549,76,7.6,27,1,2592,2587,0.791534086549,0.783864182610,75,7.5,28,1,2073,2072,0.010737865515,0.009203884727,75,7.5,26,0
1217,2026-09-05T07:31:37.174558+00:00,182258406000000,182258453000000,79.750000000,online_inference,14,0,2089,2088,0.101242732000,0.099708751213,76,7.6,27,0,2662,2663,0.914252549580,0.915786530368,75,7.5,26,0,2613,2607,0.851359337277,0.842155452549,76,7.6,27,1,2592,2587,0.791534086549,0.783864182610,75,7.5,28,1,2073,2072,0.010737865515,0.009203884727,75,7.5,26,0
1218,2026-09-05T07:31:37.233648+00:00,182258468000000,182258515000000,79.812000000,online_inference,14,0,2089,2088,0.101242732000,0.099708751213,76,7.6,27,0,2662,2663,0.914252549580,0.915786530368,75,7.5,26,0,2613,2607,0.851359337277,0.842155452549,76,7.6,27,1,2592,2587,0.791534086549,0.783864182610,75,7.5,28,0,2073,2072,0.010737865515,0.009203884727,75,7.5,26,0
1219,2026-09-05T07:31:37.293994+00:00,182258531000000,182258562000000,79.859000000,online_inference,14,0,2089,2088,0.101242732000,0.099708751213,76,7.6,27,0,2662,2663,0.914252549580,0.915786530368,75,7.5,26,0,2613,2607,0.851359337277,0.842155452549,76,7.6,27,1,2592,2587,0.791534086549,0.783864182610,75,7.5,28,1,2073,2072,0.010737865515,0.009203884727,76,7.6,26,0
1220,2026-09-05T07:31:37.343531+00:00,182258578000000,182258625000000,79.922000000,online_inference,14,0,2089,2088,0.101242732000,0.099708751213,76,7.6,27,0,2662,2663,0.914252549580,0.915786530368,75,7.5,26,0,2613,2607,0.851359337277,0.842155452549,76,7.6,27,0,2592,2587,0.791534086549,0.783864182610,75,7.5,28,1,2073,2072,0.010737865515,0.009203884727,76,7.6,26,0
1221,2026-09-05T07:31:37.416899+00:00,182258640000000,182258687000000,79.984000000,online_inference,14,0,2089,2088,0.101242732000,0.099708751213,76,7.6,27,0,2662,2663,0.914252549580,0.915786530368,75,7.5,26,0,2613,2607,0.851359337277,0.842155452549,76,7.6,27,1,2592,2587,0.791534086549,0.783864182610,75,7.5,28,0,2073,2072,0.010737865515,0.009203884727,75,7.5,26,0
1222,2026-09-05T07:31:37.464198+00:00,182258703000000,182258734000000,80.031000000,online_inference,14,0,2089,2088,0.101242732000,0.099708751213,76,7.6,27,0,2662,2663,0.914252549580,0.915786530368,75,7.5,26,0,2613,2607,0.851359337277,0.842155452549,76,7.6,27,1,2592,2587,0.791534086549,0.783864182610,75,7.5,28,1,2073,2072,0.010737865515,0.009203884727,75,7.5,26,0
1223,2026-09-05T07:31:37.554938+00:00,182258781000000,182258828000000,80.125000000,online_inference,14,0,2089,2088,0.101242732000,0.099708751213,76,7.6,27,0,2662,2663,0.914252549580,0.915786530368,75,7.5,26,0,2613,2607,0.851359337277,0.842155452549,76,7.6,27,1,2592,2587,0.791534086549,0.783864182610,75,7.5,28,1,2073,2072,0.010737865515,0.009203884727,76,7.6,26,0
1224,2026-09-05T07:31:37.619542+00:00,182258843000000,182258890000000,80.187000000,online_inference,14,0,2089,2088,0.101242732000,0.099708751213,76,7.6,27,0,2662,2663,0.914252549580,0.915786530368,75,7.5,26,0,2613,2607,0.851359337277,0.842155452549,76,7.6,27,1,2592,2587,0.791534086549,0.783864182610,75,7.5,28,1,2073,2072,0.010737865515,0.009203884727,75,7.5,26,0
1225,2026-09-05T07:31:37.680965+00:00,182258906000000,182258953000000,80.250000000,online_inference,14,0,2089,2088,0.101242732000,0.099708751213,76,7.6,27,0,2662,2663,0.914252549580,0.915786530368,75,7.5,26,0,2613,2607,0.851359337277,0.842155452549,76,7.6,27,0,2592,2587,0.791534086549,0.783864182610,75,7.5,28,0,2073,2072,0.010737865515,0.009203884727,76,7.6,26,0
1226,2026-09-05T07:31:37.731922+00:00,182258968000000,182259000000000,80.297000000,online_inference,14,0,2089,2088,0.101242732000,0.099708751213,76,7.6,27,0,2662,2663,0.914252549580,0.915786530368,75,7.5,26,0,2613,2607,0.851359337277,0.842155452549,76,7.6,27,1,2592,2587,0.791534086549,0.783864182610,75,7.5,28,1,2073,2072,0.010737865515,0.009203884727,75,7.5,26,0
1227,2026-09-05T07:31:37.798733+00:00,182259015000000,182259078000000,80.375000000,online_inference,14,0,2089,2088,0.101242732000,0.099708751213,76,7.6,27,0,2662,2663,0.914252549580,0.915786530368,75,7.5,26,0,2613,2607,0.851359337277,0.842155452549,76,7.6,27,1,2592,2587,0.791534086549,0.783864182610,75,7.5,28,1,2073,2072,0.010737865515,0.009203884727,75,7.5,26,0
1228,2026-09-05T07:31:37.861160+00:00,182259093000000,182259140000000,80.437000000,online_inference,14,0,2089,2088,0.101242732000,0.099708751213,76,7.6,27,0,2662,2663,0.914252549580,0.915786530368,75,7.5,26,0,2613,2607,0.851359337277,0.842155452549,76,7.6,27,1,2592,2587,0.791534086549,0.783864182610,75,7.5,28,0,2073,2072,0.010737865515,0.009203884727,76,7.6,26,0
1229,2026-09-05T07:31:37.916894+00:00,182259156000000,182259187000000,80.484000000,online_inference,14,0,2089,2088,0.101242732000,0.099708751213,76,7.6,27,0,2662,2663,0.914252549580,0.915786530368,75,7.5,26,0,2613,2607,0.851359337277,0.842155452549,76,7.6,27,1,2592,2587,0.791534086549,0.783864182610,75,7.5,28,0,2073,2072,0.010737865515,0.009203884727,75,7.5,26,0
1230,2026-09-05T07:31:37.970886+00:00,182259203000000,182259250000000,80.547000000,online_inference,14,0,2089,2088,0.101242732000,0.099708751213,76,7.6,27,0,2662,2663,0.914252549580,0.915786530368,75,7.5,26,0,2613,2607,0.851359337277,0.842155452549,76,7.6,27,1,2592,2587,0.791534086549,0.783864182610,75,7.5,28,1,2073,2072,0.010737865515,0.009203884727,76,7.6,26,0
1231,2026-09-05T07:31:38.022748+00:00,182259265000000,182259296000000,80.593000000,online_inference,14,0,2089,2088,0.101242732000,0.099708751213,76,7.6,27,0,2662,2663,0.914252549580,0.915786530368,75,7.5,26,0,2613,2607,0.851359337277,0.842155452549,76,7.6,27,1,2592,2587,0.791534086549,0.783864182610,75,7.5,28,1,2073,2072,0.010737865515,0.009203884727,75,7.5,26,0
1232,2026-09-05T07:31:38.114420+00:00,182259328000000,182259390000000,80.687000000,online_inference,14,0,2089,2088,0.101242732000,0.099708751213,76,7.6,27,0,2662,2663,0.914252549580,0.915786530368,75,7.5,26,0,2613,2607,0.851359337277,0.842155452549,76,7.6,27,1,2592,2587,0.791534086549,0.783864182610,75,7.5,28,1,2073,2072,0.010737865515,0.009203884727,75,7.5,26,0
1233,2026-09-05T07:31:38.179047+00:00,182259406000000,182259453000000,80.750000000,online_inference,14,0,2089,2088,0.101242732000,0.099708751213,76,7.6,27,0,2662,2663,0.914252549580,0.915786530368,75,7.5,26,0,2613,2607,0.851359337277,0.842155452549,76,7.6,27,1,2592,2587,0.791534086549,0.783864182610,75,7.5,28,1,2073,2072,0.010737865515,0.009203884727,75,7.5,26,0
1234,2026-09-05T07:31:38.247746+00:00,182259468000000,182259515000000,80.812000000,online_inference,14,0,2089,2088,0.101242732000,0.099708751213,76,7.6,27,0,2662,2663,0.914252549580,0.915786530368,75,7.5,26,0,2613,2607,0.851359337277,0.842155452549,76,7.6,27,1,2592,2587,0.791534086549,0.783864182610,75,7.5,28,1,2073,2072,0.010737865515,0.009203884727,76,7.6,26,0
1235,2026-09-05T07:31:38.322710+00:00,182259546000000,182259593000000,80.890000000,online_inference,14,0,2089,2088,0.101242732000,0.099708751213,76,7.6,27,0,2662,2663,0.914252549580,0.915786530368,75,7.5,26,0,2613,2607,0.851359337277,0.842155452549,76,7.6,27,1,2592,2587,0.791534086549,0.783864182610,75,7.5,28,1,2073,2072,0.010737865515,0.009203884727,76,7.6,26,0
1236,2026-09-05T07:31:38.373739+00:00,182259609000000,182259656000000,80.953000000,online_inference,14,0,2089,2088,0.101242732000,0.099708751213,76,7.6,27,0,2662,2663,0.914252549580,0.915786530368,75,7.5,26,1,2613,2607,0.851359337277,0.842155452549,76,7.6,27,1,2592,2587,0.791534086549,0.783864182610,75,7.5,28,1,2073,2072,0.010737865515,0.009203884727,76,7.6,26,0
1237,2026-09-05T07:31:38.445657+00:00,182259671000000,182259718000000,81.015000000,online_inference,14,0,2089,2088,0.101242732000,0.099708751213,76,7.6,27,0,2662,2663,0.914252549580,0.915786530368,75,7.5,26,0,2613,2607,0.851359337277,0.842155452549,76,7.6,27,1,2592,2587,0.791534086549,0.783864182610,75,7.5,28,1,2073,2072,0.010737865515,0.009203884727,76,7.6,26,0
1238,2026-09-05T07:31:38.492661+00:00,182259734000000,182259765000000,81.062000000,online_inference,14,0,2089,2088,0.101242732000,0.099708751213,76,7.6,27,0,2662,2663,0.914252549580,0.915786530368,75,7.5,26,0,2613,2607,0.851359337277,0.842155452549,76,7.6,27,1,2592,2587,0.791534086549,0.783864182610,75,7.5,28,1,2073,2072,0.010737865515,0.009203884727,75,7.5,26,0
1239,2026-09-05T07:31:38.556884+00:00,182259781000000,182259828000000,81.125000000,online_inference,14,0,2089,2088,0.101242732000,0.099708751213,76,7.6,27,0,2662,2663,0.914252549580,0.915786530368,75,7.5,26,0,2613,2607,0.851359337277,0.842155452549,76,7.6,27,1,2592,2587,0.791534086549,0.783864182610,75,7.5,28,1,2073,2072,0.010737865515,0.009203884727,75,7.5,26,0
1240,2026-09-05T07:31:38.640969+00:00,182259859000000,182259921000000,81.218000000,online_inference,14,0,2089,2088,0.101242732000,0.099708751213,76,7.6,27,0,2662,2663,0.914252549580,0.915786530368,75,7.5,26,0,2613,2607,0.851359337277,0.842155452549,76,7.6,27,1,2592,2587,0.791534086549,0.783864182610,75,7.5,28,1,2073,2072,0.010737865515,0.009203884727,76,7.6,26,0
1241,2026-09-05T07:31:38.713891+00:00,182259937000000,182259984000000,81.281000000,online_inference,14,0,2089,2088,0.101242732000,0.099708751213,76,7.6,27,0,2662,2663,0.914252549580,0.915786530368,75,7.5,26,0,2613,2607,0.851359337277,0.842155452549,76,7.6,27,1,2592,2587,0.791534086549,0.783864182610,75,7.5,28,1,2073,2072,0.010737865515,0.009203884727,76,7.6,26,0
1242,2026-09-05T07:31:38.770230+00:00,182260000000000,182260046000000,81.343000000,online_inference,14,0,2089,2088,0.101242732000,0.099708751213,76,7.6,27,0,2662,2663,0.914252549580,0.915786530368,75,7.5,26,0,2613,2607,0.851359337277,0.842155452549,76,7.6,27,1,2592,2587,0.791534086549,0.783864182610,75,7.5,28,0,2073,2072,0.010737865515,0.009203884727,76,7.6,26,0
1243,2026-09-05T07:31:38.842162+00:00,182260062000000,182260125000000,81.422000000,online_inference,14,0,2089,2088,0.101242732000,0.099708751213,76,7.6,27,0,2662,2663,0.914252549580,0.915786530368,75,7.5,26,0,2613,2607,0.851359337277,0.842155452549,76,7.6,27,1,2592,2587,0.791534086549,0.783864182610,75,7.5,28,1,2073,2072,0.010737865515,0.009203884727,76,7.6,26,0
1244,2026-09-05T07:31:38.918283+00:00,182260140000000,182260187000000,81.484000000,online_inference,14,0,2089,2088,0.101242732000,0.099708751213,76,7.6,27,0,2662,2663,0.914252549580,0.915786530368,75,7.5,26,0,2613,2607,0.851359337277,0.842155452549,76,7.6,27,1,2592,2587,0.791534086549,0.783864182610,75,7.5,28,1,2073,2072,0.010737865515,0.009203884727,76,7.6,26,0
1245,2026-09-05T07:31:38.957830+00:00,182260203000000,182260234000000,81.531000000,online_inference,14,0,2089,2088,0.101242732000,0.099708751213,76,7.6,27,0,2662,2663,0.914252549580,0.915786530368,75,7.5,26,0,2613,2607,0.851359337277,0.842155452549,76,7.6,27,1,2592,2587,0.791534086549,0.783864182610,75,7.5,28,1,2073,2072,0.010737865515,0.009203884727,76,7.6,26,0
1246,2026-09-05T07:31:39.025283+00:00,182260250000000,182260296000000,81.593000000,online_inference,14,0,2089,2088,0.101242732000,0.099708751213,76,7.6,27,0,2662,2663,0.914252549580,0.915786530368,75,7.5,26,0,2613,2607,0.851359337277,0.842155452549,76,7.6,27,0,2592,2587,0.791534086549,0.783864182610,75,7.5,28,1,2073,2072,0.010737865515,0.009203884727,76,7.6,26,0
1247,2026-09-05T07:31:39.078233+00:00,182260312000000,182260359000000,81.656000000,online_inference,14,0,2089,2088,0.101242732000,0.099708751213,76,7.6,27,0,2662,2663,0.914252549580,0.915786530368,75,7.5,26,0,2613,2607,0.851359337277,0.842155452549,76,7.6,27,1,2592,2587,0.791534086549,0.783864182610,75,7.5,28,0,2073,2072,0.010737865515,0.009203884727,75,7.5,26,0
1248,2026-09-05T07:31:39.189881+00:00,182260406000000,182260468000000,81.765000000,online_inference,14,0,2089,2088,0.101242732000,0.099708751213,76,7.6,27,0,2662,2663,0.914252549580,0.915786530368,75,7.5,26,0,2613,2607,0.851359337277,0.842155452549,76,7.6,27,1,2592,2587,0.791534086549,0.783864182610,75,7.5,28,2,2073,2072,0.010737865515,0.009203884727,75,7.5,26,0
1249,2026-09-05T07:31:39.277068+00:00,182260484000000,182260546000000,81.843000000,online_inference,14,0,2089,2088,0.101242732000,0.099708751213,76,7.6,27,0,2662,2663,0.914252549580,0.915786530368,75,7.5,26,0,2613,2607,0.851359337277,0.842155452549,76,7.6,27,1,2592,2587,0.791534086549,0.783864182610,75,7.5,28,1,2073,2072,0.010737865515,0.009203884727,76,7.6,26,0
1250,2026-09-05T07:31:39.333298+00:00,182260562000000,182260609000000,81.906000000,online_inference,14,0,2089,2088,0.101242732000,0.099708751213,76,7.6,27,0,2662,2663,0.914252549580,0.915786530368,75,7.5,26,0,2613,2607,0.851359337277,0.842155452549,76,7.6,27,1,2592,2587,0.791534086549,0.783864182610,75,7.5,28,1,2073,2072,0.010737865515,0.009203884727,75,7.5,26,0
1251,2026-09-05T07:31:39.400123+00:00,182260625000000,182260671000000,81.968000000,online_inference,14,0,2089,2088,0.101242732000,0.099708751213,76,7.6,27,0,2662,2663,0.914252549580,0.915786530368,75,7.5,26,0,2613,2607,0.851359337277,0.842155452549,76,7.6,27,1,2592,2587,0.791534086549,0.783864182610,75,7.5,28,1,2073,2072,0.010737865515,0.009203884727,75,7.5,26,0
1252,2026-09-05T07:31:39.465906+00:00,182260687000000,182260734000000,82.031000000,online_inference,14,0,2089,2088,0.101242732000,0.099708751213,76,7.6,27,0,2662,2663,0.914252549580,0.915786530368,75,7.5,26,0,2613,2607,0.851359337277,0.842155452549,76,7.6,27,1,2592,2587,0.791534086549,0.783864182610,75,7.5,28,1,2073,2072,0.010737865515,0.009203884727,75,7.5,26,0
1253,2026-09-05T07:31:39.519182+00:00,182260750000000,182260796000000,82.093000000,online_inference,14,0,2089,2088,0.101242732000,0.099708751213,76,7.6,27,0,2662,2663,0.914252549580,0.915786530368,75,7.5,26,0,2613,2607,0.851359337277,0.842155452549,76,7.6,27,1,2592,2587,0.791534086549,0.783864182610,75,7.5,28,1,2073,2072,0.010737865515,0.009203884727,75,7.5,26,0
1254,2026-09-05T07:31:39.588263+00:00,182260812000000,182260859000000,82.156000000,online_inference,14,0,2089,2088,0.101242732000,0.099708751213,76,7.6,27,0,2662,2663,0.914252549580,0.915786530368,75,7.5,26,0,2613,2607,0.851359337277,0.842155452549,76,7.6,27,1,2592,2587,0.791534086549,0.783864182610,75,7.5,28,1,2073,2072,0.010737865515,0.009203884727,75,7.5,26,0
1255,2026-09-05T07:31:39.643393+00:00,182260875000000,182260921000000,82.218000000,online_inference,14,0,2089,2088,0.101242732000,0.099708751213,76,7.6,27,0,2662,2663,0.914252549580,0.915786530368,75,7.5,26,0,2613,2607,0.851359337277,0.842155452549,76,7.6,27,0,2592,2587,0.791534086549,0.783864182610,75,7.5,28,0,2073,2072,0.010737865515,0.009203884727,75,7.5,26,0
1256,2026-09-05T07:31:39.741831+00:00,182260953000000,182261015000000,82.312000000,online_inference,14,0,2089,2088,0.101242732000,0.099708751213,76,7.6,27,0,2662,2663,0.914252549580,0.915786530368,75,7.5,26,0,2613,2607,0.851359337277,0.842155452549,76,7.6,27,1,2592,2587,0.791534086549,0.783864182610,75,7.5,28,1,2073,2072,0.010737865515,0.009203884727,76,7.6,26,0
1257,2026-09-05T07:31:39.796253+00:00,182261031000000,182261078000000,82.375000000,online_inference,14,0,2089,2088,0.101242732000,0.099708751213,76,7.6,27,0,2662,2663,0.914252549580,0.915786530368,75,7.5,26,0,2613,2607,0.851359337277,0.842155452549,76,7.6,27,1,2592,2587,0.791534086549,0.783864182610,75,7.5,28,1,2073,2072,0.010737865515,0.009203884727,75,7.5,26,0
1258,2026-09-05T07:31:39.870078+00:00,182261093000000,182261140000000,82.437000000,online_inference,14,0,2089,2088,0.101242732000,0.099708751213,76,7.6,27,0,2662,2663,0.914252549580,0.915786530368,75,7.5,26,0,2613,2607,0.851359337277,0.842155452549,76,7.6,27,1,2592,2587,0.791534086549,0.783864182610,75,7.5,28,0,2073,2072,0.010737865515,0.009203884727,75,7.5,34,0
1259,2026-09-05T07:31:39.935402+00:00,182261156000000,182261203000000,82.500000000,online_inference,14,0,2089,2088,0.101242732000,0.099708751213,76,7.6,27,0,2662,2663,0.914252549580,0.915786530368,75,7.5,26,0,2613,2607,0.851359337277,0.842155452549,76,7.6,27,1,2592,2587,0.791534086549,0.783864182610,75,7.5,28,1,2073,2072,0.010737865515,0.009203884727,75,7.5,26,0
1260,2026-09-05T07:31:39.975812+00:00,182261218000000,182261250000000,82.547000000,online_inference,14,0,2089,2088,0.101242732000,0.099708751213,76,7.6,27,0,2662,2663,0.914252549580,0.915786530368,75,7.5,26,0,2613,2607,0.851359337277,0.842155452549,76,7.6,27,1,2592,2587,0.791534086549,0.783864182610,75,7.5,28,1,2073,2072,0.010737865515,0.009203884727,76,7.6,26,0
1261,2026-09-05T07:31:40.038547+00:00,182261265000000,182261312000000,82.609000000,online_archive,14,0,2089,2088,0.101242732000,0.099708751213,76,7.6,27,0,2662,2663,0.914252549580,0.915786530368,75,7.5,26,0,2613,2607,0.851359337277,0.842155452549,76,7.6,27,1,2592,2587,0.791534086549,0.783864182610,75,7.5,28,1,2073,2072,0.010737865515,0.009203884727,75,7.5,26,0
1262,2026-09-05T07:31:40.085098+00:00,182261328000000,182261359000000,82.656000000,online_archive,14,0,2089,2088,0.101242732000,0.099708751213,76,7.6,27,0,2662,2663,0.914252549580,0.915786530368,75,7.5,26,0,2613,2607,0.851359337277,0.842155452549,76,7.6,27,1,2592,2587,0.791534086549,0.783864182610,75,7.5,28,1,2073,2072,0.010737865515,0.009203884727,76,7.6,26,0
1263,2026-09-05T07:31:40.196566+00:00,182261421000000,182261468000000,82.765000000,fixed_trajectory,14,0,2089,2088,0.101242732000,0.099708751213,76,7.6,27,0,2662,2663,0.914252549580,0.915786530368,75,7.5,26,0,2613,2607,0.851359337277,0.842155452549,76,7.6,27,1,2592,2587,0.791534086549,0.783864182610,75,7.5,28,1,2073,2072,0.010737865515,0.009203884727,76,7.6,26,0
1264,2026-09-05T07:31:40.265783+00:00,182261500000000,182261546000000,82.843000000,fixed_trajectory,14,0,2089,2088,0.101242732000,0.099708751213,76,7.6,27,0,2662,2663,0.914252549580,0.915786530368,75,7.5,26,0,2613,2607,0.851359337277,0.842155452549,76,7.6,27,1,2592,2586,0.791534086549,0.782330201822,75,7.5,28,1,2073,2072,0.010737865515,0.009203884727,75,7.5,26,0
1265,2026-09-05T07:31:40.321551+00:00,182261562000000,182261593000000,82.890000000,fixed_trajectory,14,0,2089,2088,0.101242732000,0.099708751213,76,7.6,27,0,2662,2664,0.914252549580,0.917320511156,75,7.5,26,0,2613,2607,0.851359337277,0.842155452549,76,7.6,27,1,2592,2585,0.791534086549,0.780796221034,75,7.5,28,1,2073,2072,0.010737865515,0.009203884727,75,7.5,26,0
1266,2026-09-05T07:31:40.360626+00:00,182261609000000,182261640000000,82.937000000,fixed_trajectory,14,0,2089,2088,0.101242732000,0.099708751213,76,7.6,27,0,2663,2664,0.915786530368,0.917320511156,75,7.5,26,0,2613,2607,0.851359337277,0.842155452549,76,7.6,27,1,2592,2584,0.791534086549,0.779262240246,75,7.5,28,1,2073,2072,0.010737865515,0.009203884727,76,7.6,26,0
1267,2026-09-05T07:31:40.416310+00:00,182261656000000,182261687000000,82.984000000,fixed_trajectory,14,0,2089,2088,0.101242732000,0.099708751213,76,7.6,27,0,2663,2664,0.915786530368,0.917320511156,75,7.5,26,0,2613,2607,0.851359337277,0.842155452549,76,7.6,27,1,2592,2583,0.791534086549,0.777728259458,75,7.5,28,1,2073,2072,0.010737865515,0.009203884727,76,7.6,26,0
1268,2026-09-05T07:31:40.460503+00:00,182261703000000,182261734000000,83.031000000,fixed_trajectory,14,0,2089,2088,0.101242732000,0.099708751213,76,7.6,27,0,2663,2664,0.915786530368,0.917320511156,75,7.5,26,0,2613,2607,0.851359337277,0.842155452549,76,7.6,27,1,2592,2582,0.791534086549,0.776194278670,75,7.5,28,2,2073,2072,0.010737865515,0.009203884727,75,7.5,26,0
1269,2026-09-05T07:31:40.518495+00:00,182261750000000,182261796000000,83.093000000,fixed_trajectory,14,0,2089,2088,0.101242732000,0.099708751213,76,7.6,27,0,2663,2665,0.915786530368,0.918854491943,75,7.5,26,1,2613,2607,0.851359337277,0.842155452549,76,7.6,27,0,2590,2581,0.788466124973,0.774660297882,75,7.5,28,0,2073,2072,0.010737865515,0.009203884727,75,7.5,26,0
1270,2026-09-05T07:31:40.560085+00:00,182261812000000,182261828000000,83.125000000,online_observation,14,0,2089,2088,0.101242732000,0.099708751213,76,7.6,27,0,2663,2665,0.915786530368,0.918854491943,75,7.5,26,0,2613,2607,0.851359337277,0.842155452549,76,7.6,27,0,2587,2580,0.783864182610,0.773126317094,75,7.5,28,1,2073,2072,0.010737865515,0.009203884727,75,7.5,26,0
1271,2026-09-05T07:31:40.623034+00:00,182261859000000,182261890000000,83.187000000,online_observation,14,0,2089,2088,0.101242732000,0.099708751213,76,7.6,27,0,2663,2665,0.915786530368,0.918854491943,75,7.5,26,1,2613,2607,0.851359337277,0.842155452549,76,7.6,27,1,2586,2580,0.782330201822,0.773126317094,75,7.5,28,2,2073,2072,0.010737865515,0.009203884727,76,7.6,26,0
1272,2026-09-05T07:31:40.671884+00:00,182261906000000,182261953000000,83.250000000,online_observation,14,0,2089,2088,0.101242732000,0.099708751213,76,7.6,27,0,2663,2665,0.915786530368,0.918854491943,75,7.5,26,1,2613,2607,0.851359337277,0.842155452549,76,7.6,27,1,2586,2580,0.782330201822,0.773126317094,75,7.5,28,1,2073,2072,0.010737865515,0.009203884727,75,7.5,26,0
1273,2026-09-05T07:31:40.725009+00:00,182261968000000,182262000000000,83.297000000,online_observation,14,0,2089,2088,0.101242732000,0.099708751213,76,7.6,27,0,2663,2665,0.915786530368,0.918854491943,75,7.5,26,1,2613,2607,0.851359337277,0.842155452549,76,7.6,27,1,2586,2580,0.782330201822,0.773126317094,75,7.5,28,1,2073,2072,0.010737865515,0.009203884727,75,7.5,26,0
1274,2026-09-05T07:31:40.783412+00:00,182262015000000,182262062000000,83.359000000,online_observation,14,0,2089,2088,0.101242732000,0.099708751213,76,7.6,27,0,2663,2665,0.915786530368,0.918854491943,75,7.5,26,1,2613,2607,0.851359337277,0.842155452549,76,7.6,27,1,2586,2580,0.782330201822,0.773126317094,75,7.5,28,1,2073,2072,0.010737865515,0.009203884727,75,7.5,26,0
1275,2026-09-05T07:31:40.835359+00:00,182262078000000,182262109000000,83.406000000,online_observation,14,0,2089,2088,0.101242732000,0.099708751213,76,7.6,27,0,2663,2665,0.915786530368,0.918854491943,75,7.5,26,0,2613,2607,0.851359337277,0.842155452549,76,7.6,27,1,2586,2580,0.782330201822,0.773126317094,75,7.5,28,1,2073,2072,0.010737865515,0.009203884727,75,7.5,26,0
1276,2026-09-05T07:31:40.885999+00:00,182262125000000,182262156000000,83.453000000,online_observation,14,0,2089,2088,0.101242732000,0.099708751213,76,7.6,27,0,2663,2665,0.915786530368,0.918854491943,75,7.5,26,0,2613,2607,0.851359337277,0.842155452549,76,7.6,27,0,2586,2580,0.782330201822,0.773126317094,75,7.5,28,0,2073,2072,0.010737865515,0.009203884727,75,7.5,26,0
1277,2026-09-05T07:31:40.948174+00:00,182262171000000,182262218000000,83.515000000,online_inference,15,0,2089,2088,0.101242732000,0.099708751213,76,7.6,27,0,2663,2665,0.915786530368,0.918854491943,75,7.5,26,1,2613,2607,0.851359337277,0.842155452549,76,7.6,27,1,2586,2580,0.782330201822,0.773126317094,75,7.5,28,1,2073,2072,0.010737865515,0.009203884727,76,7.6,26,0
1278,2026-09-05T07:31:41.005508+00:00,182262234000000,182262281000000,83.578000000,online_inference,15,0,2089,2088,0.101242732000,0.099708751213,76,7.6,27,0,2663,2665,0.915786530368,0.918854491943,75,7.5,26,1,2613,2607,0.851359337277,0.842155452549,76,7.6,27,1,2586,2580,0.782330201822,0.773126317094,75,7.5,28,1,2073,2072,0.010737865515,0.009203884727,75,7.5,26,0
1279,2026-09-05T07:31:41.077436+00:00,182262296000000,182262359000000,83.656000000,online_inference,15,0,2089,2088,0.101242732000,0.099708751213,76,7.6,27,0,2663,2665,0.915786530368,0.918854491943,75,7.5,26,1,2613,2607,0.851359337277,0.842155452549,76,7.6,27,1,2586,2580,0.782330201822,0.773126317094,75,7.5,28,1,2073,2072,0.010737865515,0.009203884727,75,7.5,26,0
1280,2026-09-05T07:31:41.156987+00:00,182262375000000,182262437000000,83.734000000,online_inference,15,0,2089,2088,0.101242732000,0.099708751213,76,7.6,27,0,2663,2665,0.915786530368,0.918854491943,75,7.5,26,1,2613,2607,0.851359337277,0.842155452549,76,7.6,27,1,2586,2580,0.782330201822,0.773126317094,75,7.5,28,1,2073,2072,0.010737865515,0.009203884727,75,7.5,26,0
1281,2026-09-05T07:31:41.233433+00:00,182262453000000,182262515000000,83.812000000,online_inference,15,0,2089,2088,0.101242732000,0.099708751213,76,7.6,27,0,2663,2665,0.915786530368,0.918854491943,75,7.5,26,0,2613,2607,0.851359337277,0.842155452549,76,7.6,27,1,2586,2580,0.782330201822,0.773126317094,75,7.5,29,1,2073,2072,0.010737865515,0.009203884727,76,7.6,26,0
1282,2026-09-05T07:31:41.320287+00:00,182262546000000,182262593000000,83.890000000,online_inference,15,0,2089,2088,0.101242732000,0.099708751213,76,7.6,27,0,2663,2665,0.915786530368,0.918854491943,75,7.5,26,1,2613,2607,0.851359337277,0.842155452549,76,7.6,27,1,2586,2580,0.782330201822,0.773126317094,75,7.5,28,1,2073,2072,0.010737865515,0.009203884727,76,7.6,26,0
1283,2026-09-05T07:31:41.374968+00:00,182262609000000,182262656000000,83.953000000,online_inference,15,0,2089,2088,0.101242732000,0.099708751213,76,7.6,27,0,2663,2665,0.915786530368,0.918854491943,75,7.5,26,0,2613,2607,0.851359337277,0.842155452549,76,7.6,27,1,2586,2580,0.782330201822,0.773126317094,75,7.5,28,1,2073,2072,0.010737865515,0.009203884727,75,7.5,26,0
1284,2026-09-05T07:31:41.438100+00:00,182262671000000,182262718000000,84.015000000,online_inference,15,0,2089,2088,0.101242732000,0.099708751213,76,7.6,27,0,2663,2665,0.915786530368,0.918854491943,75,7.5,26,1,2613,2607,0.851359337277,0.842155452549,76,7.6,27,1,2586,2580,0.782330201822,0.773126317094,75,7.5,28,1,2073,2072,0.010737865515,0.009203884727,75,7.5,26,0
1285,2026-09-05T07:31:41.492994+00:00,182262734000000,182262765000000,84.062000000,online_inference,15,0,2089,2088,0.101242732000,0.099708751213,76,7.6,27,0,2663,2665,0.915786530368,0.918854491943,75,7.5,26,1,2613,2607,0.851359337277,0.842155452549,76,7.6,27,1,2586,2580,0.782330201822,0.773126317094,75,7.5,28,1,2073,2072,0.010737865515,0.009203884727,75,7.5,26,0
1286,2026-09-05T07:31:41.551681+00:00,182262781000000,182262828000000,84.125000000,online_inference,15,0,2089,2088,0.101242732000,0.099708751213,76,7.6,28,0,2663,2665,0.915786530368,0.918854491943,75,7.5,26,0,2613,2607,0.851359337277,0.842155452549,76,7.6,27,1,2586,2580,0.782330201822,0.773126317094,75,7.5,28,1,2073,2072,0.010737865515,0.009203884727,76,7.6,26,0
1287,2026-09-05T07:31:41.602977+00:00,182262843000000,182262875000000,84.172000000,online_inference,15,0,2089,2088,0.101242732000,0.099708751213,76,7.6,27,0,2663,2665,0.915786530368,0.918854491943,75,7.5,26,1,2613,2607,0.851359337277,0.842155452549,76,7.6,27,1,2586,2580,0.782330201822,0.773126317094,75,7.5,28,1,2073,2072,0.010737865515,0.009203884727,76,7.6,26,0
1288,2026-09-05T07:31:41.653961+00:00,182262890000000,182262921000000,84.218000000,online_inference,15,0,2089,2088,0.101242732000,0.099708751213,76,7.6,27,0,2663,2665,0.915786530368,0.918854491943,75,7.5,26,1,2613,2607,0.851359337277,0.842155452549,75,7.5,27,1,2586,2580,0.782330201822,0.773126317094,75,7.5,28,0,2073,2072,0.010737865515,0.009203884727,75,7.5,26,0
1289,2026-09-05T07:31:41.708119+00:00,182262937000000,182262984000000,84.281000000,online_inference,15,0,2089,2088,0.101242732000,0.099708751213,76,7.6,27,0,2663,2665,0.915786530368,0.918854491943,75,7.5,26,0,2613,2607,0.851359337277,0.842155452549,76,7.6,27,1,2586,2580,0.782330201822,0.773126317094,75,7.5,28,2,2073,2072,0.010737865515,0.009203884727,75,7.5,26,0
1290,2026-09-05T07:31:41.771869+00:00,182263000000000,182263046000000,84.343000000,online_inference,15,0,2089,2088,0.101242732000,0.099708751213,76,7.6,27,0,2663,2665,0.915786530368,0.918854491943,75,7.5,26,0,2613,2607,0.851359337277,0.842155452549,76,7.6,27,1,2586,2580,0.782330201822,0.773126317094,75,7.5,28,1,2073,2072,0.010737865515,0.009203884727,76,7.6,26,0
1291,2026-09-05T07:31:41.862337+00:00,182263078000000,182263140000000,84.437000000,online_inference,15,0,2089,2088,0.101242732000,0.099708751213,76,7.6,27,0,2663,2665,0.915786530368,0.918854491943,75,7.5,26,0,2613,2607,0.851359337277,0.842155452549,76,7.6,27,1,2586,2580,0.782330201822,0.773126317094,75,7.5,28,1,2073,2072,0.010737865515,0.009203884727,75,7.5,26,0
1292,2026-09-05T07:31:41.929050+00:00,182263156000000,182263203000000,84.500000000,online_inference,15,0,2089,2088,0.101242732000,0.099708751213,76,7.6,27,0,2663,2665,0.915786530368,0.918854491943,75,7.5,26,0,2613,2607,0.851359337277,0.842155452549,76,7.6,27,1,2586,2580,0.782330201822,0.773126317094,75,7.5,28,1,2073,2072,0.010737865515,0.009203884727,76,7.6,26,0
1293,2026-09-05T07:31:41.996623+00:00,182263218000000,182263265000000,84.562000000,online_inference,15,0,2089,2088,0.101242732000,0.099708751213,76,7.6,27,0,2663,2665,0.915786530368,0.918854491943,75,7.5,26,0,2613,2607,0.851359337277,0.842155452549,76,7.6,27,1,2586,2580,0.782330201822,0.773126317094,75,7.5,28,1,2073,2072,0.010737865515,0.009203884727,76,7.6,26,0
1294,2026-09-05T07:31:42.051479+00:00,182263281000000,182263328000000,84.625000000,online_inference,15,0,2089,2088,0.101242732000,0.099708751213,76,7.6,27,0,2663,2665,0.915786530368,0.918854491943,75,7.5,26,1,2613,2607,0.851359337277,0.842155452549,76,7.6,27,1,2586,2580,0.782330201822,0.773126317094,75,7.5,28,0,2073,2072,0.010737865515,0.009203884727,76,7.6,26,0
1295,2026-09-05T07:31:42.121713+00:00,182263343000000,182263390000000,84.687000000,online_inference,15,0,2089,2088,0.101242732000,0.099708751213,76,7.6,27,0,2663,2665,0.915786530368,0.918854491943,75,7.5,26,1,2613,2607,0.851359337277,0.842155452549,76,7.6,27,1,2586,2580,0.782330201822,0.773126317094,75,7.5,28,1,2073,2072,0.010737865515,0.009203884727,75,7.5,26,0
1296,2026-09-05T07:31:42.185237+00:00,182263406000000,182263453000000,84.750000000,online_inference,15,0,2089,2088,0.101242732000,0.099708751213,76,7.6,27,0,2663,2665,0.915786530368,0.918854491943,75,7.5,26,1,2613,2607,0.851359337277,0.842155452549,76,7.6,27,1,2586,2580,0.782330201822,0.773126317094,75,7.5,28,1,2073,2072,0.010737865515,0.009203884727,75,7.5,26,0
1297,2026-09-05T07:31:42.261373+00:00,182263484000000,182263531000000,84.828000000,online_inference,15,0,2089,2088,0.101242732000,0.099708751213,76,7.6,27,0,2663,2665,0.915786530368,0.918854491943,75,7.5,26,0,2613,2607,0.851359337277,0.842155452549,76,7.6,27,1,2586,2580,0.782330201822,0.773126317094,75,7.5,28,1,2073,2072,0.010737865515,0.009203884727,75,7.5,26,0
1298,2026-09-05T07:31:42.325637+00:00,182263546000000,182263593000000,84.890000000,online_inference,15,0,2089,2088,0.101242732000,0.099708751213,76,7.6,27,0,2663,2665,0.915786530368,0.918854491943,75,7.5,26,0,2613,2607,0.851359337277,0.842155452549,76,7.6,27,2,2586,2580,0.782330201822,0.773126317094,75,7.5,28,1,2073,2072,0.010737865515,0.009203884727,75,7.5,26,0
1299,2026-09-05T07:31:42.429457+00:00,182263640000000,182263703000000,85.000000000,online_inference,15,0,2089,2088,0.101242732000,0.099708751213,76,7.6,27,0,2663,2665,0.915786530368,0.918854491943,75,7.5,26,0,2613,2607,0.851359337277,0.842155452549,76,7.6,27,1,2586,2580,0.782330201822,0.773126317094,75,7.5,28,1,2073,2072,0.010737865515,0.009203884727,75,7.5,26,0
1300,2026-09-05T07:31:42.491582+00:00,182263718000000,182263765000000,85.062000000,online_inference,15,0,2089,2088,0.101242732000,0.099708751213,76,7.6,27,0,2663,2665,0.915786530368,0.918854491943,75,7.5,26,1,2613,2607,0.851359337277,0.842155452549,76,7.6,27,1,2586,2580,0.782330201822,0.773126317094,75,7.5,28,1,2073,2072,0.010737865515,0.009203884727,76,7.6,26,0
1301,2026-09-05T07:31:42.565019+00:00,182263781000000,182263843000000,85.140000000,online_inference,15,0,2089,2088,0.101242732000,0.099708751213,76,7.6,27,0,2663,2665,0.915786530368,0.918854491943,75,7.5,26,0,2613,2607,0.851359337277,0.842155452549,76,7.6,27,0,2585,2580,0.780796221034,0.773126317094,75,7.5,28,1,2073,2072,0.010737865515,0.009203884727,76,7.6,26,0
1302,2026-09-05T07:31:42.628936+00:00,182263859000000,182263906000000,85.203000000,online_inference,15,0,2089,2088,0.101242732000,0.099708751213,76,7.6,27,0,2663,2665,0.915786530368,0.918854491943,75,7.5,26,1,2613,2607,0.851359337277,0.842155452549,76,7.6,27,1,2585,2580,0.780796221034,0.773126317094,75,7.5,28,1,2073,2072,0.010737865515,0.009203884727,75,7.5,26,0
1303,2026-09-05T07:31:42.687636+00:00,182263921000000,182263968000000,85.265000000,online_inference,15,0,2089,2088,0.101242732000,0.099708751213,76,7.6,27,0,2663,2665,0.915786530368,0.918854491943,75,7.5,26,0,2613,2607,0.851359337277,0.842155452549,76,7.6,27,1,2585,2580,0.780796221034,0.773126317094,75,7.5,28,1,2073,2072,0.010737865515,0.009203884727,76,7.6,26,0
1304,2026-09-05T07:31:42.754525+00:00,182263984000000,182264031000000,85.328000000,online_inference,15,0,2089,2088,0.101242732000,0.099708751213,76,7.6,27,0,2663,2665,0.915786530368,0.918854491943,75,7.5,26,1,2613,2607,0.851359337277,0.842155452549,76,7.6,27,1,2585,2580,0.780796221034,0.773126317094,75,7.5,28,0,2073,2072,0.010737865515,0.009203884727,76,7.6,26,0
1305,2026-09-05T07:31:42.822354+00:00,182264046000000,182264093000000,85.390000000,online_inference,15,0,2089,2088,0.101242732000,0.099708751213,76,7.6,27,0,2663,2665,0.915786530368,0.918854491943,75,7.5,26,0,2613,2607,0.851359337277,0.842155452549,76,7.6,27,1,2585,2580,0.780796221034,0.773126317094,75,7.5,28,1,2073,2072,0.010737865515,0.009203884727,76,7.6,26,0
1306,2026-09-05T07:31:42.885387+00:00,182264109000000,182264156000000,85.453000000,online_inference,15,0,2089,2088,0.101242732000,0.099708751213,76,7.6,27,0,2663,2665,0.915786530368,0.918854491943,75,7.5,26,1,2613,2607,0.851359337277,0.842155452549,76,7.6,27,1,2585,2580,0.780796221034,0.773126317094,75,7.5,28,1,2073,2072,0.010737865515,0.009203884727,75,7.5,26,0
1307,2026-09-05T07:31:42.970745+00:00,182264187000000,182264250000000,85.547000000,online_inference,15,0,2089,2088,0.101242732000,0.099708751213,76,7.6,27,0,2663,2665,0.915786530368,0.918854491943,75,7.5,26,1,2613,2607,0.851359337277,0.842155452549,76,7.6,27,1,2585,2580,0.780796221034,0.773126317094,75,7.5,28,1,2073,2072,0.010737865515,0.009203884727,75,7.5,26,0
1308,2026-09-05T07:31:43.031540+00:00,182264265000000,182264312000000,85.609000000,online_inference,15,0,2089,2088,0.101242732000,0.099708751213,76,7.6,27,0,2663,2665,0.915786530368,0.918854491943,75,7.5,26,0,2613,2607,0.851359337277,0.842155452549,76,7.6,27,1,2585,2580,0.780796221034,0.773126317094,75,7.5,28,0,2073,2072,0.010737865515,0.009203884727,76,7.6,26,0
1309,2026-09-05T07:31:43.090592+00:00,182264328000000,182264359000000,85.656000000,online_inference,15,0,2089,2088,0.101242732000,0.099708751213,76,7.6,27,0,2663,2665,0.915786530368,0.918854491943,75,7.5,26,1,2613,2607,0.851359337277,0.842155452549,76,7.6,27,0,2585,2580,0.780796221034,0.773126317094,75,7.5,28,1,2073,2072,0.010737865515,0.009203884727,75,7.5,26,0
1310,2026-09-05T07:31:43.154518+00:00,182264375000000,182264421000000,85.718000000,online_inference,15,0,2089,2088,0.101242732000,0.099708751213,76,7.6,27,0,2663,2665,0.915786530368,0.918854491943,75,7.5,26,0,2613,2607,0.851359337277,0.842155452549,76,7.6,27,1,2585,2580,0.780796221034,0.773126317094,75,7.5,28,1,2073,2072,0.010737865515,0.009203884727,75,7.5,26,0
1311,2026-09-05T07:31:43.219161+00:00,182264453000000,182264500000000,85.797000000,online_inference,15,0,2089,2088,0.101242732000,0.099708751213,76,7.6,27,0,2663,2665,0.915786530368,0.918854491943,75,7.5,26,1,2613,2607,0.851359337277,0.842155452549,76,7.6,27,1,2585,2580,0.780796221034,0.773126317094,75,7.5,28,0,2073,2072,0.010737865515,0.009203884727,76,7.6,26,0
1312,2026-09-05T07:31:43.273957+00:00,182264515000000,182264546000000,85.843000000,online_inference,15,0,2089,2088,0.101242732000,0.099708751213,76,7.6,27,0,2663,2665,0.915786530368,0.918854491943,75,7.5,26,0,2613,2607,0.851359337277,0.842155452549,76,7.6,27,1,2585,2580,0.780796221034,0.773126317094,75,7.5,28,1,2073,2072,0.010737865515,0.009203884727,75,7.5,26,0
1313,2026-09-05T07:31:43.333586+00:00,182264562000000,182264609000000,85.906000000,online_inference,15,0,2089,2088,0.101242732000,0.099708751213,76,7.6,27,0,2663,2665,0.915786530368,0.918854491943,75,7.5,26,1,2613,2607,0.851359337277,0.842155452549,76,7.6,27,0,2585,2580,0.780796221034,0.773126317094,75,7.5,28,1,2073,2072,0.010737865515,0.009203884727,76,7.6,26,0
1314,2026-09-05T07:31:43.386340+00:00,182264625000000,182264656000000,85.953000000,online_inference,15,0,2089,2088,0.101242732000,0.099708751213,76,7.6,27,0,2663,2665,0.915786530368,0.918854491943,75,7.5,26,1,2613,2607,0.851359337277,0.842155452549,76,7.6,27,1,2585,2580,0.780796221034,0.773126317094,75,7.5,28,1,2073,2072,0.010737865515,0.009203884727,75,7.5,26,0
1315,2026-09-05T07:31:43.446713+00:00,182264671000000,182264718000000,86.015000000,online_inference,15,0,2089,2088,0.101242732000,0.099708751213,76,7.6,27,0,2663,2665,0.915786530368,0.918854491943,75,7.5,26,0,2613,2607,0.851359337277,0.842155452549,76,7.6,27,1,2585,2580,0.780796221034,0.773126317094,75,7.5,28,1,2073,2072,0.010737865515,0.009203884727,76,7.6,26,0
1316,2026-09-05T07:31:43.527277+00:00,182264750000000,182264796000000,86.093000000,online_inference,15,0,2089,2088,0.101242732000,0.099708751213,76,7.6,27,0,2663,2665,0.915786530368,0.918854491943,75,7.5,26,0,2613,2607,0.851359337277,0.842155452549,76,7.6,27,1,2585,2580,0.780796221034,0.773126317094,75,7.5,28,0,2073,2072,0.010737865515,0.009203884727,76,7.6,26,0
1317,2026-09-05T07:31:43.583152+00:00,182264812000000,182264859000000,86.156000000,online_inference,15,0,2089,2088,0.101242732000,0.099708751213,76,7.6,27,0,2663,2665,0.915786530368,0.918854491943,75,7.5,26,1,2613,2607,0.851359337277,0.842155452549,76,7.6,27,1,2585,2580,0.780796221034,0.773126317094,75,7.5,28,1,2073,2072,0.010737865515,0.009203884727,75,7.5,26,0
1318,2026-09-05T07:31:43.638392+00:00,182264875000000,182264906000000,86.203000000,online_inference,15,0,2089,2088,0.101242732000,0.099708751213,76,7.6,27,0,2663,2665,0.915786530368,0.918854491943,75,7.5,26,1,2613,2607,0.851359337277,0.842155452549,76,7.6,27,1,2585,2580,0.780796221034,0.773126317094,75,7.5,28,1,2073,2072,0.010737865515,0.009203884727,75,7.5,26,0
1319,2026-09-05T07:31:43.684707+00:00,182264921000000,182264953000000,86.250000000,online_inference,15,0,2089,2088,0.101242732000,0.099708751213,76,7.6,27,0,2663,2665,0.915786530368,0.918854491943,75,7.5,26,0,2613,2607,0.851359337277,0.842155452549,76,7.6,27,1,2585,2580,0.780796221034,0.773126317094,75,7.5,28,1,2073,2072,0.010737865515,0.009203884727,75,7.5,26,0
1320,2026-09-05T07:31:43.736973+00:00,182264968000000,182265015000000,86.312000000,online_inference,15,0,2089,2088,0.101242732000,0.099708751213,76,7.6,27,0,2663,2665,0.915786530368,0.918854491943,75,7.5,26,0,2613,2607,0.851359337277,0.842155452549,76,7.6,27,1,2585,2580,0.780796221034,0.773126317094,75,7.5,28,1,2073,2072,0.010737865515,0.009203884727,76,7.6,26,0
1321,2026-09-05T07:31:43.807054+00:00,182265031000000,182265078000000,86.375000000,online_inference,15,0,2089,2088,0.101242732000,0.099708751213,76,7.6,27,0,2663,2665,0.915786530368,0.918854491943,75,7.5,26,0,2613,2607,0.851359337277,0.842155452549,76,7.6,27,1,2585,2580,0.780796221034,0.773126317094,75,7.5,28,0,2073,2072,0.010737865515,0.009203884727,75,7.5,26,0
1322,2026-09-05T07:31:43.862533+00:00,182265093000000,182265140000000,86.437000000,online_inference,15,0,2089,2088,0.101242732000,0.099708751213,76,7.6,27,0,2663,2665,0.915786530368,0.918854491943,75,7.5,26,1,2613,2607,0.851359337277,0.842155452549,76,7.6,27,1,2585,2580,0.780796221034,0.773126317094,75,7.5,28,0,2073,2072,0.010737865515,0.009203884727,75,7.5,26,0
1323,2026-09-05T07:31:43.927399+00:00,182265156000000,182265203000000,86.500000000,online_inference,15,0,2089,2088,0.101242732000,0.099708751213,76,7.6,27,0,2663,2665,0.915786530368,0.918854491943,75,7.5,26,1,2613,2607,0.851359337277,0.842155452549,76,7.6,27,1,2585,2580,0.780796221034,0.773126317094,75,7.5,28,0,2073,2072,0.010737865515,0.009203884727,75,7.5,26,0
1324,2026-09-05T07:31:43.991396+00:00,182265218000000,182265265000000,86.562000000,online_inference,15,0,2089,2088,0.101242732000,0.099708751213,76,7.6,27,0,2663,2665,0.915786530368,0.918854491943,75,7.5,26,1,2613,2607,0.851359337277,0.842155452549,76,7.6,27,0,2585,2580,0.780796221034,0.773126317094,75,7.5,28,1,2073,2072,0.010737865515,0.009203884727,76,7.6,26,0
1325,2026-09-05T07:31:44.094938+00:00,182265312000000,182265375000000,86.672000000,online_inference,15,0,2089,2088,0.101242732000,0.099708751213,76,7.6,27,0,2663,2665,0.915786530368,0.918854491943,75,7.5,26,1,2613,2607,0.851359337277,0.842155452549,76,7.6,27,1,2585,2580,0.780796221034,0.773126317094,75,7.5,28,1,2073,2072,0.010737865515,0.009203884727,76,7.6,26,0
1326,2026-09-05T07:31:44.164042+00:00,182265390000000,182265437000000,86.734000000,online_inference,15,0,2089,2088,0.101242732000,0.099708751213,76,7.6,27,0,2663,2665,0.915786530368,0.918854491943,75,7.5,26,1,2613,2607,0.851359337277,0.842155452549,76,7.6,27,1,2585,2580,0.780796221034,0.773126317094,75,7.5,28,1,2073,2072,0.010737865515,0.009203884727,75,7.5,26,0
1327,2026-09-05T07:31:44.219843+00:00,182265453000000,182265500000000,86.797000000,online_inference,15,0,2089,2088,0.101242732000,0.099708751213,76,7.6,27,0,2663,2665,0.915786530368,0.918854491943,75,7.5,26,1,2613,2607,0.851359337277,0.842155452549,76,7.6,27,0,2585,2580,0.780796221034,0.773126317094,75,7.5,28,0,2073,2072,0.010737865515,0.009203884727,76,7.6,26,0
1328,2026-09-05T07:31:44.287208+00:00,182265515000000,182265562000000,86.859000000,online_inference,15,0,2089,2088,0.101242732000,0.099708751213,76,7.6,27,0,2663,2665,0.915786530368,0.918854491943,75,7.5,26,1,2613,2607,0.851359337277,0.842155452549,76,7.6,27,1,2585,2580,0.780796221034,0.773126317094,75,7.5,28,1,2073,2072,0.010737865515,0.009203884727,75,7.5,26,0
1329,2026-09-05T07:31:44.350429+00:00,182265578000000,182265625000000,86.922000000,online_inference,15,0,2089,2088,0.101242732000,0.099708751213,76,7.6,27,0,2663,2665,0.915786530368,0.918854491943,75,7.5,26,0,2613,2607,0.851359337277,0.842155452549,76,7.6,27,1,2585,2580,0.780796221034,0.773126317094,75,7.5,28,1,2073,2072,0.010737865515,0.009203884727,75,7.5,26,0
1330,2026-09-05T07:31:44.403601+00:00,182265640000000,182265671000000,86.968000000,online_inference,15,0,2089,2088,0.101242732000,0.099708751213,76,7.6,27,0,2663,2665,0.915786530368,0.918854491943,75,7.5,26,0,2613,2607,0.851359337277,0.842155452549,76,7.6,27,2,2585,2580,0.780796221034,0.773126317094,75,7.5,28,1,2073,2072,0.010737865515,0.009203884727,75,7.5,26,0
1331,2026-09-05T07:31:44.456633+00:00,182265687000000,182265734000000,87.031000000,online_inference,15,0,2089,2088,0.101242732000,0.099708751213,76,7.6,27,0,2663,2665,0.915786530368,0.918854491943,75,7.5,26,0,2613,2607,0.851359337277,0.842155452549,76,7.6,27,1,2585,2580,0.780796221034,0.773126317094,75,7.5,28,1,2073,2072,0.010737865515,0.009203884727,75,7.5,26,0
1332,2026-09-05T07:31:44.526094+00:00,182265750000000,182265796000000,87.093000000,online_inference,15,0,2089,2088,0.101242732000,0.099708751213,76,7.6,27,0,2663,2665,0.915786530368,0.918854491943,75,7.5,26,0,2613,2607,0.851359337277,0.842155452549,76,7.6,27,1,2585,2580,0.780796221034,0.773126317094,75,7.5,28,1,2073,2072,0.010737865515,0.009203884727,75,7.5,26,0
1333,2026-09-05T07:31:44.623185+00:00,182265828000000,182265890000000,87.187000000,online_inference,15,0,2089,2088,0.101242732000,0.099708751213,76,7.6,27,0,2663,2665,0.915786530368,0.918854491943,75,7.5,26,1,2613,2607,0.851359337277,0.842155452549,76,7.6,27,0,2585,2580,0.780796221034,0.773126317094,75,7.5,28,1,2073,2072,0.010737865515,0.009203884727,75,7.5,26,0
1334,2026-09-05T07:31:44.668459+00:00,182265906000000,182265937000000,87.234000000,online_inference,15,0,2089,2088,0.101242732000,0.099708751213,76,7.6,27,0,2663,2665,0.915786530368,0.918854491943,75,7.5,26,1,2613,2607,0.851359337277,0.842155452549,76,7.6,27,1,2585,2580,0.780796221034,0.773126317094,75,7.5,28,1,2073,2072,0.010737865515,0.009203884727,75,7.5,26,0
1335,2026-09-05T07:31:44.726985+00:00,182265953000000,182266000000000,87.297000000,online_inference,15,0,2089,2088,0.101242732000,0.099708751213,76,7.6,27,0,2663,2665,0.915786530368,0.918854491943,75,7.5,26,0,2613,2607,0.851359337277,0.842155452549,76,7.6,27,1,2585,2580,0.780796221034,0.773126317094,75,7.5,28,1,2073,2072,0.010737865515,0.009203884727,76,7.6,26,0
1336,2026-09-05T07:31:44.791430+00:00,182266015000000,182266062000000,87.359000000,online_inference,15,0,2089,2088,0.101242732000,0.099708751213,76,7.6,27,0,2663,2665,0.915786530368,0.918854491943,75,7.5,26,0,2613,2607,0.851359337277,0.842155452549,76,7.6,27,1,2585,2580,0.780796221034,0.773126317094,75,7.5,28,0,2073,2072,0.010737865515,0.009203884727,76,7.6,26,0
1337,2026-09-05T07:31:44.847312+00:00,182266078000000,182266125000000,87.422000000,online_inference,15,0,2089,2088,0.101242732000,0.099708751213,76,7.6,27,0,2663,2665,0.915786530368,0.918854491943,75,7.5,26,0,2613,2607,0.851359337277,0.842155452549,76,7.6,27,0,2585,2580,0.780796221034,0.773126317094,75,7.5,28,1,2073,2072,0.010737865515,0.009203884727,76,7.6,26,0
1338,2026-09-05T07:31:44.927081+00:00,182266140000000,182266203000000,87.500000000,online_inference,15,0,2089,2088,0.101242732000,0.099708751213,76,7.6,27,0,2663,2665,0.915786530368,0.918854491943,75,7.5,26,0,2613,2607,0.851359337277,0.842155452549,76,7.6,27,0,2585,2580,0.780796221034,0.773126317094,75,7.5,28,1,2073,2072,0.010737865515,0.009203884727,75,7.5,26,0
1339,2026-09-05T07:31:44.987442+00:00,182266218000000,182266265000000,87.562000000,online_inference,15,0,2089,2088,0.101242732000,0.099708751213,76,7.6,27,0,2663,2665,0.915786530368,0.918854491943,75,7.5,26,1,2613,2607,0.851359337277,0.842155452549,76,7.6,27,0,2585,2580,0.780796221034,0.773126317094,75,7.5,28,1,2073,2072,0.010737865515,0.009203884727,75,7.5,26,0
1340,2026-09-05T07:31:45.056414+00:00,182266281000000,182266328000000,87.625000000,online_archive,15,0,2089,2088,0.101242732000,0.099708751213,76,7.6,27,0,2663,2665,0.915786530368,0.918854491943,75,7.5,26,1,2613,2607,0.851359337277,0.842155452549,76,7.6,27,1,2585,2580,0.780796221034,0.773126317094,75,7.5,28,1,2073,2072,0.010737865515,0.009203884727,75,7.5,26,0
1341,2026-09-05T07:31:45.128099+00:00,182266359000000,182266406000000,87.703000000,online_archive,15,0,2089,2088,0.101242732000,0.099708751213,76,7.6,27,0,2663,2665,0.915786530368,0.918854491943,75,7.5,26,0,2613,2607,0.851359337277,0.842155452549,76,7.6,27,1,2585,2580,0.780796221034,0.773126317094,75,7.5,28,1,2073,2072,0.010737865515,0.009203884727,75,7.5,26,0
1342,2026-09-05T07:31:45.236817+00:00,182266468000000,182266515000000,87.812000000,fixed_trajectory,15,0,2089,2088,0.101242732000,0.099708751213,76,7.6,27,0,2663,2665,0.915786530368,0.918854491943,75,7.5,26,1,2613,2607,0.851359337277,0.842155452549,76,7.6,27,1,2585,2580,0.780796221034,0.773126317094,75,7.5,28,1,2073,2072,0.010737865515,0.009203884727,75,7.5,26,0
1343,2026-09-05T07:31:45.299426+00:00,182266531000000,182266578000000,87.875000000,fixed_trajectory,15,0,2089,2088,0.101242732000,0.099708751213,76,7.6,27,0,2663,2665,0.915786530368,0.918854491943,75,7.5,26,0,2613,2607,0.851359337277,0.842155452549,76,7.6,27,1,2585,2579,0.780796221034,0.771592336306,75,7.5,28,2,2073,2072,0.010737865515,0.009203884727,75,7.5,26,0
1344,2026-09-05T07:31:45.350609+00:00,182266593000000,182266625000000,87.922000000,fixed_trajectory,15,0,2089,2088,0.101242732000,0.099708751213,76,7.6,27,0,2663,2665,0.915786530368,0.918854491943,75,7.5,26,0,2613,2607,0.851359337277,0.842155452549,76,7.6,27,1,2585,2578,0.780796221034,0.770058355519,75,7.5,28,1,2073,2072,0.010737865515,0.009203884727,76,7.6,26,0
1345,2026-09-05T07:31:45.406852+00:00,182266640000000,182266687000000,87.984000000,fixed_trajectory,15,0,2089,2088,0.101242732000,0.099708751213,76,7.6,27,0,2663,2666,0.915786530368,0.920388472731,75,7.5,26,1,2613,2607,0.851359337277,0.842155452549,76,7.6,27,0,2585,2577,0.780796221034,0.768524374731,75,7.5,28,2,2073,2072,0.010737865515,0.009203884727,75,7.5,26,0
1346,2026-09-05T07:31:45.460036+00:00,182266703000000,182266734000000,88.031000000,fixed_trajectory,15,0,2089,2088,0.101242732000,0.099708751213,76,7.6,27,0,2663,2666,0.915786530368,0.920388472731,75,7.5,26,1,2613,2607,0.851359337277,0.842155452549,76,7.6,27,1,2585,2576,0.780796221034,0.766990393943,75,7.5,28,2,2073,2072,0.010737865515,0.009203884727,76,7.6,26,0
1347,2026-09-05T07:31:45.509823+00:00,182266750000000,182266781000000,88.078000000,fixed_trajectory,15,0,2089,2088,0.101242732000,0.099708751213,76,7.6,27,0,2663,2666,0.915786530368,0.920388472731,75,7.5,26,1,2613,2607,0.851359337277,0.842155452549,76,7.6,27,1,2585,2575,0.780796221034,0.765456413155,75,7.5,28,1,2073,2072,0.010737865515,0.009203884727,76,7.6,26,0
1348,2026-09-05T07:31:45.558861+00:00,182266796000000,182266828000000,88.125000000,online_observation,15,0,2089,2088,0.101242732000,0.099708751213,76,7.6,27,0,2663,2666,0.915786530368,0.920388472731,75,7.5,26,1,2613,2607,0.851359337277,0.842155452549,76,7.6,27,1,2585,2574,0.780796221034,0.763922432367,75,7.5,28,1,2073,2072,0.010737865515,0.009203884727,75,7.5,26,0
1349,2026-09-05T07:31:45.610393+00:00,182266843000000,182266890000000,88.187000000,online_observation,15,0,2089,2088,0.101242732000,0.099708751213,76,7.6,27,0,2663,2666,0.915786530368,0.920388472731,75,7.5,26,1,2613,2607,0.851359337277,0.842155452549,76,7.6,27,1,2581,2574,0.774660297882,0.763922432367,75,7.5,28,1,2073,2072,0.010737865515,0.009203884727,75,7.5,26,0
1350,2026-09-05T07:31:45.691458+00:00,182266921000000,182266968000000,88.265000000,online_observation,15,0,2089,2088,0.101242732000,0.099708751213,76,7.6,27,0,2664,2666,0.917320511156,0.920388472731,75,7.5,26,1,2613,2607,0.851359337277,0.842155452549,76,7.6,27,1,2579,2574,0.771592336306,0.763922432367,75,7.5,28,1,2073,2072,0.010737865515,0.009203884727,76,7.6,26,0
1351,2026-09-05T07:31:45.748797+00:00,182266984000000,182267031000000,88.328000000,online_observation,15,0,2089,2088,0.101242732000,0.099708751213,76,7.6,27,0,2666,2666,0.920388472731,0.920388472731,75,7.5,26,0,2613,2607,0.851359337277,0.842155452549,76,7.6,27,1,2579,2574,0.771592336306,0.763922432367,75,7.5,28,0,2073,2072,0.010737865515,0.009203884727,75,7.5,26,0
1352,2026-09-05T07:31:45.801913+00:00,182267046000000,182267078000000,88.375000000,online_observation,15,0,2089,2088,0.101242732000,0.099708751213,76,7.6,27,0,2666,2666,0.920388472731,0.920388472731,75,7.5,26,0,2613,2607,0.851359337277,0.842155452549,76,7.6,27,1,2579,2574,0.771592336306,0.763922432367,75,7.5,28,0,2073,2072,0.010737865515,0.009203884727,75,7.5,26,0
1353,2026-09-05T07:31:45.860682+00:00,182267093000000,182267140000000,88.437000000,online_observation,15,0,2089,2088,0.101242732000,0.099708751213,76,7.6,27,0,2666,2666,0.920388472731,0.920388472731,75,7.5,26,0,2613,2607,0.851359337277,0.842155452549,76,7.6,27,1,2579,2574,0.771592336306,0.763922432367,75,7.5,28,1,2073,2072,0.010737865515,0.009203884727,76,7.6,26,0
1354,2026-09-05T07:31:45.923061+00:00,182267156000000,182267203000000,88.500000000,online_inference,16,0,2089,2088,0.101242732000,0.099708751213,76,7.6,27,0,2666,2666,0.920388472731,0.920388472731,75,7.5,26,0,2613,2607,0.851359337277,0.842155452549,76,7.6,27,1,2579,2574,0.771592336306,0.763922432367,75,7.5,28,1,2073,2072,0.010737865515,0.009203884727,75,7.5,26,0
1355,2026-09-05T07:31:45.997962+00:00,182267218000000,182267265000000,88.562000000,online_inference,16,0,2089,2088,0.101242732000,0.099708751213,76,7.6,27,0,2666,2666,0.920388472731,0.920388472731,75,7.5,26,0,2613,2607,0.851359337277,0.842155452549,76,7.6,27,1,2579,2574,0.771592336306,0.763922432367,75,7.5,28,1,2073,2072,0.010737865515,0.009203884727,76,7.6,26,0
1356,2026-09-05T07:31:46.088141+00:00,182267296000000,182267359000000,88.656000000,online_inference,16,0,2089,2088,0.101242732000,0.099708751213,76,7.6,27,0,2666,2666,0.920388472731,0.920388472731,75,7.5,26,0,2613,2607,0.851359337277,0.842155452549,76,7.6,27,1,2579,2574,0.771592336306,0.763922432367,75,7.5,28,1,2073,2072,0.010737865515,0.009203884727,76,7.6,26,0
1357,2026-09-05T07:31:46.166295+00:00,182267375000000,182267437000000,88.734000000,online_inference,16,0,2089,2088,0.101242732000,0.099708751213,76,7.6,27,0,2666,2666,0.920388472731,0.920388472731,75,7.5,26,0,2613,2607,0.851359337277,0.842155452549,76,7.6,27,1,2579,2574,0.771592336306,0.763922432367,75,7.5,28,1,2073,2072,0.010737865515,0.009203884727,76,7.6,26,0
1358,2026-09-05T07:31:46.262940+00:00,182267484000000,182267531000000,88.828000000,online_inference,16,0,2089,2088,0.101242732000,0.099708751213,76,7.6,27,0,2666,2666,0.920388472731,0.920388472731,75,7.5,26,0,2613,2607,0.851359337277,0.842155452549,76,7.6,27,1,2579,2574,0.771592336306,0.763922432367,75,7.5,28,1,2073,2072,0.010737865515,0.009203884727,75,7.5,26,0
1359,2026-09-05T07:31:46.322231+00:00,182267546000000,182267593000000,88.890000000,online_inference,16,0,2089,2088,0.101242732000,0.099708751213,76,7.6,27,0,2666,2666,0.920388472731,0.920388472731,75,7.5,26,0,2613,2607,0.851359337277,0.842155452549,76,7.6,27,1,2579,2574,0.771592336306,0.763922432367,75,7.5,28,1,2073,2072,0.010737865515,0.009203884727,75,7.5,26,0
1360,2026-09-05T07:31:46.391023+00:00,182267609000000,182267671000000,88.968000000,online_inference,16,0,2089,2088,0.101242732000,0.099708751213,76,7.6,27,0,2666,2666,0.920388472731,0.920388472731,75,7.5,26,0,2613,2607,0.851359337277,0.842155452549,76,7.6,27,1,2579,2574,0.771592336306,0.763922432367,75,7.5,28,1,2073,2072,0.010737865515,0.009203884727,76,7.6,26,0
1361,2026-09-05T07:31:46.458796+00:00,182267687000000,182267734000000,89.031000000,online_inference,16,0,2089,2088,0.101242732000,0.099708751213,76,7.6,27,0,2666,2666,0.920388472731,0.920388472731,75,7.5,26,0,2613,2607,0.851359337277,0.842155452549,76,7.6,27,1,2579,2574,0.771592336306,0.763922432367,75,7.5,28,1,2073,2072,0.010737865515,0.009203884727,76,7.6,26,0
1362,2026-09-05T07:31:46.523250+00:00,182267750000000,182267796000000,89.093000000,online_inference,16,0,2089,2088,0.101242732000,0.099708751213,76,7.6,27,0,2666,2666,0.920388472731,0.920388472731,75,7.5,26,0,2613,2607,0.851359337277,0.842155452549,76,7.6,27,0,2579,2574,0.771592336306,0.763922432367,75,7.5,28,1,2073,2072,0.010737865515,0.009203884727,76,7.6,26,0
1363,2026-09-05T07:31:46.590622+00:00,182267812000000,182267859000000,89.156000000,online_inference,16,0,2089,2088,0.101242732000,0.099708751213,76,7.6,27,0,2666,2666,0.920388472731,0.920388472731,75,7.5,26,0,2613,2607,0.851359337277,0.842155452549,76,7.6,27,1,2579,2574,0.771592336306,0.763922432367,75,7.5,28,1,2073,2072,0.010737865515,0.009203884727,75,7.5,26,0
1364,2026-09-05T07:31:46.648078+00:00,182267875000000,182267921000000,89.218000000,online_inference,16,0,2089,2088,0.101242732000,0.099708751213,76,7.6,27,0,2666,2666,0.920388472731,0.920388472731,75,7.5,26,0,2613,2607,0.851359337277,0.842155452549,76,7.6,27,1,2579,2574,0.771592336306,0.763922432367,75,7.5,28,1,2073,2072,0.010737865515,0.009203884727,76,7.6,26,1
1365,2026-09-05T07:31:46.719820+00:00,182267937000000,182268000000000,89.297000000,online_inference,16,0,2089,2088,0.101242732000,0.099708751213,76,7.6,27,0,2666,2666,0.920388472731,0.920388472731,75,7.5,26,0,2613,2607,0.851359337277,0.842155452549,76,7.6,27,1,2579,2574,0.771592336306,0.763922432367,75,7.5,28,0,2073,2072,0.010737865515,0.009203884727,76,7.6,26,0
1366,2026-09-05T07:31:46.810402+00:00,182268031000000,182268078000000,89.375000000,online_inference,16,0,2089,2088,0.101242732000,0.099708751213,76,7.6,27,0,2666,2666,0.920388472731,0.920388472731,75,7.5,26,0,2613,2607,0.851359337277,0.842155452549,76,7.6,27,1,2579,2574,0.771592336306,0.763922432367,75,7.5,28,1,2073,2072,0.010737865515,0.009203884727,76,7.6,26,0
1367,2026-09-05T07:31:46.878917+00:00,182268093000000,182268156000000,89.453000000,online_inference,16,0,2089,2088,0.101242732000,0.099708751213,76,7.6,27,0,2666,2666,0.920388472731,0.920388472731,75,7.5,26,0,2613,2607,0.851359337277,0.842155452549,76,7.6,27,1,2579,2574,0.771592336306,0.763922432367,75,7.5,28,1,2073,2072,0.010737865515,0.009203884727,76,7.6,26,0
1368,2026-09-05T07:31:46.956258+00:00,182268171000000,182268234000000,89.531000000,online_inference,16,0,2089,2088,0.101242732000,0.099708751213,76,7.6,27,0,2666,2666,0.920388472731,0.920388472731,75,7.5,26,0,2613,2607,0.851359337277,0.842155452549,76,7.6,27,0,2579,2574,0.771592336306,0.763922432367,75,7.5,28,1,2073,2072,0.010737865515,0.009203884727,76,7.6,26,0
1369,2026-09-05T07:31:47.016818+00:00,182268250000000,182268296000000,89.593000000,online_inference,16,0,2089,2088,0.101242732000,0.099708751213,76,7.6,27,0,2666,2666,0.920388472731,0.920388472731,75,7.5,26,0,2613,2607,0.851359337277,0.842155452549,76,7.6,27,1,2579,2574,0.771592336306,0.763922432367,75,7.5,28,1,2073,2072,0.010737865515,0.009203884727,76,7.6,26,0
1370,2026-09-05T07:31:47.097832+00:00,182268312000000,182268375000000,89.672000000,online_inference,16,0,2089,2088,0.101242732000,0.099708751213,76,7.6,27,0,2666,2666,0.920388472731,0.920388472731,75,7.5,26,0,2613,2607,0.851359337277,0.842155452549,76,7.6,27,2,2579,2574,0.771592336306,0.763922432367,75,7.5,28,1,2073,2072,0.010737865515,0.009203884727,76,7.6,26,0
1371,2026-09-05T07:31:47.172233+00:00,182268390000000,182268453000000,89.750000000,online_inference,16,0,2089,2088,0.101242732000,0.099708751213,76,7.6,27,0,2666,2666,0.920388472731,0.920388472731,75,7.5,26,0,2613,2607,0.851359337277,0.842155452549,76,7.6,27,1,2579,2574,0.771592336306,0.763922432367,75,7.5,28,1,2073,2072,0.010737865515,0.009203884727,76,7.6,26,0
1372,2026-09-05T07:31:47.239798+00:00,182268468000000,182268515000000,89.812000000,online_inference,16,0,2089,2088,0.101242732000,0.099708751213,76,7.6,27,0,2666,2666,0.920388472731,0.920388472731,75,7.5,26,0,2613,2607,0.851359337277,0.842155452549,76,7.6,27,1,2579,2574,0.771592336306,0.763922432367,75,7.5,28,1,2073,2072,0.010737865515,0.009203884727,76,7.6,26,0
1373,2026-09-05T07:31:47.363505+00:00,182268562000000,182268640000000,89.937000000,online_inference,16,0,2089,2088,0.101242732000,0.099708751213,76,7.6,27,0,2666,2666,0.920388472731,0.920388472731,75,7.5,26,0,2613,2607,0.851359337277,0.842155452549,76,7.6,27,0,2579,2574,0.771592336306,0.763922432367,75,7.5,28,1,2073,2072,0.010737865515,0.009203884727,75,7.5,26,0
1374,2026-09-05T07:31:47.431949+00:00,182268656000000,182268703000000,90.000000000,online_inference,16,0,2089,2088,0.101242732000,0.099708751213,76,7.6,27,0,2666,2666,0.920388472731,0.920388472731,75,7.5,26,0,2613,2607,0.851359337277,0.842155452549,76,7.6,27,1,2579,2574,0.771592336306,0.763922432367,75,7.5,28,1,2073,2072,0.010737865515,0.009203884727,75,7.5,26,0
1375,2026-09-05T07:31:47.491768+00:00,182268718000000,182268765000000,90.062000000,online_inference,16,0,2089,2088,0.101242732000,0.099708751213,76,7.6,27,0,2666,2666,0.920388472731,0.920388472731,75,7.5,26,0,2613,2607,0.851359337277,0.842155452549,76,7.6,27,1,2579,2574,0.771592336306,0.763922432367,75,7.5,28,1,2073,2072,0.010737865515,0.009203884727,75,7.5,26,0
1376,2026-09-05T07:31:47.565043+00:00,182268781000000,182268843000000,90.140000000,online_inference,16,0,2089,2088,0.101242732000,0.099708751213,76,7.6,27,0,2666,2666,0.920388472731,0.920388472731,75,7.5,26,0,2613,2607,0.851359337277,0.842155452549,76,7.6,27,1,2579,2574,0.771592336306,0.763922432367,75,7.5,28,0,2073,2072,0.010737865515,0.009203884727,76,7.6,26,0
1377,2026-09-05T07:31:47.628018+00:00,182268859000000,182268906000000,90.203000000,online_inference,16,0,2089,2088,0.101242732000,0.099708751213,76,7.6,27,0,2666,2666,0.920388472731,0.920388472731,75,7.5,26,0,2613,2607,0.851359337277,0.842155452549,76,7.6,27,1,2579,2574,0.771592336306,0.763922432367,75,7.5,28,0,2073,2072,0.010737865515,0.009203884727,75,7.5,26,0
1378,2026-09-05T07:31:47.708440+00:00,182268921000000,182268984000000,90.281000000,online_inference,16,0,2089,2088,0.101242732000,0.099708751213,76,7.6,27,0,2666,2666,0.920388472731,0.920388472731,75,7.5,26,0,2613,2607,0.851359337277,0.842155452549,76,7.6,27,1,2579,2574,0.771592336306,0.763922432367,75,7.5,28,0,2073,2072,0.010737865515,0.009203884727,76,7.6,26,0
1379,2026-09-05T07:31:47.770436+00:00,182269000000000,182269046000000,90.343000000,online_inference,16,0,2089,2088,0.101242732000,0.099708751213,76,7.6,27,0,2666,2666,0.920388472731,0.920388472731,75,7.5,26,0,2613,2607,0.851359337277,0.842155452549,76,7.6,27,1,2579,2574,0.771592336306,0.763922432367,75,7.5,28,1,2073,2072,0.010737865515,0.009203884727,75,7.5,26,0
1380,2026-09-05T07:31:47.868522+00:00,182269093000000,182269140000000,90.437000000,online_inference,16,0,2089,2088,0.101242732000,0.099708751213,76,7.6,27,0,2666,2666,0.920388472731,0.920388472731,75,7.5,26,0,2613,2607,0.851359337277,0.842155452549,76,7.6,27,1,2579,2574,0.771592336306,0.763922432367,75,7.5,28,1,2073,2072,0.010737865515,0.009203884727,76,7.6,26,0
1381,2026-09-05T07:31:47.942178+00:00,182269156000000,182269218000000,90.515000000,online_inference,16,0,2089,2088,0.101242732000,0.099708751213,76,7.6,27,0,2666,2666,0.920388472731,0.920388472731,75,7.5,26,0,2613,2607,0.851359337277,0.842155452549,76,7.6,27,1,2579,2574,0.771592336306,0.763922432367,75,7.5,28,1,2073,2072,0.010737865515,0.009203884727,76,7.6,26,0
1382,2026-09-05T07:31:48.016224+00:00,182269234000000,182269296000000,90.593000000,online_inference,16,0,2089,2088,0.101242732000,0.099708751213,76,7.6,27,0,2666,2666,0.920388472731,0.920388472731,75,7.5,26,0,2613,2607,0.851359337277,0.842155452549,76,7.6,27,1,2579,2574,0.771592336306,0.763922432367,75,7.5,28,1,2073,2072,0.010737865515,0.009203884727,76,7.6,26,0
1383,2026-09-05T07:31:48.071158+00:00,182269312000000,182269343000000,90.640000000,online_inference,16,0,2089,2088,0.101242732000,0.099708751213,76,7.6,27,0,2666,2666,0.920388472731,0.920388472731,75,7.5,26,0,2613,2607,0.851359337277,0.842155452549,76,7.6,27,1,2579,2574,0.771592336306,0.763922432367,75,7.5,28,1,2073,2072,0.010737865515,0.009203884727,75,7.5,26,0
1384,2026-09-05T07:31:48.149883+00:00,182269359000000,182269421000000,90.718000000,online_inference,16,0,2089,2088,0.101242732000,0.099708751213,76,7.6,27,0,2666,2666,0.920388472731,0.920388472731,75,7.5,26,0,2613,2607,0.851359337277,0.842155452549,76,7.6,27,1,2579,2574,0.771592336306,0.763922432367,75,7.5,28,1,2073,2072,0.010737865515,0.009203884727,75,7.5,26,0
1385,2026-09-05T07:31:48.224868+00:00,182269437000000,182269500000000,90.797000000,online_inference,16,0,2089,2088,0.101242732000,0.099708751213,76,7.6,27,0,2666,2666,0.920388472731,0.920388472731,75,7.5,26,0,2613,2607,0.851359337277,0.842155452549,76,7.6,27,0,2579,2574,0.771592336306,0.763922432367,75,7.5,28,1,2073,2072,0.010737865515,0.009203884727,75,7.5,26,0
1386,2026-09-05T07:31:48.298230+00:00,182269515000000,182269578000000,90.875000000,online_inference,16,0,2089,2088,0.101242732000,0.099708751213,76,7.6,27,0,2666,2666,0.920388472731,0.920388472731,75,7.5,26,0,2613,2607,0.851359337277,0.842155452549,76,7.6,27,1,2579,2574,0.771592336306,0.763922432367,75,7.5,30,1,2073,2072,0.010737865515,0.009203884727,75,7.5,26,0
1387,2026-09-05T07:31:48.410727+00:00,182269625000000,182269687000000,90.984000000,online_inference,16,0,2089,2088,0.101242732000,0.099708751213,76,7.6,27,0,2666,2666,0.920388472731,0.920388472731,75,7.5,26,0,2613,2607,0.851359337277,0.842155452549,76,7.6,27,1,2579,2574,0.771592336306,0.763922432367,75,7.5,28,0,2073,2072,0.010737865515,0.009203884727,76,7.6,26,0
1388,2026-09-05T07:31:48.485590+00:00,182269703000000,182269765000000,91.062000000,online_inference,16,0,2089,2088,0.101242732000,0.099708751213,76,7.6,27,0,2666,2666,0.920388472731,0.920388472731,75,7.5,26,0,2613,2607,0.851359337277,0.842155452549,76,7.6,27,1,2579,2574,0.771592336306,0.763922432367,75,7.5,28,0,2073,2072,0.010737865515,0.009203884727,76,7.6,26,0
1389,2026-09-05T07:31:48.556759+00:00,182269781000000,182269828000000,91.125000000,online_inference,16,0,2089,2088,0.101242732000,0.099708751213,76,7.6,27,0,2666,2666,0.920388472731,0.920388472731,75,7.5,26,0,2613,2607,0.851359337277,0.842155452549,76,7.6,27,1,2579,2574,0.771592336306,0.763922432367,75,7.5,28,0,2073,2072,0.010737865515,0.009203884727,76,7.6,26,0
1390,2026-09-05T07:31:48.622537+00:00,182269843000000,182269890000000,91.187000000,online_inference,16,0,2089,2088,0.101242732000,0.099708751213,76,7.6,27,0,2666,2666,0.920388472731,0.920388472731,75,7.5,26,0,2613,2607,0.851359337277,0.842155452549,76,7.6,27,1,2579,2574,0.771592336306,0.763922432367,75,7.5,28,0,2073,2072,0.010737865515,0.009203884727,76,7.6,26,0
1391,2026-09-05T07:31:48.699112+00:00,182269906000000,182269968000000,91.265000000,online_inference,16,0,2089,2088,0.101242732000,0.099708751213,76,7.6,27,0,2666,2666,0.920388472731,0.920388472731,75,7.5,26,0,2613,2607,0.851359337277,0.842155452549,76,7.6,27,1,2579,2574,0.771592336306,0.763922432367,75,7.5,28,1,2073,2072,0.010737865515,0.009203884727,76,7.6,26,0
1392,2026-09-05T07:31:48.775792+00:00,182269984000000,182270046000000,91.343000000,online_inference,16,0,2089,2088,0.101242732000,0.099708751213,76,7.6,27,0,2666,2666,0.920388472731,0.920388472731,75,7.5,26,0,2613,2607,0.851359337277,0.842155452549,76,7.6,27,1,2579,2574,0.771592336306,0.763922432367,75,7.5,28,1,2073,2072,0.010737865515,0.009203884727,76,7.6,26,0
1393,2026-09-05T07:31:48.824840+00:00,182270062000000,182270093000000,91.390000000,online_inference,16,0,2089,2088,0.101242732000,0.099708751213,76,7.6,27,0,2666,2666,0.920388472731,0.920388472731,75,7.5,26,0,2613,2607,0.851359337277,0.842155452549,76,7.6,27,1,2579,2574,0.771592336306,0.763922432367,75,7.5,28,0,2073,2072,0.010737865515,0.009203884727,76,7.6,26,0
1394,2026-09-05T07:31:48.892033+00:00,182270109000000,182270171000000,91.468000000,online_inference,16,0,2089,2088,0.101242732000,0.099708751213,76,7.6,27,0,2666,2666,0.920388472731,0.920388472731,75,7.5,26,0,2613,2607,0.851359337277,0.842155452549,76,7.6,27,1,2579,2574,0.771592336306,0.763922432367,75,7.5,28,0,2073,2072,0.010737865515,0.009203884727,76,7.6,26,0
1395,2026-09-05T07:31:49.012394+00:00,182270218000000,182270281000000,91.578000000,online_inference,16,0,2089,2088,0.101242732000,0.099708751213,76,7.6,27,0,2666,2666,0.920388472731,0.920388472731,75,7.5,26,0,2613,2607,0.851359337277,0.842155452549,76,7.6,27,1,2579,2574,0.771592336306,0.763922432367,75,7.5,28,1,2073,2072,0.010737865515,0.009203884727,75,7.5,26,0
1396,2026-09-05T07:31:49.089595+00:00,182270296000000,182270359000000,91.656000000,online_inference,16,0,2089,2088,0.101242732000,0.099708751213,76,7.6,27,0,2666,2666,0.920388472731,0.920388472731,75,7.5,26,0,2613,2607,0.851359337277,0.842155452549,76,7.6,27,1,2579,2574,0.771592336306,0.763922432367,75,7.5,28,1,2073,2072,0.010737865515,0.009203884727,76,7.6,26,0
1397,2026-09-05T07:31:49.166487+00:00,182270375000000,182270437000000,91.734000000,online_inference,16,0,2089,2088,0.101242732000,0.099708751213,76,7.6,27,0,2666,2666,0.920388472731,0.920388472731,75,7.5,26,0,2613,2607,0.851359337277,0.842155452549,76,7.6,27,1,2579,2574,0.771592336306,0.763922432367,75,7.5,28,0,2073,2072,0.010737865515,0.009203884727,75,7.5,26,0
1398,2026-09-05T07:31:49.245959+00:00,182270453000000,182270515000000,91.812000000,online_inference,16,0,2089,2088,0.101242732000,0.099708751213,76,7.6,27,0,2666,2666,0.920388472731,0.920388472731,75,7.5,26,0,2613,2607,0.851359337277,0.842155452549,76,7.6,27,1,2579,2574,0.771592336306,0.763922432367,75,7.5,28,1,2073,2072,0.010737865515,0.009203884727,76,7.6,26,0
1399,2026-09-05T07:31:49.306536+00:00,182270531000000,182270578000000,91.875000000,online_inference,16,0,2089,2088,0.101242732000,0.099708751213,76,7.6,27,0,2666,2666,0.920388472731,0.920388472731,75,7.5,26,0,2613,2607,0.851359337277,0.842155452549,76,7.6,27,1,2579,2574,0.771592336306,0.763922432367,75,7.5,28,1,2073,2072,0.010737865515,0.009203884727,76,7.6,26,0
1400,2026-09-05T07:31:49.379988+00:00,182270593000000,182270656000000,91.953000000,online_inference,16,0,2089,2088,0.101242732000,0.099708751213,76,7.6,27,0,2666,2666,0.920388472731,0.920388472731,75,7.5,26,0,2613,2607,0.851359337277,0.842155452549,76,7.6,27,1,2579,2574,0.771592336306,0.763922432367,75,7.5,28,1,2073,2072,0.010737865515,0.009203884727,76,7.6,26,0
1401,2026-09-05T07:31:49.461121+00:00,182270671000000,182270734000000,92.031000000,online_inference,16,0,2089,2088,0.101242732000,0.099708751213,76,7.6,27,0,2666,2666,0.920388472731,0.920388472731,75,7.5,26,0,2613,2607,0.851359337277,0.842155452549,76,7.6,27,0,2579,2574,0.771592336306,0.763922432367,75,7.5,28,0,2073,2072,0.010737865515,0.009203884727,76,7.6,26,0
1402,2026-09-05T07:31:49.579475+00:00,182270781000000,182270859000000,92.156000000,online_inference,16,0,2089,2088,0.101242732000,0.099708751213,76,7.6,27,0,2666,2666,0.920388472731,0.920388472731,75,7.5,26,0,2613,2607,0.851359337277,0.842155452549,76,7.6,27,1,2579,2574,0.771592336306,0.763922432367,75,7.5,28,1,2073,2072,0.010737865515,0.009203884727,76,7.6,26,0
1403,2026-09-05T07:31:49.660278+00:00,182270875000000,182270937000000,92.234000000,online_inference,16,0,2089,2088,0.101242732000,0.099708751213,76,7.6,27,0,2666,2666,0.920388472731,0.920388472731,75,7.5,26,0,2613,2607,0.851359337277,0.842155452549,76,7.6,27,1,2579,2574,0.771592336306,0.763922432367,75,7.5,28,1,2073,2072,0.010737865515,0.009203884727,76,7.6,26,0
1404,2026-09-05T07:31:49.745638+00:00,182270953000000,182271015000000,92.312000000,online_inference,16,0,2089,2088,0.101242732000,0.099708751213,76,7.6,27,0,2666,2666,0.920388472731,0.920388472731,75,7.5,26,0,2613,2607,0.851359337277,0.842155452549,76,7.6,27,1,2579,2574,0.771592336306,0.763922432367,75,7.5,28,1,2073,2072,0.010737865515,0.009203884727,75,7.5,26,0
1405,2026-09-05T07:31:49.818218+00:00,182271031000000,182271093000000,92.390000000,online_inference,16,0,2089,2088,0.101242732000,0.099708751213,76,7.6,27,0,2666,2666,0.920388472731,0.920388472731,75,7.5,26,0,2613,2607,0.851359337277,0.842155452549,76,7.6,27,1,2579,2574,0.771592336306,0.763922432367,75,7.5,28,1,2073,2072,0.010737865515,0.009203884727,75,7.5,26,0
1406,2026-09-05T07:31:49.891517+00:00,182271109000000,182271171000000,92.468000000,online_inference,16,0,2089,2088,0.101242732000,0.099708751213,76,7.6,27,0,2666,2666,0.920388472731,0.920388472731,75,7.5,26,0,2613,2607,0.851359337277,0.842155452549,76,7.6,27,1,2579,2574,0.771592336306,0.763922432367,75,7.5,28,1,2073,2072,0.010737865515,0.009203884727,76,7.6,26,0
1407,2026-09-05T07:31:49.981667+00:00,182271187000000,182271250000000,92.547000000,online_inference,16,0,2089,2088,0.101242732000,0.099708751213,76,7.6,27,0,2666,2666,0.920388472731,0.920388472731,75,7.5,26,0,2613,2607,0.851359337277,0.842155452549,76,7.6,27,1,2579,2574,0.771592336306,0.763922432367,75,7.5,28,1,2073,2072,0.010737865515,0.009203884727,76,7.6,26,0
1408,2026-09-05T07:31:50.046378+00:00,182271265000000,182271328000000,92.625000000,online_inference,16,0,2089,2088,0.101242732000,0.099708751213,76,7.6,27,0,2666,2666,0.920388472731,0.920388472731,75,7.5,26,0,2613,2607,0.851359337277,0.842155452549,76,7.6,27,1,2579,2574,0.771592336306,0.763922432367,75,7.5,28,1,2073,2072,0.010737865515,0.009203884727,75,7.5,26,0
1409,2026-09-05T07:31:50.154046+00:00,182271359000000,182271421000000,92.718000000,online_inference,16,0,2089,2088,0.101242732000,0.099708751213,76,7.6,27,0,2666,2666,0.920388472731,0.920388472731,75,7.5,26,0,2613,2607,0.851359337277,0.842155452549,76,7.6,27,1,2579,2574,0.771592336306,0.763922432367,75,7.5,28,1,2073,2072,0.010737865515,0.009203884727,75,7.5,26,0
1410,2026-09-05T07:31:50.221381+00:00,182271437000000,182271500000000,92.797000000,online_inference,16,0,2089,2088,0.101242732000,0.099708751213,76,7.6,27,0,2666,2666,0.920388472731,0.920388472731,75,7.5,26,0,2613,2607,0.851359337277,0.842155452549,76,7.6,27,1,2579,2574,0.771592336306,0.763922432367,75,7.5,28,0,2073,2072,0.010737865515,0.009203884727,76,7.6,26,0
1411,2026-09-05T07:31:50.305560+00:00,182271515000000,182271578000000,92.875000000,online_inference,16,0,2089,2088,0.101242732000,0.099708751213,76,7.6,27,0,2666,2666,0.920388472731,0.920388472731,75,7.5,26,0,2613,2607,0.851359337277,0.842155452549,76,7.6,27,1,2579,2574,0.771592336306,0.763922432367,75,7.5,28,1,2073,2072,0.010737865515,0.009203884727,76,7.6,26,0
1412,2026-09-05T07:31:50.381691+00:00,182271593000000,182271656000000,92.953000000,online_inference,16,0,2089,2088,0.101242732000,0.099708751213,76,7.6,27,0,2666,2666,0.920388472731,0.920388472731,75,7.5,26,0,2613,2607,0.851359337277,0.842155452549,76,7.6,27,1,2579,2574,0.771592336306,0.763922432367,75,7.5,28,1,2073,2072,0.010737865515,0.009203884727,75,7.5,26,0
1413,2026-09-05T07:31:50.458900+00:00,182271671000000,182271734000000,93.031000000,online_inference,16,0,2089,2088,0.101242732000,0.099708751213,76,7.6,27,0,2666,2666,0.920388472731,0.920388472731,75,7.5,26,0,2613,2607,0.851359337277,0.842155452549,76,7.6,27,1,2579,2574,0.771592336306,0.763922432367,75,7.5,28,0,2073,2072,0.010737865515,0.009203884727,76,7.6,26,0
1414,2026-09-05T07:31:50.522721+00:00,182271750000000,182271796000000,93.093000000,online_inference,16,0,2089,2088,0.101242732000,0.099708751213,76,7.6,27,0,2666,2666,0.920388472731,0.920388472731,75,7.5,26,0,2613,2607,0.851359337277,0.842155452549,76,7.6,27,0,2579,2574,0.771592336306,0.763922432367,75,7.5,28,1,2073,2072,0.010737865515,0.009203884727,76,7.6,26,0
1415,2026-09-05T07:31:50.597376+00:00,182271812000000,182271875000000,93.172000000,online_inference,16,0,2089,2088,0.101242732000,0.099708751213,76,7.6,27,0,2666,2666,0.920388472731,0.920388472731,75,7.5,26,0,2613,2607,0.851359337277,0.842155452549,76,7.6,27,1,2579,2574,0.771592336306,0.763922432367,75,7.5,28,0,2073,2072,0.010737865515,0.009203884727,75,7.5,26,0
1416,2026-09-05T07:31:50.713336+00:00,182271906000000,182271984000000,93.281000000,online_inference,16,0,2089,2088,0.101242732000,0.099708751213,76,7.6,27,0,2666,2666,0.920388472731,0.920388472731,75,7.5,26,0,2613,2607,0.851359337277,0.842155452549,76,7.6,27,1,2579,2574,0.771592336306,0.763922432367,75,7.5,28,1,2073,2072,0.010737865515,0.009203884727,76,7.6,26,0
1417,2026-09-05T07:31:50.771402+00:00,182272000000000,182272046000000,93.343000000,online_inference,16,0,2089,2088,0.101242732000,0.099708751213,76,7.6,27,0,2666,2666,0.920388472731,0.920388472731,75,7.5,26,0,2613,2607,0.851359337277,0.842155452549,76,7.6,27,1,2579,2574,0.771592336306,0.763922432367,75,7.5,28,1,2073,2072,0.010737865515,0.009203884727,71,7.1,26,0
1418,2026-09-05T07:31:50.858867+00:00,182272062000000,182272140000000,93.437000000,online_inference,16,0,2089,2088,0.101242732000,0.099708751213,76,7.6,27,0,2666,2666,0.920388472731,0.920388472731,75,7.5,26,0,2613,2607,0.851359337277,0.842155452549,76,7.6,27,1,2579,2574,0.771592336306,0.763922432367,75,7.5,28,0,2073,2072,0.010737865515,0.009203884727,76,7.6,26,0
1419,2026-09-05T07:31:50.947956+00:00,182272156000000,182272218000000,93.515000000,online_inference,16,0,2089,2088,0.101242732000,0.099708751213,76,7.6,27,0,2666,2666,0.920388472731,0.920388472731,75,7.5,26,0,2613,2607,0.851359337277,0.842155452549,76,7.6,27,1,2579,2574,0.771592336306,0.763922432367,75,7.5,28,0,2073,2072,0.010737865515,0.009203884727,76,7.6,26,0
1420,2026-09-05T07:31:51.012806+00:00,182272234000000,182272281000000,93.578000000,online_inference,16,0,2089,2088,0.101242732000,0.099708751213,76,7.6,27,0,2666,2666,0.920388472731,0.920388472731,75,7.5,26,0,2613,2607,0.851359337277,0.842155452549,76,7.6,27,1,2579,2574,0.771592336306,0.763922432367,75,7.5,28,1,2073,2072,0.010737865515,0.009203884727,75,7.5,26,0
1421,2026-09-05T07:31:51.084576+00:00,182272296000000,182272359000000,93.656000000,online_inference,16,0,2089,2088,0.101242732000,0.099708751213,76,7.6,27,0,2666,2666,0.920388472731,0.920388472731,75,7.5,26,0,2613,2607,0.851359337277,0.842155452549,76,7.6,27,0,2579,2574,0.771592336306,0.763922432367,75,7.5,28,2,2073,2072,0.010737865515,0.009203884727,76,7.6,26,0
1422,2026-09-05T07:31:51.150649+00:00,182272375000000,182272421000000,93.718000000,online_inference,16,0,2089,2088,0.101242732000,0.099708751213,76,7.6,27,0,2666,2666,0.920388472731,0.920388472731,75,7.5,26,0,2613,2607,0.851359337277,0.842155452549,76,7.6,27,1,2579,2574,0.771592336306,0.763922432367,75,7.5,28,1,2073,2072,0.010737865515,0.009203884727,75,7.5,26,0
1423,2026-09-05T07:31:51.264346+00:00,182272468000000,182272546000000,93.843000000,online_inference,16,0,2089,2088,0.101242732000,0.099708751213,76,7.6,27,0,2666,2666,0.920388472731,0.920388472731,75,7.5,26,0,2613,2607,0.851359337277,0.842155452549,76,7.6,27,0,2579,2574,0.771592336306,0.763922432367,75,7.5,28,1,2073,2072,0.010737865515,0.009203884727,75,7.5,26,0
1424,2026-09-05T07:31:51.344327+00:00,182272562000000,182272625000000,93.922000000,online_inference,16,0,2089,2088,0.101242732000,0.099708751213,76,7.6,27,0,2666,2666,0.920388472731,0.920388472731,75,7.5,26,0,2613,2607,0.851359337277,0.842155452549,76,7.6,27,1,2579,2574,0.771592336306,0.763922432367,75,7.5,28,0,2073,2072,0.010737865515,0.009203884727,76,7.6,26,0
1425,2026-09-05T07:31:51.428266+00:00,182272640000000,182272703000000,94.000000000,online_inference,16,0,2089,2088,0.101242732000,0.099708751213,76,7.6,27,0,2666,2666,0.920388472731,0.920388472731,75,7.5,26,0,2613,2607,0.851359337277,0.842155452549,76,7.6,27,1,2579,2574,0.771592336306,0.763922432367,75,7.5,28,1,2073,2072,0.010737865515,0.009203884727,75,7.5,26,0
1426,2026-09-05T07:31:51.483576+00:00,182272718000000,182272750000000,94.062000000,online_inference,16,0,2089,2088,0.101242732000,0.099708751213,76,7.6,28,0,2666,2666,0.920388472731,0.920388472731,75,7.5,26,0,2613,2607,0.851359337277,0.842155452549,76,7.6,27,1,2579,2574,0.771592336306,0.763922432367,75,7.5,28,1,2073,2072,0.010737865515,0.009203884727,75,7.5,26,0
1427,2026-09-05T07:31:51.562723+00:00,182272781000000,182272843000000,94.140000000,online_archive,16,0,2089,2088,0.101242732000,0.099708751213,76,7.6,27,0,2666,2666,0.920388472731,0.920388472731,75,7.5,26,0,2613,2607,0.851359337277,0.842155452549,76,7.6,27,0,2579,2574,0.771592336306,0.763922432367,75,7.5,28,0,2073,2072,0.010737865515,0.009203884727,75,7.5,26,0
1428,2026-09-05T07:31:51.629113+00:00,182272859000000,182272906000000,94.203000000,online_archive,16,0,2089,2088,0.101242732000,0.099708751213,76,7.6,27,0,2666,2666,0.920388472731,0.920388472731,75,7.5,26,0,2613,2607,0.851359337277,0.842155452549,76,7.6,27,1,2579,2574,0.771592336306,0.763922432367,75,7.5,28,1,2073,2072,0.010737865515,0.009203884727,76,7.6,26,0
1429,2026-09-05T07:31:51.787942+00:00,182273000000000,182273062000000,94.359000000,fixed_trajectory,16,0,2089,2088,0.101242732000,0.099708751213,76,7.6,27,0,2666,2666,0.920388472731,0.920388472731,75,7.5,26,0,2613,2607,0.851359337277,0.842155452549,76,7.6,27,1,2579,2574,0.771592336306,0.763922432367,75,7.5,28,1,2073,2072,0.010737865515,0.009203884727,75,7.5,26,0
1430,2026-09-05T07:31:51.841386+00:00,182273078000000,182273109000000,94.406000000,fixed_trajectory,16,0,2089,2088,0.101242732000,0.099708751213,76,7.6,27,0,2666,2666,0.920388472731,0.920388472731,75,7.5,26,0,2613,2607,0.851359337277,0.842155452549,76,7.6,27,1,2579,2573,0.771592336306,0.762388451579,75,7.5,28,1,2073,2072,0.010737865515,0.009203884727,76,7.6,26,0
1431,2026-09-05T07:31:51.891435+00:00,182273125000000,182273171000000,94.468000000,fixed_trajectory,16,0,2089,2088,0.101242732000,0.099708751213,76,7.6,27,0,2666,2667,0.920388472731,0.921922453519,75,7.5,26,0,2613,2607,0.851359337277,0.842155452549,76,7.6,27,1,2579,2572,0.771592336306,0.760854470791,75,7.5,28,1,2073,2072,0.010737865515,0.009203884727,75,7.5,26,0
1432,2026-09-05T07:31:51.953028+00:00,182273187000000,182273234000000,94.531000000,fixed_trajectory,16,0,2089,2088,0.101242732000,0.099708751213,76,7.6,27,0,2666,2667,0.920388472731,0.921922453519,75,7.5,26,0,2613,2607,0.851359337277,0.842155452549,76,7.6,27,1,2579,2571,0.771592336306,0.759320490003,75,7.5,28,1,2073,2072,0.010737865515,0.009203884727,75,7.5,26,0
1433,2026-09-05T07:31:52.033996+00:00,182273250000000,182273312000000,94.609000000,fixed_trajectory,16,0,2089,2088,0.101242732000,0.099708751213,76,7.6,27,0,2666,2668,0.920388472731,0.923456434307,75,7.5,26,0,2613,2607,0.851359337277,0.842155452549,76,7.6,27,1,2579,2570,0.771592336306,0.757786509216,75,7.5,28,0,2073,2072,0.010737865515,0.009203884727,75,7.5,26,0
1434,2026-09-05T07:31:52.089623+00:00,182273328000000,182273359000000,94.656000000,fixed_trajectory,16,0,2089,2088,0.101242732000,0.099708751213,76,7.6,26,0,2667,2668,0.921922453519,0.923456434307,75,7.5,26,0,2613,2607,0.851359337277,0.842155452549,76,7.6,27,1,2575,2569,0.765456413155,0.756252528428,75,7.5,28,1,2073,2072,0.010737865515,0.009203884727,76,7.6,26,0
1435,2026-09-05T07:31:52.153060+00:00,182273375000000,182273421000000,94.718000000,fixed_trajectory,16,0,2089,2088,0.101242732000,0.099708751213,76,7.6,27,0,2667,2669,0.921922453519,0.924990415095,75,7.5,26,1,2613,2607,0.851359337277,0.842155452549,76,7.6,27,1,2574,2568,0.763922432367,0.754718547640,75,7.5,28,1,2073,2072,0.010737865515,0.009203884727,75,7.5,26,0
1436,2026-09-05T07:31:52.201666+00:00,182273437000000,182273484000000,94.781000000,online_observation,16,0,2089,2088,0.101242732000,0.099708751213,76,7.6,26,0,2668,2669,0.923456434307,0.924990415095,75,7.5,26,0,2613,2607,0.851359337277,0.842155452549,76,7.6,27,1,2574,2567,0.763922432367,0.753184566852,75,7.5,28,1,2073,2072,0.010737865515,0.009203884727,76,7.6,26,0
1437,2026-09-05T07:31:52.306288+00:00,182273531000000,182273578000000,94.875000000,online_observation,16,0,2089,2088,0.101242732000,0.099708751213,76,7.6,27,0,2669,2669,0.924990415095,0.924990415095,75,7.5,26,0,2613,2607,0.851359337277,0.842155452549,76,7.6,27,1,2572,2567,0.760854470791,0.753184566852,75,7.5,28,1,2073,2072,0.010737865515,0.009203884727,76,7.6,26,0
1438,2026-09-05T07:31:52.363296+00:00,182273593000000,182273640000000,94.937000000,online_observation,16,0,2089,2088,0.101242732000,0.099708751213,76,7.6,27,0,2669,2669,0.924990415095,0.924990415095,75,7.5,26,0,2613,2607,0.851359337277,0.842155452549,76,7.6,27,1,2572,2567,0.760854470791,0.753184566852,75,7.5,28,1,2073,2072,0.010737865515,0.009203884727,75,7.5,26,0
1439,2026-09-05T07:31:52.427997+00:00,182273656000000,182273703000000,95.000000000,online_observation,16,0,2089,2088,0.101242732000,0.099708751213,76,7.6,27,0,2669,2669,0.924990415095,0.924990415095,75,7.5,26,0,2613,2607,0.851359337277,0.842155452549,76,7.6,27,1,2572,2567,0.760854470791,0.753184566852,75,7.5,28,1,2073,2072,0.010737865515,0.009203884727,76,7.6,26,0
1440,2026-09-05T07:31:52.483799+00:00,182273718000000,182273765000000,95.062000000,online_observation,16,0,2089,2088,0.101242732000,0.099708751213,76,7.6,27,0,2669,2669,0.924990415095,0.924990415095,75,7.5,26,0,2613,2607,0.851359337277,0.842155452549,76,7.6,27,1,2572,2567,0.760854470791,0.753184566852,75,7.5,28,1,2073,2072,0.010737865515,0.009203884727,76,7.6,26,0
1441,2026-09-05T07:31:52.548584+00:00,182273781000000,182273828000000,95.125000000,online_observation,16,0,2089,2088,0.101242732000,0.099708751213,76,7.6,27,0,2669,2669,0.924990415095,0.924990415095,75,7.5,26,0,2613,2607,0.851359337277,0.842155452549,76,7.6,27,0,2572,2567,0.760854470791,0.753184566852,75,7.5,28,1,2073,2072,0.010737865515,0.009203884727,76,7.6,26,0
1442,2026-09-05T07:31:52.636542+00:00,182273843000000,182273906000000,95.203000000,online_inference,17,0,2089,2088,0.101242732000,0.099708751213,76,7.6,27,0,2669,2669,0.924990415095,0.924990415095,75,7.5,26,0,2613,2607,0.851359337277,0.842155452549,76,7.6,27,1,2572,2567,0.760854470791,0.753184566852,75,7.5,28,0,2073,2072,0.010737865515,0.009203884727,75,7.5,26,0
1443,2026-09-05T07:31:52.711507+00:00,182273921000000,182273984000000,95.281000000,online_inference,17,0,2089,2088,0.101242732000,0.099708751213,76,7.6,27,0,2669,2669,0.924990415095,0.924990415095,75,7.5,26,0,2613,2607,0.851359337277,0.842155452549,76,7.6,27,1,2572,2567,0.760854470791,0.753184566852,75,7.5,28,1,2073,2072,0.010737865515,0.009203884727,75,7.5,26,0
1444,2026-09-05T07:31:52.800310+00:00,182274000000000,182274078000000,95.375000000,online_inference,17,0,2089,2088,0.101242732000,0.099708751213,76,7.6,27,0,2669,2669,0.924990415095,0.924990415095,75,7.5,26,0,2613,2607,0.851359337277,0.842155452549,76,7.6,27,1,2572,2567,0.760854470791,0.753184566852,75,7.5,28,0,2073,2072,0.010737865515,0.009203884727,75,7.5,26,0
1445,2026-09-05T07:31:52.973663+00:00,182274156000000,182274250000000,95.547000000,online_inference,17,0,2089,2088,0.101242732000,0.099708751213,76,7.6,27,0,2669,2669,0.924990415095,0.924990415095,75,7.5,26,0,2613,2607,0.851359337277,0.842155452549,76,7.6,27,1,2572,2567,0.760854470791,0.753184566852,75,7.5,28,0,2073,2072,0.010737865515,0.009203884727,75,7.5,26,0
1446,2026-09-05T07:31:53.068087+00:00,182274265000000,182274343000000,95.640000000,online_inference,17,0,2089,2088,0.101242732000,0.099708751213,76,7.6,27,0,2669,2669,0.924990415095,0.924990415095,75,7.5,26,0,2613,2607,0.851359337277,0.842155452549,76,7.6,27,1,2572,2567,0.760854470791,0.753184566852,75,7.5,28,0,2073,2072,0.010737865515,0.009203884727,76,7.6,26,0
1447,2026-09-05T07:31:53.163135+00:00,182274359000000,182274437000000,95.734000000,online_inference,17,0,2089,2088,0.101242732000,0.099708751213,76,7.6,27,0,2669,2669,0.924990415095,0.924990415095,75,7.5,26,0,2613,2607,0.851359337277,0.842155452549,76,7.6,27,1,2572,2567,0.760854470791,0.753184566852,75,7.5,28,1,2073,2072,0.010737865515,0.009203884727,75,7.5,26,0
1448,2026-09-05T07:31:53.236563+00:00,182274453000000,182274515000000,95.812000000,online_inference,17,0,2089,2088,0.101242732000,0.099708751213,76,7.6,27,0,2669,2669,0.924990415095,0.924990415095,75,7.5,26,0,2613,2607,0.851359337277,0.842155452549,76,7.6,27,1,2572,2567,0.760854470791,0.753184566852,75,7.5,28,1,2073,2072,0.010737865515,0.009203884727,76,7.6,26,0
1449,2026-09-05T07:31:53.319630+00:00,182274531000000,182274593000000,95.890000000,online_inference,17,0,2089,2088,0.101242732000,0.099708751213,76,7.6,27,0,2669,2669,0.924990415095,0.924990415095,75,7.5,26,0,2613,2607,0.851359337277,0.842155452549,76,7.6,27,1,2572,2567,0.760854470791,0.753184566852,75,7.5,28,1,2073,2072,0.010737865515,0.009203884727,76,7.6,26,0
1450,2026-09-05T07:31:53.395093+00:00,182274609000000,182274671000000,95.968000000,online_inference,17,0,2089,2088,0.101242732000,0.099708751213,76,7.6,27,0,2669,2669,0.924990415095,0.924990415095,75,7.5,26,0,2613,2607,0.851359337277,0.842155452549,76,7.6,27,1,2572,2567,0.760854470791,0.753184566852,75,7.5,28,0,2073,2072,0.010737865515,0.009203884727,76,7.6,26,0
1451,2026-09-05T07:31:53.510313+00:00,182274718000000,182274781000000,96.078000000,online_inference,17,0,2089,2088,0.101242732000,0.099708751213,76,7.6,27,0,2669,2669,0.924990415095,0.924990415095,75,7.5,26,0,2613,2607,0.851359337277,0.842155452549,76,7.6,27,0,2572,2567,0.760854470791,0.753184566852,75,7.5,28,1,2073,2072,0.010737865515,0.009203884727,76,7.6,26,0
1452,2026-09-05T07:31:53.574088+00:00,182274796000000,182274843000000,96.140000000,online_inference,17,0,2089,2088,0.101242732000,0.099708751213,76,7.6,27,0,2669,2669,0.924990415095,0.924990415095,75,7.5,26,0,2613,2607,0.851359337277,0.842155452549,76,7.6,27,0,2572,2567,0.760854470791,0.753184566852,75,7.5,28,1,2073,2072,0.010737865515,0.009203884727,76,7.6,26,0
1453,2026-09-05T07:31:53.653236+00:00,182274859000000,182274921000000,96.218000000,online_inference,17,0,2089,2088,0.101242732000,0.099708751213,76,7.6,27,0,2669,2669,0.924990415095,0.924990415095,75,7.5,26,0,2613,2607,0.851359337277,0.842155452549,76,7.6,27,1,2572,2567,0.760854470791,0.753184566852,75,7.5,28,1,2073,2072,0.010737865515,0.009203884727,76,7.6,26,0
1454,2026-09-05T07:31:53.717402+00:00,182274937000000,182274984000000,96.297000000,online_inference,17,0,2089,2088,0.101242732000,0.099708751213,76,7.6,27,0,2669,2669,0.924990415095,0.924990415095,75,7.5,26,0,2613,2607,0.851359337277,0.842155452549,76,7.6,27,1,2572,2567,0.760854470791,0.753184566852,75,7.5,28,1,2073,2072,0.010737865515,0.009203884727,76,7.6,26,0
1455,2026-09-05T07:31:53.791687+00:00,182275015000000,182275062000000,96.359000000,online_inference,17,0,2089,2088,0.101242732000,0.099708751213,76,7.6,27,0,2669,2669,0.924990415095,0.924990415095,75,7.5,26,0,2613,2607,0.851359337277,0.842155452549,76,7.6,27,1,2572,2567,0.760854470791,0.753184566852,75,7.5,28,1,2073,2072,0.010737865515,0.009203884727,75,7.5,26,0
1456,2026-09-05T07:31:53.869995+00:00,182275078000000,182275140000000,96.437000000,online_inference,17,0,2089,2088,0.101242732000,0.099708751213,76,7.6,27,0,2669,2669,0.924990415095,0.924990415095,75,7.5,26,0,2613,2607,0.851359337277,0.842155452549,76,7.6,27,1,2572,2567,0.760854470791,0.753184566852,75,7.5,28,1,2073,2072,0.010737865515,0.009203884727,76,7.6,26,0
1457,2026-09-05T07:31:53.942278+00:00,182275156000000,182275218000000,96.515000000,online_inference,17,0,2089,2088,0.101242732000,0.099708751213,76,7.6,27,0,2669,2669,0.924990415095,0.924990415095,75,7.5,26,0,2613,2607,0.851359337277,0.842155452549,76,7.6,27,1,2572,2567,0.760854470791,0.753184566852,75,7.5,28,0,2073,2072,0.010737865515,0.009203884727,75,7.5,26,0
1458,2026-09-05T07:31:54.062492+00:00,182275265000000,182275343000000,96.640000000,online_inference,17,0,2089,2088,0.101242732000,0.099708751213,76,7.6,27,0,2669,2669,0.924990415095,0.924990415095,75,7.5,26,0,2613,2607,0.851359337277,0.842155452549,76,7.6,27,1,2572,2567,0.760854470791,0.753184566852,75,7.5,28,0,2073,2072,0.010737865515,0.009203884727,76,7.6,26,0
1459,2026-09-05T07:31:54.146848+00:00,182275359000000,182275421000000,96.718000000,online_inference,17,0,2089,2088,0.101242732000,0.099708751213,76,7.6,27,0,2669,2669,0.924990415095,0.924990415095,75,7.5,26,0,2613,2607,0.851359337277,0.842155452549,76,7.6,27,1,2572,2567,0.760854470791,0.753184566852,75,7.5,28,0,2073,2072,0.010737865515,0.009203884727,76,7.6,26,0
1460,2026-09-05T07:31:54.221190+00:00,182275437000000,182275500000000,96.797000000,online_inference,17,0,2089,2088,0.101242732000,0.099708751213,76,7.6,27,0,2669,2669,0.924990415095,0.924990415095,75,7.5,26,0,2613,2607,0.851359337277,0.842155452549,76,7.6,27,0,2572,2567,0.760854470791,0.753184566852,75,7.5,28,1,2073,2072,0.010737865515,0.009203884727,76,7.6,26,0
1461,2026-09-05T07:31:54.308955+00:00,182275515000000,182275578000000,96.875000000,online_inference,17,0,2089,2088,0.101242732000,0.099708751213,76,7.6,27,0,2669,2669,0.924990415095,0.924990415095,75,7.5,26,0,2613,2607,0.851359337277,0.842155452549,76,7.6,27,2,2572,2567,0.760854470791,0.753184566852,75,7.5,28,1,2073,2072,0.010737865515,0.009203884727,76,7.6,26,0
1462,2026-09-05T07:31:54.370048+00:00,182275593000000,182275640000000,96.937000000,online_inference,17,0,2089,2088,0.101242732000,0.099708751213,76,7.6,27,0,2669,2669,0.924990415095,0.924990415095,75,7.5,26,0,2613,2607,0.851359337277,0.842155452549,76,7.6,27,1,2572,2567,0.760854470791,0.753184566852,75,7.5,28,1,2073,2072,0.010737865515,0.009203884727,76,7.6,26,0
1463,2026-09-05T07:31:54.434093+00:00,182275656000000,182275703000000,97.000000000,online_inference,17,0,2089,2088,0.101242732000,0.099708751213,76,7.6,27,0,2669,2669,0.924990415095,0.924990415095,75,7.5,26,0,2613,2607,0.851359337277,0.842155452549,76,7.6,27,2,2572,2567,0.760854470791,0.753184566852,75,7.5,28,1,2073,2072,0.010737865515,0.009203884727,76,7.6,26,0
1464,2026-09-05T07:31:54.508702+00:00,182275718000000,182275781000000,97.078000000,online_inference,17,0,2089,2088,0.101242732000,0.099708751213,76,7.6,27,0,2669,2669,0.924990415095,0.924990415095,75,7.5,26,0,2613,2607,0.851359337277,0.842155452549,76,7.6,27,1,2572,2567,0.760854470791,0.753184566852,75,7.5,28,1,2073,2072,0.010737865515,0.009203884727,76,7.6,26,0
1465,2026-09-05T07:31:54.613444+00:00,182275812000000,182275890000000,97.187000000,online_inference,17,0,2089,2088,0.101242732000,0.099708751213,76,7.6,27,0,2669,2669,0.924990415095,0.924990415095,75,7.5,26,0,2613,2607,0.851359337277,0.842155452549,76,7.6,27,1,2572,2567,0.760854470791,0.753184566852,75,7.5,28,1,2073,2072,0.010737865515,0.009203884727,75,7.5,26,0
1466,2026-09-05T07:31:54.695728+00:00,182275906000000,182275968000000,97.265000000,online_inference,17,0,2089,2088,0.101242732000,0.099708751213,76,7.6,27,0,2669,2669,0.924990415095,0.924990415095,75,7.5,26,0,2613,2607,0.851359337277,0.842155452549,76,7.6,27,1,2572,2567,0.760854470791,0.753184566852,75,7.5,28,1,2073,2072,0.010737865515,0.009203884727,76,7.6,26,0
1467,2026-09-05T07:31:54.769505+00:00,182275984000000,182276046000000,97.343000000,online_inference,17,0,2089,2088,0.101242732000,0.099708751213,76,7.6,27,0,2669,2669,0.924990415095,0.924990415095,75,7.5,26,0,2613,2607,0.851359337277,0.842155452549,76,7.6,27,0,2572,2567,0.760854470791,0.753184566852,75,7.5,28,1,2073,2072,0.010737865515,0.009203884727,75,7.5,26,0
1468,2026-09-05T07:31:54.842653+00:00,182276062000000,182276109000000,97.422000000,online_inference,17,0,2089,2088,0.101242732000,0.099708751213,76,7.6,27,0,2669,2669,0.924990415095,0.924990415095,75,7.5,26,0,2613,2607,0.851359337277,0.842155452549,76,7.6,27,1,2572,2567,0.760854470791,0.753184566852,75,7.5,28,0,2073,2072,0.010737865515,0.009203884727,75,7.5,26,0
1469,2026-09-05T07:31:54.926712+00:00,182276140000000,182276203000000,97.500000000,online_inference,17,0,2089,2088,0.101242732000,0.099708751213,76,7.6,27,0,2669,2669,0.924990415095,0.924990415095,75,7.5,26,0,2613,2607,0.851359337277,0.842155452549,76,7.6,27,1,2572,2567,0.760854470791,0.753184566852,75,7.5,28,1,2073,2072,0.010737865515,0.009203884727,76,7.6,26,0
1470,2026-09-05T07:31:55.002226+00:00,182276218000000,182276281000000,97.578000000,online_inference,17,0,2089,2088,0.101242732000,0.099708751213,76,7.6,27,0,2669,2669,0.924990415095,0.924990415095,75,7.5,26,0,2613,2607,0.851359337277,0.842155452549,76,7.6,27,1,2572,2567,0.760854470791,0.753184566852,75,7.5,28,1,2073,2072,0.010737865515,0.009203884727,76,7.6,26,0
1471,2026-09-05T07:31:55.083660+00:00,182276296000000,182276359000000,97.656000000,online_inference,17,0,2089,2088,0.101242732000,0.099708751213,76,7.6,27,0,2669,2669,0.924990415095,0.924990415095,75,7.5,26,0,2613,2607,0.851359337277,0.842155452549,76,7.6,27,1,2572,2567,0.760854470791,0.753184566852,75,7.5,28,1,2073,2072,0.010737865515,0.009203884727,76,7.6,26,0
1472,2026-09-05T07:31:55.215564+00:00,182276406000000,182276484000000,97.781000000,online_inference,17,0,2089,2088,0.101242732000,0.099708751213,76,7.6,27,0,2669,2669,0.924990415095,0.924990415095,75,7.5,26,0,2613,2607,0.851359337277,0.842155452549,76,7.6,27,1,2572,2567,0.760854470791,0.753184566852,75,7.5,28,1,2073,2072,0.010737865515,0.009203884727,76,7.6,26,0
1473,2026-09-05T07:31:55.274935+00:00,182276500000000,182276546000000,97.843000000,online_inference,17,0,2089,2088,0.101242732000,0.099708751213,76,7.6,27,0,2669,2669,0.924990415095,0.924990415095,75,7.5,26,0,2613,2607,0.851359337277,0.842155452549,76,7.6,27,1,2572,2567,0.760854470791,0.753184566852,75,7.5,28,1,2073,2072,0.010737865515,0.009203884727,76,7.6,26,0
1474,2026-09-05T07:31:55.349176+00:00,182276562000000,182276625000000,97.922000000,online_inference,17,0,2089,2088,0.101242732000,0.099708751213,76,7.6,27,0,2669,2669,0.924990415095,0.924990415095,75,7.5,26,0,2613,2607,0.851359337277,0.842155452549,76,7.6,27,1,2572,2567,0.760854470791,0.753184566852,75,7.5,28,0,2073,2072,0.010737865515,0.009203884727,76,7.6,26,0
1475,2026-09-05T07:31:55.420012+00:00,182276640000000,182276687000000,97.984000000,online_inference,17,0,2089,2088,0.101242732000,0.099708751213,76,7.6,27,0,2669,2669,0.924990415095,0.924990415095,75,7.5,26,0,2613,2607,0.851359337277,0.842155452549,76,7.6,27,1,2572,2567,0.760854470791,0.753184566852,75,7.5,28,1,2073,2072,0.010737865515,0.009203884727,75,7.5,26,0
1476,2026-09-05T07:31:55.471080+00:00,182276703000000,182276750000000,98.047000000,online_inference,17,0,2089,2088,0.101242732000,0.099708751213,76,7.6,27,0,2669,2669,0.924990415095,0.924990415095,75,7.5,26,0,2613,2607,0.851359337277,0.842155452549,76,7.6,27,1,2572,2567,0.760854470791,0.753184566852,75,7.5,28,0,2073,2072,0.010737865515,0.009203884727,75,7.5,26,0
1477,2026-09-05T07:31:55.554023+00:00,182276765000000,182276828000000,98.125000000,online_inference,17,0,2089,2088,0.101242732000,0.099708751213,76,7.6,27,0,2669,2669,0.924990415095,0.924990415095,75,7.5,26,0,2613,2607,0.851359337277,0.842155452549,76,7.6,27,1,2572,2567,0.760854470791,0.753184566852,75,7.5,28,1,2073,2072,0.010737865515,0.009203884727,76,7.6,26,0
1478,2026-09-05T07:31:55.623425+00:00,182276843000000,182276906000000,98.203000000,online_inference,17,0,2089,2088,0.101242732000,0.099708751213,76,7.6,27,0,2669,2669,0.924990415095,0.924990415095,75,7.5,26,0,2613,2607,0.851359337277,0.842155452549,76,7.6,27,1,2572,2567,0.760854470791,0.753184566852,75,7.5,28,1,2073,2072,0.010737865515,0.009203884727,75,7.5,26,0
1479,2026-09-05T07:31:55.746952+00:00,182276937000000,182277015000000,98.312000000,online_inference,17,0,2089,2088,0.101242732000,0.099708751213,76,7.6,27,0,2669,2669,0.924990415095,0.924990415095,75,7.5,26,0,2613,2607,0.851359337277,0.842155452549,76,7.6,27,1,2572,2567,0.760854470791,0.753184566852,75,7.5,28,1,2073,2072,0.010737865515,0.009203884727,75,7.5,26,0
1480,2026-09-05T07:31:55.820285+00:00,182277031000000,182277093000000,98.390000000,online_inference,17,0,2089,2088,0.101242732000,0.099708751213,76,7.6,27,0,2669,2669,0.924990415095,0.924990415095,75,7.5,26,0,2613,2607,0.851359337277,0.842155452549,76,7.6,27,1,2572,2567,0.760854470791,0.753184566852,75,7.5,28,0,2073,2072,0.010737865515,0.009203884727,76,7.6,26,0
1481,2026-09-05T07:31:55.877208+00:00,182277109000000,182277156000000,98.453000000,online_inference,17,0,2089,2088,0.101242732000,0.099708751213,76,7.6,27,0,2669,2669,0.924990415095,0.924990415095,75,7.5,26,0,2613,2607,0.851359337277,0.842155452549,76,7.6,27,1,2572,2567,0.760854470791,0.753184566852,75,7.5,28,1,2073,2072,0.010737865515,0.009203884727,75,7.5,26,1
1482,2026-09-05T07:31:55.939902+00:00,182277171000000,182277218000000,98.515000000,online_inference,17,0,2089,2088,0.101242732000,0.099708751213,76,7.6,27,0,2669,2669,0.924990415095,0.924990415095,75,7.5,26,0,2613,2607,0.851359337277,0.842155452549,75,7.5,27,1,2572,2567,0.760854470791,0.753184566852,75,7.5,28,1,2073,2072,0.010737865515,0.009203884727,75,7.5,26,0
1483,2026-09-05T07:31:56.019807+00:00,182277234000000,182277296000000,98.593000000,online_inference,17,0,2089,2088,0.101242732000,0.099708751213,76,7.6,27,0,2669,2669,0.924990415095,0.924990415095,75,7.5,26,0,2613,2607,0.851359337277,0.842155452549,76,7.6,27,1,2572,2567,0.760854470791,0.753184566852,75,7.5,28,1,2073,2072,0.010737865515,0.009203884727,75,7.5,26,0
1484,2026-09-05T07:31:56.089224+00:00,182277312000000,182277359000000,98.656000000,online_inference,17,0,2089,2088,0.101242732000,0.099708751213,76,7.6,27,0,2669,2669,0.924990415095,0.924990415095,75,7.5,26,0,2613,2607,0.851359337277,0.842155452549,76,7.6,27,1,2572,2567,0.760854470791,0.753184566852,75,7.5,28,1,2073,2072,0.010737865515,0.009203884727,76,7.6,26,0
1485,2026-09-05T07:31:56.165002+00:00,182277375000000,182277437000000,98.734000000,online_inference,17,0,2089,2088,0.101242732000,0.099708751213,76,7.6,27,0,2669,2669,0.924990415095,0.924990415095,75,7.5,26,0,2613,2607,0.851359337277,0.842155452549,76,7.6,27,1,2572,2567,0.760854470791,0.753184566852,75,7.5,28,1,2073,2072,0.010737865515,0.009203884727,76,7.6,26,0
1486,2026-09-05T07:31:56.282839+00:00,182277484000000,182277562000000,98.859000000,online_inference,17,0,2089,2088,0.101242732000,0.099708751213,76,7.6,27,0,2669,2669,0.924990415095,0.924990415095,75,7.5,26,0,2613,2607,0.851359337277,0.842155452549,76,7.6,27,1,2572,2567,0.760854470791,0.753184566852,75,7.5,28,1,2073,2072,0.010737865515,0.009203884727,75,7.5,26,0
1487,2026-09-05T07:31:56.362522+00:00,182277578000000,182277640000000,98.937000000,online_inference,17,0,2089,2088,0.101242732000,0.099708751213,76,7.6,27,0,2669,2669,0.924990415095,0.924990415095,75,7.5,26,0,2613,2607,0.851359337277,0.842155452549,76,7.6,27,1,2572,2567,0.760854470791,0.753184566852,75,7.5,28,0,2073,2072,0.010737865515,0.009203884727,76,7.6,26,0
1488,2026-09-05T07:31:56.436682+00:00,182277656000000,182277718000000,99.015000000,online_inference,17,0,2089,2088,0.101242732000,0.099708751213,76,7.6,27,0,2669,2669,0.924990415095,0.924990415095,75,7.5,26,0,2613,2607,0.851359337277,0.842155452549,76,7.6,27,1,2572,2567,0.760854470791,0.753184566852,75,7.5,28,1,2073,2072,0.010737865515,0.009203884727,76,7.6,25,0
1489,2026-09-05T07:31:56.523869+00:00,182277734000000,182277796000000,99.093000000,online_inference,17,0,2089,2088,0.101242732000,0.099708751213,76,7.6,27,0,2669,2669,0.924990415095,0.924990415095,75,7.5,26,0,2613,2607,0.851359337277,0.842155452549,76,7.6,27,1,2572,2567,0.760854470791,0.753184566852,75,7.5,28,1,2073,2072,0.010737865515,0.009203884727,76,7.6,26,0
1490,2026-09-05T07:31:56.596672+00:00,182277812000000,182277875000000,99.172000000,online_inference,17,0,2089,2088,0.101242732000,0.099708751213,76,7.6,27,0,2669,2669,0.924990415095,0.924990415095,75,7.5,26,0,2613,2607,0.851359337277,0.842155452549,76,7.6,27,1,2572,2567,0.760854470791,0.753184566852,75,7.5,28,1,2073,2072,0.010737865515,0.009203884727,75,7.5,26,0
1491,2026-09-05T07:31:56.671559+00:00,182277890000000,182277953000000,99.250000000,online_inference,17,0,2089,2088,0.101242732000,0.099708751213,76,7.6,27,0,2669,2669,0.924990415095,0.924990415095,75,7.5,26,0,2613,2607,0.851359337277,0.842155452549,76,7.6,27,1,2572,2567,0.760854470791,0.753184566852,75,7.5,28,1,2073,2072,0.010737865515,0.009203884727,75,7.5,26,0
1492,2026-09-05T07:31:56.759252+00:00,182277968000000,182278031000000,99.328000000,online_inference,17,0,2089,2088,0.101242732000,0.099708751213,76,7.6,27,0,2669,2669,0.924990415095,0.924990415095,75,7.5,26,0,2613,2607,0.851359337277,0.842155452549,76,7.6,27,0,2572,2567,0.760854470791,0.753184566852,75,7.5,28,1,2073,2072,0.010737865515,0.009203884727,75,7.5,26,0
1493,2026-09-05T07:31:56.867557+00:00,182278078000000,182278140000000,99.437000000,online_inference,17,0,2089,2088,0.101242732000,0.099708751213,76,7.6,27,0,2669,2669,0.924990415095,0.924990415095,75,7.5,26,0,2613,2607,0.851359337277,0.842155452549,76,7.6,27,0,2572,2567,0.760854470791,0.753184566852,75,7.5,28,1,2073,2072,0.010737865515,0.009203884727,76,7.6,26,0
1494,2026-09-05T07:31:56.951008+00:00,182278156000000,182278218000000,99.515000000,online_inference,17,0,2089,2088,0.101242732000,0.099708751213,76,7.6,27,0,2669,2669,0.924990415095,0.924990415095,75,7.5,26,0,2613,2607,0.851359337277,0.842155452549,76,7.6,27,2,2572,2567,0.760854470791,0.753184566852,75,7.5,28,1,2073,2072,0.010737865515,0.009203884727,75,7.5,26,0
1495,2026-09-05T07:31:57.040017+00:00,182278250000000,182278312000000,99.609000000,online_inference,17,0,2089,2088,0.101242732000,0.099708751213,76,7.6,27,0,2669,2669,0.924990415095,0.924990415095,75,7.5,26,0,2613,2607,0.851359337277,0.842155452549,76,7.6,27,1,2572,2567,0.760854470791,0.753184566852,75,7.5,28,0,2073,2072,0.010737865515,0.009203884727,76,7.6,26,0
1496,2026-09-05T07:31:57.115384+00:00,182278328000000,182278390000000,99.687000000,online_inference,17,0,2089,2088,0.101242732000,0.099708751213,76,7.6,27,0,2669,2669,0.924990415095,0.924990415095,75,7.5,26,0,2613,2607,0.851359337277,0.842155452549,76,7.6,27,1,2572,2567,0.760854470791,0.753184566852,75,7.5,28,0,2073,2072,0.010737865515,0.009203884727,76,7.6,26,0
1497,2026-09-05T07:31:57.190195+00:00,182278406000000,182278468000000,99.765000000,online_inference,17,0,2089,2088,0.101242732000,0.099708751213,76,7.6,27,0,2669,2669,0.924990415095,0.924990415095,75,7.5,26,0,2613,2607,0.851359337277,0.842155452549,76,7.6,27,1,2572,2567,0.760854470791,0.753184566852,75,7.5,28,1,2073,2072,0.010737865515,0.009203884727,75,7.5,26,0
1498,2026-09-05T07:31:57.248713+00:00,182278484000000,182278515000000,99.828000000,online_inference,17,0,2089,2088,0.101242732000,0.099708751213,76,7.6,27,0,2669,2669,0.924990415095,0.924990415095,75,7.5,26,0,2613,2607,0.851359337277,0.842155452549,76,7.6,27,0,2572,2567,0.760854470791,0.753184566852,75,7.5,28,1,2073,2072,0.010737865515,0.009203884727,75,7.5,26,0
1499,2026-09-05T07:31:57.330443+00:00,182278546000000,182278609000000,99.906000000,online_inference,17,0,2089,2088,0.101242732000,0.099708751213,76,7.6,27,0,2669,2669,0.924990415095,0.924990415095,75,7.5,26,0,2613,2607,0.851359337277,0.842155452549,76,7.6,27,1,2572,2567,0.760854470791,0.753184566852,75,7.5,28,1,2073,2072,0.010737865515,0.009203884727,76,7.6,26,0
1500,2026-09-05T07:31:57.435975+00:00,182278656000000,182278718000000,100.015000000,online_inference,17,0,2089,2088,0.101242732000,0.099708751213,76,7.6,27,0,2669,2669,0.924990415095,0.924990415095,75,7.5,26,0,2613,2607,0.851359337277,0.842155452549,76,7.6,27,1,2572,2567,0.760854470791,0.753184566852,75,7.5,28,1,2073,2072,0.010737865515,0.009203884727,75,7.5,26,0
1501,2026-09-05T07:31:57.511919+00:00,182278734000000,182278781000000,100.078000000,online_inference,17,0,2089,2088,0.101242732000,0.099708751213,76,7.6,27,0,2669,2669,0.924990415095,0.924990415095,75,7.5,26,0,2613,2607,0.851359337277,0.842155452549,76,7.6,27,1,2572,2567,0.760854470791,0.753184566852,75,7.5,28,1,2073,2072,0.010737865515,0.009203884727,76,7.6,26,0
1502,2026-09-05T07:31:57.578811+00:00,182278796000000,182278859000000,100.156000000,online_inference,17,0,2089,2088,0.101242732000,0.099708751213,76,7.6,27,0,2669,2669,0.924990415095,0.924990415095,75,7.5,26,0,2613,2607,0.851359337277,0.842155452549,76,7.6,27,1,2572,2567,0.760854470791,0.753184566852,75,7.5,28,1,2073,2072,0.010737865515,0.009203884727,76,7.6,26,0
1503,2026-09-05T07:31:57.650831+00:00,182278875000000,182278921000000,100.218000000,online_inference,17,0,2089,2088,0.101242732000,0.099708751213,76,7.6,27,0,2669,2669,0.924990415095,0.924990415095,75,7.5,26,0,2613,2607,0.851359337277,0.842155452549,76,7.6,27,1,2572,2567,0.760854470791,0.753184566852,75,7.5,28,1,2073,2072,0.010737865515,0.009203884727,75,7.5,26,0
1504,2026-09-05T07:31:57.719687+00:00,182278937000000,182279000000000,100.297000000,online_inference,17,0,2089,2088,0.101242732000,0.099708751213,76,7.6,27,0,2669,2669,0.924990415095,0.924990415095,75,7.5,26,0,2613,2607,0.851359337277,0.842155452549,76,7.6,27,1,2572,2567,0.760854470791,0.753184566852,75,7.5,28,0,2073,2072,0.010737865515,0.009203884727,75,7.5,26,0
1505,2026-09-05T07:31:57.805556+00:00,182279015000000,182279078000000,100.375000000,online_inference,17,0,2089,2088,0.101242732000,0.099708751213,76,7.6,27,0,2669,2669,0.924990415095,0.924990415095,75,7.5,26,0,2613,2607,0.851359337277,0.842155452549,76,7.6,27,1,2572,2567,0.760854470791,0.753184566852,75,7.5,28,1,2073,2072,0.010737865515,0.009203884727,76,7.6,26,0
1506,2026-09-05T07:31:57.878874+00:00,182279093000000,182279156000000,100.453000000,online_inference,17,0,2089,2088,0.101242732000,0.099708751213,76,7.6,27,0,2669,2669,0.924990415095,0.924990415095,75,7.5,26,0,2613,2607,0.851359337277,0.842155452549,76,7.6,27,1,2572,2567,0.760854470791,0.753184566852,75,7.5,28,1,2073,2072,0.010737865515,0.009203884727,75,7.5,26,0
1507,2026-09-05T07:31:58.004986+00:00,182279203000000,182279281000000,100.578000000,online_inference,17,0,2089,2088,0.101242732000,0.099708751213,76,7.6,27,0,2669,2669,0.924990415095,0.924990415095,75,7.5,26,0,2613,2607,0.851359337277,0.842155452549,76,7.6,27,1,2572,2567,0.760854470791,0.753184566852,75,7.5,28,1,2073,2072,0.010737865515,0.009203884727,76,7.6,26,0
1508,2026-09-05T07:31:58.089201+00:00,182279296000000,182279359000000,100.656000000,online_inference,17,0,2089,2088,0.101242732000,0.099708751213,76,7.6,27,0,2669,2669,0.924990415095,0.924990415095,75,7.5,26,0,2613,2607,0.851359337277,0.842155452549,76,7.6,27,1,2572,2567,0.760854470791,0.753184566852,75,7.5,28,1,2073,2072,0.010737865515,0.009203884727,76,7.6,26,0
1509,2026-09-05T07:31:58.164256+00:00,182279375000000,182279437000000,100.734000000,online_inference,17,0,2089,2088,0.101242732000,0.099708751213,76,7.6,27,0,2669,2669,0.924990415095,0.924990415095,75,7.5,26,0,2613,2607,0.851359337277,0.842155452549,76,7.6,27,1,2572,2567,0.760854470791,0.753184566852,75,7.5,28,1,2073,2072,0.010737865515,0.009203884727,76,7.6,26,0
1510,2026-09-05T07:31:58.250264+00:00,182279453000000,182279531000000,100.828000000,online_inference,17,0,2089,2088,0.101242732000,0.099708751213,76,7.6,27,0,2669,2669,0.924990415095,0.924990415095,75,7.5,26,0,2613,2607,0.851359337277,0.842155452549,76,7.6,27,1,2572,2567,0.760854470791,0.753184566852,75,7.5,28,1,2073,2072,0.010737865515,0.009203884727,75,7.5,26,0
1511,2026-09-05T07:31:58.322592+00:00,182279546000000,182279593000000,100.890000000,online_inference,17,0,2089,2088,0.101242732000,0.099708751213,76,7.6,27,0,2669,2669,0.924990415095,0.924990415095,75,7.5,26,0,2613,2607,0.851359337277,0.842155452549,76,7.6,27,0,2572,2567,0.760854470791,0.753184566852,75,7.5,28,1,2073,2072,0.010737865515,0.009203884727,75,7.5,26,0
1512,2026-09-05T07:31:58.393760+00:00,182279609000000,182279671000000,100.968000000,online_inference,17,0,2089,2088,0.101242732000,0.099708751213,76,7.6,27,0,2669,2669,0.924990415095,0.924990415095,75,7.5,26,0,2613,2607,0.851359337277,0.842155452549,76,7.6,27,1,2572,2567,0.760854470791,0.753184566852,75,7.5,28,1,2073,2072,0.010737865515,0.009203884727,76,7.6,26,0
1513,2026-09-05T07:31:58.467566+00:00,182279687000000,182279750000000,101.047000000,online_inference,17,0,2089,2088,0.101242732000,0.099708751213,76,7.6,27,0,2669,2669,0.924990415095,0.924990415095,75,7.5,26,0,2613,2607,0.851359337277,0.842155452549,76,7.6,27,1,2572,2567,0.760854470791,0.753184566852,75,7.5,28,1,2073,2072,0.010737865515,0.009203884727,76,7.6,26,0
1514,2026-09-05T07:31:58.571991+00:00,182279796000000,182279843000000,101.140000000,online_inference,17,0,2089,2088,0.101242732000,0.099708751213,76,7.6,27,0,2669,2669,0.924990415095,0.924990415095,75,7.5,26,0,2613,2607,0.851359337277,0.842155452549,76,7.6,27,1,2572,2567,0.760854470791,0.753184566852,75,7.5,28,2,2073,2072,0.010737865515,0.009203884727,76,7.6,26,0
1515,2026-09-05T07:31:58.647701+00:00,182279859000000,182279921000000,101.218000000,online_inference,17,0,2089,2088,0.101242732000,0.099708751213,76,7.6,27,0,2669,2669,0.924990415095,0.924990415095,75,7.5,26,0,2613,2607,0.851359337277,0.842155452549,76,7.6,27,1,2572,2567,0.760854470791,0.753184566852,75,7.5,28,0,2073,2072,0.010737865515,0.009203884727,76,7.6,26,0
1516,2026-09-05T07:31:58.724962+00:00,182279937000000,182280000000000,101.297000000,online_inference,17,0,2089,2088,0.101242732000,0.099708751213,76,7.6,27,0,2669,2669,0.924990415095,0.924990415095,75,7.5,26,0,2613,2607,0.851359337277,0.842155452549,76,7.6,27,1,2572,2567,0.760854470791,0.753184566852,75,7.5,28,1,2073,2072,0.010737865515,0.009203884727,76,7.6,26,0
1517,2026-09-05T07:31:58.783551+00:00,182280015000000,182280062000000,101.359000000,online_inference,17,0,2089,2088,0.101242732000,0.099708751213,76,7.6,27,0,2669,2669,0.924990415095,0.924990415095,75,7.5,26,0,2613,2607,0.851359337277,0.842155452549,76,7.6,27,1,2572,2567,0.760854470791,0.753184566852,75,7.5,28,0,2073,2072,0.010737865515,0.009203884727,75,7.5,26,0
1518,2026-09-05T07:31:58.870635+00:00,182280078000000,182280140000000,101.437000000,online_inference,17,0,2089,2088,0.101242732000,0.099708751213,76,7.6,27,0,2669,2669,0.924990415095,0.924990415095,75,7.5,26,0,2613,2607,0.851359337277,0.842155452549,76,7.6,27,1,2572,2567,0.760854470791,0.753184566852,75,7.5,28,1,2073,2072,0.010737865515,0.009203884727,75,7.5,26,0
1519,2026-09-05T07:31:58.935386+00:00,182280156000000,182280203000000,101.500000000,online_inference,17,0,2089,2088,0.101242732000,0.099708751213,76,7.6,27,0,2669,2669,0.924990415095,0.924990415095,75,7.5,26,0,2613,2607,0.851359337277,0.842155452549,76,7.6,27,1,2572,2567,0.760854470791,0.753184566852,75,7.5,28,0,2073,2072,0.010737865515,0.009203884727,76,7.6,26,0
1520,2026-09-05T07:31:59.002382+00:00,182280218000000,182280281000000,101.578000000,online_inference,17,0,2089,2088,0.101242732000,0.099708751213,76,7.6,27,0,2669,2669,0.924990415095,0.924990415095,75,7.5,26,0,2613,2607,0.851359337277,0.842155452549,76,7.6,27,1,2572,2567,0.760854470791,0.753184566852,75,7.5,28,1,2073,2072,0.010737865515,0.009203884727,76,7.6,26,0
1521,2026-09-05T07:31:59.105505+00:00,182280328000000,182280375000000,101.672000000,online_inference,17,0,2089,2088,0.101242732000,0.099708751213,76,7.6,27,0,2669,2669,0.924990415095,0.924990415095,75,7.5,26,0,2613,2607,0.851359337277,0.842155452549,76,7.6,27,1,2572,2567,0.760854470791,0.753184566852,75,7.5,28,1,2073,2072,0.010737865515,0.009203884727,75,7.5,26,0
1522,2026-09-05T07:31:59.156649+00:00,182280390000000,182280437000000,101.734000000,online_inference,17,0,2089,2088,0.101242732000,0.099708751213,76,7.6,27,0,2669,2669,0.924990415095,0.924990415095,75,7.5,26,0,2613,2607,0.851359337277,0.842155452549,76,7.6,27,1,2572,2567,0.760854470791,0.753184566852,75,7.5,28,0,2073,2072,0.010737865515,0.009203884727,75,7.5,26,0
1523,2026-09-05T07:31:59.231266+00:00,182280453000000,182280500000000,101.797000000,online_archive,17,0,2089,2088,0.101242732000,0.099708751213,76,7.6,27,0,2669,2669,0.924990415095,0.924990415095,75,7.5,26,0,2613,2607,0.851359337277,0.842155452549,76,7.6,27,0,2572,2567,0.760854470791,0.753184566852,75,7.5,28,0,2073,2072,0.010737865515,0.009203884727,76,7.6,26,0
1524,2026-09-05T07:31:59.283259+00:00,182280515000000,182280562000000,101.859000000,online_archive,17,0,2089,2088,0.101242732000,0.099708751213,76,7.6,27,0,2669,2669,0.924990415095,0.924990415095,75,7.5,26,0,2613,2607,0.851359337277,0.842155452549,76,7.6,27,1,2572,2567,0.760854470791,0.753184566852,75,7.5,28,0,2073,2072,0.010737865515,0.009203884727,75,7.5,26,0
1525,2026-09-05T07:31:59.395249+00:00,182280625000000,182280671000000,101.968000000,fixed_trajectory,17,0,2089,2088,0.101242732000,0.099708751213,76,7.6,27,0,2669,2669,0.924990415095,0.924990415095,75,7.5,26,0,2613,2607,0.851359337277,0.842155452549,76,7.6,27,1,2572,2567,0.760854470791,0.753184566852,75,7.5,28,1,2073,2072,0.010737865515,0.009203884727,76,7.6,26,0
1526,2026-09-05T07:31:59.456414+00:00,182280687000000,182280734000000,102.031000000,online_observation,17,0,2089,2088,0.101242732000,0.099708751213,76,7.6,27,0,2669,2669,0.924990415095,0.924990415095,75,7.5,26,0,2613,2607,0.851359337277,0.842155452549,76,7.6,27,1,2572,2567,0.760854470791,0.753184566852,75,7.5,28,1,2073,2072,0.010737865515,0.009203884727,76,7.6,26,0
1527,2026-09-05T07:31:59.509118+00:00,182280750000000,182280781000000,102.078000000,online_observation,17,0,2089,2088,0.101242732000,0.099708751213,76,7.6,27,0,2669,2669,0.924990415095,0.924990415095,75,7.5,26,0,2613,2607,0.851359337277,0.842155452549,76,7.6,27,1,2572,2567,0.760854470791,0.753184566852,75,7.5,28,1,2073,2072,0.010737865515,0.009203884727,76,7.6,26,0
1528,2026-09-05T07:31:59.563180+00:00,182280796000000,182280843000000,102.140000000,online_observation,17,0,2089,2088,0.101242732000,0.099708751213,76,7.6,27,0,2669,2669,0.924990415095,0.924990415095,75,7.5,26,0,2613,2607,0.851359337277,0.842155452549,76,7.6,27,0,2572,2567,0.760854470791,0.753184566852,75,7.5,28,1,2073,2072,0.010737865515,0.009203884727,76,7.6,26,0
1529,2026-09-05T07:31:59.653904+00:00,182280875000000,182280921000000,102.218000000,online_observation,17,0,2089,2088,0.101242732000,0.099708751213,76,7.6,27,0,2669,2669,0.924990415095,0.924990415095,75,7.5,26,0,2613,2607,0.851359337277,0.842155452549,76,7.6,27,1,2572,2567,0.760854470791,0.753184566852,75,7.5,28,0,2073,2072,0.010737865515,0.009203884727,76,7.6,26,0
1530,2026-09-05T07:31:59.696784+00:00,182280937000000,182280968000000,102.265000000,online_observation,17,0,2089,2088,0.101242732000,0.099708751213,76,7.6,27,0,2669,2669,0.924990415095,0.924990415095,75,7.5,26,0,2613,2607,0.851359337277,0.842155452549,76,7.6,27,1,2572,2567,0.760854470791,0.753184566852,75,7.5,28,1,2073,2072,0.010737865515,0.009203884727,75,7.5,26,0
1531,2026-09-05T07:31:59.759341+00:00,182280984000000,182281031000000,102.328000000,online_observation,17,0,2089,2088,0.101242732000,0.099708751213,76,7.6,27,0,2669,2669,0.924990415095,0.924990415095,75,7.5,26,0,2613,2607,0.851359337277,0.842155452549,76,7.6,27,1,2572,2567,0.760854470791,0.753184566852,75,7.5,28,1,2073,2072,0.010737865515,0.009203884727,75,7.5,26,0
1532,2026-09-05T07:31:59.902480+00:00,182281125000000,182281171000000,102.468000000,post_roll_hold,49,0,2089,2088,0.101242732000,0.099708751213,76,7.6,27,0,2669,2669,0.924990415095,0.924990415095,75,7.5,26,0,2613,2607,0.851359337277,0.842155452549,76,7.6,27,1,2572,2567,0.760854470791,0.753184566852,75,7.5,28,1,2073,2072,0.010737865515,0.009203884727,75,7.5,26,0
1533,2026-09-05T07:31:59.948717+00:00,182281187000000,182281218000000,102.515000000,post_roll_hold,49,0,2089,2088,0.101242732000,0.099708751213,76,7.6,27,0,2669,2669,0.924990415095,0.924990415095,75,7.5,26,0,2613,2607,0.851359337277,0.842155452549,76,7.6,27,1,2572,2567,0.760854470791,0.753184566852,75,7.5,28,1,2073,2072,0.010737865515,0.009203884727,76,7.6,26,0
1534,2026-09-05T07:32:00.004247+00:00,182281234000000,182281281000000,102.578000000,post_roll_hold,49,0,2089,2088,0.101242732000,0.099708751213,76,7.6,27,0,2669,2669,0.924990415095,0.924990415095,75,7.5,26,0,2613,2607,0.851359337277,0.842155452549,76,7.6,27,1,2572,2567,0.760854470791,0.753184566852,75,7.5,28,1,2073,2072,0.010737865515,0.009203884727,76,7.6,26,0
1535,2026-09-05T07:32:00.065378+00:00,182281296000000,182281343000000,102.640000000,post_roll_hold,49,0,2089,2088,0.101242732000,0.099708751213,76,7.6,27,0,2669,2669,0.924990415095,0.924990415095,75,7.5,26,0,2613,2607,0.851359337277,0.842155452549,76,7.6,27,1,2572,2567,0.760854470791,0.753184566852,75,7.5,28,0,2073,2072,0.010737865515,0.009203884727,75,7.5,26,0
1536,2026-09-05T07:32:00.131695+00:00,182281359000000,182281406000000,102.703000000,post_roll_hold,49,0,2089,2088,0.101242732000,0.099708751213,76,7.6,27,0,2669,2669,0.924990415095,0.924990415095,75,7.5,26,0,2613,2607,0.851359337277,0.842155452549,76,7.6,27,1,2572,2567,0.760854470791,0.753184566852,75,7.5,28,1,2073,2072,0.010737865515,0.009203884727,76,7.6,26,0
1537,2026-09-05T07:32:00.189319+00:00,182281421000000,182281468000000,102.765000000,post_roll_hold,49,0,2089,2088,0.101242732000,0.099708751213,76,7.6,27,0,2669,2669,0.924990415095,0.924990415095,75,7.5,26,0,2613,2607,0.851359337277,0.842155452549,76,7.6,27,1,2572,2567,0.760854470791,0.753184566852,75,7.5,28,0,2073,2072,0.010737865515,0.009203884727,75,7.5,26,0
1538,2026-09-05T07:32:00.247565+00:00,182281484000000,182281515000000,102.812000000,post_roll_hold,49,0,2089,2088,0.101242732000,0.099708751213,76,7.6,27,0,2669,2669,0.924990415095,0.924990415095,75,7.5,26,0,2613,2607,0.851359337277,0.842155452549,76,7.6,27,1,2572,2567,0.760854470791,0.753184566852,75,7.5,28,1,2073,2072,0.010737865515,0.009203884727,75,7.5,26,0
1539,2026-09-05T07:32:00.298602+00:00,182281531000000,182281578000000,102.875000000,post_roll_hold,49,0,2089,2088,0.101242732000,0.099708751213,76,7.6,27,0,2669,2669,0.924990415095,0.924990415095,75,7.5,26,0,2613,2607,0.851359337277,0.842155452549,76,7.6,27,1,2572,2567,0.760854470791,0.753184566852,75,7.5,28,1,2073,2072,0.010737865515,0.009203884727,76,7.6,26,0
1540,2026-09-05T07:32:00.350155+00:00,182281593000000,182281625000000,102.922000000,post_roll_hold,49,0,2089,2088,0.101242732000,0.099708751213,76,7.6,27,0,2669,2669,0.924990415095,0.924990415095,75,7.5,26,0,2613,2607,0.851359337277,0.842155452549,76,7.6,27,1,2572,2567,0.760854470791,0.753184566852,75,7.5,28,1,2073,2072,0.010737865515,0.009203884727,75,7.5,26,0
1541,2026-09-05T07:32:00.431225+00:00,182281656000000,182281703000000,103.000000000,post_roll_hold,49,0,2089,2088,0.101242732000,0.099708751213,76,7.6,27,0,2669,2669,0.924990415095,0.924990415095,75,7.5,26,0,2613,2607,0.851359337277,0.842155452549,76,7.6,27,1,2572,2567,0.760854470791,0.753184566852,75,7.5,28,1,2073,2072,0.010737865515,0.009203884727,76,7.6,26,0
1542,2026-09-05T07:32:00.486820+00:00,182281718000000,182281765000000,103.062000000,post_roll_hold,49,0,2089,2088,0.101242732000,0.099708751213,76,7.6,27,0,2669,2669,0.924990415095,0.924990415095,75,7.5,26,0,2613,2607,0.851359337277,0.842155452549,76,7.6,27,1,2572,2567,0.760854470791,0.753184566852,75,7.5,28,1,2073,2072,0.010737865515,0.009203884727,76,7.6,26,0
1543,2026-09-05T07:32:00.533877+00:00,182281781000000,182281812000000,103.109000000,post_roll_hold,49,0,2089,2088,0.101242732000,0.099708751213,76,7.6,27,0,2669,2669,0.924990415095,0.924990415095,75,7.5,26,0,2613,2607,0.851359337277,0.842155452549,76,7.6,27,1,2572,2567,0.760854470791,0.753184566852,75,7.5,28,1,2073,2072,0.010737865515,0.009203884727,76,7.6,26,0
1544,2026-09-05T07:32:00.597489+00:00,182281828000000,182281875000000,103.172000000,post_roll_hold,49,0,2089,2088,0.101242732000,0.099708751213,76,7.6,27,0,2669,2669,0.924990415095,0.924990415095,75,7.5,26,0,2613,2607,0.851359337277,0.842155452549,76,7.6,27,1,2572,2567,0.760854470791,0.753184566852,75,7.5,28,1,2073,2072,0.010737865515,0.009203884727,76,7.6,26,0
1545,2026-09-05T07:32:00.652951+00:00,182281890000000,182281921000000,103.218000000,post_roll_hold,49,0,2089,2088,0.101242732000,0.099708751213,76,7.6,27,0,2669,2669,0.924990415095,0.924990415095,75,7.5,26,0,2613,2607,0.851359337277,0.842155452549,76,7.6,27,1,2572,2567,0.760854470791,0.753184566852,75,7.5,28,1,2073,2072,0.010737865515,0.009203884727,75,7.5,26,0
1546,2026-09-05T07:32:00.705509+00:00,182281937000000,182281984000000,103.281000000,post_roll_hold,49,0,2089,2088,0.101242732000,0.099708751213,76,7.6,27,0,2669,2669,0.924990415095,0.924990415095,75,7.5,26,0,2613,2607,0.851359337277,0.842155452549,76,7.6,27,1,2572,2567,0.760854470791,0.753184566852,75,7.5,28,1,2073,2072,0.010737865515,0.009203884727,76,7.6,26,0
1547,2026-09-05T07:32:00.767872+00:00,182282000000000,182282046000000,103.343000000,post_roll_hold,49,0,2089,2088,0.101242732000,0.099708751213,76,7.6,27,0,2669,2669,0.924990415095,0.924990415095,75,7.5,26,0,2613,2607,0.851359337277,0.842155452549,76,7.6,27,1,2572,2567,0.760854470791,0.753184566852,75,7.5,28,0,2073,2072,0.010737865515,0.009203884727,75,7.5,26,0
1548,2026-09-05T07:32:00.830765+00:00,182282062000000,182282109000000,103.406000000,post_roll_hold,49,0,2089,2088,0.101242732000,0.099708751213,76,7.6,27,0,2669,2669,0.924990415095,0.924990415095,75,7.5,26,0,2613,2607,0.851359337277,0.842155452549,76,7.6,27,1,2572,2567,0.760854470791,0.753184566852,75,7.5,28,2,2073,2072,0.010737865515,0.009203884727,76,7.6,26,0
1549,2026-09-05T07:32:00.896296+00:00,182282125000000,182282171000000,103.468000000,post_roll_hold,49,0,2089,2088,0.101242732000,0.099708751213,76,7.6,27,0,2669,2669,0.924990415095,0.924990415095,75,7.5,26,0,2613,2607,0.851359337277,0.842155452549,76,7.6,27,1,2572,2567,0.760854470791,0.753184566852,75,7.5,28,1,2073,2072,0.010737865515,0.009203884727,75,7.5,26,0
