camera,frame_index,grab_start_monotonic_ns,grab_end_monotonic_ns,capture_mid_monotonic_ns,host_utc,device_frame_id,device_timestamp,width,height
directshow_index_1,0,183674562000000,183674828000000,183674695000000,2026-09-05T07:55:13.562722+00:00,,,640,480
directshow_index_1,1,183674843000000,183674859000000,183674851000000,2026-09-05T07:55:13.582315+00:00,,,640,480
directshow_index_1,2,183674937000000,183674937000000,183674937000000,2026-09-05T07:55:13.659407+00:00,,,640,480
directshow_index_1,3,183675031000000,183675031000000,183675031000000,2026-09-05T07:55:13.755732+00:00,,,640,480
directshow_index_1,4,183675125000000,183675125000000,183675125000000,2026-09-05T07:55:13.847678+00:00,,,640,480
directshow_index_1,5,183675218000000,183675218000000,183675218000000,2026-09-05T07:55:13.945503+00:00,,,640,480
directshow_index_1,6,183675312000000,183675312000000,183675312000000,2026-09-05T07:55:14.037766+00:00,,,640,480
directshow_index_1,7,183675406000000,183675406000000,183675406000000,2026-09-05T07:55:14.126871+00:00,,,640,480
directshow_index_1,8,183675500000000,183675500000000,183675500000000,2026-09-05T07:55:14.222752+00:00,,,640,480
directshow_index_1,9,183675593000000,183675593000000,183675593000000,2026-09-05T07:55:14.313374+00:00,,,640,480
directshow_index_1,10,183675687000000,183675687000000,183675687000000,2026-09-05T07:55:14.411687+00:00,,,640,480
directshow_index_1,11,183675781000000,183675781000000,183675781000000,2026-09-05T07:55:14.503795+00:00,,,640,480
directshow_index_1,12,183675875000000,183675875000000,183675875000000,2026-09-05T07:55:14.593801+00:00,,,640,480
directshow_index_1,13,183675968000000,183675968000000,183675968000000,2026-09-05T07:55:14.692015+00:00,,,640,480
daheng_sn_FDE23080341,0,183675937000000,183675953000000,183675945000000,2026-09-05T07:55:14.703021+00:00,0,18024437309025,1920,1200
daheng_sn_FDE23080341,1,183676031000000,183676031000000,183676031000000,2026-09-05T07:55:14.773145+00:00,1,18024444993825,1920,1200
directshow_index_1,14,183676062000000,183676062000000,183676062000000,2026-09-05T07:55:14.783293+00:00,,,640,480
daheng_sn_FDE23080341,2,183676125000000,183676125000000,183676125000000,2026-09-05T07:55:14.878150+00:00,2,18024452678625,1920,1200
directshow_index_1,15,183676156000000,183676156000000,183676156000000,2026-09-05T07:55:14.881153+00:00,,,640,480
daheng_sn_FDE23080341,3,183676218000000,183676218000000,183676218000000,2026-09-05T07:55:14.960536+00:00,3,18024460363425,1920,1200
directshow_index_1,16,183676250000000,183676250000000,183676250000000,2026-09-05T07:55:14.970637+00:00,,,640,480
daheng_sn_FDE23080341,4,183676312000000,183676312000000,183676312000000,2026-09-05T07:55:15.061080+00:00,4,18024468048225,1920,1200
directshow_index_1,17,183676343000000,183676343000000,183676343000000,2026-09-05T07:55:15.065246+00:00,,,640,480
daheng_sn_FDE23080341,5,183676406000000,183676406000000,183676406000000,2026-09-05T07:55:15.144392+00:00,5,18024475733025,1920,1200
directshow_index_1,18,183676437000000,183676437000000,183676437000000,2026-09-05T07:55:15.157321+00:00,,,640,480
daheng_sn_FDE23080341,6,183676500000000,183676500000000,183676500000000,2026-09-05T07:55:15.241685+00:00,6,18024483417825,1920,1200
directshow_index_1,19,183676531000000,183676531000000,183676531000000,2026-09-05T07:55:15.254323+00:00,,,640,480
daheng_sn_FDE23080341,7,183676593000000,183676593000000,183676593000000,2026-09-05T07:55:15.344735+00:00,7,18024491102625,1920,1200
directshow_index_1,20,183676625000000,183676625000000,183676625000000,2026-09-05T07:55:15.345735+00:00,,,640,480
daheng_sn_FDE23080341,8,183676687000000,183676687000000,183676687000000,2026-09-05T07:55:15.431562+00:00,8,18024498787425,1920,1200
directshow_index_1,21,183676718000000,183676718000000,183676718000000,2026-09-05T07:55:15.443169+00:00,,,640,480
daheng_sn_FDE23080341,9,183676781000000,183676781000000,183676781000000,2026-09-05T07:55:15.524009+00:00,9,18024506472225,1920,1200
directshow_index_1,22,183676812000000,183676812000000,183676812000000,2026-09-05T07:55:15.534002+00:00,,,640,480
daheng_sn_FDE23080341,10,183676875000000,183676875000000,183676875000000,2026-09-05T07:55:15.619511+00:00,10,18024514157025,1920,1200
directshow_index_1,23,183676906000000,183676906000000,183676906000000,2026-09-05T07:55:15.629646+00:00,,,640,480
daheng_sn_FDE23080341,11,183676968000000,183676968000000,183676968000000,2026-09-05T07:55:15.707044+00:00,11,18024521841825,1920,1200
directshow_index_1,24,183677000000000,183677000000000,183677000000000,2026-09-05T07:55:15.720688+00:00,,,640,480
daheng_sn_FDE23080341,12,183677062000000,183677062000000,183677062000000,2026-09-05T07:55:15.807643+00:00,12,18024529526625,1920,1200
directshow_index_1,25,183677093000000,183677093000000,183677093000000,2026-09-05T07:55:15.819685+00:00,,,640,480
daheng_sn_FDE23080341,13,183677156000000,183677156000000,183677156000000,2026-09-05T07:55:15.901069+00:00,24,18024621744225,1920,1200
directshow_index_1,26,183677187000000,183677187000000,183677187000000,2026-09-05T07:55:15.915246+00:00,,,640,480
daheng_sn_FDE23080341,14,183677250000000,183677250000000,183677250000000,2026-09-05T07:55:15.990222+00:00,36,18024713961825,1920,1200
directshow_index_1,27,183677281000000,183677281000000,183677281000000,2026-09-05T07:55:16.005458+00:00,,,640,480
directshow_index_1,28,183677375000000,183677375000000,183677375000000,2026-09-05T07:55:16.098271+00:00,,,640,480
daheng_sn_FDE23080341,15,183677343000000,183677343000000,183677343000000,2026-09-05T07:55:16.106540+00:00,48,18024806179425,1920,1200
directshow_index_1,29,183677468000000,183677468000000,183677468000000,2026-09-05T07:55:16.195278+00:00,,,640,480
daheng_sn_FDE23080341,16,183677437000000,183677437000000,183677437000000,2026-09-05T07:55:16.203147+00:00,60,18024898397025,1920,1200
daheng_sn_FDE23080341,17,183677531000000,183677531000000,183677531000000,2026-09-05T07:55:16.284842+00:00,72,18024990614625,1920,1200
directshow_index_1,30,183677562000000,183677562000000,183677562000000,2026-09-05T07:55:16.285842+00:00,,,640,480
daheng_sn_FDE23080341,18,183677625000000,183677625000000,183677625000000,2026-09-05T07:55:16.373047+00:00,85,18025090517025,1920,1200
directshow_index_1,31,183677656000000,183677656000000,183677656000000,2026-09-05T07:55:16.375850+00:00,,,640,480
daheng_sn_FDE23080341,19,183677718000000,183677718000000,183677718000000,2026-09-05T07:55:16.466482+00:00,97,18025182734625,1920,1200
directshow_index_1,32,183677750000000,183677750000000,183677750000000,2026-09-05T07:55:16.472491+00:00,,,640,480
daheng_sn_FDE23080341,20,183677812000000,183677812000000,183677812000000,2026-09-05T07:55:16.557050+00:00,109,18025274952225,1920,1200
directshow_index_1,33,183677843000000,183677843000000,183677843000000,2026-09-05T07:55:16.569678+00:00,,,640,480
daheng_sn_FDE23080341,21,183677906000000,183677906000000,183677906000000,2026-09-05T07:55:16.648873+00:00,121,18025367169825,1920,1200
directshow_index_1,34,183677937000000,183677937000000,183677937000000,2026-09-05T07:55:16.659216+00:00,,,640,480
daheng_sn_FDE23080341,22,183678000000000,183678000000000,183678000000000,2026-09-05T07:55:16.752490+00:00,133,18025459387425,1920,1200
directshow_index_1,35,183678031000000,183678031000000,183678031000000,2026-09-05T07:55:16.753532+00:00,,,640,480
daheng_sn_FDE23080341,23,183678093000000,183678093000000,183678093000000,2026-09-05T07:55:16.839071+00:00,145,18025551605025,1920,1200
directshow_index_1,36,183678125000000,183678125000000,183678125000000,2026-09-05T07:55:16.845665+00:00,,,640,480
daheng_sn_FDE23080341,24,183678187000000,183678187000000,183678187000000,2026-09-05T07:55:16.928554+00:00,157,18025643822625,1920,1200
directshow_index_1,37,183678218000000,183678218000000,183678218000000,2026-09-05T07:55:16.939056+00:00,,,640,480
daheng_sn_FDE23080341,25,183678281000000,183678281000000,183678281000000,2026-09-05T07:55:17.026006+00:00,170,18025743725025,1920,1200
directshow_index_1,38,183678312000000,183678312000000,183678312000000,2026-09-05T07:55:17.035738+00:00,,,640,480
daheng_sn_FDE23080341,26,183678375000000,183678375000000,183678375000000,2026-09-05T07:55:17.120865+00:00,183,18025843627425,1920,1200
directshow_index_1,39,183678406000000,183678406000000,183678406000000,2026-09-05T07:55:17.125864+00:00,,,640,480
daheng_sn_FDE23080341,27,183678468000000,183678468000000,183678468000000,2026-09-05T07:55:17.215593+00:00,195,18025935845025,1920,1200
directshow_index_1,40,183678500000000,183678500000000,183678500000000,2026-09-05T07:55:17.222936+00:00,,,640,480
daheng_sn_FDE23080341,28,183678562000000,183678562000000,183678562000000,2026-09-05T07:55:17.315538+00:00,206,18026020377825,1920,1200
directshow_index_1,41,183678593000000,183678593000000,183678593000000,2026-09-05T07:55:17.316086+00:00,,,640,480
daheng_sn_FDE23080341,29,183678656000000,183678656000000,183678656000000,2026-09-05T07:55:17.409670+00:00,219,18026120280225,1920,1200
directshow_index_1,42,183678687000000,183678687000000,183678687000000,2026-09-05T07:55:17.409670+00:00,,,640,480
daheng_sn_FDE23080341,30,183678750000000,183678750000000,183678750000000,2026-09-05T07:55:17.499426+00:00,231,18026212497825,1920,1200
directshow_index_1,43,183678781000000,183678781000000,183678781000000,2026-09-05T07:55:17.500426+00:00,,,640,480
daheng_sn_FDE23080341,31,183678843000000,183678843000000,183678843000000,2026-09-05T07:55:17.587149+00:00,243,18026304715425,1920,1200
directshow_index_1,44,183678875000000,183678875000000,183678875000000,2026-09-05T07:55:17.596142+00:00,,,640,480
daheng_sn_FDE23080341,32,183678937000000,183678937000000,183678937000000,2026-09-05T07:55:17.693732+00:00,255,18026396933025,1920,1200
directshow_index_1,45,183678968000000,183678968000000,183678968000000,2026-09-05T07:55:17.694294+00:00,,,640,480
daheng_sn_FDE23080341,33,183679031000000,183679031000000,183679031000000,2026-09-05T07:55:17.781323+00:00,267,18026489150625,1920,1200
directshow_index_1,46,183679062000000,183679062000000,183679062000000,2026-09-05T07:55:17.786322+00:00,,,640,480
daheng_sn_FDE23080341,34,183679125000000,183679125000000,183679125000000,2026-09-05T07:55:17.868569+00:00,280,18026589053025,1920,1200
directshow_index_1,47,183679156000000,183679156000000,183679156000000,2026-09-05T07:55:17.877882+00:00,,,640,480
daheng_sn_FDE23080341,35,183679218000000,183679218000000,183679218000000,2026-09-05T07:55:17.961471+00:00,292,18026681270625,1920,1200
directshow_index_1,48,183679250000000,183679250000000,183679250000000,2026-09-05T07:55:17.970191+00:00,,,640,480
daheng_sn_FDE23080341,36,183679312000000,183679312000000,183679312000000,2026-09-05T07:55:18.070304+00:00,304,18026773488225,1920,1200
directshow_index_1,49,183679343000000,183679343000000,183679343000000,2026-09-05T07:55:18.070304+00:00,,,640,480
daheng_sn_FDE23080341,37,183679406000000,183679406000000,183679406000000,2026-09-05T07:55:18.158288+00:00,316,18026865705825,1920,1200
directshow_index_1,50,183679437000000,183679437000000,183679437000000,2026-09-05T07:55:18.163288+00:00,,,640,480
daheng_sn_FDE23080341,38,183679500000000,183679500000000,183679500000000,2026-09-05T07:55:18.246331+00:00,328,18026957923425,1920,1200
directshow_index_1,51,183679531000000,183679531000000,183679531000000,2026-09-05T07:55:18.254155+00:00,,,640,480
daheng_sn_FDE23080341,39,183679593000000,183679593000000,183679593000000,2026-09-05T07:55:18.342682+00:00,341,18027057825825,1920,1200
directshow_index_1,52,183679625000000,183679625000000,183679625000000,2026-09-05T07:55:18.346674+00:00,,,640,480
daheng_sn_FDE23080341,40,183679687000000,183679687000000,183679687000000,2026-09-05T07:55:18.434873+00:00,353,18027150043425,1920,1200
directshow_index_1,53,183679718000000,183679718000000,183679718000000,2026-09-05T07:55:18.438689+00:00,,,640,480
daheng_sn_FDE23080341,41,183679781000000,183679781000000,183679781000000,2026-09-05T07:55:18.527141+00:00,365,18027242261025,1920,1200
directshow_index_1,54,183679812000000,183679812000000,183679812000000,2026-09-05T07:55:18.534140+00:00,,,640,480
daheng_sn_FDE23080341,42,183679875000000,183679875000000,183679875000000,2026-09-05T07:55:18.620754+00:00,377,18027334478625,1920,1200
directshow_index_1,55,183679906000000,183679906000000,183679906000000,2026-09-05T07:55:18.631961+00:00,,,640,480
daheng_sn_FDE23080341,43,183679968000000,183679968000000,183679968000000,2026-09-05T07:55:18.716949+00:00,390,18027434381025,1920,1200
directshow_index_1,56,183680000000000,183680000000000,183680000000000,2026-09-05T07:55:18.722107+00:00,,,640,480
daheng_sn_FDE23080341,44,183680062000000,183680062000000,183680062000000,2026-09-05T07:55:18.809574+00:00,402,18027526598625,1920,1200
directshow_index_1,57,183680093000000,183680093000000,183680093000000,2026-09-05T07:55:18.818778+00:00,,,640,480
daheng_sn_FDE23080341,45,183680156000000,183680156000000,183680156000000,2026-09-05T07:55:18.904409+00:00,414,18027618816225,1920,1200
directshow_index_1,58,183680187000000,183680187000000,183680187000000,2026-09-05T07:55:18.910411+00:00,,,640,480
daheng_sn_FDE23080341,46,183680250000000,183680250000000,183680250000000,2026-09-05T07:55:18.999804+00:00,426,18027711033825,1920,1200
directshow_index_1,59,183680281000000,183680281000000,183680281000000,2026-09-05T07:55:19.006620+00:00,,,640,480
daheng_sn_FDE23080341,47,183680343000000,183680343000000,183680343000000,2026-09-05T07:55:19.090873+00:00,439,18027810936225,1920,1200
directshow_index_1,60,183680375000000,183680375000000,183680375000000,2026-09-05T07:55:19.096878+00:00,,,640,480
directshow_index_1,61,183680468000000,183680468000000,183680468000000,2026-09-05T07:55:19.189132+00:00,,,640,480
daheng_sn_FDE23080341,48,183680437000000,183680437000000,183680437000000,2026-09-05T07:55:19.193135+00:00,451,18027903153825,1920,1200
daheng_sn_FDE23080341,49,183680531000000,183680531000000,183680531000000,2026-09-05T07:55:19.278905+00:00,463,18027995371425,1920,1200
directshow_index_1,62,183680562000000,183680562000000,183680562000000,2026-09-05T07:55:19.285899+00:00,,,640,480
daheng_sn_FDE23080341,50,183680625000000,183680625000000,183680625000000,2026-09-05T07:55:19.376989+00:00,475,18028087589025,1920,1200
directshow_index_1,63,183680656000000,183680656000000,183680656000000,2026-09-05T07:55:19.377998+00:00,,,640,480
daheng_sn_FDE23080341,51,183680718000000,183680718000000,183680718000000,2026-09-05T07:55:19.464531+00:00,487,18028179806625,1920,1200
directshow_index_1,64,183680750000000,183680750000000,183680750000000,2026-09-05T07:55:19.471713+00:00,,,640,480
daheng_sn_FDE23080341,52,183680812000000,183680812000000,183680812000000,2026-09-05T07:55:19.558707+00:00,499,18028272024225,1920,1200
directshow_index_1,65,183680843000000,183680843000000,183680843000000,2026-09-05T07:55:19.566700+00:00,,,640,480
daheng_sn_FDE23080341,53,183680906000000,183680906000000,183680906000000,2026-09-05T07:55:19.651736+00:00,512,18028371926625,1920,1200
directshow_index_1,66,183680937000000,183680937000000,183680937000000,2026-09-05T07:55:19.658192+00:00,,,640,480
daheng_sn_FDE23080341,54,183681000000000,183681000000000,183681000000000,2026-09-05T07:55:19.746457+00:00,524,18028464144225,1920,1200
directshow_index_1,67,183681031000000,183681031000000,183681031000000,2026-09-05T07:55:19.754673+00:00,,,640,480
daheng_sn_FDE23080341,55,183681093000000,183681093000000,183681093000000,2026-09-05T07:55:19.837769+00:00,536,18028556361825,1920,1200
directshow_index_1,68,183681125000000,183681125000000,183681125000000,2026-09-05T07:55:19.845705+00:00,,,640,480
daheng_sn_FDE23080341,56,183681187000000,183681187000000,183681187000000,2026-09-05T07:55:19.929382+00:00,548,18028648579425,1920,1200
directshow_index_1,69,183681218000000,183681218000000,183681218000000,2026-09-05T07:55:19.938469+00:00,,,640,480
daheng_sn_FDE23080341,57,183681281000000,183681281000000,183681281000000,2026-09-05T07:55:20.022035+00:00,561,18028748481825,1920,1200
directshow_index_1,70,183681312000000,183681312000000,183681312000000,2026-09-05T07:55:20.037131+00:00,,,640,480
daheng_sn_FDE23080341,58,183681375000000,183681375000000,183681375000000,2026-09-05T07:55:20.121358+00:00,572,18028833014625,1920,1200
directshow_index_1,71,183681406000000,183681406000000,183681406000000,2026-09-05T07:55:20.128358+00:00,,,640,480
daheng_sn_FDE23080341,59,183681468000000,183681468000000,183681468000000,2026-09-05T07:55:20.212925+00:00,585,18028932917025,1920,1200
directshow_index_1,72,183681500000000,183681500000000,183681500000000,2026-09-05T07:55:20.225188+00:00,,,640,480
daheng_sn_FDE23080341,60,183681562000000,183681562000000,183681562000000,2026-09-05T07:55:20.317414+00:00,597,18029025134625,1920,1200
directshow_index_1,73,183681593000000,183681593000000,183681593000000,2026-09-05T07:55:20.317414+00:00,,,640,480
directshow_index_1,74,183681687000000,183681687000000,183681687000000,2026-09-05T07:55:20.410955+00:00,,,640,480
daheng_sn_FDE23080341,61,183681656000000,183681656000000,183681656000000,2026-09-05T07:55:20.421473+00:00,609,18029117352225,1920,1200
daheng_sn_FDE23080341,62,183681750000000,183681750000000,183681750000000,2026-09-05T07:55:20.489519+00:00,621,18029209569825,1920,1200
directshow_index_1,75,183681781000000,183681781000000,183681781000000,2026-09-05T07:55:20.500181+00:00,,,640,480
daheng_sn_FDE23080341,63,183681843000000,183681843000000,183681843000000,2026-09-05T07:55:20.582177+00:00,634,18029309472225,1920,1200
directshow_index_1,76,183681875000000,183681875000000,183681875000000,2026-09-05T07:55:20.596567+00:00,,,640,480
daheng_sn_FDE23080341,64,183681937000000,183681937000000,183681937000000,2026-09-05T07:55:20.676669+00:00,646,18029401689825,1920,1200
directshow_index_1,77,183681968000000,183681968000000,183681968000000,2026-09-05T07:55:20.693770+00:00,,,640,480
daheng_sn_FDE23080341,65,183682031000000,183682031000000,183682031000000,2026-09-05T07:55:20.771961+00:00,658,18029493907425,1920,1200
directshow_index_1,78,183682062000000,183682062000000,183682062000000,2026-09-05T07:55:20.783954+00:00,,,640,480
daheng_sn_FDE23080341,66,183682125000000,183682125000000,183682125000000,2026-09-05T07:55:20.864140+00:00,670,18029586125025,1920,1200
directshow_index_1,79,183682156000000,183682156000000,183682156000000,2026-09-05T07:55:20.880145+00:00,,,640,480
daheng_sn_FDE23080341,67,183682218000000,183682218000000,183682218000000,2026-09-05T07:55:20.959379+00:00,682,18029678342625,1920,1200
directshow_index_1,80,183682250000000,183682250000000,183682250000000,2026-09-05T07:55:20.970057+00:00,,,640,480
daheng_sn_FDE23080341,68,183682312000000,183682312000000,183682312000000,2026-09-05T07:55:21.051928+00:00,694,18029770560225,1920,1200
directshow_index_1,81,183682343000000,183682343000000,183682343000000,2026-09-05T07:55:21.066929+00:00,,,640,480
daheng_sn_FDE23080341,69,183682406000000,183682406000000,183682406000000,2026-09-05T07:55:21.142474+00:00,707,18029870462625,1920,1200
directshow_index_1,82,183682437000000,183682437000000,183682437000000,2026-09-05T07:55:21.158563+00:00,,,640,480
daheng_sn_FDE23080341,70,183682500000000,183682500000000,183682500000000,2026-09-05T07:55:21.241043+00:00,719,18029962680225,1920,1200
directshow_index_1,83,183682531000000,183682531000000,183682531000000,2026-09-05T07:55:21.254379+00:00,,,640,480
daheng_sn_FDE23080341,71,183682593000000,183682593000000,183682593000000,2026-09-05T07:55:21.335507+00:00,731,18030054897825,1920,1200
directshow_index_1,84,183682625000000,183682625000000,183682625000000,2026-09-05T07:55:21.345514+00:00,,,640,480
daheng_sn_FDE23080341,72,183682687000000,183682687000000,183682687000000,2026-09-05T07:55:21.427654+00:00,744,18030154800225,1920,1200
directshow_index_1,85,183682718000000,183682718000000,183682718000000,2026-09-05T07:55:21.442514+00:00,,,640,480
daheng_sn_FDE23080341,73,183682781000000,183682781000000,183682781000000,2026-09-05T07:55:21.521583+00:00,755,18030239333025,1920,1200
directshow_index_1,86,183682812000000,183682812000000,183682812000000,2026-09-05T07:55:21.532809+00:00,,,640,480
daheng_sn_FDE23080341,74,183682875000000,183682875000000,183682875000000,2026-09-05T07:55:21.615672+00:00,767,18030331550625,1920,1200
directshow_index_1,87,183682906000000,183682906000000,183682906000000,2026-09-05T07:55:21.629914+00:00,,,640,480
daheng_sn_FDE23080341,75,183682968000000,183682968000000,183682968000000,2026-09-05T07:55:21.710872+00:00,780,18030431453025,1920,1200
directshow_index_1,88,183683000000000,183683000000000,183683000000000,2026-09-05T07:55:21.719649+00:00,,,640,480
daheng_sn_FDE23080341,76,183683062000000,183683062000000,183683062000000,2026-09-05T07:55:21.807308+00:00,792,18030523670625,1920,1200
directshow_index_1,89,183683093000000,183683093000000,183683093000000,2026-09-05T07:55:21.815444+00:00,,,640,480
daheng_sn_FDE23080341,77,183683156000000,183683156000000,183683156000000,2026-09-05T07:55:21.893622+00:00,804,18030615888225,1920,1200
directshow_index_1,90,183683187000000,183683187000000,183683187000000,2026-09-05T07:55:21.912211+00:00,,,640,480
daheng_sn_FDE23080341,78,183683250000000,183683250000000,183683250000000,2026-09-05T07:55:21.993370+00:00,816,18030708105825,1920,1200
directshow_index_1,91,183683281000000,183683281000000,183683281000000,2026-09-05T07:55:22.003594+00:00,,,640,480
daheng_sn_FDE23080341,79,183683343000000,183683343000000,183683343000000,2026-09-05T07:55:22.099379+00:00,829,18030808008225,1920,1200
directshow_index_1,92,183683375000000,183683375000000,183683375000000,2026-09-05T07:55:22.099379+00:00,,,640,480
daheng_sn_FDE23080341,80,183683437000000,183683437000000,183683437000000,2026-09-05T07:55:22.196285+00:00,841,18030900225825,1920,1200
directshow_index_1,93,183683468000000,183683468000000,183683468000000,2026-09-05T07:55:22.196285+00:00,,,640,480
daheng_sn_FDE23080341,81,183683531000000,183683531000000,183683531000000,2026-09-05T07:55:22.277980+00:00,853,18030992443425,1920,1200
directshow_index_1,94,183683562000000,183683562000000,183683562000000,2026-09-05T07:55:22.287013+00:00,,,640,480
daheng_sn_FDE23080341,82,183683625000000,183683625000000,183683625000000,2026-09-05T07:55:22.372156+00:00,865,18031084661025,1920,1200
directshow_index_1,95,183683656000000,183683656000000,183683656000000,2026-09-05T07:55:22.378369+00:00,,,640,480
daheng_sn_FDE23080341,83,183683718000000,183683718000000,183683718000000,2026-09-05T07:55:22.467155+00:00,877,18031176878625,1920,1200
directshow_index_1,96,183683750000000,183683750000000,183683750000000,2026-09-05T07:55:22.474489+00:00,,,640,480
daheng_sn_FDE23080341,84,183683812000000,183683812000000,183683812000000,2026-09-05T07:55:22.558909+00:00,890,18031276781025,1920,1200
directshow_index_1,97,183683843000000,183683843000000,183683843000000,2026-09-05T07:55:22.565871+00:00,,,640,480
daheng_sn_FDE23080341,85,183683906000000,183683906000000,183683906000000,2026-09-05T07:55:22.651289+00:00,902,18031368998625,1920,1200
directshow_index_1,98,183683937000000,183683937000000,183683937000000,2026-09-05T07:55:22.658686+00:00,,,640,480
daheng_sn_FDE23080341,86,183684000000000,183684000000000,183684000000000,2026-09-05T07:55:22.742987+00:00,914,18031461216225,1920,1200
directshow_index_1,99,183684031000000,183684031000000,183684031000000,2026-09-05T07:55:22.755022+00:00,,,640,480
daheng_sn_FDE23080341,87,183684093000000,183684093000000,183684093000000,2026-09-05T07:55:22.841353+00:00,926,18031553433825,1920,1200
directshow_index_1,100,183684125000000,183684125000000,183684125000000,2026-09-05T07:55:22.846399+00:00,,,640,480
daheng_sn_FDE23080341,88,183684187000000,183684187000000,183684187000000,2026-09-05T07:55:22.930716+00:00,938,18031645651425,1920,1200
directshow_index_1,101,183684218000000,183684218000000,183684218000000,2026-09-05T07:55:22.939789+00:00,,,640,480
daheng_sn_FDE23080341,89,183684281000000,183684281000000,183684281000000,2026-09-05T07:55:23.023682+00:00,950,18031737869025,1920,1200
directshow_index_1,102,183684312000000,183684312000000,183684312000000,2026-09-05T07:55:23.035620+00:00,,,640,480
daheng_sn_FDE23080341,90,183684375000000,183684375000000,183684375000000,2026-09-05T07:55:23.121852+00:00,963,18031837771425,1920,1200
directshow_index_1,103,183684406000000,183684406000000,183684406000000,2026-09-05T07:55:23.131851+00:00,,,640,480
daheng_sn_FDE23080341,91,183684468000000,183684468000000,183684468000000,2026-09-05T07:55:23.211587+00:00,975,18031929989025,1920,1200
directshow_index_1,104,183684500000000,183684500000000,183684500000000,2026-09-05T07:55:23.221590+00:00,,,640,480
daheng_sn_FDE23080341,92,183684562000000,183684562000000,183684562000000,2026-09-05T07:55:23.303487+00:00,987,18032022206625,1920,1200
directshow_index_1,105,183684593000000,183684593000000,183684593000000,2026-09-05T07:55:23.318555+00:00,,,640,480
daheng_sn_FDE23080341,93,183684656000000,183684656000000,183684656000000,2026-09-05T07:55:23.405903+00:00,999,18032114424225,1920,1200
directshow_index_1,106,183684687000000,183684687000000,183684687000000,2026-09-05T07:55:23.408902+00:00,,,640,480
daheng_sn_FDE23080341,94,183684750000000,183684750000000,183684750000000,2026-09-05T07:55:23.492535+00:00,1012,18032214326625,1920,1200
directshow_index_1,107,183684781000000,183684781000000,183684781000000,2026-09-05T07:55:23.503708+00:00,,,640,480
daheng_sn_FDE23080341,95,183684843000000,183684843000000,183684843000000,2026-09-05T07:55:23.587639+00:00,1024,18032306544225,1920,1200
directshow_index_1,108,183684875000000,183684875000000,183684875000000,2026-09-05T07:55:23.595629+00:00,,,640,480
daheng_sn_FDE23080341,96,183684937000000,183684937000000,183684937000000,2026-09-05T07:55:23.680018+00:00,1036,18032398761825,1920,1200
directshow_index_1,109,183684968000000,183684968000000,183684968000000,2026-09-05T07:55:23.691536+00:00,,,640,480
daheng_sn_FDE23080341,97,183685031000000,183685031000000,183685031000000,2026-09-05T07:55:23.782576+00:00,1048,18032490979425,1920,1200
directshow_index_1,110,183685062000000,183685062000000,183685062000000,2026-09-05T07:55:23.788584+00:00,,,640,480
daheng_sn_FDE23080341,98,183685125000000,183685125000000,183685125000000,2026-09-05T07:55:23.867242+00:00,1061,18032590881825,1920,1200
directshow_index_1,111,183685156000000,183685156000000,183685156000000,2026-09-05T07:55:23.878243+00:00,,,640,480
daheng_sn_FDE23080341,99,183685218000000,183685218000000,183685218000000,2026-09-05T07:55:23.964936+00:00,1073,18032683099425,1920,1200
directshow_index_1,112,183685250000000,183685250000000,183685250000000,2026-09-05T07:55:23.976280+00:00,,,640,480
daheng_sn_FDE23080341,100,183685312000000,183685312000000,183685312000000,2026-09-05T07:55:24.058391+00:00,1085,18032775317025,1920,1200
directshow_index_1,113,183685343000000,183685343000000,183685343000000,2026-09-05T07:55:24.066396+00:00,,,640,480
daheng_sn_FDE23080341,101,183685406000000,183685406000000,183685406000000,2026-09-05T07:55:24.151449+00:00,1097,18032867534625,1920,1200
directshow_index_1,114,183685437000000,183685437000000,183685437000000,2026-09-05T07:55:24.157496+00:00,,,640,480
daheng_sn_FDE23080341,102,183685500000000,183685500000000,183685500000000,2026-09-05T07:55:24.245105+00:00,1109,18032959752225,1920,1200
directshow_index_1,115,183685531000000,183685531000000,183685531000000,2026-09-05T07:55:24.254869+00:00,,,640,480
daheng_sn_FDE23080341,103,183685593000000,183685593000000,183685593000000,2026-09-05T07:55:24.338769+00:00,1121,18033051969825,1920,1200
directshow_index_1,116,183685625000000,183685625000000,183685625000000,2026-09-05T07:55:24.346575+00:00,,,640,480
daheng_sn_FDE23080341,104,183685687000000,183685687000000,183685687000000,2026-09-05T07:55:24.433764+00:00,1134,18033151872225,1920,1200
directshow_index_1,117,183685718000000,183685718000000,183685718000000,2026-09-05T07:55:24.441047+00:00,,,640,480
daheng_sn_FDE23080341,105,183685781000000,183685781000000,183685781000000,2026-09-05T07:55:24.532048+00:00,1146,18033244089825,1920,1200
directshow_index_1,118,183685812000000,183685812000000,183685812000000,2026-09-05T07:55:24.535047+00:00,,,640,480
daheng_sn_FDE23080341,106,183685875000000,183685875000000,183685875000000,2026-09-05T07:55:24.619740+00:00,1158,18033336307425,1920,1200
directshow_index_1,119,183685906000000,183685906000000,183685906000000,2026-09-05T07:55:24.631249+00:00,,,640,480
daheng_sn_FDE23080341,107,183685968000000,183685968000000,183685968000000,2026-09-05T07:55:24.710979+00:00,1170,18033428525025,1920,1200
directshow_index_1,120,183686000000000,183686000000000,183686000000000,2026-09-05T07:55:24.721504+00:00,,,640,480
daheng_sn_FDE23080341,108,183686062000000,183686062000000,183686062000000,2026-09-05T07:55:24.806051+00:00,1183,18033528427425,1920,1200
directshow_index_1,121,183686093000000,183686093000000,183686093000000,2026-09-05T07:55:24.815315+00:00,,,640,480
daheng_sn_FDE23080341,109,183686156000000,183686156000000,183686156000000,2026-09-05T07:55:24.897684+00:00,1194,18033612960225,1920,1200
directshow_index_1,122,183686187000000,183686187000000,183686187000000,2026-09-05T07:55:24.906690+00:00,,,640,480
daheng_sn_FDE23080341,110,183686250000000,183686250000000,183686250000000,2026-09-05T07:55:24.999463+00:00,1207,18033712862625,1920,1200
directshow_index_1,123,183686281000000,183686281000000,183686281000000,2026-09-05T07:55:25.003474+00:00,,,640,480
daheng_sn_FDE23080341,111,183686343000000,183686343000000,183686343000000,2026-09-05T07:55:25.091490+00:00,1219,18033805080225,1920,1200
directshow_index_1,124,183686375000000,183686375000000,183686375000000,2026-09-05T07:55:25.095008+00:00,,,640,480
daheng_sn_FDE23080341,112,183686437000000,183686437000000,183686437000000,2026-09-05T07:55:25.186406+00:00,1231,18033897297825,1920,1200
directshow_index_1,125,183686468000000,183686468000000,183686468000000,2026-09-05T07:55:25.191513+00:00,,,640,480
daheng_sn_FDE23080341,113,183686531000000,183686531000000,183686531000000,2026-09-05T07:55:25.281953+00:00,1243,18033989515425,1920,1200
directshow_index_1,126,183686562000000,183686562000000,183686562000000,2026-09-05T07:55:25.282958+00:00,,,640,480
daheng_sn_FDE23080341,114,183686625000000,183686625000000,183686625000000,2026-09-05T07:55:25.367074+00:00,1256,18034089417825,1920,1200
directshow_index_1,127,183686656000000,183686656000000,183686656000000,2026-09-05T07:55:25.379071+00:00,,,640,480
daheng_sn_FDE23080341,115,183686718000000,183686718000000,183686718000000,2026-09-05T07:55:25.472161+00:00,1268,18034181635425,1920,1200
directshow_index_1,128,183686750000000,183686750000000,183686750000000,2026-09-05T07:55:25.473158+00:00,,,640,480
daheng_sn_FDE23080341,116,183686812000000,183686812000000,183686812000000,2026-09-05T07:55:25.560763+00:00,1280,18034273853025,1920,1200
directshow_index_1,129,183686843000000,183686843000000,183686843000000,2026-09-05T07:55:25.563753+00:00,,,640,480
daheng_sn_FDE23080341,117,183686906000000,183686906000000,183686906000000,2026-09-05T07:55:25.652046+00:00,1292,18034366070625,1920,1200
directshow_index_1,130,183686937000000,183686937000000,183686937000000,2026-09-05T07:55:25.661936+00:00,,,640,480
daheng_sn_FDE23080341,118,183687000000000,183687000000000,183687000000000,2026-09-05T07:55:25.745255+00:00,1304,18034458288225,1920,1200
directshow_index_1,131,183687031000000,183687031000000,183687031000000,2026-09-05T07:55:25.753130+00:00,,,640,480
daheng_sn_FDE23080341,119,183687093000000,183687093000000,183687093000000,2026-09-05T07:55:25.841824+00:00,1316,18034550505825,1920,1200
directshow_index_1,132,183687125000000,183687125000000,183687125000000,2026-09-05T07:55:25.850944+00:00,,,640,480
daheng_sn_FDE23080341,120,183687187000000,183687187000000,183687187000000,2026-09-05T07:55:25.932561+00:00,1328,18034642723425,1920,1200
directshow_index_1,133,183687218000000,183687218000000,183687218000000,2026-09-05T07:55:25.941567+00:00,,,640,480
daheng_sn_FDE23080341,121,183687281000000,183687281000000,183687281000000,2026-09-05T07:55:26.025391+00:00,1341,18034742625825,1920,1200
directshow_index_1,134,183687312000000,183687312000000,183687312000000,2026-09-05T07:55:26.032379+00:00,,,640,480
daheng_sn_FDE23080341,122,183687375000000,183687375000000,183687375000000,2026-09-05T07:55:26.120405+00:00,1353,18034834843425,1920,1200
directshow_index_1,135,183687406000000,183687406000000,183687406000000,2026-09-05T07:55:26.128922+00:00,,,640,480
daheng_sn_FDE23080341,123,183687468000000,183687468000000,183687468000000,2026-09-05T07:55:26.211423+00:00,1366,18034934745825,1920,1200
directshow_index_1,136,183687500000000,183687500000000,183687500000000,2026-09-05T07:55:26.221632+00:00,,,640,480
daheng_sn_FDE23080341,124,183687562000000,183687562000000,183687562000000,2026-09-05T07:55:26.302887+00:00,1378,18035026963425,1920,1200
directshow_index_1,137,183687593000000,183687593000000,183687593000000,2026-09-05T07:55:26.317900+00:00,,,640,480
daheng_sn_FDE23080341,125,183687656000000,183687656000000,183687656000000,2026-09-05T07:55:26.399806+00:00,1390,18035119181025,1920,1200
directshow_index_1,138,183687687000000,183687687000000,183687687000000,2026-09-05T07:55:26.409822+00:00,,,640,480
daheng_sn_FDE23080341,126,183687750000000,183687750000000,183687750000000,2026-09-05T07:55:26.502062+00:00,1402,18035211398625,1920,1200
directshow_index_1,139,183687781000000,183687781000000,183687781000000,2026-09-05T07:55:26.506056+00:00,,,640,480
daheng_sn_FDE23080341,127,183687843000000,183687843000000,183687843000000,2026-09-05T07:55:26.588160+00:00,1414,18035303616225,1920,1200
directshow_index_1,140,183687875000000,183687875000000,183687875000000,2026-09-05T07:55:26.597158+00:00,,,640,480
daheng_sn_FDE23080341,128,183687937000000,183687937000000,183687937000000,2026-09-05T07:55:26.678679+00:00,1427,18035403518625,1920,1200
directshow_index_1,141,183687968000000,183687968000000,183687968000000,2026-09-05T07:55:26.688469+00:00,,,640,480
daheng_sn_FDE23080341,129,183688031000000,183688031000000,183688031000000,2026-09-05T07:55:26.777671+00:00,1439,18035495736225,1920,1200
directshow_index_1,142,183688062000000,183688062000000,183688062000000,2026-09-05T07:55:26.784175+00:00,,,640,480
daheng_sn_FDE23080341,130,183688125000000,183688125000000,183688125000000,2026-09-05T07:55:26.873480+00:00,1451,18035587953825,1920,1200
directshow_index_1,143,183688156000000,183688156000000,183688156000000,2026-09-05T07:55:26.880003+00:00,,,640,480
daheng_sn_FDE23080341,131,183688218000000,183688218000000,183688218000000,2026-09-05T07:55:26.964653+00:00,1463,18035680171425,1920,1200
directshow_index_1,144,183688250000000,183688250000000,183688250000000,2026-09-05T07:55:26.969709+00:00,,,640,480
daheng_sn_FDE23080341,132,183688312000000,183688312000000,183688312000000,2026-09-05T07:55:27.069511+00:00,1475,18035772389025,1920,1200
directshow_index_1,145,183688343000000,183688343000000,183688343000000,2026-09-05T07:55:27.070511+00:00,,,640,480
directshow_index_1,146,183688437000000,183688437000000,183688437000000,2026-09-05T07:55:27.164616+00:00,,,640,480
daheng_sn_FDE23080341,133,183688406000000,183688406000000,183688406000000,2026-09-05T07:55:27.172616+00:00,1487,18035864606625,1920,1200
daheng_sn_FDE23080341,134,183688500000000,183688500000000,183688500000000,2026-09-05T07:55:27.250328+00:00,1500,18035964509025,1920,1200
directshow_index_1,147,183688531000000,183688531000000,183688531000000,2026-09-05T07:55:27.256681+00:00,,,640,480
daheng_sn_FDE23080341,135,183688593000000,183688593000000,183688593000000,2026-09-05T07:55:27.338600+00:00,1511,18036049041825,1920,1200
directshow_index_1,148,183688625000000,183688625000000,183688625000000,2026-09-05T07:55:27.348306+00:00,,,640,480
daheng_sn_FDE23080341,136,183688687000000,183688687000000,183688687000000,2026-09-05T07:55:27.433710+00:00,1524,18036148944225,1920,1200
directshow_index_1,149,183688718000000,183688718000000,183688718000000,2026-09-05T07:55:27.441710+00:00,,,640,480
daheng_sn_FDE23080341,137,183688781000000,183688781000000,183688781000000,2026-09-05T07:55:27.525885+00:00,1537,18036248846625,1920,1200
directshow_index_1,150,183688812000000,183688812000000,183688812000000,2026-09-05T07:55:27.531885+00:00,,,640,480
daheng_sn_FDE23080341,138,183688875000000,183688875000000,183688875000000,2026-09-05T07:55:27.618637+00:00,1548,18036333379425,1920,1200
directshow_index_1,151,183688906000000,183688906000000,183688906000000,2026-09-05T07:55:27.628184+00:00,,,640,480
daheng_sn_FDE23080341,139,183688968000000,183688968000000,183688968000000,2026-09-05T07:55:27.712505+00:00,1560,18036425597025,1920,1200
directshow_index_1,152,183689000000000,183689000000000,183689000000000,2026-09-05T07:55:27.719503+00:00,,,640,480
daheng_sn_FDE23080341,140,183689062000000,183689062000000,183689062000000,2026-09-05T07:55:27.810173+00:00,1573,18036525499425,1920,1200
directshow_index_1,153,183689093000000,183689093000000,183689093000000,2026-09-05T07:55:27.815918+00:00,,,640,480
daheng_sn_FDE23080341,141,183689156000000,183689156000000,183689156000000,2026-09-05T07:55:27.902488+00:00,1585,18036617717025,1920,1200
directshow_index_1,154,183689187000000,183689187000000,183689187000000,2026-09-05T07:55:27.906917+00:00,,,640,480
daheng_sn_FDE23080341,142,183689250000000,183689250000000,183689250000000,2026-09-05T07:55:27.993727+00:00,1597,18036709934625,1920,1200
directshow_index_1,155,183689281000000,183689281000000,183689281000000,2026-09-05T07:55:28.004120+00:00,,,640,480
daheng_sn_FDE23080341,143,183689343000000,183689343000000,183689343000000,2026-09-05T07:55:28.087319+00:00,1610,18036809837025,1920,1200
directshow_index_1,156,183689375000000,183689375000000,183689375000000,2026-09-05T07:55:28.098910+00:00,,,640,480
daheng_sn_FDE23080341,144,183689437000000,183689437000000,183689437000000,2026-09-05T07:55:28.185368+00:00,1621,18036894369825,1920,1200
directshow_index_1,157,183689468000000,183689468000000,183689468000000,2026-09-05T07:55:28.190367+00:00,,,640,480
daheng_sn_FDE23080341,145,183689531000000,183689531000000,183689531000000,2026-09-05T07:55:28.277234+00:00,1634,18036994272225,1920,1200
directshow_index_1,158,183689562000000,183689562000000,183689562000000,2026-09-05T07:55:28.287233+00:00,,,640,480
daheng_sn_FDE23080341,146,183689625000000,183689625000000,183689625000000,2026-09-05T07:55:28.368393+00:00,1646,18037086489825,1920,1200
directshow_index_1,159,183689656000000,183689656000000,183689656000000,2026-09-05T07:55:28.377652+00:00,,,640,480
daheng_sn_FDE23080341,147,183689718000000,183689718000000,183689718000000,2026-09-05T07:55:28.462007+00:00,1658,18037178707425,1920,1200
directshow_index_1,160,183689750000000,183689750000000,183689750000000,2026-09-05T07:55:28.474697+00:00,,,640,480
daheng_sn_FDE23080341,148,183689812000000,183689812000000,183689812000000,2026-09-05T07:55:28.559763+00:00,1670,18037270925025,1920,1200
directshow_index_1,161,183689843000000,183689843000000,183689843000000,2026-09-05T07:55:28.564881+00:00,,,640,480
daheng_sn_FDE23080341,149,183689906000000,183689906000000,183689906000000,2026-09-05T07:55:28.650615+00:00,1682,18037363142625,1920,1200
directshow_index_1,162,183689937000000,183689937000000,183689937000000,2026-09-05T07:55:28.660607+00:00,,,640,480
daheng_sn_FDE23080341,150,183690000000000,183690000000000,183690000000000,2026-09-05T07:55:28.741862+00:00,1695,18037463045025,1920,1200
directshow_index_1,163,183690031000000,183690031000000,183690031000000,2026-09-05T07:55:28.751715+00:00,,,640,480
daheng_sn_FDE23080341,151,183690093000000,183690093000000,183690093000000,2026-09-05T07:55:28.842885+00:00,1707,18037555262625,1920,1200
directshow_index_1,164,183690125000000,183690125000000,183690125000000,2026-09-05T07:55:28.847284+00:00,,,640,480
daheng_sn_FDE23080341,152,183690187000000,183690187000000,183690187000000,2026-09-05T07:55:28.927359+00:00,1720,18037655165025,1920,1200
directshow_index_1,165,183690218000000,183690218000000,183690218000000,2026-09-05T07:55:28.941379+00:00,,,640,480
daheng_sn_FDE23080341,153,183690281000000,183690281000000,183690281000000,2026-09-05T07:55:29.023940+00:00,1731,18037739697825,1920,1200
directshow_index_1,166,183690312000000,183690312000000,183690312000000,2026-09-05T07:55:29.032991+00:00,,,640,480
daheng_sn_FDE23080341,154,183690375000000,183690375000000,183690375000000,2026-09-05T07:55:29.117303+00:00,1743,18037831915425,1920,1200
directshow_index_1,167,183690406000000,183690406000000,183690406000000,2026-09-05T07:55:29.131213+00:00,,,640,480
daheng_sn_FDE23080341,155,183690468000000,183690468000000,183690468000000,2026-09-05T07:55:29.216649+00:00,1756,18037931817825,1920,1200
directshow_index_1,168,183690500000000,183690500000000,183690500000000,2026-09-05T07:55:29.224232+00:00,,,640,480
daheng_sn_FDE23080341,156,183690562000000,183690562000000,183690562000000,2026-09-05T07:55:29.311138+00:00,1768,18038024035425,1920,1200
directshow_index_1,169,183690593000000,183690593000000,183690593000000,2026-09-05T07:55:29.316155+00:00,,,640,480
daheng_sn_FDE23080341,157,183690656000000,183690656000000,183690656000000,2026-09-05T07:55:29.403998+00:00,1780,18038116253025,1920,1200
directshow_index_1,170,183690687000000,183690687000000,183690687000000,2026-09-05T07:55:29.406998+00:00,,,640,480
daheng_sn_FDE23080341,158,183690750000000,183690750000000,183690750000000,2026-09-05T07:55:29.498605+00:00,1792,18038208470625,1920,1200
directshow_index_1,171,183690781000000,183690781000000,183690781000000,2026-09-05T07:55:29.503596+00:00,,,640,480
daheng_sn_FDE23080341,159,183690843000000,183690843000000,183690843000000,2026-09-05T07:55:29.589363+00:00,1805,18038308373025,1920,1200
directshow_index_1,172,183690875000000,183690875000000,183690875000000,2026-09-05T07:55:29.595364+00:00,,,640,480
daheng_sn_FDE23080341,160,183690937000000,183690937000000,183690937000000,2026-09-05T07:55:29.679649+00:00,1817,18038400590625,1920,1200
directshow_index_1,173,183690968000000,183690968000000,183690968000000,2026-09-05T07:55:29.692866+00:00,,,640,480
daheng_sn_FDE23080341,161,183691031000000,183691031000000,183691031000000,2026-09-05T07:55:29.778284+00:00,1829,18038492808225,1920,1200
directshow_index_1,174,183691062000000,183691062000000,183691062000000,2026-09-05T07:55:29.782992+00:00,,,640,480
daheng_sn_FDE23080341,162,183691125000000,183691125000000,183691125000000,2026-09-05T07:55:29.880413+00:00,1842,18038592710625,1920,1200
directshow_index_1,175,183691156000000,183691156000000,183691156000000,2026-09-05T07:55:29.881424+00:00,,,640,480
daheng_sn_FDE23080341,163,183691218000000,183691218000000,183691218000000,2026-09-05T07:55:29.963076+00:00,1853,18038677243425,1920,1200
directshow_index_1,176,183691250000000,183691250000000,183691250000000,2026-09-05T07:55:29.976083+00:00,,,640,480
daheng_sn_FDE23080341,164,183691312000000,183691312000000,183691312000000,2026-09-05T07:55:30.051801+00:00,1866,18038777145825,1920,1200
directshow_index_1,177,183691343000000,183691343000000,183691343000000,2026-09-05T07:55:30.064977+00:00,,,640,480
daheng_sn_FDE23080341,165,183691406000000,183691406000000,183691406000000,2026-09-05T07:55:30.146809+00:00,1877,18038861678625,1920,1200
directshow_index_1,178,183691437000000,183691437000000,183691437000000,2026-09-05T07:55:30.160473+00:00,,,640,480
daheng_sn_FDE23080341,166,183691500000000,183691500000000,183691500000000,2026-09-05T07:55:30.240102+00:00,1890,18038961581025,1920,1200
directshow_index_1,179,183691531000000,183691531000000,183691531000000,2026-09-05T07:55:30.252688+00:00,,,640,480
daheng_sn_FDE23080341,167,183691593000000,183691593000000,183691593000000,2026-09-05T07:55:30.332113+00:00,1903,18039061483425,1920,1200
directshow_index_1,180,183691625000000,183691625000000,183691625000000,2026-09-05T07:55:30.348636+00:00,,,640,480
daheng_sn_FDE23080341,168,183691687000000,183691687000000,183691687000000,2026-09-05T07:55:30.428210+00:00,1915,18039153701025,1920,1200
directshow_index_1,181,183691718000000,183691718000000,183691718000000,2026-09-05T07:55:30.443303+00:00,,,640,480
daheng_sn_FDE23080341,169,183691781000000,183691781000000,183691781000000,2026-09-05T07:55:30.525787+00:00,1927,18039245918625,1920,1200
directshow_index_1,182,183691812000000,183691812000000,183691812000000,2026-09-05T07:55:30.534414+00:00,,,640,480
daheng_sn_FDE23080341,170,183691875000000,183691875000000,183691875000000,2026-09-05T07:55:30.614406+00:00,1939,18039338136225,1920,1200
directshow_index_1,183,183691906000000,183691906000000,183691906000000,2026-09-05T07:55:30.625462+00:00,,,640,480
daheng_sn_FDE23080341,171,183691968000000,183691968000000,183691968000000,2026-09-05T07:55:30.710137+00:00,1951,18039430353825,1920,1200
directshow_index_1,184,183692000000000,183692000000000,183692000000000,2026-09-05T07:55:30.722413+00:00,,,640,480
daheng_sn_FDE23080341,172,183692062000000,183692062000000,183692062000000,2026-09-05T07:55:30.803178+00:00,1964,18039530256225,1920,1200
directshow_index_1,185,183692093000000,183692093000000,183692093000000,2026-09-05T07:55:30.818059+00:00,,,640,480
daheng_sn_FDE23080341,173,183692156000000,183692156000000,183692156000000,2026-09-05T07:55:30.902155+00:00,1976,18039622473825,1920,1200
directshow_index_1,186,183692187000000,183692187000000,183692187000000,2026-09-05T07:55:30.908940+00:00,,,640,480
daheng_sn_FDE23080341,174,183692250000000,183692250000000,183692250000000,2026-09-05T07:55:30.992582+00:00,1988,18039714691425,1920,1200
directshow_index_1,187,183692281000000,183692281000000,183692281000000,2026-09-05T07:55:31.006158+00:00,,,640,480
daheng_sn_FDE23080341,175,183692343000000,183692343000000,183692343000000,2026-09-05T07:55:31.088660+00:00,2000,18039806909025,1920,1200
directshow_index_1,188,183692375000000,183692375000000,183692375000000,2026-09-05T07:55:31.097433+00:00,,,640,480
daheng_sn_FDE23080341,176,183692437000000,183692437000000,183692437000000,2026-09-05T07:55:31.182485+00:00,2012,18039899126625,1920,1200
directshow_index_1,189,183692468000000,183692468000000,183692468000000,2026-09-05T07:55:31.194232+00:00,,,640,480
daheng_sn_FDE23080341,177,183692531000000,183692531000000,183692531000000,2026-09-05T07:55:31.271330+00:00,2024,18039991344225,1920,1200
directshow_index_1,190,183692562000000,183692562000000,183692562000000,2026-09-05T07:55:31.284824+00:00,,,640,480
daheng_sn_FDE23080341,178,183692625000000,183692625000000,183692625000000,2026-09-05T07:55:31.364944+00:00,2036,18040083561825,1920,1200
directshow_index_1,191,183692656000000,183692656000000,183692656000000,2026-09-05T07:55:31.375883+00:00,,,640,480
daheng_sn_FDE23080341,179,183692718000000,183692718000000,183692718000000,2026-09-05T07:55:31.459127+00:00,2049,18040183464225,1920,1200
directshow_index_1,192,183692750000000,183692750000000,183692750000000,2026-09-05T07:55:31.471641+00:00,,,640,480
daheng_sn_FDE23080341,180,183692812000000,183692812000000,183692812000000,2026-09-05T07:55:31.559347+00:00,2061,18040275681825,1920,1200
directshow_index_1,193,183692843000000,183692843000000,183692843000000,2026-09-05T07:55:31.568410+00:00,,,640,480
daheng_sn_FDE23080341,181,183692906000000,183692906000000,183692906000000,2026-09-05T07:55:31.646916+00:00,2073,18040367899425,1920,1200
directshow_index_1,194,183692937000000,183692937000000,183692937000000,2026-09-05T07:55:31.658767+00:00,,,640,480
daheng_sn_FDE23080341,182,183693000000000,183693000000000,183693000000000,2026-09-05T07:55:31.739581+00:00,2085,18040460117025,1920,1200
directshow_index_1,195,183693031000000,183693031000000,183693031000000,2026-09-05T07:55:31.756106+00:00,,,640,480
daheng_sn_FDE23080341,183,183693093000000,183693093000000,183693093000000,2026-09-05T07:55:31.835200+00:00,2097,18040552334625,1920,1200
directshow_index_1,196,183693125000000,183693125000000,183693125000000,2026-09-05T07:55:31.847205+00:00,,,640,480
daheng_sn_FDE23080341,184,183693187000000,183693187000000,183693187000000,2026-09-05T07:55:31.932251+00:00,2110,18040652237025,1920,1200
directshow_index_1,197,183693218000000,183693218000000,183693218000000,2026-09-05T07:55:31.945247+00:00,,,640,480
daheng_sn_FDE23080341,185,183693281000000,183693281000000,183693281000000,2026-09-05T07:55:32.032992+00:00,2122,18040744454625,1920,1200
directshow_index_1,198,183693312000000,183693312000000,183693312000000,2026-09-05T07:55:32.034992+00:00,,,640,480
daheng_sn_FDE23080341,186,183693375000000,183693375000000,183693375000000,2026-09-05T07:55:32.130507+00:00,2134,18040836672225,1920,1200
directshow_index_1,199,183693406000000,183693406000000,183693406000000,2026-09-05T07:55:32.131507+00:00,,,640,480
daheng_sn_FDE23080341,187,183693468000000,183693468000000,183693468000000,2026-09-05T07:55:32.219546+00:00,2146,18040928889825,1920,1200
directshow_index_1,200,183693500000000,183693500000000,183693500000000,2026-09-05T07:55:32.224626+00:00,,,640,480
daheng_sn_FDE23080341,188,183693562000000,183693562000000,183693562000000,2026-09-05T07:55:32.308613+00:00,2158,18041021107425,1920,1200
directshow_index_1,201,183693593000000,183693593000000,183693593000000,2026-09-05T07:55:32.318229+00:00,,,640,480
daheng_sn_FDE23080341,189,183693656000000,183693656000000,183693656000000,2026-09-05T07:55:32.397980+00:00,2171,18041121009825,1920,1200
directshow_index_1,202,183693687000000,183693687000000,183693687000000,2026-09-05T07:55:32.407946+00:00,,,640,480
daheng_sn_FDE23080341,190,183693750000000,183693750000000,183693750000000,2026-09-05T07:55:32.493603+00:00,2183,18041213227425,1920,1200
directshow_index_1,203,183693781000000,183693781000000,183693781000000,2026-09-05T07:55:32.505252+00:00,,,640,480
daheng_sn_FDE23080341,191,183693843000000,183693843000000,183693843000000,2026-09-05T07:55:32.586757+00:00,2195,18041305445025,1920,1200
directshow_index_1,204,183693875000000,183693875000000,183693875000000,2026-09-05T07:55:32.595781+00:00,,,640,480
daheng_sn_FDE23080341,192,183693937000000,183693937000000,183693937000000,2026-09-05T07:55:32.678858+00:00,2207,18041397662625,1920,1200
directshow_index_1,205,183693968000000,183693968000000,183693968000000,2026-09-05T07:55:32.693241+00:00,,,640,480
daheng_sn_FDE23080341,193,183694031000000,183694031000000,183694031000000,2026-09-05T07:55:32.777427+00:00,2219,18041489880225,1920,1200
directshow_index_1,206,183694062000000,183694062000000,183694062000000,2026-09-05T07:55:32.786040+00:00,,,640,480
daheng_sn_FDE23080341,194,183694125000000,183694125000000,183694125000000,2026-09-05T07:55:32.871149+00:00,2232,18041589782625,1920,1200
directshow_index_1,207,183694156000000,183694156000000,183694156000000,2026-09-05T07:55:32.877413+00:00,,,640,480
daheng_sn_FDE23080341,195,183694218000000,183694218000000,183694218000000,2026-09-05T07:55:32.960496+00:00,2244,18041682000225,1920,1200
directshow_index_1,208,183694250000000,183694250000000,183694250000000,2026-09-05T07:55:32.975036+00:00,,,640,480
daheng_sn_FDE23080341,196,183694312000000,183694312000000,183694312000000,2026-09-05T07:55:33.057528+00:00,2256,18041774217825,1920,1200
directshow_index_1,209,183694343000000,183694343000000,183694343000000,2026-09-05T07:55:33.068670+00:00,,,640,480
daheng_sn_FDE23080341,197,183694406000000,183694406000000,183694406000000,2026-09-05T07:55:33.146354+00:00,2268,18041866435425,1920,1200
directshow_index_1,210,183694437000000,183694437000000,183694437000000,2026-09-05T07:55:33.159108+00:00,,,640,480
daheng_sn_FDE23080341,198,183694500000000,183694500000000,183694500000000,2026-09-05T07:55:33.244273+00:00,2281,18041966337825,1920,1200
directshow_index_1,211,183694531000000,183694531000000,183694531000000,2026-09-05T07:55:33.255855+00:00,,,640,480
daheng_sn_FDE23080341,199,183694593000000,183694593000000,183694593000000,2026-09-05T07:55:33.336249+00:00,2292,18042050870625,1920,1200
directshow_index_1,212,183694625000000,183694625000000,183694625000000,2026-09-05T07:55:33.346247+00:00,,,640,480
daheng_sn_FDE23080341,200,183694687000000,183694687000000,183694687000000,2026-09-05T07:55:33.428830+00:00,2305,18042150773025,1920,1200
directshow_index_1,213,183694718000000,183694718000000,183694718000000,2026-09-05T07:55:33.443333+00:00,,,640,480
daheng_sn_FDE23080341,201,183694781000000,183694781000000,183694781000000,2026-09-05T07:55:33.525300+00:00,2317,18042242990625,1920,1200
directshow_index_1,214,183694812000000,183694812000000,183694812000000,2026-09-05T07:55:33.533466+00:00,,,640,480
daheng_sn_FDE23080341,202,183694875000000,183694875000000,183694875000000,2026-09-05T07:55:33.613506+00:00,2329,18042335208225,1920,1200
directshow_index_1,215,183694906000000,183694906000000,183694906000000,2026-09-05T07:55:33.625523+00:00,,,640,480
daheng_sn_FDE23080341,203,183694968000000,183694968000000,183694968000000,2026-09-05T07:55:33.719122+00:00,2341,18042427425825,1920,1200
directshow_index_1,216,183695000000000,183695000000000,183695000000000,2026-09-05T07:55:33.722413+00:00,,,640,480
daheng_sn_FDE23080341,204,183695062000000,183695062000000,183695062000000,2026-09-05T07:55:33.803146+00:00,2354,18042527328225,1920,1200
directshow_index_1,217,183695093000000,183695093000000,183695093000000,2026-09-05T07:55:33.819047+00:00,,,640,480
daheng_sn_FDE23080341,205,183695156000000,183695156000000,183695156000000,2026-09-05T07:55:33.902114+00:00,2366,18042619545825,1920,1200
directshow_index_1,218,183695187000000,183695187000000,183695187000000,2026-09-05T07:55:33.910754+00:00,,,640,480
daheng_sn_FDE23080341,206,183695250000000,183695250000000,183695250000000,2026-09-05T07:55:33.994627+00:00,2378,18042711763425,1920,1200
directshow_index_1,219,183695281000000,183695281000000,183695281000000,2026-09-05T07:55:34.007839+00:00,,,640,480
daheng_sn_FDE23080341,207,183695343000000,183695343000000,183695343000000,2026-09-05T07:55:34.086436+00:00,2391,18042811665825,1920,1200
directshow_index_1,220,183695375000000,183695375000000,183695375000000,2026-09-05T07:55:34.097435+00:00,,,640,480
daheng_sn_FDE23080341,208,183695437000000,183695437000000,183695437000000,2026-09-05T07:55:34.182100+00:00,2402,18042896198625,1920,1200
directshow_index_1,221,183695468000000,183695468000000,183695468000000,2026-09-05T07:55:34.193626+00:00,,,640,480
daheng_sn_FDE23080341,209,183695531000000,183695531000000,183695531000000,2026-09-05T07:55:34.274364+00:00,2415,18042996101025,1920,1200
directshow_index_1,222,183695562000000,183695562000000,183695562000000,2026-09-05T07:55:34.284366+00:00,,,640,480
daheng_sn_FDE23080341,210,183695625000000,183695625000000,183695625000000,2026-09-05T07:55:34.364403+00:00,2427,18043088318625,1920,1200
directshow_index_1,223,183695656000000,183695656000000,183695656000000,2026-09-05T07:55:34.381761+00:00,,,640,480
daheng_sn_FDE23080341,211,183695718000000,183695718000000,183695718000000,2026-09-05T07:55:34.458660+00:00,2439,18043180536225,1920,1200
directshow_index_1,224,183695750000000,183695750000000,183695750000000,2026-09-05T07:55:34.473463+00:00,,,640,480
daheng_sn_FDE23080341,212,183695812000000,183695812000000,183695812000000,2026-09-05T07:55:34.557235+00:00,2451,18043272753825,1920,1200
directshow_index_1,225,183695843000000,183695843000000,183695843000000,2026-09-05T07:55:34.563242+00:00,,,640,480
daheng_sn_FDE23080341,213,183695906000000,183695906000000,183695906000000,2026-09-05T07:55:34.654810+00:00,2463,18043364971425,1920,1200
directshow_index_1,226,183695937000000,183695937000000,183695937000000,2026-09-05T07:55:34.660808+00:00,,,640,480
daheng_sn_FDE23080341,214,183696000000000,183696000000000,183696000000000,2026-09-05T07:55:34.747238+00:00,2475,18043457189025,1920,1200
directshow_index_1,227,183696031000000,183696031000000,183696031000000,2026-09-05T07:55:34.754230+00:00,,,640,480
daheng_sn_FDE23080341,215,183696093000000,183696093000000,183696093000000,2026-09-05T07:55:34.836092+00:00,2487,18043549406625,1920,1200
directshow_index_1,228,183696125000000,183696125000000,183696125000000,2026-09-05T07:55:34.844019+00:00,,,640,480
daheng_sn_FDE23080341,216,183696187000000,183696187000000,183696187000000,2026-09-05T07:55:34.933510+00:00,2500,18043649309025,1920,1200
directshow_index_1,229,183696218000000,183696218000000,183696218000000,2026-09-05T07:55:34.941226+00:00,,,640,480
daheng_sn_FDE23080341,217,183696281000000,183696281000000,183696281000000,2026-09-05T07:55:35.022228+00:00,2512,18043741526625,1920,1200
directshow_index_1,230,183696312000000,183696312000000,183696312000000,2026-09-05T07:55:35.032235+00:00,,,640,480
daheng_sn_FDE23080341,218,183696375000000,183696375000000,183696375000000,2026-09-05T07:55:35.114707+00:00,2524,18043833744225,1920,1200
directshow_index_1,231,183696406000000,183696406000000,183696406000000,2026-09-05T07:55:35.128713+00:00,,,640,480
daheng_sn_FDE23080341,219,183696468000000,183696468000000,183696468000000,2026-09-05T07:55:35.212555+00:00,2537,18043933646625,1920,1200
directshow_index_1,232,183696500000000,183696500000000,183696500000000,2026-09-05T07:55:35.220777+00:00,,,640,480
daheng_sn_FDE23080341,220,183696562000000,183696562000000,183696562000000,2026-09-05T07:55:35.307694+00:00,2549,18044025864225,1920,1200
directshow_index_1,233,183696593000000,183696593000000,183696593000000,2026-09-05T07:55:35.317216+00:00,,,640,480
daheng_sn_FDE23080341,221,183696656000000,183696656000000,183696656000000,2026-09-05T07:55:35.400461+00:00,2561,18044118081825,1920,1200
directshow_index_1,234,183696687000000,183696687000000,183696687000000,2026-09-05T07:55:35.407127+00:00,,,640,480
daheng_sn_FDE23080341,222,183696750000000,183696750000000,183696750000000,2026-09-05T07:55:35.488970+00:00,2573,18044210299425,1920,1200
directshow_index_1,235,183696781000000,183696781000000,183696781000000,2026-09-05T07:55:35.503844+00:00,,,640,480
daheng_sn_FDE23080341,223,183696843000000,183696843000000,183696843000000,2026-09-05T07:55:35.586182+00:00,2586,18044310201825,1920,1200
directshow_index_1,236,183696875000000,183696875000000,183696875000000,2026-09-05T07:55:35.594180+00:00,,,640,480
daheng_sn_FDE23080341,224,183696937000000,183696937000000,183696937000000,2026-09-05T07:55:35.685751+00:00,2597,18044394734625,1920,1200
directshow_index_1,237,183696968000000,183696968000000,183696968000000,2026-09-05T07:55:35.690833+00:00,,,640,480
daheng_sn_FDE23080341,225,183697031000000,183697031000000,183697031000000,2026-09-05T07:55:35.775450+00:00,2610,18044494637025,1920,1200
directshow_index_1,238,183697062000000,183697062000000,183697062000000,2026-09-05T07:55:35.787795+00:00,,,640,480
daheng_sn_FDE23080341,226,183697125000000,183697125000000,183697125000000,2026-09-05T07:55:35.867133+00:00,2622,18044586854625,1920,1200
directshow_index_1,239,183697156000000,183697156000000,183697156000000,2026-09-05T07:55:35.878990+00:00,,,640,480
daheng_sn_FDE23080341,227,183697218000000,183697218000000,183697218000000,2026-09-05T07:55:35.966205+00:00,2634,18044679072225,1920,1200
directshow_index_1,240,183697250000000,183697250000000,183697250000000,2026-09-05T07:55:35.970223+00:00,,,640,480
daheng_sn_FDE23080341,228,183697312000000,183697312000000,183697312000000,2026-09-05T07:55:36.055551+00:00,2646,18044771289825,1920,1200
directshow_index_1,241,183697343000000,183697343000000,183697343000000,2026-09-05T07:55:36.067197+00:00,,,640,480
daheng_sn_FDE23080341,229,183697406000000,183697406000000,183697406000000,2026-09-05T07:55:36.144541+00:00,2659,18044871192225,1920,1200
directshow_index_1,242,183697437000000,183697437000000,183697437000000,2026-09-05T07:55:36.158063+00:00,,,640,480
daheng_sn_FDE23080341,230,183697500000000,183697500000000,183697500000000,2026-09-05T07:55:36.240248+00:00,2671,18044963409825,1920,1200
directshow_index_1,243,183697531000000,183697531000000,183697531000000,2026-09-05T07:55:36.254071+00:00,,,640,480
daheng_sn_FDE23080341,231,183697593000000,183697593000000,183697593000000,2026-09-05T07:55:36.338219+00:00,2683,18045055627425,1920,1200
directshow_index_1,244,183697625000000,183697625000000,183697625000000,2026-09-05T07:55:36.350216+00:00,,,640,480
daheng_sn_FDE23080341,232,183697687000000,183697687000000,183697687000000,2026-09-05T07:55:36.426416+00:00,2695,18045147845025,1920,1200
directshow_index_1,245,183697718000000,183697718000000,183697718000000,2026-09-05T07:55:36.440936+00:00,,,640,480
daheng_sn_FDE23080341,233,183697781000000,183697781000000,183697781000000,2026-09-05T07:55:36.523686+00:00,2707,18045240062625,1920,1200
directshow_index_1,246,183697812000000,183697812000000,183697812000000,2026-09-05T07:55:36.531687+00:00,,,640,480
daheng_sn_FDE23080341,234,183697875000000,183697875000000,183697875000000,2026-09-05T07:55:36.634252+00:00,2719,18045332280225,1920,1200
directshow_index_1,247,183697906000000,183697906000000,183697906000000,2026-09-05T07:55:36.635252+00:00,,,640,480
directshow_index_1,248,183698000000000,183698000000000,183698000000000,2026-09-05T07:55:36.721613+00:00,,,640,480
daheng_sn_FDE23080341,235,183697968000000,183697968000000,183697968000000,2026-09-05T07:55:36.726890+00:00,2732,18045432182625,1920,1200
daheng_sn_FDE23080341,236,183698062000000,183698062000000,183698062000000,2026-09-05T07:55:36.807920+00:00,2744,18045524400225,1920,1200
directshow_index_1,249,183698093000000,183698093000000,183698093000000,2026-09-05T07:55:36.819424+00:00,,,640,480
daheng_sn_FDE23080341,237,183698156000000,183698156000000,183698156000000,2026-09-05T07:55:36.903180+00:00,2756,18045616617825,1920,1200
directshow_index_1,250,183698187000000,183698187000000,183698187000000,2026-09-05T07:55:36.910682+00:00,,,640,480
daheng_sn_FDE23080341,238,183698250000000,183698250000000,183698250000000,2026-09-05T07:55:36.999293+00:00,2769,18045716520225,1920,1200
directshow_index_1,251,183698281000000,183698281000000,183698281000000,2026-09-05T07:55:37.002064+00:00,,,640,480
daheng_sn_FDE23080341,239,183698343000000,183698343000000,183698343000000,2026-09-05T07:55:37.089460+00:00,2781,18045808737825,1920,1200
directshow_index_1,252,183698375000000,183698375000000,183698375000000,2026-09-05T07:55:37.099943+00:00,,,640,480
daheng_sn_FDE23080341,240,183698437000000,183698437000000,183698437000000,2026-09-05T07:55:37.183929+00:00,2792,18045893270625,1920,1200
directshow_index_1,253,183698468000000,183698468000000,183698468000000,2026-09-05T07:55:37.191268+00:00,,,640,480
daheng_sn_FDE23080341,241,183698531000000,183698531000000,183698531000000,2026-09-05T07:55:37.279760+00:00,2805,18045993173025,1920,1200
directshow_index_1,254,183698562000000,183698562000000,183698562000000,2026-09-05T07:55:37.287747+00:00,,,640,480
daheng_sn_FDE23080341,242,183698625000000,183698625000000,183698625000000,2026-09-05T07:55:37.377088+00:00,2817,18046085390625,1920,1200
directshow_index_1,255,183698656000000,183698656000000,183698656000000,2026-09-05T07:55:37.379091+00:00,,,640,480
daheng_sn_FDE23080341,243,183698718000000,183698718000000,183698718000000,2026-09-05T07:55:37.464760+00:00,2829,18046177608225,1920,1200
directshow_index_1,256,183698750000000,183698750000000,183698750000000,2026-09-05T07:55:37.468758+00:00,,,640,480
daheng_sn_FDE23080341,244,183698812000000,183698812000000,183698812000000,2026-09-05T07:55:37.560298+00:00,2841,18046269825825,1920,1200
directshow_index_1,257,183698843000000,183698843000000,183698843000000,2026-09-05T07:55:37.567299+00:00,,,640,480
daheng_sn_FDE23080341,245,183698906000000,183698906000000,183698906000000,2026-09-05T07:55:37.655769+00:00,2854,18046369728225,1920,1200
directshow_index_1,258,183698937000000,183698937000000,183698937000000,2026-09-05T07:55:37.659770+00:00,,,640,480
daheng_sn_FDE23080341,246,183699000000000,183699000000000,183699000000000,2026-09-05T07:55:37.743928+00:00,2866,18046461945825,1920,1200
directshow_index_1,259,183699031000000,183699031000000,183699031000000,2026-09-05T07:55:37.758918+00:00,,,640,480
daheng_sn_FDE23080341,247,183699093000000,183699093000000,183699093000000,2026-09-05T07:55:37.841644+00:00,2878,18046554163425,1920,1200
directshow_index_1,260,183699125000000,183699125000000,183699125000000,2026-09-05T07:55:37.851305+00:00,,,640,480
daheng_sn_FDE23080341,248,183699187000000,183699187000000,183699187000000,2026-09-05T07:55:37.939486+00:00,2891,18046654065825,1920,1200
directshow_index_1,261,183699218000000,183699218000000,183699218000000,2026-09-05T07:55:37.944011+00:00,,,640,480
daheng_sn_FDE23080341,249,183699281000000,183699281000000,183699281000000,2026-09-05T07:55:38.027741+00:00,2903,18046746283425,1920,1200
directshow_index_1,262,183699312000000,183699312000000,183699312000000,2026-09-05T07:55:38.032741+00:00,,,640,480
daheng_sn_FDE23080341,250,183699375000000,183699375000000,183699375000000,2026-09-05T07:55:38.122084+00:00,2914,18046830816225,1920,1200
directshow_index_1,263,183699406000000,183699406000000,183699406000000,2026-09-05T07:55:38.129392+00:00,,,640,480
daheng_sn_FDE23080341,251,183699468000000,183699468000000,183699468000000,2026-09-05T07:55:38.215348+00:00,2927,18046930718625,1920,1200
directshow_index_1,264,183699500000000,183699500000000,183699500000000,2026-09-05T07:55:38.222640+00:00,,,640,480
daheng_sn_FDE23080341,252,183699562000000,183699562000000,183699562000000,2026-09-05T07:55:38.314713+00:00,2939,18047022936225,1920,1200
directshow_index_1,265,183699593000000,183699593000000,183699593000000,2026-09-05T07:55:38.314713+00:00,,,640,480
daheng_sn_FDE23080341,253,183699656000000,183699656000000,183699656000000,2026-09-05T07:55:38.398678+00:00,2952,18047122838625,1920,1200
directshow_index_1,266,183699687000000,183699687000000,183699687000000,2026-09-05T07:55:38.409886+00:00,,,640,480
daheng_sn_FDE23080341,254,183699750000000,183699750000000,183699750000000,2026-09-05T07:55:38.496119+00:00,2964,18047215056225,1920,1200
directshow_index_1,267,183699781000000,183699781000000,183699781000000,2026-09-05T07:55:38.506829+00:00,,,640,480
daheng_sn_FDE23080341,255,183699843000000,183699843000000,183699843000000,2026-09-05T07:55:38.591344+00:00,2976,18047307273825,1920,1200
directshow_index_1,268,183699875000000,183699875000000,183699875000000,2026-09-05T07:55:38.598343+00:00,,,640,480
daheng_sn_FDE23080341,256,183699937000000,183699937000000,183699937000000,2026-09-05T07:55:38.687965+00:00,2988,18047399491425,1920,1200
directshow_index_1,269,183699968000000,183699968000000,183699968000000,2026-09-05T07:55:38.688965+00:00,,,640,480
daheng_sn_FDE23080341,257,183700031000000,183700031000000,183700031000000,2026-09-05T07:55:38.772674+00:00,3000,18047491709025,1920,1200
directshow_index_1,270,183700062000000,183700062000000,183700062000000,2026-09-05T07:55:38.787454+00:00,,,640,480
daheng_sn_FDE23080341,258,183700125000000,183700125000000,183700125000000,2026-09-05T07:55:38.871368+00:00,3012,18047583926625,1920,1200
directshow_index_1,271,183700156000000,183700156000000,183700156000000,2026-09-05T07:55:38.878324+00:00,,,640,480
daheng_sn_FDE23080341,259,183700218000000,183700218000000,183700218000000,2026-09-05T07:55:38.965826+00:00,3025,18047683829025,1920,1200
directshow_index_1,272,183700250000000,183700250000000,183700250000000,2026-09-05T07:55:38.972148+00:00,,,640,480
daheng_sn_FDE23080341,260,183700312000000,183700312000000,183700312000000,2026-09-05T07:55:39.058264+00:00,3037,18047776046625,1920,1200
directshow_index_1,273,183700343000000,183700343000000,183700343000000,2026-09-05T07:55:39.068263+00:00,,,640,480
daheng_sn_FDE23080341,261,183700406000000,183700406000000,183700406000000,2026-09-05T07:55:39.154687+00:00,3049,18047868264225,1920,1200
directshow_index_1,274,183700437000000,183700437000000,183700437000000,2026-09-05T07:55:39.162685+00:00,,,640,480
daheng_sn_FDE23080341,262,183700500000000,183700500000000,183700500000000,2026-09-05T07:55:39.247706+00:00,3061,18047960481825,1920,1200
directshow_index_1,275,183700531000000,183700531000000,183700531000000,2026-09-05T07:55:39.253706+00:00,,,640,480
daheng_sn_FDE23080341,263,183700593000000,183700593000000,183700593000000,2026-09-05T07:55:39.343855+00:00,3074,18048060384225,1920,1200
directshow_index_1,276,183700625000000,183700625000000,183700625000000,2026-09-05T07:55:39.349876+00:00,,,640,480
daheng_sn_FDE23080341,264,183700687000000,183700687000000,183700687000000,2026-09-05T07:55:39.433941+00:00,3085,18048144917025,1920,1200
directshow_index_1,277,183700718000000,183700718000000,183700718000000,2026-09-05T07:55:39.440449+00:00,,,640,480
daheng_sn_FDE23080341,265,183700781000000,183700781000000,183700781000000,2026-09-05T07:55:39.524895+00:00,3098,18048244819425,1920,1200
directshow_index_1,278,183700812000000,183700812000000,183700812000000,2026-09-05T07:55:39.533134+00:00,,,640,480
daheng_sn_FDE23080341,266,183700875000000,183700875000000,183700875000000,2026-09-05T07:55:39.626223+00:00,3110,18048337037025,1920,1200
directshow_index_1,279,183700906000000,183700906000000,183700906000000,2026-09-05T07:55:39.630228+00:00,,,640,480
daheng_sn_FDE23080341,267,183700968000000,183700968000000,183700968000000,2026-09-05T07:55:39.719757+00:00,3123,18048436939425,1920,1200
directshow_index_1,280,183701000000000,183701000000000,183701000000000,2026-09-05T07:55:39.722518+00:00,,,640,480
daheng_sn_FDE23080341,268,183701062000000,183701062000000,183701062000000,2026-09-05T07:55:39.803926+00:00,3134,18048521472225,1920,1200
directshow_index_1,281,183701093000000,183701093000000,183701093000000,2026-09-05T07:55:39.818278+00:00,,,640,480
daheng_sn_FDE23080341,269,183701156000000,183701156000000,183701156000000,2026-09-05T07:55:39.901987+00:00,3147,18048621374625,1920,1200
directshow_index_1,282,183701187000000,183701187000000,183701187000000,2026-09-05T07:55:39.909527+00:00,,,640,480
daheng_sn_FDE23080341,270,183701250000000,183701250000000,183701250000000,2026-09-05T07:55:39.993351+00:00,3159,18048713592225,1920,1200
directshow_index_1,283,183701281000000,183701281000000,183701281000000,2026-09-05T07:55:40.005591+00:00,,,640,480
daheng_sn_FDE23080341,271,183701343000000,183701343000000,183701343000000,2026-09-05T07:55:40.088817+00:00,3171,18048805809825,1920,1200
directshow_index_1,284,183701375000000,183701375000000,183701375000000,2026-09-05T07:55:40.095931+00:00,,,640,480
daheng_sn_FDE23080341,272,183701437000000,183701437000000,183701437000000,2026-09-05T07:55:40.181159+00:00,3183,18048898027425,1920,1200
directshow_index_1,285,183701468000000,183701468000000,183701468000000,2026-09-05T07:55:40.194167+00:00,,,640,480
daheng_sn_FDE23080341,273,183701531000000,183701531000000,183701531000000,2026-09-05T07:55:40.274504+00:00,3196,18048997929825,1920,1200
directshow_index_1,286,183701562000000,183701562000000,183701562000000,2026-09-05T07:55:40.284771+00:00,,,640,480
daheng_sn_FDE23080341,274,183701625000000,183701625000000,183701625000000,2026-09-05T07:55:40.370452+00:00,3208,18049090147425,1920,1200
directshow_index_1,287,183701656000000,183701656000000,183701656000000,2026-09-05T07:55:40.380224+00:00,,,640,480
daheng_sn_FDE23080341,275,183701718000000,183701718000000,183701718000000,2026-09-05T07:55:40.460297+00:00,3220,18049182365025,1920,1200
directshow_index_1,288,183701750000000,183701750000000,183701750000000,2026-09-05T07:55:40.470178+00:00,,,640,480
daheng_sn_FDE23080341,276,183701812000000,183701812000000,183701812000000,2026-09-05T07:55:40.563965+00:00,3232,18049274582625,1920,1200
directshow_index_1,289,183701843000000,183701843000000,183701843000000,2026-09-05T07:55:40.568867+00:00,,,640,480
daheng_sn_FDE23080341,277,183701906000000,183701906000000,183701906000000,2026-09-05T07:55:40.648776+00:00,3244,18049366800225,1920,1200
directshow_index_1,290,183701937000000,183701937000000,183701937000000,2026-09-05T07:55:40.659313+00:00,,,640,480
daheng_sn_FDE23080341,278,183702000000000,183702000000000,183702000000000,2026-09-05T07:55:40.743270+00:00,3256,18049459017825,1920,1200
directshow_index_1,291,183702031000000,183702031000000,183702031000000,2026-09-05T07:55:40.755572+00:00,,,640,480
daheng_sn_FDE23080341,279,183702093000000,183702093000000,183702093000000,2026-09-05T07:55:40.837212+00:00,3268,18049551235425,1920,1200
directshow_index_1,292,183702125000000,183702125000000,183702125000000,2026-09-05T07:55:40.845744+00:00,,,640,480
daheng_sn_FDE23080341,280,183702187000000,183702187000000,183702187000000,2026-09-05T07:55:40.929778+00:00,3281,18049651137825,1920,1200
directshow_index_1,293,183702218000000,183702218000000,183702218000000,2026-09-05T07:55:40.944159+00:00,,,640,480
daheng_sn_FDE23080341,281,183702281000000,183702281000000,183702281000000,2026-09-05T07:55:41.025710+00:00,3293,18049743355425,1920,1200
directshow_index_1,294,183702312000000,183702312000000,183702312000000,2026-09-05T07:55:41.036088+00:00,,,640,480
daheng_sn_FDE23080341,282,183702375000000,183702375000000,183702375000000,2026-09-05T07:55:41.115219+00:00,3305,18049835573025,1920,1200
directshow_index_1,295,183702406000000,183702406000000,183702406000000,2026-09-05T07:55:41.127000+00:00,,,640,480
daheng_sn_FDE23080341,283,183702468000000,183702468000000,183702468000000,2026-09-05T07:55:41.212320+00:00,3317,18049927790625,1920,1200
directshow_index_1,296,183702500000000,183702500000000,183702500000000,2026-09-05T07:55:41.222192+00:00,,,640,480
daheng_sn_FDE23080341,284,183702562000000,183702562000000,183702562000000,2026-09-05T07:55:41.311991+00:00,3329,18050020008225,1920,1200
directshow_index_1,297,183702593000000,183702593000000,183702593000000,2026-09-05T07:55:41.318827+00:00,,,640,480
daheng_sn_FDE23080341,285,183702656000000,183702656000000,183702656000000,2026-09-05T07:55:41.397562+00:00,3342,18050119910625,1920,1200
directshow_index_1,298,183702687000000,183702687000000,183702687000000,2026-09-05T07:55:41.410000+00:00,,,640,480
daheng_sn_FDE23080341,286,183702750000000,183702750000000,183702750000000,2026-09-05T07:55:41.491964+00:00,3354,18050212128225,1920,1200
directshow_index_1,299,183702781000000,183702781000000,183702781000000,2026-09-05T07:55:41.506963+00:00,,,640,480
daheng_sn_FDE23080341,287,183702843000000,183702843000000,183702843000000,2026-09-05T07:55:41.589891+00:00,3366,18050304345825,1920,1200
directshow_index_1,300,183702875000000,183702875000000,183702875000000,2026-09-05T07:55:41.597482+00:00,,,640,480
daheng_sn_FDE23080341,288,183702937000000,183702937000000,183702937000000,2026-09-05T07:55:41.694685+00:00,3378,18050396563425,1920,1200
directshow_index_1,301,183702968000000,183702968000000,183702968000000,2026-09-05T07:55:41.695219+00:00,,,640,480
daheng_sn_FDE23080341,289,183703031000000,183703031000000,183703031000000,2026-09-05T07:55:41.790929+00:00,3391,18050496465825,1920,1200
directshow_index_1,302,183703062000000,183703062000000,183703062000000,2026-09-05T07:55:41.791929+00:00,,,640,480
daheng_sn_FDE23080341,290,183703125000000,183703125000000,183703125000000,2026-09-05T07:55:41.871733+00:00,3402,18050580998625,1920,1200
directshow_index_1,303,183703156000000,183703156000000,183703156000000,2026-09-05T07:55:41.876258+00:00,,,640,480
daheng_sn_FDE23080341,291,183703218000000,183703218000000,183703218000000,2026-09-05T07:55:41.968249+00:00,3415,18050680901025,1920,1200
directshow_index_1,304,183703250000000,183703250000000,183703250000000,2026-09-05T07:55:41.972172+00:00,,,640,480
daheng_sn_FDE23080341,292,183703312000000,183703312000000,183703312000000,2026-09-05T07:55:42.060615+00:00,3427,18050773118625,1920,1200
directshow_index_1,305,183703343000000,183703343000000,183703343000000,2026-09-05T07:55:42.064337+00:00,,,640,480
daheng_sn_FDE23080341,293,183703406000000,183703406000000,183703406000000,2026-09-05T07:55:42.149449+00:00,3439,18050865336225,1920,1200
directshow_index_1,306,183703437000000,183703437000000,183703437000000,2026-09-05T07:55:42.160456+00:00,,,640,480
daheng_sn_FDE23080341,294,183703500000000,183703500000000,183703500000000,2026-09-05T07:55:42.247031+00:00,3452,18050965238625,1920,1200
directshow_index_1,307,183703531000000,183703531000000,183703531000000,2026-09-05T07:55:42.251184+00:00,,,640,480
daheng_sn_FDE23080341,295,183703593000000,183703593000000,183703593000000,2026-09-05T07:55:42.338518+00:00,3464,18051057456225,1920,1200
directshow_index_1,308,183703625000000,183703625000000,183703625000000,2026-09-05T07:55:42.347036+00:00,,,640,480
daheng_sn_FDE23080341,296,183703687000000,183703687000000,183703687000000,2026-09-05T07:55:42.430527+00:00,3476,18051149673825,1920,1200
directshow_index_1,309,183703718000000,183703718000000,183703718000000,2026-09-05T07:55:42.444396+00:00,,,640,480
daheng_sn_FDE23080341,297,183703781000000,183703781000000,183703781000000,2026-09-05T07:55:42.523860+00:00,3488,18051241891425,1920,1200
directshow_index_1,310,183703812000000,183703812000000,183703812000000,2026-09-05T07:55:42.534867+00:00,,,640,480
daheng_sn_FDE23080341,298,183703875000000,183703875000000,183703875000000,2026-09-05T07:55:42.617593+00:00,3501,18051341793825,1920,1200
directshow_index_1,311,183703906000000,183703906000000,183703906000000,2026-09-05T07:55:42.631480+00:00,,,640,480
daheng_sn_FDE23080341,299,183703968000000,183703968000000,183703968000000,2026-09-05T07:55:42.713596+00:00,3513,18051434011425,1920,1200
directshow_index_1,312,183704000000000,183704000000000,183704000000000,2026-09-05T07:55:42.724152+00:00,,,640,480
daheng_sn_FDE23080341,300,183704062000000,183704062000000,183704062000000,2026-09-05T07:55:42.804092+00:00,3525,18051526229025,1920,1200
directshow_index_1,313,183704093000000,183704093000000,183704093000000,2026-09-05T07:55:42.814254+00:00,,,640,480
daheng_sn_FDE23080341,301,183704156000000,183704156000000,183704156000000,2026-09-05T07:55:42.898544+00:00,3537,18051618446625,1920,1200
directshow_index_1,314,183704187000000,183704187000000,183704187000000,2026-09-05T07:55:42.910341+00:00,,,640,480
daheng_sn_FDE23080341,302,183704250000000,183704250000000,183704250000000,2026-09-05T07:55:42.996968+00:00,3549,18051710664225,1920,1200
directshow_index_1,315,183704281000000,183704281000000,183704281000000,2026-09-05T07:55:43.005913+00:00,,,640,480
daheng_sn_FDE23080341,303,183704343000000,183704343000000,183704343000000,2026-09-05T07:55:43.087582+00:00,3562,18051810566625,1920,1200
directshow_index_1,316,183704375000000,183704375000000,183704375000000,2026-09-05T07:55:43.096699+00:00,,,640,480
daheng_sn_FDE23080341,304,183704437000000,183704437000000,183704437000000,2026-09-05T07:55:43.179738+00:00,3574,18051902784225,1920,1200
directshow_index_1,317,183704468000000,183704468000000,183704468000000,2026-09-05T07:55:43.188740+00:00,,,640,480
daheng_sn_FDE23080341,305,183704531000000,183704531000000,183704531000000,2026-09-05T07:55:43.280507+00:00,3586,18051995001825,1920,1200
directshow_index_1,318,183704562000000,183704562000000,183704562000000,2026-09-05T07:55:43.286165+00:00,,,640,480
daheng_sn_FDE23080341,306,183704625000000,183704625000000,183704625000000,2026-09-05T07:55:43.367717+00:00,3598,18052087219425,1920,1200
directshow_index_1,319,183704656000000,183704656000000,183704656000000,2026-09-05T07:55:43.377067+00:00,,,640,480
daheng_sn_FDE23080341,307,183704718000000,183704718000000,183704718000000,2026-09-05T07:55:43.465432+00:00,3610,18052179437025,1920,1200
directshow_index_1,320,183704750000000,183704750000000,183704750000000,2026-09-05T07:55:43.474637+00:00,,,640,480
daheng_sn_FDE23080341,308,183704812000000,183704812000000,183704812000000,2026-09-05T07:55:43.559508+00:00,3622,18052271654625,1920,1200
directshow_index_1,321,183704843000000,183704843000000,183704843000000,2026-09-05T07:55:43.565503+00:00,,,640,480
daheng_sn_FDE23080341,309,183704906000000,183704906000000,183704906000000,2026-09-05T07:55:43.653888+00:00,3634,18052363872225,1920,1200
directshow_index_1,322,183704937000000,183704937000000,183704937000000,2026-09-05T07:55:43.660615+00:00,,,640,480
daheng_sn_FDE23080341,310,183705000000000,183705000000000,183705000000000,2026-09-05T07:55:43.744143+00:00,3647,18052463774625,1920,1200
directshow_index_1,323,183705031000000,183705031000000,183705031000000,2026-09-05T07:55:43.751380+00:00,,,640,480
daheng_sn_FDE23080341,311,183705093000000,183705093000000,183705093000000,2026-09-05T07:55:43.833897+00:00,3659,18052555992225,1920,1200
directshow_index_1,324,183705125000000,183705125000000,183705125000000,2026-09-05T07:55:43.847911+00:00,,,640,480
daheng_sn_FDE23080341,312,183705187000000,183705187000000,183705187000000,2026-09-05T07:55:43.930187+00:00,3671,18052648209825,1920,1200
directshow_index_1,325,183705218000000,183705218000000,183705218000000,2026-09-05T07:55:43.938143+00:00,,,640,480
daheng_sn_FDE23080341,313,183705281000000,183705281000000,183705281000000,2026-09-05T07:55:44.026611+00:00,3683,18052740427425,1920,1200
directshow_index_1,326,183705312000000,183705312000000,183705312000000,2026-09-05T07:55:44.034169+00:00,,,640,480
daheng_sn_FDE23080341,314,183705375000000,183705375000000,183705375000000,2026-09-05T07:55:44.114721+00:00,3696,18052840329825,1920,1200
directshow_index_1,327,183705406000000,183705406000000,183705406000000,2026-09-05T07:55:44.130965+00:00,,,640,480
daheng_sn_FDE23080341,315,183705468000000,183705468000000,183705468000000,2026-09-05T07:55:44.211586+00:00,3708,18052932547425,1920,1200
directshow_index_1,328,183705500000000,183705500000000,183705500000000,2026-09-05T07:55:44.222587+00:00,,,640,480
daheng_sn_FDE23080341,316,183705562000000,183705562000000,183705562000000,2026-09-05T07:55:44.310389+00:00,3720,18053024765025,1920,1200
directshow_index_1,329,183705593000000,183705593000000,183705593000000,2026-09-05T07:55:44.313396+00:00,,,640,480
daheng_sn_FDE23080341,317,183705656000000,183705656000000,183705656000000,2026-09-05T07:55:44.401152+00:00,3732,18053116982625,1920,1200
directshow_index_1,330,183705687000000,183705687000000,183705687000000,2026-09-05T07:55:44.410766+00:00,,,640,480
daheng_sn_FDE23080341,318,183705750000000,183705750000000,183705750000000,2026-09-05T07:55:44.490545+00:00,3745,18053216885025,1920,1200
directshow_index_1,331,183705781000000,183705781000000,183705781000000,2026-09-05T07:55:44.500546+00:00,,,640,480
daheng_sn_FDE23080341,319,183705843000000,183705843000000,183705843000000,2026-09-05T07:55:44.586197+00:00,3757,18053309102625,1920,1200
directshow_index_1,332,183705875000000,183705875000000,183705875000000,2026-09-05T07:55:44.597165+00:00,,,640,480
daheng_sn_FDE23080341,320,183705937000000,183705937000000,183705937000000,2026-09-05T07:55:44.683002+00:00,3769,18053401320225,1920,1200
directshow_index_1,333,183705968000000,183705968000000,183705968000000,2026-09-05T07:55:44.693708+00:00,,,640,480
daheng_sn_FDE23080341,321,183706031000000,183706031000000,183706031000000,2026-09-05T07:55:44.779446+00:00,3781,18053493537825,1920,1200
directshow_index_1,334,183706062000000,183706062000000,183706062000000,2026-09-05T07:55:44.782455+00:00,,,640,480
daheng_sn_FDE23080341,322,183706125000000,183706125000000,183706125000000,2026-09-05T07:55:44.867815+00:00,3793,18053585755425,1920,1200
directshow_index_1,335,183706156000000,183706156000000,183706156000000,2026-09-05T07:55:44.880136+00:00,,,640,480
daheng_sn_FDE23080341,323,183706218000000,183706218000000,183706218000000,2026-09-05T07:55:44.968106+00:00,3805,18053677973025,1920,1200
directshow_index_1,336,183706250000000,183706250000000,183706250000000,2026-09-05T07:55:44.975642+00:00,,,640,480
daheng_sn_FDE23080341,324,183706312000000,183706312000000,183706312000000,2026-09-05T07:55:45.060620+00:00,3818,18053777875425,1920,1200
directshow_index_1,337,183706343000000,183706343000000,183706343000000,2026-09-05T07:55:45.069947+00:00,,,640,480
daheng_sn_FDE23080341,325,183706406000000,183706406000000,183706406000000,2026-09-05T07:55:45.151576+00:00,3830,18053870093025,1920,1200
directshow_index_1,338,183706437000000,183706437000000,183706437000000,2026-09-05T07:55:45.161093+00:00,,,640,480
daheng_sn_FDE23080341,326,183706500000000,183706500000000,183706500000000,2026-09-05T07:55:45.244645+00:00,3842,18053962310625,1920,1200
directshow_index_1,339,183706531000000,183706531000000,183706531000000,2026-09-05T07:55:45.251974+00:00,,,640,480
daheng_sn_FDE23080341,327,183706593000000,183706593000000,183706593000000,2026-09-05T07:55:45.340944+00:00,3854,18054054528225,1920,1200
directshow_index_1,340,183706625000000,183706625000000,183706625000000,2026-09-05T07:55:45.351218+00:00,,,640,480
daheng_sn_FDE23080341,328,183706687000000,183706687000000,183706687000000,2026-09-05T07:55:45.434648+00:00,3867,18054154430625,1920,1200
directshow_index_1,341,183706718000000,183706718000000,183706718000000,2026-09-05T07:55:45.443031+00:00,,,640,480
daheng_sn_FDE23080341,329,183706781000000,183706781000000,183706781000000,2026-09-05T07:55:45.527478+00:00,3878,18054238963425,1920,1200
directshow_index_1,342,183706812000000,183706812000000,183706812000000,2026-09-05T07:55:45.534458+00:00,,,640,480
daheng_sn_FDE23080341,330,183706875000000,183706875000000,183706875000000,2026-09-05T07:55:45.618774+00:00,3891,18054338865825,1920,1200
directshow_index_1,343,183706906000000,183706906000000,183706906000000,2026-09-05T07:55:45.630918+00:00,,,640,480
daheng_sn_FDE23080341,331,183706968000000,183706968000000,183706968000000,2026-09-05T07:55:45.715508+00:00,3903,18054431083425,1920,1200
directshow_index_1,344,183707000000000,183707000000000,183707000000000,2026-09-05T07:55:45.720842+00:00,,,640,480
daheng_sn_FDE23080341,332,183707062000000,183707062000000,183707062000000,2026-09-05T07:55:45.807336+00:00,3915,18054523301025,1920,1200
directshow_index_1,345,183707093000000,183707093000000,183707093000000,2026-09-05T07:55:45.817194+00:00,,,640,480
daheng_sn_FDE23080341,333,183707156000000,183707156000000,183707156000000,2026-09-05T07:55:45.897580+00:00,3928,18054623203425,1920,1200
directshow_index_1,346,183707187000000,183707187000000,183707187000000,2026-09-05T07:55:45.907862+00:00,,,640,480
daheng_sn_FDE23080341,334,183707250000000,183707250000000,183707250000000,2026-09-05T07:55:45.998932+00:00,3940,18054715421025,1920,1200
directshow_index_1,347,183707281000000,183707281000000,183707281000000,2026-09-05T07:55:46.004923+00:00,,,640,480
daheng_sn_FDE23080341,335,183707343000000,183707343000000,183707343000000,2026-09-05T07:55:46.088571+00:00,3952,18054807638625,1920,1200
directshow_index_1,348,183707375000000,183707375000000,183707375000000,2026-09-05T07:55:46.096570+00:00,,,640,480
daheng_sn_FDE23080341,336,183707437000000,183707437000000,183707437000000,2026-09-05T07:55:46.180045+00:00,3964,18054899856225,1920,1200
directshow_index_1,349,183707468000000,183707468000000,183707468000000,2026-09-05T07:55:46.188595+00:00,,,640,480
daheng_sn_FDE23080341,337,183707531000000,183707531000000,183707531000000,2026-09-05T07:55:46.275318+00:00,3976,18054992073825,1920,1200
directshow_index_1,350,183707562000000,183707562000000,183707562000000,2026-09-05T07:55:46.285012+00:00,,,640,480
directshow_index_1,351,183707656000000,183707656000000,183707656000000,2026-09-05T07:55:46.377990+00:00,,,640,480
daheng_sn_FDE23080341,338,183707625000000,183707625000000,183707625000000,2026-09-05T07:55:46.380991+00:00,3988,18055084291425,1920,1200
directshow_index_1,352,183707750000000,183707750000000,183707750000000,2026-09-05T07:55:46.478508+00:00,,,640,480
daheng_sn_FDE23080341,339,183707718000000,183707718000000,183707718000000,2026-09-05T07:55:46.484507+00:00,4001,18055184193825,1920,1200
daheng_sn_FDE23080341,340,183707812000000,183707812000000,183707812000000,2026-09-05T07:55:46.560714+00:00,4013,18055276411425,1920,1200
directshow_index_1,353,183707843000000,183707843000000,183707843000000,2026-09-05T07:55:46.568719+00:00,,,640,480
daheng_sn_FDE23080341,341,183707906000000,183707906000000,183707906000000,2026-09-05T07:55:46.659074+00:00,4025,18055368629025,1920,1200
directshow_index_1,354,183707937000000,183707937000000,183707937000000,2026-09-05T07:55:46.663074+00:00,,,640,480
daheng_sn_FDE23080341,342,183708000000000,183708000000000,183708000000000,2026-09-05T07:55:46.747590+00:00,4037,18055460846625,1920,1200
directshow_index_1,355,183708031000000,183708031000000,183708031000000,2026-09-05T07:55:46.755886+00:00,,,640,480
daheng_sn_FDE23080341,343,183708093000000,183708093000000,183708093000000,2026-09-05T07:55:46.840755+00:00,4049,18055553064225,1920,1200
directshow_index_1,356,183708125000000,183708125000000,183708125000000,2026-09-05T07:55:46.844755+00:00,,,640,480
daheng_sn_FDE23080341,344,183708187000000,183708187000000,183708187000000,2026-09-05T07:55:46.933132+00:00,4061,18055645281825,1920,1200
directshow_index_1,357,183708218000000,183708218000000,183708218000000,2026-09-05T07:55:46.941321+00:00,,,640,480
daheng_sn_FDE23080341,345,183708281000000,183708281000000,183708281000000,2026-09-05T07:55:47.035916+00:00,4074,18055745184225,1920,1200
directshow_index_1,358,183708312000000,183708312000000,183708312000000,2026-09-05T07:55:47.036924+00:00,,,640,480
daheng_sn_FDE23080341,346,183708375000000,183708375000000,183708375000000,2026-09-05T07:55:47.126850+00:00,4086,18055837401825,1920,1200
directshow_index_1,359,183708406000000,183708406000000,183708406000000,2026-09-05T07:55:47.130851+00:00,,,640,480
daheng_sn_FDE23080341,347,183708468000000,183708468000000,183708468000000,2026-09-05T07:55:47.222252+00:00,4098,18055929619425,1920,1200
directshow_index_1,360,183708500000000,183708500000000,183708500000000,2026-09-05T07:55:47.223252+00:00,,,640,480
daheng_sn_FDE23080341,348,183708562000000,183708562000000,183708562000000,2026-09-05T07:55:47.311596+00:00,4111,18056029521825,1920,1200
directshow_index_1,361,183708593000000,183708593000000,183708593000000,2026-09-05T07:55:47.313588+00:00,,,640,480
daheng_sn_FDE23080341,349,183708656000000,183708656000000,183708656000000,2026-09-05T07:55:47.408013+00:00,4122,18056114054625,1920,1200
directshow_index_1,362,183708687000000,183708687000000,183708687000000,2026-09-05T07:55:47.411006+00:00,,,640,480
daheng_sn_FDE23080341,350,183708750000000,183708750000000,183708750000000,2026-09-05T07:55:47.498040+00:00,4135,18056213957025,1920,1200
directshow_index_1,363,183708781000000,183708781000000,183708781000000,2026-09-05T07:55:47.502039+00:00,,,640,480
daheng_sn_FDE23080341,351,183708843000000,183708843000000,183708843000000,2026-09-05T07:55:47.597295+00:00,4147,18056306174625,1920,1200
directshow_index_1,364,183708875000000,183708875000000,183708875000000,2026-09-05T07:55:47.599300+00:00,,,640,480
directshow_index_1,365,183708968000000,183708968000000,183708968000000,2026-09-05T07:55:47.691552+00:00,,,640,480
daheng_sn_FDE23080341,352,183708937000000,183708937000000,183708937000000,2026-09-05T07:55:47.697217+00:00,4159,18056398392225,1920,1200
daheng_sn_FDE23080341,353,183709031000000,183709031000000,183709031000000,2026-09-05T07:55:47.775027+00:00,4171,18056490609825,1920,1200
directshow_index_1,366,183709062000000,183709062000000,183709062000000,2026-09-05T07:55:47.789685+00:00,,,640,480
daheng_sn_FDE23080341,354,183709125000000,183709125000000,183709125000000,2026-09-05T07:55:47.871690+00:00,4184,18056590512225,1920,1200
directshow_index_1,367,183709156000000,183709156000000,183709156000000,2026-09-05T07:55:47.880176+00:00,,,640,480
daheng_sn_FDE23080341,355,183709218000000,183709218000000,183709218000000,2026-09-05T07:55:47.972472+00:00,4196,18056682729825,1920,1200
directshow_index_1,368,183709250000000,183709250000000,183709250000000,2026-09-05T07:55:47.972472+00:00,,,640,480
daheng_sn_FDE23080341,356,183709312000000,183709312000000,183709312000000,2026-09-05T07:55:48.067351+00:00,4208,18056774947425,1920,1200
directshow_index_1,369,183709343000000,183709343000000,183709343000000,2026-09-05T07:55:48.070024+00:00,,,640,480
daheng_sn_FDE23080341,357,183709406000000,183709406000000,183709406000000,2026-09-05T07:55:48.154525+00:00,4220,18056867165025,1920,1200
directshow_index_1,370,183709437000000,183709437000000,183709437000000,2026-09-05T07:55:48.161849+00:00,,,640,480
daheng_sn_FDE23080341,358,183709500000000,183709500000000,183709500000000,2026-09-05T07:55:48.246615+00:00,4232,18056959382625,1920,1200
directshow_index_1,371,183709531000000,183709531000000,183709531000000,2026-09-05T07:55:48.251757+00:00,,,640,480
daheng_sn_FDE23080341,359,183709593000000,183709593000000,183709593000000,2026-09-05T07:55:48.341889+00:00,4245,18057059285025,1920,1200
directshow_index_1,372,183709625000000,183709625000000,183709625000000,2026-09-05T07:55:48.347888+00:00,,,640,480
daheng_sn_FDE23080341,360,183709687000000,183709687000000,183709687000000,2026-09-05T07:55:48.437124+00:00,4257,18057151502625,1920,1200
directshow_index_1,373,183709718000000,183709718000000,183709718000000,2026-09-05T07:55:48.439123+00:00,,,640,480
daheng_sn_FDE23080341,361,183709781000000,183709781000000,183709781000000,2026-09-05T07:55:48.524850+00:00,4269,18057243720225,1920,1200
directshow_index_1,374,183709812000000,183709812000000,183709812000000,2026-09-05T07:55:48.537850+00:00,,,640,480
daheng_sn_FDE23080341,362,183709875000000,183709875000000,183709875000000,2026-09-05T07:55:48.624864+00:00,4281,18057335937825,1920,1200
directshow_index_1,375,183709906000000,183709906000000,183709906000000,2026-09-05T07:55:48.628872+00:00,,,640,480
daheng_sn_FDE23080341,363,183709968000000,183709968000000,183709968000000,2026-09-05T07:55:48.711331+00:00,4294,18057435840225,1920,1200
directshow_index_1,376,183710000000000,183710000000000,183710000000000,2026-09-05T07:55:48.728556+00:00,,,640,480
daheng_sn_FDE23080341,364,183710062000000,183710062000000,183710062000000,2026-09-05T07:55:48.804204+00:00,4305,18057520373025,1920,1200
directshow_index_1,377,183710093000000,183710093000000,183710093000000,2026-09-05T07:55:48.813364+00:00,,,640,480
daheng_sn_FDE23080341,365,183710156000000,183710156000000,183710156000000,2026-09-05T07:55:48.903898+00:00,4317,18057612590625,1920,1200
directshow_index_1,378,183710187000000,183710187000000,183710187000000,2026-09-05T07:55:48.910261+00:00,,,640,480
daheng_sn_FDE23080341,366,183710250000000,183710250000000,183710250000000,2026-09-05T07:55:49.004379+00:00,4330,18057712493025,1920,1200
directshow_index_1,379,183710281000000,183710281000000,183710281000000,2026-09-05T07:55:49.004379+00:00,,,640,480
daheng_sn_FDE23080341,367,183710343000000,183710343000000,183710343000000,2026-09-05T07:55:49.093483+00:00,4342,18057804710625,1920,1200
directshow_index_1,380,183710375000000,183710375000000,183710375000000,2026-09-05T07:55:49.096486+00:00,,,640,480
daheng_sn_FDE23080341,368,183710437000000,183710437000000,183710437000000,2026-09-05T07:55:49.186758+00:00,4355,18057904613025,1920,1200
directshow_index_1,381,183710468000000,183710468000000,183710468000000,2026-09-05T07:55:49.195759+00:00,,,640,480
daheng_sn_FDE23080341,369,183710531000000,183710531000000,183710531000000,2026-09-05T07:55:49.279323+00:00,4367,18057996830625,1920,1200
directshow_index_1,382,183710562000000,183710562000000,183710562000000,2026-09-05T07:55:49.286428+00:00,,,640,480
daheng_sn_FDE23080341,370,183710625000000,183710625000000,183710625000000,2026-09-05T07:55:49.375472+00:00,4379,18058089048225,1920,1200
directshow_index_1,383,183710656000000,183710656000000,183710656000000,2026-09-05T07:55:49.380472+00:00,,,640,480
daheng_sn_FDE23080341,371,183710718000000,183710718000000,183710718000000,2026-09-05T07:55:49.459379+00:00,4391,18058181265825,1920,1200
directshow_index_1,384,183710750000000,183710750000000,183710750000000,2026-09-05T07:55:49.469382+00:00,,,640,480
daheng_sn_FDE23080341,372,183710812000000,183710812000000,183710812000000,2026-09-05T07:55:49.558015+00:00,4403,18058273483425,1920,1200
directshow_index_1,385,183710843000000,183710843000000,183710843000000,2026-09-05T07:55:49.567013+00:00,,,640,480
daheng_sn_FDE23080341,373,183710906000000,183710906000000,183710906000000,2026-09-05T07:55:49.654187+00:00,4416,18058373385825,1920,1200
directshow_index_1,386,183710937000000,183710937000000,183710937000000,2026-09-05T07:55:49.662714+00:00,,,640,480
daheng_sn_FDE23080341,374,183711000000000,183711000000000,183711000000000,2026-09-05T07:55:49.745354+00:00,4427,18058457918625,1920,1200
directshow_index_1,387,183711031000000,183711031000000,183711031000000,2026-09-05T07:55:49.754222+00:00,,,640,480
daheng_sn_FDE23080341,375,183711093000000,183711093000000,183711093000000,2026-09-05T07:55:49.835374+00:00,4439,18058550136225,1920,1200
directshow_index_1,388,183711125000000,183711125000000,183711125000000,2026-09-05T07:55:49.844300+00:00,,,640,480
daheng_sn_FDE23080341,376,183711187000000,183711187000000,183711187000000,2026-09-05T07:55:49.932927+00:00,4452,18058650038625,1920,1200
directshow_index_1,389,183711218000000,183711218000000,183711218000000,2026-09-05T07:55:49.940369+00:00,,,640,480
daheng_sn_FDE23080341,377,183711281000000,183711281000000,183711281000000,2026-09-05T07:55:50.018825+00:00,4464,18058742256225,1920,1200
directshow_index_1,390,183711312000000,183711312000000,183711312000000,2026-09-05T07:55:50.036832+00:00,,,640,480
daheng_sn_FDE23080341,378,183711375000000,183711375000000,183711375000000,2026-09-05T07:55:50.117003+00:00,4476,18058834473825,1920,1200
directshow_index_1,391,183711406000000,183711406000000,183711406000000,2026-09-05T07:55:50.126013+00:00,,,640,480
daheng_sn_FDE23080341,379,183711468000000,183711468000000,183711468000000,2026-09-05T07:55:50.210908+00:00,4489,18058934376225,1920,1200
directshow_index_1,392,183711500000000,183711500000000,183711500000000,2026-09-05T07:55:50.223229+00:00,,,640,480
daheng_sn_FDE23080341,380,183711562000000,183711562000000,183711562000000,2026-09-05T07:55:50.307000+00:00,4501,18059026593825,1920,1200
directshow_index_1,393,183711593000000,183711593000000,183711593000000,2026-09-05T07:55:50.314673+00:00,,,640,480
daheng_sn_FDE23080341,381,183711656000000,183711656000000,183711656000000,2026-09-05T07:55:50.393044+00:00,4513,18059118811425,1920,1200
directshow_index_1,394,183711687000000,183711687000000,183711687000000,2026-09-05T07:55:50.412059+00:00,,,640,480
daheng_sn_FDE23080341,382,183711750000000,183711750000000,183711750000000,2026-09-05T07:55:50.505248+00:00,4525,18059211029025,1920,1200
directshow_index_1,395,183711781000000,183711781000000,183711781000000,2026-09-05T07:55:50.506256+00:00,,,640,480
daheng_sn_FDE23080341,383,183711843000000,183711843000000,183711843000000,2026-09-05T07:55:50.586332+00:00,4538,18059310931425,1920,1200
directshow_index_1,396,183711875000000,183711875000000,183711875000000,2026-09-05T07:55:50.598005+00:00,,,640,480
daheng_sn_FDE23080341,384,183711937000000,183711937000000,183711937000000,2026-09-05T07:55:50.683837+00:00,4549,18059395464225,1920,1200
directshow_index_1,397,183711968000000,183711968000000,183711968000000,2026-09-05T07:55:50.692853+00:00,,,640,480
daheng_sn_FDE23080341,385,183712031000000,183712031000000,183712031000000,2026-09-05T07:55:50.773928+00:00,4562,18059495366625,1920,1200
directshow_index_1,398,183712062000000,183712062000000,183712062000000,2026-09-05T07:55:50.783654+00:00,,,640,480
daheng_sn_FDE23080341,386,183712125000000,183712125000000,183712125000000,2026-09-05T07:55:50.868852+00:00,4574,18059587584225,1920,1200
directshow_index_1,399,183712156000000,183712156000000,183712156000000,2026-09-05T07:55:50.880640+00:00,,,640,480
daheng_sn_FDE23080341,387,183712218000000,183712218000000,183712218000000,2026-09-05T07:55:50.960968+00:00,4586,18059679801825,1920,1200
directshow_index_1,400,183712250000000,183712250000000,183712250000000,2026-09-05T07:55:50.970383+00:00,,,640,480
daheng_sn_FDE23080341,388,183712312000000,183712312000000,183712312000000,2026-09-05T07:55:51.056809+00:00,4598,18059772019425,1920,1200
directshow_index_1,401,183712343000000,183712343000000,183712343000000,2026-09-05T07:55:51.068068+00:00,,,640,480
daheng_sn_FDE23080341,389,183712406000000,183712406000000,183712406000000,2026-09-05T07:55:51.145507+00:00,4610,18059864237025,1920,1200
directshow_index_1,402,183712437000000,183712437000000,183712437000000,2026-09-05T07:55:51.159029+00:00,,,640,480
daheng_sn_FDE23080341,390,183712500000000,183712500000000,183712500000000,2026-09-05T07:55:51.254798+00:00,4623,18059964139425,1920,1200
directshow_index_1,403,183712531000000,183712531000000,183712531000000,2026-09-05T07:55:51.255803+00:00,,,640,480
directshow_index_1,404,183712625000000,183712625000000,183712625000000,2026-09-05T07:55:51.351292+00:00,,,640,480
daheng_sn_FDE23080341,391,183712593000000,183712593000000,183712593000000,2026-09-05T07:55:51.357926+00:00,4635,18060056357025,1920,1200
daheng_sn_FDE23080341,392,183712687000000,183712687000000,183712687000000,2026-09-05T07:55:51.435086+00:00,4647,18060148574625,1920,1200
directshow_index_1,405,183712718000000,183712718000000,183712718000000,2026-09-05T07:55:51.442421+00:00,,,640,480
daheng_sn_FDE23080341,393,183712781000000,183712781000000,183712781000000,2026-09-05T07:55:51.531779+00:00,4659,18060240792225,1920,1200
directshow_index_1,406,183712812000000,183712812000000,183712812000000,2026-09-05T07:55:51.534778+00:00,,,640,480
daheng_sn_FDE23080341,394,183712875000000,183712875000000,183712875000000,2026-09-05T07:55:51.618920+00:00,4672,18060340694625,1920,1200
directshow_index_1,407,183712906000000,183712906000000,183712906000000,2026-09-05T07:55:51.626921+00:00,,,640,480
daheng_sn_FDE23080341,395,183712968000000,183712968000000,183712968000000,2026-09-05T07:55:51.712342+00:00,4684,18060432912225,1920,1200
directshow_index_1,408,183713000000000,183713000000000,183713000000000,2026-09-05T07:55:51.722645+00:00,,,640,480
daheng_sn_FDE23080341,396,183713062000000,183713062000000,183713062000000,2026-09-05T07:55:51.806497+00:00,4696,18060525129825,1920,1200
directshow_index_1,409,183713093000000,183713093000000,183713093000000,2026-09-05T07:55:51.814661+00:00,,,640,480
daheng_sn_FDE23080341,397,183713156000000,183713156000000,183713156000000,2026-09-05T07:55:51.898611+00:00,4709,18060625032225,1920,1200
directshow_index_1,410,183713187000000,183713187000000,183713187000000,2026-09-05T07:55:51.912619+00:00,,,640,480
daheng_sn_FDE23080341,398,183713250000000,183713250000000,183713250000000,2026-09-05T07:55:52.000998+00:00,4720,18060709565025,1920,1200
directshow_index_1,411,183713281000000,183713281000000,183713281000000,2026-09-05T07:55:52.005449+00:00,,,640,480
daheng_sn_FDE23080341,399,183713343000000,183713343000000,183713343000000,2026-09-05T07:55:52.087016+00:00,4733,18060809467425,1920,1200
directshow_index_1,412,183713375000000,183713375000000,183713375000000,2026-09-05T07:55:52.095716+00:00,,,640,480
daheng_sn_FDE23080341,400,183713437000000,183713437000000,183713437000000,2026-09-05T07:55:52.181835+00:00,4744,18060894000225,1920,1200
directshow_index_1,413,183713468000000,183713468000000,183713468000000,2026-09-05T07:55:52.188848+00:00,,,640,480
daheng_sn_FDE23080341,401,183713531000000,183713531000000,183713531000000,2026-09-05T07:55:52.284221+00:00,4757,18060993902625,1920,1200
directshow_index_1,414,183713562000000,183713562000000,183713562000000,2026-09-05T07:55:52.285213+00:00,,,640,480
daheng_sn_FDE23080341,402,183713625000000,183713625000000,183713625000000,2026-09-05T07:55:52.377281+00:00,4769,18061086120225,1920,1200
directshow_index_1,415,183713656000000,183713656000000,183713656000000,2026-09-05T07:55:52.382725+00:00,,,640,480
daheng_sn_FDE23080341,403,183713718000000,183713718000000,183713718000000,2026-09-05T07:55:52.465552+00:00,4781,18061178337825,1920,1200
directshow_index_1,416,183713750000000,183713750000000,183713750000000,2026-09-05T07:55:52.473040+00:00,,,640,480
daheng_sn_FDE23080341,404,183713812000000,183713812000000,183713812000000,2026-09-05T07:55:52.563509+00:00,4794,18061278240225,1920,1200
directshow_index_1,417,183713843000000,183713843000000,183713843000000,2026-09-05T07:55:52.564066+00:00,,,640,480
daheng_sn_FDE23080341,405,183713906000000,183713906000000,183713906000000,2026-09-05T07:55:52.653130+00:00,4806,18061370457825,1920,1200
directshow_index_1,418,183713937000000,183713937000000,183713937000000,2026-09-05T07:55:52.662642+00:00,,,640,480
daheng_sn_FDE23080341,406,183714000000000,183714000000000,183714000000000,2026-09-05T07:55:52.752784+00:00,4818,18061462675425,1920,1200
directshow_index_1,419,183714031000000,183714031000000,183714031000000,2026-09-05T07:55:52.756230+00:00,,,640,480
daheng_sn_FDE23080341,407,183714093000000,183714093000000,183714093000000,2026-09-05T07:55:52.841386+00:00,4830,18061554893025,1920,1200
directshow_index_1,420,183714125000000,183714125000000,183714125000000,2026-09-05T07:55:52.845888+00:00,,,640,480
daheng_sn_FDE23080341,408,183714187000000,183714187000000,183714187000000,2026-09-05T07:55:52.935435+00:00,4842,18061647110625,1920,1200
directshow_index_1,421,183714218000000,183714218000000,183714218000000,2026-09-05T07:55:52.942271+00:00,,,640,480
daheng_sn_FDE23080341,409,183714281000000,183714281000000,183714281000000,2026-09-05T07:55:53.035408+00:00,4855,18061747013025,1920,1200
directshow_index_1,422,183714312000000,183714312000000,183714312000000,2026-09-05T07:55:53.037415+00:00,,,640,480
daheng_sn_FDE23080341,410,183714375000000,183714375000000,183714375000000,2026-09-05T07:55:53.122708+00:00,4866,18061831545825,1920,1200
directshow_index_1,423,183714406000000,183714406000000,183714406000000,2026-09-05T07:55:53.128316+00:00,,,640,480
daheng_sn_FDE23080341,411,183714468000000,183714468000000,183714468000000,2026-09-05T07:55:53.217045+00:00,4879,18061931448225,1920,1200
directshow_index_1,424,183714500000000,183714500000000,183714500000000,2026-09-05T07:55:53.226284+00:00,,,640,480
daheng_sn_FDE23080341,412,183714562000000,183714562000000,183714562000000,2026-09-05T07:55:53.314333+00:00,4892,18062031350625,1920,1200
directshow_index_1,425,183714593000000,183714593000000,183714593000000,2026-09-05T07:55:53.318655+00:00,,,640,480
daheng_sn_FDE23080341,413,183714656000000,183714656000000,183714656000000,2026-09-05T07:55:53.405081+00:00,4903,18062115883425,1920,1200
directshow_index_1,426,183714687000000,183714687000000,183714687000000,2026-09-05T07:55:53.408492+00:00,,,640,480
daheng_sn_FDE23080341,414,183714750000000,183714750000000,183714750000000,2026-09-05T07:55:53.501160+00:00,4915,18062208101025,1920,1200
directshow_index_1,427,183714781000000,183714781000000,183714781000000,2026-09-05T07:55:53.504929+00:00,,,640,480
daheng_sn_FDE23080341,415,183714843000000,183714843000000,183714843000000,2026-09-05T07:55:53.595667+00:00,4928,18062308003425,1920,1200
directshow_index_1,428,183714875000000,183714875000000,183714875000000,2026-09-05T07:55:53.597344+00:00,,,640,480
daheng_sn_FDE23080341,416,183714937000000,183714937000000,183714937000000,2026-09-05T07:55:53.685591+00:00,4940,18062400221025,1920,1200
directshow_index_1,429,183714968000000,183714968000000,183714968000000,2026-09-05T07:55:53.689194+00:00,,,640,480
daheng_sn_FDE23080341,417,183715031000000,183715031000000,183715031000000,2026-09-05T07:55:53.787515+00:00,4952,18062492438625,1920,1200
directshow_index_1,430,183715062000000,183715062000000,183715062000000,2026-09-05T07:55:53.787515+00:00,,,640,480
directshow_index_1,431,183715156000000,183715156000000,183715156000000,2026-09-05T07:55:53.879389+00:00,,,640,480
daheng_sn_FDE23080341,418,183715125000000,183715125000000,183715125000000,2026-09-05T07:55:53.883924+00:00,4964,18062584656225,1920,1200
daheng_sn_FDE23080341,419,183715218000000,183715218000000,183715218000000,2026-09-05T07:55:53.968560+00:00,4977,18062684558625,1920,1200
directshow_index_1,432,183715250000000,183715250000000,183715250000000,2026-09-05T07:55:53.971573+00:00,,,640,480
daheng_sn_FDE23080341,420,183715312000000,183715312000000,183715312000000,2026-09-05T07:55:54.065830+00:00,4989,18062776776225,1920,1200
directshow_index_1,433,183715343000000,183715343000000,183715343000000,2026-09-05T07:55:54.069840+00:00,,,640,480
daheng_sn_FDE23080341,421,183715406000000,183715406000000,183715406000000,2026-09-05T07:55:54.155310+00:00,5001,18062868993825,1920,1200
directshow_index_1,434,183715437000000,183715437000000,183715437000000,2026-09-05T07:55:54.159314+00:00,,,640,480
daheng_sn_FDE23080341,422,183715500000000,183715500000000,183715500000000,2026-09-05T07:55:54.251800+00:00,5013,18062961211425,1920,1200
directshow_index_1,435,183715531000000,183715531000000,183715531000000,2026-09-05T07:55:54.256027+00:00,,,640,480
daheng_sn_FDE23080341,423,183715593000000,183715593000000,183715593000000,2026-09-05T07:55:54.342783+00:00,5026,18063061113825,1920,1200
directshow_index_1,436,183715625000000,183715625000000,183715625000000,2026-09-05T07:55:54.346833+00:00,,,640,480
daheng_sn_FDE23080341,424,183715687000000,183715687000000,183715687000000,2026-09-05T07:55:54.437999+00:00,5037,18063145646625,1920,1200
directshow_index_1,437,183715718000000,183715718000000,183715718000000,2026-09-05T07:55:54.440590+00:00,,,640,480
daheng_sn_FDE23080341,425,183715781000000,183715781000000,183715781000000,2026-09-05T07:55:54.531026+00:00,5050,18063245549025,1920,1200
directshow_index_1,438,183715812000000,183715812000000,183715812000000,2026-09-05T07:55:54.536181+00:00,,,640,480
daheng_sn_FDE23080341,426,183715875000000,183715875000000,183715875000000,2026-09-05T07:55:54.622264+00:00,5062,18063337766625,1920,1200
directshow_index_1,439,183715906000000,183715906000000,183715906000000,2026-09-05T07:55:54.625828+00:00,,,640,480
daheng_sn_FDE23080341,427,183715968000000,183715968000000,183715968000000,2026-09-05T07:55:54.719426+00:00,5074,18063429984225,1920,1200
directshow_index_1,440,183716000000000,183716000000000,183716000000000,2026-09-05T07:55:54.722812+00:00,,,640,480
daheng_sn_FDE23080341,428,183716062000000,183716062000000,183716062000000,2026-09-05T07:55:54.809613+00:00,5087,18063529886625,1920,1200
directshow_index_1,441,183716093000000,183716093000000,183716093000000,2026-09-05T07:55:54.815409+00:00,,,640,480
daheng_sn_FDE23080341,429,183716156000000,183716156000000,183716156000000,2026-09-05T07:55:54.907863+00:00,5099,18063622104225,1920,1200
directshow_index_1,442,183716187000000,183716187000000,183716187000000,2026-09-05T07:55:54.913871+00:00,,,640,480
daheng_sn_FDE23080341,430,183716250000000,183716250000000,183716250000000,2026-09-05T07:55:54.997251+00:00,5111,18063714321825,1920,1200
directshow_index_1,443,183716281000000,183716281000000,183716281000000,2026-09-05T07:55:55.007248+00:00,,,640,480
daheng_sn_FDE23080341,431,183716343000000,183716343000000,183716343000000,2026-09-05T07:55:55.092285+00:00,5123,18063806539425,1920,1200
directshow_index_1,444,183716375000000,183716375000000,183716375000000,2026-09-05T07:55:55.097285+00:00,,,640,480
daheng_sn_FDE23080341,432,183716437000000,183716437000000,183716437000000,2026-09-05T07:55:55.188577+00:00,5135,18063898757025,1920,1200
directshow_index_1,445,183716468000000,183716468000000,183716468000000,2026-09-05T07:55:55.188577+00:00,,,640,480
daheng_sn_FDE23080341,433,183716531000000,183716531000000,183716531000000,2026-09-05T07:55:55.277277+00:00,5148,18063998659425,1920,1200
directshow_index_1,446,183716562000000,183716562000000,183716562000000,2026-09-05T07:55:55.285290+00:00,,,640,480
daheng_sn_FDE23080341,434,183716625000000,183716625000000,183716625000000,2026-09-05T07:55:55.371342+00:00,5159,18064083192225,1920,1200
directshow_index_1,447,183716656000000,183716656000000,183716656000000,2026-09-05T07:55:55.376328+00:00,,,640,480
daheng_sn_FDE23080341,435,183716718000000,183716718000000,183716718000000,2026-09-05T07:55:55.465873+00:00,5172,18064183094625,1920,1200
directshow_index_1,448,183716750000000,183716750000000,183716750000000,2026-09-05T07:55:55.475874+00:00,,,640,480
daheng_sn_FDE23080341,436,183716812000000,183716812000000,183716812000000,2026-09-05T07:55:55.561492+00:00,5184,18064275312225,1920,1200
directshow_index_1,449,183716843000000,183716843000000,183716843000000,2026-09-05T07:55:55.567740+00:00,,,640,480
daheng_sn_FDE23080341,437,183716906000000,183716906000000,183716906000000,2026-09-05T07:55:55.660877+00:00,5196,18064367529825,1920,1200
directshow_index_1,450,183716937000000,183716937000000,183716937000000,2026-09-05T07:55:55.660877+00:00,,,640,480
daheng_sn_FDE23080341,438,183717000000000,183717000000000,183717000000000,2026-09-05T07:55:55.749984+00:00,5209,18064467432225,1920,1200
directshow_index_1,451,183717031000000,183717031000000,183717031000000,2026-09-05T07:55:55.753355+00:00,,,640,480
daheng_sn_FDE23080341,439,183717093000000,183717093000000,183717093000000,2026-09-05T07:55:55.845252+00:00,5220,18064551965025,1920,1200
directshow_index_1,452,183717125000000,183717125000000,183717125000000,2026-09-05T07:55:55.846256+00:00,,,640,480
daheng_sn_FDE23080341,440,183717187000000,183717187000000,183717187000000,2026-09-05T07:55:55.937260+00:00,5233,18064651867425,1920,1200
directshow_index_1,453,183717218000000,183717218000000,183717218000000,2026-09-05T07:55:55.943252+00:00,,,640,480
daheng_sn_FDE23080341,441,183717281000000,183717281000000,183717281000000,2026-09-05T07:55:56.034431+00:00,5245,18064744085025,1920,1200
directshow_index_1,454,183717312000000,183717312000000,183717312000000,2026-09-05T07:55:56.035431+00:00,,,640,480
daheng_sn_FDE23080341,442,183717375000000,183717375000000,183717375000000,2026-09-05T07:55:56.129550+00:00,5257,18064836302625,1920,1200
directshow_index_1,455,183717406000000,183717406000000,183717406000000,2026-09-05T07:55:56.129550+00:00,,,640,480
daheng_sn_FDE23080341,443,183717468000000,183717468000000,183717468000000,2026-09-05T07:55:56.220522+00:00,5270,18064936205025,1920,1200
directshow_index_1,456,183717500000000,183717500000000,183717500000000,2026-09-05T07:55:56.225788+00:00,,,640,480
daheng_sn_FDE23080341,444,183717562000000,183717562000000,183717562000000,2026-09-05T07:55:56.320046+00:00,5281,18065020737825,1920,1200
directshow_index_1,457,183717593000000,183717593000000,183717593000000,2026-09-05T07:55:56.321046+00:00,,,640,480
directshow_index_1,458,183717687000000,183717687000000,183717687000000,2026-09-05T07:55:56.416217+00:00,,,640,480
daheng_sn_FDE23080341,445,183717656000000,183717656000000,183717656000000,2026-09-05T07:55:56.429218+00:00,5294,18065120640225,1920,1200
directshow_index_1,459,183717781000000,183717781000000,183717781000000,2026-09-05T07:55:56.506513+00:00,,,640,480
daheng_sn_FDE23080341,446,183717750000000,183717750000000,183717750000000,2026-09-05T07:55:56.541515+00:00,5306,18065212857825,1920,1200
daheng_sn_FDE23080341,447,183717843000000,183717843000000,183717843000000,2026-09-05T07:55:56.602246+00:00,5318,18065305075425,1920,1200
directshow_index_1,460,183717875000000,183717875000000,183717875000000,2026-09-05T07:55:56.603248+00:00,,,640,480
daheng_sn_FDE23080341,448,183717937000000,183717937000000,183717937000000,2026-09-05T07:55:56.703420+00:00,5331,18065404977825,1920,1200
directshow_index_1,461,183717968000000,183717968000000,183717968000000,2026-09-05T07:55:56.703420+00:00,,,640,480
directshow_index_1,462,183718062000000,183718062000000,183718062000000,2026-09-05T07:55:56.787820+00:00,,,640,480
daheng_sn_FDE23080341,449,183718031000000,183718031000000,183718031000000,2026-09-05T07:55:56.793819+00:00,5343,18065497195425,1920,1200
directshow_index_1,463,183718156000000,183718156000000,183718156000000,2026-09-05T07:55:56.879673+00:00,,,640,480
daheng_sn_FDE23080341,450,183718125000000,183718125000000,183718125000000,2026-09-05T07:55:56.905694+00:00,5355,18065589413025,1920,1200
directshow_index_1,464,183718250000000,183718250000000,183718250000000,2026-09-05T07:55:56.974037+00:00,,,640,480
daheng_sn_FDE23080341,451,183718218000000,183718218000000,183718218000000,2026-09-05T07:55:56.979033+00:00,5367,18065681630625,1920,1200
daheng_sn_FDE23080341,452,183718312000000,183718312000000,183718312000000,2026-09-05T07:55:57.071497+00:00,5379,18065773848225,1920,1200
directshow_index_1,465,183718343000000,183718343000000,183718343000000,2026-09-05T07:55:57.071497+00:00,,,640,480
daheng_sn_FDE23080341,453,183718406000000,183718406000000,183718406000000,2026-09-05T07:55:57.164845+00:00,5391,18065866065825,1920,1200
directshow_index_1,466,183718437000000,183718437000000,183718437000000,2026-09-05T07:55:57.164845+00:00,,,640,480
directshow_index_1,467,183718531000000,183718531000000,183718531000000,2026-09-05T07:55:57.255575+00:00,,,640,480
daheng_sn_FDE23080341,454,183718500000000,183718500000000,183718500000000,2026-09-05T07:55:57.264571+00:00,5404,18065965968225,1920,1200
daheng_sn_FDE23080341,455,183718593000000,183718593000000,183718593000000,2026-09-05T07:55:57.350029+00:00,5416,18066058185825,1920,1200
directshow_index_1,468,183718625000000,183718625000000,183718625000000,2026-09-05T07:55:57.350616+00:00,,,640,480
daheng_sn_FDE23080341,456,183718687000000,183718687000000,183718687000000,2026-09-05T07:55:57.442250+00:00,5428,18066150403425,1920,1200
directshow_index_1,469,183718718000000,183718718000000,183718718000000,2026-09-05T07:55:57.443251+00:00,,,640,480
directshow_index_1,470,183718812000000,183718812000000,183718812000000,2026-09-05T07:55:57.536286+00:00,,,640,480
daheng_sn_FDE23080341,457,183718781000000,183718781000000,183718781000000,2026-09-05T07:55:57.543289+00:00,5441,18066250305825,1920,1200
daheng_sn_FDE23080341,458,183718875000000,183718875000000,183718875000000,2026-09-05T07:55:57.631598+00:00,5452,18066334838625,1920,1200
directshow_index_1,471,183718906000000,183718906000000,183718906000000,2026-09-05T07:55:57.631598+00:00,,,640,480
directshow_index_1,472,183719000000000,183719000000000,183719000000000,2026-09-05T07:55:57.722812+00:00,,,640,480
daheng_sn_FDE23080341,459,183718968000000,183718968000000,183718968000000,2026-09-05T07:55:57.729045+00:00,5465,18066434741025,1920,1200
directshow_index_1,473,183719093000000,183719093000000,183719093000000,2026-09-05T07:55:57.813271+00:00,,,640,480
daheng_sn_FDE23080341,460,183719062000000,183719062000000,183719062000000,2026-09-05T07:55:57.820341+00:00,5477,18066526958625,1920,1200
directshow_index_1,474,183719187000000,183719187000000,183719187000000,2026-09-05T07:55:57.911631+00:00,,,640,480
daheng_sn_FDE23080341,461,183719156000000,183719156000000,183719156000000,2026-09-05T07:55:57.918651+00:00,5489,18066619176225,1920,1200
directshow_index_1,475,183719281000000,183719281000000,183719281000000,2026-09-05T07:55:58.005055+00:00,,,640,480
daheng_sn_FDE23080341,462,183719250000000,183719250000000,183719250000000,2026-09-05T07:55:58.011055+00:00,5501,18066711393825,1920,1200
directshow_index_1,476,183719375000000,183719375000000,183719375000000,2026-09-05T07:55:58.099791+00:00,,,640,480
daheng_sn_FDE23080341,463,183719343000000,183719343000000,183719343000000,2026-09-05T07:55:58.106782+00:00,5513,18066803611425,1920,1200
directshow_index_1,477,183719468000000,183719468000000,183719468000000,2026-09-05T07:55:58.189952+00:00,,,640,480
daheng_sn_FDE23080341,464,183719437000000,183719437000000,183719437000000,2026-09-05T07:55:58.199953+00:00,5525,18066895829025,1920,1200
daheng_sn_FDE23080341,465,183719531000000,183719531000000,183719531000000,2026-09-05T07:55:58.289644+00:00,5538,18066995731425,1920,1200
directshow_index_1,478,183719562000000,183719562000000,183719562000000,2026-09-05T07:55:58.291830+00:00,,,640,480
directshow_index_1,479,183719656000000,183719656000000,183719656000000,2026-09-05T07:55:58.377790+00:00,,,640,480
daheng_sn_FDE23080341,466,183719625000000,183719625000000,183719625000000,2026-09-05T07:55:58.382311+00:00,5550,18067087949025,1920,1200
daheng_sn_FDE23080341,467,183719718000000,183719718000000,183719718000000,2026-09-05T07:55:58.478348+00:00,5562,18067180166625,1920,1200
directshow_index_1,480,183719750000000,183719750000000,183719750000000,2026-09-05T07:55:58.479489+00:00,,,640,480
daheng_sn_FDE23080341,468,183719812000000,183719812000000,183719812000000,2026-09-05T07:55:58.570295+00:00,5575,18067280069025,1920,1200
directshow_index_1,481,183719843000000,183719843000000,183719843000000,2026-09-05T07:55:58.570295+00:00,,,640,480
directshow_index_1,482,183719937000000,183719937000000,183719937000000,2026-09-05T07:55:58.661880+00:00,,,640,480
daheng_sn_FDE23080341,469,183719906000000,183719906000000,183719906000000,2026-09-05T07:55:58.667738+00:00,5587,18067372286625,1920,1200
daheng_sn_FDE23080341,470,183720000000000,183720000000000,183720000000000,2026-09-05T07:55:58.759567+00:00,5599,18067464504225,1920,1200
directshow_index_1,483,183720031000000,183720031000000,183720031000000,2026-09-05T07:55:58.759567+00:00,,,640,480
daheng_sn_FDE23080341,471,183720093000000,183720093000000,183720093000000,2026-09-05T07:55:58.853787+00:00,5611,18067556721825,1920,1200
directshow_index_1,484,183720125000000,183720125000000,183720125000000,2026-09-05T07:55:58.854406+00:00,,,640,480
daheng_sn_FDE23080341,472,183720187000000,183720187000000,183720187000000,2026-09-05T07:55:58.944049+00:00,5623,18067648939425,1920,1200
directshow_index_1,485,183720218000000,183720218000000,183720218000000,2026-09-05T07:55:58.944049+00:00,,,640,480
directshow_index_1,486,183720312000000,183720312000000,183720312000000,2026-09-05T07:55:59.036825+00:00,,,640,480
daheng_sn_FDE23080341,473,183720281000000,183720281000000,183720281000000,2026-09-05T07:55:59.055496+00:00,5636,18067748841825,1920,1200
directshow_index_1,487,183720406000000,183720406000000,183720406000000,2026-09-05T07:55:59.128405+00:00,,,640,480
daheng_sn_FDE23080341,474,183720375000000,183720375000000,183720375000000,2026-09-05T07:55:59.135812+00:00,5648,18067841059425,1920,1200
directshow_index_1,488,183720500000000,183720500000000,183720500000000,2026-09-05T07:55:59.222352+00:00,,,640,480
daheng_sn_FDE23080341,475,183720468000000,183720468000000,183720468000000,2026-09-05T07:55:59.231353+00:00,5660,18067933277025,1920,1200
directshow_index_1,489,183720593000000,183720593000000,183720593000000,2026-09-05T07:55:59.315170+00:00,,,640,480
daheng_sn_FDE23080341,476,183720562000000,183720562000000,183720562000000,2026-09-05T07:55:59.324703+00:00,5672,18068025494625,1920,1200
directshow_index_1,490,183720687000000,183720687000000,183720687000000,2026-09-05T07:55:59.408259+00:00,,,640,480
daheng_sn_FDE23080341,477,183720656000000,183720656000000,183720656000000,2026-09-05T07:55:59.416267+00:00,5684,18068117712225,1920,1200
daheng_sn_FDE23080341,478,183720750000000,183720750000000,183720750000000,2026-09-05T07:55:59.504891+00:00,5697,18068217614625,1920,1200
directshow_index_1,491,183720781000000,183720781000000,183720781000000,2026-09-05T07:55:59.505891+00:00,,,640,480
directshow_index_1,492,183720875000000,183720875000000,183720875000000,2026-09-05T07:55:59.597228+00:00,,,640,480
daheng_sn_FDE23080341,479,183720843000000,183720843000000,183720843000000,2026-09-05T07:55:59.602432+00:00,5708,18068302147425,1920,1200
daheng_sn_FDE23080341,480,183720937000000,183720937000000,183720937000000,2026-09-05T07:55:59.705029+00:00,5720,18068394365025,1920,1200
directshow_index_1,493,183720968000000,183720968000000,183720968000000,2026-09-05T07:55:59.706228+00:00,,,640,480
daheng_sn_FDE23080341,481,183721031000000,183721031000000,183721031000000,2026-09-05T07:55:59.791708+00:00,5733,18068494267425,1920,1200
directshow_index_1,494,183721062000000,183721062000000,183721062000000,2026-09-05T07:55:59.792710+00:00,,,640,480
directshow_index_1,495,183721156000000,183721156000000,183721156000000,2026-09-05T07:55:59.877844+00:00,,,640,480
daheng_sn_FDE23080341,482,183721125000000,183721125000000,183721125000000,2026-09-05T07:55:59.884765+00:00,5745,18068586485025,1920,1200
daheng_sn_FDE23080341,483,183721218000000,183721218000000,183721218000000,2026-09-05T07:55:59.976787+00:00,5757,18068678702625,1920,1200
directshow_index_1,496,183721250000000,183721250000000,183721250000000,2026-09-05T07:55:59.977348+00:00,,,640,480
directshow_index_1,497,183721343000000,183721343000000,183721343000000,2026-09-05T07:56:00.064827+00:00,,,640,480
daheng_sn_FDE23080341,484,183721312000000,183721312000000,183721312000000,2026-09-05T07:56:00.070614+00:00,5770,18068778605025,1920,1200
daheng_sn_FDE23080341,485,183721406000000,183721406000000,183721406000000,2026-09-05T07:56:00.165572+00:00,5782,18068870822625,1920,1200
directshow_index_1,498,183721437000000,183721437000000,183721437000000,2026-09-05T07:56:00.166134+00:00,,,640,480
directshow_index_1,499,183721531000000,183721531000000,183721531000000,2026-09-05T07:56:00.256185+00:00,,,640,480
daheng_sn_FDE23080341,486,183721500000000,183721500000000,183721500000000,2026-09-05T07:56:00.264878+00:00,5794,18068963040225,1920,1200
directshow_index_1,500,183721625000000,183721625000000,183721625000000,2026-09-05T07:56:00.347589+00:00,,,640,480
daheng_sn_FDE23080341,487,183721593000000,183721593000000,183721593000000,2026-09-05T07:56:00.352600+00:00,5806,18069055257825,1920,1200
daheng_sn_FDE23080341,488,183721687000000,183721687000000,183721687000000,2026-09-05T07:56:00.444523+00:00,5819,18069155160225,1920,1200
directshow_index_1,501,183721718000000,183721718000000,183721718000000,2026-09-05T07:56:00.444523+00:00,,,640,480
daheng_sn_FDE23080341,489,183721781000000,183721781000000,183721781000000,2026-09-05T07:56:00.543154+00:00,5830,18069239693025,1920,1200
directshow_index_1,502,183721812000000,183721812000000,183721812000000,2026-09-05T07:56:00.543154+00:00,,,640,480
daheng_sn_FDE23080341,490,183721875000000,183721875000000,183721875000000,2026-09-05T07:56:00.632690+00:00,5843,18069339595425,1920,1200
directshow_index_1,503,183721906000000,183721906000000,183721906000000,2026-09-05T07:56:00.633279+00:00,,,640,480
daheng_sn_FDE23080341,491,183721968000000,183721968000000,183721968000000,2026-09-05T07:56:00.728015+00:00,5855,18069431813025,1920,1200
directshow_index_1,504,183722000000000,183722000000000,183722000000000,2026-09-05T07:56:00.728673+00:00,,,640,480
daheng_sn_FDE23080341,492,183722062000000,183722062000000,183722062000000,2026-09-05T07:56:00.814422+00:00,5867,18069524030625,1920,1200
directshow_index_1,505,183722093000000,183722093000000,183722093000000,2026-09-05T07:56:00.818307+00:00,,,640,480
daheng_sn_FDE23080341,493,183722156000000,183722156000000,183722156000000,2026-09-05T07:56:00.909618+00:00,5880,18069623933025,1920,1200
directshow_index_1,506,183722187000000,183722187000000,183722187000000,2026-09-05T07:56:00.910221+00:00,,,640,480
directshow_index_1,507,183722281000000,183722281000000,183722281000000,2026-09-05T07:56:01.002002+00:00,,,640,480
daheng_sn_FDE23080341,494,183722250000000,183722250000000,183722250000000,2026-09-05T07:56:01.012902+00:00,5891,18069708465825,1920,1200
daheng_sn_FDE23080341,495,183722343000000,183722343000000,183722343000000,2026-09-05T07:56:01.103718+00:00,5903,18069800683425,1920,1200
directshow_index_1,508,183722375000000,183722375000000,183722375000000,2026-09-05T07:56:01.104730+00:00,,,640,480
daheng_sn_FDE23080341,496,183722437000000,183722437000000,183722437000000,2026-09-05T07:56:01.190865+00:00,5916,18069900585825,1920,1200
directshow_index_1,509,183722468000000,183722468000000,183722468000000,2026-09-05T07:56:01.190865+00:00,,,640,480
daheng_sn_FDE23080341,497,183722531000000,183722531000000,183722531000000,2026-09-05T07:56:01.284793+00:00,5929,18070000488225,1920,1200
directshow_index_1,510,183722562000000,183722562000000,183722562000000,2026-09-05T07:56:01.288830+00:00,,,640,480
directshow_index_1,511,183722656000000,183722656000000,183722656000000,2026-09-05T07:56:01.379076+00:00,,,640,480
daheng_sn_FDE23080341,498,183722625000000,183722625000000,183722625000000,2026-09-05T07:56:01.385074+00:00,5940,18070085021025,1920,1200
directshow_index_1,512,183722750000000,183722750000000,183722750000000,2026-09-05T07:56:01.474061+00:00,,,640,480
daheng_sn_FDE23080341,499,183722718000000,183722718000000,183722718000000,2026-09-05T07:56:01.479973+00:00,5952,18070177238625,1920,1200
daheng_sn_FDE23080341,500,183722812000000,183722812000000,183722812000000,2026-09-05T07:56:01.569486+00:00,5965,18070277141025,1920,1200
directshow_index_1,513,183722843000000,183722843000000,183722843000000,2026-09-05T07:56:01.573006+00:00,,,640,480
daheng_sn_FDE23080341,501,183722906000000,183722906000000,183722906000000,2026-09-05T07:56:01.661583+00:00,5977,18070369358625,1920,1200
directshow_index_1,514,183722937000000,183722937000000,183722937000000,2026-09-05T07:56:01.664582+00:00,,,640,480
daheng_sn_FDE23080341,502,183723000000000,183723000000000,183723000000000,2026-09-05T07:56:01.758738+00:00,5989,18070461576225,1920,1200
directshow_index_1,515,183723031000000,183723031000000,183723031000000,2026-09-05T07:56:01.759303+00:00,,,640,480
daheng_sn_FDE23080341,503,183723093000000,183723093000000,183723093000000,2026-09-05T07:56:01.851153+00:00,6001,18070553793825,1920,1200
directshow_index_1,516,183723125000000,183723125000000,183723125000000,2026-09-05T07:56:01.851153+00:00,,,640,480
daheng_sn_FDE23080341,504,183723187000000,183723187000000,183723187000000,2026-09-05T07:56:01.944682+00:00,6013,18070646011425,1920,1200
directshow_index_1,517,183723218000000,183723218000000,183723218000000,2026-09-05T07:56:01.945682+00:00,,,640,480
daheng_sn_FDE23080341,505,183723281000000,183723281000000,183723281000000,2026-09-05T07:56:02.040874+00:00,6026,18070745913825,1920,1200
directshow_index_1,518,183723312000000,183723312000000,183723312000000,2026-09-05T07:56:02.040874+00:00,,,640,480
daheng_sn_FDE23080341,506,183723375000000,183723375000000,183723375000000,2026-09-05T07:56:02.125155+00:00,6038,18070838131425,1920,1200
directshow_index_1,519,183723406000000,183723406000000,183723406000000,2026-09-05T07:56:02.126687+00:00,,,640,480
daheng_sn_FDE23080341,507,183723468000000,183723468000000,183723468000000,2026-09-05T07:56:02.218850+00:00,6050,18070930349025,1920,1200
directshow_index_1,520,183723500000000,183723500000000,183723500000000,2026-09-05T07:56:02.222980+00:00,,,640,480
directshow_index_1,521,183723593000000,183723593000000,183723593000000,2026-09-05T07:56:02.315024+00:00,,,640,480
daheng_sn_FDE23080341,508,183723562000000,183723562000000,183723562000000,2026-09-05T07:56:02.319848+00:00,6062,18071022566625,1920,1200
directshow_index_1,522,183723687000000,183723687000000,183723687000000,2026-09-05T07:56:02.413487+00:00,,,640,480
daheng_sn_FDE23080341,509,183723656000000,183723656000000,183723656000000,2026-09-05T07:56:02.418153+00:00,6075,18071122469025,1920,1200
daheng_sn_FDE23080341,510,183723750000000,183723750000000,183723750000000,2026-09-05T07:56:02.507662+00:00,6087,18071214686625,1920,1200
directshow_index_1,523,183723781000000,183723781000000,183723781000000,2026-09-05T07:56:02.508660+00:00,,,640,480
daheng_sn_FDE23080341,511,183723843000000,183723843000000,183723843000000,2026-09-05T07:56:02.598222+00:00,6099,18071306904225,1920,1200
directshow_index_1,524,183723875000000,183723875000000,183723875000000,2026-09-05T07:56:02.601213+00:00,,,640,480
daheng_sn_FDE23080341,512,183723937000000,183723937000000,183723937000000,2026-09-05T07:56:02.692622+00:00,6111,18071399121825,1920,1200
directshow_index_1,525,183723968000000,183723968000000,183723968000000,2026-09-05T07:56:02.693524+00:00,,,640,480
directshow_index_1,526,183724062000000,183724062000000,183724062000000,2026-09-05T07:56:02.784647+00:00,,,640,480
daheng_sn_FDE23080341,513,183724031000000,183724031000000,183724031000000,2026-09-05T07:56:02.787654+00:00,6124,18071499024225,1920,1200
daheng_sn_FDE23080341,514,183724125000000,183724125000000,183724125000000,2026-09-05T07:56:02.879569+00:00,6135,18071583557025,1920,1200
directshow_index_1,527,183724156000000,183724156000000,183724156000000,2026-09-05T07:56:02.880567+00:00,,,640,480
daheng_sn_FDE23080341,515,183724218000000,183724218000000,183724218000000,2026-09-05T07:56:02.972169+00:00,6147,18071675774625,1920,1200
directshow_index_1,528,183724250000000,183724250000000,183724250000000,2026-09-05T07:56:02.973169+00:00,,,640,480
daheng_sn_FDE23080341,516,183724312000000,183724312000000,183724312000000,2026-09-05T07:56:03.064582+00:00,6160,18071775677025,1920,1200
directshow_index_1,529,183724343000000,183724343000000,183724343000000,2026-09-05T07:56:03.065582+00:00,,,640,480
daheng_sn_FDE23080341,517,183724406000000,183724406000000,183724406000000,2026-09-05T07:56:03.156984+00:00,6172,18071867894625,1920,1200
directshow_index_1,530,183724437000000,183724437000000,183724437000000,2026-09-05T07:56:03.163605+00:00,,,640,480
daheng_sn_FDE23080341,518,183724500000000,183724500000000,183724500000000,2026-09-05T07:56:03.248112+00:00,6184,18071960112225,1920,1200
directshow_index_1,531,183724531000000,183724531000000,183724531000000,2026-09-05T07:56:03.256129+00:00,,,640,480
daheng_sn_FDE23080341,519,183724593000000,183724593000000,183724593000000,2026-09-05T07:56:03.343805+00:00,6197,18072060014625,1920,1200
directshow_index_1,532,183724625000000,183724625000000,183724625000000,2026-09-05T07:56:03.348816+00:00,,,640,480
daheng_sn_FDE23080341,520,183724687000000,183724687000000,183724687000000,2026-09-05T07:56:03.435803+00:00,6209,18072152232225,1920,1200
directshow_index_1,533,183724718000000,183724718000000,183724718000000,2026-09-05T07:56:03.439809+00:00,,,640,480
daheng_sn_FDE23080341,521,183724781000000,183724781000000,183724781000000,2026-09-05T07:56:03.534024+00:00,6221,18072244449825,1920,1200
directshow_index_1,534,183724812000000,183724812000000,183724812000000,2026-09-05T07:56:03.537538+00:00,,,640,480
directshow_index_1,535,183724906000000,183724906000000,183724906000000,2026-09-05T07:56:03.632686+00:00,,,640,480
daheng_sn_FDE23080341,522,183724875000000,183724875000000,183724875000000,2026-09-05T07:56:03.644686+00:00,6233,18072336667425,1920,1200
directshow_index_1,536,183725000000000,183725000000000,183725000000000,2026-09-05T07:56:03.729363+00:00,,,640,480
daheng_sn_FDE23080341,523,183724968000000,183724968000000,183724968000000,2026-09-05T07:56:03.746575+00:00,6245,18072428885025,1920,1200
daheng_sn_FDE23080341,524,183725062000000,183725062000000,183725062000000,2026-09-05T07:56:03.819703+00:00,6258,18072528787425,1920,1200
directshow_index_1,537,183725093000000,183725093000000,183725093000000,2026-09-05T07:56:03.820718+00:00,,,640,480
directshow_index_1,538,183725187000000,183725187000000,183725187000000,2026-09-05T07:56:03.911579+00:00,,,640,480
daheng_sn_FDE23080341,525,183725156000000,183725156000000,183725156000000,2026-09-05T07:56:03.916521+00:00,6269,18072613320225,1920,1200
directshow_index_1,539,183725281000000,183725281000000,183725281000000,2026-09-05T07:56:04.006102+00:00,,,640,480
daheng_sn_FDE23080341,526,183725250000000,183725250000000,183725250000000,2026-09-05T07:56:04.011101+00:00,6282,18072713222625,1920,1200
directshow_index_1,540,183725375000000,183725375000000,183725375000000,2026-09-05T07:56:04.099373+00:00,,,640,480
daheng_sn_FDE23080341,527,183725343000000,183725343000000,183725343000000,2026-09-05T07:56:04.103374+00:00,6294,18072805440225,1920,1200
daheng_sn_FDE23080341,528,183725437000000,183725437000000,183725437000000,2026-09-05T07:56:04.193490+00:00,6306,18072897657825,1920,1200
directshow_index_1,541,183725468000000,183725468000000,183725468000000,2026-09-05T07:56:04.193490+00:00,,,640,480
directshow_index_1,542,183725562000000,183725562000000,183725562000000,2026-09-05T07:56:04.288071+00:00,,,640,480
daheng_sn_FDE23080341,529,183725531000000,183725531000000,183725531000000,2026-09-05T07:56:04.292679+00:00,6318,18072989875425,1920,1200
directshow_index_1,543,183725656000000,183725656000000,183725656000000,2026-09-05T07:56:04.377398+00:00,,,640,480
daheng_sn_FDE23080341,530,183725625000000,183725625000000,183725625000000,2026-09-05T07:56:04.387395+00:00,6331,18073089777825,1920,1200
directshow_index_1,544,183725750000000,183725750000000,183725750000000,2026-09-05T07:56:04.471366+00:00,,,640,480
daheng_sn_FDE23080341,531,183725718000000,183725718000000,183725718000000,2026-09-05T07:56:04.487609+00:00,6343,18073181995425,1920,1200
directshow_index_1,545,183725843000000,183725843000000,183725843000000,2026-09-05T07:56:04.564279+00:00,,,640,480
daheng_sn_FDE23080341,532,183725812000000,183725812000000,183725812000000,2026-09-05T07:56:04.575794+00:00,6355,18073274213025,1920,1200
daheng_sn_FDE23080341,533,183725906000000,183725906000000,183725906000000,2026-09-05T07:56:04.665450+00:00,6367,18073366430625,1920,1200
directshow_index_1,546,183725937000000,183725937000000,183725937000000,2026-09-05T07:56:04.666454+00:00,,,640,480
directshow_index_1,547,183726031000000,183726031000000,183726031000000,2026-09-05T07:56:04.751960+00:00,,,640,480
daheng_sn_FDE23080341,534,183726000000000,183726000000000,183726000000000,2026-09-05T07:56:04.768596+00:00,6379,18073458648225,1920,1200
daheng_sn_FDE23080341,535,183726093000000,183726093000000,183726093000000,2026-09-05T07:56:04.851215+00:00,6392,18073558550625,1920,1200
directshow_index_1,548,183726125000000,183726125000000,183726125000000,2026-09-05T07:56:04.851215+00:00,,,640,480
daheng_sn_FDE23080341,536,183726187000000,183726187000000,183726187000000,2026-09-05T07:56:04.942534+00:00,6404,18073650768225,1920,1200
directshow_index_1,549,183726218000000,183726218000000,183726218000000,2026-09-05T07:56:04.943531+00:00,,,640,480
directshow_index_1,550,183726312000000,183726312000000,183726312000000,2026-09-05T07:56:05.035450+00:00,,,640,480
daheng_sn_FDE23080341,537,183726281000000,183726281000000,183726281000000,2026-09-05T07:56:05.041445+00:00,6416,18073742985825,1920,1200
directshow_index_1,551,183726406000000,183726406000000,183726406000000,2026-09-05T07:56:05.130559+00:00,,,640,480
daheng_sn_FDE23080341,538,183726375000000,183726375000000,183726375000000,2026-09-05T07:56:05.134558+00:00,6429,18073842888225,1920,1200
directshow_index_1,552,183726500000000,183726500000000,183726500000000,2026-09-05T07:56:05.221058+00:00,,,640,480
daheng_sn_FDE23080341,539,183726468000000,183726468000000,183726468000000,2026-09-05T07:56:05.225058+00:00,6440,18073927421025,1920,1200
daheng_sn_FDE23080341,540,183726562000000,183726562000000,183726562000000,2026-09-05T07:56:05.321049+00:00,6453,18074027323425,1920,1200
directshow_index_1,553,183726593000000,183726593000000,183726593000000,2026-09-05T07:56:05.322049+00:00,,,640,480
directshow_index_1,554,183726687000000,183726687000000,183726687000000,2026-09-05T07:56:05.409277+00:00,,,640,480
daheng_sn_FDE23080341,541,183726656000000,183726656000000,183726656000000,2026-09-05T07:56:05.416204+00:00,6465,18074119541025,1920,1200
daheng_sn_FDE23080341,542,183726750000000,183726750000000,183726750000000,2026-09-05T07:56:05.505382+00:00,6478,18074219443425,1920,1200
directshow_index_1,555,183726781000000,183726781000000,183726781000000,2026-09-05T07:56:05.506372+00:00,,,640,480
daheng_sn_FDE23080341,543,183726843000000,183726843000000,183726843000000,2026-09-05T07:56:05.600197+00:00,6490,18074311661025,1920,1200
directshow_index_1,556,183726875000000,183726875000000,183726875000000,2026-09-05T07:56:05.601205+00:00,,,640,480
directshow_index_1,557,183726968000000,183726968000000,183726968000000,2026-09-05T07:56:05.694259+00:00,,,640,480
daheng_sn_FDE23080341,544,183726937000000,183726937000000,183726937000000,2026-09-05T07:56:05.697257+00:00,6502,18074403878625,1920,1200
directshow_index_1,558,183727062000000,183727062000000,183727062000000,2026-09-05T07:56:05.785611+00:00,,,640,480
daheng_sn_FDE23080341,545,183727031000000,183727031000000,183727031000000,2026-09-05T07:56:05.790616+00:00,6514,18074496096225,1920,1200
daheng_sn_FDE23080341,546,183727125000000,183727125000000,183727125000000,2026-09-05T07:56:05.881802+00:00,6526,18074588313825,1920,1200
directshow_index_1,559,183727156000000,183727156000000,183727156000000,2026-09-05T07:56:05.881802+00:00,,,640,480
directshow_index_1,560,183727250000000,183727250000000,183727250000000,2026-09-05T07:56:05.973106+00:00,,,640,480
daheng_sn_FDE23080341,547,183727218000000,183727218000000,183727218000000,2026-09-05T07:56:05.981482+00:00,6538,18074680531425,1920,1200
directshow_index_1,561,183727343000000,183727343000000,183727343000000,2026-09-05T07:56:06.065005+00:00,,,640,480
daheng_sn_FDE23080341,548,183727312000000,183727312000000,183727312000000,2026-09-05T07:56:06.071005+00:00,6551,18074780433825,1920,1200
directshow_index_1,562,183727437000000,183727437000000,183727437000000,2026-09-05T07:56:06.165301+00:00,,,640,480
daheng_sn_FDE23080341,549,183727406000000,183727406000000,183727406000000,2026-09-05T07:56:06.172124+00:00,6562,18074864966625,1920,1200
daheng_sn_FDE23080341,550,183727500000000,183727500000000,183727500000000,2026-09-05T07:56:06.255660+00:00,6575,18074964869025,1920,1200
directshow_index_1,563,183727531000000,183727531000000,183727531000000,2026-09-05T07:56:06.257660+00:00,,,640,480
daheng_sn_FDE23080341,551,183727593000000,183727593000000,183727593000000,2026-09-05T07:56:06.350846+00:00,6587,18075057086625,1920,1200
directshow_index_1,564,183727625000000,183727625000000,183727625000000,2026-09-05T07:56:06.351852+00:00,,,640,480
daheng_sn_FDE23080341,552,183727687000000,183727687000000,183727687000000,2026-09-05T07:56:06.444789+00:00,6599,18075149304225,1920,1200
directshow_index_1,565,183727718000000,183727718000000,183727718000000,2026-09-05T07:56:06.444789+00:00,,,640,480
daheng_sn_FDE23080341,553,183727781000000,183727781000000,183727781000000,2026-09-05T07:56:06.540436+00:00,6611,18075241521825,1920,1200
directshow_index_1,566,183727812000000,183727812000000,183727812000000,2026-09-05T07:56:06.541436+00:00,,,640,480
directshow_index_1,567,183727906000000,183727906000000,183727906000000,2026-09-05T07:56:06.628331+00:00,,,640,480
daheng_sn_FDE23080341,554,183727875000000,183727875000000,183727875000000,2026-09-05T07:56:06.633339+00:00,6624,18075341424225,1920,1200
daheng_sn_FDE23080341,555,183727968000000,183727968000000,183727968000000,2026-09-05T07:56:06.724923+00:00,6636,18075433641825,1920,1200
directshow_index_1,568,183728000000000,183728000000000,183728000000000,2026-09-05T07:56:06.725870+00:00,,,640,480
directshow_index_1,569,183728093000000,183728093000000,183728093000000,2026-09-05T07:56:06.818180+00:00,,,640,480
daheng_sn_FDE23080341,556,183728062000000,183728062000000,183728062000000,2026-09-05T07:56:06.823191+00:00,6648,18075525859425,1920,1200
daheng_sn_FDE23080341,557,183728156000000,183728156000000,183728156000000,2026-09-05T07:56:06.914250+00:00,6660,18075618077025,1920,1200
directshow_index_1,570,183728187000000,183728187000000,183728187000000,2026-09-05T07:56:06.914250+00:00,,,640,480
daheng_sn_FDE23080341,558,183728250000000,183728250000000,183728250000000,2026-09-05T07:56:07.010297+00:00,6673,18075717979425,1920,1200
directshow_index_1,571,183728281000000,183728281000000,183728281000000,2026-09-05T07:56:07.010891+00:00,,,640,480
directshow_index_1,572,183728375000000,183728375000000,183728375000000,2026-09-05T07:56:07.096615+00:00,,,640,480
daheng_sn_FDE23080341,559,183728343000000,183728343000000,183728343000000,2026-09-05T07:56:07.099616+00:00,6685,18075810197025,1920,1200
directshow_index_1,573,183728468000000,183728468000000,183728468000000,2026-09-05T07:56:07.194781+00:00,,,640,480
daheng_sn_FDE23080341,560,183728437000000,183728437000000,183728437000000,2026-09-05T07:56:07.199531+00:00,6697,18075902414625,1920,1200
daheng_sn_FDE23080341,561,183728531000000,183728531000000,183728531000000,2026-09-05T07:56:07.291707+00:00,6709,18075994632225,1920,1200
directshow_index_1,574,183728562000000,183728562000000,183728562000000,2026-09-05T07:56:07.292259+00:00,,,640,480
directshow_index_1,575,183728656000000,183728656000000,183728656000000,2026-09-05T07:56:07.377015+00:00,,,640,480
daheng_sn_FDE23080341,562,183728625000000,183728625000000,183728625000000,2026-09-05T07:56:07.385545+00:00,6721,18076086849825,1920,1200
daheng_sn_FDE23080341,563,183728718000000,183728718000000,183728718000000,2026-09-05T07:56:07.474061+00:00,6733,18076179067425,1920,1200
directshow_index_1,576,183728750000000,183728750000000,183728750000000,2026-09-05T07:56:07.475054+00:00,,,640,480
directshow_index_1,577,183728843000000,183728843000000,183728843000000,2026-09-05T07:56:07.566603+00:00,,,640,480
daheng_sn_FDE23080341,564,183728812000000,183728812000000,183728812000000,2026-09-05T07:56:07.571608+00:00,6746,18076278969825,1920,1200
daheng_sn_FDE23080341,565,183728906000000,183728906000000,183728906000000,2026-09-05T07:56:07.662326+00:00,6758,18076371187425,1920,1200
directshow_index_1,578,183728937000000,183728937000000,183728937000000,2026-09-05T07:56:07.663326+00:00,,,640,480
daheng_sn_FDE23080341,566,183729000000000,183729000000000,183729000000000,2026-09-05T07:56:07.758897+00:00,6770,18076463405025,1920,1200
directshow_index_1,579,183729031000000,183729031000000,183729031000000,2026-09-05T07:56:07.759900+00:00,,,640,480
daheng_sn_FDE23080341,567,183729093000000,183729093000000,183729093000000,2026-09-05T07:56:07.851644+00:00,6783,18076563307425,1920,1200
directshow_index_1,580,183729125000000,183729125000000,183729125000000,2026-09-05T07:56:07.851644+00:00,,,640,480
daheng_sn_FDE23080341,568,183729187000000,183729187000000,183729187000000,2026-09-05T07:56:07.938606+00:00,6794,18076647840225,1920,1200
directshow_index_1,581,183729218000000,183729218000000,183729218000000,2026-09-05T07:56:07.944219+00:00,,,640,480
daheng_sn_FDE23080341,569,183729281000000,183729281000000,183729281000000,2026-09-05T07:56:08.035579+00:00,6806,18076740057825,1920,1200
directshow_index_1,582,183729312000000,183729312000000,183729312000000,2026-09-05T07:56:08.037580+00:00,,,640,480
daheng_sn_FDE23080341,570,183729375000000,183729375000000,183729375000000,2026-09-05T07:56:08.132151+00:00,6819,18076839960225,1920,1200
directshow_index_1,583,183729406000000,183729406000000,183729406000000,2026-09-05T07:56:08.133153+00:00,,,640,480
daheng_sn_FDE23080341,571,183729468000000,183729468000000,183729468000000,2026-09-05T07:56:08.225238+00:00,6831,18076932177825,1920,1200
directshow_index_1,584,183729500000000,183729500000000,183729500000000,2026-09-05T07:56:08.226238+00:00,,,640,480
daheng_sn_FDE23080341,572,183729562000000,183729562000000,183729562000000,2026-09-05T07:56:08.320326+00:00,6843,18077024395425,1920,1200
directshow_index_1,585,183729593000000,183729593000000,183729593000000,2026-09-05T07:56:08.320326+00:00,,,640,480
daheng_sn_FDE23080341,573,183729656000000,183729656000000,183729656000000,2026-09-05T07:56:08.407344+00:00,6855,18077116613025,1920,1200
directshow_index_1,586,183729687000000,183729687000000,183729687000000,2026-09-05T07:56:08.413157+00:00,,,640,480
daheng_sn_FDE23080341,574,183729750000000,183729750000000,183729750000000,2026-09-05T07:56:08.503593+00:00,6867,18077208830625,1920,1200
directshow_index_1,587,183729781000000,183729781000000,183729781000000,2026-09-05T07:56:08.504593+00:00,,,640,480
directshow_index_1,588,183729875000000,183729875000000,183729875000000,2026-09-05T07:56:08.596138+00:00,,,640,480
daheng_sn_FDE23080341,575,183729843000000,183729843000000,183729843000000,2026-09-05T07:56:08.604140+00:00,6880,18077308733025,1920,1200
daheng_sn_FDE23080341,576,183729937000000,183729937000000,183729937000000,2026-09-05T07:56:08.696486+00:00,6892,18077400950625,1920,1200
directshow_index_1,589,183729968000000,183729968000000,183729968000000,2026-09-05T07:56:08.697496+00:00,,,640,480
daheng_sn_FDE23080341,577,183730031000000,183730031000000,183730031000000,2026-09-05T07:56:08.789002+00:00,6904,18077493168225,1920,1200
directshow_index_1,590,183730062000000,183730062000000,183730062000000,2026-09-05T07:56:08.789728+00:00,,,640,480
daheng_sn_FDE23080341,578,183730125000000,183730125000000,183730125000000,2026-09-05T07:56:08.878051+00:00,6916,18077585385825,1920,1200
directshow_index_1,591,183730156000000,183730156000000,183730156000000,2026-09-05T07:56:08.882576+00:00,,,640,480
daheng_sn_FDE23080341,579,183730218000000,183730218000000,183730218000000,2026-09-05T07:56:08.976180+00:00,6928,18077677603425,1920,1200
directshow_index_1,592,183730250000000,183730250000000,183730250000000,2026-09-05T07:56:08.976180+00:00,,,640,480
daheng_sn_FDE23080341,580,183730312000000,183730312000000,183730312000000,2026-09-05T07:56:09.069181+00:00,6941,18077777505825,1920,1200
directshow_index_1,593,183730343000000,183730343000000,183730343000000,2026-09-05T07:56:09.069679+00:00,,,640,480
daheng_sn_FDE23080341,581,183730406000000,183730406000000,183730406000000,2026-09-05T07:56:09.169327+00:00,6953,18077869723425,1920,1200
directshow_index_1,594,183730437000000,183730437000000,183730437000000,2026-09-05T07:56:09.170327+00:00,,,640,480
daheng_sn_FDE23080341,582,183730500000000,183730500000000,183730500000000,2026-09-05T07:56:09.257501+00:00,6965,18077961941025,1920,1200
directshow_index_1,595,183730531000000,183730531000000,183730531000000,2026-09-05T07:56:09.257501+00:00,,,640,480
daheng_sn_FDE23080341,583,183730593000000,183730593000000,183730593000000,2026-09-05T07:56:09.345976+00:00,6978,18078061843425,1920,1200
directshow_index_1,596,183730625000000,183730625000000,183730625000000,2026-09-05T07:56:09.349976+00:00,,,640,480
daheng_sn_FDE23080341,584,183730687000000,183730687000000,183730687000000,2026-09-05T07:56:09.441876+00:00,6989,18078146376225,1920,1200
directshow_index_1,597,183730718000000,183730718000000,183730718000000,2026-09-05T07:56:09.442875+00:00,,,640,480
daheng_sn_FDE23080341,585,183730781000000,183730781000000,183730781000000,2026-09-05T07:56:09.534048+00:00,7001,18078238593825,1920,1200
directshow_index_1,598,183730812000000,183730812000000,183730812000000,2026-09-05T07:56:09.536044+00:00,,,640,480
daheng_sn_FDE23080341,586,183730875000000,183730875000000,183730875000000,2026-09-05T07:56:09.628329+00:00,7014,18078338496225,1920,1200
directshow_index_1,599,183730906000000,183730906000000,183730906000000,2026-09-05T07:56:09.629330+00:00,,,640,480
daheng_sn_FDE23080341,587,183730968000000,183730968000000,183730968000000,2026-09-05T07:56:09.722249+00:00,7026,18078430713825,1920,1200
directshow_index_1,600,183731000000000,183731000000000,183731000000000,2026-09-05T07:56:09.726341+00:00,,,640,480
daheng_sn_FDE23080341,588,183731062000000,183731062000000,183731062000000,2026-09-05T07:56:09.814994+00:00,7038,18078522931425,1920,1200
directshow_index_1,601,183731093000000,183731093000000,183731093000000,2026-09-05T07:56:09.816128+00:00,,,640,480
daheng_sn_FDE23080341,589,183731156000000,183731156000000,183731156000000,2026-09-05T07:56:09.908715+00:00,7050,18078615149025,1920,1200
directshow_index_1,602,183731187000000,183731187000000,183731187000000,2026-09-05T07:56:09.908715+00:00,,,640,480
daheng_sn_FDE23080341,590,183731250000000,183731250000000,183731250000000,2026-09-05T07:56:10.003169+00:00,7063,18078715051425,1920,1200
directshow_index_1,603,183731281000000,183731281000000,183731281000000,2026-09-05T07:56:10.008019+00:00,,,640,480
daheng_sn_FDE23080341,591,183731343000000,183731343000000,183731343000000,2026-09-05T07:56:10.100229+00:00,7075,18078807269025,1920,1200
directshow_index_1,604,183731375000000,183731375000000,183731375000000,2026-09-05T07:56:10.101230+00:00,,,640,480
daheng_sn_FDE23080341,592,183731437000000,183731437000000,183731437000000,2026-09-05T07:56:10.194118+00:00,7087,18078899486625,1920,1200
directshow_index_1,605,183731468000000,183731468000000,183731468000000,2026-09-05T07:56:10.194118+00:00,,,640,480
daheng_sn_FDE23080341,593,183731531000000,183731531000000,183731531000000,2026-09-05T07:56:10.286382+00:00,7099,18078991704225,1920,1200
directshow_index_1,606,183731562000000,183731562000000,183731562000000,2026-09-05T07:56:10.286382+00:00,,,640,480
daheng_sn_FDE23080341,594,183731625000000,183731625000000,183731625000000,2026-09-05T07:56:10.380613+00:00,7111,18079083921825,1920,1200
directshow_index_1,607,183731656000000,183731656000000,183731656000000,2026-09-05T07:56:10.380613+00:00,,,640,480
daheng_sn_FDE23080341,595,183731718000000,183731718000000,183731718000000,2026-09-05T07:56:10.473207+00:00,7124,18079183824225,1920,1200
directshow_index_1,608,183731750000000,183731750000000,183731750000000,2026-09-05T07:56:10.474197+00:00,,,640,480
daheng_sn_FDE23080341,596,183731812000000,183731812000000,183731812000000,2026-09-05T07:56:10.565805+00:00,7136,18079276041825,1920,1200
directshow_index_1,609,183731843000000,183731843000000,183731843000000,2026-09-05T07:56:10.566805+00:00,,,640,480
daheng_sn_FDE23080341,597,183731906000000,183731906000000,183731906000000,2026-09-05T07:56:10.660879+00:00,7148,18079368259425,1920,1200
directshow_index_1,610,183731937000000,183731937000000,183731937000000,2026-09-05T07:56:10.660879+00:00,,,640,480
directshow_index_1,611,183732031000000,183732031000000,183732031000000,2026-09-05T07:56:10.759054+00:00,,,640,480
daheng_sn_FDE23080341,598,183732000000000,183732000000000,183732000000000,2026-09-05T07:56:10.770716+00:00,7160,18079460477025,1920,1200
directshow_index_1,612,183732125000000,183732125000000,183732125000000,2026-09-05T07:56:10.848614+00:00,,,640,480
daheng_sn_FDE23080341,599,183732093000000,183732093000000,183732093000000,2026-09-05T07:56:10.863916+00:00,7173,18079560379425,1920,1200
directshow_index_1,613,183732218000000,183732218000000,183732218000000,2026-09-05T07:56:10.943464+00:00,,,640,480
daheng_sn_FDE23080341,600,183732187000000,183732187000000,183732187000000,2026-09-05T07:56:10.964798+00:00,7185,18079652597025,1920,1200
directshow_index_1,614,183732312000000,183732312000000,183732312000000,2026-09-05T07:56:11.037063+00:00,,,640,480
daheng_sn_FDE23080341,601,183732281000000,183732281000000,183732281000000,2026-09-05T07:56:11.043370+00:00,7197,18079744814625,1920,1200
directshow_index_1,615,183732406000000,183732406000000,183732406000000,2026-09-05T07:56:11.129966+00:00,,,640,480
daheng_sn_FDE23080341,602,183732375000000,183732375000000,183732375000000,2026-09-05T07:56:11.142186+00:00,7209,18079837032225,1920,1200
directshow_index_1,616,183732500000000,183732500000000,183732500000000,2026-09-05T07:56:11.220681+00:00,,,640,480
daheng_sn_FDE23080341,603,183732468000000,183732468000000,183732468000000,2026-09-05T07:56:11.228682+00:00,7222,18079936934625,1920,1200
directshow_index_1,617,183732593000000,183732593000000,183732593000000,2026-09-05T07:56:11.319785+00:00,,,640,480
daheng_sn_FDE23080341,604,183732562000000,183732562000000,183732562000000,2026-09-05T07:56:11.327413+00:00,7234,18080029152225,1920,1200
daheng_sn_FDE23080341,605,183732656000000,183732656000000,183732656000000,2026-09-05T07:56:11.416407+00:00,7246,18080121369825,1920,1200
directshow_index_1,618,183732687000000,183732687000000,183732687000000,2026-09-05T07:56:11.416407+00:00,,,640,480
daheng_sn_FDE23080341,606,183732750000000,183732750000000,183732750000000,2026-09-05T07:56:11.509959+00:00,7258,18080213587425,1920,1200
directshow_index_1,619,183732781000000,183732781000000,183732781000000,2026-09-05T07:56:11.509959+00:00,,,640,480
daheng_sn_FDE23080341,607,183732843000000,183732843000000,183732843000000,2026-09-05T07:56:11.601387+00:00,7270,18080305805025,1920,1200
directshow_index_1,620,183732875000000,183732875000000,183732875000000,2026-09-05T07:56:11.601387+00:00,,,640,480
daheng_sn_FDE23080341,608,183732937000000,183732937000000,183732937000000,2026-09-05T07:56:11.691187+00:00,7282,18080398022625,1920,1200
directshow_index_1,621,183732968000000,183732968000000,183732968000000,2026-09-05T07:56:11.693181+00:00,,,640,480
directshow_index_1,622,183733062000000,183733062000000,183733062000000,2026-09-05T07:56:11.784109+00:00,,,640,480
daheng_sn_FDE23080341,609,183733031000000,183733031000000,183733031000000,2026-09-05T07:56:11.789865+00:00,7295,18080497925025,1920,1200
daheng_sn_FDE23080341,610,183733125000000,183733125000000,183733125000000,2026-09-05T07:56:11.882655+00:00,7306,18080582457825,1920,1200
directshow_index_1,623,183733156000000,183733156000000,183733156000000,2026-09-05T07:56:11.887164+00:00,,,640,480
daheng_sn_FDE23080341,611,183733218000000,183733218000000,183733218000000,2026-09-05T07:56:11.975404+00:00,7319,18080682360225,1920,1200
directshow_index_1,624,183733250000000,183733250000000,183733250000000,2026-09-05T07:56:11.976408+00:00,,,640,480
daheng_sn_FDE23080341,612,183733312000000,183733312000000,183733312000000,2026-09-05T07:56:12.064819+00:00,7331,18080774577825,1920,1200
directshow_index_1,625,183733343000000,183733343000000,183733343000000,2026-09-05T07:56:12.069814+00:00,,,640,480
daheng_sn_FDE23080341,613,183733406000000,183733406000000,183733406000000,2026-09-05T07:56:12.164021+00:00,7344,18080874480225,1920,1200
directshow_index_1,626,183733437000000,183733437000000,183733437000000,2026-09-05T07:56:12.164021+00:00,,,640,480
daheng_sn_FDE23080341,614,183733500000000,183733500000000,183733500000000,2026-09-05T07:56:12.261729+00:00,7356,18080966697825,1920,1200
directshow_index_1,627,183733531000000,183733531000000,183733531000000,2026-09-05T07:56:12.262285+00:00,,,640,480
daheng_sn_FDE23080341,615,183733593000000,183733593000000,183733593000000,2026-09-05T07:56:12.354298+00:00,7368,18081058915425,1920,1200
directshow_index_1,628,183733625000000,183733625000000,183733625000000,2026-09-05T07:56:12.355294+00:00,,,640,480
daheng_sn_FDE23080341,616,183733687000000,183733687000000,183733687000000,2026-09-05T07:56:12.444824+00:00,7380,18081151133025,1920,1200
directshow_index_1,629,183733718000000,183733718000000,183733718000000,2026-09-05T07:56:12.445825+00:00,,,640,480
directshow_index_1,630,183733812000000,183733812000000,183733812000000,2026-09-05T07:56:12.536834+00:00,,,640,480
daheng_sn_FDE23080341,617,183733781000000,183733781000000,183733781000000,2026-09-05T07:56:12.542842+00:00,7392,18081243350625,1920,1200
directshow_index_1,631,183733906000000,183733906000000,183733906000000,2026-09-05T07:56:12.630739+00:00,,,640,480
daheng_sn_FDE23080341,618,183733875000000,183733875000000,183733875000000,2026-09-05T07:56:12.636703+00:00,7404,18081335568225,1920,1200
directshow_index_1,632,183734000000000,183734000000000,183734000000000,2026-09-05T07:56:12.723062+00:00,,,640,480
daheng_sn_FDE23080341,619,183733968000000,183733968000000,183733968000000,2026-09-05T07:56:12.729455+00:00,7416,18081427785825,1920,1200
daheng_sn_FDE23080341,620,183734062000000,183734062000000,183734062000000,2026-09-05T07:56:12.821019+00:00,7429,18081527688225,1920,1200
directshow_index_1,633,183734093000000,183734093000000,183734093000000,2026-09-05T07:56:12.821532+00:00,,,640,480
daheng_sn_FDE23080341,621,183734156000000,183734156000000,183734156000000,2026-09-05T07:56:12.915500+00:00,7441,18081619905825,1920,1200
directshow_index_1,634,183734187000000,183734187000000,183734187000000,2026-09-05T07:56:12.915500+00:00,,,640,480
daheng_sn_FDE23080341,622,183734250000000,183734250000000,183734250000000,2026-09-05T07:56:13.009170+00:00,7453,18081712123425,1920,1200
directshow_index_1,635,183734281000000,183734281000000,183734281000000,2026-09-05T07:56:13.009170+00:00,,,640,480
directshow_index_1,636,183734375000000,183734375000000,183734375000000,2026-09-05T07:56:13.096458+00:00,,,640,480
daheng_sn_FDE23080341,623,183734343000000,183734343000000,183734343000000,2026-09-05T07:56:13.102459+00:00,7465,18081804341025,1920,1200
daheng_sn_FDE23080341,624,183734437000000,183734437000000,183734437000000,2026-09-05T07:56:13.196882+00:00,7478,18081904243425,1920,1200
directshow_index_1,637,183734468000000,183734468000000,183734468000000,2026-09-05T07:56:13.198579+00:00,,,640,480
directshow_index_1,638,183734562000000,183734562000000,183734562000000,2026-09-05T07:56:13.283903+00:00,,,640,480
daheng_sn_FDE23080341,625,183734531000000,183734531000000,183734531000000,2026-09-05T07:56:13.287030+00:00,7490,18081996461025,1920,1200
daheng_sn_FDE23080341,626,183734625000000,183734625000000,183734625000000,2026-09-05T07:56:13.383880+00:00,7502,18082088678625,1920,1200
directshow_index_1,639,183734656000000,183734656000000,183734656000000,2026-09-05T07:56:13.383880+00:00,,,640,480
daheng_sn_FDE23080341,627,183734718000000,183734718000000,183734718000000,2026-09-05T07:56:13.473557+00:00,7514,18082180896225,1920,1200
directshow_index_1,640,183734750000000,183734750000000,183734750000000,2026-09-05T07:56:13.474563+00:00,,,640,480
daheng_sn_FDE23080341,628,183734812000000,183734812000000,183734812000000,2026-09-05T07:56:13.561475+00:00,7526,18082273113825,1920,1200
directshow_index_1,641,183734843000000,183734843000000,183734843000000,2026-09-05T07:56:13.568481+00:00,,,640,480
daheng_sn_FDE23080341,629,183734906000000,183734906000000,183734906000000,2026-09-05T07:56:13.663417+00:00,7539,18082373016225,1920,1200
directshow_index_1,642,183734937000000,183734937000000,183734937000000,2026-09-05T07:56:13.663417+00:00,,,640,480
daheng_sn_FDE23080341,630,183735000000000,183735000000000,183735000000000,2026-09-05T07:56:13.751616+00:00,7551,18082465233825,1920,1200
directshow_index_1,643,183735031000000,183735031000000,183735031000000,2026-09-05T07:56:13.753615+00:00,,,640,480
daheng_sn_FDE23080341,631,183735093000000,183735093000000,183735093000000,2026-09-05T07:56:13.848019+00:00,7563,18082557451425,1920,1200
directshow_index_1,644,183735125000000,183735125000000,183735125000000,2026-09-05T07:56:13.852623+00:00,,,640,480
daheng_sn_FDE23080341,632,183735187000000,183735187000000,183735187000000,2026-09-05T07:56:13.943629+00:00,7575,18082649669025,1920,1200
directshow_index_1,645,183735218000000,183735218000000,183735218000000,2026-09-05T07:56:13.944207+00:00,,,640,480
daheng_sn_FDE23080341,633,183735281000000,183735281000000,183735281000000,2026-09-05T07:56:14.034531+00:00,7587,18082741886625,1920,1200
directshow_index_1,646,183735312000000,183735312000000,183735312000000,2026-09-05T07:56:14.035526+00:00,,,640,480
directshow_index_1,647,183735406000000,183735406000000,183735406000000,2026-09-05T07:56:14.126864+00:00,,,640,480
daheng_sn_FDE23080341,634,183735375000000,183735375000000,183735375000000,2026-09-05T07:56:14.130570+00:00,7599,18082834104225,1920,1200
daheng_sn_FDE23080341,635,183735468000000,183735468000000,183735468000000,2026-09-05T07:56:14.223476+00:00,7612,18082934006625,1920,1200
directshow_index_1,648,183735500000000,183735500000000,183735500000000,2026-09-05T07:56:14.226473+00:00,,,640,480
daheng_sn_FDE23080341,636,183735562000000,183735562000000,183735562000000,2026-09-05T07:56:14.314492+00:00,7624,18083026224225,1920,1200
directshow_index_1,649,183735593000000,183735593000000,183735593000000,2026-09-05T07:56:14.318491+00:00,,,640,480
directshow_index_1,650,183735687000000,183735687000000,183735687000000,2026-09-05T07:56:14.409948+00:00,,,640,480
daheng_sn_FDE23080341,637,183735656000000,183735656000000,183735656000000,2026-09-05T07:56:14.412946+00:00,7636,18083118441825,1920,1200
directshow_index_1,651,183735781000000,183735781000000,183735781000000,2026-09-05T07:56:14.502184+00:00,,,640,480
daheng_sn_FDE23080341,638,183735750000000,183735750000000,183735750000000,2026-09-05T07:56:14.506180+00:00,7648,18083210659425,1920,1200
daheng_sn_FDE23080341,639,183735843000000,183735843000000,183735843000000,2026-09-05T07:56:14.595746+00:00,7660,18083302877025,1920,1200
directshow_index_1,652,183735875000000,183735875000000,183735875000000,2026-09-05T07:56:14.599745+00:00,,,640,480
daheng_sn_FDE23080341,640,183735937000000,183735937000000,183735937000000,2026-09-05T07:56:14.687398+00:00,7673,18083402779425,1920,1200
directshow_index_1,653,183735968000000,183735968000000,183735968000000,2026-09-05T07:56:14.694455+00:00,,,640,480
daheng_sn_FDE23080341,641,183736031000000,183736031000000,183736031000000,2026-09-05T07:56:14.781430+00:00,7685,18083494997025,1920,1200
directshow_index_1,654,183736062000000,183736062000000,183736062000000,2026-09-05T07:56:14.787439+00:00,,,640,480
daheng_sn_FDE23080341,642,183736125000000,183736125000000,183736125000000,2026-09-05T07:56:14.876151+00:00,7697,18083587214625,1920,1200
directshow_index_1,655,183736156000000,183736156000000,183736156000000,2026-09-05T07:56:14.880160+00:00,,,640,480
daheng_sn_FDE23080341,643,183736218000000,183736218000000,183736218000000,2026-09-05T07:56:14.970955+00:00,7709,18083679432225,1920,1200
directshow_index_1,656,183736250000000,183736250000000,183736250000000,2026-09-05T07:56:14.971500+00:00,,,640,480
daheng_sn_FDE23080341,644,183736312000000,183736312000000,183736312000000,2026-09-05T07:56:15.064856+00:00,7721,18083771649825,1920,1200
directshow_index_1,657,183736343000000,183736343000000,183736343000000,2026-09-05T07:56:15.070075+00:00,,,640,480
daheng_sn_FDE23080341,645,183736406000000,183736406000000,183736406000000,2026-09-05T07:56:15.157541+00:00,7734,18083871552225,1920,1200
directshow_index_1,658,183736437000000,183736437000000,183736437000000,2026-09-05T07:56:15.162235+00:00,,,640,480
daheng_sn_FDE23080341,646,183736500000000,183736500000000,183736500000000,2026-09-05T07:56:15.249602+00:00,7746,18083963769825,1920,1200
directshow_index_1,659,183736531000000,183736531000000,183736531000000,2026-09-05T07:56:15.257118+00:00,,,640,480
daheng_sn_FDE23080341,647,183736593000000,183736593000000,183736593000000,2026-09-05T07:56:15.344337+00:00,7758,18084055987425,1920,1200
directshow_index_1,660,183736625000000,183736625000000,183736625000000,2026-09-05T07:56:15.349104+00:00,,,640,480
daheng_sn_FDE23080341,648,183736687000000,183736687000000,183736687000000,2026-09-05T07:56:15.443852+00:00,7770,18084148205025,1920,1200
directshow_index_1,661,183736718000000,183736718000000,183736718000000,2026-09-05T07:56:15.443852+00:00,,,640,480
daheng_sn_FDE23080341,649,183736781000000,183736781000000,183736781000000,2026-09-05T07:56:15.537758+00:00,7783,18084248107425,1920,1200
directshow_index_1,662,183736812000000,183736812000000,183736812000000,2026-09-05T07:56:15.538765+00:00,,,640,480
directshow_index_1,663,183736906000000,183736906000000,183736906000000,2026-09-05T07:56:15.629828+00:00,,,640,480
daheng_sn_FDE23080341,650,183736875000000,183736875000000,183736875000000,2026-09-05T07:56:15.645829+00:00,7794,18084332640225,1920,1200
daheng_sn_FDE23080341,651,183736968000000,183736968000000,183736968000000,2026-09-05T07:56:15.722944+00:00,7807,18084432542625,1920,1200
directshow_index_1,664,183737000000000,183737000000000,183737000000000,2026-09-05T07:56:15.723510+00:00,,,640,480
daheng_sn_FDE23080341,652,183737062000000,183737062000000,183737062000000,2026-09-05T07:56:15.816290+00:00,7819,18084524760225,1920,1200
directshow_index_1,665,183737093000000,183737093000000,183737093000000,2026-09-05T07:56:15.817301+00:00,,,640,480
daheng_sn_FDE23080341,653,183737156000000,183737156000000,183737156000000,2026-09-05T07:56:15.909135+00:00,7831,18084616977825,1920,1200
directshow_index_1,666,183737187000000,183737187000000,183737187000000,2026-09-05T07:56:15.909135+00:00,,,640,480
daheng_sn_FDE23080341,654,183737250000000,183737250000000,183737250000000,2026-09-05T07:56:16.003271+00:00,7843,18084709195425,1920,1200
directshow_index_1,667,183737281000000,183737281000000,183737281000000,2026-09-05T07:56:16.007281+00:00,,,640,480
daheng_sn_FDE23080341,655,183737343000000,183737343000000,183737343000000,2026-09-05T07:56:16.094324+00:00,7856,18084809097825,1920,1200
directshow_index_1,668,183737375000000,183737375000000,183737375000000,2026-09-05T07:56:16.098430+00:00,,,640,480
daheng_sn_FDE23080341,656,183737437000000,183737437000000,183737437000000,2026-09-05T07:56:16.184945+00:00,7868,18084901315425,1920,1200
directshow_index_1,669,183737468000000,183737468000000,183737468000000,2026-09-05T07:56:16.189674+00:00,,,640,480
daheng_sn_FDE23080341,657,183737531000000,183737531000000,183737531000000,2026-09-05T07:56:16.281426+00:00,7880,18084993533025,1920,1200
directshow_index_1,670,183737562000000,183737562000000,183737562000000,2026-09-05T07:56:16.287075+00:00,,,640,480
daheng_sn_FDE23080341,658,183737625000000,183737625000000,183737625000000,2026-09-05T07:56:16.372093+00:00,7892,18085085750625,1920,1200
directshow_index_1,671,183737656000000,183737656000000,183737656000000,2026-09-05T07:56:16.377037+00:00,,,640,480
daheng_sn_FDE23080341,659,183737718000000,183737718000000,183737718000000,2026-09-05T07:56:16.468121+00:00,7904,18085177968225,1920,1200
directshow_index_1,672,183737750000000,183737750000000,183737750000000,2026-09-05T07:56:16.473140+00:00,,,640,480
daheng_sn_FDE23080341,660,183737812000000,183737812000000,183737812000000,2026-09-05T07:56:16.561423+00:00,7917,18085277870625,1920,1200
directshow_index_1,673,183737843000000,183737843000000,183737843000000,2026-09-05T07:56:16.564419+00:00,,,640,480
daheng_sn_FDE23080341,661,183737906000000,183737906000000,183737906000000,2026-09-05T07:56:16.657700+00:00,7929,18085370088225,1920,1200
directshow_index_1,674,183737937000000,183737937000000,183737937000000,2026-09-05T07:56:16.661340+00:00,,,640,480
daheng_sn_FDE23080341,662,183738000000000,183738000000000,183738000000000,2026-09-05T07:56:16.747816+00:00,7941,18085462305825,1920,1200
directshow_index_1,675,183738031000000,183738031000000,183738031000000,2026-09-05T07:56:16.752816+00:00,,,640,480
daheng_sn_FDE23080341,663,183738093000000,183738093000000,183738093000000,2026-09-05T07:56:16.843320+00:00,7953,18085554523425,1920,1200
directshow_index_1,676,183738125000000,183738125000000,183738125000000,2026-09-05T07:56:16.846321+00:00,,,640,480
daheng_sn_FDE23080341,664,183738187000000,183738187000000,183738187000000,2026-09-05T07:56:16.938160+00:00,7966,18085654425825,1920,1200
directshow_index_1,677,183738218000000,183738218000000,183738218000000,2026-09-05T07:56:16.943153+00:00,,,640,480
daheng_sn_FDE23080341,665,183738281000000,183738281000000,183738281000000,2026-09-05T07:56:17.030554+00:00,7978,18085746643425,1920,1200
directshow_index_1,678,183738312000000,183738312000000,183738312000000,2026-09-05T07:56:17.033586+00:00,,,640,480
daheng_sn_FDE23080341,666,183738375000000,183738375000000,183738375000000,2026-09-05T07:56:17.125445+00:00,7990,18085838861025,1920,1200
directshow_index_1,679,183738406000000,183738406000000,183738406000000,2026-09-05T07:56:17.129444+00:00,,,640,480
daheng_sn_FDE23080341,667,183738468000000,183738468000000,183738468000000,2026-09-05T07:56:17.215549+00:00,8002,18085931078625,1920,1200
directshow_index_1,680,183738500000000,183738500000000,183738500000000,2026-09-05T07:56:17.220474+00:00,,,640,480
daheng_sn_FDE23080341,668,183738562000000,183738562000000,183738562000000,2026-09-05T07:56:17.312039+00:00,8014,18086023296225,1920,1200
directshow_index_1,681,183738593000000,183738593000000,183738593000000,2026-09-05T07:56:17.319050+00:00,,,640,480
daheng_sn_FDE23080341,669,183738656000000,183738656000000,183738656000000,2026-09-05T07:56:17.402063+00:00,8026,18086115513825,1920,1200
directshow_index_1,682,183738687000000,183738687000000,183738687000000,2026-09-05T07:56:17.410598+00:00,,,640,480
daheng_sn_FDE23080341,670,183738750000000,183738750000000,183738750000000,2026-09-05T07:56:17.496358+00:00,8039,18086215416225,1920,1200
directshow_index_1,683,183738781000000,183738781000000,183738781000000,2026-09-05T07:56:17.502885+00:00,,,640,480
daheng_sn_FDE23080341,671,183738843000000,183738843000000,183738843000000,2026-09-05T07:56:17.593349+00:00,8050,18086299949025,1920,1200
directshow_index_1,684,183738875000000,183738875000000,183738875000000,2026-09-05T07:56:17.595341+00:00,,,640,480
directshow_index_1,685,183738968000000,183738968000000,183738968000000,2026-09-05T07:56:17.694176+00:00,,,640,480
daheng_sn_FDE23080341,672,183738937000000,183738937000000,183738937000000,2026-09-05T07:56:17.700688+00:00,8063,18086399851425,1920,1200
directshow_index_1,686,183739062000000,183739062000000,183739062000000,2026-09-05T07:56:17.786668+00:00,,,640,480
daheng_sn_FDE23080341,673,183739031000000,183739031000000,183739031000000,2026-09-05T07:56:17.797665+00:00,8075,18086492069025,1920,1200
daheng_sn_FDE23080341,674,183739125000000,183739125000000,183739125000000,2026-09-05T07:56:17.884950+00:00,8088,18086591971425,1920,1200
directshow_index_1,687,183739156000000,183739156000000,183739156000000,2026-09-05T07:56:17.885425+00:00,,,640,480
directshow_index_1,688,183739250000000,183739250000000,183739250000000,2026-09-05T07:56:17.971146+00:00,,,640,480
daheng_sn_FDE23080341,675,183739218000000,183739218000000,183739218000000,2026-09-05T07:56:17.988150+00:00,8100,18086684189025,1920,1200
daheng_sn_FDE23080341,676,183739312000000,183739312000000,183739312000000,2026-09-05T07:56:18.066632+00:00,8112,18086776406625,1920,1200
directshow_index_1,689,183739343000000,183739343000000,183739343000000,2026-09-05T07:56:18.072016+00:00,,,640,480
daheng_sn_FDE23080341,677,183739406000000,183739406000000,183739406000000,2026-09-05T07:56:18.170028+00:00,8124,18086868624225,1920,1200
directshow_index_1,690,183739437000000,183739437000000,183739437000000,2026-09-05T07:56:18.174032+00:00,,,640,480
daheng_sn_FDE23080341,678,183739500000000,183739500000000,183739500000000,2026-09-05T07:56:18.253650+00:00,8136,18086960841825,1920,1200
directshow_index_1,691,183739531000000,183739531000000,183739531000000,2026-09-05T07:56:18.254656+00:00,,,640,480
daheng_sn_FDE23080341,679,183739593000000,183739593000000,183739593000000,2026-09-05T07:56:18.349000+00:00,8148,18087053059425,1920,1200
directshow_index_1,692,183739625000000,183739625000000,183739625000000,2026-09-05T07:56:18.349558+00:00,,,640,480
directshow_index_1,693,183739718000000,183739718000000,183739718000000,2026-09-05T07:56:18.440550+00:00,,,640,480
daheng_sn_FDE23080341,680,183739687000000,183739687000000,183739687000000,2026-09-05T07:56:18.443546+00:00,8160,18087145277025,1920,1200
daheng_sn_FDE23080341,681,183739781000000,183739781000000,183739781000000,2026-09-05T07:56:18.535732+00:00,8173,18087245179425,1920,1200
directshow_index_1,694,183739812000000,183739812000000,183739812000000,2026-09-05T07:56:18.536276+00:00,,,640,480
daheng_sn_FDE23080341,682,183739875000000,183739875000000,183739875000000,2026-09-05T07:56:18.629120+00:00,8185,18087337397025,1920,1200
directshow_index_1,695,183739906000000,183739906000000,183739906000000,2026-09-05T07:56:18.633110+00:00,,,640,480
directshow_index_1,696,183740000000000,183740000000000,183740000000000,2026-09-05T07:56:18.721496+00:00,,,640,480
daheng_sn_FDE23080341,683,183739968000000,183739968000000,183739968000000,2026-09-05T07:56:18.730495+00:00,8197,18087429614625,1920,1200
daheng_sn_FDE23080341,684,183740062000000,183740062000000,183740062000000,2026-09-05T07:56:18.815640+00:00,8209,18087521832225,1920,1200
directshow_index_1,697,183740093000000,183740093000000,183740093000000,2026-09-05T07:56:18.819252+00:00,,,640,480
daheng_sn_FDE23080341,685,183740156000000,183740156000000,183740156000000,2026-09-05T07:56:18.911715+00:00,8222,18087621734625,1920,1200
directshow_index_1,698,183740187000000,183740187000000,183740187000000,2026-09-05T07:56:18.912334+00:00,,,640,480
daheng_sn_FDE23080341,686,183740250000000,183740250000000,183740250000000,2026-09-05T07:56:19.006011+00:00,8234,18087713952225,1920,1200
directshow_index_1,699,183740281000000,183740281000000,183740281000000,2026-09-05T07:56:19.006739+00:00,,,640,480
daheng_sn_FDE23080341,687,183740343000000,183740343000000,183740343000000,2026-09-05T07:56:19.100905+00:00,8246,18087806169825,1920,1200
directshow_index_1,700,183740375000000,183740375000000,183740375000000,2026-09-05T07:56:19.101918+00:00,,,640,480
daheng_sn_FDE23080341,688,183740437000000,183740437000000,183740437000000,2026-09-05T07:56:19.194493+00:00,8258,18087898387425,1920,1200
directshow_index_1,701,183740468000000,183740468000000,183740468000000,2026-09-05T07:56:19.194493+00:00,,,640,480
daheng_sn_FDE23080341,689,183740531000000,183740531000000,183740531000000,2026-09-05T07:56:19.288141+00:00,8270,18087990605025,1920,1200
directshow_index_1,702,183740562000000,183740562000000,183740562000000,2026-09-05T07:56:19.289148+00:00,,,640,480
daheng_sn_FDE23080341,690,183740625000000,183740625000000,183740625000000,2026-09-05T07:56:19.375146+00:00,8283,18088090507425,1920,1200
directshow_index_1,703,183740656000000,183740656000000,183740656000000,2026-09-05T07:56:19.381429+00:00,,,640,480
daheng_sn_FDE23080341,691,183740718000000,183740718000000,183740718000000,2026-09-05T07:56:19.472345+00:00,8295,18088182725025,1920,1200
directshow_index_1,704,183740750000000,183740750000000,183740750000000,2026-09-05T07:56:19.472920+00:00,,,640,480
directshow_index_1,705,183740843000000,183740843000000,183740843000000,2026-09-05T07:56:19.566364+00:00,,,640,480
daheng_sn_FDE23080341,692,183740812000000,183740812000000,183740812000000,2026-09-05T07:56:19.580362+00:00,8307,18088274942625,1920,1200
daheng_sn_FDE23080341,693,183740906000000,183740906000000,183740906000000,2026-09-05T07:56:19.658542+00:00,8319,18088367160225,1920,1200
directshow_index_1,706,183740937000000,183740937000000,183740937000000,2026-09-05T07:56:19.658542+00:00,,,640,480
daheng_sn_FDE23080341,694,183741000000000,183741000000000,183741000000000,2026-09-05T07:56:19.752819+00:00,8332,18088467062625,1920,1200
directshow_index_1,707,183741031000000,183741031000000,183741031000000,2026-09-05T07:56:19.756818+00:00,,,640,480
daheng_sn_FDE23080341,695,183741093000000,183741093000000,183741093000000,2026-09-05T07:56:19.846239+00:00,8344,18088559280225,1920,1200
directshow_index_1,708,183741125000000,183741125000000,183741125000000,2026-09-05T07:56:19.846239+00:00,,,640,480
daheng_sn_FDE23080341,696,183741187000000,183741187000000,183741187000000,2026-09-05T07:56:19.938757+00:00,8356,18088651497825,1920,1200
directshow_index_1,709,183741218000000,183741218000000,183741218000000,2026-09-05T07:56:19.943767+00:00,,,640,480
daheng_sn_FDE23080341,697,183741281000000,183741281000000,183741281000000,2026-09-05T07:56:20.031946+00:00,8368,18088743715425,1920,1200
directshow_index_1,710,183741312000000,183741312000000,183741312000000,2026-09-05T07:56:20.034949+00:00,,,640,480
daheng_sn_FDE23080341,698,183741375000000,183741375000000,183741375000000,2026-09-05T07:56:20.123219+00:00,8380,18088835933025,1920,1200
directshow_index_1,711,183741406000000,183741406000000,183741406000000,2026-09-05T07:56:20.133219+00:00,,,640,480
daheng_sn_FDE23080341,699,183741468000000,183741468000000,183741468000000,2026-09-05T07:56:20.223601+00:00,8393,18088935835425,1920,1200
directshow_index_1,712,183741500000000,183741500000000,183741500000000,2026-09-05T07:56:20.224597+00:00,,,640,480
daheng_sn_FDE23080341,700,183741562000000,183741562000000,183741562000000,2026-09-05T07:56:20.316731+00:00,8405,18089028053025,1920,1200
directshow_index_1,713,183741593000000,183741593000000,183741593000000,2026-09-05T07:56:20.318734+00:00,,,640,480
daheng_sn_FDE23080341,701,183741656000000,183741656000000,183741656000000,2026-09-05T07:56:20.408154+00:00,8416,18089112585825,1920,1200
directshow_index_1,714,183741687000000,183741687000000,183741687000000,2026-09-05T07:56:20.411149+00:00,,,640,480
directshow_index_1,715,183741781000000,183741781000000,183741781000000,2026-09-05T07:56:20.503228+00:00,,,640,480
daheng_sn_FDE23080341,702,183741750000000,183741750000000,183741750000000,2026-09-05T07:56:20.506232+00:00,8429,18089212488225,1920,1200
daheng_sn_FDE23080341,703,183741843000000,183741843000000,183741843000000,2026-09-05T07:56:20.598306+00:00,8441,18089304705825,1920,1200
directshow_index_1,716,183741875000000,183741875000000,183741875000000,2026-09-05T07:56:20.599838+00:00,,,640,480
daheng_sn_FDE23080341,704,183741937000000,183741937000000,183741937000000,2026-09-05T07:56:20.691778+00:00,8454,18089404608225,1920,1200
directshow_index_1,717,183741968000000,183741968000000,183741968000000,2026-09-05T07:56:20.691778+00:00,,,640,480
daheng_sn_FDE23080341,705,183742031000000,183742031000000,183742031000000,2026-09-05T07:56:20.785711+00:00,8466,18089496825825,1920,1200
directshow_index_1,718,183742062000000,183742062000000,183742062000000,2026-09-05T07:56:20.786718+00:00,,,640,480
daheng_sn_FDE23080341,706,183742125000000,183742125000000,183742125000000,2026-09-05T07:56:20.882564+00:00,8478,18089589043425,1920,1200
directshow_index_1,719,183742156000000,183742156000000,183742156000000,2026-09-05T07:56:20.883073+00:00,,,640,480
daheng_sn_FDE23080341,707,183742218000000,183742218000000,183742218000000,2026-09-05T07:56:20.969831+00:00,8490,18089681261025,1920,1200
directshow_index_1,720,183742250000000,183742250000000,183742250000000,2026-09-05T07:56:20.974062+00:00,,,640,480
daheng_sn_FDE23080341,708,183742312000000,183742312000000,183742312000000,2026-09-05T07:56:21.064274+00:00,8502,18089773478625,1920,1200
directshow_index_1,721,183742343000000,183742343000000,183742343000000,2026-09-05T07:56:21.066271+00:00,,,640,480
daheng_sn_FDE23080341,709,183742406000000,183742406000000,183742406000000,2026-09-05T07:56:21.157821+00:00,8514,18089865696225,1920,1200
directshow_index_1,722,183742437000000,183742437000000,183742437000000,2026-09-05T07:56:21.162850+00:00,,,640,480
daheng_sn_FDE23080341,710,183742500000000,183742500000000,183742500000000,2026-09-05T07:56:21.253813+00:00,8527,18089965598625,1920,1200
directshow_index_1,723,183742531000000,183742531000000,183742531000000,2026-09-05T07:56:21.254812+00:00,,,640,480
daheng_sn_FDE23080341,711,183742593000000,183742593000000,183742593000000,2026-09-05T07:56:21.346408+00:00,8539,18090057816225,1920,1200
directshow_index_1,724,183742625000000,183742625000000,183742625000000,2026-09-05T07:56:21.347405+00:00,,,640,480
daheng_sn_FDE23080341,712,183742687000000,183742687000000,183742687000000,2026-09-05T07:56:21.443342+00:00,8551,18090150033825,1920,1200
directshow_index_1,725,183742718000000,183742718000000,183742718000000,2026-09-05T07:56:21.445341+00:00,,,640,480
daheng_sn_FDE23080341,713,183742781000000,183742781000000,183742781000000,2026-09-05T07:56:21.532741+00:00,8563,18090242251425,1920,1200
directshow_index_1,726,183742812000000,183742812000000,183742812000000,2026-09-05T07:56:21.536725+00:00,,,640,480
daheng_sn_FDE23080341,714,183742875000000,183742875000000,183742875000000,2026-09-05T07:56:21.626521+00:00,8576,18090342153825,1920,1200
directshow_index_1,727,183742906000000,183742906000000,183742906000000,2026-09-05T07:56:21.628526+00:00,,,640,480
daheng_sn_FDE23080341,715,183742968000000,183742968000000,183742968000000,2026-09-05T07:56:21.720850+00:00,8588,18090434371425,1920,1200
directshow_index_1,728,183743000000000,183743000000000,183743000000000,2026-09-05T07:56:21.721853+00:00,,,640,480
daheng_sn_FDE23080341,716,183743062000000,183743062000000,183743062000000,2026-09-05T07:56:21.815685+00:00,8600,18090526589025,1920,1200
directshow_index_1,729,183743093000000,183743093000000,183743093000000,2026-09-05T07:56:21.816692+00:00,,,640,480
daheng_sn_FDE23080341,717,183743156000000,183743156000000,183743156000000,2026-09-05T07:56:21.909494+00:00,8612,18090618806625,1920,1200
directshow_index_1,730,183743187000000,183743187000000,183743187000000,2026-09-05T07:56:21.910500+00:00,,,640,480
directshow_index_1,731,183743281000000,183743281000000,183743281000000,2026-09-05T07:56:22.002514+00:00,,,640,480
daheng_sn_FDE23080341,718,183743250000000,183743250000000,183743250000000,2026-09-05T07:56:22.010736+00:00,8624,18090711024225,1920,1200
directshow_index_1,732,183743375000000,183743375000000,183743375000000,2026-09-05T07:56:22.097314+00:00,,,640,480
daheng_sn_FDE23080341,719,183743343000000,183743343000000,183743343000000,2026-09-05T07:56:22.110633+00:00,8636,18090803241825,1920,1200
directshow_index_1,733,183743468000000,183743468000000,183743468000000,2026-09-05T07:56:22.195807+00:00,,,640,480
daheng_sn_FDE23080341,720,183743437000000,183743437000000,183743437000000,2026-09-05T07:56:22.202800+00:00,8648,18090895459425,1920,1200
daheng_sn_FDE23080341,721,183743531000000,183743531000000,183743531000000,2026-09-05T07:56:22.287002+00:00,8661,18090995361825,1920,1200
directshow_index_1,734,183743562000000,183743562000000,183743562000000,2026-09-05T07:56:22.289000+00:00,,,640,480
daheng_sn_FDE23080341,722,183743625000000,183743625000000,183743625000000,2026-09-05T07:56:22.384344+00:00,8673,18091087579425,1920,1200
directshow_index_1,735,183743656000000,183743656000000,183743656000000,2026-09-05T07:56:22.385345+00:00,,,640,480
directshow_index_1,736,183743750000000,183743750000000,183743750000000,2026-09-05T07:56:22.473126+00:00,,,640,480
daheng_sn_FDE23080341,723,183743718000000,183743718000000,183743718000000,2026-09-05T07:56:22.480132+00:00,8685,18091179797025,1920,1200
directshow_index_1,737,183743843000000,183743843000000,183743843000000,2026-09-05T07:56:22.566562+00:00,,,640,480
daheng_sn_FDE23080341,724,183743812000000,183743812000000,183743812000000,2026-09-05T07:56:22.570557+00:00,8697,18091272014625,1920,1200
daheng_sn_FDE23080341,725,183743906000000,183743906000000,183743906000000,2026-09-05T07:56:22.658132+00:00,8710,18091371917025,1920,1200
directshow_index_1,738,183743937000000,183743937000000,183743937000000,2026-09-05T07:56:22.659118+00:00,,,640,480
daheng_sn_FDE23080341,726,183744000000000,183744000000000,183744000000000,2026-09-05T07:56:22.758173+00:00,8722,18091464134625,1920,1200
directshow_index_1,739,183744031000000,183744031000000,183744031000000,2026-09-05T07:56:22.759173+00:00,,,640,480
daheng_sn_FDE23080341,727,183744093000000,183744093000000,183744093000000,2026-09-05T07:56:22.841516+00:00,8734,18091556352225,1920,1200
directshow_index_1,740,183744125000000,183744125000000,183744125000000,2026-09-05T07:56:22.850234+00:00,,,640,480
daheng_sn_FDE23080341,728,183744187000000,183744187000000,183744187000000,2026-09-05T07:56:22.941967+00:00,8746,18091648569825,1920,1200
directshow_index_1,741,183744218000000,183744218000000,183744218000000,2026-09-05T07:56:22.942475+00:00,,,640,480
daheng_sn_FDE23080341,729,183744281000000,183744281000000,183744281000000,2026-09-05T07:56:23.036844+00:00,8759,18091748472225,1920,1200
directshow_index_1,742,183744312000000,183744312000000,183744312000000,2026-09-05T07:56:23.039846+00:00,,,640,480
daheng_sn_FDE23080341,730,183744375000000,183744375000000,183744375000000,2026-09-05T07:56:23.128456+00:00,8771,18091840689825,1920,1200
directshow_index_1,743,183744406000000,183744406000000,183744406000000,2026-09-05T07:56:23.131357+00:00,,,640,480
daheng_sn_FDE23080341,731,183744468000000,183744468000000,183744468000000,2026-09-05T07:56:23.219124+00:00,8783,18091932907425,1920,1200
directshow_index_1,744,183744500000000,183744500000000,183744500000000,2026-09-05T07:56:23.222713+00:00,,,640,480
daheng_sn_FDE23080341,732,183744562000000,183744562000000,183744562000000,2026-09-05T07:56:23.310398+00:00,8795,18092025125025,1920,1200
directshow_index_1,745,183744593000000,183744593000000,183744593000000,2026-09-05T07:56:23.314047+00:00,,,640,480
daheng_sn_FDE23080341,733,183744656000000,183744656000000,183744656000000,2026-09-05T07:56:23.406956+00:00,8808,18092125027425,1920,1200
directshow_index_1,746,183744687000000,183744687000000,183744687000000,2026-09-05T07:56:23.411894+00:00,,,640,480
daheng_sn_FDE23080341,734,183744750000000,183744750000000,183744750000000,2026-09-05T07:56:23.497394+00:00,8820,18092217245025,1920,1200
directshow_index_1,747,183744781000000,183744781000000,183744781000000,2026-09-05T07:56:23.502394+00:00,,,640,480
daheng_sn_FDE23080341,735,183744843000000,183744843000000,183744843000000,2026-09-05T07:56:23.599086+00:00,8832,18092309462625,1920,1200
directshow_index_1,748,183744875000000,183744875000000,183744875000000,2026-09-05T07:56:23.601882+00:00,,,640,480
daheng_sn_FDE23080341,736,183744937000000,183744937000000,183744937000000,2026-09-05T07:56:23.682581+00:00,8843,18092393995425,1920,1200
directshow_index_1,749,183744968000000,183744968000000,183744968000000,2026-09-05T07:56:23.693604+00:00,,,640,480
daheng_sn_FDE23080341,737,183745031000000,183745031000000,183745031000000,2026-09-05T07:56:23.781291+00:00,8856,18092493897825,1920,1200
directshow_index_1,750,183745062000000,183745062000000,183745062000000,2026-09-05T07:56:23.785824+00:00,,,640,480
daheng_sn_FDE23080341,738,183745125000000,183745125000000,183745125000000,2026-09-05T07:56:23.871793+00:00,8868,18092586115425,1920,1200
directshow_index_1,751,183745156000000,183745156000000,183745156000000,2026-09-05T07:56:23.877739+00:00,,,640,480
daheng_sn_FDE23080341,739,183745218000000,183745218000000,183745218000000,2026-09-05T07:56:23.967517+00:00,8881,18092686017825,1920,1200
directshow_index_1,752,183745250000000,183745250000000,183745250000000,2026-09-05T07:56:23.975516+00:00,,,640,480
daheng_sn_FDE23080341,740,183745312000000,183745312000000,183745312000000,2026-09-05T07:56:24.056373+00:00,8893,18092778235425,1920,1200
directshow_index_1,753,183745343000000,183745343000000,183745343000000,2026-09-05T07:56:24.065371+00:00,,,640,480
daheng_sn_FDE23080341,741,183745406000000,183745406000000,183745406000000,2026-09-05T07:56:24.150098+00:00,8905,18092870453025,1920,1200
directshow_index_1,754,183745437000000,183745437000000,183745437000000,2026-09-05T07:56:24.163086+00:00,,,640,480
directshow_index_1,755,183745531000000,183745531000000,183745531000000,2026-09-05T07:56:24.254083+00:00,,,640,480
daheng_sn_FDE23080341,742,183745500000000,183745500000000,183745500000000,2026-09-05T07:56:24.262083+00:00,8917,18092962670625,1920,1200
directshow_index_1,756,183745625000000,183745625000000,183745625000000,2026-09-05T07:56:24.353498+00:00,,,640,480
daheng_sn_FDE23080341,743,183745593000000,183745593000000,183745593000000,2026-09-05T07:56:24.363497+00:00,8929,18093054888225,1920,1200
daheng_sn_FDE23080341,744,183745687000000,183745687000000,183745687000000,2026-09-05T07:56:24.444040+00:00,8942,18093154790625,1920,1200
directshow_index_1,757,183745718000000,183745718000000,183745718000000,2026-09-05T07:56:24.445140+00:00,,,640,480
directshow_index_1,758,183745812000000,183745812000000,183745812000000,2026-09-05T07:56:24.533645+00:00,,,640,480
daheng_sn_FDE23080341,745,183745781000000,183745781000000,183745781000000,2026-09-05T07:56:24.541993+00:00,8953,18093239323425,1920,1200
directshow_index_1,759,183745906000000,183745906000000,183745906000000,2026-09-05T07:56:24.632997+00:00,,,640,480
daheng_sn_FDE23080341,746,183745875000000,183745875000000,183745875000000,2026-09-05T07:56:24.641363+00:00,8966,18093339225825,1920,1200
daheng_sn_FDE23080341,747,183745968000000,183745968000000,183745968000000,2026-09-05T07:56:24.721800+00:00,8978,18093431443425,1920,1200
directshow_index_1,760,183746000000000,183746000000000,183746000000000,2026-09-05T07:56:24.733471+00:00,,,640,480
daheng_sn_FDE23080341,748,183746062000000,183746062000000,183746062000000,2026-09-05T07:56:24.820315+00:00,8990,18093523661025,1920,1200
directshow_index_1,761,183746093000000,183746093000000,183746093000000,2026-09-05T07:56:24.820866+00:00,,,640,480
daheng_sn_FDE23080341,749,183746156000000,183746156000000,183746156000000,2026-09-05T07:56:24.908038+00:00,9002,18093615878625,1920,1200
directshow_index_1,762,183746187000000,183746187000000,183746187000000,2026-09-05T07:56:24.913675+00:00,,,640,480
daheng_sn_FDE23080341,750,183746250000000,183746250000000,183746250000000,2026-09-05T07:56:25.004874+00:00,9015,18093715781025,1920,1200
directshow_index_1,763,183746281000000,183746281000000,183746281000000,2026-09-05T07:56:25.006213+00:00,,,640,480
daheng_sn_FDE23080341,751,183746343000000,183746343000000,183746343000000,2026-09-05T07:56:25.098606+00:00,9026,18093800313825,1920,1200
directshow_index_1,764,183746375000000,183746375000000,183746375000000,2026-09-05T07:56:25.099179+00:00,,,640,480
daheng_sn_FDE23080341,752,183746437000000,183746437000000,183746437000000,2026-09-05T07:56:25.189298+00:00,9039,18093900216225,1920,1200
directshow_index_1,765,183746468000000,183746468000000,183746468000000,2026-09-05T07:56:25.193309+00:00,,,640,480
daheng_sn_FDE23080341,753,183746531000000,183746531000000,183746531000000,2026-09-05T07:56:25.287840+00:00,9051,18093992433825,1920,1200
directshow_index_1,766,183746562000000,183746562000000,183746562000000,2026-09-05T07:56:25.287840+00:00,,,640,480
daheng_sn_FDE23080341,754,183746625000000,183746625000000,183746625000000,2026-09-05T07:56:25.378143+00:00,9064,18094092336225,1920,1200
directshow_index_1,767,183746656000000,183746656000000,183746656000000,2026-09-05T07:56:25.379154+00:00,,,640,480
daheng_sn_FDE23080341,755,183746718000000,183746718000000,183746718000000,2026-09-05T07:56:25.473549+00:00,9075,18094176869025,1920,1200
directshow_index_1,768,183746750000000,183746750000000,183746750000000,2026-09-05T07:56:25.473549+00:00,,,640,480
daheng_sn_FDE23080341,756,183746812000000,183746812000000,183746812000000,2026-09-05T07:56:25.566709+00:00,9088,18094276771425,1920,1200
directshow_index_1,769,183746843000000,183746843000000,183746843000000,2026-09-05T07:56:25.567283+00:00,,,640,480
daheng_sn_FDE23080341,757,183746906000000,183746906000000,183746906000000,2026-09-05T07:56:25.657853+00:00,9100,18094368989025,1920,1200
directshow_index_1,770,183746937000000,183746937000000,183746937000000,2026-09-05T07:56:25.660853+00:00,,,640,480
daheng_sn_FDE23080341,758,183747000000000,183747000000000,183747000000000,2026-09-05T07:56:25.750289+00:00,9112,18094461206625,1920,1200
directshow_index_1,771,183747031000000,183747031000000,183747031000000,2026-09-05T07:56:25.753609+00:00,,,640,480
daheng_sn_FDE23080341,759,183747093000000,183747093000000,183747093000000,2026-09-05T07:56:25.844987+00:00,9124,18094553424225,1920,1200
directshow_index_1,772,183747125000000,183747125000000,183747125000000,2026-09-05T07:56:25.850306+00:00,,,640,480
daheng_sn_FDE23080341,760,183747187000000,183747187000000,183747187000000,2026-09-05T07:56:25.939655+00:00,9136,18094645641825,1920,1200
directshow_index_1,773,183747218000000,183747218000000,183747218000000,2026-09-05T07:56:25.942652+00:00,,,640,480
daheng_sn_FDE23080341,761,183747281000000,183747281000000,183747281000000,2026-09-05T07:56:26.035250+00:00,9149,18094745544225,1920,1200
directshow_index_1,774,183747312000000,183747312000000,183747312000000,2026-09-05T07:56:26.039310+00:00,,,640,480
daheng_sn_FDE23080341,762,183747375000000,183747375000000,183747375000000,2026-09-05T07:56:26.127777+00:00,9161,18094837761825,1920,1200
directshow_index_1,775,183747406000000,183747406000000,183747406000000,2026-09-05T07:56:26.130915+00:00,,,640,480
daheng_sn_FDE23080341,763,183747468000000,183747468000000,183747468000000,2026-09-05T07:56:26.224139+00:00,9173,18094929979425,1920,1200
directshow_index_1,776,183747500000000,183747500000000,183747500000000,2026-09-05T07:56:26.225138+00:00,,,640,480
daheng_sn_FDE23080341,764,183747562000000,183747562000000,183747562000000,2026-09-05T07:56:26.316274+00:00,9185,18095022197025,1920,1200
directshow_index_1,777,183747593000000,183747593000000,183747593000000,2026-09-05T07:56:26.318546+00:00,,,640,480
daheng_sn_FDE23080341,765,183747656000000,183747656000000,183747656000000,2026-09-05T07:56:26.411400+00:00,9198,18095122099425,1920,1200
directshow_index_1,778,183747687000000,183747687000000,183747687000000,2026-09-05T07:56:26.411400+00:00,,,640,480
daheng_sn_FDE23080341,766,183747750000000,183747750000000,183747750000000,2026-09-05T07:56:26.503474+00:00,9210,18095214317025,1920,1200
directshow_index_1,779,183747781000000,183747781000000,183747781000000,2026-09-05T07:56:26.504070+00:00,,,640,480
daheng_sn_FDE23080341,767,183747843000000,183747843000000,183747843000000,2026-09-05T07:56:26.590136+00:00,9222,18095306534625,1920,1200
directshow_index_1,780,183747875000000,183747875000000,183747875000000,2026-09-05T07:56:26.595283+00:00,,,640,480
daheng_sn_FDE23080341,768,183747937000000,183747937000000,183747937000000,2026-09-05T07:56:26.675925+00:00,9234,18095398752225,1920,1200
directshow_index_1,781,183747968000000,183747968000000,183747968000000,2026-09-05T07:56:26.691422+00:00,,,640,480
daheng_sn_FDE23080341,769,183748031000000,183748031000000,183748031000000,2026-09-05T07:56:26.772810+00:00,9246,18095490969825,1920,1200
directshow_index_1,782,183748062000000,183748062000000,183748062000000,2026-09-05T07:56:26.781815+00:00,,,640,480
daheng_sn_FDE23080341,770,183748125000000,183748125000000,183748125000000,2026-09-05T07:56:26.871619+00:00,9258,18095583187425,1920,1200
directshow_index_1,783,183748156000000,183748156000000,183748156000000,2026-09-05T07:56:26.877611+00:00,,,640,480
daheng_sn_FDE23080341,771,183748218000000,183748218000000,183748218000000,2026-09-05T07:56:26.960755+00:00,9271,18095683089825,1920,1200
directshow_index_1,784,183748250000000,183748250000000,183748250000000,2026-09-05T07:56:26.973884+00:00,,,640,480
daheng_sn_FDE23080341,772,183748312000000,183748312000000,183748312000000,2026-09-05T07:56:27.057244+00:00,9283,18095775307425,1920,1200
directshow_index_1,785,183748343000000,183748343000000,183748343000000,2026-09-05T07:56:27.065504+00:00,,,640,480
daheng_sn_FDE23080341,773,183748406000000,183748406000000,183748406000000,2026-09-05T07:56:27.148532+00:00,9295,18095867525025,1920,1200
directshow_index_1,786,183748437000000,183748437000000,183748437000000,2026-09-05T07:56:27.160580+00:00,,,640,480
daheng_sn_FDE23080341,774,183748500000000,183748500000000,183748500000000,2026-09-05T07:56:27.246789+00:00,9307,18095959742625,1920,1200
directshow_index_1,787,183748531000000,183748531000000,183748531000000,2026-09-05T07:56:27.250286+00:00,,,640,480
daheng_sn_FDE23080341,775,183748593000000,183748593000000,183748593000000,2026-09-05T07:56:27.335979+00:00,9320,18096059645025,1920,1200
directshow_index_1,788,183748625000000,183748625000000,183748625000000,2026-09-05T07:56:27.349981+00:00,,,640,480
daheng_sn_FDE23080341,776,183748687000000,183748687000000,183748687000000,2026-09-05T07:56:27.434430+00:00,9332,18096151862625,1920,1200
directshow_index_1,789,183748718000000,183748718000000,183748718000000,2026-09-05T07:56:27.440200+00:00,,,640,480
daheng_sn_FDE23080341,777,183748781000000,183748781000000,183748781000000,2026-09-05T07:56:27.529509+00:00,9344,18096244080225,1920,1200
directshow_index_1,790,183748812000000,183748812000000,183748812000000,2026-09-05T07:56:27.536755+00:00,,,640,480
daheng_sn_FDE23080341,778,183748875000000,183748875000000,183748875000000,2026-09-05T07:56:27.621187+00:00,9356,18096336297825,1920,1200
directshow_index_1,791,183748906000000,183748906000000,183748906000000,2026-09-05T07:56:27.629075+00:00,,,640,480
daheng_sn_FDE23080341,779,183748968000000,183748968000000,183748968000000,2026-09-05T07:56:27.709652+00:00,9368,18096428515425,1920,1200
directshow_index_1,792,183749000000000,183749000000000,183749000000000,2026-09-05T07:56:27.720423+00:00,,,640,480
daheng_sn_FDE23080341,780,183749062000000,183749062000000,183749062000000,2026-09-05T07:56:27.810846+00:00,9380,18096520733025,1920,1200
directshow_index_1,793,183749093000000,183749093000000,183749093000000,2026-09-05T07:56:27.816505+00:00,,,640,480
daheng_sn_FDE23080341,781,183749156000000,183749156000000,183749156000000,2026-09-05T07:56:27.916024+00:00,9393,18096620635425,1920,1200
directshow_index_1,794,183749187000000,183749187000000,183749187000000,2026-09-05T07:56:27.916548+00:00,,,640,480
daheng_sn_FDE23080341,782,183749250000000,183749250000000,183749250000000,2026-09-05T07:56:27.992303+00:00,9405,18096712853025,1920,1200
directshow_index_1,795,183749281000000,183749281000000,183749281000000,2026-09-05T07:56:28.006025+00:00,,,640,480
daheng_sn_FDE23080341,783,183749343000000,183749343000000,183749343000000,2026-09-05T07:56:28.094029+00:00,9417,18096805070625,1920,1200
directshow_index_1,796,183749375000000,183749375000000,183749375000000,2026-09-05T07:56:28.097453+00:00,,,640,480
daheng_sn_FDE23080341,784,183749437000000,183749437000000,183749437000000,2026-09-05T07:56:28.177408+00:00,9429,18096897288225,1920,1200
directshow_index_1,797,183749468000000,183749468000000,183749468000000,2026-09-05T07:56:28.188046+00:00,,,640,480
daheng_sn_FDE23080341,785,183749531000000,183749531000000,183749531000000,2026-09-05T07:56:28.271745+00:00,9442,18096997190625,1920,1200
directshow_index_1,798,183749562000000,183749562000000,183749562000000,2026-09-05T07:56:28.284390+00:00,,,640,480
daheng_sn_FDE23080341,786,183749625000000,183749625000000,183749625000000,2026-09-05T07:56:28.367304+00:00,9454,18097089408225,1920,1200
directshow_index_1,799,183749656000000,183749656000000,183749656000000,2026-09-05T07:56:28.380027+00:00,,,640,480
daheng_sn_FDE23080341,787,183749718000000,183749718000000,183749718000000,2026-09-05T07:56:28.465829+00:00,9466,18097181625825,1920,1200
directshow_index_1,800,183749750000000,183749750000000,183749750000000,2026-09-05T07:56:28.475851+00:00,,,640,480
daheng_sn_FDE23080341,788,183749812000000,183749812000000,183749812000000,2026-09-05T07:56:28.555731+00:00,9478,18097273843425,1920,1200
directshow_index_1,801,183749843000000,183749843000000,183749843000000,2026-09-05T07:56:28.569301+00:00,,,640,480
daheng_sn_FDE23080341,789,183749906000000,183749906000000,183749906000000,2026-09-05T07:56:28.645854+00:00,9491,18097373745825,1920,1200
directshow_index_1,802,183749937000000,183749937000000,183749937000000,2026-09-05T07:56:28.659743+00:00,,,640,480
daheng_sn_FDE23080341,790,183750000000000,183750000000000,183750000000000,2026-09-05T07:56:28.742059+00:00,9502,18097458278625,1920,1200
directshow_index_1,803,183750031000000,183750031000000,183750031000000,2026-09-05T07:56:28.755752+00:00,,,640,480
daheng_sn_FDE23080341,791,183750093000000,183750093000000,183750093000000,2026-09-05T07:56:28.841454+00:00,9515,18097558181025,1920,1200
directshow_index_1,804,183750125000000,183750125000000,183750125000000,2026-09-05T07:56:28.847968+00:00,,,640,480
daheng_sn_FDE23080341,792,183750187000000,183750187000000,183750187000000,2026-09-05T07:56:28.934646+00:00,9527,18097650398625,1920,1200
directshow_index_1,805,183750218000000,183750218000000,183750218000000,2026-09-05T07:56:28.943548+00:00,,,640,480
daheng_sn_FDE23080341,793,183750281000000,183750281000000,183750281000000,2026-09-05T07:56:29.028724+00:00,9539,18097742616225,1920,1200
directshow_index_1,806,183750312000000,183750312000000,183750312000000,2026-09-05T07:56:29.036628+00:00,,,640,480
daheng_sn_FDE23080341,794,183750375000000,183750375000000,183750375000000,2026-09-05T07:56:29.122116+00:00,9552,18097842518625,1920,1200
directshow_index_1,807,183750406000000,183750406000000,183750406000000,2026-09-05T07:56:29.127116+00:00,,,640,480
daheng_sn_FDE23080341,795,183750468000000,183750468000000,183750468000000,2026-09-05T07:56:29.212950+00:00,9563,18097927051425,1920,1200
directshow_index_1,808,183750500000000,183750500000000,183750500000000,2026-09-05T07:56:29.223130+00:00,,,640,480
daheng_sn_FDE23080341,796,183750562000000,183750562000000,183750562000000,2026-09-05T07:56:29.314861+00:00,9576,18098026953825,1920,1200
directshow_index_1,809,183750593000000,183750593000000,183750593000000,2026-09-05T07:56:29.316385+00:00,,,640,480
directshow_index_1,810,183750687000000,183750687000000,183750687000000,2026-09-05T07:56:29.408721+00:00,,,640,480
daheng_sn_FDE23080341,797,183750656000000,183750656000000,183750656000000,2026-09-05T07:56:29.418360+00:00,9588,18098119171425,1920,1200
directshow_index_1,811,183750781000000,183750781000000,183750781000000,2026-09-05T07:56:29.504977+00:00,,,640,480
daheng_sn_FDE23080341,798,183750750000000,183750750000000,183750750000000,2026-09-05T07:56:29.515977+00:00,9600,18098211389025,1920,1200
daheng_sn_FDE23080341,799,183750843000000,183750843000000,183750843000000,2026-09-05T07:56:29.592306+00:00,9612,18098303606625,1920,1200
directshow_index_1,812,183750875000000,183750875000000,183750875000000,2026-09-05T07:56:29.595113+00:00,,,640,480
daheng_sn_FDE23080341,800,183750937000000,183750937000000,183750937000000,2026-09-05T07:56:29.686140+00:00,9624,18098395824225,1920,1200
directshow_index_1,813,183750968000000,183750968000000,183750968000000,2026-09-05T07:56:29.690824+00:00,,,640,480
daheng_sn_FDE23080341,801,183751031000000,183751031000000,183751031000000,2026-09-05T07:56:29.782908+00:00,9637,18098495726625,1920,1200
directshow_index_1,814,183751062000000,183751062000000,183751062000000,2026-09-05T07:56:29.787831+00:00,,,640,480
daheng_sn_FDE23080341,802,183751125000000,183751125000000,183751125000000,2026-09-05T07:56:29.869848+00:00,9649,18098587944225,1920,1200
directshow_index_1,815,183751156000000,183751156000000,183751156000000,2026-09-05T07:56:29.878848+00:00,,,640,480
daheng_sn_FDE23080341,803,183751218000000,183751218000000,183751218000000,2026-09-05T07:56:29.962078+00:00,9661,18098680161825,1920,1200
directshow_index_1,816,183751250000000,183751250000000,183751250000000,2026-09-05T07:56:29.970429+00:00,,,640,480
daheng_sn_FDE23080341,804,183751312000000,183751312000000,183751312000000,2026-09-05T07:56:30.058054+00:00,9673,18098772379425,1920,1200
directshow_index_1,817,183751343000000,183751343000000,183751343000000,2026-09-05T07:56:30.068527+00:00,,,640,480
daheng_sn_FDE23080341,805,183751406000000,183751406000000,183751406000000,2026-09-05T07:56:30.152357+00:00,9686,18098872281825,1920,1200
directshow_index_1,818,183751437000000,183751437000000,183751437000000,2026-09-05T07:56:30.160578+00:00,,,640,480
daheng_sn_FDE23080341,806,183751500000000,183751500000000,183751500000000,2026-09-05T07:56:30.244159+00:00,9698,18098964499425,1920,1200
directshow_index_1,819,183751531000000,183751531000000,183751531000000,2026-09-05T07:56:30.257358+00:00,,,640,480
daheng_sn_FDE23080341,807,183751593000000,183751593000000,183751593000000,2026-09-05T07:56:30.336299+00:00,9710,18099056717025,1920,1200
directshow_index_1,820,183751625000000,183751625000000,183751625000000,2026-09-05T07:56:30.346945+00:00,,,640,480
daheng_sn_FDE23080341,808,183751687000000,183751687000000,183751687000000,2026-09-05T07:56:30.437297+00:00,9722,18099148934625,1920,1200
directshow_index_1,821,183751718000000,183751718000000,183751718000000,2026-09-05T07:56:30.440306+00:00,,,640,480
daheng_sn_FDE23080341,809,183751781000000,183751781000000,183751781000000,2026-09-05T07:56:30.528541+00:00,9735,18099248837025,1920,1200
directshow_index_1,822,183751812000000,183751812000000,183751812000000,2026-09-05T07:56:30.537541+00:00,,,640,480
daheng_sn_FDE23080341,810,183751875000000,183751875000000,183751875000000,2026-09-05T07:56:30.622798+00:00,9747,18099341054625,1920,1200
directshow_index_1,823,183751906000000,183751906000000,183751906000000,2026-09-05T07:56:30.627797+00:00,,,640,480
daheng_sn_FDE23080341,811,183751968000000,183751968000000,183751968000000,2026-09-05T07:56:30.714401+00:00,9759,18099433272225,1920,1200
directshow_index_1,824,183752000000000,183752000000000,183752000000000,2026-09-05T07:56:30.724927+00:00,,,640,480
daheng_sn_FDE23080341,812,183752062000000,183752062000000,183752062000000,2026-09-05T07:56:30.808301+00:00,9771,18099525489825,1920,1200
directshow_index_1,825,183752093000000,183752093000000,183752093000000,2026-09-05T07:56:30.815180+00:00,,,640,480
daheng_sn_FDE23080341,813,183752156000000,183752156000000,183752156000000,2026-09-05T07:56:30.901322+00:00,9783,18099617707425,1920,1200
directshow_index_1,826,183752187000000,183752187000000,183752187000000,2026-09-05T07:56:30.908621+00:00,,,640,480
daheng_sn_FDE23080341,814,183752250000000,183752250000000,183752250000000,2026-09-05T07:56:30.995430+00:00,9795,18099709925025,1920,1200
directshow_index_1,827,183752281000000,183752281000000,183752281000000,2026-09-05T07:56:31.000431+00:00,,,640,480
daheng_sn_FDE23080341,815,183752343000000,183752343000000,183752343000000,2026-09-05T07:56:31.096430+00:00,9807,18099802142625,1920,1200
directshow_index_1,828,183752375000000,183752375000000,183752375000000,2026-09-05T07:56:31.104437+00:00,,,640,480
daheng_sn_FDE23080341,816,183752437000000,183752437000000,183752437000000,2026-09-05T07:56:31.180015+00:00,9820,18099902045025,1920,1200
directshow_index_1,829,183752468000000,183752468000000,183752468000000,2026-09-05T07:56:31.188995+00:00,,,640,480
daheng_sn_FDE23080341,817,183752531000000,183752531000000,183752531000000,2026-09-05T07:56:31.277284+00:00,9832,18099994262625,1920,1200
directshow_index_1,830,183752562000000,183752562000000,183752562000000,2026-09-05T07:56:31.286284+00:00,,,640,480
daheng_sn_FDE23080341,818,183752625000000,183752625000000,183752625000000,2026-09-05T07:56:31.367940+00:00,9844,18100086480225,1920,1200
directshow_index_1,831,183752656000000,183752656000000,183752656000000,2026-09-05T07:56:31.377505+00:00,,,640,480
daheng_sn_FDE23080341,819,183752718000000,183752718000000,183752718000000,2026-09-05T07:56:31.462033+00:00,9857,18100186382625,1920,1200
directshow_index_1,832,183752750000000,183752750000000,183752750000000,2026-09-05T07:56:31.474639+00:00,,,640,480
daheng_sn_FDE23080341,820,183752812000000,183752812000000,183752812000000,2026-09-05T07:56:31.553525+00:00,9868,18100270915425,1920,1200
directshow_index_1,833,183752843000000,183752843000000,183752843000000,2026-09-05T07:56:31.564518+00:00,,,640,480
daheng_sn_FDE23080341,821,183752906000000,183752906000000,183752906000000,2026-09-05T07:56:31.647669+00:00,9881,18100370817825,1920,1200
directshow_index_1,834,183752937000000,183752937000000,183752937000000,2026-09-05T07:56:31.660655+00:00,,,640,480
daheng_sn_FDE23080341,822,183753000000000,183753000000000,183753000000000,2026-09-05T07:56:31.743647+00:00,9893,18100463035425,1920,1200
directshow_index_1,835,183753031000000,183753031000000,183753031000000,2026-09-05T07:56:31.754644+00:00,,,640,480
daheng_sn_FDE23080341,823,183753093000000,183753093000000,183753093000000,2026-09-05T07:56:31.840468+00:00,9905,18100555253025,1920,1200
directshow_index_1,836,183753125000000,183753125000000,183753125000000,2026-09-05T07:56:31.845550+00:00,,,640,480
daheng_sn_FDE23080341,824,183753187000000,183753187000000,183753187000000,2026-09-05T07:56:31.939361+00:00,9917,18100647470625,1920,1200
directshow_index_1,837,183753218000000,183753218000000,183753218000000,2026-09-05T07:56:31.942361+00:00,,,640,480
daheng_sn_FDE23080341,825,183753281000000,183753281000000,183753281000000,2026-09-05T07:56:32.026252+00:00,9930,18100747373025,1920,1200
directshow_index_1,838,183753312000000,183753312000000,183753312000000,2026-09-05T07:56:32.036256+00:00,,,640,480
daheng_sn_FDE23080341,826,183753375000000,183753375000000,183753375000000,2026-09-05T07:56:32.125342+00:00,9942,18100839590625,1920,1200
directshow_index_1,839,183753406000000,183753406000000,183753406000000,2026-09-05T07:56:32.127350+00:00,,,640,480
daheng_sn_FDE23080341,827,183753468000000,183753468000000,183753468000000,2026-09-05T07:56:32.210415+00:00,9954,18100931808225,1920,1200
directshow_index_1,840,183753500000000,183753500000000,183753500000000,2026-09-05T07:56:32.221915+00:00,,,640,480
daheng_sn_FDE23080341,828,183753562000000,183753562000000,183753562000000,2026-09-05T07:56:32.308340+00:00,9966,18101024025825,1920,1200
directshow_index_1,841,183753593000000,183753593000000,183753593000000,2026-09-05T07:56:32.319342+00:00,,,640,480
daheng_sn_FDE23080341,829,183753656000000,183753656000000,183753656000000,2026-09-05T07:56:32.403089+00:00,9978,18101116243425,1920,1200
directshow_index_1,842,183753687000000,183753687000000,183753687000000,2026-09-05T07:56:32.411091+00:00,,,640,480
daheng_sn_FDE23080341,830,183753750000000,183753750000000,183753750000000,2026-09-05T07:56:32.495041+00:00,9990,18101208461025,1920,1200
directshow_index_1,843,183753781000000,183753781000000,183753781000000,2026-09-05T07:56:32.502041+00:00,,,640,480
daheng_sn_FDE23080341,831,183753843000000,183753843000000,183753843000000,2026-09-05T07:56:32.585890+00:00,10002,18101300678625,1920,1200
directshow_index_1,844,183753875000000,183753875000000,183753875000000,2026-09-05T07:56:32.598543+00:00,,,640,480
daheng_sn_FDE23080341,832,183753937000000,183753937000000,183753937000000,2026-09-05T07:56:32.684715+00:00,10015,18101400581025,1920,1200
directshow_index_1,845,183753968000000,183753968000000,183753968000000,2026-09-05T07:56:32.689715+00:00,,,640,480
daheng_sn_FDE23080341,833,183754031000000,183754031000000,183754031000000,2026-09-05T07:56:32.775973+00:00,10027,18101492798625,1920,1200
directshow_index_1,846,183754062000000,183754062000000,183754062000000,2026-09-05T07:56:32.786310+00:00,,,640,480
daheng_sn_FDE23080341,834,183754125000000,183754125000000,183754125000000,2026-09-05T07:56:32.864237+00:00,10040,18101592701025,1920,1200
directshow_index_1,847,183754156000000,183754156000000,183754156000000,2026-09-05T07:56:32.876504+00:00,,,640,480
daheng_sn_FDE23080341,835,183754218000000,183754218000000,183754218000000,2026-09-05T07:56:32.967844+00:00,10052,18101684918625,1920,1200
directshow_index_1,848,183754250000000,183754250000000,183754250000000,2026-09-05T07:56:32.973844+00:00,,,640,480
daheng_sn_FDE23080341,836,183754312000000,183754312000000,183754312000000,2026-09-05T07:56:33.055559+00:00,10064,18101777136225,1920,1200
directshow_index_1,849,183754343000000,183754343000000,183754343000000,2026-09-05T07:56:33.064193+00:00,,,640,480
daheng_sn_FDE23080341,837,183754406000000,183754406000000,183754406000000,2026-09-05T07:56:33.156351+00:00,10076,18101869353825,1920,1200
directshow_index_1,850,183754437000000,183754437000000,183754437000000,2026-09-05T07:56:33.161871+00:00,,,640,480
daheng_sn_FDE23080341,838,183754500000000,183754500000000,183754500000000,2026-09-05T07:56:33.249164+00:00,10088,18101961571425,1920,1200
directshow_index_1,851,183754531000000,183754531000000,183754531000000,2026-09-05T07:56:33.254685+00:00,,,640,480
daheng_sn_FDE23080341,839,183754593000000,183754593000000,183754593000000,2026-09-05T07:56:33.368708+00:00,10101,18102061473825,1920,1200
directshow_index_1,852,183754625000000,183754640000000,183754632500000,2026-09-05T07:56:33.369708+00:00,,,640,480
directshow_index_1,853,183754718000000,183754718000000,183754718000000,2026-09-05T07:56:33.440134+00:00,,,640,480
daheng_sn_FDE23080341,840,183754687000000,183754687000000,183754687000000,2026-09-05T07:56:33.449313+00:00,10113,18102153691425,1920,1200
daheng_sn_FDE23080341,841,183754781000000,183754781000000,183754781000000,2026-09-05T07:56:33.533997+00:00,10125,18102245909025,1920,1200
directshow_index_1,854,183754812000000,183754812000000,183754812000000,2026-09-05T07:56:33.537981+00:00,,,640,480
daheng_sn_FDE23080341,842,183754875000000,183754875000000,183754875000000,2026-09-05T07:56:33.625359+00:00,10137,18102338126625,1920,1200
directshow_index_1,855,183754906000000,183754906000000,183754906000000,2026-09-05T07:56:33.628360+00:00,,,640,480
daheng_sn_FDE23080341,843,183754968000000,183754968000000,183754968000000,2026-09-05T07:56:33.712335+00:00,10149,18102430344225,1920,1200
directshow_index_1,856,183755000000000,183755000000000,183755000000000,2026-09-05T07:56:33.724371+00:00,,,640,480
daheng_sn_FDE23080341,844,183755062000000,183755062000000,183755062000000,2026-09-05T07:56:33.805847+00:00,10162,18102530246625,1920,1200
directshow_index_1,857,183755093000000,183755093000000,183755093000000,2026-09-05T07:56:33.816128+00:00,,,640,480
daheng_sn_FDE23080341,845,183755156000000,183755156000000,183755156000000,2026-09-05T07:56:33.900033+00:00,10173,18102614779425,1920,1200
directshow_index_1,858,183755187000000,183755187000000,183755187000000,2026-09-05T07:56:33.919686+00:00,,,640,480
daheng_sn_FDE23080341,846,183755250000000,183755250000000,183755250000000,2026-09-05T07:56:33.992771+00:00,10186,18102714681825,1920,1200
directshow_index_1,859,183755281000000,183755281000000,183755281000000,2026-09-05T07:56:34.003275+00:00,,,640,480
daheng_sn_FDE23080341,847,183755343000000,183755343000000,183755343000000,2026-09-05T07:56:34.093025+00:00,10198,18102806899425,1920,1200
directshow_index_1,860,183755375000000,183755375000000,183755375000000,2026-09-05T07:56:34.100023+00:00,,,640,480
daheng_sn_FDE23080341,848,183755437000000,183755437000000,183755437000000,2026-09-05T07:56:34.189469+00:00,10210,18102899117025,1920,1200
directshow_index_1,861,183755468000000,183755468000000,183755468000000,2026-09-05T07:56:34.193371+00:00,,,640,480
daheng_sn_FDE23080341,849,183755531000000,183755531000000,183755531000000,2026-09-05T07:56:34.276645+00:00,10222,18102991334625,1920,1200
directshow_index_1,862,183755562000000,183755562000000,183755562000000,2026-09-05T07:56:34.284385+00:00,,,640,480
daheng_sn_FDE23080341,850,183755625000000,183755625000000,183755625000000,2026-09-05T07:56:34.369417+00:00,10235,18103091237025,1920,1200
directshow_index_1,863,183755656000000,183755656000000,183755656000000,2026-09-05T07:56:34.381497+00:00,,,640,480
daheng_sn_FDE23080341,851,183755718000000,183755718000000,183755718000000,2026-09-05T07:56:34.466824+00:00,10247,18103183454625,1920,1200
directshow_index_1,864,183755750000000,183755750000000,183755750000000,2026-09-05T07:56:34.473820+00:00,,,640,480
daheng_sn_FDE23080341,852,183755812000000,183755812000000,183755812000000,2026-09-05T07:56:34.560062+00:00,10259,18103275672225,1920,1200
directshow_index_1,865,183755843000000,183755843000000,183755843000000,2026-09-05T07:56:34.565254+00:00,,,640,480
daheng_sn_FDE23080341,853,183755906000000,183755906000000,183755906000000,2026-09-05T07:56:34.653110+00:00,10271,18103367889825,1920,1200
directshow_index_1,866,183755937000000,183755937000000,183755937000000,2026-09-05T07:56:34.661428+00:00,,,640,480
daheng_sn_FDE23080341,854,183756000000000,183756000000000,183756000000000,2026-09-05T07:56:34.750301+00:00,10283,18103460107425,1920,1200
directshow_index_1,867,183756031000000,183756031000000,183756031000000,2026-09-05T07:56:34.751293+00:00,,,640,480
daheng_sn_FDE23080341,855,183756093000000,183756093000000,183756093000000,2026-09-05T07:56:34.836155+00:00,10295,18103552325025,1920,1200
directshow_index_1,868,183756125000000,183756125000000,183756125000000,2026-09-05T07:56:34.846114+00:00,,,640,480
daheng_sn_FDE23080341,856,183756187000000,183756187000000,183756187000000,2026-09-05T07:56:34.934026+00:00,10307,18103644542625,1920,1200
directshow_index_1,869,183756218000000,183756218000000,183756218000000,2026-09-05T07:56:34.942687+00:00,,,640,480
daheng_sn_FDE23080341,857,183756281000000,183756281000000,183756281000000,2026-09-05T07:56:35.027734+00:00,10320,18103744445025,1920,1200
directshow_index_1,870,183756312000000,183756312000000,183756312000000,2026-09-05T07:56:35.031734+00:00,,,640,480
daheng_sn_FDE23080341,858,183756375000000,183756375000000,183756375000000,2026-09-05T07:56:35.122700+00:00,10332,18103836662625,1920,1200
directshow_index_1,871,183756406000000,183756406000000,183756406000000,2026-09-05T07:56:35.127344+00:00,,,640,480
daheng_sn_FDE23080341,859,183756468000000,183756468000000,183756468000000,2026-09-05T07:56:35.215310+00:00,10345,18103936565025,1920,1200
directshow_index_1,872,183756500000000,183756500000000,183756500000000,2026-09-05T07:56:35.224596+00:00,,,640,480
daheng_sn_FDE23080341,860,183756562000000,183756562000000,183756562000000,2026-09-05T07:56:35.308992+00:00,10356,18104021097825,1920,1200
directshow_index_1,873,183756593000000,183756593000000,183756593000000,2026-09-05T07:56:35.315993+00:00,,,640,480
daheng_sn_FDE23080341,861,183756656000000,183756656000000,183756656000000,2026-09-05T07:56:35.404593+00:00,10369,18104121000225,1920,1200
directshow_index_1,874,183756687000000,183756687000000,183756687000000,2026-09-05T07:56:35.412606+00:00,,,640,480
daheng_sn_FDE23080341,862,183756750000000,183756750000000,183756750000000,2026-09-05T07:56:35.506620+00:00,10381,18104213217825,1920,1200
directshow_index_1,875,183756781000000,183756781000000,183756781000000,2026-09-05T07:56:35.507707+00:00,,,640,480
daheng_sn_FDE23080341,863,183756843000000,183756843000000,183756843000000,2026-09-05T07:56:35.584869+00:00,10394,18104313120225,1920,1200
directshow_index_1,876,183756875000000,183756875000000,183756875000000,2026-09-05T07:56:35.597870+00:00,,,640,480
daheng_sn_FDE23080341,864,183756937000000,183756937000000,183756937000000,2026-09-05T07:56:35.682015+00:00,10405,18104397653025,1920,1200
directshow_index_1,877,183756968000000,183756968000000,183756968000000,2026-09-05T07:56:35.693125+00:00,,,640,480
daheng_sn_FDE23080341,865,183757031000000,183757031000000,183757031000000,2026-09-05T07:56:35.774336+00:00,10418,18104497555425,1920,1200
directshow_index_1,878,183757062000000,183757062000000,183757062000000,2026-09-05T07:56:35.783602+00:00,,,640,480
daheng_sn_FDE23080341,866,183757125000000,183757125000000,183757125000000,2026-09-05T07:56:35.870494+00:00,10429,18104582088225,1920,1200
directshow_index_1,879,183757156000000,183757156000000,183757156000000,2026-09-05T07:56:35.875495+00:00,,,640,480
daheng_sn_FDE23080341,867,183757218000000,183757218000000,183757218000000,2026-09-05T07:56:35.961038+00:00,10442,18104681990625,1920,1200
directshow_index_1,880,183757250000000,183757250000000,183757250000000,2026-09-05T07:56:35.972505+00:00,,,640,480
daheng_sn_FDE23080341,868,183757312000000,183757312000000,183757312000000,2026-09-05T07:56:36.063701+00:00,10454,18104774208225,1920,1200
directshow_index_1,881,183757343000000,183757343000000,183757343000000,2026-09-05T07:56:36.066356+00:00,,,640,480
daheng_sn_FDE23080341,869,183757406000000,183757406000000,183757406000000,2026-09-05T07:56:36.163237+00:00,10466,18104866425825,1920,1200
directshow_index_1,882,183757437000000,183757437000000,183757437000000,2026-09-05T07:56:36.164243+00:00,,,640,480
daheng_sn_FDE23080341,870,183757500000000,183757500000000,183757500000000,2026-09-05T07:56:36.238233+00:00,10479,18104966328225,1920,1200
directshow_index_1,883,183757531000000,183757531000000,183757531000000,2026-09-05T07:56:36.254291+00:00,,,640,480
daheng_sn_FDE23080341,871,183757593000000,183757593000000,183757593000000,2026-09-05T07:56:36.335826+00:00,10491,18105058545825,1920,1200
directshow_index_1,884,183757625000000,183757625000000,183757625000000,2026-09-05T07:56:36.344826+00:00,,,640,480
daheng_sn_FDE23080341,872,183757687000000,183757687000000,183757687000000,2026-09-05T07:56:36.440355+00:00,10503,18105150763425,1920,1200
directshow_index_1,885,183757718000000,183757718000000,183757718000000,2026-09-05T07:56:36.444881+00:00,,,640,480
daheng_sn_FDE23080341,873,183757781000000,183757781000000,183757781000000,2026-09-05T07:56:36.523966+00:00,10515,18105242981025,1920,1200
directshow_index_1,886,183757812000000,183757812000000,183757812000000,2026-09-05T07:56:36.534584+00:00,,,640,480
daheng_sn_FDE23080341,874,183757875000000,183757875000000,183757875000000,2026-09-05T07:56:36.616688+00:00,10527,18105335198625,1920,1200
directshow_index_1,887,183757906000000,183757906000000,183757906000000,2026-09-05T07:56:36.626203+00:00,,,640,480
daheng_sn_FDE23080341,875,183757968000000,183757968000000,183757968000000,2026-09-05T07:56:36.709054+00:00,10540,18105435101025,1920,1200
directshow_index_1,888,183758000000000,183758000000000,183758000000000,2026-09-05T07:56:36.724263+00:00,,,640,480
daheng_sn_FDE23080341,876,183758062000000,183758062000000,183758062000000,2026-09-05T07:56:36.803824+00:00,10551,18105519633825,1920,1200
directshow_index_1,889,183758093000000,183758093000000,183758093000000,2026-09-05T07:56:36.813149+00:00,,,640,480
daheng_sn_FDE23080341,877,183758156000000,183758156000000,183758156000000,2026-09-05T07:56:36.898214+00:00,10564,18105619536225,1920,1200
directshow_index_1,890,183758187000000,183758187000000,183758187000000,2026-09-05T07:56:36.909493+00:00,,,640,480
daheng_sn_FDE23080341,878,183758250000000,183758250000000,183758250000000,2026-09-05T07:56:37.000046+00:00,10576,18105711753825,1920,1200
directshow_index_1,891,183758281000000,183758281000000,183758281000000,2026-09-05T07:56:37.005545+00:00,,,640,480
daheng_sn_FDE23080341,879,183758343000000,183758343000000,183758343000000,2026-09-05T07:56:37.083111+00:00,10589,18105811656225,1920,1200
directshow_index_1,892,183758375000000,183758375000000,183758375000000,2026-09-05T07:56:37.096274+00:00,,,640,480
daheng_sn_FDE23080341,880,183758437000000,183758437000000,183758437000000,2026-09-05T07:56:37.178508+00:00,10600,18105896189025,1920,1200
directshow_index_1,893,183758468000000,183758468000000,183758468000000,2026-09-05T07:56:37.192440+00:00,,,640,480
daheng_sn_FDE23080341,881,183758546000000,183758546000000,183758546000000,2026-09-05T07:56:37.287641+00:00,10612,18105988406625,1920,1200
directshow_index_1,894,183758562000000,183758562000000,183758562000000,2026-09-05T07:56:37.288640+00:00,,,640,480
directshow_index_1,895,183758656000000,183758656000000,183758656000000,2026-09-05T07:56:37.380712+00:00,,,640,480
daheng_sn_FDE23080341,882,183758640000000,183758640000000,183758640000000,2026-09-05T07:56:37.382390+00:00,10625,18106088309025,1920,1200
directshow_index_1,896,183758750000000,183758750000000,183758750000000,2026-09-05T07:56:37.471167+00:00,,,640,480
daheng_sn_FDE23080341,883,183758734000000,183758734000000,183758734000000,2026-09-05T07:56:37.493540+00:00,10637,18106180526625,1920,1200
directshow_index_1,897,183758843000000,183758843000000,183758843000000,2026-09-05T07:56:37.570269+00:00,,,640,480
daheng_sn_FDE23080341,884,183758828000000,183758828000000,183758828000000,2026-09-05T07:56:37.583804+00:00,10649,18106272744225,1920,1200
directshow_index_1,898,183758937000000,183758937000000,183758937000000,2026-09-05T07:56:37.664493+00:00,,,640,480
daheng_sn_FDE23080341,885,183758921000000,183758921000000,183758921000000,2026-09-05T07:56:37.685030+00:00,10662,18106372646625,1920,1200
directshow_index_1,899,183759031000000,183759031000000,183759031000000,2026-09-05T07:56:37.758044+00:00,,,640,480
daheng_sn_FDE23080341,886,183759015000000,183759015000000,183759015000000,2026-09-05T07:56:37.772256+00:00,10673,18106457179425,1920,1200
directshow_index_1,900,183759125000000,183759125000000,183759125000000,2026-09-05T07:56:37.850131+00:00,,,640,480
daheng_sn_FDE23080341,887,183759109000000,183759109000000,183759109000000,2026-09-05T07:56:37.861127+00:00,10686,18106557081825,1920,1200
directshow_index_1,901,183759218000000,183759218000000,183759218000000,2026-09-05T07:56:37.943363+00:00,,,640,480
daheng_sn_FDE23080341,888,183759203000000,183759203000000,183759203000000,2026-09-05T07:56:37.949573+00:00,10698,18106649299425,1920,1200
directshow_index_1,902,183759312000000,183759312000000,183759312000000,2026-09-05T07:56:38.034911+00:00,,,640,480
daheng_sn_FDE23080341,889,183759296000000,183759296000000,183759296000000,2026-09-05T07:56:38.046917+00:00,10711,18106749201825,1920,1200
directshow_index_1,903,183759406000000,183759406000000,183759406000000,2026-09-05T07:56:38.131719+00:00,,,640,480
daheng_sn_FDE23080341,890,183759390000000,183759390000000,183759390000000,2026-09-05T07:56:38.134726+00:00,10722,18106833734625,1920,1200
directshow_index_1,904,183759500000000,183759500000000,183759500000000,2026-09-05T07:56:38.224472+00:00,,,640,480
daheng_sn_FDE23080341,891,183759484000000,183759484000000,183759484000000,2026-09-05T07:56:38.229727+00:00,10735,18106933637025,1920,1200
directshow_index_1,905,183759593000000,183759593000000,183759593000000,2026-09-05T07:56:38.313991+00:00,,,640,480
daheng_sn_FDE23080341,892,183759578000000,183759578000000,183759578000000,2026-09-05T07:56:38.325599+00:00,10749,18107041224225,1920,1200
directshow_index_1,906,183759687000000,183759687000000,183759687000000,2026-09-05T07:56:38.413820+00:00,,,640,480
daheng_sn_FDE23080341,893,183759671000000,183759671000000,183759671000000,2026-09-05T07:56:38.423468+00:00,10761,18107133441825,1920,1200
directshow_index_1,907,183759781000000,183759781000000,183759781000000,2026-09-05T07:56:38.505143+00:00,,,640,480
daheng_sn_FDE23080341,894,183759765000000,183759765000000,183759765000000,2026-09-05T07:56:38.513308+00:00,10774,18107233344225,1920,1200
directshow_index_1,908,183759875000000,183759875000000,183759875000000,2026-09-05T07:56:38.596196+00:00,,,640,480
daheng_sn_FDE23080341,895,183759859000000,183759859000000,183759859000000,2026-09-05T07:56:38.608824+00:00,10785,18107317877025,1920,1200
directshow_index_1,909,183759968000000,183759968000000,183759968000000,2026-09-05T07:56:38.694131+00:00,,,640,480
daheng_sn_FDE23080341,896,183759953000000,183759953000000,183759953000000,2026-09-05T07:56:38.705130+00:00,10798,18107417779425,1920,1200
directshow_index_1,910,183760062000000,183760062000000,183760062000000,2026-09-05T07:56:38.786425+00:00,,,640,480
daheng_sn_FDE23080341,897,183760046000000,183760046000000,183760046000000,2026-09-05T07:56:38.798753+00:00,10810,18107509997025,1920,1200
directshow_index_1,911,183760156000000,183760156000000,183760156000000,2026-09-05T07:56:38.878328+00:00,,,640,480
daheng_sn_FDE23080341,898,183760140000000,183760140000000,183760140000000,2026-09-05T07:56:38.892077+00:00,10823,18107609899425,1920,1200
directshow_index_1,912,183760250000000,183760250000000,183760250000000,2026-09-05T07:56:38.971189+00:00,,,640,480
daheng_sn_FDE23080341,899,183760234000000,183760234000000,183760234000000,2026-09-05T07:56:38.982644+00:00,10834,18107694432225,1920,1200
directshow_index_1,913,183760343000000,183760343000000,183760343000000,2026-09-05T07:56:39.069059+00:00,,,640,480
daheng_sn_FDE23080341,900,183760328000000,183760328000000,183760328000000,2026-09-05T07:56:39.090084+00:00,10847,18107794334625,1920,1200
directshow_index_1,914,183760437000000,183760437000000,183760437000000,2026-09-05T07:56:39.159483+00:00,,,640,480
daheng_sn_FDE23080341,901,183760421000000,183760421000000,183760421000000,2026-09-05T07:56:39.170333+00:00,10858,18107878867425,1920,1200
directshow_index_1,915,183760531000000,183760531000000,183760531000000,2026-09-05T07:56:39.259163+00:00,,,640,480
daheng_sn_FDE23080341,902,183760515000000,183760515000000,183760515000000,2026-09-05T07:56:39.266415+00:00,10871,18107978769825,1920,1200
directshow_index_1,916,183760625000000,183760625000000,183760625000000,2026-09-05T07:56:39.350584+00:00,,,640,480
daheng_sn_FDE23080341,903,183760609000000,183760609000000,183760609000000,2026-09-05T07:56:39.358540+00:00,10883,18108070987425,1920,1200
directshow_index_1,917,183760718000000,183760718000000,183760718000000,2026-09-05T07:56:39.443743+00:00,,,640,480
daheng_sn_FDE23080341,904,183760703000000,183760703000000,183760703000000,2026-09-05T07:56:39.466342+00:00,10895,18108163205025,1920,1200
directshow_index_1,918,183760812000000,183760812000000,183760812000000,2026-09-05T07:56:39.534436+00:00,,,640,480
daheng_sn_FDE23080341,905,183760796000000,183760796000000,183760796000000,2026-09-05T07:56:39.549155+00:00,10907,18108255422625,1920,1200
directshow_index_1,919,183760906000000,183760906000000,183760906000000,2026-09-05T07:56:39.631503+00:00,,,640,480
daheng_sn_FDE23080341,906,183760890000000,183760890000000,183760890000000,2026-09-05T07:56:39.641053+00:00,10920,18108355325025,1920,1200
directshow_index_1,920,183761000000000,183761000000000,183761000000000,2026-09-05T07:56:39.723935+00:00,,,640,480
daheng_sn_FDE23080341,907,183760984000000,183760984000000,183760984000000,2026-09-05T07:56:39.731742+00:00,10932,18108447542625,1920,1200
directshow_index_1,921,183761093000000,183761093000000,183761093000000,2026-09-05T07:56:39.814604+00:00,,,640,480
daheng_sn_FDE23080341,908,183761078000000,183761078000000,183761078000000,2026-09-05T07:56:39.831694+00:00,10944,18108539760225,1920,1200
directshow_index_1,922,183761187000000,183761187000000,183761187000000,2026-09-05T07:56:39.912598+00:00,,,640,480
daheng_sn_FDE23080341,909,183761171000000,183761171000000,183761171000000,2026-09-05T07:56:39.923039+00:00,10956,18108631977825,1920,1200
directshow_index_1,923,183761281000000,183761281000000,183761281000000,2026-09-05T07:56:40.004544+00:00,,,640,480
daheng_sn_FDE23080341,910,183761265000000,183761265000000,183761265000000,2026-09-05T07:56:40.027091+00:00,10968,18108724195425,1920,1200
directshow_index_1,924,183761375000000,183761375000000,183761375000000,2026-09-05T07:56:40.095249+00:00,,,640,480
daheng_sn_FDE23080341,911,183761359000000,183761359000000,183761359000000,2026-09-05T07:56:40.108559+00:00,10981,18108824097825,1920,1200
directshow_index_1,925,183761468000000,183761468000000,183761468000000,2026-09-05T07:56:40.192646+00:00,,,640,480
daheng_sn_FDE23080341,912,183761453000000,183761453000000,183761453000000,2026-09-05T07:56:40.198970+00:00,10993,18108916315425,1920,1200
directshow_index_1,926,183761562000000,183761562000000,183761562000000,2026-09-05T07:56:40.283692+00:00,,,640,480
daheng_sn_FDE23080341,913,183761546000000,183761546000000,183761546000000,2026-09-05T07:56:40.298744+00:00,11005,18109008533025,1920,1200
directshow_index_1,927,183761656000000,183761656000000,183761656000000,2026-09-05T07:56:40.383500+00:00,,,640,480
daheng_sn_FDE23080341,914,183761640000000,183761640000000,183761640000000,2026-09-05T07:56:40.393369+00:00,11017,18109100750625,1920,1200
directshow_index_1,928,183761750000000,183761750000000,183761750000000,2026-09-05T07:56:40.473874+00:00,,,640,480
daheng_sn_FDE23080341,915,183761734000000,183761734000000,183761734000000,2026-09-05T07:56:40.486344+00:00,11030,18109200653025,1920,1200
daheng_sn_FDE23080341,916,183761828000000,183761828000000,183761828000000,2026-09-05T07:56:40.578561+00:00,11042,18109292870625,1920,1200
directshow_index_1,929,183761843000000,183761843000000,183761843000000,2026-09-05T07:56:40.579112+00:00,,,640,480
directshow_index_1,930,183761937000000,183761937000000,183761937000000,2026-09-05T07:56:40.662849+00:00,,,640,480
daheng_sn_FDE23080341,917,183761921000000,183761921000000,183761921000000,2026-09-05T07:56:40.673229+00:00,11054,18109385088225,1920,1200
directshow_index_1,931,183762031000000,183762031000000,183762031000000,2026-09-05T07:56:40.753777+00:00,,,640,480
daheng_sn_FDE23080341,918,183762015000000,183762015000000,183762015000000,2026-09-05T07:56:40.766348+00:00,11066,18109477305825,1920,1200
directshow_index_1,932,183762125000000,183762125000000,183762125000000,2026-09-05T07:56:40.846834+00:00,,,640,480
daheng_sn_FDE23080341,919,183762109000000,183762109000000,183762109000000,2026-09-05T07:56:40.859934+00:00,11079,18109577208225,1920,1200
directshow_index_1,933,183762218000000,183762218000000,183762218000000,2026-09-05T07:56:40.941874+00:00,,,640,480
daheng_sn_FDE23080341,920,183762203000000,183762203000000,183762203000000,2026-09-05T07:56:40.956142+00:00,11091,18109669425825,1920,1200
directshow_index_1,934,183762312000000,183762312000000,183762312000000,2026-09-05T07:56:41.034471+00:00,,,640,480
daheng_sn_FDE23080341,921,183762296000000,183762296000000,183762296000000,2026-09-05T07:56:41.053311+00:00,11103,18109761643425,1920,1200
directshow_index_1,935,183762406000000,183762406000000,183762406000000,2026-09-05T07:56:41.130896+00:00,,,640,480
daheng_sn_FDE23080341,922,183762390000000,183762390000000,183762390000000,2026-09-05T07:56:41.161246+00:00,11115,18109853861025,1920,1200
directshow_index_1,936,183762500000000,183762500000000,183762500000000,2026-09-05T07:56:41.224802+00:00,,,640,480
daheng_sn_FDE23080341,923,183762484000000,183762484000000,183762484000000,2026-09-05T07:56:41.238989+00:00,11127,18109946078625,1920,1200
directshow_index_1,937,183762593000000,183762593000000,183762593000000,2026-09-05T07:56:41.317706+00:00,,,640,480
daheng_sn_FDE23080341,924,183762578000000,183762578000000,183762578000000,2026-09-05T07:56:41.340327+00:00,11139,18110038296225,1920,1200
directshow_index_1,938,183762687000000,183762687000000,183762687000000,2026-09-05T07:56:41.413096+00:00,,,640,480
daheng_sn_FDE23080341,925,183762671000000,183762671000000,183762671000000,2026-09-05T07:56:41.434967+00:00,11151,18110130513825,1920,1200
directshow_index_1,939,183762781000000,183762781000000,183762781000000,2026-09-05T07:56:41.505424+00:00,,,640,480
daheng_sn_FDE23080341,926,183762765000000,183762765000000,183762765000000,2026-09-05T07:56:41.528564+00:00,11164,18110230416225,1920,1200
directshow_index_1,940,183762875000000,183762875000000,183762875000000,2026-09-05T07:56:41.598557+00:00,,,640,480
daheng_sn_FDE23080341,927,183762859000000,183762859000000,183762859000000,2026-09-05T07:56:41.618662+00:00,11176,18110322633825,1920,1200
directshow_index_1,941,183762968000000,183762968000000,183762968000000,2026-09-05T07:56:41.697781+00:00,,,640,480
daheng_sn_FDE23080341,928,183762953000000,183762953000000,183762953000000,2026-09-05T07:56:41.720036+00:00,11188,18110414851425,1920,1200
directshow_index_1,942,183763062000000,183763062000000,183763062000000,2026-09-05T07:56:41.789778+00:00,,,640,480
daheng_sn_FDE23080341,929,183763046000000,183763046000000,183763046000000,2026-09-05T07:56:41.803130+00:00,11200,18110507069025,1920,1200
directshow_index_1,943,183763156000000,183763156000000,183763156000000,2026-09-05T07:56:41.881973+00:00,,,640,480
daheng_sn_FDE23080341,930,183763140000000,183763140000000,183763140000000,2026-09-05T07:56:41.904957+00:00,11212,18110599286625,1920,1200
directshow_index_1,944,183763250000000,183763250000000,183763250000000,2026-09-05T07:56:41.972702+00:00,,,640,480
daheng_sn_FDE23080341,931,183763234000000,183763234000000,183763234000000,2026-09-05T07:56:41.985599+00:00,11224,18110691504225,1920,1200
directshow_index_1,945,183763343000000,183763343000000,183763343000000,2026-09-05T07:56:42.064362+00:00,,,640,480
daheng_sn_FDE23080341,932,183763328000000,183763328000000,183763328000000,2026-09-05T07:56:42.079209+00:00,11237,18110791406625,1920,1200
directshow_index_1,946,183763437000000,183763437000000,183763437000000,2026-09-05T07:56:42.163870+00:00,,,640,480
daheng_sn_FDE23080341,933,183763421000000,183763421000000,183763421000000,2026-09-05T07:56:42.172556+00:00,11249,18110883624225,1920,1200
directshow_index_1,947,183763531000000,183763531000000,183763531000000,2026-09-05T07:56:42.254642+00:00,,,640,480
daheng_sn_FDE23080341,934,183763515000000,183763515000000,183763515000000,2026-09-05T07:56:42.273120+00:00,11261,18110975841825,1920,1200
directshow_index_1,948,183763625000000,183763625000000,183763625000000,2026-09-05T07:56:42.346653+00:00,,,640,480
daheng_sn_FDE23080341,935,183763609000000,183763609000000,183763609000000,2026-09-05T07:56:42.359316+00:00,11274,18111075744225,1920,1200
directshow_index_1,949,183763718000000,183763718000000,183763718000000,2026-09-05T07:56:42.443759+00:00,,,640,480
daheng_sn_FDE23080341,936,183763703000000,183763703000000,183763703000000,2026-09-05T07:56:42.451711+00:00,11286,18111167961825,1920,1200
directshow_index_1,950,183763812000000,183763812000000,183763812000000,2026-09-05T07:56:42.535468+00:00,,,640,480
daheng_sn_FDE23080341,937,183763796000000,183763796000000,183763796000000,2026-09-05T07:56:42.554882+00:00,11298,18111260179425,1920,1200
directshow_index_1,951,183763906000000,183763906000000,183763906000000,2026-09-05T07:56:42.627401+00:00,,,640,480
daheng_sn_FDE23080341,938,183763890000000,183763890000000,183763890000000,2026-09-05T07:56:42.646387+00:00,11311,18111360081825,1920,1200
directshow_index_1,952,183764000000000,183764000000000,183764000000000,2026-09-05T07:56:42.726872+00:00,,,640,480
daheng_sn_FDE23080341,939,183763984000000,183763984000000,183763984000000,2026-09-05T07:56:42.738299+00:00,11322,18111444614625,1920,1200
directshow_index_1,953,183764093000000,183764093000000,183764093000000,2026-09-05T07:56:42.817394+00:00,,,640,480
daheng_sn_FDE23080341,940,183764078000000,183764078000000,183764078000000,2026-09-05T07:56:42.828931+00:00,11335,18111544517025,1920,1200
directshow_index_1,954,183764187000000,183764187000000,183764187000000,2026-09-05T07:56:42.916634+00:00,,,640,480
daheng_sn_FDE23080341,941,183764171000000,183764171000000,183764171000000,2026-09-05T07:56:42.925490+00:00,11346,18111629049825,1920,1200
directshow_index_1,955,183764281000000,183764281000000,183764281000000,2026-09-05T07:56:43.007077+00:00,,,640,480
daheng_sn_FDE23080341,942,183764265000000,183764265000000,183764265000000,2026-09-05T07:56:43.018615+00:00,11359,18111728952225,1920,1200
directshow_index_1,956,183764375000000,183764375000000,183764375000000,2026-09-05T07:56:43.097156+00:00,,,640,480
daheng_sn_FDE23080341,943,183764359000000,183764359000000,183764359000000,2026-09-05T07:56:43.108167+00:00,11371,18111821169825,1920,1200
directshow_index_1,957,183764468000000,183764468000000,183764468000000,2026-09-05T07:56:43.189409+00:00,,,640,480
daheng_sn_FDE23080341,944,183764453000000,183764453000000,183764453000000,2026-09-05T07:56:43.205854+00:00,11383,18111913387425,1920,1200
directshow_index_1,958,183764562000000,183764562000000,183764562000000,2026-09-05T07:56:43.286128+00:00,,,640,480
daheng_sn_FDE23080341,945,183764546000000,183764546000000,183764546000000,2026-09-05T07:56:43.293557+00:00,11396,18112013289825,1920,1200
directshow_index_1,959,183764656000000,183764656000000,183764656000000,2026-09-05T07:56:43.378575+00:00,,,640,480
daheng_sn_FDE23080341,946,183764640000000,183764640000000,183764640000000,2026-09-05T07:56:43.403024+00:00,11407,18112097822625,1920,1200
directshow_index_1,960,183764750000000,183764750000000,183764750000000,2026-09-05T07:56:43.478772+00:00,,,640,480
daheng_sn_FDE23080341,947,183764734000000,183764734000000,183764734000000,2026-09-05T07:56:43.513773+00:00,11420,18112197725025,1920,1200
directshow_index_1,961,183764843000000,183764843000000,183764843000000,2026-09-05T07:56:43.567414+00:00,,,640,480
daheng_sn_FDE23080341,948,183764828000000,183764828000000,183764828000000,2026-09-05T07:56:43.586429+00:00,11433,18112297627425,1920,1200
directshow_index_1,962,183764937000000,183764937000000,183764937000000,2026-09-05T07:56:43.662771+00:00,,,640,480
daheng_sn_FDE23080341,949,183764921000000,183764921000000,183764921000000,2026-09-05T07:56:43.679368+00:00,11445,18112389845025,1920,1200
directshow_index_1,963,183765031000000,183765031000000,183765031000000,2026-09-05T07:56:43.755276+00:00,,,640,480
daheng_sn_FDE23080341,950,183765015000000,183765015000000,183765015000000,2026-09-05T07:56:43.779282+00:00,11457,18112482062625,1920,1200
directshow_index_1,964,183765125000000,183765125000000,183765125000000,2026-09-05T07:56:43.845831+00:00,,,640,480
daheng_sn_FDE23080341,951,183765109000000,183765109000000,183765109000000,2026-09-05T07:56:43.864357+00:00,11469,18112574280225,1920,1200
directshow_index_1,965,183765218000000,183765218000000,183765218000000,2026-09-05T07:56:43.944511+00:00,,,640,480
daheng_sn_FDE23080341,952,183765203000000,183765203000000,183765203000000,2026-09-05T07:56:43.959968+00:00,11481,18112666497825,1920,1200
directshow_index_1,966,183765312000000,183765312000000,183765312000000,2026-09-05T07:56:44.035047+00:00,,,640,480
daheng_sn_FDE23080341,953,183765296000000,183765296000000,183765296000000,2026-09-05T07:56:44.052573+00:00,11493,18112758715425,1920,1200
directshow_index_1,967,183765406000000,183765406000000,183765406000000,2026-09-05T07:56:44.128085+00:00,,,640,480
daheng_sn_FDE23080341,954,183765390000000,183765390000000,183765390000000,2026-09-05T07:56:44.147287+00:00,11505,18112850933025,1920,1200
directshow_index_1,968,183765500000000,183765500000000,183765500000000,2026-09-05T07:56:44.225402+00:00,,,640,480
daheng_sn_FDE23080341,955,183765484000000,183765484000000,183765484000000,2026-09-05T07:56:44.235597+00:00,11518,18112950835425,1920,1200
directshow_index_1,969,183765593000000,183765593000000,183765593000000,2026-09-05T07:56:44.317151+00:00,,,640,480
daheng_sn_FDE23080341,956,183765578000000,183765578000000,183765578000000,2026-09-05T07:56:44.330727+00:00,11530,18113043053025,1920,1200
directshow_index_1,970,183765687000000,183765687000000,183765687000000,2026-09-05T07:56:44.408918+00:00,,,640,480
daheng_sn_FDE23080341,957,183765671000000,183765671000000,183765671000000,2026-09-05T07:56:44.427577+00:00,11542,18113135270625,1920,1200
directshow_index_1,971,183765781000000,183765781000000,183765781000000,2026-09-05T07:56:44.509989+00:00,,,640,480
daheng_sn_FDE23080341,958,183765765000000,183765765000000,183765765000000,2026-09-05T07:56:44.517990+00:00,11555,18113235173025,1920,1200
directshow_index_1,972,183765875000000,183765875000000,183765875000000,2026-09-05T07:56:44.595469+00:00,,,640,480
daheng_sn_FDE23080341,959,183765859000000,183765859000000,183765859000000,2026-09-05T07:56:44.617884+00:00,11566,18113319705825,1920,1200
directshow_index_1,973,183765968000000,183765968000000,183765968000000,2026-09-05T07:56:44.690779+00:00,,,640,480
daheng_sn_FDE23080341,960,183765953000000,183765953000000,183765953000000,2026-09-05T07:56:44.707091+00:00,11579,18113419608225,1920,1200
directshow_index_1,974,183766062000000,183766062000000,183766062000000,2026-09-05T07:56:44.783607+00:00,,,640,480
daheng_sn_FDE23080341,961,183766046000000,183766046000000,183766046000000,2026-09-05T07:56:44.803614+00:00,11591,18113511825825,1920,1200
directshow_index_1,975,183766156000000,183766156000000,183766156000000,2026-09-05T07:56:44.876842+00:00,,,640,480
daheng_sn_FDE23080341,962,183766140000000,183766140000000,183766140000000,2026-09-05T07:56:44.894849+00:00,11603,18113604043425,1920,1200
directshow_index_1,976,183766250000000,183766250000000,183766250000000,2026-09-05T07:56:44.971669+00:00,,,640,480
daheng_sn_FDE23080341,963,183766234000000,183766234000000,183766234000000,2026-09-05T07:56:44.991003+00:00,11615,18113696261025,1920,1200
directshow_index_1,977,183766343000000,183766343000000,183766343000000,2026-09-05T07:56:45.065516+00:00,,,640,480
daheng_sn_FDE23080341,964,183766328000000,183766328000000,183766328000000,2026-09-05T07:56:45.081514+00:00,11627,18113788478625,1920,1200
directshow_index_1,978,183766437000000,183766437000000,183766437000000,2026-09-05T07:56:45.160944+00:00,,,640,480
daheng_sn_FDE23080341,965,183766421000000,183766421000000,183766421000000,2026-09-05T07:56:45.177951+00:00,11639,18113880696225,1920,1200
directshow_index_1,979,183766531000000,183766531000000,183766531000000,2026-09-05T07:56:45.255995+00:00,,,640,480
daheng_sn_FDE23080341,966,183766515000000,183766515000000,183766515000000,2026-09-05T07:56:45.271159+00:00,11651,18113972913825,1920,1200
directshow_index_1,980,183766625000000,183766625000000,183766625000000,2026-09-05T07:56:45.348202+00:00,,,640,480
daheng_sn_FDE23080341,967,183766609000000,183766609000000,183766609000000,2026-09-05T07:56:45.362794+00:00,11664,18114072816225,1920,1200
directshow_index_1,981,183766718000000,183766718000000,183766718000000,2026-09-05T07:56:45.441315+00:00,,,640,480
daheng_sn_FDE23080341,968,183766703000000,183766703000000,183766703000000,2026-09-05T07:56:45.464450+00:00,11676,18114165033825,1920,1200
directshow_index_1,982,183766812000000,183766812000000,183766812000000,2026-09-05T07:56:45.537128+00:00,,,640,480
daheng_sn_FDE23080341,969,183766796000000,183766796000000,183766796000000,2026-09-05T07:56:45.558659+00:00,11688,18114257251425,1920,1200
directshow_index_1,983,183766906000000,183766906000000,183766906000000,2026-09-05T07:56:45.631588+00:00,,,640,480
daheng_sn_FDE23080341,970,183766890000000,183766890000000,183766890000000,2026-09-05T07:56:45.649871+00:00,11701,18114357153825,1920,1200
directshow_index_1,984,183767000000000,183767000000000,183767000000000,2026-09-05T07:56:45.723442+00:00,,,640,480
daheng_sn_FDE23080341,971,183766984000000,183766984000000,183766984000000,2026-09-05T07:56:45.744791+00:00,11713,18114449371425,1920,1200
directshow_index_1,985,183767093000000,183767093000000,183767093000000,2026-09-05T07:56:45.816712+00:00,,,640,480
daheng_sn_FDE23080341,972,183767078000000,183767078000000,183767078000000,2026-09-05T07:56:45.834832+00:00,11725,18114541589025,1920,1200
directshow_index_1,986,183767187000000,183767187000000,183767187000000,2026-09-05T07:56:45.913415+00:00,,,640,480
daheng_sn_FDE23080341,973,183767171000000,183767171000000,183767171000000,2026-09-05T07:56:45.927097+00:00,11737,18114633806625,1920,1200
directshow_index_1,987,183767281000000,183767281000000,183767281000000,2026-09-05T07:56:46.004727+00:00,,,640,480
daheng_sn_FDE23080341,974,183767265000000,183767265000000,183767265000000,2026-09-05T07:56:46.022246+00:00,11750,18114733709025,1920,1200
directshow_index_1,988,183767375000000,183767375000000,183767375000000,2026-09-05T07:56:46.097531+00:00,,,640,480
daheng_sn_FDE23080341,975,183767359000000,183767359000000,183767359000000,2026-09-05T07:56:46.117864+00:00,11761,18114818241825,1920,1200
directshow_index_1,989,183767468000000,183767468000000,183767468000000,2026-09-05T07:56:46.194719+00:00,,,640,480
daheng_sn_FDE23080341,976,183767453000000,183767453000000,183767453000000,2026-09-05T07:56:46.213638+00:00,11774,18114918144225,1920,1200
directshow_index_1,990,183767562000000,183767562000000,183767562000000,2026-09-05T07:56:46.290237+00:00,,,640,480
daheng_sn_FDE23080341,977,183767546000000,183767546000000,183767546000000,2026-09-05T07:56:46.318065+00:00,11786,18115010361825,1920,1200
directshow_index_1,991,183767656000000,183767656000000,183767656000000,2026-09-05T07:56:46.381181+00:00,,,640,480
daheng_sn_FDE23080341,978,183767640000000,183767640000000,183767640000000,2026-09-05T07:56:46.399184+00:00,11798,18115102579425,1920,1200
directshow_index_1,992,183767750000000,183767750000000,183767750000000,2026-09-05T07:56:46.476485+00:00,,,640,480
daheng_sn_FDE23080341,979,183767734000000,183767734000000,183767734000000,2026-09-05T07:56:46.507551+00:00,11811,18115202481825,1920,1200
directshow_index_1,993,183767843000000,183767843000000,183767843000000,2026-09-05T07:56:46.570375+00:00,,,640,480
daheng_sn_FDE23080341,980,183767828000000,183767828000000,183767828000000,2026-09-05T07:56:46.587014+00:00,11823,18115294699425,1920,1200
directshow_index_1,994,183767937000000,183767937000000,183767937000000,2026-09-05T07:56:46.663536+00:00,,,640,480
daheng_sn_FDE23080341,981,183767921000000,183767921000000,183767921000000,2026-09-05T07:56:46.681544+00:00,11835,18115386917025,1920,1200
directshow_index_1,995,183768031000000,183768031000000,183768031000000,2026-09-05T07:56:46.757325+00:00,,,640,480
daheng_sn_FDE23080341,982,183768015000000,183768015000000,183768015000000,2026-09-05T07:56:46.772332+00:00,11847,18115479134625,1920,1200
directshow_index_1,996,183768125000000,183768125000000,183768125000000,2026-09-05T07:56:46.849405+00:00,,,640,480
daheng_sn_FDE23080341,983,183768109000000,183768109000000,183768109000000,2026-09-05T07:56:46.874209+00:00,11859,18115571352225,1920,1200
directshow_index_1,997,183768218000000,183768218000000,183768218000000,2026-09-05T07:56:46.940753+00:00,,,640,480
daheng_sn_FDE23080341,984,183768203000000,183768203000000,183768203000000,2026-09-05T07:56:46.958766+00:00,11871,18115663569825,1920,1200
directshow_index_1,998,183768312000000,183768312000000,183768312000000,2026-09-05T07:56:47.038433+00:00,,,640,480
daheng_sn_FDE23080341,985,183768296000000,183768296000000,183768296000000,2026-09-05T07:56:47.060407+00:00,11883,18115755787425,1920,1200
directshow_index_1,999,183768406000000,183768406000000,183768406000000,2026-09-05T07:56:47.131383+00:00,,,640,480
daheng_sn_FDE23080341,986,183768390000000,183768390000000,183768390000000,2026-09-05T07:56:47.154478+00:00,11895,18115848005025,1920,1200
directshow_index_1,1000,183768500000000,183768500000000,183768500000000,2026-09-05T07:56:47.228715+00:00,,,640,480
daheng_sn_FDE23080341,987,183768484000000,183768484000000,183768484000000,2026-09-05T07:56:47.245232+00:00,11908,18115947907425,1920,1200
directshow_index_1,1001,183768593000000,183768593000000,183768593000000,2026-09-05T07:56:47.320949+00:00,,,640,480
daheng_sn_FDE23080341,988,183768578000000,183768578000000,183768578000000,2026-09-05T07:56:47.340961+00:00,11920,18116040125025,1920,1200
directshow_index_1,1002,183768687000000,183768687000000,183768687000000,2026-09-05T07:56:47.412658+00:00,,,640,480
daheng_sn_FDE23080341,989,183768671000000,183768671000000,183768671000000,2026-09-05T07:56:47.438652+00:00,11932,18116132342625,1920,1200
directshow_index_1,1003,183768781000000,183768781000000,183768781000000,2026-09-05T07:56:47.505503+00:00,,,640,480
daheng_sn_FDE23080341,990,183768765000000,183768765000000,183768765000000,2026-09-05T07:56:47.524506+00:00,11944,18116224560225,1920,1200
directshow_index_1,1004,183768875000000,183768875000000,183768875000000,2026-09-05T07:56:47.597233+00:00,,,640,480
daheng_sn_FDE23080341,991,183768859000000,183768859000000,183768859000000,2026-09-05T07:56:47.614476+00:00,11957,18116324462625,1920,1200
directshow_index_1,1005,183768968000000,183768968000000,183768968000000,2026-09-05T07:56:47.690636+00:00,,,640,480
daheng_sn_FDE23080341,992,183768953000000,183768953000000,183768953000000,2026-09-05T07:56:47.713636+00:00,11969,18116416680225,1920,1200
directshow_index_1,1006,183769062000000,183769062000000,183769062000000,2026-09-05T07:56:47.783135+00:00,,,640,480
daheng_sn_FDE23080341,993,183769046000000,183769046000000,183769046000000,2026-09-05T07:56:47.805857+00:00,11981,18116508897825,1920,1200
directshow_index_1,1007,183769156000000,183769156000000,183769156000000,2026-09-05T07:56:47.883356+00:00,,,640,480
daheng_sn_FDE23080341,994,183769140000000,183769140000000,183769140000000,2026-09-05T07:56:47.895014+00:00,11993,18116601115425,1920,1200
directshow_index_1,1008,183769250000000,183769250000000,183769250000000,2026-09-05T07:56:47.973527+00:00,,,640,480
daheng_sn_FDE23080341,995,183769234000000,183769234000000,183769234000000,2026-09-05T07:56:47.998208+00:00,12005,18116693333025,1920,1200
directshow_index_1,1009,183769343000000,183769343000000,183769343000000,2026-09-05T07:56:48.069481+00:00,,,640,480
daheng_sn_FDE23080341,996,183769328000000,183769328000000,183769328000000,2026-09-05T07:56:48.086483+00:00,12017,18116785550625,1920,1200
directshow_index_1,1010,183769437000000,183769437000000,183769437000000,2026-09-05T07:56:48.161919+00:00,,,640,480
daheng_sn_FDE23080341,997,183769421000000,183769421000000,183769421000000,2026-09-05T07:56:48.176235+00:00,12030,18116885453025,1920,1200
directshow_index_1,1011,183769531000000,183769531000000,183769531000000,2026-09-05T07:56:48.253673+00:00,,,640,480
daheng_sn_FDE23080341,998,183769515000000,183769515000000,183769515000000,2026-09-05T07:56:48.272171+00:00,12042,18116977670625,1920,1200
directshow_index_1,1012,183769625000000,183769625000000,183769625000000,2026-09-05T07:56:48.347229+00:00,,,640,480
daheng_sn_FDE23080341,999,183769609000000,183769609000000,183769609000000,2026-09-05T07:56:48.366236+00:00,12054,18117069888225,1920,1200
directshow_index_1,1013,183769718000000,183769718000000,183769718000000,2026-09-05T07:56:48.447341+00:00,,,640,480
daheng_sn_FDE23080341,1000,183769703000000,183769703000000,183769703000000,2026-09-05T07:56:48.466838+00:00,12066,18117162105825,1920,1200
directshow_index_1,1014,183769812000000,183769812000000,183769812000000,2026-09-05T07:56:48.544376+00:00,,,640,480
daheng_sn_FDE23080341,1001,183769796000000,183769796000000,183769796000000,2026-09-05T07:56:48.566375+00:00,12079,18117262008225,1920,1200
directshow_index_1,1015,183769906000000,183769906000000,183769906000000,2026-09-05T07:56:48.634401+00:00,,,640,480
daheng_sn_FDE23080341,1002,183769890000000,183769890000000,183769890000000,2026-09-05T07:56:48.648820+00:00,12091,18117354225825,1920,1200
directshow_index_1,1016,183770000000000,183770000000000,183770000000000,2026-09-05T07:56:48.726651+00:00,,,640,480
daheng_sn_FDE23080341,1003,183769984000000,183769984000000,183769984000000,2026-09-05T07:56:48.739518+00:00,12103,18117446443425,1920,1200
directshow_index_1,1017,183770093000000,183770093000000,183770093000000,2026-09-05T07:56:48.818450+00:00,,,640,480
daheng_sn_FDE23080341,1004,183770078000000,183770078000000,183770078000000,2026-09-05T07:56:48.842529+00:00,12115,18117538661025,1920,1200
directshow_index_1,1018,183770187000000,183770187000000,183770187000000,2026-09-05T07:56:48.911803+00:00,,,640,480
daheng_sn_FDE23080341,1005,183770171000000,183770171000000,183770171000000,2026-09-05T07:56:48.931334+00:00,12127,18117630878625,1920,1200
directshow_index_1,1019,183770281000000,183770281000000,183770281000000,2026-09-05T07:56:49.004206+00:00,,,640,480
daheng_sn_FDE23080341,1006,183770265000000,183770265000000,183770265000000,2026-09-05T07:56:49.034342+00:00,12140,18117730781025,1920,1200
directshow_index_1,1020,183770375000000,183770375000000,183770375000000,2026-09-05T07:56:49.097467+00:00,,,640,480
daheng_sn_FDE23080341,1007,183770359000000,183770359000000,183770359000000,2026-09-05T07:56:49.121528+00:00,12152,18117822998625,1920,1200
directshow_index_1,1021,183770468000000,183770468000000,183770468000000,2026-09-05T07:56:49.194685+00:00,,,640,480
daheng_sn_FDE23080341,1008,183770453000000,183770453000000,183770453000000,2026-09-05T07:56:49.210317+00:00,12164,18117915216225,1920,1200
directshow_index_1,1022,183770562000000,183770562000000,183770562000000,2026-09-05T07:56:49.286988+00:00,,,640,480
daheng_sn_FDE23080341,1009,183770546000000,183770546000000,183770546000000,2026-09-05T07:56:49.300136+00:00,12176,18118007433825,1920,1200
directshow_index_1,1023,183770656000000,183770656000000,183770656000000,2026-09-05T07:56:49.378436+00:00,,,640,480
daheng_sn_FDE23080341,1010,183770640000000,183770640000000,183770640000000,2026-09-05T07:56:49.398033+00:00,12188,18118099651425,1920,1200
directshow_index_1,1024,183770750000000,183770750000000,183770750000000,2026-09-05T07:56:49.475723+00:00,,,640,480
daheng_sn_FDE23080341,1011,183770734000000,183770734000000,183770734000000,2026-09-05T07:56:49.486852+00:00,12201,18118199553825,1920,1200
directshow_index_1,1025,183770843000000,183770843000000,183770843000000,2026-09-05T07:56:49.567337+00:00,,,640,480
daheng_sn_FDE23080341,1012,183770828000000,183770828000000,183770828000000,2026-09-05T07:56:49.580311+00:00,12213,18118291771425,1920,1200
directshow_index_1,1026,183770937000000,183770937000000,183770937000000,2026-09-05T07:56:49.659244+00:00,,,640,480
daheng_sn_FDE23080341,1013,183770921000000,183770921000000,183770921000000,2026-09-05T07:56:49.674857+00:00,12225,18118383989025,1920,1200
directshow_index_1,1027,183771031000000,183771031000000,183771031000000,2026-09-05T07:56:49.752728+00:00,,,640,480
daheng_sn_FDE23080341,1014,183771015000000,183771015000000,183771015000000,2026-09-05T07:56:49.770938+00:00,12237,18118476206625,1920,1200
directshow_index_1,1028,183771125000000,183771125000000,183771125000000,2026-09-05T07:56:49.854365+00:00,,,640,480
daheng_sn_FDE23080341,1015,183771109000000,183771109000000,183771109000000,2026-09-05T07:56:49.866125+00:00,12250,18118576109025,1920,1200
directshow_index_1,1029,183771218000000,183771218000000,183771218000000,2026-09-05T07:56:49.942202+00:00,,,640,480
daheng_sn_FDE23080341,1016,183771203000000,183771203000000,183771203000000,2026-09-05T07:56:49.961543+00:00,12261,18118660641825,1920,1200
directshow_index_1,1030,183771312000000,183771312000000,183771312000000,2026-09-05T07:56:50.033945+00:00,,,640,480
daheng_sn_FDE23080341,1017,183771296000000,183771296000000,183771296000000,2026-09-05T07:56:50.048479+00:00,12274,18118760544225,1920,1200
directshow_index_1,1031,183771406000000,183771406000000,183771406000000,2026-09-05T07:56:50.133402+00:00,,,640,480
daheng_sn_FDE23080341,1018,183771390000000,183771390000000,183771390000000,2026-09-05T07:56:50.140655+00:00,12287,18118860446625,1920,1200
directshow_index_1,1032,183771500000000,183771500000000,183771500000000,2026-09-05T07:56:50.236112+00:00,,,640,480
daheng_sn_FDE23080341,1019,183771484000000,183771500000000,183771492000000,2026-09-05T07:56:50.259241+00:00,12298,18118944979425,1920,1200
directshow_index_1,1033,183771593000000,183771593000000,183771593000000,2026-09-05T07:56:50.318456+00:00,,,640,480
daheng_sn_FDE23080341,1020,183771578000000,183771578000000,183771578000000,2026-09-05T07:56:50.354005+00:00,12310,18119037197025,1920,1200
directshow_index_1,1034,183771687000000,183771687000000,183771687000000,2026-09-05T07:56:50.414622+00:00,,,640,480
daheng_sn_FDE23080341,1021,183771671000000,183771671000000,183771671000000,2026-09-05T07:56:50.446141+00:00,12323,18119137099425,1920,1200
directshow_index_1,1035,183771781000000,183771781000000,183771781000000,2026-09-05T07:56:50.507387+00:00,,,640,480
daheng_sn_FDE23080341,1022,183771765000000,183771765000000,183771765000000,2026-09-05T07:56:50.523387+00:00,12335,18119229317025,1920,1200
directshow_index_1,1036,183771875000000,183771875000000,183771875000000,2026-09-05T07:56:50.600866+00:00,,,640,480
daheng_sn_FDE23080341,1023,183771859000000,183771859000000,183771859000000,2026-09-05T07:56:50.626069+00:00,12347,18119321534625,1920,1200
directshow_index_1,1037,183771968000000,183771968000000,183771968000000,2026-09-05T07:56:50.696118+00:00,,,640,480
daheng_sn_FDE23080341,1024,183771953000000,183771953000000,183771953000000,2026-09-05T07:56:50.712172+00:00,12359,18119413752225,1920,1200
daheng_sn_FDE23080341,1025,183772046000000,183772046000000,183772046000000,2026-09-05T07:56:50.806245+00:00,12372,18119513654625,1920,1200
directshow_index_1,1038,183772062000000,183772078000000,183772070000000,2026-09-05T07:56:50.806245+00:00,,,640,480
directshow_index_1,1039,183772156000000,183772156000000,183772156000000,2026-09-05T07:56:50.880511+00:00,,,640,480
daheng_sn_FDE23080341,1026,183772140000000,183772140000000,183772140000000,2026-09-05T07:56:50.903946+00:00,12384,18119605872225,1920,1200
directshow_index_1,1040,183772250000000,183772250000000,183772250000000,2026-09-05T07:56:50.974007+00:00,,,640,480
daheng_sn_FDE23080341,1027,183772234000000,183772234000000,183772234000000,2026-09-05T07:56:50.997635+00:00,12396,18119698089825,1920,1200
directshow_index_1,1041,183772343000000,183772343000000,183772343000000,2026-09-05T07:56:51.065258+00:00,,,640,480
daheng_sn_FDE23080341,1028,183772328000000,183772328000000,183772328000000,2026-09-05T07:56:51.088712+00:00,12408,18119790307425,1920,1200
directshow_index_1,1042,183772437000000,183772437000000,183772437000000,2026-09-05T07:56:51.159431+00:00,,,640,480
daheng_sn_FDE23080341,1029,183772421000000,183772421000000,183772421000000,2026-09-05T07:56:51.178466+00:00,12420,18119882525025,1920,1200
directshow_index_1,1043,183772531000000,183772531000000,183772531000000,2026-09-05T07:56:51.252647+00:00,,,640,480
daheng_sn_FDE23080341,1030,183772515000000,183772515000000,183772515000000,2026-09-05T07:56:51.277997+00:00,12434,18119990112225,1920,1200
directshow_index_1,1044,183772625000000,183772625000000,183772625000000,2026-09-05T07:56:51.348995+00:00,,,640,480
daheng_sn_FDE23080341,1031,183772609000000,183772609000000,183772609000000,2026-09-05T07:56:51.371644+00:00,12445,18120074645025,1920,1200
directshow_index_1,1045,183772718000000,183772718000000,183772718000000,2026-09-05T07:56:51.448738+00:00,,,640,480
daheng_sn_FDE23080341,1032,183772703000000,183772703000000,183772703000000,2026-09-05T07:56:51.468847+00:00,12457,18120166862625,1920,1200
directshow_index_1,1046,183772812000000,183772812000000,183772812000000,2026-09-05T07:56:51.536883+00:00,,,640,480
daheng_sn_FDE23080341,1033,183772796000000,183772796000000,183772796000000,2026-09-05T07:56:51.561438+00:00,12469,18120259080225,1920,1200
directshow_index_1,1047,183772906000000,183772906000000,183772906000000,2026-09-05T07:56:51.629082+00:00,,,640,480
daheng_sn_FDE23080341,1034,183772890000000,183772890000000,183772890000000,2026-09-05T07:56:51.654614+00:00,12482,18120358982625,1920,1200
directshow_index_1,1048,183773000000000,183773000000000,183773000000000,2026-09-05T07:56:51.721087+00:00,,,640,480
daheng_sn_FDE23080341,1035,183772984000000,183772984000000,183772984000000,2026-09-05T07:56:51.740930+00:00,12494,18120451200225,1920,1200
directshow_index_1,1049,183773093000000,183773093000000,183773093000000,2026-09-05T07:56:51.818760+00:00,,,640,480
daheng_sn_FDE23080341,1036,183773078000000,183773078000000,183773078000000,2026-09-05T07:56:51.854208+00:00,12506,18120543417825,1920,1200
directshow_index_1,1050,183773187000000,183773187000000,183773187000000,2026-09-05T07:56:51.910383+00:00,,,640,480
daheng_sn_FDE23080341,1037,183773171000000,183773171000000,183773171000000,2026-09-05T07:56:51.938530+00:00,12518,18120635635425,1920,1200
directshow_index_1,1051,183773281000000,183773281000000,183773281000000,2026-09-05T07:56:52.003553+00:00,,,640,480
daheng_sn_FDE23080341,1038,183773265000000,183773265000000,183773265000000,2026-09-05T07:56:52.027959+00:00,12530,18120727853025,1920,1200
directshow_index_1,1052,183773375000000,183773375000000,183773375000000,2026-09-05T07:56:52.101924+00:00,,,640,480
daheng_sn_FDE23080341,1039,183773359000000,183773359000000,183773359000000,2026-09-05T07:56:52.128925+00:00,12543,18120827755425,1920,1200
directshow_index_1,1053,183773468000000,183773468000000,183773468000000,2026-09-05T07:56:52.198665+00:00,,,640,480
daheng_sn_FDE23080341,1040,183773453000000,183773453000000,183773453000000,2026-09-05T07:56:52.222666+00:00,12555,18120919973025,1920,1200
directshow_index_1,1054,183773562000000,183773562000000,183773562000000,2026-09-05T07:56:52.285927+00:00,,,640,480
daheng_sn_FDE23080341,1041,183773546000000,183773546000000,183773546000000,2026-09-05T07:56:52.308926+00:00,12567,18121012190625,1920,1200
directshow_index_1,1055,183773656000000,183773656000000,183773656000000,2026-09-05T07:56:52.380474+00:00,,,640,480
daheng_sn_FDE23080341,1042,183773640000000,183773640000000,183773640000000,2026-09-05T07:56:52.405054+00:00,12579,18121104408225,1920,1200
directshow_index_1,1056,183773750000000,183773750000000,183773750000000,2026-09-05T07:56:52.476445+00:00,,,640,480
daheng_sn_FDE23080341,1043,183773734000000,183773734000000,183773734000000,2026-09-05T07:56:52.495446+00:00,12591,18121196625825,1920,1200
directshow_index_1,1057,183773843000000,183773843000000,183773843000000,2026-09-05T07:56:52.570364+00:00,,,640,480
daheng_sn_FDE23080341,1044,183773828000000,183773828000000,183773828000000,2026-09-05T07:56:52.605665+00:00,12603,18121288843425,1920,1200
directshow_index_1,1058,183773937000000,183773937000000,183773937000000,2026-09-05T07:56:52.666587+00:00,,,640,480
daheng_sn_FDE23080341,1045,183773921000000,183773921000000,183773921000000,2026-09-05T07:56:52.690869+00:00,12616,18121388745825,1920,1200
directshow_index_1,1059,183774031000000,183774031000000,183774031000000,2026-09-05T07:56:52.759497+00:00,,,640,480
daheng_sn_FDE23080341,1046,183774015000000,183774015000000,183774015000000,2026-09-05T07:56:52.777408+00:00,12627,18121473278625,1920,1200
directshow_index_1,1060,183774125000000,183774125000000,183774125000000,2026-09-05T07:56:52.851873+00:00,,,640,480
daheng_sn_FDE23080341,1047,183774109000000,183774109000000,183774109000000,2026-09-05T07:56:52.872272+00:00,12640,18121573181025,1920,1200
directshow_index_1,1061,183774218000000,183774218000000,183774218000000,2026-09-05T07:56:52.943978+00:00,,,640,480
daheng_sn_FDE23080341,1048,183774203000000,183774203000000,183774203000000,2026-09-05T07:56:52.970790+00:00,12652,18121665398625,1920,1200
directshow_index_1,1062,183774312000000,183774312000000,183774312000000,2026-09-05T07:56:53.036687+00:00,,,640,480
daheng_sn_FDE23080341,1049,183774296000000,183774296000000,183774296000000,2026-09-05T07:56:53.064209+00:00,12665,18121765301025,1920,1200
directshow_index_1,1063,183774406000000,183774406000000,183774406000000,2026-09-05T07:56:53.129558+00:00,,,640,480
daheng_sn_FDE23080341,1050,183774390000000,183774390000000,183774390000000,2026-09-05T07:56:53.155606+00:00,12677,18121857518625,1920,1200
directshow_index_1,1064,183774500000000,183774500000000,183774500000000,2026-09-05T07:56:53.221919+00:00,,,640,480
daheng_sn_FDE23080341,1051,183774484000000,183774484000000,183774484000000,2026-09-05T07:56:53.243330+00:00,12689,18121949736225,1920,1200
directshow_index_1,1065,183774593000000,183774593000000,183774593000000,2026-09-05T07:56:53.314912+00:00,,,640,480
daheng_sn_FDE23080341,1052,183774578000000,183774578000000,183774578000000,2026-09-05T07:56:53.339339+00:00,12701,18122041953825,1920,1200
directshow_index_1,1066,183774687000000,183774687000000,183774687000000,2026-09-05T07:56:53.420461+00:00,,,640,480
daheng_sn_FDE23080341,1053,183774671000000,183774671000000,183774671000000,2026-09-05T07:56:53.438090+00:00,12713,18122134171425,1920,1200
directshow_index_1,1067,183774781000000,183774781000000,183774781000000,2026-09-05T07:56:53.506164+00:00,,,640,480
daheng_sn_FDE23080341,1054,183774765000000,183774765000000,183774765000000,2026-09-05T07:56:53.530589+00:00,12725,18122226389025,1920,1200
directshow_index_1,1068,183774875000000,183774875000000,183774875000000,2026-09-05T07:56:53.600207+00:00,,,640,480
daheng_sn_FDE23080341,1055,183774859000000,183774859000000,183774859000000,2026-09-05T07:56:53.633392+00:00,12738,18122326291425,1920,1200
directshow_index_1,1069,183774968000000,183774968000000,183774968000000,2026-09-05T07:56:53.704019+00:00,,,640,480
daheng_sn_FDE23080341,1056,183774953000000,183774953000000,183774953000000,2026-09-05T07:56:53.732009+00:00,12749,18122410824225,1920,1200
directshow_index_1,1070,183775062000000,183775062000000,183775062000000,2026-09-05T07:56:53.789875+00:00,,,640,480
daheng_sn_FDE23080341,1057,183775046000000,183775046000000,183775046000000,2026-09-05T07:56:53.809525+00:00,12762,18122510726625,1920,1200
directshow_index_1,1071,183775156000000,183775156000000,183775156000000,2026-09-05T07:56:53.882222+00:00,,,640,480
daheng_sn_FDE23080341,1058,183775140000000,183775140000000,183775140000000,2026-09-05T07:56:53.903799+00:00,12774,18122602944225,1920,1200
directshow_index_1,1072,183775250000000,183775250000000,183775250000000,2026-09-05T07:56:53.975373+00:00,,,640,480
daheng_sn_FDE23080341,1059,183775234000000,183775234000000,183775234000000,2026-09-05T07:56:53.992374+00:00,12787,18122702846625,1920,1200
directshow_index_1,1073,183775343000000,183775343000000,183775343000000,2026-09-05T07:56:54.070518+00:00,,,640,480
daheng_sn_FDE23080341,1060,183775328000000,183775328000000,183775328000000,2026-09-05T07:56:54.093816+00:00,12799,18122795064225,1920,1200
directshow_index_1,1074,183775437000000,183775437000000,183775437000000,2026-09-05T07:56:54.160213+00:00,,,640,480
daheng_sn_FDE23080341,1061,183775421000000,183775421000000,183775421000000,2026-09-05T07:56:54.186996+00:00,12811,18122887281825,1920,1200
directshow_index_1,1075,183775531000000,183775531000000,183775531000000,2026-09-05T07:56:54.268566+00:00,,,640,480
daheng_sn_FDE23080341,1062,183775515000000,183775515000000,183775515000000,2026-09-05T07:56:54.280827+00:00,12823,18122979499425,1920,1200
directshow_index_1,1076,183775625000000,183775625000000,183775625000000,2026-09-05T07:56:54.351007+00:00,,,640,480
daheng_sn_FDE23080341,1063,183775609000000,183775609000000,183775609000000,2026-09-05T07:56:54.367674+00:00,12835,18123071717025,1920,1200
directshow_index_1,1077,183775718000000,183775718000000,183775718000000,2026-09-05T07:56:54.444458+00:00,,,640,480
daheng_sn_FDE23080341,1064,183775703000000,183775703000000,183775703000000,2026-09-05T07:56:54.466598+00:00,12848,18123171619425,1920,1200
directshow_index_1,1078,183775812000000,183775812000000,183775812000000,2026-09-05T07:56:54.538793+00:00,,,640,480
daheng_sn_FDE23080341,1065,183775796000000,183775796000000,183775796000000,2026-09-05T07:56:54.564462+00:00,12860,18123263837025,1920,1200
directshow_index_1,1079,183775906000000,183775906000000,183775906000000,2026-09-05T07:56:54.635103+00:00,,,640,480
daheng_sn_FDE23080341,1066,183775890000000,183775890000000,183775890000000,2026-09-05T07:56:54.651284+00:00,12872,18123356054625,1920,1200
directshow_index_1,1080,183776000000000,183776000000000,183776000000000,2026-09-05T07:56:54.727018+00:00,,,640,480
daheng_sn_FDE23080341,1067,183775984000000,183775984000000,183775984000000,2026-09-05T07:56:54.743831+00:00,12884,18123448272225,1920,1200
directshow_index_1,1081,183776093000000,183776093000000,183776093000000,2026-09-05T07:56:54.820657+00:00,,,640,480
daheng_sn_FDE23080341,1068,183776078000000,183776078000000,183776078000000,2026-09-05T07:56:54.845729+00:00,12896,18123540489825,1920,1200
directshow_index_1,1082,183776187000000,183776187000000,183776187000000,2026-09-05T07:56:54.910916+00:00,,,640,480
daheng_sn_FDE23080341,1069,183776171000000,183776171000000,183776171000000,2026-09-05T07:56:54.935156+00:00,12909,18123640392225,1920,1200
directshow_index_1,1083,183776281000000,183776281000000,183776281000000,2026-09-05T07:56:55.005753+00:00,,,640,480
daheng_sn_FDE23080341,1070,183776265000000,183776265000000,183776265000000,2026-09-05T07:56:55.030030+00:00,12920,18123724925025,1920,1200
directshow_index_1,1084,183776375000000,183776375000000,183776375000000,2026-09-05T07:56:55.097996+00:00,,,640,480
daheng_sn_FDE23080341,1071,183776359000000,183776359000000,183776359000000,2026-09-05T07:56:55.121271+00:00,12933,18123824827425,1920,1200
directshow_index_1,1085,183776468000000,183776468000000,183776468000000,2026-09-05T07:56:55.194570+00:00,,,640,480
daheng_sn_FDE23080341,1072,183776453000000,183776453000000,183776453000000,2026-09-05T07:56:55.218832+00:00,12945,18123917045025,1920,1200
directshow_index_1,1086,183776562000000,183776562000000,183776562000000,2026-09-05T07:56:55.286345+00:00,,,640,480
daheng_sn_FDE23080341,1073,183776546000000,183776546000000,183776546000000,2026-09-05T07:56:55.308270+00:00,12957,18124009262625,1920,1200
directshow_index_1,1087,183776656000000,183776656000000,183776656000000,2026-09-05T07:56:55.378114+00:00,,,640,480
daheng_sn_FDE23080341,1074,183776640000000,183776640000000,183776640000000,2026-09-05T07:56:55.406801+00:00,12969,18124101480225,1920,1200
directshow_index_1,1088,183776750000000,183776750000000,183776750000000,2026-09-05T07:56:55.473266+00:00,,,640,480
daheng_sn_FDE23080341,1075,183776734000000,183776734000000,183776734000000,2026-09-05T07:56:55.497844+00:00,12981,18124193697825,1920,1200
directshow_index_1,1089,183776843000000,183776843000000,183776843000000,2026-09-05T07:56:55.565728+00:00,,,640,480
daheng_sn_FDE23080341,1076,183776828000000,183776828000000,183776828000000,2026-09-05T07:56:55.587245+00:00,12994,18124293600225,1920,1200
directshow_index_1,1090,183776937000000,183776937000000,183776937000000,2026-09-05T07:56:55.660814+00:00,,,640,480
daheng_sn_FDE23080341,1077,183776921000000,183776921000000,183776921000000,2026-09-05T07:56:55.684023+00:00,13006,18124385817825,1920,1200
directshow_index_1,1091,183777031000000,183777031000000,183777031000000,2026-09-05T07:56:55.753131+00:00,,,640,480
daheng_sn_FDE23080341,1078,183777015000000,183777015000000,183777015000000,2026-09-05T07:56:55.773362+00:00,13018,18124478035425,1920,1200
directshow_index_1,1092,183777125000000,183777125000000,183777125000000,2026-09-05T07:56:55.851081+00:00,,,640,480
daheng_sn_FDE23080341,1079,183777109000000,183777109000000,183777109000000,2026-09-05T07:56:55.866485+00:00,13030,18124570253025,1920,1200
directshow_index_1,1093,183777218000000,183777218000000,183777218000000,2026-09-05T07:56:55.942040+00:00,,,640,480
daheng_sn_FDE23080341,1080,183777203000000,183777203000000,183777203000000,2026-09-05T07:56:55.967373+00:00,13043,18124670155425,1920,1200
directshow_index_1,1094,183777312000000,183777312000000,183777312000000,2026-09-05T07:56:56.036248+00:00,,,640,480
daheng_sn_FDE23080341,1081,183777296000000,183777296000000,183777296000000,2026-09-05T07:56:56.066312+00:00,13055,18124762373025,1920,1200
directshow_index_1,1095,183777406000000,183777406000000,183777406000000,2026-09-05T07:56:56.130884+00:00,,,640,480
daheng_sn_FDE23080341,1082,183777390000000,183777390000000,183777390000000,2026-09-05T07:56:56.173696+00:00,13067,18124854590625,1920,1200
directshow_index_1,1096,183777500000000,183777500000000,183777500000000,2026-09-05T07:56:56.219825+00:00,,,640,480
daheng_sn_FDE23080341,1083,183777484000000,183777484000000,183777484000000,2026-09-05T07:56:56.241826+00:00,13080,18124954493025,1920,1200
directshow_index_1,1097,183777593000000,183777593000000,183777593000000,2026-09-05T07:56:56.317524+00:00,,,640,480
daheng_sn_FDE23080341,1084,183777578000000,183777578000000,183777578000000,2026-09-05T07:56:56.349697+00:00,13091,18125039025825,1920,1200
directshow_index_1,1098,183777687000000,183777687000000,183777687000000,2026-09-05T07:56:56.412328+00:00,,,640,480
daheng_sn_FDE23080341,1085,183777671000000,183777671000000,183777671000000,2026-09-05T07:56:56.440094+00:00,13104,18125138928225,1920,1200
directshow_index_1,1099,183777781000000,183777781000000,183777781000000,2026-09-05T07:56:56.520801+00:00,,,640,480
daheng_sn_FDE23080341,1086,183777765000000,183777765000000,183777765000000,2026-09-05T07:56:56.562135+00:00,13116,18125231145825,1920,1200
directshow_index_1,1100,183777875000000,183777875000000,183777875000000,2026-09-05T07:56:56.600674+00:00,,,640,480
daheng_sn_FDE23080341,1087,183777859000000,183777859000000,183777859000000,2026-09-05T07:56:56.636696+00:00,13128,18125323363425,1920,1200
directshow_index_1,1101,183777968000000,183777968000000,183777968000000,2026-09-05T07:56:56.697633+00:00,,,640,480
daheng_sn_FDE23080341,1088,183777953000000,183777953000000,183777953000000,2026-09-05T07:56:56.727205+00:00,13140,18125415581025,1920,1200
directshow_index_1,1102,183778062000000,183778062000000,183778062000000,2026-09-05T07:56:56.788182+00:00,,,640,480
daheng_sn_FDE23080341,1089,183778046000000,183778046000000,183778046000000,2026-09-05T07:56:56.825888+00:00,13152,18125507798625,1920,1200
directshow_index_1,1103,183778156000000,183778156000000,183778156000000,2026-09-05T07:56:56.884352+00:00,,,640,480
daheng_sn_FDE23080341,1090,183778140000000,183778140000000,183778140000000,2026-09-05T07:56:56.914146+00:00,13164,18125600016225,1920,1200
directshow_index_1,1104,183778250000000,183778250000000,183778250000000,2026-09-05T07:56:56.973827+00:00,,,640,480
daheng_sn_FDE23080341,1091,183778234000000,183778234000000,183778234000000,2026-09-05T07:56:57.008844+00:00,13177,18125699918625,1920,1200
directshow_index_1,1105,183778343000000,183778343000000,183778343000000,2026-09-05T07:56:57.071310+00:00,,,640,480
daheng_sn_FDE23080341,1092,183778328000000,183778328000000,183778328000000,2026-09-05T07:56:57.107870+00:00,13189,18125792136225,1920,1200
directshow_index_1,1106,183778437000000,183778437000000,183778437000000,2026-09-05T07:56:57.161598+00:00,,,640,480
daheng_sn_FDE23080341,1093,183778421000000,183778421000000,183778421000000,2026-09-05T07:56:57.194242+00:00,13201,18125884353825,1920,1200
directshow_index_1,1107,183778531000000,183778531000000,183778531000000,2026-09-05T07:56:57.258746+00:00,,,640,480
daheng_sn_FDE23080341,1094,183778515000000,183778515000000,183778515000000,2026-09-05T07:56:57.292279+00:00,13213,18125976571425,1920,1200
directshow_index_1,1108,183778625000000,183778625000000,183778625000000,2026-09-05T07:56:57.351998+00:00,,,640,480
daheng_sn_FDE23080341,1095,183778609000000,183778609000000,183778609000000,2026-09-05T07:56:57.373849+00:00,13226,18126076473825,1920,1200
directshow_index_1,1109,183778718000000,183778718000000,183778718000000,2026-09-05T07:56:57.446867+00:00,,,640,480
daheng_sn_FDE23080341,1096,183778703000000,183778703000000,183778703000000,2026-09-05T07:56:57.473152+00:00,13238,18126168691425,1920,1200
directshow_index_1,1110,183778812000000,183778812000000,183778812000000,2026-09-05T07:56:57.544478+00:00,,,640,480
daheng_sn_FDE23080341,1097,183778796000000,183778796000000,183778796000000,2026-09-05T07:56:57.564151+00:00,13250,18126260909025,1920,1200
directshow_index_1,1111,183778906000000,183778906000000,183778906000000,2026-09-05T07:56:57.633127+00:00,,,640,480
daheng_sn_FDE23080341,1098,183778890000000,183778890000000,183778890000000,2026-09-05T07:56:57.667279+00:00,13262,18126353126625,1920,1200
directshow_index_1,1112,183779000000000,183779000000000,183779000000000,2026-09-05T07:56:57.728951+00:00,,,640,480
daheng_sn_FDE23080341,1099,183778984000000,183778984000000,183778984000000,2026-09-05T07:56:57.760932+00:00,13274,18126445344225,1920,1200
directshow_index_1,1113,183779093000000,183779093000000,183779093000000,2026-09-05T07:56:57.816752+00:00,,,640,480
daheng_sn_FDE23080341,1100,183779078000000,183779078000000,183779078000000,2026-09-05T07:56:57.845765+00:00,13287,18126545246625,1920,1200
directshow_index_1,1114,183779187000000,183779187000000,183779187000000,2026-09-05T07:56:57.917405+00:00,,,640,480
daheng_sn_FDE23080341,1101,183779171000000,183779171000000,183779171000000,2026-09-05T07:56:57.948390+00:00,13298,18126629779425,1920,1200
directshow_index_1,1115,183779281000000,183779281000000,183779281000000,2026-09-05T07:56:58.011373+00:00,,,640,480
daheng_sn_FDE23080341,1102,183779265000000,183779265000000,183779265000000,2026-09-05T07:56:58.039178+00:00,13311,18126729681825,1920,1200
directshow_index_1,1116,183779375000000,183779375000000,183779375000000,2026-09-05T07:56:58.102182+00:00,,,640,480
daheng_sn_FDE23080341,1103,183779359000000,183779359000000,183779359000000,2026-09-05T07:56:58.134406+00:00,13323,18126821899425,1920,1200
directshow_index_1,1117,183779468000000,183779468000000,183779468000000,2026-09-05T07:56:58.197957+00:00,,,640,480
daheng_sn_FDE23080341,1104,183779453000000,183779453000000,183779453000000,2026-09-05T07:56:58.231660+00:00,13335,18126914117025,1920,1200
directshow_index_1,1118,183779562000000,183779562000000,183779562000000,2026-09-05T07:56:58.298868+00:00,,,640,480
daheng_sn_FDE23080341,1105,183779546000000,183779562000000,183779554000000,2026-09-05T07:56:58.347611+00:00,13348,18127014019425,1920,1200
directshow_index_1,1119,183779656000000,183779656000000,183779656000000,2026-09-05T07:56:58.384458+00:00,,,640,480
daheng_sn_FDE23080341,1106,183779640000000,183779640000000,183779640000000,2026-09-05T07:56:58.427282+00:00,13359,18127098552225,1920,1200
directshow_index_1,1120,183779750000000,183779750000000,183779750000000,2026-09-05T07:56:58.477818+00:00,,,640,480
daheng_sn_FDE23080341,1107,183779734000000,183779734000000,183779734000000,2026-09-05T07:56:58.507612+00:00,13372,18127198454625,1920,1200
directshow_index_1,1121,183779843000000,183779843000000,183779843000000,2026-09-05T07:56:58.571257+00:00,,,640,480
daheng_sn_FDE23080341,1108,183779828000000,183779828000000,183779828000000,2026-09-05T07:56:58.607257+00:00,13384,18127290672225,1920,1200
directshow_index_1,1122,183779937000000,183779937000000,183779937000000,2026-09-05T07:56:58.664131+00:00,,,640,480
daheng_sn_FDE23080341,1109,183779921000000,183779921000000,183779921000000,2026-09-05T07:56:58.701193+00:00,13397,18127390574625,1920,1200
directshow_index_1,1123,183780031000000,183780031000000,183780031000000,2026-09-05T07:56:58.758143+00:00,,,640,480
daheng_sn_FDE23080341,1110,183780015000000,183780015000000,183780015000000,2026-09-05T07:56:58.784222+00:00,13409,18127482792225,1920,1200
directshow_index_1,1124,183780125000000,183780140000000,183780132500000,2026-09-05T07:56:58.878045+00:00,,,640,480
daheng_sn_FDE23080341,1111,183780109000000,183780109000000,183780109000000,2026-09-05T07:56:58.887043+00:00,13420,18127567325025,1920,1200
directshow_index_1,1125,183780218000000,183780218000000,183780218000000,2026-09-05T07:56:58.947389+00:00,,,640,480
daheng_sn_FDE23080341,1112,183780203000000,183780203000000,183780203000000,2026-09-05T07:56:58.973278+00:00,13433,18127667227425,1920,1200
directshow_index_1,1126,183780312000000,183780312000000,183780312000000,2026-09-05T07:56:59.049133+00:00,,,640,480
daheng_sn_FDE23080341,1113,183780296000000,183780296000000,183780296000000,2026-09-05T07:56:59.080348+00:00,13445,18127759445025,1920,1200
directshow_index_1,1127,183780406000000,183780406000000,183780406000000,2026-09-05T07:56:59.131416+00:00,,,640,480
daheng_sn_FDE23080341,1114,183780390000000,183780390000000,183780390000000,2026-09-05T07:56:59.169397+00:00,13457,18127851662625,1920,1200
directshow_index_1,1128,183780500000000,183780500000000,183780500000000,2026-09-05T07:56:59.225183+00:00,,,640,480
daheng_sn_FDE23080341,1115,183780484000000,183780484000000,183780484000000,2026-09-05T07:56:59.257386+00:00,13470,18127951565025,1920,1200
directshow_index_1,1129,183780593000000,183780593000000,183780593000000,2026-09-05T07:56:59.325203+00:00,,,640,480
daheng_sn_FDE23080341,1116,183780578000000,183780578000000,183780578000000,2026-09-05T07:56:59.358669+00:00,13482,18128043782625,1920,1200
directshow_index_1,1130,183780687000000,183780687000000,183780687000000,2026-09-05T07:56:59.413327+00:00,,,640,480
daheng_sn_FDE23080341,1117,183780671000000,183780671000000,183780671000000,2026-09-05T07:56:59.445813+00:00,13494,18128136000225,1920,1200
directshow_index_1,1131,183780781000000,183780781000000,183780781000000,2026-09-05T07:56:59.504483+00:00,,,640,480
daheng_sn_FDE23080341,1118,183780765000000,183780765000000,183780765000000,2026-09-05T07:56:59.539450+00:00,13506,18128228217825,1920,1200
directshow_index_1,1132,183780875000000,183780875000000,183780875000000,2026-09-05T07:56:59.600799+00:00,,,640,480
daheng_sn_FDE23080341,1119,183780859000000,183780859000000,183780859000000,2026-09-05T07:56:59.634281+00:00,13519,18128328120225,1920,1200
directshow_index_1,1133,183780968000000,183780968000000,183780968000000,2026-09-05T07:56:59.696990+00:00,,,640,480
daheng_sn_FDE23080341,1120,183780953000000,183780953000000,183780953000000,2026-09-05T07:56:59.719990+00:00,13531,18128420337825,1920,1200
directshow_index_1,1134,183781062000000,183781062000000,183781062000000,2026-09-05T07:56:59.788790+00:00,,,640,480
daheng_sn_FDE23080341,1121,183781046000000,183781046000000,183781046000000,2026-09-05T07:56:59.819700+00:00,13543,18128512555425,1920,1200
directshow_index_1,1135,183781156000000,183781156000000,183781156000000,2026-09-05T07:56:59.883849+00:00,,,640,480
daheng_sn_FDE23080341,1122,183781140000000,183781140000000,183781140000000,2026-09-05T07:56:59.905948+00:00,13556,18128612457825,1920,1200
directshow_index_1,1136,183781250000000,183781250000000,183781250000000,2026-09-05T07:56:59.977532+00:00,,,640,480
daheng_sn_FDE23080341,1123,183781234000000,183781234000000,183781234000000,2026-09-05T07:57:00.009079+00:00,13567,18128696990625,1920,1200
directshow_index_1,1137,183781343000000,183781343000000,183781343000000,2026-09-05T07:57:00.072801+00:00,,,640,480
daheng_sn_FDE23080341,1124,183781328000000,183781328000000,183781328000000,2026-09-05T07:57:00.095817+00:00,13579,18128789208225,1920,1200
directshow_index_1,1138,183781437000000,183781437000000,183781437000000,2026-09-05T07:57:00.161578+00:00,,,640,480
daheng_sn_FDE23080341,1125,183781421000000,183781421000000,183781421000000,2026-09-05T07:57:00.200953+00:00,13592,18128889110625,1920,1200
directshow_index_1,1139,183781531000000,183781531000000,183781531000000,2026-09-05T07:57:00.257359+00:00,,,640,480
daheng_sn_FDE23080341,1126,183781515000000,183781515000000,183781515000000,2026-09-05T07:57:00.282872+00:00,13604,18128981328225,1920,1200
directshow_index_1,1140,183781625000000,183781625000000,183781625000000,2026-09-05T07:57:00.350469+00:00,,,640,480
daheng_sn_FDE23080341,1127,183781609000000,183781609000000,183781609000000,2026-09-05T07:57:00.385240+00:00,13616,18129073545825,1920,1200
directshow_index_1,1141,183781718000000,183781718000000,183781718000000,2026-09-05T07:57:00.452351+00:00,,,640,480
daheng_sn_FDE23080341,1128,183781703000000,183781703000000,183781703000000,2026-09-05T07:57:00.487191+00:00,13628,18129165763425,1920,1200
directshow_index_1,1142,183781812000000,183781812000000,183781812000000,2026-09-05T07:57:00.537186+00:00,,,640,480
daheng_sn_FDE23080341,1129,183781796000000,183781796000000,183781796000000,2026-09-05T07:57:00.568551+00:00,13640,18129257981025,1920,1200
directshow_index_1,1143,183781906000000,183781906000000,183781906000000,2026-09-05T07:57:00.632988+00:00,,,640,480
daheng_sn_FDE23080341,1130,183781890000000,183781890000000,183781890000000,2026-09-05T07:57:00.665051+00:00,13653,18129357883425,1920,1200
directshow_index_1,1144,183782000000000,183782000000000,183782000000000,2026-09-05T07:57:00.724770+00:00,,,640,480
daheng_sn_FDE23080341,1131,183781984000000,183781984000000,183781984000000,2026-09-05T07:57:00.755785+00:00,13664,18129442416225,1920,1200
directshow_index_1,1145,183782093000000,183782093000000,183782093000000,2026-09-05T07:57:00.817167+00:00,,,640,480
daheng_sn_FDE23080341,1132,183782078000000,183782078000000,183782078000000,2026-09-05T07:57:00.841045+00:00,13677,18129542318625,1920,1200
directshow_index_1,1146,183782187000000,183782187000000,183782187000000,2026-09-05T07:57:00.914413+00:00,,,640,480
daheng_sn_FDE23080341,1133,183782171000000,183782171000000,183782171000000,2026-09-05T07:57:00.935155+00:00,13689,18129634536225,1920,1200
directshow_index_1,1147,183782281000000,183782281000000,183782281000000,2026-09-05T07:57:01.005520+00:00,,,640,480
daheng_sn_FDE23080341,1134,183782265000000,183782265000000,183782265000000,2026-09-05T07:57:01.038806+00:00,13701,18129726753825,1920,1200
directshow_index_1,1148,183782375000000,183782375000000,183782375000000,2026-09-05T07:57:01.103059+00:00,,,640,480
daheng_sn_FDE23080341,1135,183782359000000,183782359000000,183782359000000,2026-09-05T07:57:01.136059+00:00,13713,18129818971425,1920,1200
directshow_index_1,1149,183782468000000,183782468000000,183782468000000,2026-09-05T07:57:01.205786+00:00,,,640,480
daheng_sn_FDE23080341,1136,183782453000000,183782453000000,183782453000000,2026-09-05T07:57:01.245454+00:00,13726,18129918873825,1920,1200
directshow_index_1,1150,183782562000000,183782562000000,183782562000000,2026-09-05T07:57:01.288610+00:00,,,640,480
daheng_sn_FDE23080341,1137,183782546000000,183782546000000,183782546000000,2026-09-05T07:57:01.308681+00:00,13738,18130011091425,1920,1200
directshow_index_1,1151,183782656000000,183782656000000,183782656000000,2026-09-05T07:57:01.384774+00:00,,,640,480
daheng_sn_FDE23080341,1138,183782640000000,183782640000000,183782640000000,2026-09-05T07:57:01.409526+00:00,13750,18130103309025,1920,1200
directshow_index_1,1152,183782750000000,183782750000000,183782750000000,2026-09-05T07:57:01.476345+00:00,,,640,480
daheng_sn_FDE23080341,1139,183782734000000,183782734000000,183782734000000,2026-09-05T07:57:01.504627+00:00,13763,18130203211425,1920,1200
directshow_index_1,1153,183782843000000,183782843000000,183782843000000,2026-09-05T07:57:01.570696+00:00,,,640,480
daheng_sn_FDE23080341,1140,183782828000000,183782828000000,183782828000000,2026-09-05T07:57:01.586696+00:00,13774,18130287744225,1920,1200
directshow_index_1,1154,183782937000000,183782937000000,183782937000000,2026-09-05T07:57:01.660786+00:00,,,640,480
daheng_sn_FDE23080341,1141,183782921000000,183782921000000,183782921000000,2026-09-05T07:57:01.688935+00:00,13787,18130387646625,1920,1200
directshow_index_1,1155,183783031000000,183783046000000,183783038500000,2026-09-05T07:57:01.774781+00:00,,,640,480
daheng_sn_FDE23080341,1142,183783015000000,183783031000000,183783023000000,2026-09-05T07:57:01.804789+00:00,13799,18130479864225,1920,1200
directshow_index_1,1156,183783125000000,183783125000000,183783125000000,2026-09-05T07:57:01.849166+00:00,,,640,480
daheng_sn_FDE23080341,1143,183783109000000,183783109000000,183783109000000,2026-09-05T07:57:01.865994+00:00,13811,18130572081825,1920,1200
directshow_index_1,1157,183783218000000,183783218000000,183783218000000,2026-09-05T07:57:01.945839+00:00,,,640,480
daheng_sn_FDE23080341,1144,183783203000000,183783203000000,183783203000000,2026-09-05T07:57:01.975496+00:00,13823,18130664299425,1920,1200
directshow_index_1,1158,183783312000000,183783312000000,183783312000000,2026-09-05T07:57:02.041637+00:00,,,640,480
daheng_sn_FDE23080341,1145,183783296000000,183783296000000,183783296000000,2026-09-05T07:57:02.061479+00:00,13836,18130764201825,1920,1200
directshow_index_1,1159,183783406000000,183783406000000,183783406000000,2026-09-05T07:57:02.130845+00:00,,,640,480
daheng_sn_FDE23080341,1146,183783390000000,183783390000000,183783390000000,2026-09-05T07:57:02.157870+00:00,13848,18130856419425,1920,1200
directshow_index_1,1160,183783500000000,183783500000000,183783500000000,2026-09-05T07:57:02.228913+00:00,,,640,480
daheng_sn_FDE23080341,1147,183783484000000,183783484000000,183783484000000,2026-09-05T07:57:02.255931+00:00,13861,18130956321825,1920,1200
directshow_index_1,1161,183783593000000,183783609000000,183783601000000,2026-09-05T07:57:02.341850+00:00,,,640,480
daheng_sn_FDE23080341,1148,183783578000000,183783593000000,183783585500000,2026-09-05T07:57:02.367947+00:00,13872,18131040854625,1920,1200
directshow_index_1,1162,183783687000000,183783687000000,183783687000000,2026-09-05T07:57:02.418102+00:00,,,640,480
daheng_sn_FDE23080341,1149,183783671000000,183783671000000,183783671000000,2026-09-05T07:57:02.441483+00:00,13885,18131140757025,1920,1200
directshow_index_1,1163,183783781000000,183783781000000,183783781000000,2026-09-05T07:57:02.507678+00:00,,,640,480
daheng_sn_FDE23080341,1150,183783765000000,183783765000000,183783765000000,2026-09-05T07:57:02.533348+00:00,13896,18131225289825,1920,1200
directshow_index_1,1164,183783875000000,183783875000000,183783875000000,2026-09-05T07:57:02.599240+00:00,,,640,480
daheng_sn_FDE23080341,1151,183783859000000,183783859000000,183783859000000,2026-09-05T07:57:02.633005+00:00,13908,18131317507425,1920,1200
directshow_index_1,1165,183783968000000,183783968000000,183783968000000,2026-09-05T07:57:02.694248+00:00,,,640,480
daheng_sn_FDE23080341,1152,183783953000000,183783953000000,183783953000000,2026-09-05T07:57:02.722256+00:00,13921,18131417409825,1920,1200
directshow_index_1,1166,183784062000000,183784062000000,183784062000000,2026-09-05T07:57:02.790987+00:00,,,640,480
daheng_sn_FDE23080341,1153,183784046000000,183784046000000,183784046000000,2026-09-05T07:57:02.816362+00:00,13933,18131509627425,1920,1200
directshow_index_1,1167,183784156000000,183784156000000,183784156000000,2026-09-05T07:57:02.910298+00:00,,,640,480
daheng_sn_FDE23080341,1154,183784140000000,183784140000000,183784140000000,2026-09-05T07:57:02.915578+00:00,13945,18131601845025,1920,1200
directshow_index_1,1168,183784250000000,183784250000000,183784250000000,2026-09-05T07:57:02.976776+00:00,,,640,480
daheng_sn_FDE23080341,1155,183784234000000,183784234000000,183784234000000,2026-09-05T07:57:03.004381+00:00,13957,18131694062625,1920,1200
directshow_index_1,1169,183784343000000,183784343000000,183784343000000,2026-09-05T07:57:03.072233+00:00,,,640,480
daheng_sn_FDE23080341,1156,183784328000000,183784328000000,183784328000000,2026-09-05T07:57:03.090375+00:00,13970,18131793965025,1920,1200
directshow_index_1,1170,183784437000000,183784437000000,183784437000000,2026-09-05T07:57:03.167047+00:00,,,640,480
daheng_sn_FDE23080341,1157,183784421000000,183784421000000,183784421000000,2026-09-05T07:57:03.197584+00:00,13982,18131886182625,1920,1200
directshow_index_1,1171,183784531000000,183784531000000,183784531000000,2026-09-05T07:57:03.256800+00:00,,,640,480
daheng_sn_FDE23080341,1158,183784515000000,183784515000000,183784515000000,2026-09-05T07:57:03.280336+00:00,13994,18131978400225,1920,1200
directshow_index_1,1172,183784625000000,183784625000000,183784625000000,2026-09-05T07:57:03.356226+00:00,,,640,480
daheng_sn_FDE23080341,1159,183784609000000,183784609000000,183784609000000,2026-09-05T07:57:03.379487+00:00,14007,18132078302625,1920,1200
directshow_index_1,1173,183784718000000,183784718000000,183784718000000,2026-09-05T07:57:03.446299+00:00,,,640,480
daheng_sn_FDE23080341,1160,183784703000000,183784703000000,183784703000000,2026-09-05T07:57:03.472405+00:00,14018,18132162835425,1920,1200
directshow_index_1,1174,183784812000000,183784812000000,183784812000000,2026-09-05T07:57:03.537465+00:00,,,640,480
daheng_sn_FDE23080341,1161,183784796000000,183784796000000,183784796000000,2026-09-05T07:57:03.563345+00:00,14031,18132262737825,1920,1200
directshow_index_1,1175,183784906000000,183784906000000,183784906000000,2026-09-05T07:57:03.635793+00:00,,,640,480
daheng_sn_FDE23080341,1162,183784890000000,183784890000000,183784890000000,2026-09-05T07:57:03.655260+00:00,14043,18132354955425,1920,1200
directshow_index_1,1176,183785000000000,183785000000000,183785000000000,2026-09-05T07:57:03.725114+00:00,,,640,480
daheng_sn_FDE23080341,1163,183784984000000,183784984000000,183784984000000,2026-09-05T07:57:03.746772+00:00,14055,18132447173025,1920,1200
directshow_index_1,1177,183785093000000,183785093000000,183785093000000,2026-09-05T07:57:03.821313+00:00,,,640,480
daheng_sn_FDE23080341,1164,183785078000000,183785078000000,183785078000000,2026-09-05T07:57:03.840349+00:00,14067,18132539390625,1920,1200
directshow_index_1,1178,183785187000000,183785187000000,183785187000000,2026-09-05T07:57:03.910612+00:00,,,640,480
daheng_sn_FDE23080341,1165,183785171000000,183785171000000,183785171000000,2026-09-05T07:57:03.940854+00:00,14079,18132631608225,1920,1200
directshow_index_1,1179,183785281000000,183785281000000,183785281000000,2026-09-05T07:57:04.027857+00:00,,,640,480
daheng_sn_FDE23080341,1166,183785265000000,183785281000000,183785273000000,2026-09-05T07:57:04.060410+00:00,14092,18132731510625,1920,1200
directshow_index_1,1180,183785375000000,183785375000000,183785375000000,2026-09-05T07:57:04.098878+00:00,,,640,480
daheng_sn_FDE23080341,1167,183785359000000,183785359000000,183785359000000,2026-09-05T07:57:04.127284+00:00,14104,18132823728225,1920,1200
directshow_index_1,1181,183785468000000,183785468000000,183785468000000,2026-09-05T07:57:04.194694+00:00,,,640,480
daheng_sn_FDE23080341,1168,183785453000000,183785453000000,183785453000000,2026-09-05T07:57:04.213701+00:00,14116,18132915945825,1920,1200
directshow_index_1,1182,183785562000000,183785562000000,183785562000000,2026-09-05T07:57:04.290387+00:00,,,640,480
daheng_sn_FDE23080341,1169,183785546000000,183785546000000,183785546000000,2026-09-05T07:57:04.318977+00:00,14128,18133008163425,1920,1200
directshow_index_1,1183,183785656000000,183785656000000,183785656000000,2026-09-05T07:57:04.381914+00:00,,,640,480
daheng_sn_FDE23080341,1170,183785640000000,183785640000000,183785640000000,2026-09-05T07:57:04.413924+00:00,14140,18133100381025,1920,1200
directshow_index_1,1184,183785750000000,183785750000000,183785750000000,2026-09-05T07:57:04.477326+00:00,,,640,480
daheng_sn_FDE23080341,1171,183785734000000,183785734000000,183785734000000,2026-09-05T07:57:04.511569+00:00,14153,18133200283425,1920,1200
directshow_index_1,1185,183785843000000,183785843000000,183785843000000,2026-09-05T07:57:04.565711+00:00,,,640,480
daheng_sn_FDE23080341,1172,183785828000000,183785828000000,183785828000000,2026-09-05T07:57:04.585246+00:00,14165,18133292501025,1920,1200
directshow_index_1,1186,183785937000000,183785937000000,183785937000000,2026-09-05T07:57:04.663680+00:00,,,640,480
daheng_sn_FDE23080341,1173,183785921000000,183785921000000,183785921000000,2026-09-05T07:57:04.684106+00:00,14177,18133384718625,1920,1200
directshow_index_1,1187,183786031000000,183786031000000,183786031000000,2026-09-05T07:57:04.758474+00:00,,,640,480
daheng_sn_FDE23080341,1174,183786015000000,183786015000000,183786015000000,2026-09-05T07:57:04.777971+00:00,14189,18133476936225,1920,1200
directshow_index_1,1188,183786125000000,183786125000000,183786125000000,2026-09-05T07:57:04.849641+00:00,,,640,480
daheng_sn_FDE23080341,1175,183786109000000,183786109000000,183786109000000,2026-09-05T07:57:04.869343+00:00,14201,18133569153825,1920,1200
directshow_index_1,1189,183786218000000,183786218000000,183786218000000,2026-09-05T07:57:04.945684+00:00,,,640,480
daheng_sn_FDE23080341,1176,183786203000000,183786203000000,183786203000000,2026-09-05T07:57:04.966357+00:00,14214,18133669056225,1920,1200
directshow_index_1,1190,183786312000000,183786312000000,183786312000000,2026-09-05T07:57:05.035209+00:00,,,640,480
daheng_sn_FDE23080341,1177,183786296000000,183786296000000,183786296000000,2026-09-05T07:57:05.055220+00:00,14227,18133768958625,1920,1200
directshow_index_1,1191,183786406000000,183786406000000,183786406000000,2026-09-05T07:57:05.130271+00:00,,,640,480
daheng_sn_FDE23080341,1178,183786390000000,183786390000000,183786390000000,2026-09-05T07:57:05.154893+00:00,14238,18133853491425,1920,1200
directshow_index_1,1192,183786500000000,183786500000000,183786500000000,2026-09-05T07:57:05.230292+00:00,,,640,480
daheng_sn_FDE23080341,1179,183786484000000,183786484000000,183786484000000,2026-09-05T07:57:05.252638+00:00,14250,18133945709025,1920,1200
directshow_index_1,1193,183786593000000,183786593000000,183786593000000,2026-09-05T07:57:05.318515+00:00,,,640,480
daheng_sn_FDE23080341,1180,183786578000000,183786578000000,183786578000000,2026-09-05T07:57:05.338271+00:00,14263,18134045611425,1920,1200
directshow_index_1,1194,183786687000000,183786687000000,183786687000000,2026-09-05T07:57:05.414875+00:00,,,640,480
daheng_sn_FDE23080341,1181,183786671000000,183786671000000,183786671000000,2026-09-05T07:57:05.433100+00:00,14275,18134137829025,1920,1200
directshow_index_1,1195,183786781000000,183786781000000,183786781000000,2026-09-05T07:57:05.505587+00:00,,,640,480
daheng_sn_FDE23080341,1182,183786765000000,183786765000000,183786765000000,2026-09-05T07:57:05.539108+00:00,14287,18134230046625,1920,1200
directshow_index_1,1196,183786875000000,183786875000000,183786875000000,2026-09-05T07:57:05.602250+00:00,,,640,480
daheng_sn_FDE23080341,1183,183786859000000,183786859000000,183786859000000,2026-09-05T07:57:05.620519+00:00,14299,18134322264225,1920,1200
directshow_index_1,1197,183786968000000,183786968000000,183786968000000,2026-09-05T07:57:05.696159+00:00,,,640,480
daheng_sn_FDE23080341,1184,183786953000000,183786953000000,183786953000000,2026-09-05T07:57:05.712174+00:00,14311,18134414481825,1920,1200
directshow_index_1,1198,183787062000000,183787062000000,183787062000000,2026-09-05T07:57:05.806104+00:00,,,640,480
daheng_sn_FDE23080341,1185,183787046000000,183787046000000,183787046000000,2026-09-05T07:57:05.825857+00:00,14324,18134514384225,1920,1200
directshow_index_1,1199,183787156000000,183787156000000,183787156000000,2026-09-05T07:57:05.881685+00:00,,,640,480
daheng_sn_FDE23080341,1186,183787140000000,183787140000000,183787140000000,2026-09-05T07:57:05.901814+00:00,14335,18134598917025,1920,1200
directshow_index_1,1200,183787250000000,183787250000000,183787250000000,2026-09-05T07:57:05.974851+00:00,,,640,480
daheng_sn_FDE23080341,1187,183787234000000,183787234000000,183787234000000,2026-09-05T07:57:06.000824+00:00,14348,18134698819425,1920,1200
directshow_index_1,1201,183787343000000,183787343000000,183787343000000,2026-09-05T07:57:06.073323+00:00,,,640,480
daheng_sn_FDE23080341,1188,183787328000000,183787328000000,183787328000000,2026-09-05T07:57:06.096691+00:00,14360,18134791037025,1920,1200
directshow_index_1,1202,183787437000000,183787437000000,183787437000000,2026-09-05T07:57:06.162208+00:00,,,640,480
daheng_sn_FDE23080341,1189,183787421000000,183787421000000,183787421000000,2026-09-05T07:57:06.189453+00:00,14372,18134883254625,1920,1200
directshow_index_1,1203,183787531000000,183787531000000,183787531000000,2026-09-05T07:57:06.256799+00:00,,,640,480
daheng_sn_FDE23080341,1190,183787515000000,183787515000000,183787515000000,2026-09-05T07:57:06.278857+00:00,14385,18134983157025,1920,1200
directshow_index_1,1204,183787625000000,183787625000000,183787625000000,2026-09-05T07:57:06.351848+00:00,,,640,480
daheng_sn_FDE23080341,1191,183787609000000,183787609000000,183787609000000,2026-09-05T07:57:06.365527+00:00,14396,18135067689825,1920,1200
directshow_index_1,1205,183787718000000,183787718000000,183787718000000,2026-09-05T07:57:06.448100+00:00,,,640,480
daheng_sn_FDE23080341,1192,183787703000000,183787703000000,183787703000000,2026-09-05T07:57:06.472466+00:00,14409,18135167592225,1920,1200
directshow_index_1,1206,183787812000000,183787812000000,183787812000000,2026-09-05T07:57:06.536099+00:00,,,640,480
daheng_sn_FDE23080341,1193,183787796000000,183787796000000,183787796000000,2026-09-05T07:57:06.563913+00:00,14421,18135259809825,1920,1200
directshow_index_1,1207,183787906000000,183787906000000,183787906000000,2026-09-05T07:57:06.632743+00:00,,,640,480
daheng_sn_FDE23080341,1194,183787890000000,183787890000000,183787890000000,2026-09-05T07:57:06.655701+00:00,14433,18135352027425,1920,1200
directshow_index_1,1208,183788000000000,183788000000000,183788000000000,2026-09-05T07:57:06.726527+00:00,,,640,480
daheng_sn_FDE23080341,1195,183787984000000,183787984000000,183787984000000,2026-09-05T07:57:06.743494+00:00,14445,18135444245025,1920,1200
directshow_index_1,1209,183788109000000,183788109000000,183788109000000,2026-09-05T07:57:06.839238+00:00,,,640,480
daheng_sn_FDE23080341,1196,183788078000000,183788078000000,183788078000000,2026-09-05T07:57:06.872366+00:00,14458,18135544147425,1920,1200
directshow_index_1,1210,183788203000000,183788203000000,183788203000000,2026-09-05T07:57:06.926534+00:00,,,640,480
daheng_sn_FDE23080341,1197,183788171000000,183788171000000,183788171000000,2026-09-05T07:57:06.933065+00:00,14470,18135636365025,1920,1200
directshow_index_1,1211,183788296000000,183788296000000,183788296000000,2026-09-05T07:57:07.019290+00:00,,,640,480
daheng_sn_FDE23080341,1198,183788265000000,183788265000000,183788265000000,2026-09-05T07:57:07.028290+00:00,14482,18135728582625,1920,1200
directshow_index_1,1212,183788390000000,183788390000000,183788390000000,2026-09-05T07:57:07.114199+00:00,,,640,480
daheng_sn_FDE23080341,1199,183788359000000,183788359000000,183788359000000,2026-09-05T07:57:07.125375+00:00,14494,18135820800225,1920,1200
daheng_sn_FDE23080341,1200,183788453000000,183788453000000,183788453000000,2026-09-05T07:57:07.208391+00:00,14506,18135913017825,1920,1200
directshow_index_1,1213,183788484000000,183788484000000,183788484000000,2026-09-05T07:57:07.209042+00:00,,,640,480
daheng_sn_FDE23080341,1201,183788546000000,183788546000000,183788546000000,2026-09-05T07:57:07.297406+00:00,14519,18136012920225,1920,1200
directshow_index_1,1214,183788578000000,183788578000000,183788578000000,2026-09-05T07:57:07.303916+00:00,,,640,480
daheng_sn_FDE23080341,1202,183788640000000,183788640000000,183788640000000,2026-09-05T07:57:07.393313+00:00,14531,18136105137825,1920,1200
directshow_index_1,1215,183788671000000,183788671000000,183788671000000,2026-09-05T07:57:07.398312+00:00,,,640,480
daheng_sn_FDE23080341,1203,183788734000000,183788734000000,183788734000000,2026-09-05T07:57:07.491810+00:00,14543,18136197355425,1920,1200
directshow_index_1,1216,183788765000000,183788765000000,183788765000000,2026-09-05T07:57:07.492344+00:00,,,640,480
daheng_sn_FDE23080341,1204,183788828000000,183788828000000,183788828000000,2026-09-05T07:57:07.585408+00:00,14555,18136289573025,1920,1200
directshow_index_1,1217,183788859000000,183788859000000,183788859000000,2026-09-05T07:57:07.586012+00:00,,,640,480
daheng_sn_FDE23080341,1205,183788921000000,183788921000000,183788921000000,2026-09-05T07:57:07.678835+00:00,14568,18136389475425,1920,1200
directshow_index_1,1218,183788953000000,183788953000000,183788953000000,2026-09-05T07:57:07.679416+00:00,,,640,480
directshow_index_1,1219,183789046000000,183789046000000,183789046000000,2026-09-05T07:57:07.769862+00:00,,,640,480
daheng_sn_FDE23080341,1206,183789015000000,183789015000000,183789015000000,2026-09-05T07:57:07.773159+00:00,14580,18136481693025,1920,1200
daheng_sn_FDE23080341,1207,183789109000000,183789109000000,183789109000000,2026-09-05T07:57:07.863561+00:00,14592,18136573910625,1920,1200
directshow_index_1,1220,183789140000000,183789140000000,183789140000000,2026-09-05T07:57:07.864562+00:00,,,640,480
daheng_sn_FDE23080341,1208,183789203000000,183789203000000,183789203000000,2026-09-05T07:57:07.951704+00:00,14604,18136666128225,1920,1200
directshow_index_1,1221,183789234000000,183789234000000,183789234000000,2026-09-05T07:57:07.961055+00:00,,,640,480
daheng_sn_FDE23080341,1209,183789296000000,183789296000000,183789296000000,2026-09-05T07:57:08.047052+00:00,14616,18136758345825,1920,1200
directshow_index_1,1222,183789328000000,183789328000000,183789328000000,2026-09-05T07:57:08.055077+00:00,,,640,480
daheng_sn_FDE23080341,1210,183789390000000,183789390000000,183789390000000,2026-09-05T07:57:08.143419+00:00,14629,18136858248225,1920,1200
directshow_index_1,1223,183789421000000,183789421000000,183789421000000,2026-09-05T07:57:08.144419+00:00,,,640,480
daheng_sn_FDE23080341,1211,183789484000000,183789484000000,183789484000000,2026-09-05T07:57:08.239384+00:00,14641,18136950465825,1920,1200
directshow_index_1,1224,183789515000000,183789515000000,183789515000000,2026-09-05T07:57:08.239384+00:00,,,640,480
daheng_sn_FDE23080341,1212,183789578000000,183789578000000,183789578000000,2026-09-05T07:57:08.331488+00:00,14653,18137042683425,1920,1200
directshow_index_1,1225,183789609000000,183789609000000,183789609000000,2026-09-05T07:57:08.335408+00:00,,,640,480
daheng_sn_FDE23080341,1213,183789671000000,183789671000000,183789671000000,2026-09-05T07:57:08.426139+00:00,14665,18137134901025,1920,1200
directshow_index_1,1226,183789703000000,183789703000000,183789703000000,2026-09-05T07:57:08.430215+00:00,,,640,480
daheng_sn_FDE23080341,1214,183789765000000,183789765000000,183789765000000,2026-09-05T07:57:08.521295+00:00,14677,18137227118625,1920,1200
directshow_index_1,1227,183789796000000,183789796000000,183789796000000,2026-09-05T07:57:08.522297+00:00,,,640,480
daheng_sn_FDE23080341,1215,183789859000000,183789859000000,183789859000000,2026-09-05T07:57:08.613864+00:00,14689,18137319336225,1920,1200
directshow_index_1,1228,183789890000000,183789890000000,183789890000000,2026-09-05T07:57:08.614889+00:00,,,640,480
daheng_sn_FDE23080341,1216,183789953000000,183789953000000,183789953000000,2026-09-05T07:57:08.709150+00:00,14702,18137419238625,1920,1200
directshow_index_1,1229,183789984000000,183789984000000,183789984000000,2026-09-05T07:57:08.714152+00:00,,,640,480
daheng_sn_FDE23080341,1217,183790046000000,183790046000000,183790046000000,2026-09-05T07:57:08.800768+00:00,14714,18137511456225,1920,1200
directshow_index_1,1230,183790078000000,183790078000000,183790078000000,2026-09-05T07:57:08.804770+00:00,,,640,480
daheng_sn_FDE23080341,1218,183790140000000,183790140000000,183790140000000,2026-09-05T07:57:08.893827+00:00,14726,18137603673825,1920,1200
directshow_index_1,1231,183790171000000,183790171000000,183790171000000,2026-09-05T07:57:08.899661+00:00,,,640,480
daheng_sn_FDE23080341,1219,183790234000000,183790234000000,183790234000000,2026-09-05T07:57:08.987568+00:00,14738,18137695891425,1920,1200
directshow_index_1,1232,183790265000000,183790265000000,183790265000000,2026-09-05T07:57:08.988562+00:00,,,640,480
directshow_index_1,1233,183790359000000,183790359000000,183790359000000,2026-09-05T07:57:09.081385+00:00,,,640,480
daheng_sn_FDE23080341,1220,183790328000000,183790328000000,183790328000000,2026-09-05T07:57:09.085376+00:00,14750,18137788109025,1920,1200
daheng_sn_FDE23080341,1221,183790421000000,183790421000000,183790421000000,2026-09-05T07:57:09.173102+00:00,14762,18137880326625,1920,1200
directshow_index_1,1234,183790453000000,183790453000000,183790453000000,2026-09-05T07:57:09.177497+00:00,,,640,480
daheng_sn_FDE23080341,1222,183790515000000,183790515000000,183790515000000,2026-09-05T07:57:09.274017+00:00,14775,18137980229025,1920,1200
directshow_index_1,1235,183790546000000,183790546000000,183790546000000,2026-09-05T07:57:09.278433+00:00,,,640,480
daheng_sn_FDE23080341,1223,183790609000000,183790609000000,183790609000000,2026-09-05T07:57:09.360435+00:00,14787,18138072446625,1920,1200
directshow_index_1,1236,183790640000000,183790640000000,183790640000000,2026-09-05T07:57:09.364064+00:00,,,640,480
daheng_sn_FDE23080341,1224,183790703000000,183790703000000,183790703000000,2026-09-05T07:57:09.459702+00:00,14800,18138172349025,1920,1200
directshow_index_1,1237,183790734000000,183790734000000,183790734000000,2026-09-05T07:57:09.460718+00:00,,,640,480
daheng_sn_FDE23080341,1225,183790796000000,183790796000000,183790796000000,2026-09-05T07:57:09.551706+00:00,14811,18138256881825,1920,1200
directshow_index_1,1238,183790828000000,183790828000000,183790828000000,2026-09-05T07:57:09.554706+00:00,,,640,480
daheng_sn_FDE23080341,1226,183790890000000,183790890000000,183790890000000,2026-09-05T07:57:09.652875+00:00,14824,18138356784225,1920,1200
directshow_index_1,1239,183790921000000,183790921000000,183790921000000,2026-09-05T07:57:09.653897+00:00,,,640,480
daheng_sn_FDE23080341,1227,183790984000000,183790984000000,183790984000000,2026-09-05T07:57:09.732698+00:00,14836,18138449001825,1920,1200
directshow_index_1,1240,183791015000000,183791015000000,183791015000000,2026-09-05T07:57:09.740290+00:00,,,640,480
directshow_index_1,1241,183791109000000,183791109000000,183791109000000,2026-09-05T07:57:09.834509+00:00,,,640,480
daheng_sn_FDE23080341,1228,183791078000000,183791078000000,183791078000000,2026-09-05T07:57:09.838038+00:00,14848,18138541219425,1920,1200
daheng_sn_FDE23080341,1229,183791171000000,183791171000000,183791171000000,2026-09-05T07:57:09.922770+00:00,14860,18138633437025,1920,1200
directshow_index_1,1242,183791203000000,183791203000000,183791203000000,2026-09-05T07:57:09.924058+00:00,,,640,480
daheng_sn_FDE23080341,1230,183791265000000,183791265000000,183791265000000,2026-09-05T07:57:10.022453+00:00,14872,18138725654625,1920,1200
directshow_index_1,1243,183791296000000,183791296000000,183791296000000,2026-09-05T07:57:10.023146+00:00,,,640,480
daheng_sn_FDE23080341,1231,183791359000000,183791359000000,183791359000000,2026-09-05T07:57:10.107976+00:00,14885,18138825557025,1920,1200
directshow_index_1,1244,183791390000000,183791390000000,183791390000000,2026-09-05T07:57:10.114930+00:00,,,640,480
daheng_sn_FDE23080341,1232,183791453000000,183791453000000,183791453000000,2026-09-05T07:57:10.199833+00:00,14897,18138917774625,1920,1200
directshow_index_1,1245,183791484000000,183791484000000,183791484000000,2026-09-05T07:57:10.208617+00:00,,,640,480
daheng_sn_FDE23080341,1233,183791546000000,183791546000000,183791546000000,2026-09-05T07:57:10.302507+00:00,14909,18139009992225,1920,1200
directshow_index_1,1246,183791578000000,183791578000000,183791578000000,2026-09-05T07:57:10.303504+00:00,,,640,480
daheng_sn_FDE23080341,1234,183791640000000,183791640000000,183791640000000,2026-09-05T07:57:10.394769+00:00,14921,18139102209825,1920,1200
directshow_index_1,1247,183791671000000,183791671000000,183791671000000,2026-09-05T07:57:10.396760+00:00,,,640,480
daheng_sn_FDE23080341,1235,183791734000000,183791734000000,183791734000000,2026-09-05T07:57:10.489160+00:00,14934,18139202112225,1920,1200
directshow_index_1,1248,183791765000000,183791765000000,183791765000000,2026-09-05T07:57:10.490169+00:00,,,640,480
daheng_sn_FDE23080341,1236,183791828000000,183791828000000,183791828000000,2026-09-05T07:57:10.579458+00:00,14945,18139286645025,1920,1200
directshow_index_1,1249,183791859000000,183791859000000,183791859000000,2026-09-05T07:57:10.585741+00:00,,,640,480
daheng_sn_FDE23080341,1237,183791921000000,183791921000000,183791921000000,2026-09-05T07:57:10.676619+00:00,14958,18139386547425,1920,1200
directshow_index_1,1250,183791953000000,183791953000000,183791953000000,2026-09-05T07:57:10.678520+00:00,,,640,480
daheng_sn_FDE23080341,1238,183792015000000,183792015000000,183792015000000,2026-09-05T07:57:10.768057+00:00,14970,18139478765025,1920,1200
directshow_index_1,1251,183792046000000,183792046000000,183792046000000,2026-09-05T07:57:10.771471+00:00,,,640,480
daheng_sn_FDE23080341,1239,183792109000000,183792109000000,183792109000000,2026-09-05T07:57:10.861726+00:00,14982,18139570982625,1920,1200
directshow_index_1,1252,183792140000000,183792140000000,183792140000000,2026-09-05T07:57:10.865123+00:00,,,640,480
directshow_index_1,1253,183792234000000,183792234000000,183792234000000,2026-09-05T07:57:10.959777+00:00,,,640,480
daheng_sn_FDE23080341,1240,183792203000000,183792203000000,183792203000000,2026-09-05T07:57:10.963372+00:00,14995,18139670885025,1920,1200
daheng_sn_FDE23080341,1241,183792296000000,183792296000000,183792296000000,2026-09-05T07:57:11.050687+00:00,15007,18139763102625,1920,1200
directshow_index_1,1254,183792328000000,183792328000000,183792328000000,2026-09-05T07:57:11.053701+00:00,,,640,480
daheng_sn_FDE23080341,1242,183792390000000,183792390000000,183792390000000,2026-09-05T07:57:11.143893+00:00,15019,18139855320225,1920,1200
directshow_index_1,1255,183792421000000,183792421000000,183792421000000,2026-09-05T07:57:11.144433+00:00,,,640,480
daheng_sn_FDE23080341,1243,183792484000000,183792484000000,183792484000000,2026-09-05T07:57:11.235840+00:00,15031,18139947537825,1920,1200
directshow_index_1,1256,183792515000000,183792515000000,183792515000000,2026-09-05T07:57:11.236958+00:00,,,640,480
daheng_sn_FDE23080341,1244,183792578000000,183792578000000,183792578000000,2026-09-05T07:57:11.327200+00:00,15044,18140047440225,1920,1200
directshow_index_1,1257,183792609000000,183792609000000,183792609000000,2026-09-05T07:57:11.332200+00:00,,,640,480
daheng_sn_FDE23080341,1245,183792671000000,183792671000000,183792671000000,2026-09-05T07:57:11.424020+00:00,15055,18140131973025,1920,1200
directshow_index_1,1258,183792703000000,183792703000000,183792703000000,2026-09-05T07:57:11.425019+00:00,,,640,480
daheng_sn_FDE23080341,1246,183792765000000,183792765000000,183792765000000,2026-09-05T07:57:11.517162+00:00,15068,18140231875425,1920,1200
directshow_index_1,1259,183792796000000,183792796000000,183792796000000,2026-09-05T07:57:11.522163+00:00,,,640,480
daheng_sn_FDE23080341,1247,183792859000000,183792859000000,183792859000000,2026-09-05T07:57:11.609534+00:00,15080,18140324093025,1920,1200
directshow_index_1,1260,183792890000000,183792890000000,183792890000000,2026-09-05T07:57:11.617139+00:00,,,640,480
daheng_sn_FDE23080341,1248,183792953000000,183792953000000,183792953000000,2026-09-05T07:57:11.704059+00:00,15092,18140416310625,1920,1200
directshow_index_1,1261,183792984000000,183792984000000,183792984000000,2026-09-05T07:57:11.705057+00:00,,,640,480
daheng_sn_FDE23080341,1249,183793046000000,183793046000000,183793046000000,2026-09-05T07:57:11.803113+00:00,15104,18140508528225,1920,1200
directshow_index_1,1262,183793078000000,183793078000000,183793078000000,2026-09-05T07:57:11.803113+00:00,,,640,480
daheng_sn_FDE23080341,1250,183793140000000,183793140000000,183793140000000,2026-09-05T07:57:11.892698+00:00,15117,18140608430625,1920,1200
directshow_index_1,1263,183793171000000,183793171000000,183793171000000,2026-09-05T07:57:11.893707+00:00,,,640,480
daheng_sn_FDE23080341,1251,183793234000000,183793234000000,183793234000000,2026-09-05T07:57:12.002322+00:00,15129,18140700648225,1920,1200
directshow_index_1,1264,183793265000000,183793265000000,183793265000000,2026-09-05T07:57:12.007329+00:00,,,640,480
daheng_sn_FDE23080341,1252,183793328000000,183793328000000,183793328000000,2026-09-05T07:57:12.082859+00:00,15141,18140792865825,1920,1200
directshow_index_1,1265,183793359000000,183793359000000,183793359000000,2026-09-05T07:57:12.083858+00:00,,,640,480
daheng_sn_FDE23080341,1253,183793421000000,183793421000000,183793421000000,2026-09-05T07:57:12.172330+00:00,15153,18140885083425,1920,1200
directshow_index_1,1266,183793453000000,183793453000000,183793453000000,2026-09-05T07:57:12.176330+00:00,,,640,480
daheng_sn_FDE23080341,1254,183793515000000,183793515000000,183793515000000,2026-09-05T07:57:12.271603+00:00,15165,18140977301025,1920,1200
directshow_index_1,1267,183793546000000,183793546000000,183793546000000,2026-09-05T07:57:12.272616+00:00,,,640,480
daheng_sn_FDE23080341,1255,183793609000000,183793609000000,183793609000000,2026-09-05T07:57:12.364507+00:00,15177,18141069518625,1920,1200
directshow_index_1,1268,183793640000000,183793640000000,183793640000000,2026-09-05T07:57:12.365500+00:00,,,640,480
directshow_index_1,1269,183793734000000,183793734000000,183793734000000,2026-09-05T07:57:12.459247+00:00,,,640,480
daheng_sn_FDE23080341,1256,183793703000000,183793703000000,183793703000000,2026-09-05T07:57:12.465273+00:00,15189,18141161736225,1920,1200
directshow_index_1,1270,183793828000000,183793828000000,183793828000000,2026-09-05T07:57:12.552374+00:00,,,640,480
daheng_sn_FDE23080341,1257,183793796000000,183793796000000,183793796000000,2026-09-05T07:57:12.557384+00:00,15201,18141253953825,1920,1200
daheng_sn_FDE23080341,1258,183793890000000,183793890000000,183793890000000,2026-09-05T07:57:12.651544+00:00,15214,18141353856225,1920,1200
directshow_index_1,1271,183793921000000,183793921000000,183793921000000,2026-09-05T07:57:12.652552+00:00,,,640,480
daheng_sn_FDE23080341,1259,183793984000000,183793984000000,183793984000000,2026-09-05T07:57:12.742095+00:00,15226,18141446073825,1920,1200
directshow_index_1,1272,183794015000000,183794015000000,183794015000000,2026-09-05T07:57:12.742611+00:00,,,640,480
daheng_sn_FDE23080341,1260,183794078000000,183794078000000,183794078000000,2026-09-05T07:57:12.830209+00:00,15238,18141538291425,1920,1200
directshow_index_1,1273,183794109000000,183794109000000,183794109000000,2026-09-05T07:57:12.830797+00:00,,,640,480
directshow_index_1,1274,183794203000000,183794203000000,183794203000000,2026-09-05T07:57:12.927608+00:00,,,640,480
daheng_sn_FDE23080341,1261,183794171000000,183794171000000,183794171000000,2026-09-05T07:57:12.932410+00:00,15251,18141638193825,1920,1200
daheng_sn_FDE23080341,1262,183794265000000,183794265000000,183794265000000,2026-09-05T07:57:13.023329+00:00,15263,18141730411425,1920,1200
directshow_index_1,1275,183794296000000,183794296000000,183794296000000,2026-09-05T07:57:13.023329+00:00,,,640,480
daheng_sn_FDE23080341,1263,183794359000000,183794359000000,183794359000000,2026-09-05T07:57:13.115445+00:00,15275,18141822629025,1920,1200
directshow_index_1,1276,183794406000000,183794406000000,183794406000000,2026-09-05T07:57:13.139480+00:00,,,640,480
daheng_sn_FDE23080341,1264,183794453000000,183794453000000,183794453000000,2026-09-05T07:57:13.209899+00:00,15287,18141914846625,1920,1200
directshow_index_1,1277,183794500000000,183794500000000,183794500000000,2026-09-05T07:57:13.226546+00:00,,,640,480
daheng_sn_FDE23080341,1265,183794546000000,183794546000000,183794546000000,2026-09-05T07:57:13.298191+00:00,15300,18142014749025,1920,1200
directshow_index_1,1278,183794593000000,183794593000000,183794593000000,2026-09-05T07:57:13.315774+00:00,,,640,480
daheng_sn_FDE23080341,1266,183794640000000,183794640000000,183794640000000,2026-09-05T07:57:13.399058+00:00,15312,18142106966625,1920,1200
directshow_index_1,1279,183794687000000,183794687000000,183794687000000,2026-09-05T07:57:13.415023+00:00,,,640,480
daheng_sn_FDE23080341,1267,183794734000000,183794734000000,183794734000000,2026-09-05T07:57:13.499913+00:00,15324,18142199184225,1920,1200
directshow_index_1,1280,183794781000000,183794781000000,183794781000000,2026-09-05T07:57:13.503949+00:00,,,640,480
daheng_sn_FDE23080341,1268,183794828000000,183794828000000,183794828000000,2026-09-05T07:57:13.580794+00:00,15336,18142291401825,1920,1200
directshow_index_1,1281,183794875000000,183794875000000,183794875000000,2026-09-05T07:57:13.601269+00:00,,,640,480
daheng_sn_FDE23080341,1269,183794921000000,183794921000000,183794921000000,2026-09-05T07:57:13.689056+00:00,15348,18142383619425,1920,1200
directshow_index_1,1282,183794968000000,183794968000000,183794968000000,2026-09-05T07:57:13.694057+00:00,,,640,480
daheng_sn_FDE23080341,1270,183795015000000,183795015000000,183795015000000,2026-09-05T07:57:13.766093+00:00,15361,18142483521825,1920,1200
directshow_index_1,1283,183795062000000,183795078000000,183795070000000,2026-09-05T07:57:13.803347+00:00,,,640,480
daheng_sn_FDE23080341,1271,183795109000000,183795109000000,183795109000000,2026-09-05T07:57:13.867733+00:00,15373,18142575739425,1920,1200
directshow_index_1,1284,183795156000000,183795156000000,183795156000000,2026-09-05T07:57:13.876794+00:00,,,640,480
daheng_sn_FDE23080341,1272,183795203000000,183795203000000,183795203000000,2026-09-05T07:57:13.957653+00:00,15385,18142667957025,1920,1200
directshow_index_1,1285,183795250000000,183795250000000,183795250000000,2026-09-05T07:57:13.971282+00:00,,,640,480
daheng_sn_FDE23080341,1273,183795296000000,183795296000000,183795296000000,2026-09-05T07:57:14.045406+00:00,15397,18142760174625,1920,1200
directshow_index_1,1286,183795343000000,183795343000000,183795343000000,2026-09-05T07:57:14.070107+00:00,,,640,480
daheng_sn_FDE23080341,1274,183795390000000,183795390000000,183795390000000,2026-09-05T07:57:14.142541+00:00,15409,18142852392225,1920,1200
directshow_index_1,1287,183795437000000,183795437000000,183795437000000,2026-09-05T07:57:14.163528+00:00,,,640,480
daheng_sn_FDE23080341,1275,183795484000000,183795484000000,183795484000000,2026-09-05T07:57:14.236892+00:00,15422,18142952294625,1920,1200
directshow_index_1,1288,183795531000000,183795531000000,183795531000000,2026-09-05T07:57:14.255495+00:00,,,640,480
daheng_sn_FDE23080341,1276,183795578000000,183795578000000,183795578000000,2026-09-05T07:57:14.338940+00:00,15434,18143044512225,1920,1200
directshow_index_1,1289,183795625000000,183795625000000,183795625000000,2026-09-05T07:57:14.349281+00:00,,,640,480
daheng_sn_FDE23080341,1277,183795671000000,183795671000000,183795671000000,2026-09-05T07:57:14.436770+00:00,15446,18143136729825,1920,1200
directshow_index_1,1290,183795718000000,183795718000000,183795718000000,2026-09-05T07:57:14.443127+00:00,,,640,480
daheng_sn_FDE23080341,1278,183795765000000,183795765000000,183795765000000,2026-09-05T07:57:14.517440+00:00,15458,18143228947425,1920,1200
directshow_index_1,1291,183795812000000,183795812000000,183795812000000,2026-09-05T07:57:14.536462+00:00,,,640,480
daheng_sn_FDE23080341,1279,183795859000000,183795859000000,183795859000000,2026-09-05T07:57:14.612506+00:00,15470,18143321165025,1920,1200
directshow_index_1,1292,183795906000000,183795906000000,183795906000000,2026-09-05T07:57:14.628286+00:00,,,640,480
daheng_sn_FDE23080341,1280,183795953000000,183795953000000,183795953000000,2026-09-05T07:57:14.712596+00:00,15483,18143421067425,1920,1200
directshow_index_1,1293,183796000000000,183796000000000,183796000000000,2026-09-05T07:57:14.724790+00:00,,,640,480
daheng_sn_FDE23080341,1281,183796046000000,183796046000000,183796046000000,2026-09-05T07:57:14.795569+00:00,15495,18143513285025,1920,1200
directshow_index_1,1294,183796093000000,183796093000000,183796093000000,2026-09-05T07:57:14.819050+00:00,,,640,480
daheng_sn_FDE23080341,1282,183796140000000,183796140000000,183796140000000,2026-09-05T07:57:14.894263+00:00,15507,18143605502625,1920,1200
directshow_index_1,1295,183796187000000,183796187000000,183796187000000,2026-09-05T07:57:14.915966+00:00,,,640,480
daheng_sn_FDE23080341,1283,183796234000000,183796234000000,183796234000000,2026-09-05T07:57:14.989559+00:00,15519,18143697720225,1920,1200
directshow_index_1,1296,183796281000000,183796281000000,183796281000000,2026-09-05T07:57:15.002301+00:00,,,640,480
daheng_sn_FDE23080341,1284,183796328000000,183796328000000,183796328000000,2026-09-05T07:57:15.085642+00:00,15531,18143789937825,1920,1200
directshow_index_1,1297,183796375000000,183796375000000,183796375000000,2026-09-05T07:57:15.095925+00:00,,,640,480
daheng_sn_FDE23080341,1285,183796421000000,183796421000000,183796421000000,2026-09-05T07:57:15.181899+00:00,15543,18143882155425,1920,1200
directshow_index_1,1298,183796468000000,183796468000000,183796468000000,2026-09-05T07:57:15.190982+00:00,,,640,480
daheng_sn_FDE23080341,1286,183796515000000,183796515000000,183796515000000,2026-09-05T07:57:15.270224+00:00,15556,18143982057825,1920,1200
directshow_index_1,1299,183796562000000,183796562000000,183796562000000,2026-09-05T07:57:15.284808+00:00,,,640,480
daheng_sn_FDE23080341,1287,183796609000000,183796609000000,183796609000000,2026-09-05T07:57:15.366132+00:00,15568,18144074275425,1920,1200
directshow_index_1,1300,183796656000000,183796656000000,183796656000000,2026-09-05T07:57:15.380728+00:00,,,640,480
daheng_sn_FDE23080341,1288,183796703000000,183796703000000,183796703000000,2026-09-05T07:57:15.460235+00:00,15580,18144166493025,1920,1200
directshow_index_1,1301,183796750000000,183796750000000,183796750000000,2026-09-05T07:57:15.474719+00:00,,,640,480
directshow_index_1,1302,183796843000000,183796843000000,183796843000000,2026-09-05T07:57:15.564228+00:00,,,640,480
daheng_sn_FDE23080341,1289,183796796000000,183796796000000,183796796000000,2026-09-05T07:57:15.578659+00:00,15592,18144258710625,1920,1200
daheng_sn_FDE23080341,1290,183796890000000,183796890000000,183796890000000,2026-09-05T07:57:15.649411+00:00,15605,18144358613025,1920,1200
directshow_index_1,1303,183796937000000,183796937000000,183796937000000,2026-09-05T07:57:15.658158+00:00,,,640,480
daheng_sn_FDE23080341,1291,183796984000000,183796984000000,183796984000000,2026-09-05T07:57:15.742018+00:00,15617,18144450830625,1920,1200
directshow_index_1,1304,183797031000000,183797031000000,183797031000000,2026-09-05T07:57:15.758285+00:00,,,640,480
daheng_sn_FDE23080341,1292,183797078000000,183797078000000,183797078000000,2026-09-05T07:57:15.834287+00:00,15629,18144543048225,1920,1200
directshow_index_1,1305,183797125000000,183797125000000,183797125000000,2026-09-05T07:57:15.851223+00:00,,,640,480
daheng_sn_FDE23080341,1293,183797171000000,183797171000000,183797171000000,2026-09-05T07:57:15.925863+00:00,15641,18144635265825,1920,1200
directshow_index_1,1306,183797218000000,183797218000000,183797218000000,2026-09-05T07:57:15.944743+00:00,,,640,480
daheng_sn_FDE23080341,1294,183797265000000,183797265000000,183797265000000,2026-09-05T07:57:16.018775+00:00,15653,18144727483425,1920,1200
directshow_index_1,1307,183797312000000,183797312000000,183797312000000,2026-09-05T07:57:16.038789+00:00,,,640,480
daheng_sn_FDE23080341,1295,183797359000000,183797359000000,183797359000000,2026-09-05T07:57:16.132221+00:00,15665,18144819701025,1920,1200
directshow_index_1,1308,183797406000000,183797406000000,183797406000000,2026-09-05T07:57:16.133223+00:00,,,640,480
daheng_sn_FDE23080341,1296,183797453000000,183797453000000,183797453000000,2026-09-05T07:57:16.210517+00:00,15678,18144919603425,1920,1200
directshow_index_1,1309,183797500000000,183797500000000,183797500000000,2026-09-05T07:57:16.227043+00:00,,,640,480
daheng_sn_FDE23080341,1297,183797546000000,183797546000000,183797546000000,2026-09-05T07:57:16.303625+00:00,15690,18145011821025,1920,1200
directshow_index_1,1310,183797593000000,183797593000000,183797593000000,2026-09-05T07:57:16.313913+00:00,,,640,480
daheng_sn_FDE23080341,1298,183797640000000,183797640000000,183797640000000,2026-09-05T07:57:16.410051+00:00,15702,18145104038625,1920,1200
directshow_index_1,1311,183797687000000,183797687000000,183797687000000,2026-09-05T07:57:16.414049+00:00,,,640,480
daheng_sn_FDE23080341,1299,183797734000000,183797734000000,183797734000000,2026-09-05T07:57:16.487281+00:00,15714,18145196256225,1920,1200
directshow_index_1,1312,183797781000000,183797781000000,183797781000000,2026-09-05T07:57:16.507334+00:00,,,640,480
daheng_sn_FDE23080341,1300,183797828000000,183797828000000,183797828000000,2026-09-05T07:57:16.585564+00:00,15726,18145288473825,1920,1200
directshow_index_1,1313,183797875000000,183797875000000,183797875000000,2026-09-05T07:57:16.600295+00:00,,,640,480
daheng_sn_FDE23080341,1301,183797921000000,183797921000000,183797921000000,2026-09-05T07:57:16.691267+00:00,15739,18145388376225,1920,1200
directshow_index_1,1314,183797968000000,183797968000000,183797968000000,2026-09-05T07:57:16.697588+00:00,,,640,480
daheng_sn_FDE23080341,1302,183798015000000,183798015000000,183798015000000,2026-09-05T07:57:16.776475+00:00,15751,18145480593825,1920,1200
directshow_index_1,1315,183798062000000,183798062000000,183798062000000,2026-09-05T07:57:16.786150+00:00,,,640,480
daheng_sn_FDE23080341,1303,183798109000000,183798109000000,183798109000000,2026-09-05T07:57:16.870171+00:00,15763,18145572811425,1920,1200
directshow_index_1,1316,183798156000000,183798156000000,183798156000000,2026-09-05T07:57:16.879942+00:00,,,640,480
daheng_sn_FDE23080341,1304,183798203000000,183798203000000,183798203000000,2026-09-05T07:57:16.964317+00:00,15775,18145665029025,1920,1200
directshow_index_1,1317,183798250000000,183798250000000,183798250000000,2026-09-05T07:57:16.971063+00:00,,,640,480
daheng_sn_FDE23080341,1305,183798296000000,183798296000000,183798296000000,2026-09-05T07:57:17.052141+00:00,15787,18145757246625,1920,1200
directshow_index_1,1318,183798343000000,183798343000000,183798343000000,2026-09-05T07:57:17.068320+00:00,,,640,480
daheng_sn_FDE23080341,1306,183798390000000,183798390000000,183798390000000,2026-09-05T07:57:17.142069+00:00,15800,18145857149025,1920,1200
directshow_index_1,1319,183798437000000,183798437000000,183798437000000,2026-09-05T07:57:17.158943+00:00,,,640,480
daheng_sn_FDE23080341,1307,183798484000000,183798484000000,183798484000000,2026-09-05T07:57:17.243597+00:00,15812,18145949366625,1920,1200
directshow_index_1,1320,183798531000000,183798531000000,183798531000000,2026-09-05T07:57:17.254877+00:00,,,640,480
daheng_sn_FDE23080341,1308,183798578000000,183798578000000,183798578000000,2026-09-05T07:57:17.328356+00:00,15824,18146041584225,1920,1200
directshow_index_1,1321,183798625000000,183798625000000,183798625000000,2026-09-05T07:57:17.344845+00:00,,,640,480
daheng_sn_FDE23080341,1309,183798671000000,183798671000000,183798671000000,2026-09-05T07:57:17.425619+00:00,15837,18146141486625,1920,1200
directshow_index_1,1322,183798718000000,183798718000000,183798718000000,2026-09-05T07:57:17.441128+00:00,,,640,480
daheng_sn_FDE23080341,1310,183798765000000,183798765000000,183798765000000,2026-09-05T07:57:17.515965+00:00,15848,18146226019425,1920,1200
directshow_index_1,1323,183798812000000,183798812000000,183798812000000,2026-09-05T07:57:17.536052+00:00,,,640,480
daheng_sn_FDE23080341,1311,183798859000000,183798859000000,183798859000000,2026-09-05T07:57:17.604596+00:00,15861,18146325921825,1920,1200
directshow_index_1,1324,183798906000000,183798906000000,183798906000000,2026-09-05T07:57:17.625933+00:00,,,640,480
daheng_sn_FDE23080341,1312,183798953000000,183798953000000,183798953000000,2026-09-05T07:57:17.697971+00:00,15873,18146418139425,1920,1200
directshow_index_1,1325,183799000000000,183799000000000,183799000000000,2026-09-05T07:57:17.722188+00:00,,,640,480
daheng_sn_FDE23080341,1313,183799046000000,183799046000000,183799046000000,2026-09-05T07:57:17.794938+00:00,15885,18146510357025,1920,1200
directshow_index_1,1326,183799093000000,183799093000000,183799093000000,2026-09-05T07:57:17.815321+00:00,,,640,480
daheng_sn_FDE23080341,1314,183799140000000,183799140000000,183799140000000,2026-09-05T07:57:17.885377+00:00,15897,18146602574625,1920,1200
directshow_index_1,1327,183799187000000,183799187000000,183799187000000,2026-09-05T07:57:17.913649+00:00,,,640,480
daheng_sn_FDE23080341,1315,183799234000000,183799234000000,183799234000000,2026-09-05T07:57:17.977275+00:00,15910,18146702477025,1920,1200
directshow_index_1,1328,183799281000000,183799281000000,183799281000000,2026-09-05T07:57:18.002766+00:00,,,640,480
daheng_sn_FDE23080341,1316,183799328000000,183799328000000,183799328000000,2026-09-05T07:57:18.072379+00:00,15922,18146794694625,1920,1200
directshow_index_1,1329,183799375000000,183799375000000,183799375000000,2026-09-05T07:57:18.098253+00:00,,,640,480
daheng_sn_FDE23080341,1317,183799421000000,183799421000000,183799421000000,2026-09-05T07:57:18.162904+00:00,15934,18146886912225,1920,1200
directshow_index_1,1330,183799468000000,183799468000000,183799468000000,2026-09-05T07:57:18.188925+00:00,,,640,480
daheng_sn_FDE23080341,1318,183799515000000,183799515000000,183799515000000,2026-09-05T07:57:18.255041+00:00,15946,18146979129825,1920,1200
directshow_index_1,1331,183799562000000,183799562000000,183799562000000,2026-09-05T07:57:18.286188+00:00,,,640,480
daheng_sn_FDE23080341,1319,183799609000000,183799609000000,183799609000000,2026-09-05T07:57:18.353856+00:00,15958,18147071347425,1920,1200
directshow_index_1,1332,183799656000000,183799656000000,183799656000000,2026-09-05T07:57:18.381914+00:00,,,640,480
daheng_sn_FDE23080341,1320,183799703000000,183799703000000,183799703000000,2026-09-05T07:57:18.441957+00:00,15971,18147171249825,1920,1200
directshow_index_1,1333,183799750000000,183799750000000,183799750000000,2026-09-05T07:57:18.472128+00:00,,,640,480
daheng_sn_FDE23080341,1321,183799796000000,183799796000000,183799796000000,2026-09-05T07:57:18.539775+00:00,15983,18147263467425,1920,1200
directshow_index_1,1334,183799843000000,183799843000000,183799843000000,2026-09-05T07:57:18.563039+00:00,,,640,480
daheng_sn_FDE23080341,1322,183799890000000,183799890000000,183799890000000,2026-09-05T07:57:18.634817+00:00,15994,18147348000225,1920,1200
directshow_index_1,1335,183799937000000,183799937000000,183799937000000,2026-09-05T07:57:18.660505+00:00,,,640,480
daheng_sn_FDE23080341,1323,183799984000000,183799984000000,183799984000000,2026-09-05T07:57:18.726065+00:00,16007,18147447902625,1920,1200
directshow_index_1,1336,183800031000000,183800031000000,183800031000000,2026-09-05T07:57:18.751918+00:00,,,640,480
daheng_sn_FDE23080341,1324,183800078000000,183800078000000,183800078000000,2026-09-05T07:57:18.828240+00:00,16019,18147540120225,1920,1200
directshow_index_1,1337,183800125000000,183800125000000,183800125000000,2026-09-05T07:57:18.844291+00:00,,,640,480
daheng_sn_FDE23080341,1325,183800171000000,183800171000000,183800171000000,2026-09-05T07:57:18.910846+00:00,16032,18147640022625,1920,1200
directshow_index_1,1338,183800218000000,183800218000000,183800218000000,2026-09-05T07:57:18.940994+00:00,,,640,480
daheng_sn_FDE23080341,1326,183800265000000,183800265000000,183800265000000,2026-09-05T07:57:19.010700+00:00,16043,18147724555425,1920,1200
directshow_index_1,1339,183800312000000,183800312000000,183800312000000,2026-09-05T07:57:19.032949+00:00,,,640,480
daheng_sn_FDE23080341,1327,183800359000000,183800359000000,183800359000000,2026-09-05T07:57:19.100939+00:00,16056,18147824457825,1920,1200
directshow_index_1,1340,183800406000000,183800406000000,183800406000000,2026-09-05T07:57:19.126479+00:00,,,640,480
daheng_sn_FDE23080341,1328,183800453000000,183800453000000,183800453000000,2026-09-05T07:57:19.193798+00:00,16068,18147916675425,1920,1200
directshow_index_1,1341,183800500000000,183800500000000,183800500000000,2026-09-05T07:57:19.224568+00:00,,,640,480
daheng_sn_FDE23080341,1329,183800546000000,183800546000000,183800546000000,2026-09-05T07:57:19.290869+00:00,16080,18148008893025,1920,1200
directshow_index_1,1342,183800593000000,183800593000000,183800593000000,2026-09-05T07:57:19.315020+00:00,,,640,480
daheng_sn_FDE23080341,1330,183800640000000,183800640000000,183800640000000,2026-09-05T07:57:19.379406+00:00,16092,18148101110625,1920,1200
directshow_index_1,1343,183800687000000,183800687000000,183800687000000,2026-09-05T07:57:19.411886+00:00,,,640,480
daheng_sn_FDE23080341,1331,183800734000000,183800734000000,183800734000000,2026-09-05T07:57:19.485148+00:00,16104,18148193328225,1920,1200
directshow_index_1,1344,183800781000000,183800781000000,183800781000000,2026-09-05T07:57:19.501718+00:00,,,640,480
daheng_sn_FDE23080341,1332,183800828000000,183800828000000,183800828000000,2026-09-05T07:57:19.564685+00:00,16117,18148293230625,1920,1200
directshow_index_1,1345,183800875000000,183800875000000,183800875000000,2026-09-05T07:57:19.597926+00:00,,,640,480
daheng_sn_FDE23080341,1333,183800921000000,183800921000000,183800921000000,2026-09-05T07:57:19.658358+00:00,16129,18148385448225,1920,1200
directshow_index_1,1346,183800968000000,183800968000000,183800968000000,2026-09-05T07:57:19.692840+00:00,,,640,480
daheng_sn_FDE23080341,1334,183801015000000,183801015000000,183801015000000,2026-09-05T07:57:19.758320+00:00,16141,18148477665825,1920,1200
directshow_index_1,1347,183801062000000,183801062000000,183801062000000,2026-09-05T07:57:19.784459+00:00,,,640,480
daheng_sn_FDE23080341,1335,183801109000000,183801109000000,183801109000000,2026-09-05T07:57:19.847216+00:00,16154,18148577568225,1920,1200
directshow_index_1,1348,183801156000000,183801156000000,183801156000000,2026-09-05T07:57:19.882465+00:00,,,640,480
daheng_sn_FDE23080341,1336,183801203000000,183801203000000,183801203000000,2026-09-05T07:57:19.941079+00:00,16165,18148662101025,1920,1200
directshow_index_1,1349,183801250000000,183801250000000,183801250000000,2026-09-05T07:57:19.973202+00:00,,,640,480
daheng_sn_FDE23080341,1337,183801296000000,183801296000000,183801296000000,2026-09-05T07:57:20.040383+00:00,16178,18148762003425,1920,1200
directshow_index_1,1350,183801343000000,183801343000000,183801343000000,2026-09-05T07:57:20.068591+00:00,,,640,480
daheng_sn_FDE23080341,1338,183801390000000,183801390000000,183801390000000,2026-09-05T07:57:20.136463+00:00,16190,18148854221025,1920,1200
directshow_index_1,1351,183801437000000,183801437000000,183801437000000,2026-09-05T07:57:20.162561+00:00,,,640,480
daheng_sn_FDE23080341,1339,183801484000000,183801484000000,183801484000000,2026-09-05T07:57:20.226802+00:00,16202,18148946438625,1920,1200
directshow_index_1,1352,183801531000000,183801531000000,183801531000000,2026-09-05T07:57:20.253815+00:00,,,640,480
daheng_sn_FDE23080341,1340,183801578000000,183801578000000,183801578000000,2026-09-05T07:57:20.320149+00:00,16215,18149046341025,1920,1200
directshow_index_1,1353,183801625000000,183801625000000,183801625000000,2026-09-05T07:57:20.345373+00:00,,,640,480
daheng_sn_FDE23080341,1341,183801671000000,183801671000000,183801671000000,2026-09-05T07:57:20.415631+00:00,16226,18149130873825,1920,1200
directshow_index_1,1354,183801718000000,183801718000000,183801718000000,2026-09-05T07:57:20.442796+00:00,,,640,480
daheng_sn_FDE23080341,1342,183801765000000,183801765000000,183801765000000,2026-09-05T07:57:20.514735+00:00,16239,18149230776225,1920,1200
directshow_index_1,1355,183801812000000,183801812000000,183801812000000,2026-09-05T07:57:20.534749+00:00,,,640,480
daheng_sn_FDE23080341,1343,183801859000000,183801859000000,183801859000000,2026-09-05T07:57:20.604255+00:00,16251,18149322993825,1920,1200
directshow_index_1,1356,183801906000000,183801906000000,183801906000000,2026-09-05T07:57:20.642280+00:00,,,640,480
daheng_sn_FDE23080341,1344,183801953000000,183801953000000,183801953000000,2026-09-05T07:57:20.720258+00:00,16263,18149415211425,1920,1200
directshow_index_1,1357,183802000000000,183802000000000,183802000000000,2026-09-05T07:57:20.723131+00:00,,,640,480
daheng_sn_FDE23080341,1345,183802046000000,183802046000000,183802046000000,2026-09-05T07:57:20.804540+00:00,16275,18149507429025,1920,1200
directshow_index_1,1358,183802093000000,183802093000000,183802093000000,2026-09-05T07:57:20.815020+00:00,,,640,480
daheng_sn_FDE23080341,1346,183802140000000,183802140000000,183802140000000,2026-09-05T07:57:20.892795+00:00,16287,18149599646625,1920,1200
directshow_index_1,1359,183802187000000,183802187000000,183802187000000,2026-09-05T07:57:20.914417+00:00,,,640,480
daheng_sn_FDE23080341,1347,183802234000000,183802234000000,183802234000000,2026-09-05T07:57:20.995622+00:00,16299,18149691864225,1920,1200
directshow_index_1,1360,183802281000000,183802281000000,183802281000000,2026-09-05T07:57:21.006629+00:00,,,640,480
daheng_sn_FDE23080341,1348,183802328000000,183802328000000,183802328000000,2026-09-05T07:57:21.083151+00:00,16312,18149791766625,1920,1200
directshow_index_1,1361,183802375000000,183802375000000,183802375000000,2026-09-05T07:57:21.097665+00:00,,,640,480
daheng_sn_FDE23080341,1349,183802421000000,183802421000000,183802421000000,2026-09-05T07:57:21.177790+00:00,16324,18149883984225,1920,1200
directshow_index_1,1362,183802468000000,183802484000000,183802476000000,2026-09-05T07:57:21.214867+00:00,,,640,480
daheng_sn_FDE23080341,1350,183802515000000,183802515000000,183802515000000,2026-09-05T07:57:21.265930+00:00,16336,18149976201825,1920,1200
directshow_index_1,1363,183802562000000,183802562000000,183802562000000,2026-09-05T07:57:21.287155+00:00,,,640,480
daheng_sn_FDE23080341,1351,183802609000000,183802609000000,183802609000000,2026-09-05T07:57:21.354763+00:00,16349,18150076104225,1920,1200
directshow_index_1,1364,183802656000000,183802656000000,183802656000000,2026-09-05T07:57:21.378959+00:00,,,640,480
daheng_sn_FDE23080341,1352,183802703000000,183802703000000,183802703000000,2026-09-05T07:57:21.447854+00:00,16361,18150168321825,1920,1200
directshow_index_1,1365,183802750000000,183802750000000,183802750000000,2026-09-05T07:57:21.469671+00:00,,,640,480
daheng_sn_FDE23080341,1353,183802796000000,183802796000000,183802796000000,2026-09-05T07:57:21.542529+00:00,16373,18150260539425,1920,1200
directshow_index_1,1366,183802843000000,183802843000000,183802843000000,2026-09-05T07:57:21.567201+00:00,,,640,480
daheng_sn_FDE23080341,1354,183802890000000,183802890000000,183802890000000,2026-09-05T07:57:21.638624+00:00,16385,18150352757025,1920,1200
directshow_index_1,1367,183802937000000,183802937000000,183802937000000,2026-09-05T07:57:21.657633+00:00,,,640,480
daheng_sn_FDE23080341,1355,183802984000000,183802984000000,183802984000000,2026-09-05T07:57:21.732909+00:00,16398,18150452659425,1920,1200
directshow_index_1,1368,183803031000000,183803031000000,183803031000000,2026-09-05T07:57:21.769974+00:00,,,640,480
daheng_sn_FDE23080341,1356,183803078000000,183803078000000,183803078000000,2026-09-05T07:57:21.826039+00:00,16410,18150544877025,1920,1200
directshow_index_1,1369,183803125000000,183803125000000,183803125000000,2026-09-05T07:57:21.848855+00:00,,,640,480
daheng_sn_FDE23080341,1357,183803171000000,183803171000000,183803171000000,2026-09-05T07:57:21.920084+00:00,16422,18150637094625,1920,1200
directshow_index_1,1370,183803218000000,183803218000000,183803218000000,2026-09-05T07:57:21.939092+00:00,,,640,480
daheng_sn_FDE23080341,1358,183803265000000,183803265000000,183803265000000,2026-09-05T07:57:22.014085+00:00,16434,18150729312225,1920,1200
directshow_index_1,1371,183803312000000,183803312000000,183803312000000,2026-09-05T07:57:22.037091+00:00,,,640,480
daheng_sn_FDE23080341,1359,183803359000000,183803359000000,183803359000000,2026-09-05T07:57:22.105684+00:00,16447,18150829214625,1920,1200
directshow_index_1,1372,183803406000000,183803406000000,183803406000000,2026-09-05T07:57:22.127783+00:00,,,640,480
daheng_sn_FDE23080341,1360,183803453000000,183803453000000,183803453000000,2026-09-05T07:57:22.202249+00:00,16459,18150921432225,1920,1200
directshow_index_1,1373,183803500000000,183803500000000,183803500000000,2026-09-05T07:57:22.223473+00:00,,,640,480
daheng_sn_FDE23080341,1361,183803546000000,183803546000000,183803546000000,2026-09-05T07:57:22.299246+00:00,16471,18151013649825,1920,1200
directshow_index_1,1374,183803593000000,183803593000000,183803593000000,2026-09-05T07:57:22.327508+00:00,,,640,480
daheng_sn_FDE23080341,1362,183803640000000,183803640000000,183803640000000,2026-09-05T07:57:22.389750+00:00,16483,18151105867425,1920,1200
directshow_index_1,1375,183803687000000,183803687000000,183803687000000,2026-09-05T07:57:22.411554+00:00,,,640,480
daheng_sn_FDE23080341,1363,183803734000000,183803734000000,183803734000000,2026-09-05T07:57:22.484489+00:00,16495,18151198085025,1920,1200
directshow_index_1,1376,183803781000000,183803781000000,183803781000000,2026-09-05T07:57:22.502002+00:00,,,640,480
daheng_sn_FDE23080341,1364,183803828000000,183803828000000,183803828000000,2026-09-05T07:57:22.579919+00:00,16507,18151290302625,1920,1200
directshow_index_1,1377,183803875000000,183803875000000,183803875000000,2026-09-05T07:57:22.598095+00:00,,,640,480
daheng_sn_FDE23080341,1365,183803921000000,183803921000000,183803921000000,2026-09-05T07:57:22.673849+00:00,16519,18151382520225,1920,1200
directshow_index_1,1378,183803968000000,183803968000000,183803968000000,2026-09-05T07:57:22.690884+00:00,,,640,480
daheng_sn_FDE23080341,1366,183804015000000,183804015000000,183804015000000,2026-09-05T07:57:22.762094+00:00,16532,18151482422625,1920,1200
directshow_index_1,1379,183804062000000,183804062000000,183804062000000,2026-09-05T07:57:22.788776+00:00,,,640,480
daheng_sn_FDE23080341,1367,183804109000000,183804109000000,183804109000000,2026-09-05T07:57:22.863721+00:00,16544,18151574640225,1920,1200
directshow_index_1,1380,183804156000000,183804156000000,183804156000000,2026-09-05T07:57:22.881672+00:00,,,640,480
daheng_sn_FDE23080341,1368,183804203000000,183804203000000,183804203000000,2026-09-05T07:57:22.947224+00:00,16556,18151666857825,1920,1200
directshow_index_1,1381,183804250000000,183804250000000,183804250000000,2026-09-05T07:57:22.971539+00:00,,,640,480
daheng_sn_FDE23080341,1369,183804296000000,183804296000000,183804296000000,2026-09-05T07:57:23.035472+00:00,16568,18151759075425,1920,1200
directshow_index_1,1382,183804343000000,183804343000000,183804343000000,2026-09-05T07:57:23.069293+00:00,,,640,480
daheng_sn_FDE23080341,1370,183804390000000,183804390000000,183804390000000,2026-09-05T07:57:23.134088+00:00,16581,18151858977825,1920,1200
directshow_index_1,1383,183804437000000,183804437000000,183804437000000,2026-09-05T07:57:23.159750+00:00,,,640,480
daheng_sn_FDE23080341,1371,183804484000000,183804484000000,183804484000000,2026-09-05T07:57:23.226464+00:00,16593,18151951195425,1920,1200
directshow_index_1,1384,183804531000000,183804531000000,183804531000000,2026-09-05T07:57:23.251168+00:00,,,640,480
daheng_sn_FDE23080341,1372,183804578000000,183804578000000,183804578000000,2026-09-05T07:57:23.324065+00:00,16605,18152043413025,1920,1200
directshow_index_1,1385,183804625000000,183804625000000,183804625000000,2026-09-05T07:57:23.348039+00:00,,,640,480
daheng_sn_FDE23080341,1373,183804671000000,183804671000000,183804671000000,2026-09-05T07:57:23.414259+00:00,16617,18152135630625,1920,1200
directshow_index_1,1386,183804718000000,183804718000000,183804718000000,2026-09-05T07:57:23.438800+00:00,,,640,480
daheng_sn_FDE23080341,1374,183804765000000,183804765000000,183804765000000,2026-09-05T07:57:23.508123+00:00,16629,18152227848225,1920,1200
directshow_index_1,1387,183804812000000,183804812000000,183804812000000,2026-09-05T07:57:23.535131+00:00,,,640,480
daheng_sn_FDE23080341,1375,183804859000000,183804859000000,183804859000000,2026-09-05T07:57:23.604910+00:00,16642,18152327750625,1920,1200
directshow_index_1,1388,183804906000000,183804906000000,183804906000000,2026-09-05T07:57:23.625592+00:00,,,640,480
daheng_sn_FDE23080341,1376,183804953000000,183804953000000,183804953000000,2026-09-05T07:57:23.694082+00:00,16653,18152412283425,1920,1200
directshow_index_1,1389,183805000000000,183805000000000,183805000000000,2026-09-05T07:57:23.723179+00:00,,,640,480
daheng_sn_FDE23080341,1377,183805046000000,183805046000000,183805046000000,2026-09-05T07:57:23.792971+00:00,16666,18152512185825,1920,1200
directshow_index_1,1390,183805093000000,183805093000000,183805093000000,2026-09-05T07:57:23.813305+00:00,,,640,480
daheng_sn_FDE23080341,1378,183805140000000,183805140000000,183805140000000,2026-09-05T07:57:23.883783+00:00,16678,18152604403425,1920,1200
directshow_index_1,1391,183805187000000,183805187000000,183805187000000,2026-09-05T07:57:23.918141+00:00,,,640,480
daheng_sn_FDE23080341,1379,183805234000000,183805234000000,183805234000000,2026-09-05T07:57:23.986903+00:00,16690,18152696621025,1920,1200
directshow_index_1,1392,183805281000000,183805281000000,183805281000000,2026-09-05T07:57:24.004086+00:00,,,640,480
daheng_sn_FDE23080341,1380,183805328000000,183805328000000,183805328000000,2026-09-05T07:57:24.069258+00:00,16702,18152788838625,1920,1200
directshow_index_1,1393,183805375000000,183805375000000,183805375000000,2026-09-05T07:57:24.100861+00:00,,,640,480
daheng_sn_FDE23080341,1381,183805421000000,183805421000000,183805421000000,2026-09-05T07:57:24.159598+00:00,16715,18152888741025,1920,1200
directshow_index_1,1394,183805468000000,183805468000000,183805468000000,2026-09-05T07:57:24.190776+00:00,,,640,480
daheng_sn_FDE23080341,1382,183805515000000,183805515000000,183805515000000,2026-09-05T07:57:24.258620+00:00,16726,18152973273825,1920,1200
directshow_index_1,1395,183805562000000,183805562000000,183805562000000,2026-09-05T07:57:24.286451+00:00,,,640,480
daheng_sn_FDE23080341,1383,183805609000000,183805609000000,183805609000000,2026-09-05T07:57:24.352068+00:00,16739,18153073176225,1920,1200
directshow_index_1,1396,183805656000000,183805656000000,183805656000000,2026-09-05T07:57:24.377912+00:00,,,640,480
daheng_sn_FDE23080341,1384,183805703000000,183805703000000,183805703000000,2026-09-05T07:57:24.446737+00:00,16751,18153165393825,1920,1200
directshow_index_1,1397,183805750000000,183805750000000,183805750000000,2026-09-05T07:57:24.474492+00:00,,,640,480
daheng_sn_FDE23080341,1385,183805796000000,183805796000000,183805796000000,2026-09-05T07:57:24.532912+00:00,16763,18153257611425,1920,1200
directshow_index_1,1398,183805843000000,183805843000000,183805843000000,2026-09-05T07:57:24.576434+00:00,,,640,480
daheng_sn_FDE23080341,1386,183805890000000,183805890000000,183805890000000,2026-09-05T07:57:24.630851+00:00,16776,18153357513825,1920,1200
directshow_index_1,1399,183805937000000,183805937000000,183805937000000,2026-09-05T07:57:24.660099+00:00,,,640,480
daheng_sn_FDE23080341,1387,183805984000000,183805984000000,183805984000000,2026-09-05T07:57:24.724479+00:00,16788,18153449731425,1920,1200
directshow_index_1,1400,183806031000000,183806031000000,183806031000000,2026-09-05T07:57:24.756562+00:00,,,640,480
daheng_sn_FDE23080341,1388,183806078000000,183806078000000,183806078000000,2026-09-05T07:57:24.820351+00:00,16800,18153541949025,1920,1200
directshow_index_1,1401,183806125000000,183806125000000,183806125000000,2026-09-05T07:57:24.845351+00:00,,,640,480
daheng_sn_FDE23080341,1389,183806171000000,183806171000000,183806171000000,2026-09-05T07:57:24.915523+00:00,16812,18153634166625,1920,1200
directshow_index_1,1402,183806218000000,183806218000000,183806218000000,2026-09-05T07:57:24.941905+00:00,,,640,480
daheng_sn_FDE23080341,1390,183806265000000,183806265000000,183806265000000,2026-09-05T07:57:25.011548+00:00,16825,18153734069025,1920,1200
directshow_index_1,1403,183806312000000,183806312000000,183806312000000,2026-09-05T07:57:25.034089+00:00,,,640,480
directshow_index_1,1404,183806406000000,183806406000000,183806406000000,2026-09-05T07:57:25.133312+00:00,,,640,480
daheng_sn_FDE23080341,1391,183806359000000,183806359000000,183806359000000,2026-09-05T07:57:25.141312+00:00,16837,18153826286625,1920,1200
daheng_sn_FDE23080341,1392,183806453000000,183806453000000,183806453000000,2026-09-05T07:57:25.213921+00:00,16848,18153910819425,1920,1200
directshow_index_1,1405,183806500000000,183806500000000,183806500000000,2026-09-05T07:57:25.228212+00:00,,,640,480
daheng_sn_FDE23080341,1393,183806546000000,183806546000000,183806546000000,2026-09-05T07:57:25.295669+00:00,16861,18154010721825,1920,1200
directshow_index_1,1406,183806593000000,183806593000000,183806593000000,2026-09-05T07:57:25.318721+00:00,,,640,480
daheng_sn_FDE23080341,1394,183806640000000,183806640000000,183806640000000,2026-09-05T07:57:25.387645+00:00,16873,18154102939425,1920,1200
directshow_index_1,1407,183806687000000,183806687000000,183806687000000,2026-09-05T07:57:25.410159+00:00,,,640,480
daheng_sn_FDE23080341,1395,183806734000000,183806734000000,183806734000000,2026-09-05T07:57:25.479014+00:00,16886,18154202841825,1920,1200
directshow_index_1,1408,183806781000000,183806781000000,183806781000000,2026-09-05T07:57:25.500534+00:00,,,640,480
daheng_sn_FDE23080341,1396,183806828000000,183806828000000,183806828000000,2026-09-05T07:57:25.572945+00:00,16897,18154287374625,1920,1200
directshow_index_1,1409,183806875000000,183806875000000,183806875000000,2026-09-05T07:57:25.597427+00:00,,,640,480
daheng_sn_FDE23080341,1397,183806921000000,183806921000000,183806921000000,2026-09-05T07:57:25.666361+00:00,16910,18154387277025,1920,1200
directshow_index_1,1410,183806968000000,183806968000000,183806968000000,2026-09-05T07:57:25.692955+00:00,,,640,480
daheng_sn_FDE23080341,1398,183807015000000,183807015000000,183807015000000,2026-09-05T07:57:25.760604+00:00,16922,18154479494625,1920,1200
directshow_index_1,1411,183807062000000,183807062000000,183807062000000,2026-09-05T07:57:25.783088+00:00,,,640,480
daheng_sn_FDE23080341,1399,183807109000000,183807109000000,183807109000000,2026-09-05T07:57:25.851090+00:00,16934,18154571712225,1920,1200
directshow_index_1,1412,183807156000000,183807156000000,183807156000000,2026-09-05T07:57:25.881314+00:00,,,640,480
daheng_sn_FDE23080341,1400,183807203000000,183807203000000,183807203000000,2026-09-05T07:57:25.949567+00:00,16947,18154671614625,1920,1200
directshow_index_1,1413,183807250000000,183807250000000,183807250000000,2026-09-05T07:57:25.971591+00:00,,,640,480
daheng_sn_FDE23080341,1401,183807296000000,183807296000000,183807296000000,2026-09-05T07:57:26.049104+00:00,16959,18154763832225,1920,1200
directshow_index_1,1414,183807343000000,183807343000000,183807343000000,2026-09-05T07:57:26.064162+00:00,,,640,480
daheng_sn_FDE23080341,1402,183807390000000,183807390000000,183807390000000,2026-09-05T07:57:26.134504+00:00,16971,18154856049825,1920,1200
directshow_index_1,1415,183807437000000,183807437000000,183807437000000,2026-09-05T07:57:26.160496+00:00,,,640,480
daheng_sn_FDE23080341,1403,183807484000000,183807484000000,183807484000000,2026-09-05T07:57:26.233511+00:00,16983,18154948267425,1920,1200
directshow_index_1,1416,183807531000000,183807531000000,183807531000000,2026-09-05T07:57:26.253046+00:00,,,640,480
daheng_sn_FDE23080341,1404,183807578000000,183807578000000,183807578000000,2026-09-05T07:57:26.320381+00:00,16995,18155040485025,1920,1200
directshow_index_1,1417,183807625000000,183807625000000,183807625000000,2026-09-05T07:57:26.352239+00:00,,,640,480
daheng_sn_FDE23080341,1405,183807671000000,183807671000000,183807671000000,2026-09-05T07:57:26.413609+00:00,17008,18155140387425,1920,1200
directshow_index_1,1418,183807718000000,183807718000000,183807718000000,2026-09-05T07:57:26.443686+00:00,,,640,480
daheng_sn_FDE23080341,1406,183807765000000,183807765000000,183807765000000,2026-09-05T07:57:26.513274+00:00,17020,18155232605025,1920,1200
directshow_index_1,1419,183807812000000,183807812000000,183807812000000,2026-09-05T07:57:26.535113+00:00,,,640,480
daheng_sn_FDE23080341,1407,183807859000000,183807859000000,183807859000000,2026-09-05T07:57:26.617488+00:00,17032,18155324822625,1920,1200
directshow_index_1,1420,183807906000000,183807906000000,183807906000000,2026-09-05T07:57:26.627902+00:00,,,640,480
daheng_sn_FDE23080341,1408,183807953000000,183807953000000,183807953000000,2026-09-05T07:57:26.698055+00:00,17044,18155417040225,1920,1200
directshow_index_1,1421,183808000000000,183808000000000,183808000000000,2026-09-05T07:57:26.724981+00:00,,,640,480
daheng_sn_FDE23080341,1409,183808046000000,183808046000000,183808046000000,2026-09-05T07:57:26.792813+00:00,17056,18155509257825,1920,1200
directshow_index_1,1422,183808093000000,183808093000000,183808093000000,2026-09-05T07:57:26.815970+00:00,,,640,480
daheng_sn_FDE23080341,1410,183808140000000,183808140000000,183808140000000,2026-09-05T07:57:26.899136+00:00,17068,18155601475425,1920,1200
directshow_index_1,1423,183808187000000,183808187000000,183808187000000,2026-09-05T07:57:26.909235+00:00,,,640,480
daheng_sn_FDE23080341,1411,183808234000000,183808234000000,183808234000000,2026-09-05T07:57:26.985559+00:00,17080,18155693693025,1920,1200
directshow_index_1,1424,183808281000000,183808281000000,183808281000000,2026-09-05T07:57:27.007538+00:00,,,640,480
daheng_sn_FDE23080341,1412,183808328000000,183808328000000,183808328000000,2026-09-05T07:57:27.080900+00:00,17093,18155793595425,1920,1200
directshow_index_1,1425,183808375000000,183808375000000,183808375000000,2026-09-05T07:57:27.099771+00:00,,,640,480
daheng_sn_FDE23080341,1413,183808421000000,183808421000000,183808421000000,2026-09-05T07:57:27.169831+00:00,17105,18155885813025,1920,1200
directshow_index_1,1426,183808468000000,183808468000000,183808468000000,2026-09-05T07:57:27.193581+00:00,,,640,480
daheng_sn_FDE23080341,1414,183808515000000,183808515000000,183808515000000,2026-09-05T07:57:27.263336+00:00,17117,18155978030625,1920,1200
directshow_index_1,1427,183808562000000,183808562000000,183808562000000,2026-09-05T07:57:27.284363+00:00,,,640,480
daheng_sn_FDE23080341,1415,183808609000000,183808609000000,183808609000000,2026-09-05T07:57:27.358670+00:00,17129,18156070248225,1920,1200
directshow_index_1,1428,183808656000000,183808656000000,183808656000000,2026-09-05T07:57:27.377240+00:00,,,640,480
daheng_sn_FDE23080341,1416,183808703000000,183808703000000,183808703000000,2026-09-05T07:57:27.452189+00:00,17141,18156162465825,1920,1200
directshow_index_1,1429,183808750000000,183808750000000,183808750000000,2026-09-05T07:57:27.475202+00:00,,,640,480
daheng_sn_FDE23080341,1417,183808796000000,183808796000000,183808796000000,2026-09-05T07:57:27.551790+00:00,17154,18156262368225,1920,1200
directshow_index_1,1430,183808843000000,183808843000000,183808843000000,2026-09-05T07:57:27.567792+00:00,,,640,480
daheng_sn_FDE23080341,1418,183808890000000,183808890000000,183808890000000,2026-09-05T07:57:27.636572+00:00,17166,18156354585825,1920,1200
directshow_index_1,1431,183808937000000,183808937000000,183808937000000,2026-09-05T07:57:27.663421+00:00,,,640,480
daheng_sn_FDE23080341,1419,183808984000000,183808984000000,183808984000000,2026-09-05T07:57:27.733016+00:00,17178,18156446803425,1920,1200
directshow_index_1,1432,183809031000000,183809031000000,183809031000000,2026-09-05T07:57:27.757610+00:00,,,640,480
daheng_sn_FDE23080341,1420,183809078000000,183809078000000,183809078000000,2026-09-05T07:57:27.831421+00:00,17190,18156539021025,1920,1200
directshow_index_1,1433,183809125000000,183809125000000,183809125000000,2026-09-05T07:57:27.848414+00:00,,,640,480
daheng_sn_FDE23080341,1421,183809171000000,183809171000000,183809171000000,2026-09-05T07:57:27.920365+00:00,17202,18156631238625,1920,1200
directshow_index_1,1434,183809218000000,183809218000000,183809218000000,2026-09-05T07:57:27.943888+00:00,,,640,480
daheng_sn_FDE23080341,1422,183809265000000,183809265000000,183809265000000,2026-09-05T07:57:28.018193+00:00,17215,18156731141025,1920,1200
directshow_index_1,1435,183809312000000,183809312000000,183809312000000,2026-09-05T07:57:28.040945+00:00,,,640,480
daheng_sn_FDE23080341,1423,183809359000000,183809359000000,183809359000000,2026-09-05T07:57:28.111799+00:00,17227,18156823358625,1920,1200
directshow_index_1,1436,183809406000000,183809406000000,183809406000000,2026-09-05T07:57:28.126066+00:00,,,640,480
daheng_sn_FDE23080341,1424,183809453000000,183809453000000,183809453000000,2026-09-05T07:57:28.208532+00:00,17239,18156915576225,1920,1200
directshow_index_1,1437,183809500000000,183809500000000,183809500000000,2026-09-05T07:57:28.224539+00:00,,,640,480
daheng_sn_FDE23080341,1425,183809546000000,183809546000000,183809546000000,2026-09-05T07:57:28.297149+00:00,17251,18157007793825,1920,1200
directshow_index_1,1438,183809593000000,183809593000000,183809593000000,2026-09-05T07:57:28.315769+00:00,,,640,480
daheng_sn_FDE23080341,1426,183809640000000,183809640000000,183809640000000,2026-09-05T07:57:28.385942+00:00,17264,18157107696225,1920,1200
directshow_index_1,1439,183809687000000,183809687000000,183809687000000,2026-09-05T07:57:28.408734+00:00,,,640,480
daheng_sn_FDE23080341,1427,183809734000000,183809734000000,183809734000000,2026-09-05T07:57:28.497179+00:00,17276,18157199913825,1920,1200
directshow_index_1,1440,183809781000000,183809781000000,183809781000000,2026-09-05T07:57:28.509191+00:00,,,640,480
daheng_sn_FDE23080341,1428,183809828000000,183809828000000,183809828000000,2026-09-05T07:57:28.584916+00:00,17288,18157292131425,1920,1200
directshow_index_1,1441,183809875000000,183809875000000,183809875000000,2026-09-05T07:57:28.599995+00:00,,,640,480
daheng_sn_FDE23080341,1429,183809921000000,183809921000000,183809921000000,2026-09-05T07:57:28.666677+00:00,17300,18157384349025,1920,1200
directshow_index_1,1442,183809968000000,183809968000000,183809968000000,2026-09-05T07:57:28.692271+00:00,,,640,480
daheng_sn_FDE23080341,1430,183810015000000,183810015000000,183810015000000,2026-09-05T07:57:28.762924+00:00,17312,18157476566625,1920,1200
directshow_index_1,1443,183810062000000,183810062000000,183810062000000,2026-09-05T07:57:28.784947+00:00,,,640,480
daheng_sn_FDE23080341,1431,183810109000000,183810109000000,183810109000000,2026-09-05T07:57:28.864430+00:00,17325,18157576469025,1920,1200
directshow_index_1,1444,183810156000000,183810156000000,183810156000000,2026-09-05T07:57:28.877882+00:00,,,640,480
daheng_sn_FDE23080341,1432,183810203000000,183810203000000,183810203000000,2026-09-05T07:57:28.952785+00:00,17337,18157668686625,1920,1200
directshow_index_1,1445,183810250000000,183810250000000,183810250000000,2026-09-05T07:57:28.976451+00:00,,,640,480
daheng_sn_FDE23080341,1433,183810296000000,183810296000000,183810296000000,2026-09-05T07:57:29.043004+00:00,17349,18157760904225,1920,1200
directshow_index_1,1446,183810343000000,183810343000000,183810343000000,2026-09-05T07:57:29.065009+00:00,,,640,480
daheng_sn_FDE23080341,1434,183810390000000,183810390000000,183810390000000,2026-09-05T07:57:29.141285+00:00,17361,18157853121825,1920,1200
directshow_index_1,1447,183810437000000,183810437000000,183810437000000,2026-09-05T07:57:29.163612+00:00,,,640,480
daheng_sn_FDE23080341,1435,183810484000000,183810484000000,183810484000000,2026-09-05T07:57:29.239516+00:00,17373,18157945339425,1920,1200
directshow_index_1,1448,183810531000000,183810531000000,183810531000000,2026-09-05T07:57:29.255483+00:00,,,640,480
daheng_sn_FDE23080341,1436,183810578000000,183810578000000,183810578000000,2026-09-05T07:57:29.325355+00:00,17386,18158045241825,1920,1200
directshow_index_1,1449,183810625000000,183810625000000,183810625000000,2026-09-05T07:57:29.346743+00:00,,,640,480
daheng_sn_FDE23080341,1437,183810671000000,183810671000000,183810671000000,2026-09-05T07:57:29.419279+00:00,17398,18158137459425,1920,1200
directshow_index_1,1450,183810718000000,183810718000000,183810718000000,2026-09-05T07:57:29.445165+00:00,,,640,480
daheng_sn_FDE23080341,1438,183810765000000,183810765000000,183810765000000,2026-09-05T07:57:29.510194+00:00,17410,18158229677025,1920,1200
directshow_index_1,1451,183810812000000,183810812000000,183810812000000,2026-09-05T07:57:29.539446+00:00,,,640,480
daheng_sn_FDE23080341,1439,183810859000000,183810859000000,183810859000000,2026-09-05T07:57:29.611644+00:00,17422,18158321894625,1920,1200
directshow_index_1,1452,183810906000000,183810906000000,183810906000000,2026-09-05T07:57:29.627092+00:00,,,640,480
daheng_sn_FDE23080341,1440,183810953000000,183810953000000,183810953000000,2026-09-05T07:57:29.694854+00:00,17434,18158414112225,1920,1200
directshow_index_1,1453,183811000000000,183811000000000,183811000000000,2026-09-05T07:57:29.723276+00:00,,,640,480
daheng_sn_FDE23080341,1441,183811046000000,183811046000000,183811046000000,2026-09-05T07:57:29.796351+00:00,17446,18158506329825,1920,1200
directshow_index_1,1454,183811093000000,183811093000000,183811093000000,2026-09-05T07:57:29.815042+00:00,,,640,480
daheng_sn_FDE23080341,1442,183811140000000,183811140000000,183811140000000,2026-09-05T07:57:29.883387+00:00,17459,18158606232225,1920,1200
directshow_index_1,1455,183811187000000,183811187000000,183811187000000,2026-09-05T07:57:29.913442+00:00,,,640,480
daheng_sn_FDE23080341,1443,183811234000000,183811234000000,183811234000000,2026-09-05T07:57:29.985813+00:00,17471,18158698449825,1920,1200
directshow_index_1,1456,183811281000000,183811281000000,183811281000000,2026-09-05T07:57:30.002702+00:00,,,640,480
daheng_sn_FDE23080341,1444,183811328000000,183811328000000,183811328000000,2026-09-05T07:57:30.077132+00:00,17483,18158790667425,1920,1200
directshow_index_1,1457,183811375000000,183811375000000,183811375000000,2026-09-05T07:57:30.096131+00:00,,,640,480
daheng_sn_FDE23080341,1445,183811421000000,183811421000000,183811421000000,2026-09-05T07:57:30.185765+00:00,17496,18158890569825,1920,1200
directshow_index_1,1458,183811468000000,183811468000000,183811468000000,2026-09-05T07:57:30.192967+00:00,,,640,480
daheng_sn_FDE23080341,1446,183811515000000,183811515000000,183811515000000,2026-09-05T07:57:30.279000+00:00,17507,18158975102625,1920,1200
directshow_index_1,1459,183811562000000,183811562000000,183811562000000,2026-09-05T07:57:30.286006+00:00,,,640,480
daheng_sn_FDE23080341,1447,183811609000000,183811609000000,183811609000000,2026-09-05T07:57:30.380987+00:00,17520,18159075005025,1920,1200
directshow_index_1,1460,183811656000000,183811656000000,183811656000000,2026-09-05T07:57:30.381981+00:00,,,640,480
daheng_sn_FDE23080341,1448,183811703000000,183811703000000,183811703000000,2026-09-05T07:57:30.459571+00:00,17532,18159167222625,1920,1200
directshow_index_1,1461,183811750000000,183811750000000,183811750000000,2026-09-05T07:57:30.475597+00:00,,,640,480
daheng_sn_FDE23080341,1449,183811796000000,183811796000000,183811796000000,2026-09-05T07:57:30.546632+00:00,17544,18159259440225,1920,1200
directshow_index_1,1462,183811843000000,183811843000000,183811843000000,2026-09-05T07:57:30.572286+00:00,,,640,480
daheng_sn_FDE23080341,1450,183811890000000,183811890000000,183811890000000,2026-09-05T07:57:30.642323+00:00,17557,18159359342625,1920,1200
directshow_index_1,1463,183811937000000,183811937000000,183811937000000,2026-09-05T07:57:30.664376+00:00,,,640,480
daheng_sn_FDE23080341,1451,183811984000000,183811984000000,183811984000000,2026-09-05T07:57:30.745544+00:00,17568,18159443875425,1920,1200
directshow_index_1,1464,183812031000000,183812031000000,183812031000000,2026-09-05T07:57:30.752546+00:00,,,640,480
daheng_sn_FDE23080341,1452,183812078000000,183812078000000,183812078000000,2026-09-05T07:57:30.832890+00:00,17581,18159543777825,1920,1200
directshow_index_1,1465,183812125000000,183812125000000,183812125000000,2026-09-05T07:57:30.850424+00:00,,,640,480
daheng_sn_FDE23080341,1453,183812171000000,183812171000000,183812171000000,2026-09-05T07:57:30.926174+00:00,17593,18159635995425,1920,1200
directshow_index_1,1466,183812218000000,183812218000000,183812218000000,2026-09-05T07:57:30.941303+00:00,,,640,480
daheng_sn_FDE23080341,1454,183812265000000,183812265000000,183812265000000,2026-09-05T07:57:31.017353+00:00,17605,18159728213025,1920,1200
directshow_index_1,1467,183812312000000,183812312000000,183812312000000,2026-09-05T07:57:31.042306+00:00,,,640,480
daheng_sn_FDE23080341,1455,183812359000000,183812359000000,183812359000000,2026-09-05T07:57:31.127417+00:00,17617,18159820430625,1920,1200
directshow_index_1,1468,183812406000000,183812406000000,183812406000000,2026-09-05T07:57:31.129417+00:00,,,640,480
daheng_sn_FDE23080341,1456,183812453000000,183812453000000,183812453000000,2026-09-05T07:57:31.208945+00:00,17629,18159912648225,1920,1200
directshow_index_1,1469,183812500000000,183812500000000,183812500000000,2026-09-05T07:57:31.226355+00:00,,,640,480
daheng_sn_FDE23080341,1457,183812546000000,183812546000000,183812546000000,2026-09-05T07:57:31.325176+00:00,17642,18160012550625,1920,1200
directshow_index_1,1470,183812593000000,183812593000000,183812593000000,2026-09-05T07:57:31.331307+00:00,,,640,480
daheng_sn_FDE23080341,1458,183812640000000,183812640000000,183812640000000,2026-09-05T07:57:31.399553+00:00,17654,18160104768225,1920,1200
directshow_index_1,1471,183812687000000,183812687000000,183812687000000,2026-09-05T07:57:31.414701+00:00,,,640,480
daheng_sn_FDE23080341,1459,183812734000000,183812734000000,183812734000000,2026-09-05T07:57:31.490560+00:00,17666,18160196985825,1920,1200
directshow_index_1,1472,183812781000000,183812781000000,183812781000000,2026-09-05T07:57:31.508760+00:00,,,640,480
daheng_sn_FDE23080341,1460,183812828000000,183812828000000,183812828000000,2026-09-05T07:57:31.588358+00:00,17678,18160289203425,1920,1200
directshow_index_1,1473,183812875000000,183812875000000,183812875000000,2026-09-05T07:57:31.602884+00:00,,,640,480
daheng_sn_FDE23080341,1461,183812921000000,183812921000000,183812921000000,2026-09-05T07:57:31.683383+00:00,17690,18160381421025,1920,1200
directshow_index_1,1474,183812968000000,183812968000000,183812968000000,2026-09-05T07:57:31.694639+00:00,,,640,480
daheng_sn_FDE23080341,1462,183813015000000,183813015000000,183813015000000,2026-09-05T07:57:31.771198+00:00,17703,18160481323425,1920,1200
directshow_index_1,1475,183813062000000,183813062000000,183813062000000,2026-09-05T07:57:31.787904+00:00,,,640,480
daheng_sn_FDE23080341,1463,183813109000000,183813109000000,183813109000000,2026-09-05T07:57:31.869789+00:00,17715,18160573541025,1920,1200
directshow_index_1,1476,183813156000000,183813156000000,183813156000000,2026-09-05T07:57:31.890806+00:00,,,640,480
daheng_sn_FDE23080341,1464,183813203000000,183813203000000,183813203000000,2026-09-05T07:57:31.956924+00:00,17727,18160665758625,1920,1200
directshow_index_1,1477,183813250000000,183813250000000,183813250000000,2026-09-05T07:57:31.973550+00:00,,,640,480
daheng_sn_FDE23080341,1465,183813296000000,183813296000000,183813296000000,2026-09-05T07:57:32.052939+00:00,17739,18160757976225,1920,1200
directshow_index_1,1478,183813343000000,183813343000000,183813343000000,2026-09-05T07:57:32.065913+00:00,,,640,480
daheng_sn_FDE23080341,1466,183813390000000,183813390000000,183813390000000,2026-09-05T07:57:32.148872+00:00,17752,18160857878625,1920,1200
directshow_index_1,1479,183813437000000,183813437000000,183813437000000,2026-09-05T07:57:32.162833+00:00,,,640,480
daheng_sn_FDE23080341,1467,183813484000000,183813484000000,183813484000000,2026-09-05T07:57:32.246629+00:00,17764,18160950096225,1920,1200
directshow_index_1,1480,183813531000000,183813531000000,183813531000000,2026-09-05T07:57:32.258730+00:00,,,640,480
daheng_sn_FDE23080341,1468,183813578000000,183813578000000,183813578000000,2026-09-05T07:57:32.342065+00:00,17776,18161042313825,1920,1200
directshow_index_1,1481,183813625000000,183813625000000,183813625000000,2026-09-05T07:57:32.352279+00:00,,,640,480
daheng_sn_FDE23080341,1469,183813671000000,183813671000000,183813671000000,2026-09-05T07:57:32.441304+00:00,17788,18161134531425,1920,1200
directshow_index_1,1482,183813718000000,183813718000000,183813718000000,2026-09-05T07:57:32.451924+00:00,,,640,480
daheng_sn_FDE23080341,1470,183813765000000,183813765000000,183813765000000,2026-09-05T07:57:32.530489+00:00,17800,18161226749025,1920,1200
directshow_index_1,1483,183813812000000,183813812000000,183813812000000,2026-09-05T07:57:32.536486+00:00,,,640,480
daheng_sn_FDE23080341,1471,183813859000000,183813859000000,183813859000000,2026-09-05T07:57:32.618975+00:00,17813,18161326651425,1920,1200
directshow_index_1,1484,183813906000000,183813906000000,183813906000000,2026-09-05T07:57:32.630977+00:00,,,640,480
daheng_sn_FDE23080341,1472,183813953000000,183813953000000,183813953000000,2026-09-05T07:57:32.715925+00:00,17825,18161418869025,1920,1200
directshow_index_1,1485,183814000000000,183814000000000,183814000000000,2026-09-05T07:57:32.724927+00:00,,,640,480
daheng_sn_FDE23080341,1473,183814046000000,183814046000000,183814046000000,2026-09-05T07:57:32.809212+00:00,17837,18161511086625,1920,1200
directshow_index_1,1486,183814093000000,183814093000000,183814093000000,2026-09-05T07:57:32.817609+00:00,,,640,480
daheng_sn_FDE23080341,1474,183814140000000,183814140000000,183814140000000,2026-09-05T07:57:32.902541+00:00,17850,18161610989025,1920,1200
directshow_index_1,1487,183814187000000,183814187000000,183814187000000,2026-09-05T07:57:32.911917+00:00,,,640,480
daheng_sn_FDE23080341,1475,183814234000000,183814234000000,183814234000000,2026-09-05T07:57:33.002236+00:00,17861,18161695521825,1920,1200
directshow_index_1,1488,183814281000000,183814281000000,183814281000000,2026-09-05T07:57:33.006255+00:00,,,640,480
daheng_sn_FDE23080341,1476,183814328000000,183814328000000,183814328000000,2026-09-05T07:57:33.087410+00:00,17874,18161795424225,1920,1200
directshow_index_1,1489,183814375000000,183814375000000,183814375000000,2026-09-05T07:57:33.100427+00:00,,,640,480
daheng_sn_FDE23080341,1477,183814421000000,183814421000000,183814421000000,2026-09-05T07:57:33.179058+00:00,17886,18161887641825,1920,1200
directshow_index_1,1490,183814468000000,183814468000000,183814468000000,2026-09-05T07:57:33.193529+00:00,,,640,480
daheng_sn_FDE23080341,1478,183814515000000,183814515000000,183814515000000,2026-09-05T07:57:33.276512+00:00,17898,18161979859425,1920,1200
directshow_index_1,1491,183814562000000,183814562000000,183814562000000,2026-09-05T07:57:33.287237+00:00,,,640,480
daheng_sn_FDE23080341,1479,183814609000000,183814609000000,183814609000000,2026-09-05T07:57:33.368107+00:00,17910,18162072077025,1920,1200
directshow_index_1,1492,183814656000000,183814656000000,183814656000000,2026-09-05T07:57:33.381001+00:00,,,640,480
daheng_sn_FDE23080341,1480,183814703000000,183814703000000,183814703000000,2026-09-05T07:57:33.463512+00:00,17923,18162171979425,1920,1200
directshow_index_1,1493,183814750000000,183814750000000,183814750000000,2026-09-05T07:57:33.472535+00:00,,,640,480
daheng_sn_FDE23080341,1481,183814796000000,183814796000000,183814796000000,2026-09-05T07:57:33.557572+00:00,17935,18162264197025,1920,1200
directshow_index_1,1494,183814843000000,183814843000000,183814843000000,2026-09-05T07:57:33.576577+00:00,,,640,480
daheng_sn_FDE23080341,1482,183814890000000,183814890000000,183814890000000,2026-09-05T07:57:33.648094+00:00,17947,18162356414625,1920,1200
directshow_index_1,1495,183814937000000,183814937000000,183814937000000,2026-09-05T07:57:33.662105+00:00,,,640,480
daheng_sn_FDE23080341,1483,183814984000000,183814984000000,183814984000000,2026-09-05T07:57:33.744366+00:00,17959,18162448632225,1920,1200
directshow_index_1,1496,183815031000000,183815031000000,183815031000000,2026-09-05T07:57:33.755335+00:00,,,640,480
daheng_sn_FDE23080341,1484,183815078000000,183815078000000,183815078000000,2026-09-05T07:57:33.835210+00:00,17971,18162540849825,1920,1200
directshow_index_1,1497,183815125000000,183815125000000,183815125000000,2026-09-05T07:57:33.846621+00:00,,,640,480
daheng_sn_FDE23080341,1485,183815171000000,183815171000000,183815171000000,2026-09-05T07:57:33.930744+00:00,17983,18162633067425,1920,1200
directshow_index_1,1498,183815218000000,183815218000000,183815218000000,2026-09-05T07:57:33.941392+00:00,,,640,480
daheng_sn_FDE23080341,1486,183815265000000,183815265000000,183815265000000,2026-09-05T07:57:34.021559+00:00,17996,18162732969825,1920,1200
directshow_index_1,1499,183815312000000,183815312000000,183815312000000,2026-09-05T07:57:34.040560+00:00,,,640,480
daheng_sn_FDE23080341,1487,183815359000000,183815359000000,183815359000000,2026-09-05T07:57:34.116776+00:00,18007,18162817502625,1920,1200
directshow_index_1,1500,183815406000000,183815406000000,183815406000000,2026-09-05T07:57:34.132773+00:00,,,640,480
daheng_sn_FDE23080341,1488,183815453000000,183815453000000,183815453000000,2026-09-05T07:57:34.227532+00:00,18020,18162917405025,1920,1200
directshow_index_1,1501,183815500000000,183815500000000,183815500000000,2026-09-05T07:57:34.227532+00:00,,,640,480
daheng_sn_FDE23080341,1489,183815546000000,183815546000000,183815546000000,2026-09-05T07:57:34.305950+00:00,18032,18163009622625,1920,1200
directshow_index_1,1502,183815593000000,183815593000000,183815593000000,2026-09-05T07:57:34.319957+00:00,,,640,480
daheng_sn_FDE23080341,1490,183815640000000,183815640000000,183815640000000,2026-09-05T07:57:34.397963+00:00,18045,18163109525025,1920,1200
directshow_index_1,1503,183815687000000,183815687000000,183815687000000,2026-09-05T07:57:34.415772+00:00,,,640,480
daheng_sn_FDE23080341,1491,183815734000000,183815734000000,183815734000000,2026-09-05T07:57:34.489117+00:00,18056,18163194057825,1920,1200
directshow_index_1,1504,183815781000000,183815781000000,183815781000000,2026-09-05T07:57:34.508832+00:00,,,640,480
daheng_sn_FDE23080341,1492,183815828000000,183815828000000,183815828000000,2026-09-05T07:57:34.589972+00:00,18069,18163293960225,1920,1200
directshow_index_1,1505,183815875000000,183815875000000,183815875000000,2026-09-05T07:57:34.602533+00:00,,,640,480
daheng_sn_FDE23080341,1493,183815921000000,183815921000000,183815921000000,2026-09-05T07:57:34.679882+00:00,18081,18163386177825,1920,1200
directshow_index_1,1506,183815968000000,183815968000000,183815968000000,2026-09-05T07:57:34.695834+00:00,,,640,480
daheng_sn_FDE23080341,1494,183816015000000,183816015000000,183816015000000,2026-09-05T07:57:34.776311+00:00,18093,18163478395425,1920,1200
directshow_index_1,1507,183816062000000,183816078000000,183816070000000,2026-09-05T07:57:34.800326+00:00,,,640,480
daheng_sn_FDE23080341,1495,183816109000000,183816109000000,183816109000000,2026-09-05T07:57:34.867463+00:00,18105,18163570613025,1920,1200
directshow_index_1,1508,183816156000000,183816156000000,183816156000000,2026-09-05T07:57:34.882976+00:00,,,640,480
daheng_sn_FDE23080341,1496,183816203000000,183816203000000,183816203000000,2026-09-05T07:57:34.962246+00:00,18118,18163670515425,1920,1200
directshow_index_1,1509,183816250000000,183816250000000,183816250000000,2026-09-05T07:57:34.975993+00:00,,,640,480
daheng_sn_FDE23080341,1497,183816296000000,183816296000000,183816296000000,2026-09-05T07:57:35.052776+00:00,18129,18163755048225,1920,1200
directshow_index_1,1510,183816343000000,183816343000000,183816343000000,2026-09-05T07:57:35.071932+00:00,,,640,480
daheng_sn_FDE23080341,1498,183816390000000,183816390000000,183816390000000,2026-09-05T07:57:35.152346+00:00,18142,18163854950625,1920,1200
directshow_index_1,1511,183816437000000,183816437000000,183816437000000,2026-09-05T07:57:35.163346+00:00,,,640,480
daheng_sn_FDE23080341,1499,183816484000000,183816484000000,183816484000000,2026-09-05T07:57:35.245805+00:00,18154,18163947168225,1920,1200
directshow_index_1,1512,183816531000000,183816531000000,183816531000000,2026-09-05T07:57:35.254873+00:00,,,640,480
daheng_sn_FDE23080341,1500,183816578000000,183816578000000,183816578000000,2026-09-05T07:57:35.340732+00:00,18167,18164047070625,1920,1200
directshow_index_1,1513,183816625000000,183816625000000,183816625000000,2026-09-05T07:57:35.347736+00:00,,,640,480
daheng_sn_FDE23080341,1501,183816671000000,183816671000000,183816671000000,2026-09-05T07:57:35.447115+00:00,18178,18164131603425,1920,1200
directshow_index_1,1514,183816718000000,183816718000000,183816718000000,2026-09-05T07:57:35.447115+00:00,,,640,480
daheng_sn_FDE23080341,1502,183816765000000,183816765000000,183816765000000,2026-09-05T07:57:35.526815+00:00,18190,18164223821025,1920,1200
directshow_index_1,1515,183816812000000,183816812000000,183816812000000,2026-09-05T07:57:35.534650+00:00,,,640,480
daheng_sn_FDE23080341,1503,183816859000000,183816859000000,183816859000000,2026-09-05T07:57:35.619400+00:00,18203,18164323723425,1920,1200
directshow_index_1,1516,183816906000000,183816906000000,183816906000000,2026-09-05T07:57:35.629407+00:00,,,640,480
daheng_sn_FDE23080341,1504,183816953000000,183816953000000,183816953000000,2026-09-05T07:57:35.712211+00:00,18215,18164415941025,1920,1200
directshow_index_1,1517,183817000000000,183817000000000,183817000000000,2026-09-05T07:57:35.721909+00:00,,,640,480
daheng_sn_FDE23080341,1505,183817046000000,183817046000000,183817046000000,2026-09-05T07:57:35.813860+00:00,18228,18164515843425,1920,1200
directshow_index_1,1518,183817093000000,183817093000000,183817093000000,2026-09-05T07:57:35.817535+00:00,,,640,480
daheng_sn_FDE23080341,1506,183817140000000,183817140000000,183817140000000,2026-09-05T07:57:35.905512+00:00,18239,18164600376225,1920,1200
directshow_index_1,1519,183817187000000,183817187000000,183817187000000,2026-09-05T07:57:35.913658+00:00,,,640,480
directshow_index_1,1520,183817281000000,183817281000000,183817281000000,2026-09-05T07:57:36.007213+00:00,,,640,480
daheng_sn_FDE23080341,1507,183817234000000,183817250000000,183817242000000,2026-09-05T07:57:36.011221+00:00,18252,18164700278625,1920,1200
daheng_sn_FDE23080341,1508,183817328000000,183817328000000,183817328000000,2026-09-05T07:57:36.105368+00:00,18264,18164792496225,1920,1200
directshow_index_1,1521,183817375000000,183817375000000,183817375000000,2026-09-05T07:57:36.106344+00:00,,,640,480
daheng_sn_FDE23080341,1509,183817421000000,183817421000000,183817421000000,2026-09-05T07:57:36.191398+00:00,18276,18164884713825,1920,1200
directshow_index_1,1522,183817468000000,183817468000000,183817468000000,2026-09-05T07:57:36.194409+00:00,,,640,480
daheng_sn_FDE23080341,1510,183817515000000,183817515000000,183817515000000,2026-09-05T07:57:36.277483+00:00,18289,18164984616225,1920,1200
directshow_index_1,1523,183817562000000,183817562000000,183817562000000,2026-09-05T07:57:36.286764+00:00,,,640,480
daheng_sn_FDE23080341,1511,183817609000000,183817609000000,183817609000000,2026-09-05T07:57:36.374043+00:00,18301,18165076833825,1920,1200
directshow_index_1,1524,183817656000000,183817656000000,183817656000000,2026-09-05T07:57:36.384044+00:00,,,640,480
daheng_sn_FDE23080341,1512,183817703000000,183817703000000,183817703000000,2026-09-05T07:57:36.462543+00:00,18314,18165176736225,1920,1200
directshow_index_1,1525,183817750000000,183817750000000,183817750000000,2026-09-05T07:57:36.474544+00:00,,,640,480
daheng_sn_FDE23080341,1513,183817796000000,183817796000000,183817796000000,2026-09-05T07:57:36.566559+00:00,18325,18165261269025,1920,1200
directshow_index_1,1526,183817843000000,183817843000000,183817843000000,2026-09-05T07:57:36.572239+00:00,,,640,480
daheng_sn_FDE23080341,1514,183817890000000,183817890000000,183817890000000,2026-09-05T07:57:36.647208+00:00,18337,18165353486625,1920,1200
directshow_index_1,1527,183817937000000,183817937000000,183817937000000,2026-09-05T07:57:36.664462+00:00,,,640,480
daheng_sn_FDE23080341,1515,183817984000000,183817984000000,183817984000000,2026-09-05T07:57:36.753523+00:00,18349,18165445704225,1920,1200
directshow_index_1,1528,183818031000000,183818031000000,183818031000000,2026-09-05T07:57:36.760589+00:00,,,640,480
daheng_sn_FDE23080341,1516,183818078000000,183818078000000,183818078000000,2026-09-05T07:57:36.839435+00:00,18362,18165545606625,1920,1200
directshow_index_1,1529,183818125000000,183818125000000,183818125000000,2026-09-05T07:57:36.847433+00:00,,,640,480
daheng_sn_FDE23080341,1517,183818171000000,183818171000000,183818171000000,2026-09-05T07:57:36.931072+00:00,18374,18165637824225,1920,1200
directshow_index_1,1530,183818218000000,183818218000000,183818218000000,2026-09-05T07:57:36.939223+00:00,,,640,480
daheng_sn_FDE23080341,1518,183818265000000,183818265000000,183818265000000,2026-09-05T07:57:37.027037+00:00,18388,18165745411425,1920,1200
directshow_index_1,1531,183818312000000,183818312000000,183818312000000,2026-09-05T07:57:37.037035+00:00,,,640,480
directshow_index_1,1532,183818406000000,183818406000000,183818406000000,2026-09-05T07:57:37.130277+00:00,,,640,480
daheng_sn_FDE23080341,1519,183818359000000,183818375000000,183818367000000,2026-09-05T07:57:37.146293+00:00,18399,18165829944225,1920,1200
daheng_sn_FDE23080341,1520,183818453000000,183818453000000,183818453000000,2026-09-05T07:57:37.211108+00:00,18410,18165914477025,1920,1200
directshow_index_1,1533,183818500000000,183818500000000,183818500000000,2026-09-05T07:57:37.222536+00:00,,,640,480
daheng_sn_FDE23080341,1521,183818546000000,183818546000000,183818546000000,2026-09-05T07:57:37.306491+00:00,18422,18166006694625,1920,1200
directshow_index_1,1534,183818593000000,183818593000000,183818593000000,2026-09-05T07:57:37.315498+00:00,,,640,480
daheng_sn_FDE23080341,1522,183818640000000,183818640000000,183818640000000,2026-09-05T07:57:37.393878+00:00,18435,18166106597025,1920,1200
directshow_index_1,1535,183818687000000,183818687000000,183818687000000,2026-09-05T07:57:37.414817+00:00,,,640,480
daheng_sn_FDE23080341,1523,183818734000000,183818734000000,183818734000000,2026-09-05T07:57:37.486822+00:00,18447,18166198814625,1920,1200
directshow_index_1,1536,183818781000000,183818781000000,183818781000000,2026-09-05T07:57:37.505206+00:00,,,640,480
daheng_sn_FDE23080341,1524,183818828000000,183818828000000,183818828000000,2026-09-05T07:57:37.584327+00:00,18459,18166291032225,1920,1200
directshow_index_1,1537,183818875000000,183818875000000,183818875000000,2026-09-05T07:57:37.598324+00:00,,,640,480
daheng_sn_FDE23080341,1525,183818921000000,183818921000000,183818921000000,2026-09-05T07:57:37.684566+00:00,18471,18166383249825,1920,1200
directshow_index_1,1538,183818968000000,183818968000000,183818968000000,2026-09-05T07:57:37.695593+00:00,,,640,480
daheng_sn_FDE23080341,1526,183819015000000,183819015000000,183819015000000,2026-09-05T07:57:37.769511+00:00,18483,18166475467425,1920,1200
directshow_index_1,1539,183819062000000,183819062000000,183819062000000,2026-09-05T07:57:37.786205+00:00,,,640,480
daheng_sn_FDE23080341,1527,183819109000000,183819109000000,183819109000000,2026-09-05T07:57:37.862073+00:00,18496,18166575369825,1920,1200
directshow_index_1,1540,183819156000000,183819156000000,183819156000000,2026-09-05T07:57:37.878267+00:00,,,640,480
daheng_sn_FDE23080341,1528,183819203000000,183819203000000,183819203000000,2026-09-05T07:57:37.954795+00:00,18508,18166667587425,1920,1200
directshow_index_1,1541,183819250000000,183819250000000,183819250000000,2026-09-05T07:57:37.972685+00:00,,,640,480
daheng_sn_FDE23080341,1529,183819296000000,183819296000000,183819296000000,2026-09-05T07:57:38.044555+00:00,18520,18166759805025,1920,1200
directshow_index_1,1542,183819343000000,183819343000000,183819343000000,2026-09-05T07:57:38.069202+00:00,,,640,480
daheng_sn_FDE23080341,1530,183819390000000,183819390000000,183819390000000,2026-09-05T07:57:38.143945+00:00,18533,18166859707425,1920,1200
directshow_index_1,1543,183819437000000,183819437000000,183819437000000,2026-09-05T07:57:38.163570+00:00,,,640,480
directshow_index_1,1544,183819531000000,183819531000000,183819531000000,2026-09-05T07:57:38.257072+00:00,,,640,480
daheng_sn_FDE23080341,1531,183819484000000,183819484000000,183819484000000,2026-09-05T07:57:38.261067+00:00,18545,18166951925025,1920,1200
daheng_sn_FDE23080341,1532,183819578000000,183819578000000,183819578000000,2026-09-05T07:57:38.331483+00:00,18556,18167036457825,1920,1200
directshow_index_1,1545,183819625000000,183819625000000,183819625000000,2026-09-05T07:57:38.351090+00:00,,,640,480
daheng_sn_FDE23080341,1533,183819671000000,183819671000000,183819671000000,2026-09-05T07:57:38.442166+00:00,18569,18167136360225,1920,1200
directshow_index_1,1546,183819718000000,183819718000000,183819718000000,2026-09-05T07:57:38.445330+00:00,,,640,480
daheng_sn_FDE23080341,1534,183819765000000,183819765000000,183819765000000,2026-09-05T07:57:38.533467+00:00,18581,18167228577825,1920,1200
directshow_index_1,1547,183819812000000,183819812000000,183819812000000,2026-09-05T07:57:38.535467+00:00,,,640,480
daheng_sn_FDE23080341,1535,183819859000000,183819859000000,183819859000000,2026-09-05T07:57:38.625899+00:00,18593,18167320795425,1920,1200
directshow_index_1,1548,183819906000000,183819906000000,183819906000000,2026-09-05T07:57:38.630896+00:00,,,640,480
daheng_sn_FDE23080341,1536,183819953000000,183819953000000,183819953000000,2026-09-05T07:57:38.717186+00:00,18605,18167413013025,1920,1200
directshow_index_1,1549,183820000000000,183820000000000,183820000000000,2026-09-05T07:57:38.727172+00:00,,,640,480
daheng_sn_FDE23080341,1537,183820046000000,183820046000000,183820046000000,2026-09-05T07:57:38.813492+00:00,18618,18167512915425,1920,1200
directshow_index_1,1550,183820093000000,183820093000000,183820093000000,2026-09-05T07:57:38.839945+00:00,,,640,480
daheng_sn_FDE23080341,1538,183820140000000,183820140000000,183820140000000,2026-09-05T07:57:38.907268+00:00,18630,18167605133025,1920,1200
directshow_index_1,1551,183820187000000,183820187000000,183820187000000,2026-09-05T07:57:38.911789+00:00,,,640,480
daheng_sn_FDE23080341,1539,183820234000000,183820234000000,183820234000000,2026-09-05T07:57:38.993912+00:00,18642,18167697350625,1920,1200
directshow_index_1,1552,183820281000000,183820281000000,183820281000000,2026-09-05T07:57:39.007966+00:00,,,640,480
daheng_sn_FDE23080341,1540,183820328000000,183820328000000,183820328000000,2026-09-05T07:57:39.104514+00:00,18654,18167789568225,1920,1200
directshow_index_1,1553,183820375000000,183820375000000,183820375000000,2026-09-05T07:57:39.104514+00:00,,,640,480
daheng_sn_FDE23080341,1541,183820421000000,183820421000000,183820421000000,2026-09-05T07:57:39.182047+00:00,18667,18167889470625,1920,1200
directshow_index_1,1554,183820468000000,183820468000000,183820468000000,2026-09-05T07:57:39.190067+00:00,,,640,480
daheng_sn_FDE23080341,1542,183820515000000,183820515000000,183820515000000,2026-09-05T07:57:39.272238+00:00,18679,18167981688225,1920,1200
directshow_index_1,1555,183820562000000,183820562000000,183820562000000,2026-09-05T07:57:39.290418+00:00,,,640,480
daheng_sn_FDE23080341,1543,183820609000000,183820609000000,183820609000000,2026-09-05T07:57:39.368775+00:00,18691,18168073905825,1920,1200
directshow_index_1,1556,183820656000000,183820656000000,183820656000000,2026-09-05T07:57:39.381959+00:00,,,640,480
daheng_sn_FDE23080341,1544,183820703000000,183820703000000,183820703000000,2026-09-05T07:57:39.477539+00:00,18703,18168166123425,1920,1200
directshow_index_1,1557,183820750000000,183820750000000,183820750000000,2026-09-05T07:57:39.478539+00:00,,,640,480
daheng_sn_FDE23080341,1545,183820796000000,183820796000000,183820796000000,2026-09-05T07:57:39.553017+00:00,18715,18168258341025,1920,1200
directshow_index_1,1558,183820843000000,183820843000000,183820843000000,2026-09-05T07:57:39.564011+00:00,,,640,480
daheng_sn_FDE23080341,1546,183820890000000,183820890000000,183820890000000,2026-09-05T07:57:39.658171+00:00,18728,18168358243425,1920,1200
directshow_index_1,1559,183820937000000,183820937000000,183820937000000,2026-09-05T07:57:39.660163+00:00,,,640,480
daheng_sn_FDE23080341,1547,183820984000000,183820984000000,183820984000000,2026-09-05T07:57:39.746220+00:00,18740,18168450461025,1920,1200
directshow_index_1,1560,183821031000000,183821031000000,183821031000000,2026-09-05T07:57:39.755213+00:00,,,640,480
daheng_sn_FDE23080341,1548,183821078000000,183821078000000,183821078000000,2026-09-05T07:57:39.837134+00:00,18752,18168542678625,1920,1200
directshow_index_1,1561,183821125000000,183821125000000,183821125000000,2026-09-05T07:57:39.851225+00:00,,,640,480
daheng_sn_FDE23080341,1549,183821171000000,183821171000000,183821171000000,2026-09-05T07:57:39.935624+00:00,18764,18168634896225,1920,1200
directshow_index_1,1562,183821218000000,183821218000000,183821218000000,2026-09-05T07:57:39.943624+00:00,,,640,480
daheng_sn_FDE23080341,1550,183821265000000,183821265000000,183821265000000,2026-09-05T07:57:40.026419+00:00,18777,18168734798625,1920,1200
directshow_index_1,1563,183821312000000,183821328000000,183821320000000,2026-09-05T07:57:40.053870+00:00,,,640,480
daheng_sn_FDE23080341,1551,183821359000000,183821359000000,183821359000000,2026-09-05T07:57:40.122177+00:00,18789,18168827016225,1920,1200
directshow_index_1,1564,183821406000000,183821406000000,183821406000000,2026-09-05T07:57:40.131398+00:00,,,640,480
daheng_sn_FDE23080341,1552,183821453000000,183821453000000,183821453000000,2026-09-05T07:57:40.217976+00:00,18801,18168919233825,1920,1200
directshow_index_1,1565,183821500000000,183821500000000,183821500000000,2026-09-05T07:57:40.223118+00:00,,,640,480
daheng_sn_FDE23080341,1553,183821546000000,183821546000000,183821546000000,2026-09-05T07:57:40.304569+00:00,18813,18169011451425,1920,1200
directshow_index_1,1566,183821593000000,183821593000000,183821593000000,2026-09-05T07:57:40.316972+00:00,,,640,480
daheng_sn_FDE23080341,1554,183821640000000,183821640000000,183821640000000,2026-09-05T07:57:40.401221+00:00,18825,18169103669025,1920,1200
directshow_index_1,1567,183821687000000,183821687000000,183821687000000,2026-09-05T07:57:40.408237+00:00,,,640,480
daheng_sn_FDE23080341,1555,183821734000000,183821734000000,183821734000000,2026-09-05T07:57:40.494936+00:00,18838,18169203571425,1920,1200
directshow_index_1,1568,183821781000000,183821781000000,183821781000000,2026-09-05T07:57:40.506775+00:00,,,640,480
daheng_sn_FDE23080341,1556,183821828000000,183821828000000,183821828000000,2026-09-05T07:57:40.592090+00:00,18850,18169295789025,1920,1200
directshow_index_1,1569,183821875000000,183821875000000,183821875000000,2026-09-05T07:57:40.601092+00:00,,,640,480
daheng_sn_FDE23080341,1557,183821921000000,183821937000000,183821929000000,2026-09-05T07:57:40.697687+00:00,18862,18169388006625,1920,1200
directshow_index_1,1570,183821968000000,183821968000000,183821968000000,2026-09-05T07:57:40.698686+00:00,,,640,480
daheng_sn_FDE23080341,1558,183822015000000,183822015000000,183822015000000,2026-09-05T07:57:40.773489+00:00,18874,18169480224225,1920,1200
directshow_index_1,1571,183822062000000,183822062000000,183822062000000,2026-09-05T07:57:40.788323+00:00,,,640,480
daheng_sn_FDE23080341,1559,183822109000000,183822109000000,183822109000000,2026-09-05T07:57:40.867132+00:00,18886,18169572441825,1920,1200
directshow_index_1,1572,183822156000000,183822156000000,183822156000000,2026-09-05T07:57:40.884606+00:00,,,640,480
daheng_sn_FDE23080341,1560,183822203000000,183822203000000,183822203000000,2026-09-05T07:57:40.969107+00:00,18898,18169664659425,1920,1200
directshow_index_1,1573,183822250000000,183822250000000,183822250000000,2026-09-05T07:57:40.976869+00:00,,,640,480
daheng_sn_FDE23080341,1561,183822296000000,183822296000000,183822296000000,2026-09-05T07:57:41.058095+00:00,18910,18169756877025,1920,1200
directshow_index_1,1574,183822343000000,183822343000000,183822343000000,2026-09-05T07:57:41.068523+00:00,,,640,480
daheng_sn_FDE23080341,1562,183822390000000,183822390000000,183822390000000,2026-09-05T07:57:41.148828+00:00,18923,18169856779425,1920,1200
directshow_index_1,1575,183822437000000,183822437000000,183822437000000,2026-09-05T07:57:41.163106+00:00,,,640,480
daheng_sn_FDE23080341,1563,183822484000000,183822484000000,183822484000000,2026-09-05T07:57:41.249672+00:00,18935,18169948997025,1920,1200
directshow_index_1,1576,183822531000000,183822531000000,183822531000000,2026-09-05T07:57:41.264366+00:00,,,640,480
daheng_sn_FDE23080341,1564,183822578000000,183822578000000,183822578000000,2026-09-05T07:57:41.340595+00:00,18947,18170041214625,1920,1200
directshow_index_1,1577,183822625000000,183822625000000,183822625000000,2026-09-05T07:57:41.349800+00:00,,,640,480
daheng_sn_FDE23080341,1565,183822671000000,183822671000000,183822671000000,2026-09-05T07:57:41.435016+00:00,18960,18170141117025,1920,1200
directshow_index_1,1578,183822718000000,183822718000000,183822718000000,2026-09-05T07:57:41.441719+00:00,,,640,480
daheng_sn_FDE23080341,1566,183822765000000,183822765000000,183822765000000,2026-09-05T07:57:41.533165+00:00,18972,18170233334625,1920,1200
directshow_index_1,1579,183822812000000,183822812000000,183822812000000,2026-09-05T07:57:41.536099+00:00,,,640,480
daheng_sn_FDE23080341,1567,183822859000000,183822859000000,183822859000000,2026-09-05T07:57:41.619156+00:00,18984,18170325552225,1920,1200
directshow_index_1,1580,183822906000000,183822906000000,183822906000000,2026-09-05T07:57:41.629160+00:00,,,640,480
daheng_sn_FDE23080341,1568,183822953000000,183822953000000,183822953000000,2026-09-05T07:57:41.714359+00:00,18997,18170425454625,1920,1200
directshow_index_1,1581,183823000000000,183823000000000,183823000000000,2026-09-05T07:57:41.720726+00:00,,,640,480
daheng_sn_FDE23080341,1569,183823046000000,183823046000000,183823046000000,2026-09-05T07:57:41.810677+00:00,19008,18170509987425,1920,1200
directshow_index_1,1582,183823093000000,183823093000000,183823093000000,2026-09-05T07:57:41.818290+00:00,,,640,480
daheng_sn_FDE23080341,1570,183823140000000,183823140000000,183823140000000,2026-09-05T07:57:41.908636+00:00,19020,18170602205025,1920,1200
directshow_index_1,1583,183823187000000,183823187000000,183823187000000,2026-09-05T07:57:41.912812+00:00,,,640,480
daheng_sn_FDE23080341,1571,183823234000000,183823234000000,183823234000000,2026-09-05T07:57:41.993424+00:00,19033,18170702107425,1920,1200
directshow_index_1,1584,183823281000000,183823281000000,183823281000000,2026-09-05T07:57:42.005271+00:00,,,640,480
daheng_sn_FDE23080341,1572,183823328000000,183823328000000,183823328000000,2026-09-05T07:57:42.090844+00:00,19045,18170794325025,1920,1200
directshow_index_1,1585,183823375000000,183823375000000,183823375000000,2026-09-05T07:57:42.096858+00:00,,,640,480
daheng_sn_FDE23080341,1573,183823421000000,183823421000000,183823421000000,2026-09-05T07:57:42.190553+00:00,19057,18170886542625,1920,1200
directshow_index_1,1586,183823468000000,183823468000000,183823468000000,2026-09-05T07:57:42.197553+00:00,,,640,480
daheng_sn_FDE23080341,1574,183823515000000,183823515000000,183823515000000,2026-09-05T07:57:42.282790+00:00,19069,18170978760225,1920,1200
directshow_index_1,1587,183823562000000,183823562000000,183823562000000,2026-09-05T07:57:42.283790+00:00,,,640,480
daheng_sn_FDE23080341,1575,183823609000000,183823609000000,183823609000000,2026-09-05T07:57:42.375505+00:00,19081,18171070977825,1920,1200
directshow_index_1,1588,183823656000000,183823656000000,183823656000000,2026-09-05T07:57:42.383031+00:00,,,640,480
daheng_sn_FDE23080341,1576,183823703000000,183823703000000,183823703000000,2026-09-05T07:57:42.474063+00:00,19094,18171170880225,1920,1200
directshow_index_1,1589,183823750000000,183823750000000,183823750000000,2026-09-05T07:57:42.494079+00:00,,,640,480
daheng_sn_FDE23080341,1577,183823796000000,183823796000000,183823796000000,2026-09-05T07:57:42.563217+00:00,19106,18171263097825,1920,1200
directshow_index_1,1590,183823843000000,183823843000000,183823843000000,2026-09-05T07:57:42.570220+00:00,,,640,480
daheng_sn_FDE23080341,1578,183823890000000,183823890000000,183823890000000,2026-09-05T07:57:42.653121+00:00,19118,18171355315425,1920,1200
directshow_index_1,1591,183823937000000,183823937000000,183823937000000,2026-09-05T07:57:42.664539+00:00,,,640,480
daheng_sn_FDE23080341,1579,183823984000000,183823984000000,183823984000000,2026-09-05T07:57:42.750705+00:00,19130,18171447533025,1920,1200
directshow_index_1,1592,183824031000000,183824031000000,183824031000000,2026-09-05T07:57:42.758262+00:00,,,640,480
daheng_sn_FDE23080341,1580,183824078000000,183824078000000,183824078000000,2026-09-05T07:57:42.855398+00:00,19143,18171547435425,1920,1200
directshow_index_1,1593,183824125000000,183824125000000,183824125000000,2026-09-05T07:57:42.856402+00:00,,,640,480
daheng_sn_FDE23080341,1581,183824171000000,183824171000000,183824171000000,2026-09-05T07:57:42.938520+00:00,19154,18171631968225,1920,1200
directshow_index_1,1594,183824218000000,183824218000000,183824218000000,2026-09-05T07:57:42.944534+00:00,,,640,480
daheng_sn_FDE23080341,1582,183824265000000,183824265000000,183824265000000,2026-09-05T07:57:43.031878+00:00,19167,18171731870625,1920,1200
directshow_index_1,1595,183824312000000,183824312000000,183824312000000,2026-09-05T07:57:43.062049+00:00,,,640,480
daheng_sn_FDE23080341,1583,183824359000000,183824359000000,183824359000000,2026-09-05T07:57:43.118151+00:00,19179,18171824088225,1920,1200
directshow_index_1,1596,183824406000000,183824406000000,183824406000000,2026-09-05T07:57:43.133495+00:00,,,640,480
daheng_sn_FDE23080341,1584,183824453000000,183824453000000,183824453000000,2026-09-05T07:57:43.211445+00:00,19191,18171916305825,1920,1200
directshow_index_1,1597,183824500000000,183824500000000,183824500000000,2026-09-05T07:57:43.221974+00:00,,,640,480
daheng_sn_FDE23080341,1585,183824546000000,183824546000000,183824546000000,2026-09-05T07:57:43.306929+00:00,19204,18172016208225,1920,1200
directshow_index_1,1598,183824593000000,183824593000000,183824593000000,2026-09-05T07:57:43.321597+00:00,,,640,480
daheng_sn_FDE23080341,1586,183824640000000,183824640000000,183824640000000,2026-09-05T07:57:43.399656+00:00,19216,18172108425825,1920,1200
directshow_index_1,1599,183824687000000,183824687000000,183824687000000,2026-09-05T07:57:43.408631+00:00,,,640,480
daheng_sn_FDE23080341,1587,183824734000000,183824734000000,183824734000000,2026-09-05T07:57:43.498645+00:00,19228,18172200643425,1920,1200
directshow_index_1,1600,183824781000000,183824781000000,183824781000000,2026-09-05T07:57:43.507813+00:00,,,640,480
daheng_sn_FDE23080341,1588,183824828000000,183824828000000,183824828000000,2026-09-05T07:57:43.604704+00:00,19240,18172292861025,1920,1200
directshow_index_1,1601,183824875000000,183824890000000,183824882500000,2026-09-05T07:57:43.617815+00:00,,,640,480
daheng_sn_FDE23080341,1589,183824921000000,183824921000000,183824921000000,2026-09-05T07:57:43.692428+00:00,19252,18172385078625,1920,1200
directshow_index_1,1602,183824968000000,183824968000000,183824968000000,2026-09-05T07:57:43.693032+00:00,,,640,480
daheng_sn_FDE23080341,1590,183825015000000,183825015000000,183825015000000,2026-09-05T07:57:43.784764+00:00,19264,18172477296225,1920,1200
directshow_index_1,1603,183825062000000,183825062000000,183825062000000,2026-09-05T07:57:43.786365+00:00,,,640,480
daheng_sn_FDE23080341,1591,183825109000000,183825109000000,183825109000000,2026-09-05T07:57:43.874083+00:00,19277,18172577198625,1920,1200
directshow_index_1,1604,183825156000000,183825156000000,183825156000000,2026-09-05T07:57:43.879135+00:00,,,640,480
daheng_sn_FDE23080341,1592,183825203000000,183825203000000,183825203000000,2026-09-05T07:57:43.963154+00:00,19289,18172669416225,1920,1200
directshow_index_1,1605,183825250000000,183825250000000,183825250000000,2026-09-05T07:57:43.979404+00:00,,,640,480
daheng_sn_FDE23080341,1593,183825296000000,183825296000000,183825296000000,2026-09-05T07:57:44.054722+00:00,19301,18172761633825,1920,1200
directshow_index_1,1606,183825343000000,183825343000000,183825343000000,2026-09-05T07:57:44.067201+00:00,,,640,480
daheng_sn_FDE23080341,1594,183825390000000,183825390000000,183825390000000,2026-09-05T07:57:44.151333+00:00,19313,18172853851425,1920,1200
directshow_index_1,1607,183825437000000,183825437000000,183825437000000,2026-09-05T07:57:44.158332+00:00,,,640,480
daheng_sn_FDE23080341,1595,183825484000000,183825484000000,183825484000000,2026-09-05T07:57:44.246610+00:00,19325,18172946069025,1920,1200
directshow_index_1,1608,183825531000000,183825531000000,183825531000000,2026-09-05T07:57:44.254604+00:00,,,640,480
daheng_sn_FDE23080341,1596,183825578000000,183825578000000,183825578000000,2026-09-05T07:57:44.334683+00:00,19337,18173038286625,1920,1200
directshow_index_1,1609,183825625000000,183825625000000,183825625000000,2026-09-05T07:57:44.346920+00:00,,,640,480
daheng_sn_FDE23080341,1597,183825671000000,183825671000000,183825671000000,2026-09-05T07:57:44.437775+00:00,19349,18173130504225,1920,1200
directshow_index_1,1610,183825718000000,183825718000000,183825718000000,2026-09-05T07:57:44.447773+00:00,,,640,480
daheng_sn_FDE23080341,1598,183825765000000,183825765000000,183825765000000,2026-09-05T07:57:44.534301+00:00,19362,18173230406625,1920,1200
directshow_index_1,1611,183825812000000,183825812000000,183825812000000,2026-09-05T07:57:44.539290+00:00,,,640,480
daheng_sn_FDE23080341,1599,183825859000000,183825859000000,183825859000000,2026-09-05T07:57:44.636901+00:00,19374,18173322624225,1920,1200
directshow_index_1,1612,183825906000000,183825906000000,183825906000000,2026-09-05T07:57:44.636901+00:00,,,640,480
daheng_sn_FDE23080341,1600,183825953000000,183825953000000,183825953000000,2026-09-05T07:57:44.729307+00:00,19387,18173422526625,1920,1200
directshow_index_1,1613,183826000000000,183826000000000,183826000000000,2026-09-05T07:57:44.730310+00:00,,,640,480
daheng_sn_FDE23080341,1601,183826046000000,183826046000000,183826046000000,2026-09-05T07:57:44.828152+00:00,19398,18173507059425,1920,1200
directshow_index_1,1614,183826093000000,183826109000000,183826101000000,2026-09-05T07:57:44.852734+00:00,,,640,480
daheng_sn_FDE23080341,1602,183826140000000,183826140000000,183826140000000,2026-09-05T07:57:44.915450+00:00,19411,18173606961825,1920,1200
directshow_index_1,1615,183826187000000,183826187000000,183826187000000,2026-09-05T07:57:44.916025+00:00,,,640,480
daheng_sn_FDE23080341,1603,183826234000000,183826234000000,183826234000000,2026-09-05T07:57:45.011206+00:00,19423,18173699179425,1920,1200
directshow_index_1,1616,183826281000000,183826281000000,183826281000000,2026-09-05T07:57:45.011816+00:00,,,640,480
daheng_sn_FDE23080341,1604,183826328000000,183826328000000,183826328000000,2026-09-05T07:57:45.100973+00:00,19435,18173791397025,1920,1200
directshow_index_1,1617,183826375000000,183826375000000,183826375000000,2026-09-05T07:57:45.101971+00:00,,,640,480
daheng_sn_FDE23080341,1605,183826421000000,183826421000000,183826421000000,2026-09-05T07:57:45.192748+00:00,19447,18173883614625,1920,1200
directshow_index_1,1618,183826468000000,183826468000000,183826468000000,2026-09-05T07:57:45.194829+00:00,,,640,480
daheng_sn_FDE23080341,1606,183826515000000,183826515000000,183826515000000,2026-09-05T07:57:45.289428+00:00,19460,18173983517025,1920,1200
directshow_index_1,1619,183826562000000,183826562000000,183826562000000,2026-09-05T07:57:45.290429+00:00,,,640,480
daheng_sn_FDE23080341,1607,183826609000000,183826609000000,183826609000000,2026-09-05T07:57:45.379828+00:00,19471,18174068049825,1920,1200
directshow_index_1,1620,183826656000000,183826656000000,183826656000000,2026-09-05T07:57:45.385829+00:00,,,640,480
daheng_sn_FDE23080341,1608,183826703000000,183826703000000,183826703000000,2026-09-05T07:57:45.467654+00:00,19484,18174167952225,1920,1200
directshow_index_1,1621,183826750000000,183826750000000,183826750000000,2026-09-05T07:57:45.486652+00:00,,,640,480
daheng_sn_FDE23080341,1609,183826796000000,183826796000000,183826796000000,2026-09-05T07:57:45.560432+00:00,19496,18174260169825,1920,1200
directshow_index_1,1622,183826843000000,183826843000000,183826843000000,2026-09-05T07:57:45.565277+00:00,,,640,480
daheng_sn_FDE23080341,1610,183826890000000,183826890000000,183826890000000,2026-09-05T07:57:45.665750+00:00,19509,18174360072225,1920,1200
directshow_index_1,1623,183826937000000,183826937000000,183826937000000,2026-09-05T07:57:45.666266+00:00,,,640,480
daheng_sn_FDE23080341,1611,183826984000000,183826984000000,183826984000000,2026-09-05T07:57:45.752186+00:00,19521,18174452289825,1920,1200
directshow_index_1,1624,183827031000000,183827031000000,183827031000000,2026-09-05T07:57:45.763606+00:00,,,640,480
daheng_sn_FDE23080341,1612,183827078000000,183827078000000,183827078000000,2026-09-05T07:57:45.844683+00:00,19533,18174544507425,1920,1200
directshow_index_1,1625,183827125000000,183827125000000,183827125000000,2026-09-05T07:57:45.849864+00:00,,,640,480
daheng_sn_FDE23080341,1613,183827171000000,183827171000000,183827171000000,2026-09-05T07:57:45.935830+00:00,19545,18174636725025,1920,1200
directshow_index_1,1626,183827218000000,183827218000000,183827218000000,2026-09-05T07:57:45.942268+00:00,,,640,480
daheng_sn_FDE23080341,1614,183827265000000,183827265000000,183827265000000,2026-09-05T07:57:46.036157+00:00,19557,18174728942625,1920,1200
directshow_index_1,1627,183827312000000,183827312000000,183827312000000,2026-09-05T07:57:46.046788+00:00,,,640,480
daheng_sn_FDE23080341,1615,183827359000000,183827359000000,183827359000000,2026-09-05T07:57:46.110439+00:00,19570,18174828845025,1920,1200
directshow_index_1,1628,183827406000000,183827406000000,183827406000000,2026-09-05T07:57:46.130888+00:00,,,640,480
daheng_sn_FDE23080341,1616,183827453000000,183827453000000,183827453000000,2026-09-05T07:57:46.208544+00:00,19582,18174921062625,1920,1200
directshow_index_1,1629,183827500000000,183827500000000,183827500000000,2026-09-05T07:57:46.224582+00:00,,,640,480
daheng_sn_FDE23080341,1617,183827546000000,183827546000000,183827546000000,2026-09-05T07:57:46.302707+00:00,19594,18175013280225,1920,1200
directshow_index_1,1630,183827593000000,183827593000000,183827593000000,2026-09-05T07:57:46.317722+00:00,,,640,480
daheng_sn_FDE23080341,1618,183827640000000,183827640000000,183827640000000,2026-09-05T07:57:46.399833+00:00,19606,18175105497825,1920,1200
directshow_index_1,1631,183827687000000,183827687000000,183827687000000,2026-09-05T07:57:46.409629+00:00,,,640,480
daheng_sn_FDE23080341,1619,183827734000000,183827734000000,183827734000000,2026-09-05T07:57:46.499943+00:00,19618,18175197715425,1920,1200
directshow_index_1,1632,183827781000000,183827781000000,183827781000000,2026-09-05T07:57:46.503939+00:00,,,640,480
daheng_sn_FDE23080341,1620,183827828000000,183827828000000,183827828000000,2026-09-05T07:57:46.601973+00:00,19630,18175289933025,1920,1200
directshow_index_1,1633,183827875000000,183827875000000,183827875000000,2026-09-05T07:57:46.605979+00:00,,,640,480
daheng_sn_FDE23080341,1621,183827921000000,183827921000000,183827921000000,2026-09-05T07:57:46.678940+00:00,19644,18175397520225,1920,1200
directshow_index_1,1634,183827968000000,183827968000000,183827968000000,2026-09-05T07:57:46.692572+00:00,,,640,480
daheng_sn_FDE23080341,1622,183828015000000,183828015000000,183828015000000,2026-09-05T07:57:46.779251+00:00,19655,18175482053025,1920,1200
directshow_index_1,1635,183828062000000,183828062000000,183828062000000,2026-09-05T07:57:46.785251+00:00,,,640,480
daheng_sn_FDE23080341,1623,183828109000000,183828109000000,183828109000000,2026-09-05T07:57:46.866709+00:00,19667,18175574270625,1920,1200
directshow_index_1,1636,183828156000000,183828156000000,183828156000000,2026-09-05T07:57:46.883703+00:00,,,640,480
daheng_sn_FDE23080341,1624,183828203000000,183828203000000,183828203000000,2026-09-05T07:57:46.966253+00:00,19679,18175666488225,1920,1200
directshow_index_1,1637,183828250000000,183828250000000,183828250000000,2026-09-05T07:57:46.977253+00:00,,,640,480
daheng_sn_FDE23080341,1625,183828296000000,183828296000000,183828296000000,2026-09-05T07:57:47.081393+00:00,19691,18175758705825,1920,1200
directshow_index_1,1638,183828343000000,183828343000000,183828343000000,2026-09-05T07:57:47.082394+00:00,,,640,480
directshow_index_1,1639,183828437000000,183828437000000,183828437000000,2026-09-05T07:57:47.162523+00:00,,,640,480
daheng_sn_FDE23080341,1626,183828390000000,183828390000000,183828390000000,2026-09-05T07:57:47.170527+00:00,19703,18175850923425,1920,1200
directshow_index_1,1640,183828531000000,183828531000000,183828531000000,2026-09-05T07:57:47.254185+00:00,,,640,480
daheng_sn_FDE23080341,1627,183828484000000,183828484000000,183828484000000,2026-09-05T07:57:47.261186+00:00,19716,18175950825825,1920,1200
daheng_sn_FDE23080341,1628,183828578000000,183828578000000,183828578000000,2026-09-05T07:57:47.342740+00:00,19728,18176043043425,1920,1200
directshow_index_1,1641,183828625000000,183828625000000,183828625000000,2026-09-05T07:57:47.347740+00:00,,,640,480
daheng_sn_FDE23080341,1629,183828671000000,183828671000000,183828671000000,2026-09-05T07:57:47.436745+00:00,19740,18176135261025,1920,1200
directshow_index_1,1642,183828718000000,183828718000000,183828718000000,2026-09-05T07:57:47.444696+00:00,,,640,480
directshow_index_1,1643,183828812000000,183828812000000,183828812000000,2026-09-05T07:57:47.541555+00:00,,,640,480
daheng_sn_FDE23080341,1630,183828765000000,183828765000000,183828765000000,2026-09-05T07:57:47.553461+00:00,19752,18176227478625,1920,1200
directshow_index_1,1644,183828906000000,183828906000000,183828906000000,2026-09-05T07:57:47.634170+00:00,,,640,480
daheng_sn_FDE23080341,1631,183828859000000,183828859000000,183828859000000,2026-09-05T07:57:47.652976+00:00,19764,18176319696225,1920,1200
directshow_index_1,1645,183829000000000,183829000000000,183829000000000,2026-09-05T07:57:47.729610+00:00,,,640,480
daheng_sn_FDE23080341,1632,183828953000000,183828953000000,183828953000000,2026-09-05T07:57:47.739005+00:00,19777,18176419598625,1920,1200
directshow_index_1,1646,183829093000000,183829093000000,183829093000000,2026-09-05T07:57:47.819857+00:00,,,640,480
daheng_sn_FDE23080341,1633,183829046000000,183829046000000,183829046000000,2026-09-05T07:57:47.834287+00:00,19789,18176511816225,1920,1200
directshow_index_1,1647,183829187000000,183829187000000,183829187000000,2026-09-05T07:57:47.917954+00:00,,,640,480
daheng_sn_FDE23080341,1634,183829140000000,183829140000000,183829140000000,2026-09-05T07:57:47.946772+00:00,19801,18176604033825,1920,1200
directshow_index_1,1648,183829281000000,183829281000000,183829281000000,2026-09-05T07:57:48.008370+00:00,,,640,480
daheng_sn_FDE23080341,1635,183829234000000,183829234000000,183829234000000,2026-09-05T07:57:48.016812+00:00,19814,18176703936225,1920,1200
directshow_index_1,1649,183829375000000,183829375000000,183829375000000,2026-09-05T07:57:48.101786+00:00,,,640,480
daheng_sn_FDE23080341,1636,183829328000000,183829328000000,183829328000000,2026-09-05T07:57:48.113342+00:00,19826,18176796153825,1920,1200
directshow_index_1,1650,183829468000000,183829468000000,183829468000000,2026-09-05T07:57:48.197382+00:00,,,640,480
daheng_sn_FDE23080341,1637,183829421000000,183829421000000,183829421000000,2026-09-05T07:57:48.206374+00:00,19837,18176880686625,1920,1200
directshow_index_1,1651,183829562000000,183829562000000,183829562000000,2026-09-05T07:57:48.286992+00:00,,,640,480
daheng_sn_FDE23080341,1638,183829515000000,183829515000000,183829515000000,2026-09-05T07:57:48.293992+00:00,19850,18176980589025,1920,1200
directshow_index_1,1652,183829656000000,183829656000000,183829656000000,2026-09-05T07:57:48.379514+00:00,,,640,480
daheng_sn_FDE23080341,1639,183829609000000,183829609000000,183829609000000,2026-09-05T07:57:48.387512+00:00,19862,18177072806625,1920,1200
daheng_sn_FDE23080341,1640,183829703000000,183829703000000,183829703000000,2026-09-05T07:57:48.489054+00:00,19874,18177165024225,1920,1200
directshow_index_1,1653,183829750000000,183829750000000,183829750000000,2026-09-05T07:57:48.494056+00:00,,,640,480
daheng_sn_FDE23080341,1641,183829796000000,183829796000000,183829796000000,2026-09-05T07:57:48.568962+00:00,19887,18177264926625,1920,1200
directshow_index_1,1654,183829843000000,183829843000000,183829843000000,2026-09-05T07:57:48.573963+00:00,,,640,480
directshow_index_1,1655,183829937000000,183829937000000,183829937000000,2026-09-05T07:57:48.661888+00:00,,,640,480
daheng_sn_FDE23080341,1642,183829890000000,183829890000000,183829890000000,2026-09-05T07:57:48.671881+00:00,19899,18177357144225,1920,1200
daheng_sn_FDE23080341,1643,183829984000000,183829984000000,183829984000000,2026-09-05T07:57:48.755590+00:00,19911,18177449361825,1920,1200
directshow_index_1,1656,183830031000000,183830031000000,183830031000000,2026-09-05T07:57:48.756589+00:00,,,640,480
daheng_sn_FDE23080341,1644,183830078000000,183830078000000,183830078000000,2026-09-05T07:57:48.845266+00:00,19923,18177541579425,1920,1200
directshow_index_1,1657,183830125000000,183830125000000,183830125000000,2026-09-05T07:57:48.850273+00:00,,,640,480
daheng_sn_FDE23080341,1645,183830171000000,183830171000000,183830171000000,2026-09-05T07:57:48.941845+00:00,19936,18177641481825,1920,1200
directshow_index_1,1658,183830218000000,183830218000000,183830218000000,2026-09-05T07:57:48.949535+00:00,,,640,480
daheng_sn_FDE23080341,1646,183830265000000,183830265000000,183830265000000,2026-09-05T07:57:49.034202+00:00,19948,18177733699425,1920,1200
directshow_index_1,1659,183830312000000,183830312000000,183830312000000,2026-09-05T07:57:49.046692+00:00,,,640,480
daheng_sn_FDE23080341,1647,183830359000000,183830359000000,183830359000000,2026-09-05T07:57:49.133619+00:00,19960,18177825917025,1920,1200
directshow_index_1,1660,183830406000000,183830406000000,183830406000000,2026-09-05T07:57:49.133619+00:00,,,640,480
daheng_sn_FDE23080341,1648,183830453000000,183830453000000,183830453000000,2026-09-05T07:57:49.225191+00:00,19972,18177918134625,1920,1200
directshow_index_1,1661,183830500000000,183830500000000,183830500000000,2026-09-05T07:57:49.226190+00:00,,,640,480
daheng_sn_FDE23080341,1649,183830546000000,183830546000000,183830546000000,2026-09-05T07:57:49.313421+00:00,19984,18178010352225,1920,1200
directshow_index_1,1662,183830593000000,183830593000000,183830593000000,2026-09-05T07:57:49.321434+00:00,,,640,480
daheng_sn_FDE23080341,1650,183830640000000,183830640000000,183830640000000,2026-09-05T07:57:49.407371+00:00,19996,18178102569825,1920,1200
directshow_index_1,1663,183830687000000,183830687000000,183830687000000,2026-09-05T07:57:49.414366+00:00,,,640,480
daheng_sn_FDE23080341,1651,183830734000000,183830734000000,183830734000000,2026-09-05T07:57:49.504639+00:00,20008,18178194787425,1920,1200
directshow_index_1,1664,183830781000000,183830781000000,183830781000000,2026-09-05T07:57:49.509639+00:00,,,640,480
daheng_sn_FDE23080341,1652,183830828000000,183830828000000,183830828000000,2026-09-05T07:57:49.598440+00:00,20021,18178294689825,1920,1200
directshow_index_1,1665,183830875000000,183830875000000,183830875000000,2026-09-05T07:57:49.611235+00:00,,,640,480
directshow_index_1,1666,183830968000000,183830968000000,183830968000000,2026-09-05T07:57:49.696071+00:00,,,640,480
daheng_sn_FDE23080341,1653,183830921000000,183830921000000,183830921000000,2026-09-05T07:57:49.712072+00:00,20033,18178386907425,1920,1200
daheng_sn_FDE23080341,1654,183831015000000,183831015000000,183831015000000,2026-09-05T07:57:49.781648+00:00,20046,18178486809825,1920,1200
directshow_index_1,1667,183831062000000,183831062000000,183831062000000,2026-09-05T07:57:49.790647+00:00,,,640,480
daheng_sn_FDE23080341,1655,183831109000000,183831109000000,183831109000000,2026-09-05T07:57:49.875549+00:00,20057,18178571342625,1920,1200
directshow_index_1,1668,183831156000000,183831156000000,183831156000000,2026-09-05T07:57:49.882477+00:00,,,640,480
daheng_sn_FDE23080341,1656,183831203000000,183831203000000,183831203000000,2026-09-05T07:57:49.979098+00:00,20070,18178671245025,1920,1200
directshow_index_1,1669,183831250000000,183831250000000,183831250000000,2026-09-05T07:57:49.979766+00:00,,,640,480
daheng_sn_FDE23080341,1657,183831296000000,183831296000000,183831296000000,2026-09-05T07:57:50.056520+00:00,20082,18178763462625,1920,1200
directshow_index_1,1670,183831343000000,183831343000000,183831343000000,2026-09-05T07:57:50.066231+00:00,,,640,480
daheng_sn_FDE23080341,1658,183831390000000,183831390000000,183831390000000,2026-09-05T07:57:50.158399+00:00,20094,18178855680225,1920,1200
directshow_index_1,1671,183831437000000,183831437000000,183831437000000,2026-09-05T07:57:50.162400+00:00,,,640,480
directshow_index_1,1672,183831531000000,183831531000000,183831531000000,2026-09-05T07:57:50.258822+00:00,,,640,480
daheng_sn_FDE23080341,1659,183831484000000,183831500000000,183831492000000,2026-09-05T07:57:50.281205+00:00,20106,18178947897825,1920,1200
daheng_sn_FDE23080341,1660,183831578000000,183831578000000,183831578000000,2026-09-05T07:57:50.351117+00:00,20118,18179040115425,1920,1200
directshow_index_1,1673,183831625000000,183831625000000,183831625000000,2026-09-05T07:57:50.351755+00:00,,,640,480
daheng_sn_FDE23080341,1661,183831671000000,183831671000000,183831671000000,2026-09-05T07:57:50.439771+00:00,20130,18179132333025,1920,1200
directshow_index_1,1674,183831718000000,183831718000000,183831718000000,2026-09-05T07:57:50.440769+00:00,,,640,480
daheng_sn_FDE23080341,1662,183831765000000,183831765000000,183831765000000,2026-09-05T07:57:50.539955+00:00,20143,18179232235425,1920,1200
directshow_index_1,1675,183831812000000,183831812000000,183831812000000,2026-09-05T07:57:50.540956+00:00,,,640,480
daheng_sn_FDE23080341,1663,183831859000000,183831859000000,183831859000000,2026-09-05T07:57:50.629776+00:00,20155,18179324453025,1920,1200
directshow_index_1,1676,183831906000000,183831906000000,183831906000000,2026-09-05T07:57:50.629776+00:00,,,640,480
daheng_sn_FDE23080341,1664,183831953000000,183831953000000,183831953000000,2026-09-05T07:57:50.719357+00:00,20168,18179424355425,1920,1200
directshow_index_1,1677,183832000000000,183832000000000,183832000000000,2026-09-05T07:57:50.726003+00:00,,,640,480
directshow_index_1,1678,183832093000000,183832093000000,183832093000000,2026-09-05T07:57:50.817234+00:00,,,640,480
daheng_sn_FDE23080341,1665,183832046000000,183832046000000,183832046000000,2026-09-05T07:57:50.838849+00:00,20179,18179508888225,1920,1200
daheng_sn_FDE23080341,1666,183832140000000,183832140000000,183832140000000,2026-09-05T07:57:50.906554+00:00,20192,18179608790625,1920,1200
directshow_index_1,1679,183832187000000,183832187000000,183832187000000,2026-09-05T07:57:50.912816+00:00,,,640,480
daheng_sn_FDE23080341,1667,183832234000000,183832234000000,183832234000000,2026-09-05T07:57:51.002071+00:00,20204,18179701008225,1920,1200
directshow_index_1,1680,183832281000000,183832281000000,183832281000000,2026-09-05T07:57:51.009071+00:00,,,640,480
daheng_sn_FDE23080341,1668,183832328000000,183832328000000,183832328000000,2026-09-05T07:57:51.095864+00:00,20216,18179793225825,1920,1200
directshow_index_1,1681,183832375000000,183832375000000,183832375000000,2026-09-05T07:57:51.097619+00:00,,,640,480
daheng_sn_FDE23080341,1669,183832421000000,183832421000000,183832421000000,2026-09-05T07:57:51.195734+00:00,20228,18179885443425,1920,1200
directshow_index_1,1682,183832468000000,183832468000000,183832468000000,2026-09-05T07:57:51.195734+00:00,,,640,480
daheng_sn_FDE23080341,1670,183832515000000,183832515000000,183832515000000,2026-09-05T07:57:51.280951+00:00,20241,18179985345825,1920,1200
directshow_index_1,1683,183832562000000,183832562000000,183832562000000,2026-09-05T07:57:51.287943+00:00,,,640,480
directshow_index_1,1684,183832656000000,183832656000000,183832656000000,2026-09-05T07:57:51.394553+00:00,,,640,480
daheng_sn_FDE23080341,1671,183832609000000,183832609000000,183832609000000,2026-09-05T07:57:51.408556+00:00,20253,18180077563425,1920,1200
daheng_sn_FDE23080341,1672,183832703000000,183832703000000,183832703000000,2026-09-05T07:57:51.475505+00:00,20265,18180169781025,1920,1200
directshow_index_1,1685,183832750000000,183832750000000,183832750000000,2026-09-05T07:57:51.476877+00:00,,,640,480
daheng_sn_FDE23080341,1673,183832796000000,183832796000000,183832796000000,2026-09-05T07:57:51.561012+00:00,20277,18180261998625,1920,1200
directshow_index_1,1686,183832843000000,183832843000000,183832843000000,2026-09-05T07:57:51.572961+00:00,,,640,480
daheng_sn_FDE23080341,1674,183832890000000,183832890000000,183832890000000,2026-09-05T07:57:51.652511+00:00,20289,18180354216225,1920,1200
directshow_index_1,1687,183832937000000,183832937000000,183832937000000,2026-09-05T07:57:51.661594+00:00,,,640,480
daheng_sn_FDE23080341,1675,183832984000000,183832984000000,183832984000000,2026-09-05T07:57:51.751547+00:00,20301,18180446433825,1920,1200
directshow_index_1,1688,183833031000000,183833031000000,183833031000000,2026-09-05T07:57:51.757549+00:00,,,640,480
daheng_sn_FDE23080341,1676,183833078000000,183833078000000,183833078000000,2026-09-05T07:57:51.845447+00:00,20313,18180538651425,1920,1200
directshow_index_1,1689,183833125000000,183833125000000,183833125000000,2026-09-05T07:57:51.853044+00:00,,,640,480
daheng_sn_FDE23080341,1677,183833171000000,183833171000000,183833171000000,2026-09-05T07:57:51.940879+00:00,20325,18180630869025,1920,1200
directshow_index_1,1690,183833218000000,183833218000000,183833218000000,2026-09-05T07:57:51.941881+00:00,,,640,480
directshow_index_1,1691,183833312000000,183833312000000,183833312000000,2026-09-05T07:57:52.038070+00:00,,,640,480
daheng_sn_FDE23080341,1678,183833265000000,183833281000000,183833273000000,2026-09-05T07:57:52.060599+00:00,20338,18180730771425,1920,1200
daheng_sn_FDE23080341,1679,183833359000000,183833359000000,183833359000000,2026-09-05T07:57:52.124457+00:00,20350,18180822989025,1920,1200
directshow_index_1,1692,183833406000000,183833406000000,183833406000000,2026-09-05T07:57:52.134528+00:00,,,640,480
daheng_sn_FDE23080341,1680,183833453000000,183833453000000,183833453000000,2026-09-05T07:57:52.221715+00:00,20363,18180922891425,1920,1200
directshow_index_1,1693,183833500000000,183833500000000,183833500000000,2026-09-05T07:57:52.225715+00:00,,,640,480
daheng_sn_FDE23080341,1681,183833546000000,183833546000000,183833546000000,2026-09-05T07:57:52.316732+00:00,20374,18181007424225,1920,1200
directshow_index_1,1694,183833593000000,183833593000000,183833593000000,2026-09-05T07:57:52.324816+00:00,,,640,480
daheng_sn_FDE23080341,1682,183833640000000,183833640000000,183833640000000,2026-09-05T07:57:52.413512+00:00,20387,18181107326625,1920,1200
directshow_index_1,1695,183833687000000,183833687000000,183833687000000,2026-09-05T07:57:52.414506+00:00,,,640,480
directshow_index_1,1696,183833781000000,183833781000000,183833781000000,2026-09-05T07:57:52.503708+00:00,,,640,480
daheng_sn_FDE23080341,1683,183833734000000,183833734000000,183833734000000,2026-09-05T07:57:52.513709+00:00,20399,18181199544225,1920,1200
directshow_index_1,1697,183833875000000,183833875000000,183833875000000,2026-09-05T07:57:52.604561+00:00,,,640,480
daheng_sn_FDE23080341,1684,183833828000000,183833828000000,183833828000000,2026-09-05T07:57:52.624913+00:00,20411,18181291761825,1920,1200
directshow_index_1,1698,183833968000000,183833968000000,183833968000000,2026-09-05T07:57:52.695099+00:00,,,640,480
daheng_sn_FDE23080341,1685,183833921000000,183833921000000,183833921000000,2026-09-05T07:57:52.703099+00:00,20423,18181383979425,1920,1200
directshow_index_1,1699,183834062000000,183834062000000,183834062000000,2026-09-05T07:57:52.789732+00:00,,,640,480
daheng_sn_FDE23080341,1686,183834015000000,183834015000000,183834015000000,2026-09-05T07:57:52.794726+00:00,20436,18181483881825,1920,1200
daheng_sn_FDE23080341,1687,183834109000000,183834109000000,183834109000000,2026-09-05T07:57:52.879659+00:00,20448,18181576099425,1920,1200
directshow_index_1,1700,183834156000000,183834156000000,183834156000000,2026-09-05T07:57:52.885662+00:00,,,640,480
daheng_sn_FDE23080341,1688,183834203000000,183834203000000,183834203000000,2026-09-05T07:57:52.971364+00:00,20460,18181668317025,1920,1200
directshow_index_1,1701,183834250000000,183834250000000,183834250000000,2026-09-05T07:57:52.976371+00:00,,,640,480
daheng_sn_FDE23080341,1689,183834296000000,183834296000000,183834296000000,2026-09-05T07:57:53.069499+00:00,20472,18181760534625,1920,1200
directshow_index_1,1702,183834343000000,183834343000000,183834343000000,2026-09-05T07:57:53.071496+00:00,,,640,480
daheng_sn_FDE23080341,1690,183834390000000,183834390000000,183834390000000,2026-09-05T07:57:53.162998+00:00,20484,18181852752225,1920,1200
directshow_index_1,1703,183834437000000,183834437000000,183834437000000,2026-09-05T07:57:53.165005+00:00,,,640,480
directshow_index_1,1704,183834531000000,183834531000000,183834531000000,2026-09-05T07:57:53.260345+00:00,,,640,480
daheng_sn_FDE23080341,1691,183834484000000,183834484000000,183834484000000,2026-09-05T07:57:53.275536+00:00,20496,18181944969825,1920,1200
daheng_sn_FDE23080341,1692,183834578000000,183834578000000,183834578000000,2026-09-05T07:57:53.344427+00:00,20508,18182037187425,1920,1200
directshow_index_1,1705,183834625000000,183834625000000,183834625000000,2026-09-05T07:57:53.350420+00:00,,,640,480
daheng_sn_FDE23080341,1693,183834671000000,183834671000000,183834671000000,2026-09-05T07:57:53.448621+00:00,20521,18182137089825,1920,1200
directshow_index_1,1706,183834718000000,183834718000000,183834718000000,2026-09-05T07:57:53.449618+00:00,,,640,480
directshow_index_1,1707,183834812000000,183834812000000,183834812000000,2026-09-05T07:57:53.540232+00:00,,,640,480
daheng_sn_FDE23080341,1694,183834765000000,183834765000000,183834765000000,2026-09-05T07:57:53.547868+00:00,20533,18182229307425,1920,1200
directshow_index_1,1708,183834906000000,183834906000000,183834906000000,2026-09-05T07:57:53.630970+00:00,,,640,480
daheng_sn_FDE23080341,1695,183834859000000,183834859000000,183834859000000,2026-09-05T07:57:53.648507+00:00,20545,18182321525025,1920,1200
daheng_sn_FDE23080341,1696,183834953000000,183834953000000,183834953000000,2026-09-05T07:57:53.731184+00:00,20558,18182421427425,1920,1200
directshow_index_1,1709,183835000000000,183835000000000,183835000000000,2026-09-05T07:57:53.731770+00:00,,,640,480
daheng_sn_FDE23080341,1697,183835046000000,183835046000000,183835046000000,2026-09-05T07:57:53.822910+00:00,20570,18182513645025,1920,1200
directshow_index_1,1710,183835093000000,183835093000000,183835093000000,2026-09-05T07:57:53.823910+00:00,,,640,480
directshow_index_1,1711,183835187000000,183835187000000,183835187000000,2026-09-05T07:57:53.916683+00:00,,,640,480
daheng_sn_FDE23080341,1698,183835140000000,183835140000000,183835140000000,2026-09-05T07:57:53.951991+00:00,20582,18182605862625,1920,1200
daheng_sn_FDE23080341,1699,183835234000000,183835234000000,183835234000000,2026-09-05T07:57:54.010961+00:00,20594,18182698080225,1920,1200
directshow_index_1,1712,183835281000000,183835281000000,183835281000000,2026-09-05T07:57:54.011888+00:00,,,640,480
directshow_index_1,1713,183835375000000,183835375000000,183835375000000,2026-09-05T07:57:54.102232+00:00,,,640,480
daheng_sn_FDE23080341,1700,183835328000000,183835328000000,183835328000000,2026-09-05T07:57:54.111851+00:00,20607,18182797982625,1920,1200
directshow_index_1,1714,183835468000000,183835468000000,183835468000000,2026-09-05T07:57:54.193948+00:00,,,640,480
daheng_sn_FDE23080341,1701,183835421000000,183835421000000,183835421000000,2026-09-05T07:57:54.209635+00:00,20619,18182890200225,1920,1200
directshow_index_1,1715,183835562000000,183835562000000,183835562000000,2026-09-05T07:57:54.289090+00:00,,,640,480
daheng_sn_FDE23080341,1702,183835515000000,183835515000000,183835515000000,2026-09-05T07:57:54.299609+00:00,20631,18182982417825,1920,1200
directshow_index_1,1716,183835656000000,183835656000000,183835656000000,2026-09-05T07:57:54.384152+00:00,,,640,480
daheng_sn_FDE23080341,1703,183835609000000,183835609000000,183835609000000,2026-09-05T07:57:54.390745+00:00,20643,18183074635425,1920,1200
daheng_sn_FDE23080341,1704,183835703000000,183835703000000,183835703000000,2026-09-05T07:57:54.486889+00:00,20656,18183174537825,1920,1200
directshow_index_1,1717,183835750000000,183835750000000,183835750000000,2026-09-05T07:57:54.493889+00:00,,,640,480
directshow_index_1,1718,183835843000000,183835843000000,183835843000000,2026-09-05T07:57:54.570912+00:00,,,640,480
daheng_sn_FDE23080341,1705,183835796000000,183835796000000,183835796000000,2026-09-05T07:57:54.577699+00:00,20668,18183266755425,1920,1200
daheng_sn_FDE23080341,1706,183835890000000,183835890000000,183835890000000,2026-09-05T07:57:54.668377+00:00,20680,18183358973025,1920,1200
directshow_index_1,1719,183835937000000,183835937000000,183835937000000,2026-09-05T07:57:54.669374+00:00,,,640,480
directshow_index_1,1720,183836031000000,183836031000000,183836031000000,2026-09-05T07:57:54.754572+00:00,,,640,480
daheng_sn_FDE23080341,1707,183835984000000,183835984000000,183835984000000,2026-09-05T07:57:54.767580+00:00,20692,18183451190625,1920,1200
directshow_index_1,1721,183836125000000,183836125000000,183836125000000,2026-09-05T07:57:54.850801+00:00,,,640,480
daheng_sn_FDE23080341,1708,183836078000000,183836078000000,183836078000000,2026-09-05T07:57:54.860459+00:00,20704,18183543408225,1920,1200
daheng_sn_FDE23080341,1709,183836171000000,183836171000000,183836171000000,2026-09-05T07:57:54.951389+00:00,20716,18183635625825,1920,1200
directshow_index_1,1722,183836218000000,183836218000000,183836218000000,2026-09-05T07:57:54.958390+00:00,,,640,480
directshow_index_1,1723,183836312000000,183836312000000,183836312000000,2026-09-05T07:57:55.041222+00:00,,,640,480
daheng_sn_FDE23080341,1710,183836265000000,183836265000000,183836265000000,2026-09-05T07:57:55.047174+00:00,20728,18183727843425,1920,1200
directshow_index_1,1724,183836406000000,183836406000000,183836406000000,2026-09-05T07:57:55.135125+00:00,,,640,480
daheng_sn_FDE23080341,1711,183836359000000,183836375000000,183836367000000,2026-09-05T07:57:55.171623+00:00,20740,18183820061025,1920,1200
daheng_sn_FDE23080341,1712,183836453000000,183836453000000,183836453000000,2026-09-05T07:57:55.231998+00:00,20753,18183919963425,1920,1200
directshow_index_1,1725,183836500000000,183836500000000,183836500000000,2026-09-05T07:57:55.232613+00:00,,,640,480
directshow_index_1,1726,183836593000000,183836593000000,183836593000000,2026-09-05T07:57:55.322920+00:00,,,640,480
daheng_sn_FDE23080341,1713,183836546000000,183836546000000,183836546000000,2026-09-05T07:57:55.330886+00:00,20765,18184012181025,1920,1200
directshow_index_1,1727,183836687000000,183836687000000,183836687000000,2026-09-05T07:57:55.415572+00:00,,,640,480
daheng_sn_FDE23080341,1714,183836640000000,183836640000000,183836640000000,2026-09-05T07:57:55.424896+00:00,20777,18184104398625,1920,1200
directshow_index_1,1728,183836781000000,183836781000000,183836781000000,2026-09-05T07:57:55.506922+00:00,,,640,480
daheng_sn_FDE23080341,1715,183836734000000,183836734000000,183836734000000,2026-09-05T07:57:55.515924+00:00,20790,18184204301025,1920,1200
directshow_index_1,1729,183836875000000,183836875000000,183836875000000,2026-09-05T07:57:55.609049+00:00,,,640,480
daheng_sn_FDE23080341,1716,183836828000000,183836828000000,183836828000000,2026-09-05T07:57:55.620945+00:00,20802,18184296518625,1920,1200
daheng_sn_FDE23080341,1717,183836921000000,183836921000000,183836921000000,2026-09-05T07:57:55.717510+00:00,20814,18184388736225,1920,1200
directshow_index_1,1730,183836968000000,183836984000000,183836976000000,2026-09-05T07:57:55.724178+00:00,,,640,480
directshow_index_1,1731,183837062000000,183837062000000,183837062000000,2026-09-05T07:57:55.793491+00:00,,,640,480
daheng_sn_FDE23080341,1718,183837015000000,183837015000000,183837015000000,2026-09-05T07:57:55.815329+00:00,20826,18184480953825,1920,1200
directshow_index_1,1732,183837156000000,183837156000000,183837156000000,2026-09-05T07:57:55.886848+00:00,,,640,480
daheng_sn_FDE23080341,1719,183837109000000,183837109000000,183837109000000,2026-09-05T07:57:55.900673+00:00,20839,18184580856225,1920,1200
directshow_index_1,1733,183837250000000,183837250000000,183837250000000,2026-09-05T07:57:55.975021+00:00,,,640,480
daheng_sn_FDE23080341,1720,183837203000000,183837203000000,183837203000000,2026-09-05T07:57:55.998296+00:00,20851,18184673073825,1920,1200
directshow_index_1,1734,183837343000000,183837343000000,183837343000000,2026-09-05T07:57:56.075822+00:00,,,640,480
daheng_sn_FDE23080341,1721,183837296000000,183837296000000,183837296000000,2026-09-05T07:57:56.087156+00:00,20862,18184757606625,1920,1200
directshow_index_1,1735,183837437000000,183837437000000,183837437000000,2026-09-05T07:57:56.161462+00:00,,,640,480
daheng_sn_FDE23080341,1722,183837390000000,183837390000000,183837390000000,2026-09-05T07:57:56.180925+00:00,20876,18184865193825,1920,1200
directshow_index_1,1736,183837531000000,183837531000000,183837531000000,2026-09-05T07:57:56.256347+00:00,,,640,480
daheng_sn_FDE23080341,1723,183837484000000,183837484000000,183837484000000,2026-09-05T07:57:56.279355+00:00,20887,18184949726625,1920,1200
directshow_index_1,1737,183837625000000,183837625000000,183837625000000,2026-09-05T07:57:56.353457+00:00,,,640,480
daheng_sn_FDE23080341,1724,183837578000000,183837578000000,183837578000000,2026-09-05T07:57:56.377673+00:00,20899,18185041944225,1920,1200
directshow_index_1,1738,183837718000000,183837718000000,183837718000000,2026-09-05T07:57:56.446855+00:00,,,640,480
daheng_sn_FDE23080341,1725,183837671000000,183837671000000,183837671000000,2026-09-05T07:57:56.477491+00:00,20911,18185134161825,1920,1200
daheng_sn_FDE23080341,1726,183837765000000,183837765000000,183837765000000,2026-09-05T07:57:56.540959+00:00,20923,18185226379425,1920,1200
directshow_index_1,1739,183837812000000,183837812000000,183837812000000,2026-09-05T07:57:56.541527+00:00,,,640,480
daheng_sn_FDE23080341,1727,183837859000000,183837859000000,183837859000000,2026-09-05T07:57:56.633194+00:00,20936,18185326281825,1920,1200
directshow_index_1,1740,183837906000000,183837906000000,183837906000000,2026-09-05T07:57:56.636458+00:00,,,640,480
directshow_index_1,1741,183838000000000,183838000000000,183838000000000,2026-09-05T07:57:56.726752+00:00,,,640,480
daheng_sn_FDE23080341,1728,183837953000000,183837953000000,183837953000000,2026-09-05T07:57:56.738273+00:00,20948,18185418499425,1920,1200
daheng_sn_FDE23080341,1729,183838046000000,183838046000000,183838046000000,2026-09-05T07:57:56.823567+00:00,20961,18185518401825,1920,1200
directshow_index_1,1742,183838093000000,183838093000000,183838093000000,2026-09-05T07:57:56.824727+00:00,,,640,480
daheng_sn_FDE23080341,1730,183838140000000,183838140000000,183838140000000,2026-09-05T07:57:56.918370+00:00,20973,18185610619425,1920,1200
directshow_index_1,1743,183838187000000,183838187000000,183838187000000,2026-09-05T07:57:56.919493+00:00,,,640,480
daheng_sn_FDE23080341,1731,183838234000000,183838234000000,183838234000000,2026-09-05T07:57:57.019972+00:00,20985,18185702837025,1920,1200
directshow_index_1,1744,183838281000000,183838281000000,183838281000000,2026-09-05T07:57:57.027143+00:00,,,640,480
directshow_index_1,1745,183838375000000,183838375000000,183838375000000,2026-09-05T07:57:57.099498+00:00,,,640,480
daheng_sn_FDE23080341,1732,183838328000000,183838328000000,183838328000000,2026-09-05T07:57:57.128647+00:00,20997,18185795054625,1920,1200
directshow_index_1,1746,183838468000000,183838468000000,183838468000000,2026-09-05T07:57:57.196771+00:00,,,640,480
daheng_sn_FDE23080341,1733,183838421000000,183838421000000,183838421000000,2026-09-05T07:57:57.203819+00:00,21009,18185887272225,1920,1200
directshow_index_1,1747,183838562000000,183838562000000,183838562000000,2026-09-05T07:57:57.288146+00:00,,,640,480
daheng_sn_FDE23080341,1734,183838515000000,183838515000000,183838515000000,2026-09-05T07:57:57.294467+00:00,21021,18185979489825,1920,1200
directshow_index_1,1748,183838656000000,183838656000000,183838656000000,2026-09-05T07:57:57.381386+00:00,,,640,480
daheng_sn_FDE23080341,1735,183838609000000,183838609000000,183838609000000,2026-09-05T07:57:57.385545+00:00,21034,18186079392225,1920,1200
daheng_sn_FDE23080341,1736,183838703000000,183838703000000,183838703000000,2026-09-05T07:57:57.475643+00:00,21045,18186163925025,1920,1200
directshow_index_1,1749,183838750000000,183838750000000,183838750000000,2026-09-05T07:57:57.476641+00:00,,,640,480
daheng_sn_FDE23080341,1737,183838796000000,183838796000000,183838796000000,2026-09-05T07:57:57.569241+00:00,21057,18186256142625,1920,1200
directshow_index_1,1750,183838843000000,183838843000000,183838843000000,2026-09-05T07:57:57.575815+00:00,,,640,480
directshow_index_1,1751,183838937000000,183838937000000,183838937000000,2026-09-05T07:57:57.661347+00:00,,,640,480
daheng_sn_FDE23080341,1738,183838890000000,183838906000000,183838898000000,2026-09-05T07:57:57.697174+00:00,21070,18186356045025,1920,1200
directshow_index_1,1752,183839031000000,183839031000000,183839031000000,2026-09-05T07:57:57.759271+00:00,,,640,480
daheng_sn_FDE23080341,1739,183838984000000,183838984000000,183838984000000,2026-09-05T07:57:57.770266+00:00,21082,18186448262625,1920,1200
daheng_sn_FDE23080341,1740,183839078000000,183839078000000,183839078000000,2026-09-05T07:57:57.848610+00:00,21094,18186540480225,1920,1200
directshow_index_1,1753,183839125000000,183839125000000,183839125000000,2026-09-05T07:57:57.850631+00:00,,,640,480
daheng_sn_FDE23080341,1741,183839171000000,183839171000000,183839171000000,2026-09-05T07:57:57.937668+00:00,21106,18186632697825,1920,1200
directshow_index_1,1754,183839218000000,183839218000000,183839218000000,2026-09-05T07:57:57.944099+00:00,,,640,480
daheng_sn_FDE23080341,1742,183839265000000,183839265000000,183839265000000,2026-09-05T07:57:58.033221+00:00,21118,18186724915425,1920,1200
directshow_index_1,1755,183839312000000,183839312000000,183839312000000,2026-09-05T07:57:58.039568+00:00,,,640,480
daheng_sn_FDE23080341,1743,183839359000000,183839359000000,183839359000000,2026-09-05T07:57:58.131165+00:00,21131,18186824817825,1920,1200
directshow_index_1,1756,183839406000000,183839406000000,183839406000000,2026-09-05T07:57:58.135162+00:00,,,640,480
daheng_sn_FDE23080341,1744,183839453000000,183839453000000,183839453000000,2026-09-05T07:57:58.218329+00:00,21143,18186917035425,1920,1200
directshow_index_1,1757,183839500000000,183839500000000,183839500000000,2026-09-05T07:57:58.225335+00:00,,,640,480
daheng_sn_FDE23080341,1745,183839546000000,183839546000000,183839546000000,2026-09-05T07:57:58.329787+00:00,21156,18187016937825,1920,1200
directshow_index_1,1758,183839593000000,183839609000000,183839601000000,2026-09-05T07:57:58.336832+00:00,,,640,480
daheng_sn_FDE23080341,1746,183839640000000,183839640000000,183839640000000,2026-09-05T07:57:58.409296+00:00,21167,18187101470625,1920,1200
directshow_index_1,1759,183839687000000,183839687000000,183839687000000,2026-09-05T07:57:58.412547+00:00,,,640,480
daheng_sn_FDE23080341,1747,183839734000000,183839734000000,183839734000000,2026-09-05T07:57:58.499700+00:00,21180,18187201373025,1920,1200
directshow_index_1,1760,183839781000000,183839781000000,183839781000000,2026-09-05T07:57:58.506710+00:00,,,640,480
daheng_sn_FDE23080341,1748,183839828000000,183839828000000,183839828000000,2026-09-05T07:57:58.598214+00:00,21192,18187293590625,1920,1200
directshow_index_1,1761,183839875000000,183839875000000,183839875000000,2026-09-05T07:57:58.603224+00:00,,,640,480
daheng_sn_FDE23080341,1749,183839921000000,183839921000000,183839921000000,2026-09-05T07:57:58.692255+00:00,21204,18187385808225,1920,1200
directshow_index_1,1762,183839968000000,183839968000000,183839968000000,2026-09-05T07:57:58.694059+00:00,,,640,480
daheng_sn_FDE23080341,1750,183840015000000,183840015000000,183840015000000,2026-09-05T07:57:58.782941+00:00,21216,18187478025825,1920,1200
directshow_index_1,1763,183840062000000,183840062000000,183840062000000,2026-09-05T07:57:58.784940+00:00,,,640,480
directshow_index_1,1764,183840156000000,183840156000000,183840156000000,2026-09-05T07:57:58.900239+00:00,,,640,480
daheng_sn_FDE23080341,1751,183840109000000,183840109000000,183840109000000,2026-09-05T07:57:58.915997+00:00,21228,18187570243425,1920,1200
directshow_index_1,1765,183840250000000,183840250000000,183840250000000,2026-09-05T07:57:58.979696+00:00,,,640,480
daheng_sn_FDE23080341,1752,183840203000000,183840203000000,183840203000000,2026-09-05T07:57:58.997695+00:00,21240,18187662461025,1920,1200
daheng_sn_FDE23080341,1753,183840296000000,183840296000000,183840296000000,2026-09-05T07:57:59.071715+00:00,21253,18187762363425,1920,1200
directshow_index_1,1766,183840343000000,183840343000000,183840343000000,2026-09-05T07:57:59.076705+00:00,,,640,480
daheng_sn_FDE23080341,1754,183840390000000,183840390000000,183840390000000,2026-09-05T07:57:59.159543+00:00,21265,18187854581025,1920,1200
directshow_index_1,1767,183840437000000,183840437000000,183840437000000,2026-09-05T07:57:59.167025+00:00,,,640,480
directshow_index_1,1768,183840531000000,183840531000000,183840531000000,2026-09-05T07:57:59.255299+00:00,,,640,480
daheng_sn_FDE23080341,1755,183840484000000,183840484000000,183840484000000,2026-09-05T07:57:59.261391+00:00,21277,18187946798625,1920,1200
daheng_sn_FDE23080341,1756,183840578000000,183840578000000,183840578000000,2026-09-05T07:57:59.347666+00:00,21290,18188046701025,1920,1200
directshow_index_1,1769,183840625000000,183840625000000,183840625000000,2026-09-05T07:57:59.351667+00:00,,,640,480
directshow_index_1,1770,183840718000000,183840718000000,183840718000000,2026-09-05T07:57:59.448779+00:00,,,640,480
daheng_sn_FDE23080341,1757,183840671000000,183840671000000,183840671000000,2026-09-05T07:57:59.459845+00:00,21302,18188138918625,1920,1200
directshow_index_1,1771,183840812000000,183840812000000,183840812000000,2026-09-05T07:57:59.546679+00:00,,,640,480
daheng_sn_FDE23080341,1758,183840765000000,183840781000000,183840773000000,2026-09-05T07:57:59.576156+00:00,21314,18188231136225,1920,1200
daheng_sn_FDE23080341,1759,183840859000000,183840859000000,183840859000000,2026-09-05T07:57:59.633649+00:00,21326,18188323353825,1920,1200
directshow_index_1,1772,183840906000000,183840906000000,183840906000000,2026-09-05T07:57:59.634241+00:00,,,640,480
daheng_sn_FDE23080341,1760,183840953000000,183840953000000,183840953000000,2026-09-05T07:57:59.725718+00:00,21338,18188415571425,1920,1200
directshow_index_1,1773,183841000000000,183841000000000,183841000000000,2026-09-05T07:57:59.726336+00:00,,,640,480
daheng_sn_FDE23080341,1761,183841046000000,183841046000000,183841046000000,2026-09-05T07:57:59.818174+00:00,21350,18188507789025,1920,1200
directshow_index_1,1774,183841093000000,183841093000000,183841093000000,2026-09-05T07:57:59.818806+00:00,,,640,480
daheng_sn_FDE23080341,1762,183841140000000,183841140000000,183841140000000,2026-09-05T07:57:59.904126+00:00,21363,18188607691425,1920,1200
directshow_index_1,1775,183841187000000,183841187000000,183841187000000,2026-09-05T07:57:59.913714+00:00,,,640,480
daheng_sn_FDE23080341,1763,183841234000000,183841234000000,183841234000000,2026-09-05T07:58:00.009019+00:00,21375,18188699909025,1920,1200
directshow_index_1,1776,183841281000000,183841281000000,183841281000000,2026-09-05T07:58:00.009019+00:00,,,640,480
daheng_sn_FDE23080341,1764,183841328000000,183841328000000,183841328000000,2026-09-05T07:58:00.097655+00:00,21387,18188792126625,1920,1200
directshow_index_1,1777,183841375000000,183841375000000,183841375000000,2026-09-05T07:58:00.099654+00:00,,,640,480
directshow_index_1,1778,183841468000000,183841468000000,183841468000000,2026-09-05T07:58:00.196633+00:00,,,640,480
daheng_sn_FDE23080341,1765,183841421000000,183841437000000,183841429000000,2026-09-05T07:58:00.220469+00:00,21399,18188884344225,1920,1200
daheng_sn_FDE23080341,1766,183841515000000,183841515000000,183841515000000,2026-09-05T07:58:00.295065+00:00,21412,18188984246625,1920,1200
directshow_index_1,1779,183841562000000,183841562000000,183841562000000,2026-09-05T07:58:00.296066+00:00,,,640,480
daheng_sn_FDE23080341,1767,183841609000000,183841609000000,183841609000000,2026-09-05T07:58:00.388612+00:00,21423,18189068779425,1920,1200
directshow_index_1,1780,183841656000000,183841656000000,183841656000000,2026-09-05T07:58:00.389239+00:00,,,640,480
daheng_sn_FDE23080341,1768,183841703000000,183841703000000,183841703000000,2026-09-05T07:58:00.481901+00:00,21436,18189168681825,1920,1200
directshow_index_1,1781,183841750000000,183841750000000,183841750000000,2026-09-05T07:58:00.482907+00:00,,,640,480
daheng_sn_FDE23080341,1769,183841796000000,183841796000000,183841796000000,2026-09-05T07:58:00.573597+00:00,21448,18189260899425,1920,1200
directshow_index_1,1782,183841843000000,183841843000000,183841843000000,2026-09-05T07:58:00.574596+00:00,,,640,480
daheng_sn_FDE23080341,1770,183841890000000,183841890000000,183841890000000,2026-09-05T07:58:00.668620+00:00,21461,18189360801825,1920,1200
directshow_index_1,1783,183841937000000,183841937000000,183841937000000,2026-09-05T07:58:00.669222+00:00,,,640,480
daheng_sn_FDE23080341,1771,183841984000000,183841984000000,183841984000000,2026-09-05T07:58:00.758629+00:00,21473,18189453019425,1920,1200
directshow_index_1,1784,183842031000000,183842031000000,183842031000000,2026-09-05T07:58:00.759629+00:00,,,640,480
directshow_index_1,1785,183842125000000,183842125000000,183842125000000,2026-09-05T07:58:00.851818+00:00,,,640,480
daheng_sn_FDE23080341,1772,183842078000000,183842093000000,183842085500000,2026-09-05T07:58:00.880374+00:00,21485,18189545237025,1920,1200
directshow_index_1,1786,183842218000000,183842218000000,183842218000000,2026-09-05T07:58:00.942508+00:00,,,640,480
daheng_sn_FDE23080341,1773,183842171000000,183842171000000,183842171000000,2026-09-05T07:58:00.951591+00:00,21497,18189637454625,1920,1200
daheng_sn_FDE23080341,1774,183842265000000,183842265000000,183842265000000,2026-09-05T07:58:01.041561+00:00,21509,18189729672225,1920,1200
directshow_index_1,1787,183842312000000,183842312000000,183842312000000,2026-09-05T07:58:01.042737+00:00,,,640,480
directshow_index_1,1788,183842406000000,183842406000000,183842406000000,2026-09-05T07:58:01.134627+00:00,,,640,480
daheng_sn_FDE23080341,1775,183842359000000,183842359000000,183842359000000,2026-09-05T07:58:01.151430+00:00,21521,18189821889825,1920,1200
directshow_index_1,1789,183842500000000,183842500000000,183842500000000,2026-09-05T07:58:01.226431+00:00,,,640,480
daheng_sn_FDE23080341,1776,183842453000000,183842453000000,183842453000000,2026-09-05T07:58:01.237425+00:00,21534,18189921792225,1920,1200
daheng_sn_FDE23080341,1777,183842546000000,183842546000000,183842546000000,2026-09-05T07:58:01.324857+00:00,21546,18190014009825,1920,1200
directshow_index_1,1790,183842593000000,183842593000000,183842593000000,2026-09-05T07:58:01.325403+00:00,,,640,480
daheng_sn_FDE23080341,1778,183842640000000,183842640000000,183842640000000,2026-09-05T07:58:01.435711+00:00,21558,18190106227425,1920,1200
directshow_index_1,1791,183842687000000,183842687000000,183842687000000,2026-09-05T07:58:01.438709+00:00,,,640,480
directshow_index_1,1792,183842781000000,183842781000000,183842781000000,2026-09-05T07:58:01.508854+00:00,,,640,480
daheng_sn_FDE23080341,1779,183842734000000,183842734000000,183842734000000,2026-09-05T07:58:01.518601+00:00,21570,18190198445025,1920,1200
daheng_sn_FDE23080341,1780,183842828000000,183842828000000,183842828000000,2026-09-05T07:58:01.603188+00:00,21582,18190290662625,1920,1200
directshow_index_1,1793,183842875000000,183842875000000,183842875000000,2026-09-05T07:58:01.609197+00:00,,,640,480
directshow_index_1,1794,183842968000000,183842968000000,183842968000000,2026-09-05T07:58:01.693995+00:00,,,640,480
daheng_sn_FDE23080341,1781,183842921000000,183842921000000,183842921000000,2026-09-05T07:58:01.706865+00:00,21595,18190390565025,1920,1200
directshow_index_1,1795,183843062000000,183843062000000,183843062000000,2026-09-05T07:58:01.790202+00:00,,,640,480
daheng_sn_FDE23080341,1782,183843015000000,183843015000000,183843015000000,2026-09-05T07:58:01.798483+00:00,21607,18190482782625,1920,1200
directshow_index_1,1796,183843156000000,183843156000000,183843156000000,2026-09-05T07:58:01.880229+00:00,,,640,480
daheng_sn_FDE23080341,1783,183843109000000,183843109000000,183843109000000,2026-09-05T07:58:01.898277+00:00,21619,18190575000225,1920,1200
daheng_sn_FDE23080341,1784,183843203000000,183843203000000,183843203000000,2026-09-05T07:58:01.981516+00:00,21632,18190674902625,1920,1200
directshow_index_1,1797,183843250000000,183843250000000,183843250000000,2026-09-05T07:58:01.981516+00:00,,,640,480
directshow_index_1,1798,183843343000000,183843343000000,183843343000000,2026-09-05T07:58:02.070177+00:00,,,640,480
daheng_sn_FDE23080341,1785,183843296000000,183843296000000,183843296000000,2026-09-05T07:58:02.103561+00:00,21643,18190759435425,1920,1200
daheng_sn_FDE23080341,1786,183843390000000,183843390000000,183843390000000,2026-09-05T07:58:02.169851+00:00,21656,18190859337825,1920,1200
directshow_index_1,1799,183843437000000,183843437000000,183843437000000,2026-09-05T07:58:02.171065+00:00,,,640,480
directshow_index_1,1800,183843531000000,183843531000000,183843531000000,2026-09-05T07:58:02.256303+00:00,,,640,480
daheng_sn_FDE23080341,1787,183843484000000,183843484000000,183843484000000,2026-09-05T07:58:02.269296+00:00,21668,18190951555425,1920,1200
directshow_index_1,1801,183843625000000,183843625000000,183843625000000,2026-09-05T07:58:02.353689+00:00,,,640,480
daheng_sn_FDE23080341,1788,183843578000000,183843578000000,183843578000000,2026-09-05T07:58:02.370389+00:00,21680,18191043773025,1920,1200
directshow_index_1,1802,183843718000000,183843718000000,183843718000000,2026-09-05T07:58:02.442824+00:00,,,640,480
daheng_sn_FDE23080341,1789,183843671000000,183843671000000,183843671000000,2026-09-05T07:58:02.453474+00:00,21693,18191143675425,1920,1200
directshow_index_1,1803,183843812000000,183843812000000,183843812000000,2026-09-05T07:58:02.539997+00:00,,,640,480
daheng_sn_FDE23080341,1790,183843765000000,183843765000000,183843765000000,2026-09-05T07:58:02.547801+00:00,21704,18191228208225,1920,1200
daheng_sn_FDE23080341,1791,183843859000000,183843859000000,183843859000000,2026-09-05T07:58:02.644737+00:00,21716,18191320425825,1920,1200
directshow_index_1,1804,183843906000000,183843906000000,183843906000000,2026-09-05T07:58:02.656026+00:00,,,640,480
directshow_index_1,1805,183844000000000,183844000000000,183844000000000,2026-09-05T07:58:02.723891+00:00,,,640,480
daheng_sn_FDE23080341,1792,183843953000000,183843953000000,183843953000000,2026-09-05T07:58:02.740907+00:00,21729,18191420328225,1920,1200
daheng_sn_FDE23080341,1793,183844046000000,183844046000000,183844046000000,2026-09-05T07:58:02.823630+00:00,21741,18191512545825,1920,1200
directshow_index_1,1806,183844093000000,183844093000000,183844093000000,2026-09-05T07:58:02.824630+00:00,,,640,480
directshow_index_1,1807,183844187000000,183844187000000,183844187000000,2026-09-05T07:58:02.909508+00:00,,,640,480
daheng_sn_FDE23080341,1794,183844140000000,183844140000000,183844140000000,2026-09-05T07:58:02.920091+00:00,21754,18191612448225,1920,1200
directshow_index_1,1808,183844281000000,183844281000000,183844281000000,2026-09-05T07:58:03.005562+00:00,,,640,480
daheng_sn_FDE23080341,1795,183844234000000,183844234000000,183844234000000,2026-09-05T07:58:03.017073+00:00,21766,18191704665825,1920,1200
daheng_sn_FDE23080341,1796,183844328000000,183844328000000,183844328000000,2026-09-05T07:58:03.106319+00:00,21778,18191796883425,1920,1200
directshow_index_1,1809,183844375000000,183844375000000,183844375000000,2026-09-05T07:58:03.107040+00:00,,,640,480
daheng_sn_FDE23080341,1797,183844421000000,183844421000000,183844421000000,2026-09-05T07:58:03.199704+00:00,21790,18191889101025,1920,1200
directshow_index_1,1810,183844468000000,183844468000000,183844468000000,2026-09-05T07:58:03.200699+00:00,,,640,480
directshow_index_1,1811,183844562000000,183844562000000,183844562000000,2026-09-05T07:58:03.287675+00:00,,,640,480
daheng_sn_FDE23080341,1798,183844515000000,183844515000000,183844515000000,2026-09-05T07:58:03.302426+00:00,21802,18191981318625,1920,1200
directshow_index_1,1812,183844656000000,183844656000000,183844656000000,2026-09-05T07:58:03.379357+00:00,,,640,480
daheng_sn_FDE23080341,1799,183844609000000,183844609000000,183844609000000,2026-09-05T07:58:03.386359+00:00,21814,18192073536225,1920,1200
directshow_index_1,1813,183844750000000,183844750000000,183844750000000,2026-09-05T07:58:03.477338+00:00,,,640,480
daheng_sn_FDE23080341,1800,183844703000000,183844703000000,183844703000000,2026-09-05T07:58:03.487535+00:00,21826,18192165753825,1920,1200
daheng_sn_FDE23080341,1801,183844796000000,183844796000000,183844796000000,2026-09-05T07:58:03.567315+00:00,21839,18192265656225,1920,1200
directshow_index_1,1814,183844843000000,183844843000000,183844843000000,2026-09-05T07:58:03.569033+00:00,,,640,480
daheng_sn_FDE23080341,1802,183844890000000,183844890000000,183844890000000,2026-09-05T07:58:03.649294+00:00,21851,18192357873825,1920,1200
directshow_index_1,1815,183844937000000,183844937000000,183844937000000,2026-09-05T07:58:03.662886+00:00,,,640,480
daheng_sn_FDE23080341,1803,183844984000000,183844984000000,183844984000000,2026-09-05T07:58:03.750064+00:00,21863,18192450091425,1920,1200
directshow_index_1,1816,183845031000000,183845031000000,183845031000000,2026-09-05T07:58:03.752081+00:00,,,640,480
directshow_index_1,1817,183845125000000,183845125000000,183845125000000,2026-09-05T07:58:03.850177+00:00,,,640,480
daheng_sn_FDE23080341,1804,183845078000000,183845078000000,183845078000000,2026-09-05T07:58:03.875303+00:00,21875,18192542309025,1920,1200
daheng_sn_FDE23080341,1805,183845171000000,183845171000000,183845171000000,2026-09-05T07:58:03.940501+00:00,21888,18192642211425,1920,1200
directshow_index_1,1818,183845218000000,183845218000000,183845218000000,2026-09-05T07:58:03.945094+00:00,,,640,480
daheng_sn_FDE23080341,1806,183845265000000,183845265000000,183845265000000,2026-09-05T07:58:04.036589+00:00,21900,18192734429025,1920,1200
directshow_index_1,1819,183845312000000,183845312000000,183845312000000,2026-09-05T07:58:04.038582+00:00,,,640,480
daheng_sn_FDE23080341,1807,183845359000000,183845359000000,183845359000000,2026-09-05T07:58:04.131334+00:00,21912,18192826646625,1920,1200
directshow_index_1,1820,183845406000000,183845406000000,183845406000000,2026-09-05T07:58:04.134428+00:00,,,640,480
daheng_sn_FDE23080341,1808,183845453000000,183845453000000,183845453000000,2026-09-05T07:58:04.230485+00:00,21924,18192918864225,1920,1200
directshow_index_1,1821,183845500000000,183845500000000,183845500000000,2026-09-05T07:58:04.231121+00:00,,,640,480
daheng_sn_FDE23080341,1809,183845546000000,183845546000000,183845546000000,2026-09-05T07:58:04.316740+00:00,21936,18193011081825,1920,1200
directshow_index_1,1822,183845593000000,183845593000000,183845593000000,2026-09-05T07:58:04.320199+00:00,,,640,480
daheng_sn_FDE23080341,1810,183845640000000,183845640000000,183845640000000,2026-09-05T07:58:04.402711+00:00,21949,18193110984225,1920,1200
directshow_index_1,1823,183845687000000,183845687000000,183845687000000,2026-09-05T07:58:04.413886+00:00,,,640,480
directshow_index_1,1824,183845781000000,183845781000000,183845781000000,2026-09-05T07:58:04.503492+00:00,,,640,480
daheng_sn_FDE23080341,1811,183845734000000,183845750000000,183845742000000,2026-09-05T07:58:04.521765+00:00,21960,18193195517025,1920,1200
daheng_sn_FDE23080341,1812,183845828000000,183845828000000,183845828000000,2026-09-05T07:58:04.593899+00:00,21972,18193287734625,1920,1200
directshow_index_1,1825,183845875000000,183845875000000,183845875000000,2026-09-05T07:58:04.600502+00:00,,,640,480
daheng_sn_FDE23080341,1813,183845921000000,183845921000000,183845921000000,2026-09-05T07:58:04.685802+00:00,21985,18193387637025,1920,1200
directshow_index_1,1826,183845968000000,183845968000000,183845968000000,2026-09-05T07:58:04.690804+00:00,,,640,480
daheng_sn_FDE23080341,1814,183846015000000,183846015000000,183846015000000,2026-09-05T07:58:04.780208+00:00,21997,18193479854625,1920,1200
directshow_index_1,1827,183846062000000,183846062000000,183846062000000,2026-09-05T07:58:04.786207+00:00,,,640,480
daheng_sn_FDE23080341,1815,183846109000000,183846109000000,183846109000000,2026-09-05T07:58:04.879141+00:00,22010,18193579757025,1920,1200
directshow_index_1,1828,183846156000000,183846156000000,183846156000000,2026-09-05T07:58:04.882506+00:00,,,640,480
daheng_sn_FDE23080341,1816,183846203000000,183846203000000,183846203000000,2026-09-05T07:58:04.967483+00:00,22022,18193671974625,1920,1200
directshow_index_1,1829,183846250000000,183846250000000,183846250000000,2026-09-05T07:58:04.977011+00:00,,,640,480
directshow_index_1,1830,183846343000000,183846343000000,183846343000000,2026-09-05T07:58:05.070795+00:00,,,640,480
daheng_sn_FDE23080341,1817,183846296000000,183846296000000,183846296000000,2026-09-05T07:58:05.080795+00:00,22034,18193764192225,1920,1200
daheng_sn_FDE23080341,1818,183846390000000,183846390000000,183846390000000,2026-09-05T07:58:05.154034+00:00,22046,18193856409825,1920,1200
directshow_index_1,1831,183846437000000,183846437000000,183846437000000,2026-09-05T07:58:05.159111+00:00,,,640,480
daheng_sn_FDE23080341,1819,183846484000000,183846484000000,183846484000000,2026-09-05T07:58:05.248366+00:00,22058,18193948627425,1920,1200
directshow_index_1,1832,183846531000000,183846531000000,183846531000000,2026-09-05T07:58:05.259877+00:00,,,640,480
daheng_sn_FDE23080341,1820,183846578000000,183846578000000,183846578000000,2026-09-05T07:58:05.342988+00:00,22070,18194040845025,1920,1200
directshow_index_1,1833,183846625000000,183846625000000,183846625000000,2026-09-05T07:58:05.346993+00:00,,,640,480
daheng_sn_FDE23080341,1821,183846671000000,183846671000000,183846671000000,2026-09-05T07:58:05.433328+00:00,22082,18194133062625,1920,1200
directshow_index_1,1834,183846718000000,183846718000000,183846718000000,2026-09-05T07:58:05.443069+00:00,,,640,480
daheng_sn_FDE23080341,1822,183846765000000,183846765000000,183846765000000,2026-09-05T07:58:05.522586+00:00,22096,18194240649825,1920,1200
directshow_index_1,1835,183846812000000,183846812000000,183846812000000,2026-09-05T07:58:05.535942+00:00,,,640,480
directshow_index_1,1836,183846906000000,183846906000000,183846906000000,2026-09-05T07:58:05.629739+00:00,,,640,480
daheng_sn_FDE23080341,1823,183846859000000,183846859000000,183846859000000,2026-09-05T07:58:05.636731+00:00,22107,18194325182625,1920,1200
daheng_sn_FDE23080341,1824,183846953000000,183846953000000,183846953000000,2026-09-05T07:58:05.713790+00:00,22119,18194417400225,1920,1200
directshow_index_1,1837,183847000000000,183847000000000,183847000000000,2026-09-05T07:58:05.723769+00:00,,,640,480
daheng_sn_FDE23080341,1825,183847046000000,183847046000000,183847046000000,2026-09-05T07:58:05.817576+00:00,22131,18194509617825,1920,1200
directshow_index_1,1838,183847093000000,183847093000000,183847093000000,2026-09-05T07:58:05.820269+00:00,,,640,480
daheng_sn_FDE23080341,1826,183847140000000,183847140000000,183847140000000,2026-09-05T07:58:05.905145+00:00,22143,18194601835425,1920,1200
directshow_index_1,1839,183847187000000,183847187000000,183847187000000,2026-09-05T07:58:05.912159+00:00,,,640,480
daheng_sn_FDE23080341,1827,183847234000000,183847234000000,183847234000000,2026-09-05T07:58:06.001834+00:00,22156,18194701737825,1920,1200
directshow_index_1,1840,183847281000000,183847281000000,183847281000000,2026-09-05T07:58:06.007842+00:00,,,640,480
directshow_index_1,1841,183847375000000,183847375000000,183847375000000,2026-09-05T07:58:06.098519+00:00,,,640,480
daheng_sn_FDE23080341,1828,183847328000000,183847328000000,183847328000000,2026-09-05T07:58:06.105873+00:00,22168,18194793955425,1920,1200
daheng_sn_FDE23080341,1829,183847421000000,183847421000000,183847421000000,2026-09-05T07:58:06.206525+00:00,22180,18194886173025,1920,1200
directshow_index_1,1842,183847468000000,183847484000000,183847476000000,2026-09-05T07:58:06.209524+00:00,,,640,480
directshow_index_1,1843,183847562000000,183847562000000,183847562000000,2026-09-05T07:58:06.287945+00:00,,,640,480
daheng_sn_FDE23080341,1830,183847515000000,183847515000000,183847515000000,2026-09-05T07:58:06.306989+00:00,22192,18194978390625,1920,1200
directshow_index_1,1844,183847656000000,183847656000000,183847656000000,2026-09-05T07:58:06.380440+00:00,,,640,480
daheng_sn_FDE23080341,1831,183847609000000,183847609000000,183847609000000,2026-09-05T07:58:06.405318+00:00,22205,18195078293025,1920,1200
daheng_sn_FDE23080341,1832,183847703000000,183847703000000,183847703000000,2026-09-05T07:58:06.466887+00:00,22217,18195170510625,1920,1200
directshow_index_1,1845,183847750000000,183847750000000,183847750000000,2026-09-05T07:58:06.474903+00:00,,,640,480
daheng_sn_FDE23080341,1833,183847796000000,183847796000000,183847796000000,2026-09-05T07:58:06.567494+00:00,22229,18195262728225,1920,1200
directshow_index_1,1846,183847843000000,183847843000000,183847843000000,2026-09-05T07:58:06.569493+00:00,,,640,480
daheng_sn_FDE23080341,1834,183847890000000,183847890000000,183847890000000,2026-09-05T07:58:06.653925+00:00,22241,18195354945825,1920,1200
directshow_index_1,1847,183847937000000,183847937000000,183847937000000,2026-09-05T07:58:06.663005+00:00,,,640,480
daheng_sn_FDE23080341,1835,183847984000000,183847984000000,183847984000000,2026-09-05T07:58:06.745533+00:00,22254,18195454848225,1920,1200
directshow_index_1,1848,183848031000000,183848031000000,183848031000000,2026-09-05T07:58:06.754044+00:00,,,640,480
directshow_index_1,1849,183848125000000,183848125000000,183848125000000,2026-09-05T07:58:06.849442+00:00,,,640,480
daheng_sn_FDE23080341,1836,183848078000000,183848078000000,183848078000000,2026-09-05T07:58:06.856337+00:00,22266,18195547065825,1920,1200
daheng_sn_FDE23080341,1837,183848171000000,183848171000000,183848171000000,2026-09-05T07:58:06.942397+00:00,22277,18195631598625,1920,1200
directshow_index_1,1850,183848218000000,183848218000000,183848218000000,2026-09-05T07:58:06.944417+00:00,,,640,480
daheng_sn_FDE23080341,1838,183848265000000,183848265000000,183848265000000,2026-09-05T07:58:07.025942+00:00,22290,18195731501025,1920,1200
directshow_index_1,1851,183848312000000,183848312000000,183848312000000,2026-09-05T07:58:07.037481+00:00,,,640,480
daheng_sn_FDE23080341,1839,183848359000000,183848359000000,183848359000000,2026-09-05T07:58:07.121250+00:00,22303,18195831403425,1920,1200
directshow_index_1,1852,183848406000000,183848406000000,183848406000000,2026-09-05T07:58:07.132506+00:00,,,640,480
daheng_sn_FDE23080341,1840,183848453000000,183848453000000,183848453000000,2026-09-05T07:58:07.222740+00:00,22314,18195915936225,1920,1200
directshow_index_1,1853,183848500000000,183848500000000,183848500000000,2026-09-05T07:58:07.227260+00:00,,,640,480
daheng_sn_FDE23080341,1841,183848546000000,183848546000000,183848546000000,2026-09-05T07:58:07.307212+00:00,22326,18196008153825,1920,1200
directshow_index_1,1854,183848593000000,183848593000000,183848593000000,2026-09-05T07:58:07.317739+00:00,,,640,480
directshow_index_1,1855,183848687000000,183848687000000,183848687000000,2026-09-05T07:58:07.412902+00:00,,,640,480
daheng_sn_FDE23080341,1842,183848640000000,183848640000000,183848640000000,2026-09-05T07:58:07.430561+00:00,22339,18196108056225,1920,1200
daheng_sn_FDE23080341,1843,183848734000000,183848734000000,183848734000000,2026-09-05T07:58:07.496880+00:00,22351,18196200273825,1920,1200
directshow_index_1,1856,183848781000000,183848781000000,183848781000000,2026-09-05T07:58:07.507373+00:00,,,640,480
daheng_sn_FDE23080341,1844,183848828000000,183848828000000,183848828000000,2026-09-05T07:58:07.590600+00:00,22363,18196292491425,1920,1200
directshow_index_1,1857,183848875000000,183848875000000,183848875000000,2026-09-05T07:58:07.597056+00:00,,,640,480
daheng_sn_FDE23080341,1845,183848921000000,183848921000000,183848921000000,2026-09-05T07:58:07.687211+00:00,22375,18196384709025,1920,1200
directshow_index_1,1858,183848968000000,183848968000000,183848968000000,2026-09-05T07:58:07.694530+00:00,,,640,480
daheng_sn_FDE23080341,1846,183849015000000,183849015000000,183849015000000,2026-09-05T07:58:07.780729+00:00,22387,18196476926625,1920,1200
directshow_index_1,1859,183849062000000,183849062000000,183849062000000,2026-09-05T07:58:07.790067+00:00,,,640,480
daheng_sn_FDE23080341,1847,183849109000000,183849109000000,183849109000000,2026-09-05T07:58:07.881797+00:00,22400,18196576829025,1920,1200
directshow_index_1,1860,183849156000000,183849156000000,183849156000000,2026-09-05T07:58:07.882860+00:00,,,640,480
daheng_sn_FDE23080341,1848,183849203000000,183849203000000,183849203000000,2026-09-05T07:58:07.990294+00:00,22412,18196669046625,1920,1200
directshow_index_1,1861,183849250000000,183849265000000,183849257500000,2026-09-05T07:58:08.008369+00:00,,,640,480
daheng_sn_FDE23080341,1849,183849296000000,183849296000000,183849296000000,2026-09-05T07:58:08.073055+00:00,22424,18196761264225,1920,1200
directshow_index_1,1862,183849343000000,183849343000000,183849343000000,2026-09-05T07:58:08.073642+00:00,,,640,480
daheng_sn_FDE23080341,1850,183849390000000,183849390000000,183849390000000,2026-09-05T07:58:08.151029+00:00,22436,18196853481825,1920,1200
directshow_index_1,1863,183849437000000,183849437000000,183849437000000,2026-09-05T07:58:08.163617+00:00,,,640,480
daheng_sn_FDE23080341,1851,183849484000000,183849484000000,183849484000000,2026-09-05T07:58:08.247633+00:00,22449,18196953384225,1920,1200
directshow_index_1,1864,183849531000000,183849546000000,183849538500000,2026-09-05T07:58:08.279962+00:00,,,640,480
daheng_sn_FDE23080341,1852,183849578000000,183849578000000,183849578000000,2026-09-05T07:58:08.341403+00:00,22460,18197037917025,1920,1200
directshow_index_1,1865,183849625000000,183849625000000,183849625000000,2026-09-05T07:58:08.346318+00:00,,,640,480
daheng_sn_FDE23080341,1853,183849671000000,183849671000000,183849671000000,2026-09-05T07:58:08.427707+00:00,22473,18197137819425,1920,1200
directshow_index_1,1866,183849718000000,183849718000000,183849718000000,2026-09-05T07:58:08.442578+00:00,,,640,480
daheng_sn_FDE23080341,1854,183849765000000,183849765000000,183849765000000,2026-09-05T07:58:08.520945+00:00,22486,18197237721825,1920,1200
directshow_index_1,1867,183849812000000,183849812000000,183849812000000,2026-09-05T07:58:08.535123+00:00,,,640,480
daheng_sn_FDE23080341,1855,183849859000000,183849859000000,183849859000000,2026-09-05T07:58:08.609227+00:00,22497,18197322254625,1920,1200
directshow_index_1,1868,183849906000000,183849906000000,183849906000000,2026-09-05T07:58:08.630204+00:00,,,640,480
daheng_sn_FDE23080341,1856,183849953000000,183849953000000,183849953000000,2026-09-05T07:58:08.722692+00:00,22510,18197422157025,1920,1200
directshow_index_1,1869,183850000000000,183850000000000,183850000000000,2026-09-05T07:58:08.728699+00:00,,,640,480
daheng_sn_FDE23080341,1857,183850046000000,183850046000000,183850046000000,2026-09-05T07:58:08.803583+00:00,22522,18197514374625,1920,1200
directshow_index_1,1870,183850093000000,183850093000000,183850093000000,2026-09-05T07:58:08.815206+00:00,,,640,480
daheng_sn_FDE23080341,1858,183850140000000,183850140000000,183850140000000,2026-09-05T07:58:08.891936+00:00,22534,18197606592225,1920,1200
directshow_index_1,1871,183850187000000,183850187000000,183850187000000,2026-09-05T07:58:08.908835+00:00,,,640,480
daheng_sn_FDE23080341,1859,183850234000000,183850234000000,183850234000000,2026-09-05T07:58:09.002635+00:00,22546,18197698809825,1920,1200
directshow_index_1,1872,183850281000000,183850281000000,183850281000000,2026-09-05T07:58:09.005345+00:00,,,640,480
daheng_sn_FDE23080341,1860,183850328000000,183850328000000,183850328000000,2026-09-05T07:58:09.084474+00:00,22558,18197791027425,1920,1200
directshow_index_1,1873,183850375000000,183850375000000,183850375000000,2026-09-05T07:58:09.099530+00:00,,,640,480
daheng_sn_FDE23080341,1861,183850421000000,183850421000000,183850421000000,2026-09-05T07:58:09.184635+00:00,22570,18197883245025,1920,1200
directshow_index_1,1874,183850468000000,183850468000000,183850468000000,2026-09-05T07:58:09.195182+00:00,,,640,480
daheng_sn_FDE23080341,1862,183850515000000,183850515000000,183850515000000,2026-09-05T07:58:09.291105+00:00,22583,18197983147425,1920,1200
directshow_index_1,1875,183850562000000,183850578000000,183850570000000,2026-09-05T07:58:09.309807+00:00,,,640,480
daheng_sn_FDE23080341,1863,183850609000000,183850609000000,183850609000000,2026-09-05T07:58:09.367461+00:00,22595,18198075365025,1920,1200
directshow_index_1,1876,183850656000000,183850656000000,183850656000000,2026-09-05T07:58:09.382532+00:00,,,640,480
daheng_sn_FDE23080341,1864,183850703000000,183850703000000,183850703000000,2026-09-05T07:58:09.462935+00:00,22607,18198167582625,1920,1200
directshow_index_1,1877,183850750000000,183850750000000,183850750000000,2026-09-05T07:58:09.476146+00:00,,,640,480
daheng_sn_FDE23080341,1865,183850796000000,183850796000000,183850796000000,2026-09-05T07:58:09.561442+00:00,22619,18198259800225,1920,1200
directshow_index_1,1878,183850843000000,183850843000000,183850843000000,2026-09-05T07:58:09.572328+00:00,,,640,480
daheng_sn_FDE23080341,1866,183850890000000,183850890000000,183850890000000,2026-09-05T07:58:09.656015+00:00,22631,18198352017825,1920,1200
directshow_index_1,1879,183850937000000,183850937000000,183850937000000,2026-09-05T07:58:09.664688+00:00,,,640,480
daheng_sn_FDE23080341,1867,183850984000000,183850984000000,183850984000000,2026-09-05T07:58:09.743589+00:00,22644,18198451920225,1920,1200
directshow_index_1,1880,183851031000000,183851031000000,183851031000000,2026-09-05T07:58:09.754960+00:00,,,640,480
daheng_sn_FDE23080341,1868,183851078000000,183851078000000,183851078000000,2026-09-05T07:58:09.842512+00:00,22656,18198544137825,1920,1200
directshow_index_1,1881,183851125000000,183851125000000,183851125000000,2026-09-05T07:58:09.880569+00:00,,,640,480
daheng_sn_FDE23080341,1869,183851171000000,183851171000000,183851171000000,2026-09-05T07:58:09.932169+00:00,22668,18198636355425,1920,1200
directshow_index_1,1882,183851218000000,183851218000000,183851218000000,2026-09-05T07:58:09.939170+00:00,,,640,480
daheng_sn_FDE23080341,1870,183851265000000,183851265000000,183851265000000,2026-09-05T07:58:10.025326+00:00,22681,18198736257825,1920,1200
directshow_index_1,1883,183851312000000,183851312000000,183851312000000,2026-09-05T07:58:10.039335+00:00,,,640,480
daheng_sn_FDE23080341,1871,183851359000000,183851359000000,183851359000000,2026-09-05T07:58:10.120946+00:00,22692,18198820790625,1920,1200
directshow_index_1,1884,183851406000000,183851406000000,183851406000000,2026-09-05T07:58:10.131936+00:00,,,640,480
daheng_sn_FDE23080341,1872,183851453000000,183851453000000,183851453000000,2026-09-05T07:58:10.207064+00:00,22704,18198913008225,1920,1200
directshow_index_1,1885,183851500000000,183851500000000,183851500000000,2026-09-05T07:58:10.228171+00:00,,,640,480
daheng_sn_FDE23080341,1873,183851546000000,183851546000000,183851546000000,2026-09-05T07:58:10.305210+00:00,22717,18199012910625,1920,1200
directshow_index_1,1886,183851593000000,183851593000000,183851593000000,2026-09-05T07:58:10.316234+00:00,,,640,480
daheng_sn_FDE23080341,1874,183851640000000,183851640000000,183851640000000,2026-09-05T07:58:10.397288+00:00,22729,18199105128225,1920,1200
directshow_index_1,1887,183851687000000,183851703000000,183851695000000,2026-09-05T07:58:10.431446+00:00,,,640,480
daheng_sn_FDE23080341,1875,183851734000000,183851734000000,183851734000000,2026-09-05T07:58:10.490802+00:00,22741,18199197345825,1920,1200
directshow_index_1,1888,183851781000000,183851781000000,183851781000000,2026-09-05T07:58:10.503338+00:00,,,640,480
daheng_sn_FDE23080341,1876,183851828000000,183851828000000,183851828000000,2026-09-05T07:58:10.587674+00:00,22754,18199297248225,1920,1200
directshow_index_1,1889,183851875000000,183851875000000,183851875000000,2026-09-05T07:58:10.601283+00:00,,,640,480
daheng_sn_FDE23080341,1877,183851921000000,183851921000000,183851921000000,2026-09-05T07:58:10.680196+00:00,22766,18199389465825,1920,1200
directshow_index_1,1890,183851968000000,183851968000000,183851968000000,2026-09-05T07:58:10.693779+00:00,,,640,480
daheng_sn_FDE23080341,1878,183852015000000,183852015000000,183852015000000,2026-09-05T07:58:10.770529+00:00,22778,18199481683425,1920,1200
directshow_index_1,1891,183852062000000,183852062000000,183852062000000,2026-09-05T07:58:10.786522+00:00,,,640,480
daheng_sn_FDE23080341,1879,183852109000000,183852109000000,183852109000000,2026-09-05T07:58:10.865785+00:00,22790,18199573901025,1920,1200
directshow_index_1,1892,183852156000000,183852156000000,183852156000000,2026-09-05T07:58:10.881610+00:00,,,640,480
daheng_sn_FDE23080341,1880,183852203000000,183852203000000,183852203000000,2026-09-05T07:58:10.962806+00:00,22802,18199666118625,1920,1200
directshow_index_1,1893,183852250000000,183852250000000,183852250000000,2026-09-05T07:58:10.975370+00:00,,,640,480
daheng_sn_FDE23080341,1881,183852296000000,183852296000000,183852296000000,2026-09-05T07:58:11.056012+00:00,22814,18199758336225,1920,1200
directshow_index_1,1894,183852343000000,183852343000000,183852343000000,2026-09-05T07:58:11.074095+00:00,,,640,480
daheng_sn_FDE23080341,1882,183852390000000,183852390000000,183852390000000,2026-09-05T07:58:11.146601+00:00,22827,18199858238625,1920,1200
directshow_index_1,1895,183852437000000,183852437000000,183852437000000,2026-09-05T07:58:11.160414+00:00,,,640,480
daheng_sn_FDE23080341,1883,183852484000000,183852484000000,183852484000000,2026-09-05T07:58:11.245401+00:00,22838,18199942771425,1920,1200
directshow_index_1,1896,183852531000000,183852531000000,183852531000000,2026-09-05T07:58:11.255150+00:00,,,640,480
daheng_sn_FDE23080341,1884,183852578000000,183852578000000,183852578000000,2026-09-05T07:58:11.337356+00:00,22851,18200042673825,1920,1200
directshow_index_1,1897,183852625000000,183852625000000,183852625000000,2026-09-05T07:58:11.345369+00:00,,,640,480
daheng_sn_FDE23080341,1885,183852671000000,183852671000000,183852671000000,2026-09-05T07:58:11.432029+00:00,22863,18200134891425,1920,1200
directshow_index_1,1898,183852718000000,183852718000000,183852718000000,2026-09-05T07:58:11.442157+00:00,,,640,480
daheng_sn_FDE23080341,1886,183852765000000,183852765000000,183852765000000,2026-09-05T07:58:11.524603+00:00,22875,18200227109025,1920,1200
directshow_index_1,1899,183852812000000,183852812000000,183852812000000,2026-09-05T07:58:11.536617+00:00,,,640,480
daheng_sn_FDE23080341,1887,183852859000000,183852859000000,183852859000000,2026-09-05T07:58:11.634148+00:00,22888,18200327011425,1920,1200
directshow_index_1,1900,183852906000000,183852906000000,183852906000000,2026-09-05T07:58:11.634148+00:00,,,640,480
daheng_sn_FDE23080341,1888,183852953000000,183852953000000,183852953000000,2026-09-05T07:58:11.715637+00:00,22900,18200419229025,1920,1200
directshow_index_1,1901,183853000000000,183853000000000,183853000000000,2026-09-05T07:58:11.722231+00:00,,,640,480
daheng_sn_FDE23080341,1889,183853046000000,183853046000000,183853046000000,2026-09-05T07:58:11.805557+00:00,22912,18200511446625,1920,1200
directshow_index_1,1902,183853093000000,183853093000000,183853093000000,2026-09-05T07:58:11.816033+00:00,,,640,480
daheng_sn_FDE23080341,1890,183853140000000,183853140000000,183853140000000,2026-09-05T07:58:11.898529+00:00,22924,18200603664225,1920,1200
directshow_index_1,1903,183853187000000,183853187000000,183853187000000,2026-09-05T07:58:11.912620+00:00,,,640,480
daheng_sn_FDE23080341,1891,183853234000000,183853234000000,183853234000000,2026-09-05T07:58:11.989551+00:00,22936,18200695881825,1920,1200
directshow_index_1,1904,183853281000000,183853281000000,183853281000000,2026-09-05T07:58:12.006557+00:00,,,640,480
daheng_sn_FDE23080341,1892,183853328000000,183853328000000,183853328000000,2026-09-05T07:58:12.090428+00:00,22949,18200795784225,1920,1200
directshow_index_1,1905,183853375000000,183853375000000,183853375000000,2026-09-05T07:58:12.101427+00:00,,,640,480
daheng_sn_FDE23080341,1893,183853421000000,183853421000000,183853421000000,2026-09-05T07:58:12.198822+00:00,22961,18200888001825,1920,1200
directshow_index_1,1906,183853468000000,183853468000000,183853468000000,2026-09-05T07:58:12.199805+00:00,,,640,480
daheng_sn_FDE23080341,1894,183853515000000,183853515000000,183853515000000,2026-09-05T07:58:12.273165+00:00,22973,18200980219425,1920,1200
directshow_index_1,1907,183853562000000,183853562000000,183853562000000,2026-09-05T07:58:12.285157+00:00,,,640,480
daheng_sn_FDE23080341,1895,183853609000000,183853609000000,183853609000000,2026-09-05T07:58:12.369437+00:00,22985,18201072437025,1920,1200
directshow_index_1,1908,183853656000000,183853656000000,183853656000000,2026-09-05T07:58:12.382374+00:00,,,640,480
daheng_sn_FDE23080341,1896,183853703000000,183853703000000,183853703000000,2026-09-05T07:58:12.464536+00:00,22997,18201164654625,1920,1200
directshow_index_1,1909,183853750000000,183853750000000,183853750000000,2026-09-05T07:58:12.473549+00:00,,,640,480
daheng_sn_FDE23080341,1897,183853796000000,183853796000000,183853796000000,2026-09-05T07:58:12.560921+00:00,23010,18201264557025,1920,1200
directshow_index_1,1910,183853843000000,183853843000000,183853843000000,2026-09-05T07:58:12.569447+00:00,,,640,480
daheng_sn_FDE23080341,1898,183853890000000,183853890000000,183853890000000,2026-09-05T07:58:12.653265+00:00,23022,18201356774625,1920,1200
directshow_index_1,1911,183853937000000,183853937000000,183853937000000,2026-09-05T07:58:12.666676+00:00,,,640,480
daheng_sn_FDE23080341,1899,183853984000000,183853984000000,183853984000000,2026-09-05T07:58:12.759179+00:00,23034,18201448992225,1920,1200
directshow_index_1,1912,183854031000000,183854046000000,183854038500000,2026-09-05T07:58:12.783365+00:00,,,640,480
daheng_sn_FDE23080341,1900,183854078000000,183854078000000,183854078000000,2026-09-05T07:58:12.845843+00:00,23047,18201548894625,1920,1200
directshow_index_1,1913,183854125000000,183854125000000,183854125000000,2026-09-05T07:58:12.852668+00:00,,,640,480
daheng_sn_FDE23080341,1901,183854171000000,183854171000000,183854171000000,2026-09-05T07:58:12.933415+00:00,23058,18201633427425,1920,1200
directshow_index_1,1914,183854218000000,183854218000000,183854218000000,2026-09-05T07:58:12.940409+00:00,,,640,480
daheng_sn_FDE23080341,1902,183854265000000,183854265000000,183854265000000,2026-09-05T07:58:13.031868+00:00,23071,18201733329825,1920,1200
directshow_index_1,1915,183854312000000,183854312000000,183854312000000,2026-09-05T07:58:13.035871+00:00,,,640,480
daheng_sn_FDE23080341,1903,183854359000000,183854359000000,183854359000000,2026-09-05T07:58:13.119517+00:00,23083,18201825547425,1920,1200
directshow_index_1,1916,183854406000000,183854406000000,183854406000000,2026-09-05T07:58:13.128034+00:00,,,640,480
daheng_sn_FDE23080341,1904,183854453000000,183854453000000,183854453000000,2026-09-05T07:58:13.216210+00:00,23095,18201917765025,1920,1200
directshow_index_1,1917,183854500000000,183854500000000,183854500000000,2026-09-05T07:58:13.221037+00:00,,,640,480
daheng_sn_FDE23080341,1905,183854546000000,183854546000000,183854546000000,2026-09-05T07:58:13.304019+00:00,23107,18202009982625,1920,1200
directshow_index_1,1918,183854593000000,183854593000000,183854593000000,2026-09-05T07:58:13.314018+00:00,,,640,480
daheng_sn_FDE23080341,1906,183854640000000,183854640000000,183854640000000,2026-09-05T07:58:13.401448+00:00,23119,18202102200225,1920,1200
directshow_index_1,1919,183854687000000,183854687000000,183854687000000,2026-09-05T07:58:13.414037+00:00,,,640,480
daheng_sn_FDE23080341,1907,183854734000000,183854734000000,183854734000000,2026-09-05T07:58:13.498131+00:00,23132,18202202102625,1920,1200
directshow_index_1,1920,183854781000000,183854781000000,183854781000000,2026-09-05T07:58:13.506898+00:00,,,640,480
daheng_sn_FDE23080341,1908,183854828000000,183854828000000,183854828000000,2026-09-05T07:58:13.588838+00:00,23144,18202294320225,1920,1200
directshow_index_1,1921,183854875000000,183854875000000,183854875000000,2026-09-05T07:58:13.603099+00:00,,,640,480
daheng_sn_FDE23080341,1909,183854921000000,183854921000000,183854921000000,2026-09-05T07:58:13.677577+00:00,23156,18202386537825,1920,1200
directshow_index_1,1922,183854968000000,183854968000000,183854968000000,2026-09-05T07:58:13.688913+00:00,,,640,480
daheng_sn_FDE23080341,1910,183855015000000,183855015000000,183855015000000,2026-09-05T07:58:13.771342+00:00,23168,18202478755425,1920,1200
directshow_index_1,1923,183855062000000,183855062000000,183855062000000,2026-09-05T07:58:13.783813+00:00,,,640,480
daheng_sn_FDE23080341,1911,183855109000000,183855109000000,183855109000000,2026-09-05T07:58:13.862764+00:00,23181,18202578657825,1920,1200
directshow_index_1,1924,183855156000000,183855156000000,183855156000000,2026-09-05T07:58:13.881944+00:00,,,640,480
daheng_sn_FDE23080341,1912,183855203000000,183855203000000,183855203000000,2026-09-05T07:58:13.972276+00:00,23192,18202663190625,1920,1200
directshow_index_1,1925,183855250000000,183855250000000,183855250000000,2026-09-05T07:58:13.973627+00:00,,,640,480
daheng_sn_FDE23080341,1913,183855296000000,183855296000000,183855296000000,2026-09-05T07:58:14.056531+00:00,23205,18202763093025,1920,1200
directshow_index_1,1926,183855343000000,183855343000000,183855343000000,2026-09-05T07:58:14.072802+00:00,,,640,480
daheng_sn_FDE23080341,1914,183855390000000,183855390000000,183855390000000,2026-09-05T07:58:14.147689+00:00,23217,18202855310625,1920,1200
directshow_index_1,1927,183855437000000,183855437000000,183855437000000,2026-09-05T07:58:14.161622+00:00,,,640,480
daheng_sn_FDE23080341,1915,183855484000000,183855484000000,183855484000000,2026-09-05T07:58:14.237041+00:00,23230,18202955213025,1920,1200
directshow_index_1,1928,183855531000000,183855531000000,183855531000000,2026-09-05T07:58:14.256229+00:00,,,640,480
daheng_sn_FDE23080341,1916,183855578000000,183855578000000,183855578000000,2026-09-05T07:58:14.337261+00:00,23241,18203039745825,1920,1200
directshow_index_1,1929,183855625000000,183855625000000,183855625000000,2026-09-05T07:58:14.347049+00:00,,,640,480
daheng_sn_FDE23080341,1917,183855671000000,183855671000000,183855671000000,2026-09-05T07:58:14.426880+00:00,23254,18203139648225,1920,1200
directshow_index_1,1930,183855718000000,183855718000000,183855718000000,2026-09-05T07:58:14.439888+00:00,,,640,480
directshow_index_1,1931,183855812000000,183855812000000,183855812000000,2026-09-05T07:58:14.536034+00:00,,,640,480
daheng_sn_FDE23080341,1918,183855765000000,183855781000000,183855773000000,2026-09-05T07:58:14.549404+00:00,23266,18203231865825,1920,1200
daheng_sn_FDE23080341,1919,183855859000000,183855859000000,183855859000000,2026-09-05T07:58:14.610263+00:00,23278,18203324083425,1920,1200
directshow_index_1,1932,183855906000000,183855906000000,183855906000000,2026-09-05T07:58:14.628294+00:00,,,640,480
daheng_sn_FDE23080341,1920,183855953000000,183855953000000,183855953000000,2026-09-05T07:58:14.703406+00:00,23290,18203416301025,1920,1200
directshow_index_1,1933,183856000000000,183856000000000,183856000000000,2026-09-05T07:58:14.723808+00:00,,,640,480
daheng_sn_FDE23080341,1921,183856046000000,183856046000000,183856046000000,2026-09-05T07:58:14.803346+00:00,23303,18203516203425,1920,1200
directshow_index_1,1934,183856093000000,183856093000000,183856093000000,2026-09-05T07:58:14.818781+00:00,,,640,480
daheng_sn_FDE23080341,1922,183856140000000,183856140000000,183856140000000,2026-09-05T07:58:14.897295+00:00,23314,18203600736225,1920,1200
directshow_index_1,1935,183856187000000,183856187000000,183856187000000,2026-09-05T07:58:14.912822+00:00,,,640,480
daheng_sn_FDE23080341,1923,183856234000000,183856234000000,183856234000000,2026-09-05T07:58:14.988546+00:00,23327,18203700638625,1920,1200
directshow_index_1,1936,183856281000000,183856281000000,183856281000000,2026-09-05T07:58:15.003565+00:00,,,640,480
daheng_sn_FDE23080341,1924,183856328000000,183856328000000,183856328000000,2026-09-05T07:58:15.084356+00:00,23339,18203792856225,1920,1200
directshow_index_1,1937,183856375000000,183856375000000,183856375000000,2026-09-05T07:58:15.117924+00:00,,,640,480
daheng_sn_FDE23080341,1925,183856421000000,183856421000000,183856421000000,2026-09-05T07:58:15.177590+00:00,23351,18203885073825,1920,1200
directshow_index_1,1938,183856468000000,183856468000000,183856468000000,2026-09-05T07:58:15.190616+00:00,,,640,480
daheng_sn_FDE23080341,1926,183856515000000,183856515000000,183856515000000,2026-09-05T07:58:15.271894+00:00,23363,18203977291425,1920,1200
directshow_index_1,1939,183856562000000,183856562000000,183856562000000,2026-09-05T07:58:15.289215+00:00,,,640,480
daheng_sn_FDE23080341,1927,183856609000000,183856609000000,183856609000000,2026-09-05T07:58:15.374540+00:00,23376,18204077193825,1920,1200
directshow_index_1,1940,183856656000000,183856656000000,183856656000000,2026-09-05T07:58:15.378622+00:00,,,640,480
daheng_sn_FDE23080341,1928,183856703000000,183856703000000,183856703000000,2026-09-05T07:58:15.453823+00:00,23388,18204169411425,1920,1200
directshow_index_1,1941,183856750000000,183856750000000,183856750000000,2026-09-05T07:58:15.471087+00:00,,,640,480
daheng_sn_FDE23080341,1929,183856796000000,183856796000000,183856796000000,2026-09-05T07:58:15.555023+00:00,23401,18204269313825,1920,1200
directshow_index_1,1942,183856843000000,183856843000000,183856843000000,2026-09-05T07:58:15.564871+00:00,,,640,480
daheng_sn_FDE23080341,1930,183856890000000,183856890000000,183856890000000,2026-09-05T07:58:15.646217+00:00,23412,18204353846625,1920,1200
directshow_index_1,1943,183856937000000,183856937000000,183856937000000,2026-09-05T07:58:15.686321+00:00,,,640,480
daheng_sn_FDE23080341,1931,183856984000000,183856984000000,183856984000000,2026-09-05T07:58:15.742266+00:00,23424,18204446064225,1920,1200
directshow_index_1,1944,183857031000000,183857031000000,183857031000000,2026-09-05T07:58:15.752569+00:00,,,640,480
daheng_sn_FDE23080341,1932,183857078000000,183857078000000,183857078000000,2026-09-05T07:58:15.833708+00:00,23436,18204538281825,1920,1200
directshow_index_1,1945,183857125000000,183857125000000,183857125000000,2026-09-05T07:58:15.846676+00:00,,,640,480
daheng_sn_FDE23080341,1933,183857171000000,183857171000000,183857171000000,2026-09-05T07:58:15.934245+00:00,23449,18204638184225,1920,1200
directshow_index_1,1946,183857218000000,183857218000000,183857218000000,2026-09-05T07:58:15.939688+00:00,,,640,480
daheng_sn_FDE23080341,1934,183857265000000,183857265000000,183857265000000,2026-09-05T07:58:16.021024+00:00,23461,18204730401825,1920,1200
directshow_index_1,1947,183857312000000,183857312000000,183857312000000,2026-09-05T07:58:16.034668+00:00,,,640,480
daheng_sn_FDE23080341,1935,183857359000000,183857359000000,183857359000000,2026-09-05T07:58:16.114555+00:00,23473,18204822619425,1920,1200
directshow_index_1,1948,183857406000000,183857406000000,183857406000000,2026-09-05T07:58:16.133690+00:00,,,640,480
daheng_sn_FDE23080341,1936,183857453000000,183857453000000,183857453000000,2026-09-05T07:58:16.217145+00:00,23485,18204914837025,1920,1200
directshow_index_1,1949,183857500000000,183857500000000,183857500000000,2026-09-05T07:58:16.240887+00:00,,,640,480
daheng_sn_FDE23080341,1937,183857546000000,183857546000000,183857546000000,2026-09-05T07:58:16.302904+00:00,23498,18205014739425,1920,1200
directshow_index_1,1950,183857593000000,183857593000000,183857593000000,2026-09-05T07:58:16.316389+00:00,,,640,480
daheng_sn_FDE23080341,1938,183857640000000,183857640000000,183857640000000,2026-09-05T07:58:16.409244+00:00,23510,18205106957025,1920,1200
directshow_index_1,1951,183857687000000,183857687000000,183857687000000,2026-09-05T07:58:16.412253+00:00,,,640,480
daheng_sn_FDE23080341,1939,183857734000000,183857734000000,183857734000000,2026-09-05T07:58:16.497054+00:00,23522,18205199174625,1920,1200
directshow_index_1,1952,183857781000000,183857781000000,183857781000000,2026-09-05T07:58:16.505222+00:00,,,640,480
daheng_sn_FDE23080341,1940,183857828000000,183857828000000,183857828000000,2026-09-05T07:58:16.596558+00:00,23534,18205291392225,1920,1200
directshow_index_1,1953,183857875000000,183857875000000,183857875000000,2026-09-05T07:58:16.601350+00:00,,,640,480
daheng_sn_FDE23080341,1941,183857921000000,183857921000000,183857921000000,2026-09-05T07:58:16.682459+00:00,23546,18205383609825,1920,1200
directshow_index_1,1954,183857968000000,183857968000000,183857968000000,2026-09-05T07:58:16.694498+00:00,,,640,480
daheng_sn_FDE23080341,1942,183858015000000,183858015000000,183858015000000,2026-09-05T07:58:16.789556+00:00,23559,18205483512225,1920,1200
directshow_index_1,1955,183858062000000,183858062000000,183858062000000,2026-09-05T07:58:16.794664+00:00,,,640,480
daheng_sn_FDE23080341,1943,183858109000000,183858109000000,183858109000000,2026-09-05T07:58:16.870404+00:00,23570,18205568045025,1920,1200
directshow_index_1,1956,183858156000000,183858156000000,183858156000000,2026-09-05T07:58:16.882938+00:00,,,640,480
daheng_sn_FDE23080341,1944,183858203000000,183858203000000,183858203000000,2026-09-05T07:58:16.964890+00:00,23583,18205667947425,1920,1200
directshow_index_1,1957,183858250000000,183858250000000,183858250000000,2026-09-05T07:58:16.970890+00:00,,,640,480
daheng_sn_FDE23080341,1945,183858296000000,183858296000000,183858296000000,2026-09-05T07:58:17.061110+00:00,23595,18205760165025,1920,1200
directshow_index_1,1958,183858343000000,183858343000000,183858343000000,2026-09-05T07:58:17.072703+00:00,,,640,480
directshow_index_1,1959,183858437000000,183858437000000,183858437000000,2026-09-05T07:58:17.163713+00:00,,,640,480
daheng_sn_FDE23080341,1946,183858390000000,183858390000000,183858390000000,2026-09-05T07:58:17.169720+00:00,23607,18205852382625,1920,1200
daheng_sn_FDE23080341,1947,183858484000000,183858484000000,183858484000000,2026-09-05T07:58:17.247868+00:00,23620,18205952285025,1920,1200
directshow_index_1,1960,183858531000000,183858531000000,183858531000000,2026-09-05T07:58:17.258994+00:00,,,640,480
directshow_index_1,1961,183858625000000,183858625000000,183858625000000,2026-09-05T07:58:17.352449+00:00,,,640,480
daheng_sn_FDE23080341,1948,183858578000000,183858593000000,183858585500000,2026-09-05T07:58:17.375973+00:00,23632,18206044502625,1920,1200
daheng_sn_FDE23080341,1949,183858671000000,183858671000000,183858671000000,2026-09-05T07:58:17.428361+00:00,23644,18206136720225,1920,1200
directshow_index_1,1962,183858718000000,183858718000000,183858718000000,2026-09-05T07:58:17.442547+00:00,,,640,480
daheng_sn_FDE23080341,1950,183858765000000,183858765000000,183858765000000,2026-09-05T07:58:17.527406+00:00,23656,18206228937825,1920,1200
directshow_index_1,1963,183858812000000,183858812000000,183858812000000,2026-09-05T07:58:17.535194+00:00,,,640,480
daheng_sn_FDE23080341,1951,183858859000000,183858859000000,183858859000000,2026-09-05T07:58:17.623739+00:00,23669,18206328840225,1920,1200
directshow_index_1,1964,183858906000000,183858906000000,183858906000000,2026-09-05T07:58:17.631757+00:00,,,640,480
daheng_sn_FDE23080341,1952,183858953000000,183858953000000,183858953000000,2026-09-05T07:58:17.711510+00:00,23681,18206421057825,1920,1200
directshow_index_1,1965,183859000000000,183859000000000,183859000000000,2026-09-05T07:58:17.726671+00:00,,,640,480
daheng_sn_FDE23080341,1953,183859046000000,183859046000000,183859046000000,2026-09-05T07:58:17.804177+00:00,23693,18206513275425,1920,1200
directshow_index_1,1966,183859093000000,183859093000000,183859093000000,2026-09-05T07:58:17.819667+00:00,,,640,480
daheng_sn_FDE23080341,1954,183859140000000,183859140000000,183859140000000,2026-09-05T07:58:17.901887+00:00,23705,18206605493025,1920,1200
directshow_index_1,1967,183859187000000,183859187000000,183859187000000,2026-09-05T07:58:17.907889+00:00,,,640,480
daheng_sn_FDE23080341,1955,183859234000000,183859234000000,183859234000000,2026-09-05T07:58:17.992359+00:00,23718,18206705395425,1920,1200
directshow_index_1,1968,183859281000000,183859281000000,183859281000000,2026-09-05T07:58:18.005885+00:00,,,640,480
daheng_sn_FDE23080341,1956,183859328000000,183859328000000,183859328000000,2026-09-05T07:58:18.090888+00:00,23730,18206797613025,1920,1200
directshow_index_1,1969,183859375000000,183859375000000,183859375000000,2026-09-05T07:58:18.101902+00:00,,,640,480
daheng_sn_FDE23080341,1957,183859421000000,183859421000000,183859421000000,2026-09-05T07:58:18.182318+00:00,23742,18206889830625,1920,1200
directshow_index_1,1970,183859468000000,183859468000000,183859468000000,2026-09-05T07:58:18.193256+00:00,,,640,480
daheng_sn_FDE23080341,1958,183859515000000,183859515000000,183859515000000,2026-09-05T07:58:18.271237+00:00,23754,18206982048225,1920,1200
directshow_index_1,1971,183859562000000,183859562000000,183859562000000,2026-09-05T07:58:18.287196+00:00,,,640,480
daheng_sn_FDE23080341,1959,183859609000000,183859609000000,183859609000000,2026-09-05T07:58:18.368448+00:00,23766,18207074265825,1920,1200
directshow_index_1,1972,183859656000000,183859656000000,183859656000000,2026-09-05T07:58:18.382836+00:00,,,640,480
daheng_sn_FDE23080341,1960,183859703000000,183859703000000,183859703000000,2026-09-05T07:58:18.464117+00:00,23778,18207166483425,1920,1200
directshow_index_1,1973,183859750000000,183859750000000,183859750000000,2026-09-05T07:58:18.472175+00:00,,,640,480
directshow_index_1,1974,183859843000000,183859843000000,183859843000000,2026-09-05T07:58:18.567277+00:00,,,640,480
daheng_sn_FDE23080341,1961,183859796000000,183859796000000,183859796000000,2026-09-05T07:58:18.574580+00:00,23791,18207266385825,1920,1200
daheng_sn_FDE23080341,1962,183859890000000,183859890000000,183859890000000,2026-09-05T07:58:18.651969+00:00,23803,18207358603425,1920,1200
directshow_index_1,1975,183859937000000,183859937000000,183859937000000,2026-09-05T07:58:18.659969+00:00,,,640,480
daheng_sn_FDE23080341,1963,183859984000000,183859984000000,183859984000000,2026-09-05T07:58:18.739809+00:00,23815,18207450821025,1920,1200
directshow_index_1,1976,183860031000000,183860031000000,183860031000000,2026-09-05T07:58:18.751809+00:00,,,640,480
daheng_sn_FDE23080341,1964,183860078000000,183860078000000,183860078000000,2026-09-05T07:58:18.837581+00:00,23827,18207543038625,1920,1200
directshow_index_1,1977,183860125000000,183860125000000,183860125000000,2026-09-05T07:58:18.846900+00:00,,,640,480
daheng_sn_FDE23080341,1965,183860171000000,183860171000000,183860171000000,2026-09-05T07:58:18.937600+00:00,23839,18207635256225,1920,1200
directshow_index_1,1978,183860218000000,183860218000000,183860218000000,2026-09-05T07:58:18.942361+00:00,,,640,480
daheng_sn_FDE23080341,1966,183860265000000,183860265000000,183860265000000,2026-09-05T07:58:19.020479+00:00,23851,18207727473825,1920,1200
directshow_index_1,1979,183860312000000,183860312000000,183860312000000,2026-09-05T07:58:19.038972+00:00,,,640,480
daheng_sn_FDE23080341,1967,183860359000000,183860359000000,183860359000000,2026-09-05T07:58:19.131948+00:00,23864,18207827376225,1920,1200
directshow_index_1,1980,183860406000000,183860406000000,183860406000000,2026-09-05T07:58:19.154331+00:00,,,640,480
daheng_sn_FDE23080341,1968,183860453000000,183860453000000,183860453000000,2026-09-05T07:58:19.213525+00:00,23876,18207919593825,1920,1200
directshow_index_1,1981,183860500000000,183860500000000,183860500000000,2026-09-05T07:58:19.228062+00:00,,,640,480
daheng_sn_FDE23080341,1969,183860546000000,183860546000000,183860546000000,2026-09-05T07:58:19.311550+00:00,23888,18208011811425,1920,1200
directshow_index_1,1982,183860593000000,183860593000000,183860593000000,2026-09-05T07:58:19.316179+00:00,,,640,480
daheng_sn_FDE23080341,1970,183860640000000,183860640000000,183860640000000,2026-09-05T07:58:19.398357+00:00,23900,18208104029025,1920,1200
directshow_index_1,1983,183860687000000,183860687000000,183860687000000,2026-09-05T07:58:19.411873+00:00,,,640,480
daheng_sn_FDE23080341,1971,183860734000000,183860734000000,183860734000000,2026-09-05T07:58:19.490369+00:00,23913,18208203931425,1920,1200
directshow_index_1,1984,183860781000000,183860781000000,183860781000000,2026-09-05T07:58:19.506206+00:00,,,640,480
daheng_sn_FDE23080341,1972,183860828000000,183860828000000,183860828000000,2026-09-05T07:58:19.584716+00:00,23925,18208296149025,1920,1200
directshow_index_1,1985,183860875000000,183860875000000,183860875000000,2026-09-05T07:58:19.599262+00:00,,,640,480
daheng_sn_FDE23080341,1973,183860921000000,183860921000000,183860921000000,2026-09-05T07:58:19.676346+00:00,23937,18208388366625,1920,1200
directshow_index_1,1986,183860968000000,183860968000000,183860968000000,2026-09-05T07:58:19.693376+00:00,,,640,480
daheng_sn_FDE23080341,1974,183861015000000,183861015000000,183861015000000,2026-09-05T07:58:19.787729+00:00,23949,18208480584225,1920,1200
directshow_index_1,1987,183861062000000,183861062000000,183861062000000,2026-09-05T07:58:19.788298+00:00,,,640,480
daheng_sn_FDE23080341,1975,183861109000000,183861109000000,183861109000000,2026-09-05T07:58:19.865610+00:00,23961,18208572801825,1920,1200
directshow_index_1,1988,183861156000000,183861156000000,183861156000000,2026-09-05T07:58:19.880694+00:00,,,640,480
daheng_sn_FDE23080341,1976,183861203000000,183861203000000,183861203000000,2026-09-05T07:58:19.960533+00:00,23974,18208672704225,1920,1200
directshow_index_1,1989,183861250000000,183861250000000,183861250000000,2026-09-05T07:58:19.972852+00:00,,,640,480
daheng_sn_FDE23080341,1977,183861296000000,183861296000000,183861296000000,2026-09-05T07:58:20.052759+00:00,23985,18208757237025,1920,1200
directshow_index_1,1990,183861343000000,183861343000000,183861343000000,2026-09-05T07:58:20.066877+00:00,,,640,480
daheng_sn_FDE23080341,1978,183861390000000,183861390000000,183861390000000,2026-09-05T07:58:20.148077+00:00,23998,18208857139425,1920,1200
directshow_index_1,1991,183861437000000,183861437000000,183861437000000,2026-09-05T07:58:20.158515+00:00,,,640,480
daheng_sn_FDE23080341,1979,183861484000000,183861484000000,183861484000000,2026-09-05T07:58:20.238370+00:00,24010,18208949357025,1920,1200
directshow_index_1,1992,183861531000000,183861531000000,183861531000000,2026-09-05T07:58:20.252725+00:00,,,640,480
directshow_index_1,1993,183861625000000,183861625000000,183861625000000,2026-09-05T07:58:20.352151+00:00,,,640,480
daheng_sn_FDE23080341,1980,183861578000000,183861578000000,183861578000000,2026-09-05T07:58:20.365153+00:00,24023,18209049259425,1920,1200
daheng_sn_FDE23080341,1981,183861671000000,183861671000000,183861671000000,2026-09-05T07:58:20.431276+00:00,24034,18209133792225,1920,1200
directshow_index_1,1994,183861718000000,183861718000000,183861718000000,2026-09-05T07:58:20.447464+00:00,,,640,480
daheng_sn_FDE23080341,1982,183861765000000,183861765000000,183861765000000,2026-09-05T07:58:20.520467+00:00,24046,18209226009825,1920,1200
directshow_index_1,1995,183861812000000,183861812000000,183861812000000,2026-09-05T07:58:20.536858+00:00,,,640,480
daheng_sn_FDE23080341,1983,183861859000000,183861859000000,183861859000000,2026-09-05T07:58:20.624424+00:00,24059,18209325912225,1920,1200
directshow_index_1,1996,183861906000000,183861906000000,183861906000000,2026-09-05T07:58:20.629491+00:00,,,640,480
daheng_sn_FDE23080341,1984,183861953000000,183861953000000,183861953000000,2026-09-05T07:58:20.708650+00:00,24071,18209418129825,1920,1200
directshow_index_1,1997,183862000000000,183862000000000,183862000000000,2026-09-05T07:58:20.722626+00:00,,,640,480
daheng_sn_FDE23080341,1985,183862046000000,183862046000000,183862046000000,2026-09-05T07:58:20.807653+00:00,24083,18209510347425,1920,1200
directshow_index_1,1998,183862093000000,183862093000000,183862093000000,2026-09-05T07:58:20.815914+00:00,,,640,480
daheng_sn_FDE23080341,1986,183862140000000,183862140000000,183862140000000,2026-09-05T07:58:20.908088+00:00,24095,18209602565025,1920,1200
directshow_index_1,1999,183862187000000,183862187000000,183862187000000,2026-09-05T07:58:20.925430+00:00,,,640,480
daheng_sn_FDE23080341,1987,183862234000000,183862234000000,183862234000000,2026-09-05T07:58:20.995233+00:00,24107,18209694782625,1920,1200
directshow_index_1,2000,183862281000000,183862281000000,183862281000000,2026-09-05T07:58:21.004329+00:00,,,640,480
daheng_sn_FDE23080341,1988,183862328000000,183862328000000,183862328000000,2026-09-05T07:58:21.090287+00:00,24119,18209787000225,1920,1200
directshow_index_1,2001,183862375000000,183862375000000,183862375000000,2026-09-05T07:58:21.095918+00:00,,,640,480
daheng_sn_FDE23080341,1989,183862421000000,183862421000000,183862421000000,2026-09-05T07:58:21.184000+00:00,24132,18209886902625,1920,1200
directshow_index_1,2002,183862468000000,183862468000000,183862468000000,2026-09-05T07:58:21.190220+00:00,,,640,480
daheng_sn_FDE23080341,1990,183862515000000,183862515000000,183862515000000,2026-09-05T07:58:21.273595+00:00,24144,18209979120225,1920,1200
directshow_index_1,2003,183862562000000,183862562000000,183862562000000,2026-09-05T07:58:21.288808+00:00,,,640,480
daheng_sn_FDE23080341,1991,183862609000000,183862609000000,183862609000000,2026-09-05T07:58:21.366867+00:00,24157,18210079022625,1920,1200
directshow_index_1,2004,183862656000000,183862656000000,183862656000000,2026-09-05T07:58:21.378528+00:00,,,640,480
daheng_sn_FDE23080341,1992,183862703000000,183862703000000,183862703000000,2026-09-05T07:58:21.479028+00:00,24169,18210171240225,1920,1200
directshow_index_1,2005,183862750000000,183862750000000,183862750000000,2026-09-05T07:58:21.485085+00:00,,,640,480
daheng_sn_FDE23080341,1993,183862796000000,183862796000000,183862796000000,2026-09-05T07:58:21.556178+00:00,24181,18210263457825,1920,1200
directshow_index_1,2006,183862843000000,183862843000000,183862843000000,2026-09-05T07:58:21.569978+00:00,,,640,480
daheng_sn_FDE23080341,1994,183862890000000,183862890000000,183862890000000,2026-09-05T07:58:21.651455+00:00,24193,18210355675425,1920,1200
directshow_index_1,2007,183862937000000,183862937000000,183862937000000,2026-09-05T07:58:21.663642+00:00,,,640,480
daheng_sn_FDE23080341,1995,183862984000000,183862984000000,183862984000000,2026-09-05T07:58:21.743493+00:00,24205,18210447893025,1920,1200
directshow_index_1,2008,183863031000000,183863031000000,183863031000000,2026-09-05T07:58:21.765875+00:00,,,640,480
daheng_sn_FDE23080341,1996,183863078000000,183863078000000,183863078000000,2026-09-05T07:58:21.840540+00:00,24218,18210547795425,1920,1200
directshow_index_1,2009,183863125000000,183863125000000,183863125000000,2026-09-05T07:58:21.850465+00:00,,,640,480
daheng_sn_FDE23080341,1997,183863171000000,183863171000000,183863171000000,2026-09-05T07:58:21.938114+00:00,24229,18210632328225,1920,1200
directshow_index_1,2010,183863218000000,183863218000000,183863218000000,2026-09-05T07:58:21.947114+00:00,,,640,480
daheng_sn_FDE23080341,1998,183863265000000,183863265000000,183863265000000,2026-09-05T07:58:22.036927+00:00,24242,18210732230625,1920,1200
directshow_index_1,2011,183863312000000,183863312000000,183863312000000,2026-09-05T07:58:22.037942+00:00,,,640,480
directshow_index_1,2012,183863406000000,183863406000000,183863406000000,2026-09-05T07:58:22.132507+00:00,,,640,480
daheng_sn_FDE23080341,1999,183863359000000,183863375000000,183863367000000,2026-09-05T07:58:22.150279+00:00,24254,18210824448225,1920,1200
daheng_sn_FDE23080341,2000,183863453000000,183863453000000,183863453000000,2026-09-05T07:58:22.214363+00:00,24266,18210916665825,1920,1200
directshow_index_1,2013,183863500000000,183863500000000,183863500000000,2026-09-05T07:58:22.226511+00:00,,,640,480
daheng_sn_FDE23080341,2001,183863546000000,183863546000000,183863546000000,2026-09-05T07:58:22.310734+00:00,24279,18211016568225,1920,1200
directshow_index_1,2014,183863593000000,183863593000000,183863593000000,2026-09-05T07:58:22.321743+00:00,,,640,480
daheng_sn_FDE23080341,2002,183863640000000,183863640000000,183863640000000,2026-09-05T07:58:22.407870+00:00,24290,18211101101025,1920,1200
directshow_index_1,2015,183863687000000,183863687000000,183863687000000,2026-09-05T07:58:22.412708+00:00,,,640,480
daheng_sn_FDE23080341,2003,183863734000000,183863734000000,183863734000000,2026-09-05T07:58:22.501704+00:00,24303,18211201003425,1920,1200
directshow_index_1,2016,183863781000000,183863781000000,183863781000000,2026-09-05T07:58:22.503402+00:00,,,640,480
daheng_sn_FDE23080341,2004,183863828000000,183863828000000,183863828000000,2026-09-05T07:58:22.599308+00:00,24315,18211293221025,1920,1200
directshow_index_1,2017,183863875000000,183863875000000,183863875000000,2026-09-05T07:58:22.599308+00:00,,,640,480
directshow_index_1,2018,183863968000000,183863968000000,183863968000000,2026-09-05T07:58:22.691987+00:00,,,640,480
daheng_sn_FDE23080341,2005,183863921000000,183863921000000,183863921000000,2026-09-05T07:58:22.704090+00:00,24327,18211385438625,1920,1200
daheng_sn_FDE23080341,2006,183864015000000,183864015000000,183864015000000,2026-09-05T07:58:22.772335+00:00,24340,18211485341025,1920,1200
directshow_index_1,2019,183864062000000,183864062000000,183864062000000,2026-09-05T07:58:22.786970+00:00,,,640,480
daheng_sn_FDE23080341,2007,183864109000000,183864109000000,183864109000000,2026-09-05T07:58:22.861477+00:00,24352,18211577558625,1920,1200
directshow_index_1,2020,183864156000000,183864156000000,183864156000000,2026-09-05T07:58:22.880985+00:00,,,640,480
daheng_sn_FDE23080341,2008,183864203000000,183864203000000,183864203000000,2026-09-05T07:58:22.963385+00:00,24364,18211669776225,1920,1200
directshow_index_1,2021,183864250000000,183864250000000,183864250000000,2026-09-05T07:58:22.972717+00:00,,,640,480
daheng_sn_FDE23080341,2009,183864296000000,183864296000000,183864296000000,2026-09-05T07:58:23.056517+00:00,24376,18211761993825,1920,1200
directshow_index_1,2022,183864343000000,183864343000000,183864343000000,2026-09-05T07:58:23.068698+00:00,,,640,480
daheng_sn_FDE23080341,2010,183864390000000,183864390000000,183864390000000,2026-09-05T07:58:23.146167+00:00,24389,18211861896225,1920,1200
directshow_index_1,2023,183864437000000,183864437000000,183864437000000,2026-09-05T07:58:23.163891+00:00,,,640,480
daheng_sn_FDE23080341,2011,183864484000000,183864484000000,183864484000000,2026-09-05T07:58:23.255353+00:00,24400,18211946429025,1920,1200
directshow_index_1,2024,183864531000000,183864546000000,183864538500000,2026-09-05T07:58:23.273024+00:00,,,640,480
daheng_sn_FDE23080341,2012,183864578000000,183864578000000,183864578000000,2026-09-05T07:58:23.333490+00:00,24412,18212038646625,1920,1200
directshow_index_1,2025,183864625000000,183864625000000,183864625000000,2026-09-05T07:58:23.350615+00:00,,,640,480
daheng_sn_FDE23080341,2013,183864671000000,183864671000000,183864671000000,2026-09-05T07:58:23.430851+00:00,24424,18212130864225,1920,1200
directshow_index_1,2026,183864718000000,183864718000000,183864718000000,2026-09-05T07:58:23.445980+00:00,,,640,480
daheng_sn_FDE23080341,2014,183864765000000,183864765000000,183864765000000,2026-09-05T07:58:23.517658+00:00,24437,18212230766625,1920,1200
directshow_index_1,2027,183864812000000,183864812000000,183864812000000,2026-09-05T07:58:23.539699+00:00,,,640,480
daheng_sn_FDE23080341,2015,183864859000000,183864859000000,183864859000000,2026-09-05T07:58:23.631818+00:00,24450,18212330669025,1920,1200
directshow_index_1,2028,183864906000000,183864906000000,183864906000000,2026-09-05T07:58:23.651488+00:00,,,640,480
daheng_sn_FDE23080341,2016,183864953000000,183864953000000,183864953000000,2026-09-05T07:58:23.708087+00:00,24462,18212422886625,1920,1200
directshow_index_1,2029,183865000000000,183865000000000,183865000000000,2026-09-05T07:58:23.723594+00:00,,,640,480
daheng_sn_FDE23080341,2017,183865046000000,183865046000000,183865046000000,2026-09-05T07:58:23.810092+00:00,24474,18212515104225,1920,1200
directshow_index_1,2030,183865093000000,183865093000000,183865093000000,2026-09-05T07:58:23.823853+00:00,,,640,480
daheng_sn_FDE23080341,2018,183865140000000,183865140000000,183865140000000,2026-09-05T07:58:23.896854+00:00,24486,18212607321825,1920,1200
directshow_index_1,2031,183865187000000,183865187000000,183865187000000,2026-09-05T07:58:23.911164+00:00,,,640,480
daheng_sn_FDE23080341,2019,183865234000000,183865234000000,183865234000000,2026-09-05T07:58:23.984882+00:00,24498,18212699539425,1920,1200
directshow_index_1,2032,183865281000000,183865281000000,183865281000000,2026-09-05T07:58:24.002482+00:00,,,640,480
daheng_sn_FDE23080341,2020,183865328000000,183865328000000,183865328000000,2026-09-05T07:58:24.082964+00:00,24511,18212799441825,1920,1200
directshow_index_1,2033,183865375000000,183865375000000,183865375000000,2026-09-05T07:58:24.097923+00:00,,,640,480
daheng_sn_FDE23080341,2021,183865421000000,183865421000000,183865421000000,2026-09-05T07:58:24.179503+00:00,24522,18212883974625,1920,1200
directshow_index_1,2034,183865468000000,183865468000000,183865468000000,2026-09-05T07:58:24.192066+00:00,,,640,480
daheng_sn_FDE23080341,2022,183865515000000,183865515000000,183865515000000,2026-09-05T07:58:24.276187+00:00,24535,18212983877025,1920,1200
directshow_index_1,2035,183865562000000,183865562000000,183865562000000,2026-09-05T07:58:24.286355+00:00,,,640,480
daheng_sn_FDE23080341,2023,183865609000000,183865609000000,183865609000000,2026-09-05T07:58:24.383739+00:00,24547,18213076094625,1920,1200
directshow_index_1,2036,183865656000000,183865656000000,183865656000000,2026-09-05T07:58:24.398579+00:00,,,640,480
daheng_sn_FDE23080341,2024,183865703000000,183865703000000,183865703000000,2026-09-05T07:58:24.466295+00:00,24559,18213168312225,1920,1200
directshow_index_1,2037,183865750000000,183865750000000,183865750000000,2026-09-05T07:58:24.472301+00:00,,,640,480
daheng_sn_FDE23080341,2025,183865796000000,183865796000000,183865796000000,2026-09-05T07:58:24.557840+00:00,24571,18213260529825,1920,1200
directshow_index_1,2038,183865843000000,183865843000000,183865843000000,2026-09-05T07:58:24.566505+00:00,,,640,480
daheng_sn_FDE23080341,2026,183865890000000,183865890000000,183865890000000,2026-09-05T07:58:24.661804+00:00,24583,18213352747425,1920,1200
directshow_index_1,2039,183865937000000,183865937000000,183865937000000,2026-09-05T07:58:24.664817+00:00,,,640,480
daheng_sn_FDE23080341,2027,183865984000000,183865984000000,183865984000000,2026-09-05T07:58:24.755160+00:00,24596,18213452649825,1920,1200
directshow_index_1,2040,183866031000000,183866031000000,183866031000000,2026-09-05T07:58:24.761162+00:00,,,640,480
daheng_sn_FDE23080341,2028,183866078000000,183866078000000,183866078000000,2026-09-05T07:58:24.843086+00:00,24607,18213537182625,1920,1200
directshow_index_1,2041,183866125000000,183866125000000,183866125000000,2026-09-05T07:58:24.851197+00:00,,,640,480
daheng_sn_FDE23080341,2029,183866171000000,183866171000000,183866171000000,2026-09-05T07:58:24.933797+00:00,24620,18213637085025,1920,1200
directshow_index_1,2042,183866218000000,183866250000000,183866234000000,2026-09-05T07:58:24.983973+00:00,,,640,480
daheng_sn_FDE23080341,2030,183866265000000,183866265000000,183866265000000,2026-09-05T07:58:25.028292+00:00,24632,18213729302625,1920,1200
directshow_index_1,2043,183866312000000,183866312000000,183866312000000,2026-09-05T07:58:25.037309+00:00,,,640,480
daheng_sn_FDE23080341,2031,183866359000000,183866359000000,183866359000000,2026-09-05T07:58:25.113119+00:00,24644,18213821520225,1920,1200
directshow_index_1,2044,183866406000000,183866406000000,183866406000000,2026-09-05T07:58:25.129438+00:00,,,640,480
daheng_sn_FDE23080341,2032,183866453000000,183866453000000,183866453000000,2026-09-05T07:58:25.219828+00:00,24657,18213921422625,1920,1200
directshow_index_1,2045,183866500000000,183866500000000,183866500000000,2026-09-05T07:58:25.224829+00:00,,,640,480
daheng_sn_FDE23080341,2033,183866546000000,183866546000000,183866546000000,2026-09-05T07:58:25.318401+00:00,24669,18214013640225,1920,1200
directshow_index_1,2046,183866593000000,183866593000000,183866593000000,2026-09-05T07:58:25.318401+00:00,,,640,480
daheng_sn_FDE23080341,2034,183866640000000,183866640000000,183866640000000,2026-09-05T07:58:25.406756+00:00,24681,18214105857825,1920,1200
directshow_index_1,2047,183866687000000,183866687000000,183866687000000,2026-09-05T07:58:25.409675+00:00,,,640,480
daheng_sn_FDE23080341,2035,183866734000000,183866734000000,183866734000000,2026-09-05T07:58:25.499711+00:00,24693,18214198075425,1920,1200
directshow_index_1,2048,183866781000000,183866781000000,183866781000000,2026-09-05T07:58:25.504737+00:00,,,640,480
directshow_index_1,2049,183866875000000,183866875000000,183866875000000,2026-09-05T07:58:25.595810+00:00,,,640,480
daheng_sn_FDE23080341,2036,183866828000000,183866828000000,183866828000000,2026-09-05T07:58:25.603827+00:00,24706,18214297977825,1920,1200
daheng_sn_FDE23080341,2037,183866921000000,183866921000000,183866921000000,2026-09-05T07:58:25.694386+00:00,24717,18214382510625,1920,1200
directshow_index_1,2050,183866968000000,183866968000000,183866968000000,2026-09-05T07:58:25.694965+00:00,,,640,480
daheng_sn_FDE23080341,2038,183867015000000,183867015000000,183867015000000,2026-09-05T07:58:25.778611+00:00,24730,18214482413025,1920,1200
directshow_index_1,2051,183867062000000,183867062000000,183867062000000,2026-09-05T07:58:25.787351+00:00,,,640,480
daheng_sn_FDE23080341,2039,183867109000000,183867109000000,183867109000000,2026-09-05T07:58:25.869256+00:00,24742,18214574630625,1920,1200
directshow_index_1,2052,183867156000000,183867156000000,183867156000000,2026-09-05T07:58:25.883917+00:00,,,640,480
daheng_sn_FDE23080341,2040,183867203000000,183867203000000,183867203000000,2026-09-05T07:58:25.969196+00:00,24754,18214666848225,1920,1200
directshow_index_1,2053,183867250000000,183867250000000,183867250000000,2026-09-05T07:58:25.974210+00:00,,,640,480
daheng_sn_FDE23080341,2041,183867296000000,183867296000000,183867296000000,2026-09-05T07:58:26.069336+00:00,24766,18214759065825,1920,1200
directshow_index_1,2054,183867343000000,183867343000000,183867343000000,2026-09-05T07:58:26.071331+00:00,,,640,480
directshow_index_1,2055,183867437000000,183867437000000,183867437000000,2026-09-05T07:58:26.161214+00:00,,,640,480
daheng_sn_FDE23080341,2042,183867390000000,183867390000000,183867390000000,2026-09-05T07:58:26.178871+00:00,24778,18214851283425,1920,1200
daheng_sn_FDE23080341,2043,183867484000000,183867484000000,183867484000000,2026-09-05T07:58:26.248299+00:00,24791,18214951185825,1920,1200
directshow_index_1,2056,183867531000000,183867531000000,183867531000000,2026-09-05T07:58:26.255646+00:00,,,640,480
daheng_sn_FDE23080341,2044,183867578000000,183867578000000,183867578000000,2026-09-05T07:58:26.338737+00:00,24803,18215043403425,1920,1200
directshow_index_1,2057,183867625000000,183867625000000,183867625000000,2026-09-05T07:58:26.347729+00:00,,,640,480
daheng_sn_FDE23080341,2045,183867671000000,183867671000000,183867671000000,2026-09-05T07:58:26.434243+00:00,24815,18215135621025,1920,1200
directshow_index_1,2058,183867718000000,183867718000000,183867718000000,2026-09-05T07:58:26.441463+00:00,,,640,480
daheng_sn_FDE23080341,2046,183867765000000,183867765000000,183867765000000,2026-09-05T07:58:26.528418+00:00,24827,18215227838625,1920,1200
directshow_index_1,2059,183867812000000,183867812000000,183867812000000,2026-09-05T07:58:26.536802+00:00,,,640,480
daheng_sn_FDE23080341,2047,183867859000000,183867859000000,183867859000000,2026-09-05T07:58:26.614921+00:00,24840,18215327741025,1920,1200
directshow_index_1,2060,183867906000000,183867906000000,183867906000000,2026-09-05T07:58:26.630928+00:00,,,640,480
directshow_index_1,2061,183868000000000,183868000000000,183868000000000,2026-09-05T07:58:26.723017+00:00,,,640,480
daheng_sn_FDE23080341,2048,183867953000000,183867968000000,183867960500000,2026-09-05T07:58:26.744538+00:00,24852,18215419958625,1920,1200
daheng_sn_FDE23080341,2049,183868046000000,183868046000000,183868046000000,2026-09-05T07:58:26.808044+00:00,24864,18215512176225,1920,1200
directshow_index_1,2062,183868093000000,183868093000000,183868093000000,2026-09-05T07:58:26.817242+00:00,,,640,480
daheng_sn_FDE23080341,2050,183868140000000,183868140000000,183868140000000,2026-09-05T07:58:26.904111+00:00,24876,18215604393825,1920,1200
directshow_index_1,2063,183868187000000,183868187000000,183868187000000,2026-09-05T07:58:26.912113+00:00,,,640,480
daheng_sn_FDE23080341,2051,183868234000000,183868234000000,183868234000000,2026-09-05T07:58:26.992807+00:00,24888,18215696611425,1920,1200
directshow_index_1,2064,183868281000000,183868281000000,183868281000000,2026-09-05T07:58:27.009822+00:00,,,640,480
daheng_sn_FDE23080341,2052,183868328000000,183868328000000,183868328000000,2026-09-05T07:58:27.093086+00:00,24901,18215796513825,1920,1200
directshow_index_1,2065,183868375000000,183868375000000,183868375000000,2026-09-05T07:58:27.100133+00:00,,,640,480
daheng_sn_FDE23080341,2053,183868421000000,183868421000000,183868421000000,2026-09-05T07:58:27.178087+00:00,24913,18215888731425,1920,1200
directshow_index_1,2066,183868468000000,183868468000000,183868468000000,2026-09-05T07:58:27.192131+00:00,,,640,480
daheng_sn_FDE23080341,2054,183868515000000,183868515000000,183868515000000,2026-09-05T07:58:27.283838+00:00,24925,18215980949025,1920,1200
directshow_index_1,2067,183868562000000,183868578000000,183868570000000,2026-09-05T07:58:27.306236+00:00,,,640,480
daheng_sn_FDE23080341,2055,183868609000000,183868609000000,183868609000000,2026-09-05T07:58:27.369157+00:00,24937,18216073166625,1920,1200
directshow_index_1,2068,183868656000000,183868656000000,183868656000000,2026-09-05T07:58:27.378901+00:00,,,640,480
daheng_sn_FDE23080341,2056,183868703000000,183868703000000,183868703000000,2026-09-05T07:58:27.462162+00:00,24950,18216173069025,1920,1200
directshow_index_1,2069,183868750000000,183868750000000,183868750000000,2026-09-05T07:58:27.474301+00:00,,,640,480
daheng_sn_FDE23080341,2057,183868796000000,183868796000000,183868796000000,2026-09-05T07:58:27.560543+00:00,24962,18216265286625,1920,1200
directshow_index_1,2070,183868843000000,183868843000000,183868843000000,2026-09-05T07:58:27.567728+00:00,,,640,480
daheng_sn_FDE23080341,2058,183868890000000,183868890000000,183868890000000,2026-09-05T07:58:27.650955+00:00,24974,18216357504225,1920,1200
directshow_index_1,2071,183868937000000,183868937000000,183868937000000,2026-09-05T07:58:27.662963+00:00,,,640,480
daheng_sn_FDE23080341,2059,183868984000000,183868984000000,183868984000000,2026-09-05T07:58:27.748377+00:00,24987,18216457406625,1920,1200
directshow_index_1,2072,183869031000000,183869031000000,183869031000000,2026-09-05T07:58:27.756704+00:00,,,640,480
daheng_sn_FDE23080341,2060,183869078000000,183869078000000,183869078000000,2026-09-05T07:58:27.839302+00:00,24998,18216541939425,1920,1200
directshow_index_1,2073,183869125000000,183869125000000,183869125000000,2026-09-05T07:58:27.862108+00:00,,,640,480
daheng_sn_FDE23080341,2061,183869171000000,183869171000000,183869171000000,2026-09-05T07:58:27.938971+00:00,25011,18216641841825,1920,1200
directshow_index_1,2074,183869218000000,183869218000000,183869218000000,2026-09-05T07:58:27.940978+00:00,,,640,480
daheng_sn_FDE23080341,2062,183869265000000,183869265000000,183869265000000,2026-09-05T07:58:28.029927+00:00,25022,18216726374625,1920,1200
directshow_index_1,2075,183869312000000,183869312000000,183869312000000,2026-09-05T07:58:28.035926+00:00,,,640,480
daheng_sn_FDE23080341,2063,183869359000000,183869359000000,183869359000000,2026-09-05T07:58:28.124099+00:00,25035,18216826277025,1920,1200
directshow_index_1,2076,183869406000000,183869406000000,183869406000000,2026-09-05T07:58:28.130106+00:00,,,640,480
daheng_sn_FDE23080341,2064,183869453000000,183869453000000,183869453000000,2026-09-05T07:58:28.209054+00:00,25047,18216918494625,1920,1200
directshow_index_1,2077,183869500000000,183869500000000,183869500000000,2026-09-05T07:58:28.224055+00:00,,,640,480
daheng_sn_FDE23080341,2065,183869546000000,183869546000000,183869546000000,2026-09-05T07:58:28.306023+00:00,25059,18217010712225,1920,1200
directshow_index_1,2078,183869593000000,183869593000000,183869593000000,2026-09-05T07:58:28.319474+00:00,,,640,480
daheng_sn_FDE23080341,2066,183869640000000,183869640000000,183869640000000,2026-09-05T07:58:28.403913+00:00,25071,18217102929825,1920,1200
directshow_index_1,2079,183869687000000,183869687000000,183869687000000,2026-09-05T07:58:28.409939+00:00,,,640,480
directshow_index_1,2080,183869781000000,183869781000000,183869781000000,2026-09-05T07:58:28.509746+00:00,,,640,480
daheng_sn_FDE23080341,2067,183869734000000,183869734000000,183869734000000,2026-09-05T07:58:28.515738+00:00,25084,18217202832225,1920,1200
daheng_sn_FDE23080341,2068,183869828000000,183869828000000,183869828000000,2026-09-05T07:58:28.595229+00:00,25096,18217295049825,1920,1200
directshow_index_1,2081,183869875000000,183869875000000,183869875000000,2026-09-05T07:58:28.602074+00:00,,,640,480
daheng_sn_FDE23080341,2069,183869921000000,183869921000000,183869921000000,2026-09-05T07:58:28.690373+00:00,25108,18217387267425,1920,1200
directshow_index_1,2082,183869968000000,183869968000000,183869968000000,2026-09-05T07:58:28.695907+00:00,,,640,480
daheng_sn_FDE23080341,2070,183870015000000,183870015000000,183870015000000,2026-09-05T07:58:28.784749+00:00,25120,18217479485025,1920,1200
directshow_index_1,2083,183870062000000,183870062000000,183870062000000,2026-09-05T07:58:28.785765+00:00,,,640,480
daheng_sn_FDE23080341,2071,183870109000000,183870109000000,183870109000000,2026-09-05T07:58:28.869389+00:00,25132,18217571702625,1920,1200
directshow_index_1,2084,183870156000000,183870156000000,183870156000000,2026-09-05T07:58:28.881637+00:00,,,640,480
daheng_sn_FDE23080341,2072,183870203000000,183870203000000,183870203000000,2026-09-05T07:58:28.970814+00:00,25145,18217671605025,1920,1200
directshow_index_1,2085,183870250000000,183870250000000,183870250000000,2026-09-05T07:58:28.975815+00:00,,,640,480
daheng_sn_FDE23080341,2073,183870296000000,183870296000000,183870296000000,2026-09-05T07:58:29.091595+00:00,25157,18217763822625,1920,1200
directshow_index_1,2086,183870343000000,183870359000000,183870351000000,2026-09-05T07:58:29.098617+00:00,,,640,480
daheng_sn_FDE23080341,2074,183870390000000,183870390000000,183870390000000,2026-09-05T07:58:29.157616+00:00,25169,18217856040225,1920,1200
directshow_index_1,2087,183870437000000,183870437000000,183870437000000,2026-09-05T07:58:29.165916+00:00,,,640,480
daheng_sn_FDE23080341,2075,183870484000000,183870484000000,183870484000000,2026-09-05T07:58:29.255284+00:00,25181,18217948257825,1920,1200
directshow_index_1,2088,183870531000000,183870531000000,183870531000000,2026-09-05T07:58:29.256292+00:00,,,640,480
daheng_sn_FDE23080341,2076,183870578000000,183870578000000,183870578000000,2026-09-05T07:58:29.350949+00:00,25193,18218040475425,1920,1200
directshow_index_1,2089,183870625000000,183870625000000,183870625000000,2026-09-05T07:58:29.350949+00:00,,,640,480
daheng_sn_FDE23080341,2077,183870671000000,183870671000000,183870671000000,2026-09-05T07:58:29.440487+00:00,25205,18218132693025,1920,1200
directshow_index_1,2090,183870718000000,183870718000000,183870718000000,2026-09-05T07:58:29.445487+00:00,,,640,480
daheng_sn_FDE23080341,2078,183870765000000,183870765000000,183870765000000,2026-09-05T07:58:29.534876+00:00,25217,18218224910625,1920,1200
directshow_index_1,2091,183870812000000,183870812000000,183870812000000,2026-09-05T07:58:29.534876+00:00,,,640,480
directshow_index_1,2092,183870906000000,183870906000000,183870906000000,2026-09-05T07:58:29.630287+00:00,,,640,480
daheng_sn_FDE23080341,2079,183870859000000,183870859000000,183870859000000,2026-09-05T07:58:29.644280+00:00,25230,18218324813025,1920,1200
directshow_index_1,2093,183871000000000,183871000000000,183871000000000,2026-09-05T07:58:29.724011+00:00,,,640,480
daheng_sn_FDE23080341,2080,183870953000000,183870968000000,183870960500000,2026-09-05T07:58:29.750005+00:00,25242,18218417030625,1920,1200
daheng_sn_FDE23080341,2081,183871046000000,183871046000000,183871046000000,2026-09-05T07:58:29.815560+00:00,25254,18218509248225,1920,1200
directshow_index_1,2094,183871093000000,183871093000000,183871093000000,2026-09-05T07:58:29.817570+00:00,,,640,480
daheng_sn_FDE23080341,2082,183871140000000,183871140000000,183871140000000,2026-09-05T07:58:29.912910+00:00,25266,18218601465825,1920,1200
directshow_index_1,2095,183871187000000,183871187000000,183871187000000,2026-09-05T07:58:29.912910+00:00,,,640,480
directshow_index_1,2096,183871281000000,183871281000000,183871281000000,2026-09-05T07:58:30.003150+00:00,,,640,480
daheng_sn_FDE23080341,2083,183871234000000,183871234000000,183871234000000,2026-09-05T07:58:30.007738+00:00,25279,18218701368225,1920,1200
daheng_sn_FDE23080341,2084,183871328000000,183871328000000,183871328000000,2026-09-05T07:58:30.102198+00:00,25291,18218793585825,1920,1200
directshow_index_1,2097,183871375000000,183871375000000,183871375000000,2026-09-05T07:58:30.109198+00:00,,,640,480
daheng_sn_FDE23080341,2085,183871421000000,183871421000000,183871421000000,2026-09-05T07:58:30.189586+00:00,25303,18218885803425,1920,1200
directshow_index_1,2098,183871468000000,183871468000000,183871468000000,2026-09-05T07:58:30.197098+00:00,,,640,480
daheng_sn_FDE23080341,2086,183871515000000,183871515000000,183871515000000,2026-09-05T07:58:30.304217+00:00,25315,18218978021025,1920,1200
directshow_index_1,2099,183871562000000,183871578000000,183871570000000,2026-09-05T07:58:30.318222+00:00,,,640,480
daheng_sn_FDE23080341,2087,183871609000000,183871609000000,183871609000000,2026-09-05T07:58:30.383479+00:00,25327,18219070238625,1920,1200
directshow_index_1,2100,183871656000000,183871656000000,183871656000000,2026-09-05T07:58:30.384483+00:00,,,640,480
daheng_sn_FDE23080341,2088,183871703000000,183871703000000,183871703000000,2026-09-05T07:58:30.475423+00:00,25340,18219170141025,1920,1200
directshow_index_1,2101,183871750000000,183871750000000,183871750000000,2026-09-05T07:58:30.476421+00:00,,,640,480
daheng_sn_FDE23080341,2089,183871796000000,183871796000000,183871796000000,2026-09-05T07:58:30.566383+00:00,25352,18219262358625,1920,1200
directshow_index_1,2102,183871843000000,183871843000000,183871843000000,2026-09-05T07:58:30.567385+00:00,,,640,480
daheng_sn_FDE23080341,2090,183871890000000,183871890000000,183871890000000,2026-09-05T07:58:30.655258+00:00,25365,18219362261025,1920,1200
directshow_index_1,2103,183871937000000,183871937000000,183871937000000,2026-09-05T07:58:30.662593+00:00,,,640,480
daheng_sn_FDE23080341,2091,183871984000000,183871984000000,183871984000000,2026-09-05T07:58:30.752724+00:00,25377,18219454478625,1920,1200
directshow_index_1,2104,183872031000000,183872031000000,183872031000000,2026-09-05T07:58:30.759032+00:00,,,640,480
daheng_sn_FDE23080341,2092,183872078000000,183872078000000,183872078000000,2026-09-05T07:58:30.842553+00:00,25389,18219546696225,1920,1200
directshow_index_1,2105,183872125000000,183872125000000,183872125000000,2026-09-05T07:58:30.847980+00:00,,,640,480
directshow_index_1,2106,183872218000000,183872218000000,183872218000000,2026-09-05T07:58:30.944437+00:00,,,640,480
daheng_sn_FDE23080341,2093,183872171000000,183872187000000,183872179000000,2026-09-05T07:58:30.972288+00:00,25401,18219638913825,1920,1200
daheng_sn_FDE23080341,2094,183872265000000,183872265000000,183872265000000,2026-09-05T07:58:31.034007+00:00,25413,18219731131425,1920,1200
directshow_index_1,2107,183872312000000,183872312000000,183872312000000,2026-09-05T07:58:31.039235+00:00,,,640,480
daheng_sn_FDE23080341,2095,183872359000000,183872359000000,183872359000000,2026-09-05T07:58:31.130164+00:00,25425,18219823349025,1920,1200
directshow_index_1,2108,183872406000000,183872406000000,183872406000000,2026-09-05T07:58:31.130760+00:00,,,640,480
daheng_sn_FDE23080341,2096,183872453000000,183872453000000,183872453000000,2026-09-05T07:58:31.221818+00:00,25437,18219915566625,1920,1200
directshow_index_1,2109,183872500000000,183872500000000,183872500000000,2026-09-05T07:58:31.226817+00:00,,,640,480
daheng_sn_FDE23080341,2097,183872546000000,183872546000000,183872546000000,2026-09-05T07:58:31.314616+00:00,25450,18220015469025,1920,1200
directshow_index_1,2110,183872593000000,183872593000000,183872593000000,2026-09-05T07:58:31.317557+00:00,,,640,480
daheng_sn_FDE23080341,2098,183872640000000,183872640000000,183872640000000,2026-09-05T07:58:31.407069+00:00,25462,18220107686625,1920,1200
directshow_index_1,2111,183872687000000,183872687000000,183872687000000,2026-09-05T07:58:31.412075+00:00,,,640,480
daheng_sn_FDE23080341,2099,183872734000000,183872734000000,183872734000000,2026-09-05T07:58:31.526728+00:00,25474,18220199904225,1920,1200
directshow_index_1,2112,183872781000000,183872796000000,183872788500000,2026-09-05T07:58:31.531729+00:00,,,640,480
directshow_index_1,2113,183872875000000,183872875000000,183872875000000,2026-09-05T07:58:31.596773+00:00,,,640,480
daheng_sn_FDE23080341,2100,183872828000000,183872828000000,183872828000000,2026-09-05T07:58:31.601824+00:00,25486,18220292121825,1920,1200
daheng_sn_FDE23080341,2101,183872921000000,183872921000000,183872921000000,2026-09-05T07:58:31.695068+00:00,25498,18220384339425,1920,1200
directshow_index_1,2114,183872968000000,183872968000000,183872968000000,2026-09-05T07:58:31.697944+00:00,,,640,480
daheng_sn_FDE23080341,2102,183873015000000,183873015000000,183873015000000,2026-09-05T07:58:31.788634+00:00,25511,18220484241825,1920,1200
directshow_index_1,2115,183873062000000,183873062000000,183873062000000,2026-09-05T07:58:31.791642+00:00,,,640,480
daheng_sn_FDE23080341,2103,183873109000000,183873109000000,183873109000000,2026-09-05T07:58:31.879408+00:00,25522,18220568774625,1920,1200
directshow_index_1,2116,183873156000000,183873156000000,183873156000000,2026-09-05T07:58:31.880414+00:00,,,640,480
daheng_sn_FDE23080341,2104,183873203000000,183873203000000,183873203000000,2026-09-05T07:58:31.970228+00:00,25536,18220676361825,1920,1200
directshow_index_1,2117,183873250000000,183873250000000,183873250000000,2026-09-05T07:58:31.979226+00:00,,,640,480
directshow_index_1,2118,183873343000000,183873343000000,183873343000000,2026-09-05T07:58:32.069699+00:00,,,640,480
daheng_sn_FDE23080341,2105,183873296000000,183873296000000,183873296000000,2026-09-05T07:58:32.075699+00:00,25547,18220760894625,1920,1200
daheng_sn_FDE23080341,2106,183873390000000,183873390000000,183873390000000,2026-09-05T07:58:32.187132+00:00,25560,18220860797025,1920,1200
directshow_index_1,2119,183873437000000,183873453000000,183873445000000,2026-09-05T07:58:32.188130+00:00,,,640,480
daheng_sn_FDE23080341,2107,183873484000000,183873484000000,183873484000000,2026-09-05T07:58:32.260301+00:00,25571,18220945329825,1920,1200
directshow_index_1,2120,183873531000000,183873531000000,183873531000000,2026-09-05T07:58:32.260301+00:00,,,640,480
directshow_index_1,2121,183873625000000,183873625000000,183873625000000,2026-09-05T07:58:32.350612+00:00,,,640,480
daheng_sn_FDE23080341,2108,183873578000000,183873578000000,183873578000000,2026-09-05T07:58:32.361359+00:00,25583,18221037547425,1920,1200
daheng_sn_FDE23080341,2109,183873671000000,183873671000000,183873671000000,2026-09-05T07:58:32.452589+00:00,25596,18221137449825,1920,1200
directshow_index_1,2122,183873718000000,183873718000000,183873718000000,2026-09-05T07:58:32.452589+00:00,,,640,480
daheng_sn_FDE23080341,2110,183873765000000,183873765000000,183873765000000,2026-09-05T07:58:32.543684+00:00,25608,18221229667425,1920,1200
directshow_index_1,2123,183873812000000,183873812000000,183873812000000,2026-09-05T07:58:32.543684+00:00,,,640,480
directshow_index_1,2124,183873906000000,183873906000000,183873906000000,2026-09-05T07:58:32.629867+00:00,,,640,480
daheng_sn_FDE23080341,2111,183873859000000,183873859000000,183873859000000,2026-09-05T07:58:32.643985+00:00,25621,18221329569825,1920,1200
daheng_sn_FDE23080341,2112,183873953000000,183873953000000,183873953000000,2026-09-05T07:58:32.723606+00:00,25633,18221421787425,1920,1200
directshow_index_1,2125,183874000000000,183874000000000,183874000000000,2026-09-05T07:58:32.724609+00:00,,,640,480
directshow_index_1,2126,183874093000000,183874109000000,183874101000000,2026-09-05T07:58:32.850787+00:00,,,640,480
daheng_sn_FDE23080341,2113,183874046000000,183874046000000,183874046000000,2026-09-05T07:58:32.858987+00:00,25645,18221514005025,1920,1200
daheng_sn_FDE23080341,2114,183874140000000,183874140000000,183874140000000,2026-09-05T07:58:32.914266+00:00,25657,18221606222625,1920,1200
directshow_index_1,2127,183874187000000,183874187000000,183874187000000,2026-09-05T07:58:32.915795+00:00,,,640,480
daheng_sn_FDE23080341,2115,183874234000000,183874234000000,183874234000000,2026-09-05T07:58:33.007383+00:00,25669,18221698440225,1920,1200
directshow_index_1,2128,183874281000000,183874281000000,183874281000000,2026-09-05T07:58:33.008376+00:00,,,640,480
daheng_sn_FDE23080341,2116,183874328000000,183874328000000,183874328000000,2026-09-05T07:58:33.109287+00:00,25682,18221798342625,1920,1200
directshow_index_1,2129,183874375000000,183874375000000,183874375000000,2026-09-05T07:58:33.130824+00:00,,,640,480
daheng_sn_FDE23080341,2117,183874421000000,183874421000000,183874421000000,2026-09-05T07:58:33.196497+00:00,25694,18221890560225,1920,1200
directshow_index_1,2130,183874468000000,183874468000000,183874468000000,2026-09-05T07:58:33.196497+00:00,,,640,480
daheng_sn_FDE23080341,2118,183874515000000,183874515000000,183874515000000,2026-09-05T07:58:33.288124+00:00,25705,18221975093025,1920,1200
directshow_index_1,2131,183874562000000,183874562000000,183874562000000,2026-09-05T07:58:33.290741+00:00,,,640,480
directshow_index_1,2132,183874656000000,183874656000000,183874656000000,2026-09-05T07:58:33.387681+00:00,,,640,480
daheng_sn_FDE23080341,2119,183874609000000,183874609000000,183874609000000,2026-09-05T07:58:33.401733+00:00,25718,18222074995425,1920,1200
directshow_index_1,2133,183874750000000,183874750000000,183874750000000,2026-09-05T07:58:33.478475+00:00,,,640,480
daheng_sn_FDE23080341,2120,183874703000000,183874718000000,183874710500000,2026-09-05T07:58:33.496471+00:00,25731,18222174897825,1920,1200
directshow_index_1,2134,183874843000000,183874843000000,183874843000000,2026-09-05T07:58:33.569262+00:00,,,640,480
daheng_sn_FDE23080341,2121,183874796000000,183874796000000,183874796000000,2026-09-05T07:58:33.574263+00:00,25742,18222259430625,1920,1200
daheng_sn_FDE23080341,2122,183874890000000,183874890000000,183874890000000,2026-09-05T07:58:33.656343+00:00,25755,18222359333025,1920,1200
directshow_index_1,2135,183874937000000,183874937000000,183874937000000,2026-09-05T07:58:33.663344+00:00,,,640,480
daheng_sn_FDE23080341,2123,183874984000000,183874984000000,183874984000000,2026-09-05T07:58:33.755035+00:00,25767,18222451550625,1920,1200
directshow_index_1,2136,183875031000000,183875031000000,183875031000000,2026-09-05T07:58:33.761366+00:00,,,640,480
daheng_sn_FDE23080341,2124,183875078000000,183875078000000,183875078000000,2026-09-05T07:58:33.848752+00:00,25779,18222543768225,1920,1200
directshow_index_1,2137,183875125000000,183875125000000,183875125000000,2026-09-05T07:58:33.850757+00:00,,,640,480
daheng_sn_FDE23080341,2125,183875171000000,183875171000000,183875171000000,2026-09-05T07:58:33.943388+00:00,25791,18222635985825,1920,1200
directshow_index_1,2138,183875218000000,183875218000000,183875218000000,2026-09-05T07:58:33.947389+00:00,,,640,480
directshow_index_1,2139,183875312000000,183875312000000,183875312000000,2026-09-05T07:58:34.050087+00:00,,,640,480
daheng_sn_FDE23080341,2126,183875265000000,183875265000000,183875265000000,2026-09-05T07:58:34.067535+00:00,25804,18222735888225,1920,1200
daheng_sn_FDE23080341,2127,183875359000000,183875359000000,183875359000000,2026-09-05T07:58:34.126416+00:00,25816,18222828105825,1920,1200
directshow_index_1,2140,183875406000000,183875406000000,183875406000000,2026-09-05T07:58:34.132416+00:00,,,640,480
daheng_sn_FDE23080341,2128,183875453000000,183875453000000,183875453000000,2026-09-05T07:58:34.228733+00:00,25828,18222920323425,1920,1200
directshow_index_1,2141,183875500000000,183875500000000,183875500000000,2026-09-05T07:58:34.229739+00:00,,,640,480
directshow_index_1,2142,183875593000000,183875593000000,183875593000000,2026-09-05T07:58:34.320784+00:00,,,640,480
daheng_sn_FDE23080341,2129,183875546000000,183875546000000,183875546000000,2026-09-05T07:58:34.330547+00:00,25840,18223012541025,1920,1200
directshow_index_1,2143,183875687000000,183875687000000,183875687000000,2026-09-05T07:58:34.418171+00:00,,,640,480
daheng_sn_FDE23080341,2130,183875640000000,183875640000000,183875640000000,2026-09-05T07:58:34.422798+00:00,25852,18223104758625,1920,1200
directshow_index_1,2144,183875781000000,183875781000000,183875781000000,2026-09-05T07:58:34.509894+00:00,,,640,480
daheng_sn_FDE23080341,2131,183875734000000,183875734000000,183875734000000,2026-09-05T07:58:34.515894+00:00,25865,18223204661025,1920,1200
directshow_index_1,2145,183875875000000,183875890000000,183875882500000,2026-09-05T07:58:34.630332+00:00,,,640,480
daheng_sn_FDE23080341,2132,183875828000000,183875828000000,183875828000000,2026-09-05T07:58:34.636867+00:00,25877,18223296878625,1920,1200
directshow_index_1,2146,183875968000000,183875968000000,183875968000000,2026-09-05T07:58:34.695880+00:00,,,640,480
daheng_sn_FDE23080341,2133,183875921000000,183875921000000,183875921000000,2026-09-05T07:58:34.715408+00:00,25888,18223381411425,1920,1200
directshow_index_1,2147,183876062000000,183876062000000,183876062000000,2026-09-05T07:58:34.787311+00:00,,,640,480
daheng_sn_FDE23080341,2134,183876015000000,183876015000000,183876015000000,2026-09-05T07:58:34.791312+00:00,25901,18223481313825,1920,1200
daheng_sn_FDE23080341,2135,183876109000000,183876109000000,183876109000000,2026-09-05T07:58:34.885999+00:00,25913,18223573531425,1920,1200
directshow_index_1,2148,183876156000000,183876156000000,183876156000000,2026-09-05T07:58:34.886993+00:00,,,640,480
directshow_index_1,2149,183876250000000,183876250000000,183876250000000,2026-09-05T07:58:34.974204+00:00,,,640,480
daheng_sn_FDE23080341,2136,183876203000000,183876203000000,183876203000000,2026-09-05T07:58:34.983208+00:00,25925,18223665749025,1920,1200
directshow_index_1,2150,183876343000000,183876343000000,183876343000000,2026-09-05T07:58:35.070965+00:00,,,640,480
daheng_sn_FDE23080341,2137,183876296000000,183876296000000,183876296000000,2026-09-05T07:58:35.075988+00:00,25938,18223765651425,1920,1200
daheng_sn_FDE23080341,2138,183876390000000,183876390000000,183876390000000,2026-09-05T07:58:35.164136+00:00,25949,18223850184225,1920,1200
directshow_index_1,2151,183876437000000,183876437000000,183876437000000,2026-09-05T07:58:35.165138+00:00,,,640,480
daheng_sn_FDE23080341,2139,183876484000000,183876484000000,183876484000000,2026-09-05T07:58:35.267593+00:00,25962,18223950086625,1920,1200
directshow_index_1,2152,183876531000000,183876546000000,183876538500000,2026-09-05T07:58:35.297645+00:00,,,640,480
directshow_index_1,2153,183876625000000,183876625000000,183876625000000,2026-09-05T07:58:35.349329+00:00,,,640,480
daheng_sn_FDE23080341,2140,183876578000000,183876578000000,183876578000000,2026-09-05T07:58:35.368330+00:00,25975,18224049989025,1920,1200
daheng_sn_FDE23080341,2141,183876671000000,183876671000000,183876671000000,2026-09-05T07:58:35.448013+00:00,25987,18224142206625,1920,1200
directshow_index_1,2154,183876718000000,183876718000000,183876718000000,2026-09-05T07:58:35.449004+00:00,,,640,480
daheng_sn_FDE23080341,2142,183876765000000,183876765000000,183876765000000,2026-09-05T07:58:35.542336+00:00,25998,18224226739425,1920,1200
directshow_index_1,2155,183876812000000,183876812000000,183876812000000,2026-09-05T07:58:35.544330+00:00,,,640,480
daheng_sn_FDE23080341,2143,183876859000000,183876859000000,183876859000000,2026-09-05T07:58:35.635767+00:00,26011,18224326641825,1920,1200
directshow_index_1,2156,183876906000000,183876906000000,183876906000000,2026-09-05T07:58:35.636738+00:00,,,640,480
directshow_index_1,2157,183877000000000,183877000000000,183877000000000,2026-09-05T07:58:35.727678+00:00,,,640,480
daheng_sn_FDE23080341,2144,183876953000000,183876953000000,183876953000000,2026-09-05T07:58:35.736154+00:00,26023,18224418859425,1920,1200
daheng_sn_FDE23080341,2145,183877046000000,183877046000000,183877046000000,2026-09-05T07:58:35.820583+00:00,26035,18224511077025,1920,1200
directshow_index_1,2158,183877093000000,183877093000000,183877093000000,2026-09-05T07:58:35.821588+00:00,,,640,480
directshow_index_1,2159,183877187000000,183877187000000,183877187000000,2026-09-05T07:58:35.932534+00:00,,,640,480
daheng_sn_FDE23080341,2146,183877140000000,183877156000000,183877148000000,2026-09-05T07:58:35.942634+00:00,26047,18224603294625,1920,1200
directshow_index_1,2160,183877281000000,183877281000000,183877281000000,2026-09-05T07:58:36.011357+00:00,,,640,480
daheng_sn_FDE23080341,2147,183877234000000,183877234000000,183877234000000,2026-09-05T07:58:36.017360+00:00,26060,18224703197025,1920,1200
directshow_index_1,2161,183877375000000,183877375000000,183877375000000,2026-09-05T07:58:36.104762+00:00,,,640,480
daheng_sn_FDE23080341,2148,183877328000000,183877328000000,183877328000000,2026-09-05T07:58:36.114755+00:00,26072,18224795414625,1920,1200
directshow_index_1,2162,183877468000000,183877468000000,183877468000000,2026-09-05T07:58:36.194098+00:00,,,640,480
daheng_sn_FDE23080341,2149,183877421000000,183877421000000,183877421000000,2026-09-05T07:58:36.207444+00:00,26084,18224887632225,1920,1200
directshow_index_1,2163,183877562000000,183877562000000,183877562000000,2026-09-05T07:58:36.286145+00:00,,,640,480
daheng_sn_FDE23080341,2150,183877515000000,183877515000000,183877515000000,2026-09-05T07:58:36.302151+00:00,26097,18224987534625,1920,1200
directshow_index_1,2164,183877656000000,183877656000000,183877656000000,2026-09-05T07:58:36.382742+00:00,,,640,480
daheng_sn_FDE23080341,2151,183877609000000,183877609000000,183877609000000,2026-09-05T07:58:36.398766+00:00,26108,18225072067425,1920,1200
directshow_index_1,2165,183877750000000,183877750000000,183877750000000,2026-09-05T07:58:36.475914+00:00,,,640,480
daheng_sn_FDE23080341,2152,183877703000000,183877703000000,183877703000000,2026-09-05T07:58:36.481912+00:00,26120,18225164285025,1920,1200
directshow_index_1,2166,183877843000000,183877843000000,183877843000000,2026-09-05T07:58:36.579178+00:00,,,640,480
daheng_sn_FDE23080341,2153,183877796000000,183877796000000,183877796000000,2026-09-05T07:58:36.605826+00:00,26133,18225264187425,1920,1200
directshow_index_1,2167,183877937000000,183877937000000,183877937000000,2026-09-05T07:58:36.661751+00:00,,,640,480
daheng_sn_FDE23080341,2154,183877890000000,183877890000000,183877890000000,2026-09-05T07:58:36.674512+00:00,26145,18225356405025,1920,1200
directshow_index_1,2168,183878031000000,183878031000000,183878031000000,2026-09-05T07:58:36.758735+00:00,,,640,480
daheng_sn_FDE23080341,2155,183877984000000,183877984000000,183877984000000,2026-09-05T07:58:36.764742+00:00,26158,18225456307425,1920,1200
daheng_sn_FDE23080341,2156,183878078000000,183878078000000,183878078000000,2026-09-05T07:58:36.862985+00:00,26169,18225540840225,1920,1200
directshow_index_1,2169,183878125000000,183878125000000,183878125000000,2026-09-05T07:58:36.863990+00:00,,,640,480
directshow_index_1,2170,183878218000000,183878218000000,183878218000000,2026-09-05T07:58:36.948763+00:00,,,640,480
daheng_sn_FDE23080341,2157,183878171000000,183878171000000,183878171000000,2026-09-05T07:58:36.955944+00:00,26183,18225648427425,1920,1200
directshow_index_1,2171,183878312000000,183878312000000,183878312000000,2026-09-05T07:58:37.039055+00:00,,,640,480
daheng_sn_FDE23080341,2158,183878265000000,183878265000000,183878265000000,2026-09-05T07:58:37.053056+00:00,26194,18225732960225,1920,1200
directshow_index_1,2172,183878406000000,183878406000000,183878406000000,2026-09-05T07:58:37.133384+00:00,,,640,480
daheng_sn_FDE23080341,2159,183878359000000,183878359000000,183878359000000,2026-09-05T07:58:37.148391+00:00,26206,18225825177825,1920,1200
directshow_index_1,2173,183878500000000,183878515000000,183878507500000,2026-09-05T07:58:37.252940+00:00,,,640,480
daheng_sn_FDE23080341,2160,183878453000000,183878468000000,183878460500000,2026-09-05T07:58:37.295950+00:00,26219,18225925080225,1920,1200
directshow_index_1,2174,183878593000000,183878593000000,183878593000000,2026-09-05T07:58:37.322477+00:00,,,640,480
daheng_sn_FDE23080341,2161,183878578000000,183878578000000,183878578000000,2026-09-05T07:58:37.356353+00:00,26231,18226017297825,1920,1200
directshow_index_1,2175,183878687000000,183878687000000,183878687000000,2026-09-05T07:58:37.414943+00:00,,,640,480
daheng_sn_FDE23080341,2162,183878671000000,183878671000000,183878671000000,2026-09-05T07:58:37.458691+00:00,26243,18226109515425,1920,1200
directshow_index_1,2176,183878781000000,183878781000000,183878781000000,2026-09-05T07:58:37.507550+00:00,,,640,480
daheng_sn_FDE23080341,2163,183878765000000,183878765000000,183878765000000,2026-09-05T07:58:37.554761+00:00,26254,18226194048225,1920,1200
directshow_index_1,2177,183878875000000,183878875000000,183878875000000,2026-09-05T07:58:37.598862+00:00,,,640,480
daheng_sn_FDE23080341,2164,183878859000000,183878859000000,183878859000000,2026-09-05T07:58:37.635126+00:00,26267,18226293950625,1920,1200
directshow_index_1,2178,183878968000000,183878968000000,183878968000000,2026-09-05T07:58:37.698691+00:00,,,640,480
daheng_sn_FDE23080341,2165,183878953000000,183878953000000,183878953000000,2026-09-05T07:58:37.734679+00:00,26279,18226386168225,1920,1200
directshow_index_1,2179,183879062000000,183879062000000,183879062000000,2026-09-05T07:58:37.810723+00:00,,,640,480
daheng_sn_FDE23080341,2166,183879046000000,183879046000000,183879046000000,2026-09-05T07:58:37.856008+00:00,26291,18226478385825,1920,1200
directshow_index_1,2180,183879156000000,183879156000000,183879156000000,2026-09-05T07:58:37.887894+00:00,,,640,480
daheng_sn_FDE23080341,2167,183879140000000,183879140000000,183879140000000,2026-09-05T07:58:37.928266+00:00,26304,18226578288225,1920,1200
directshow_index_1,2181,183879250000000,183879250000000,183879250000000,2026-09-05T07:58:37.978950+00:00,,,640,480
daheng_sn_FDE23080341,2168,183879234000000,183879234000000,183879234000000,2026-09-05T07:58:38.014880+00:00,26316,18226670505825,1920,1200
directshow_index_1,2182,183879343000000,183879343000000,183879343000000,2026-09-05T07:58:38.072020+00:00,,,640,480
daheng_sn_FDE23080341,2169,183879328000000,183879328000000,183879328000000,2026-09-05T07:58:38.113530+00:00,26328,18226762723425,1920,1200
directshow_index_1,2183,183879437000000,183879437000000,183879437000000,2026-09-05T07:58:38.163716+00:00,,,640,480
daheng_sn_FDE23080341,2170,183879421000000,183879421000000,183879421000000,2026-09-05T07:58:38.205091+00:00,26340,18226854941025,1920,1200
directshow_index_1,2184,183879531000000,183879531000000,183879531000000,2026-09-05T07:58:38.261418+00:00,,,640,480
daheng_sn_FDE23080341,2171,183879515000000,183879515000000,183879515000000,2026-09-05T07:58:38.296982+00:00,26353,18226954843425,1920,1200
directshow_index_1,2185,183879625000000,183879625000000,183879625000000,2026-09-05T07:58:38.353524+00:00,,,640,480
daheng_sn_FDE23080341,2172,183879609000000,183879609000000,183879609000000,2026-09-05T07:58:38.395542+00:00,26368,18227070115425,1920,1200
directshow_index_1,2186,183879718000000,183879734000000,183879726000000,2026-09-05T07:58:38.486738+00:00,,,640,480
daheng_sn_FDE23080341,2173,183879703000000,183879718000000,183879710500000,2026-09-05T07:58:38.527253+00:00,26381,18227170017825,1920,1200
directshow_index_1,2187,183879812000000,183879812000000,183879812000000,2026-09-05T07:58:38.541260+00:00,,,640,480
daheng_sn_FDE23080341,2174,183879796000000,183879796000000,183879796000000,2026-09-05T07:58:38.582254+00:00,26393,18227262235425,1920,1200
directshow_index_1,2188,183879906000000,183879906000000,183879906000000,2026-09-05T07:58:38.637454+00:00,,,640,480
daheng_sn_FDE23080341,2175,183879890000000,183879890000000,183879890000000,2026-09-05T07:58:38.674448+00:00,26405,18227354453025,1920,1200
directshow_index_1,2189,183880000000000,183880000000000,183880000000000,2026-09-05T07:58:38.725401+00:00,,,640,480
daheng_sn_FDE23080341,2176,183879984000000,183879984000000,183879984000000,2026-09-05T07:58:38.763930+00:00,26417,18227446670625,1920,1200
directshow_index_1,2190,183880093000000,183880093000000,183880093000000,2026-09-05T07:58:38.822765+00:00,,,640,480
daheng_sn_FDE23080341,2177,183880078000000,183880078000000,183880078000000,2026-09-05T07:58:38.855012+00:00,26430,18227546573025,1920,1200
directshow_index_1,2191,183880187000000,183880187000000,183880187000000,2026-09-05T07:58:38.912457+00:00,,,640,480
daheng_sn_FDE23080341,2178,183880171000000,183880171000000,183880171000000,2026-09-05T07:58:38.954101+00:00,26442,18227638790625,1920,1200
directshow_index_1,2192,183880281000000,183880281000000,183880281000000,2026-09-05T07:58:39.008185+00:00,,,640,480
daheng_sn_FDE23080341,2179,183880265000000,183880265000000,183880265000000,2026-09-05T07:58:39.055461+00:00,26454,18227731008225,1920,1200
directshow_index_1,2193,183880375000000,183880375000000,183880375000000,2026-09-05T07:58:39.104475+00:00,,,640,480
daheng_sn_FDE23080341,2180,183880359000000,183880359000000,183880359000000,2026-09-05T07:58:39.146525+00:00,26467,18227830910625,1920,1200
directshow_index_1,2194,183880468000000,183880468000000,183880468000000,2026-09-05T07:58:39.197826+00:00,,,640,480
daheng_sn_FDE23080341,2181,183880453000000,183880453000000,183880453000000,2026-09-05T07:58:39.241171+00:00,26479,18227923128225,1920,1200
directshow_index_1,2195,183880562000000,183880562000000,183880562000000,2026-09-05T07:58:39.292069+00:00,,,640,480
daheng_sn_FDE23080341,2182,183880546000000,183880546000000,183880546000000,2026-09-05T07:58:39.334533+00:00,26491,18228015345825,1920,1200
directshow_index_1,2196,183880656000000,183880656000000,183880656000000,2026-09-05T07:58:39.388031+00:00,,,640,480
daheng_sn_FDE23080341,2183,183880640000000,183880640000000,183880640000000,2026-09-05T07:58:39.433739+00:00,26503,18228107563425,1920,1200
directshow_index_1,2197,183880750000000,183880750000000,183880750000000,2026-09-05T07:58:39.476609+00:00,,,640,480
daheng_sn_FDE23080341,2184,183880734000000,183880734000000,183880734000000,2026-09-05T07:58:39.521580+00:00,26516,18228207465825,1920,1200
directshow_index_1,2198,183880843000000,183880843000000,183880843000000,2026-09-05T07:58:39.570218+00:00,,,640,480
daheng_sn_FDE23080341,2185,183880828000000,183880828000000,183880828000000,2026-09-05T07:58:39.610840+00:00,26529,18228307368225,1920,1200
directshow_index_1,2199,183880937000000,183880937000000,183880937000000,2026-09-05T07:58:39.667514+00:00,,,640,480
daheng_sn_FDE23080341,2186,183880921000000,183880921000000,183880921000000,2026-09-05T07:58:39.717319+00:00,26539,18228384216225,1920,1200
directshow_index_1,2200,183881031000000,183881031000000,183881031000000,2026-09-05T07:58:39.779319+00:00,,,640,480
daheng_sn_FDE23080341,2187,183881015000000,183881031000000,183881023000000,2026-09-05T07:58:39.824593+00:00,26552,18228484118625,1920,1200
directshow_index_1,2201,183881125000000,183881125000000,183881125000000,2026-09-05T07:58:39.851797+00:00,,,640,480
daheng_sn_FDE23080341,2188,183881109000000,183881109000000,183881109000000,2026-09-05T07:58:39.897337+00:00,26564,18228576336225,1920,1200
directshow_index_1,2202,183881218000000,183881218000000,183881218000000,2026-09-05T07:58:39.949707+00:00,,,640,480
daheng_sn_FDE23080341,2189,183881203000000,183881203000000,183881203000000,2026-09-05T07:58:40.004667+00:00,26576,18228668553825,1920,1200
directshow_index_1,2203,183881312000000,183881312000000,183881312000000,2026-09-05T07:58:40.045327+00:00,,,640,480
daheng_sn_FDE23080341,2190,183881296000000,183881296000000,183881296000000,2026-09-05T07:58:40.094871+00:00,26588,18228760771425,1920,1200
directshow_index_1,2204,183881406000000,183881406000000,183881406000000,2026-09-05T07:58:40.136897+00:00,,,640,480
daheng_sn_FDE23080341,2191,183881390000000,183881390000000,183881390000000,2026-09-05T07:58:40.168990+00:00,26601,18228860673825,1920,1200
directshow_index_1,2205,183881500000000,183881500000000,183881500000000,2026-09-05T07:58:40.232836+00:00,,,640,480
daheng_sn_FDE23080341,2192,183881484000000,183881484000000,183881484000000,2026-09-05T07:58:40.282354+00:00,26613,18228952891425,1920,1200
directshow_index_1,2206,183881593000000,183881593000000,183881593000000,2026-09-05T07:58:40.320884+00:00,,,640,480
daheng_sn_FDE23080341,2193,183881578000000,183881578000000,183881578000000,2026-09-05T07:58:40.371858+00:00,26625,18229045109025,1920,1200
directshow_index_1,2207,183881687000000,183881703000000,183881695000000,2026-09-05T07:58:40.427880+00:00,,,640,480
daheng_sn_FDE23080341,2194,183881671000000,183881671000000,183881671000000,2026-09-05T07:58:40.476222+00:00,26637,18229137326625,1920,1200
directshow_index_1,2208,183881781000000,183881781000000,183881781000000,2026-09-05T07:58:40.511316+00:00,,,640,480
daheng_sn_FDE23080341,2195,183881765000000,183881765000000,183881765000000,2026-09-05T07:58:40.558294+00:00,26649,18229229544225,1920,1200
directshow_index_1,2209,183881875000000,183881875000000,183881875000000,2026-09-05T07:58:40.602558+00:00,,,640,480
daheng_sn_FDE23080341,2196,183881859000000,183881859000000,183881859000000,2026-09-05T07:58:40.639083+00:00,26662,18229329446625,1920,1200
directshow_index_1,2210,183881968000000,183881968000000,183881968000000,2026-09-05T07:58:40.696009+00:00,,,640,480
daheng_sn_FDE23080341,2197,183881953000000,183881953000000,183881953000000,2026-09-05T07:58:40.737210+00:00,26674,18229421664225,1920,1200
directshow_index_1,2211,183882062000000,183882062000000,183882062000000,2026-09-05T07:58:40.789787+00:00,,,640,480
daheng_sn_FDE23080341,2198,183882046000000,183882046000000,183882046000000,2026-09-05T07:58:40.832114+00:00,26687,18229521566625,1920,1200
directshow_index_1,2212,183882156000000,183882156000000,183882156000000,2026-09-05T07:58:40.882434+00:00,,,640,480
daheng_sn_FDE23080341,2199,183882140000000,183882140000000,183882140000000,2026-09-05T07:58:40.923321+00:00,26699,18229613784225,1920,1200
directshow_index_1,2213,183882250000000,183882250000000,183882250000000,2026-09-05T07:58:40.975270+00:00,,,640,480
daheng_sn_FDE23080341,2200,183882234000000,183882234000000,183882234000000,2026-09-05T07:58:41.016759+00:00,26711,18229706001825,1920,1200
directshow_index_1,2214,183882359000000,183882359000000,183882359000000,2026-09-05T07:58:41.092067+00:00,,,640,480
daheng_sn_FDE23080341,2201,183882328000000,183882328000000,183882328000000,2026-09-05T07:58:41.144255+00:00,26723,18229798219425,1920,1200
directshow_index_1,2215,183882453000000,183882453000000,183882453000000,2026-09-05T07:58:41.179790+00:00,,,640,480
daheng_sn_FDE23080341,2202,183882421000000,183882421000000,183882421000000,2026-09-05T07:58:41.208887+00:00,26734,18229882752225,1920,1200
directshow_index_1,2216,183882546000000,183882546000000,183882546000000,2026-09-05T07:58:41.272783+00:00,,,640,480
daheng_sn_FDE23080341,2203,183882515000000,183882515000000,183882515000000,2026-09-05T07:58:41.306886+00:00,26747,18229982654625,1920,1200
directshow_index_1,2217,183882640000000,183882640000000,183882640000000,2026-09-05T07:58:41.371119+00:00,,,640,480
daheng_sn_FDE23080341,2204,183882609000000,183882609000000,183882609000000,2026-09-05T07:58:41.401133+00:00,26759,18230074872225,1920,1200
directshow_index_1,2218,183882734000000,183882734000000,183882734000000,2026-09-05T07:58:41.460683+00:00,,,640,480
daheng_sn_FDE23080341,2205,183882703000000,183882703000000,183882703000000,2026-09-05T07:58:41.488291+00:00,26772,18230174774625,1920,1200
directshow_index_1,2219,183882828000000,183882828000000,183882828000000,2026-09-05T07:58:41.553388+00:00,,,640,480
daheng_sn_FDE23080341,2206,183882796000000,183882796000000,183882796000000,2026-09-05T07:58:41.584467+00:00,26784,18230266992225,1920,1200
directshow_index_1,2220,183882921000000,183882921000000,183882921000000,2026-09-05T07:58:41.651348+00:00,,,640,480
daheng_sn_FDE23080341,2207,183882890000000,183882890000000,183882890000000,2026-09-05T07:58:41.684356+00:00,26796,18230359209825,1920,1200
directshow_index_1,2221,183883015000000,183883015000000,183883015000000,2026-09-05T07:58:41.762415+00:00,,,640,480
daheng_sn_FDE23080341,2208,183882984000000,183883000000000,183882992000000,2026-09-05T07:58:41.813118+00:00,26808,18230451427425,1920,1200
directshow_index_1,2222,183883109000000,183883109000000,183883109000000,2026-09-05T07:58:41.834798+00:00,,,640,480
daheng_sn_FDE23080341,2209,183883093000000,183883093000000,183883093000000,2026-09-05T07:58:41.879648+00:00,26820,18230543645025,1920,1200
directshow_index_1,2223,183883203000000,183883203000000,183883203000000,2026-09-05T07:58:41.933613+00:00,,,640,480
daheng_sn_FDE23080341,2210,183883187000000,183883187000000,183883187000000,2026-09-05T07:58:41.980403+00:00,26832,18230635862625,1920,1200
directshow_index_1,2224,183883296000000,183883296000000,183883296000000,2026-09-05T07:58:42.030600+00:00,,,640,480
daheng_sn_FDE23080341,2211,183883281000000,183883281000000,183883281000000,2026-09-05T07:58:42.071611+00:00,26844,18230728080225,1920,1200
directshow_index_1,2225,183883390000000,183883390000000,183883390000000,2026-09-05T07:58:42.117379+00:00,,,640,480
daheng_sn_FDE23080341,2212,183883375000000,183883375000000,183883375000000,2026-09-05T07:58:42.174028+00:00,26856,18230820297825,1920,1200
directshow_index_1,2226,183883484000000,183883484000000,183883484000000,2026-09-05T07:58:42.214034+00:00,,,640,480
daheng_sn_FDE23080341,2213,183883468000000,183883468000000,183883468000000,2026-09-05T07:58:42.272008+00:00,26869,18230920200225,1920,1200
directshow_index_1,2227,183883578000000,183883578000000,183883578000000,2026-09-05T07:58:42.314956+00:00,,,640,480
daheng_sn_FDE23080341,2214,183883562000000,183883562000000,183883562000000,2026-09-05T07:58:42.373990+00:00,26881,18231012417825,1920,1200
directshow_index_1,2228,183883671000000,183883687000000,183883679000000,2026-09-05T07:58:42.423146+00:00,,,640,480
daheng_sn_FDE23080341,2215,183883656000000,183883656000000,183883656000000,2026-09-05T07:58:42.483030+00:00,26893,18231104635425,1920,1200
directshow_index_1,2229,183883765000000,183883781000000,183883773000000,2026-09-05T07:58:42.520292+00:00,,,640,480
directshow_index_1,2230,183883859000000,183883859000000,183883859000000,2026-09-05T07:58:42.591690+00:00,,,640,480
daheng_sn_FDE23080341,2216,183883765000000,183883781000000,183883773000000,2026-09-05T07:58:42.627590+00:00,26905,18231196853025,1920,1200
directshow_index_1,2231,183883953000000,183883953000000,183883953000000,2026-09-05T07:58:42.684915+00:00,,,640,480
daheng_sn_FDE23080341,2217,183883906000000,183883906000000,183883906000000,2026-09-05T07:58:42.789803+00:00,26918,18231296755425,1920,1200
directshow_index_1,2232,183884046000000,183884046000000,183884046000000,2026-09-05T07:58:42.811093+00:00,,,640,480
directshow_index_1,2233,183884140000000,183884140000000,183884140000000,2026-09-05T07:58:42.882635+00:00,,,640,480
daheng_sn_FDE23080341,2218,183884062000000,183884093000000,183884077500000,2026-09-05T07:58:42.945025+00:00,26930,18231388973025,1920,1200
directshow_index_1,2234,183884234000000,183884234000000,183884234000000,2026-09-05T07:58:42.967319+00:00,,,640,480
daheng_sn_FDE23080341,2219,183884218000000,183884218000000,183884218000000,2026-09-05T07:58:43.025602+00:00,26943,18231488875425,1920,1200
directshow_index_1,2235,183884328000000,183884328000000,183884328000000,2026-09-05T07:58:43.080603+00:00,,,640,480
daheng_sn_FDE23080341,2220,183884312000000,183884312000000,183884312000000,2026-09-05T07:58:43.141515+00:00,26956,18231588777825,1920,1200
directshow_index_1,2236,183884421000000,183884421000000,183884421000000,2026-09-05T07:58:43.159813+00:00,,,640,480
daheng_sn_FDE23080341,2221,183884421000000,183884421000000,183884421000000,2026-09-05T07:58:43.221533+00:00,26969,18231688680225,1920,1200
directshow_index_1,2237,183884515000000,183884515000000,183884515000000,2026-09-05T07:58:43.242190+00:00,,,640,480
daheng_sn_FDE23080341,2222,183884515000000,183884515000000,183884515000000,2026-09-05T07:58:43.306953+00:00,26981,18231780897825,1920,1200
directshow_index_1,2238,183884609000000,183884609000000,183884609000000,2026-09-05T07:58:43.346391+00:00,,,640,480
daheng_sn_FDE23080341,2223,183884609000000,183884609000000,183884609000000,2026-09-05T07:58:43.400484+00:00,26993,18231873115425,1920,1200
directshow_index_1,2239,183884703000000,183884703000000,183884703000000,2026-09-05T07:58:43.430743+00:00,,,640,480
daheng_sn_FDE23080341,2224,183884703000000,183884703000000,183884703000000,2026-09-05T07:58:43.495659+00:00,27005,18231965333025,1920,1200
directshow_index_1,2240,183884796000000,183884796000000,183884796000000,2026-09-05T07:58:43.526522+00:00,,,640,480
daheng_sn_FDE23080341,2225,183884796000000,183884796000000,183884796000000,2026-09-05T07:58:43.594485+00:00,27018,18232065235425,1920,1200
directshow_index_1,2241,183884890000000,183884890000000,183884890000000,2026-09-05T07:58:43.623283+00:00,,,640,480
daheng_sn_FDE23080341,2226,183884890000000,183884890000000,183884890000000,2026-09-05T07:58:43.683066+00:00,27029,18232149768225,1920,1200
directshow_index_1,2242,183884984000000,183884984000000,183884984000000,2026-09-05T07:58:43.713074+00:00,,,640,480
daheng_sn_FDE23080341,2227,183884984000000,183884984000000,183884984000000,2026-09-05T07:58:43.779468+00:00,27045,18232272725025,1920,1200
directshow_index_1,2243,183885078000000,183885078000000,183885078000000,2026-09-05T07:58:43.813510+00:00,,,640,480
daheng_sn_FDE23080341,2228,183885078000000,183885078000000,183885078000000,2026-09-05T07:58:43.878283+00:00,27063,18232411051425,1920,1200
directshow_index_1,2244,183885171000000,183885171000000,183885171000000,2026-09-05T07:58:43.904284+00:00,,,640,480
daheng_sn_FDE23080341,2229,183885171000000,183885171000000,183885171000000,2026-09-05T07:58:43.959775+00:00,27086,18232587801825,1920,1200
directshow_index_1,2245,183885265000000,183885265000000,183885265000000,2026-09-05T07:58:44.006438+00:00,,,640,480
daheng_sn_FDE23080341,2230,183885265000000,183885265000000,183885265000000,2026-09-05T07:58:44.053341+00:00,27104,18232726128225,1920,1200
directshow_index_1,2246,183885359000000,183885359000000,183885359000000,2026-09-05T07:58:44.089684+00:00,,,640,480
daheng_sn_FDE23080341,2231,183885359000000,183885359000000,183885359000000,2026-09-05T07:58:44.144483+00:00,27115,18232810661025,1920,1200
directshow_index_1,2247,183885453000000,183885453000000,183885453000000,2026-09-05T07:58:44.180573+00:00,,,640,480
daheng_sn_FDE23080341,2232,183885453000000,183885453000000,183885453000000,2026-09-05T07:58:44.231566+00:00,27130,18232925933025,1920,1200
directshow_index_1,2248,183885546000000,183885546000000,183885546000000,2026-09-05T07:58:44.274998+00:00,,,640,480
daheng_sn_FDE23080341,2233,183885546000000,183885546000000,183885546000000,2026-09-05T07:58:44.323137+00:00,27141,18233010465825,1920,1200
directshow_index_1,2249,183885640000000,183885656000000,183885648000000,2026-09-05T07:58:44.415704+00:00,,,640,480
daheng_sn_FDE23080341,2234,183885640000000,183885640000000,183885640000000,2026-09-05T07:58:44.440325+00:00,27153,18233102683425,1920,1200
directshow_index_1,2250,183885734000000,183885734000000,183885734000000,2026-09-05T07:58:44.475321+00:00,,,640,480
daheng_sn_FDE23080341,2235,183885734000000,183885734000000,183885734000000,2026-09-05T07:58:44.513328+00:00,27166,18233202585825,1920,1200
directshow_index_1,2251,183885828000000,183885828000000,183885828000000,2026-09-05T07:58:44.566805+00:00,,,640,480
daheng_sn_FDE23080341,2236,183885828000000,183885828000000,183885828000000,2026-09-05T07:58:44.603428+00:00,27178,18233294803425,1920,1200
directshow_index_1,2252,183885921000000,183885921000000,183885921000000,2026-09-05T07:58:44.651160+00:00,,,640,480
daheng_sn_FDE23080341,2237,183885921000000,183885921000000,183885921000000,2026-09-05T07:58:44.697159+00:00,27190,18233387021025,1920,1200
directshow_index_1,2253,183886015000000,183886015000000,183886015000000,2026-09-05T07:58:44.745195+00:00,,,640,480
daheng_sn_FDE23080341,2238,183886015000000,183886015000000,183886015000000,2026-09-05T07:58:44.794191+00:00,27202,18233479238625,1920,1200
directshow_index_1,2254,183886109000000,183886109000000,183886109000000,2026-09-05T07:58:44.836035+00:00,,,640,480
daheng_sn_FDE23080341,2239,183886109000000,183886109000000,183886109000000,2026-09-05T07:58:44.883321+00:00,27215,18233579141025,1920,1200
directshow_index_1,2255,183886203000000,183886203000000,183886203000000,2026-09-05T07:58:44.932196+00:00,,,640,480
daheng_sn_FDE23080341,2240,183886203000000,183886203000000,183886203000000,2026-09-05T07:58:44.980831+00:00,27227,18233671358625,1920,1200
directshow_index_1,2256,183886296000000,183886296000000,183886296000000,2026-09-05T07:58:45.034800+00:00,,,640,480
daheng_sn_FDE23080341,2241,183886296000000,183886296000000,183886296000000,2026-09-05T07:58:45.109336+00:00,27239,18233763576225,1920,1200
directshow_index_1,2257,183886390000000,183886390000000,183886390000000,2026-09-05T07:58:45.121074+00:00,,,640,480
daheng_sn_FDE23080341,2242,183886390000000,183886390000000,183886390000000,2026-09-05T07:58:45.176074+00:00,27251,18233855793825,1920,1200
directshow_index_1,2258,183886484000000,183886484000000,183886484000000,2026-09-05T07:58:45.213463+00:00,,,640,480
daheng_sn_FDE23080341,2243,183886484000000,183886484000000,183886484000000,2026-09-05T07:58:45.265276+00:00,27263,18233948011425,1920,1200
directshow_index_1,2259,183886578000000,183886578000000,183886578000000,2026-09-05T07:58:45.302299+00:00,,,640,480
daheng_sn_FDE23080341,2244,183886578000000,183886578000000,183886578000000,2026-09-05T07:58:45.359157+00:00,27275,18234040229025,1920,1200
directshow_index_1,2260,183886671000000,183886671000000,183886671000000,2026-09-05T07:58:45.400785+00:00,,,640,480
daheng_sn_FDE23080341,2245,183886671000000,183886671000000,183886671000000,2026-09-05T07:58:45.452052+00:00,27288,18234140131425,1920,1200
directshow_index_1,2261,183886765000000,183886765000000,183886765000000,2026-09-05T07:58:45.499318+00:00,,,640,480
daheng_sn_FDE23080341,2246,183886765000000,183886765000000,183886765000000,2026-09-05T07:58:45.547081+00:00,27300,18234232349025,1920,1200
directshow_index_1,2262,183886859000000,183886859000000,183886859000000,2026-09-05T07:58:45.583942+00:00,,,640,480
daheng_sn_FDE23080341,2247,183886859000000,183886859000000,183886859000000,2026-09-05T07:58:45.645296+00:00,27312,18234324566625,1920,1200
directshow_index_1,2263,183886953000000,183886953000000,183886953000000,2026-09-05T07:58:45.680908+00:00,,,640,480
daheng_sn_FDE23080341,2248,183886953000000,183886953000000,183886953000000,2026-09-05T07:58:45.737132+00:00,27325,18234424469025,1920,1200
directshow_index_1,2264,183887046000000,183887046000000,183887046000000,2026-09-05T07:58:45.789139+00:00,,,640,480
daheng_sn_FDE23080341,2249,183887046000000,183887046000000,183887046000000,2026-09-05T07:58:45.840296+00:00,27337,18234516686625,1920,1200
directshow_index_1,2265,183887140000000,183887140000000,183887140000000,2026-09-05T07:58:45.868638+00:00,,,640,480
daheng_sn_FDE23080341,2250,183887140000000,183887140000000,183887140000000,2026-09-05T07:58:45.923318+00:00,27349,18234608904225,1920,1200
directshow_index_1,2266,183887234000000,183887234000000,183887234000000,2026-09-05T07:58:45.964704+00:00,,,640,480
daheng_sn_FDE23080341,2251,183887234000000,183887234000000,183887234000000,2026-09-05T07:58:46.016668+00:00,27361,18234701121825,1920,1200
directshow_index_1,2267,183887328000000,183887328000000,183887328000000,2026-09-05T07:58:46.059391+00:00,,,640,480
daheng_sn_FDE23080341,2252,183887328000000,183887328000000,183887328000000,2026-09-05T07:58:46.113756+00:00,27373,18234793339425,1920,1200
directshow_index_1,2268,183887421000000,183887421000000,183887421000000,2026-09-05T07:58:46.151389+00:00,,,640,480
daheng_sn_FDE23080341,2253,183887421000000,183887421000000,183887421000000,2026-09-05T07:58:46.205568+00:00,27385,18234885557025,1920,1200
directshow_index_1,2269,183887515000000,183887515000000,183887515000000,2026-09-05T07:58:46.244440+00:00,,,640,480
daheng_sn_FDE23080341,2254,183887515000000,183887515000000,183887515000000,2026-09-05T07:58:46.293174+00:00,27397,18234977774625,1920,1200
directshow_index_1,2270,183887609000000,183887640000000,183887624500000,2026-09-05T07:58:46.387732+00:00,,,640,480
daheng_sn_FDE23080341,2255,183887609000000,183887625000000,183887617000000,2026-09-05T07:58:46.416662+00:00,27410,18235077677025,1920,1200
directshow_index_1,2271,183887703000000,183887703000000,183887703000000,2026-09-05T07:58:46.438898+00:00,,,640,480
daheng_sn_FDE23080341,2256,183887703000000,183887703000000,183887703000000,2026-09-05T07:58:46.483080+00:00,27422,18235169894625,1920,1200
directshow_index_1,2272,183887796000000,183887796000000,183887796000000,2026-09-05T07:58:46.523514+00:00,,,640,480
daheng_sn_FDE23080341,2257,183887796000000,183887796000000,183887796000000,2026-09-05T07:58:46.574515+00:00,27434,18235262112225,1920,1200
directshow_index_1,2273,183887890000000,183887890000000,183887890000000,2026-09-05T07:58:46.619189+00:00,,,640,480
daheng_sn_FDE23080341,2258,183887890000000,183887890000000,183887890000000,2026-09-05T07:58:46.670788+00:00,27447,18235362014625,1920,1200
directshow_index_1,2274,183887984000000,183887984000000,183887984000000,2026-09-05T07:58:46.713159+00:00,,,640,480
daheng_sn_FDE23080341,2259,183887984000000,183887984000000,183887984000000,2026-09-05T07:58:46.762243+00:00,27459,18235454232225,1920,1200
directshow_index_1,2275,183888078000000,183888078000000,183888078000000,2026-09-05T07:58:46.810955+00:00,,,640,480
daheng_sn_FDE23080341,2260,183888078000000,183888078000000,183888078000000,2026-09-05T07:58:46.855688+00:00,27471,18235546449825,1920,1200
directshow_index_1,2276,183888171000000,183888171000000,183888171000000,2026-09-05T07:58:46.904150+00:00,,,640,480
daheng_sn_FDE23080341,2261,183888171000000,183888171000000,183888171000000,2026-09-05T07:58:46.946714+00:00,27483,18235638667425,1920,1200
directshow_index_1,2277,183888265000000,183888265000000,183888265000000,2026-09-05T07:58:46.993703+00:00,,,640,480
daheng_sn_FDE23080341,2262,183888265000000,183888265000000,183888265000000,2026-09-05T07:58:47.044285+00:00,27496,18235738569825,1920,1200
directshow_index_1,2278,183888359000000,183888359000000,183888359000000,2026-09-05T07:58:47.097055+00:00,,,640,480
daheng_sn_FDE23080341,2263,183888359000000,183888359000000,183888359000000,2026-09-05T07:58:47.142591+00:00,27508,18235830787425,1920,1200
directshow_index_1,2279,183888453000000,183888453000000,183888453000000,2026-09-05T07:58:47.184585+00:00,,,640,480
daheng_sn_FDE23080341,2264,183888453000000,183888453000000,183888453000000,2026-09-05T07:58:47.237581+00:00,27520,18235923005025,1920,1200
directshow_index_1,2280,183888546000000,183888546000000,183888546000000,2026-09-05T07:58:47.274205+00:00,,,640,480
daheng_sn_FDE23080341,2265,183888546000000,183888546000000,183888546000000,2026-09-05T07:58:47.319489+00:00,27532,18236015222625,1920,1200
directshow_index_1,2281,183888640000000,183888640000000,183888640000000,2026-09-05T07:58:47.363777+00:00,,,640,480
daheng_sn_FDE23080341,2266,183888640000000,183888640000000,183888640000000,2026-09-05T07:58:47.421258+00:00,27544,18236107440225,1920,1200
directshow_index_1,2282,183888734000000,183888734000000,183888734000000,2026-09-05T07:58:47.468492+00:00,,,640,480
daheng_sn_FDE23080341,2267,183888734000000,183888734000000,183888734000000,2026-09-05T07:58:47.533283+00:00,27556,18236199657825,1920,1200
directshow_index_1,2283,183888828000000,183888828000000,183888828000000,2026-09-05T07:58:47.553860+00:00,,,640,480
daheng_sn_FDE23080341,2268,183888828000000,183888828000000,183888828000000,2026-09-05T07:58:47.612653+00:00,27568,18236291875425,1920,1200
directshow_index_1,2284,183888921000000,183888921000000,183888921000000,2026-09-05T07:58:47.666847+00:00,,,640,480
daheng_sn_FDE23080341,2269,183888921000000,183888921000000,183888921000000,2026-09-05T07:58:47.725364+00:00,27581,18236391777825,1920,1200
directshow_index_1,2285,183889015000000,183889015000000,183889015000000,2026-09-05T07:58:47.747585+00:00,,,640,480
daheng_sn_FDE23080341,2270,183889015000000,183889015000000,183889015000000,2026-09-05T07:58:47.802146+00:00,27593,18236483995425,1920,1200
directshow_index_1,2286,183889109000000,183889109000000,183889109000000,2026-09-05T07:58:47.839743+00:00,,,640,480
daheng_sn_FDE23080341,2271,183889109000000,183889109000000,183889109000000,2026-09-05T07:58:47.889407+00:00,27605,18236576213025,1920,1200
directshow_index_1,2287,183889203000000,183889203000000,183889203000000,2026-09-05T07:58:47.931975+00:00,,,640,480
daheng_sn_FDE23080341,2272,183889203000000,183889203000000,183889203000000,2026-09-05T07:58:47.980315+00:00,27617,18236668430625,1920,1200
directshow_index_1,2288,183889296000000,183889296000000,183889296000000,2026-09-05T07:58:48.021521+00:00,,,640,480
daheng_sn_FDE23080341,2273,183889296000000,183889296000000,183889296000000,2026-09-05T07:58:48.069639+00:00,27629,18236760648225,1920,1200
directshow_index_1,2289,183889390000000,183889390000000,183889390000000,2026-09-05T07:58:48.117765+00:00,,,640,480
daheng_sn_FDE23080341,2274,183889390000000,183889390000000,183889390000000,2026-09-05T07:58:48.163297+00:00,27642,18236860550625,1920,1200
directshow_index_1,2290,183889484000000,183889484000000,183889484000000,2026-09-05T07:58:48.218131+00:00,,,640,480
daheng_sn_FDE23080341,2275,183889484000000,183889484000000,183889484000000,2026-09-05T07:58:48.257255+00:00,27654,18236952768225,1920,1200
directshow_index_1,2291,183889578000000,183889593000000,183889585500000,2026-09-05T07:58:48.343012+00:00,,,640,480
daheng_sn_FDE23080341,2276,183889578000000,183889593000000,183889585500000,2026-09-05T07:58:48.381017+00:00,27666,18237044985825,1920,1200
directshow_index_1,2292,183889671000000,183889671000000,183889671000000,2026-09-05T07:58:48.395733+00:00,,,640,480
daheng_sn_FDE23080341,2277,183889671000000,183889671000000,183889671000000,2026-09-05T07:58:48.440744+00:00,27678,18237137203425,1920,1200
directshow_index_1,2293,183889765000000,183889765000000,183889765000000,2026-09-05T07:58:48.493384+00:00,,,640,480
daheng_sn_FDE23080341,2278,183889765000000,183889765000000,183889765000000,2026-09-05T07:58:48.552401+00:00,27691,18237237105825,1920,1200
directshow_index_1,2294,183889859000000,183889859000000,183889859000000,2026-09-05T07:58:48.586363+00:00,,,640,480
daheng_sn_FDE23080341,2279,183889859000000,183889859000000,183889859000000,2026-09-05T07:58:48.633163+00:00,27702,18237321638625,1920,1200
directshow_index_1,2295,183889953000000,183889968000000,183889960500000,2026-09-05T07:58:48.705641+00:00,,,640,480
daheng_sn_FDE23080341,2280,183889953000000,183889968000000,183889960500000,2026-09-05T07:58:48.738911+00:00,27715,18237421541025,1920,1200
directshow_index_1,2296,183890046000000,183890046000000,183890046000000,2026-09-05T07:58:48.776640+00:00,,,640,480
daheng_sn_FDE23080341,2281,183890046000000,183890046000000,183890046000000,2026-09-05T07:58:48.810147+00:00,27727,18237513758625,1920,1200
directshow_index_1,2297,183890140000000,183890140000000,183890140000000,2026-09-05T07:58:48.866373+00:00,,,640,480
daheng_sn_FDE23080341,2282,183890140000000,183890140000000,183890140000000,2026-09-05T07:58:48.922095+00:00,27739,18237605976225,1920,1200
directshow_index_1,2298,183890234000000,183890234000000,183890234000000,2026-09-05T07:58:48.965056+00:00,,,640,480
daheng_sn_FDE23080341,2283,183890234000000,183890234000000,183890234000000,2026-09-05T07:58:49.017140+00:00,27751,18237698193825,1920,1200
directshow_index_1,2299,183890328000000,183890328000000,183890328000000,2026-09-05T07:58:49.059142+00:00,,,640,480
daheng_sn_FDE23080341,2284,183890328000000,183890328000000,183890328000000,2026-09-05T07:58:49.115689+00:00,27764,18237798096225,1920,1200
directshow_index_1,2300,183890421000000,183890421000000,183890421000000,2026-09-05T07:58:49.149894+00:00,,,640,480
daheng_sn_FDE23080341,2285,183890421000000,183890421000000,183890421000000,2026-09-05T07:58:49.202074+00:00,27776,18237890313825,1920,1200
directshow_index_1,2301,183890515000000,183890515000000,183890515000000,2026-09-05T07:58:49.249994+00:00,,,640,480
daheng_sn_FDE23080341,2286,183890515000000,183890515000000,183890515000000,2026-09-05T07:58:49.288663+00:00,27788,18237982531425,1920,1200
directshow_index_1,2302,183890609000000,183890609000000,183890609000000,2026-09-05T07:58:49.337206+00:00,,,640,480
daheng_sn_FDE23080341,2287,183890609000000,183890609000000,183890609000000,2026-09-05T07:58:49.383792+00:00,27801,18238082433825,1920,1200
directshow_index_1,2303,183890703000000,183890703000000,183890703000000,2026-09-05T07:58:49.432429+00:00,,,640,480
daheng_sn_FDE23080341,2288,183890703000000,183890703000000,183890703000000,2026-09-05T07:58:49.481416+00:00,27813,18238174651425,1920,1200
directshow_index_1,2304,183890796000000,183890796000000,183890796000000,2026-09-05T07:58:49.544786+00:00,,,640,480
daheng_sn_FDE23080341,2289,183890796000000,183890796000000,183890796000000,2026-09-05T07:58:49.587664+00:00,27825,18238266869025,1920,1200
directshow_index_1,2305,183890890000000,183890890000000,183890890000000,2026-09-05T07:58:49.620467+00:00,,,640,480
daheng_sn_FDE23080341,2290,183890890000000,183890890000000,183890890000000,2026-09-05T07:58:49.663393+00:00,27837,18238359086625,1920,1200
directshow_index_1,2306,183890984000000,183890984000000,183890984000000,2026-09-05T07:58:49.711941+00:00,,,640,480
daheng_sn_FDE23080341,2291,183890984000000,183890984000000,183890984000000,2026-09-05T07:58:49.762306+00:00,27850,18238458989025,1920,1200
directshow_index_1,2307,183891078000000,183891078000000,183891078000000,2026-09-05T07:58:49.801034+00:00,,,640,480
daheng_sn_FDE23080341,2292,183891078000000,183891078000000,183891078000000,2026-09-05T07:58:49.842136+00:00,27861,18238543521825,1920,1200
directshow_index_1,2308,183891171000000,183891171000000,183891171000000,2026-09-05T07:58:49.899186+00:00,,,640,480
daheng_sn_FDE23080341,2293,183891171000000,183891171000000,183891171000000,2026-09-05T07:58:49.940475+00:00,27873,18238635739425,1920,1200
directshow_index_1,2309,183891265000000,183891265000000,183891265000000,2026-09-05T07:58:49.993239+00:00,,,640,480
daheng_sn_FDE23080341,2294,183891265000000,183891265000000,183891265000000,2026-09-05T07:58:50.027526+00:00,27885,18238727957025,1920,1200
directshow_index_1,2310,183891359000000,183891359000000,183891359000000,2026-09-05T07:58:50.081804+00:00,,,640,480
daheng_sn_FDE23080341,2295,183891359000000,183891359000000,183891359000000,2026-09-05T07:58:50.138368+00:00,27898,18238827859425,1920,1200
directshow_index_1,2311,183891453000000,183891453000000,183891453000000,2026-09-05T07:58:50.195395+00:00,,,640,480
daheng_sn_FDE23080341,2296,183891453000000,183891453000000,183891453000000,2026-09-05T07:58:50.246359+00:00,27910,18238920077025,1920,1200
directshow_index_1,2312,183891546000000,183891546000000,183891546000000,2026-09-05T07:58:50.273311+00:00,,,640,480
daheng_sn_FDE23080341,2297,183891546000000,183891546000000,183891546000000,2026-09-05T07:58:50.326105+00:00,27922,18239012294625,1920,1200
directshow_index_1,2313,183891640000000,183891640000000,183891640000000,2026-09-05T07:58:50.367500+00:00,,,640,480
daheng_sn_FDE23080341,2298,183891640000000,183891640000000,183891640000000,2026-09-05T07:58:50.417547+00:00,27934,18239104512225,1920,1200
directshow_index_1,2314,183891734000000,183891734000000,183891734000000,2026-09-05T07:58:50.458675+00:00,,,640,480
daheng_sn_FDE23080341,2299,183891734000000,183891734000000,183891734000000,2026-09-05T07:58:50.508013+00:00,27947,18239204414625,1920,1200
directshow_index_1,2315,183891828000000,183891828000000,183891828000000,2026-09-05T07:58:50.556852+00:00,,,640,480
daheng_sn_FDE23080341,2300,183891828000000,183891828000000,183891828000000,2026-09-05T07:58:50.608522+00:00,27958,18239288947425,1920,1200
directshow_index_1,2316,183891921000000,183891921000000,183891921000000,2026-09-05T07:58:50.648300+00:00,,,640,480
daheng_sn_FDE23080341,2301,183891921000000,183891921000000,183891921000000,2026-09-05T07:58:50.692145+00:00,27971,18239388849825,1920,1200
directshow_index_1,2317,183892015000000,183892015000000,183892015000000,2026-09-05T07:58:50.775563+00:00,,,640,480
daheng_sn_FDE23080341,2302,183892015000000,183892015000000,183892015000000,2026-09-05T07:58:50.823250+00:00,27983,18239481067425,1920,1200
directshow_index_1,2318,183892109000000,183892109000000,183892109000000,2026-09-05T07:58:50.836236+00:00,,,640,480
daheng_sn_FDE23080341,2303,183892109000000,183892109000000,183892109000000,2026-09-05T07:58:50.877299+00:00,27995,18239573285025,1920,1200
directshow_index_1,2319,183892203000000,183892203000000,183892203000000,2026-09-05T07:58:50.939195+00:00,,,640,480
daheng_sn_FDE23080341,2304,183892203000000,183892203000000,183892203000000,2026-09-05T07:58:50.981850+00:00,28007,18239665502625,1920,1200
directshow_index_1,2320,183892296000000,183892296000000,183892296000000,2026-09-05T07:58:51.019878+00:00,,,640,480
daheng_sn_FDE23080341,2305,183892296000000,183892296000000,183892296000000,2026-09-05T07:58:51.058943+00:00,28019,18239757720225,1920,1200
directshow_index_1,2321,183892390000000,183892390000000,183892390000000,2026-09-05T07:58:51.113668+00:00,,,640,480
daheng_sn_FDE23080341,2306,183892390000000,183892390000000,183892390000000,2026-09-05T07:58:51.152637+00:00,28032,18239857622625,1920,1200
directshow_index_1,2322,183892484000000,183892484000000,183892484000000,2026-09-05T07:58:51.209337+00:00,,,640,480
daheng_sn_FDE23080341,2307,183892484000000,183892484000000,183892484000000,2026-09-05T07:58:51.246778+00:00,28045,18239957525025,1920,1200
directshow_index_1,2323,183892578000000,183892578000000,183892578000000,2026-09-05T07:58:51.302419+00:00,,,640,480
daheng_sn_FDE23080341,2308,183892578000000,183892578000000,183892578000000,2026-09-05T07:58:51.346176+00:00,28056,18240042057825,1920,1200
directshow_index_1,2324,183892671000000,183892671000000,183892671000000,2026-09-05T07:58:51.397528+00:00,,,640,480
daheng_sn_FDE23080341,2309,183892671000000,183892671000000,183892671000000,2026-09-05T07:58:51.454051+00:00,28068,18240134275425,1920,1200
directshow_index_1,2325,183892765000000,183892765000000,183892765000000,2026-09-05T07:58:51.494378+00:00,,,640,480
daheng_sn_FDE23080341,2310,183892765000000,183892765000000,183892765000000,2026-09-05T07:58:51.535002+00:00,28081,18240234177825,1920,1200
directshow_index_1,2326,183892859000000,183892859000000,183892859000000,2026-09-05T07:58:51.582979+00:00,,,640,480
daheng_sn_FDE23080341,2311,183892859000000,183892859000000,183892859000000,2026-09-05T07:58:51.619779+00:00,28093,18240326395425,1920,1200
directshow_index_1,2327,183892953000000,183892953000000,183892953000000,2026-09-05T07:58:51.685876+00:00,,,640,480
daheng_sn_FDE23080341,2312,183892953000000,183892953000000,183892953000000,2026-09-05T07:58:51.721665+00:00,28105,18240418613025,1920,1200
directshow_index_1,2328,183893046000000,183893046000000,183893046000000,2026-09-05T07:58:51.785303+00:00,,,640,480
daheng_sn_FDE23080341,2313,183893046000000,183893046000000,183893046000000,2026-09-05T07:58:51.819486+00:00,28118,18240518515425,1920,1200
directshow_index_1,2329,183893140000000,183893140000000,183893140000000,2026-09-05T07:58:51.865724+00:00,,,640,480
daheng_sn_FDE23080341,2314,183893140000000,183893140000000,183893140000000,2026-09-05T07:58:51.907106+00:00,28129,18240603048225,1920,1200
directshow_index_1,2330,183893234000000,183893234000000,183893234000000,2026-09-05T07:58:51.975195+00:00,,,640,480
daheng_sn_FDE23080341,2315,183893234000000,183893234000000,183893234000000,2026-09-05T07:58:52.038224+00:00,28142,18240702950625,1920,1200
directshow_index_1,2331,183893328000000,183893328000000,183893328000000,2026-09-05T07:58:52.059233+00:00,,,640,480
daheng_sn_FDE23080341,2316,183893328000000,183893328000000,183893328000000,2026-09-05T07:58:52.098321+00:00,28153,18240787483425,1920,1200
directshow_index_1,2332,183893421000000,183893421000000,183893421000000,2026-09-05T07:58:52.154641+00:00,,,640,480
daheng_sn_FDE23080341,2317,183893421000000,183893421000000,183893421000000,2026-09-05T07:58:52.193099+00:00,28166,18240887385825,1920,1200
directshow_index_1,2333,183893515000000,183893515000000,183893515000000,2026-09-05T07:58:52.248817+00:00,,,640,480
daheng_sn_FDE23080341,2318,183893515000000,183893515000000,183893515000000,2026-09-05T07:58:52.292784+00:00,28178,18240979603425,1920,1200
directshow_index_1,2334,183893609000000,183893609000000,183893609000000,2026-09-05T07:58:52.337293+00:00,,,640,480
daheng_sn_FDE23080341,2319,183893609000000,183893609000000,183893609000000,2026-09-05T07:58:52.388845+00:00,28190,18241071821025,1920,1200
directshow_index_1,2335,183893703000000,183893703000000,183893703000000,2026-09-05T07:58:52.425295+00:00,,,640,480
daheng_sn_FDE23080341,2320,183893703000000,183893703000000,183893703000000,2026-09-05T07:58:52.474122+00:00,28203,18241171723425,1920,1200
directshow_index_1,2336,183893796000000,183893796000000,183893796000000,2026-09-05T07:58:52.523351+00:00,,,640,480
daheng_sn_FDE23080341,2321,183893796000000,183893796000000,183893796000000,2026-09-05T07:58:52.575285+00:00,28215,18241263941025,1920,1200
directshow_index_1,2337,183893890000000,183893921000000,183893905500000,2026-09-05T07:58:52.681037+00:00,,,640,480
daheng_sn_FDE23080341,2322,183893890000000,183893890000000,183893890000000,2026-09-05T07:58:52.700044+00:00,28227,18241356158625,1920,1200
directshow_index_1,2338,183893984000000,183893984000000,183893984000000,2026-09-05T07:58:52.713045+00:00,,,640,480
daheng_sn_FDE23080341,2323,183893984000000,183893984000000,183893984000000,2026-09-05T07:58:52.761286+00:00,28239,18241448376225,1920,1200
directshow_index_1,2339,183894078000000,183894078000000,183894078000000,2026-09-05T07:58:52.804333+00:00,,,640,480
daheng_sn_FDE23080341,2324,183894078000000,183894078000000,183894078000000,2026-09-05T07:58:52.853388+00:00,28252,18241548278625,1920,1200
directshow_index_1,2340,183894171000000,183894171000000,183894171000000,2026-09-05T07:58:52.898604+00:00,,,640,480
daheng_sn_FDE23080341,2325,183894171000000,183894171000000,183894171000000,2026-09-05T07:58:52.944499+00:00,28264,18241640496225,1920,1200
directshow_index_1,2341,183894265000000,183894265000000,183894265000000,2026-09-05T07:58:52.991917+00:00,,,640,480
daheng_sn_FDE23080341,2326,183894265000000,183894265000000,183894265000000,2026-09-05T07:58:53.033452+00:00,28275,18241725029025,1920,1200
directshow_index_1,2342,183894359000000,183894359000000,183894359000000,2026-09-05T07:58:53.088801+00:00,,,640,480
daheng_sn_FDE23080341,2327,183894359000000,183894359000000,183894359000000,2026-09-05T07:58:53.129915+00:00,28289,18241832616225,1920,1200
directshow_index_1,2343,183894453000000,183894453000000,183894453000000,2026-09-05T07:58:53.179808+00:00,,,640,480
daheng_sn_FDE23080341,2328,183894453000000,183894453000000,183894453000000,2026-09-05T07:58:53.226765+00:00,28300,18241917149025,1920,1200
directshow_index_1,2344,183894546000000,183894562000000,183894554000000,2026-09-05T07:58:53.338667+00:00,,,640,480
directshow_index_1,2345,183894640000000,183894640000000,183894640000000,2026-09-05T07:58:53.366600+00:00,,,640,480
daheng_sn_FDE23080341,2329,183894546000000,183894562000000,183894554000000,2026-09-05T07:58:53.370593+00:00,28312,18242009366625,1920,1200
daheng_sn_FDE23080341,2330,183894640000000,183894656000000,183894648000000,2026-09-05T07:58:53.417581+00:00,28325,18242109269025,1920,1200
directshow_index_1,2346,183894734000000,183894734000000,183894734000000,2026-09-05T07:58:53.459519+00:00,,,640,480
daheng_sn_FDE23080341,2331,183894734000000,183894734000000,183894734000000,2026-09-05T07:58:53.504471+00:00,28337,18242201486625,1920,1200
directshow_index_1,2347,183894828000000,183894828000000,183894828000000,2026-09-05T07:58:53.560072+00:00,,,640,480
daheng_sn_FDE23080341,2332,183894828000000,183894828000000,183894828000000,2026-09-05T07:58:53.594947+00:00,28349,18242293704225,1920,1200
directshow_index_1,2348,183894921000000,183894921000000,183894921000000,2026-09-05T07:58:53.649458+00:00,,,640,480
daheng_sn_FDE23080341,2333,183894921000000,183894921000000,183894921000000,2026-09-05T07:58:53.686414+00:00,28362,18242393606625,1920,1200
directshow_index_1,2349,183895015000000,183895015000000,183895015000000,2026-09-05T07:58:53.739407+00:00,,,640,480
daheng_sn_FDE23080341,2334,183895015000000,183895015000000,183895015000000,2026-09-05T07:58:53.781741+00:00,28374,18242485824225,1920,1200
directshow_index_1,2350,183895109000000,183895109000000,183895109000000,2026-09-05T07:58:53.836223+00:00,,,640,480
daheng_sn_FDE23080341,2335,183895109000000,183895109000000,183895109000000,2026-09-05T07:58:53.875888+00:00,28385,18242570357025,1920,1200
directshow_index_1,2351,183895203000000,183895203000000,183895203000000,2026-09-05T07:58:53.950972+00:00,,,640,480
daheng_sn_FDE23080341,2336,183895203000000,183895203000000,183895203000000,2026-09-05T07:58:54.006451+00:00,28398,18242670259425,1920,1200
directshow_index_1,2352,183895296000000,183895296000000,183895296000000,2026-09-05T07:58:54.025482+00:00,,,640,480
daheng_sn_FDE23080341,2337,183895296000000,183895296000000,183895296000000,2026-09-05T07:58:54.061025+00:00,28410,18242762477025,1920,1200
directshow_index_1,2353,183895390000000,183895390000000,183895390000000,2026-09-05T07:58:54.126149+00:00,,,640,480
daheng_sn_FDE23080341,2338,183895390000000,183895390000000,183895390000000,2026-09-05T07:58:54.158407+00:00,28423,18242862379425,1920,1200
directshow_index_1,2354,183895484000000,183895484000000,183895484000000,2026-09-05T07:58:54.208948+00:00,,,640,480
daheng_sn_FDE23080341,2339,183895484000000,183895484000000,183895484000000,2026-09-05T07:58:54.252919+00:00,28435,18242954597025,1920,1200
directshow_index_1,2355,183895578000000,183895578000000,183895578000000,2026-09-05T07:58:54.305955+00:00,,,640,480
daheng_sn_FDE23080341,2340,183895578000000,183895578000000,183895578000000,2026-09-05T07:58:54.341310+00:00,28446,18243039129825,1920,1200
directshow_index_1,2356,183895671000000,183895671000000,183895671000000,2026-09-05T07:58:54.397169+00:00,,,640,480
daheng_sn_FDE23080341,2341,183895671000000,183895671000000,183895671000000,2026-09-05T07:58:54.437066+00:00,28460,18243146717025,1920,1200
directshow_index_1,2357,183895765000000,183895765000000,183895765000000,2026-09-05T07:58:54.491820+00:00,,,640,480
daheng_sn_FDE23080341,2342,183895765000000,183895765000000,183895765000000,2026-09-05T07:58:54.542360+00:00,28471,18243231249825,1920,1200
directshow_index_1,2358,183895859000000,183895859000000,183895859000000,2026-09-05T07:58:54.592940+00:00,,,640,480
daheng_sn_FDE23080341,2343,183895859000000,183895859000000,183895859000000,2026-09-05T07:58:54.629335+00:00,28483,18243323467425,1920,1200
directshow_index_1,2359,183895953000000,183895953000000,183895953000000,2026-09-05T07:58:54.683111+00:00,,,640,480
daheng_sn_FDE23080341,2344,183895953000000,183895953000000,183895953000000,2026-09-05T07:58:54.719284+00:00,28496,18243423369825,1920,1200
directshow_index_1,2360,183896046000000,183896046000000,183896046000000,2026-09-05T07:58:54.773526+00:00,,,640,480
daheng_sn_FDE23080341,2345,183896046000000,183896046000000,183896046000000,2026-09-05T07:58:54.815522+00:00,28507,18243507902625,1920,1200
directshow_index_1,2361,183896140000000,183896140000000,183896140000000,2026-09-05T07:58:54.863798+00:00,,,640,480
daheng_sn_FDE23080341,2346,183896140000000,183896140000000,183896140000000,2026-09-05T07:58:54.906311+00:00,28520,18243607805025,1920,1200
directshow_index_1,2362,183896234000000,183896234000000,183896234000000,2026-09-05T07:58:54.960864+00:00,,,640,480
daheng_sn_FDE23080341,2347,183896234000000,183896234000000,183896234000000,2026-09-05T07:58:55.000025+00:00,28532,18243700022625,1920,1200
directshow_index_1,2363,183896328000000,183896328000000,183896328000000,2026-09-05T07:58:55.060320+00:00,,,640,480
daheng_sn_FDE23080341,2348,183896328000000,183896328000000,183896328000000,2026-09-05T07:58:55.106887+00:00,28545,18243799925025,1920,1200
directshow_index_1,2364,183896437000000,183896437000000,183896437000000,2026-09-05T07:58:55.179342+00:00,,,640,480
daheng_sn_FDE23080341,2349,183896421000000,183896421000000,183896421000000,2026-09-05T07:58:55.206281+00:00,28556,18243884457825,1920,1200
directshow_index_1,2365,183896531000000,183896531000000,183896531000000,2026-09-05T07:58:55.259624+00:00,,,640,480
daheng_sn_FDE23080341,2350,183896515000000,183896515000000,183896515000000,2026-09-05T07:58:55.281831+00:00,28569,18243984360225,1920,1200
directshow_index_1,2366,183896625000000,183896625000000,183896625000000,2026-09-05T07:58:55.348320+00:00,,,640,480
daheng_sn_FDE23080341,2351,183896609000000,183896609000000,183896609000000,2026-09-05T07:58:55.374875+00:00,28581,18244076577825,1920,1200
directshow_index_1,2367,183896718000000,183896718000000,183896718000000,2026-09-05T07:58:55.444750+00:00,,,640,480
daheng_sn_FDE23080341,2352,183896703000000,183896703000000,183896703000000,2026-09-05T07:58:55.467525+00:00,28593,18244168795425,1920,1200
directshow_index_1,2368,183896812000000,183896812000000,183896812000000,2026-09-05T07:58:55.541426+00:00,,,640,480
daheng_sn_FDE23080341,2353,183896796000000,183896796000000,183896796000000,2026-09-05T07:58:55.569195+00:00,28605,18244261013025,1920,1200
directshow_index_1,2369,183896906000000,183896906000000,183896906000000,2026-09-05T07:58:55.634800+00:00,,,640,480
daheng_sn_FDE23080341,2354,183896890000000,183896890000000,183896890000000,2026-09-05T07:58:55.666185+00:00,28617,18244353230625,1920,1200
directshow_index_1,2370,183897000000000,183897000000000,183897000000000,2026-09-05T07:58:55.725673+00:00,,,640,480
daheng_sn_FDE23080341,2355,183896984000000,183896984000000,183896984000000,2026-09-05T07:58:55.762234+00:00,28629,18244445448225,1920,1200
directshow_index_1,2371,183897093000000,183897093000000,183897093000000,2026-09-05T07:58:55.822503+00:00,,,640,480
daheng_sn_FDE23080341,2356,183897078000000,183897078000000,183897078000000,2026-09-05T07:58:55.861026+00:00,28642,18244545350625,1920,1200
directshow_index_1,2372,183897187000000,183897187000000,183897187000000,2026-09-05T07:58:55.917053+00:00,,,640,480
daheng_sn_FDE23080341,2357,183897171000000,183897171000000,183897171000000,2026-09-05T07:58:55.942967+00:00,28654,18244637568225,1920,1200
directshow_index_1,2373,183897281000000,183897281000000,183897281000000,2026-09-05T07:58:56.006290+00:00,,,640,480
daheng_sn_FDE23080341,2358,183897265000000,183897265000000,183897265000000,2026-09-05T07:58:56.033055+00:00,28666,18244729785825,1920,1200
directshow_index_1,2374,183897375000000,183897375000000,183897375000000,2026-09-05T07:58:56.102622+00:00,,,640,480
daheng_sn_FDE23080341,2359,183897359000000,183897359000000,183897359000000,2026-09-05T07:58:56.130435+00:00,28678,18244822003425,1920,1200
directshow_index_1,2375,183897468000000,183897468000000,183897468000000,2026-09-05T07:58:56.193800+00:00,,,640,480
daheng_sn_FDE23080341,2360,183897453000000,183897453000000,183897453000000,2026-09-05T07:58:56.222402+00:00,28691,18244921905825,1920,1200
directshow_index_1,2376,183897562000000,183897562000000,183897562000000,2026-09-05T07:58:56.292332+00:00,,,640,480
daheng_sn_FDE23080341,2361,183897546000000,183897546000000,183897546000000,2026-09-05T07:58:56.325987+00:00,28702,18245006438625,1920,1200
directshow_index_1,2377,183897656000000,183897656000000,183897656000000,2026-09-05T07:58:56.384695+00:00,,,640,480
daheng_sn_FDE23080341,2362,183897640000000,183897640000000,183897640000000,2026-09-05T07:58:56.476806+00:00,28715,18245106341025,1920,1200
directshow_index_1,2378,183897750000000,183897750000000,183897750000000,2026-09-05T07:58:56.478831+00:00,,,640,480
daheng_sn_FDE23080341,2363,183897750000000,183897750000000,183897750000000,2026-09-05T07:58:56.531554+00:00,28727,18245198558625,1920,1200
directshow_index_1,2379,183897843000000,183897843000000,183897843000000,2026-09-05T07:58:56.572096+00:00,,,640,480
daheng_sn_FDE23080341,2364,183897843000000,183897843000000,183897843000000,2026-09-05T07:58:56.618914+00:00,28739,18245290776225,1920,1200
directshow_index_1,2380,183897937000000,183897937000000,183897937000000,2026-09-05T07:58:56.665684+00:00,,,640,480
daheng_sn_FDE23080341,2365,183897937000000,183897937000000,183897937000000,2026-09-05T07:58:56.705867+00:00,28752,18245390678625,1920,1200
directshow_index_1,2381,183898031000000,183898031000000,183898031000000,2026-09-05T07:58:56.752954+00:00,,,640,480
daheng_sn_FDE23080341,2366,183898031000000,183898031000000,183898031000000,2026-09-05T07:58:56.798338+00:00,28763,18245475211425,1920,1200
directshow_index_1,2382,183898125000000,183898125000000,183898125000000,2026-09-05T07:58:56.852106+00:00,,,640,480
daheng_sn_FDE23080341,2367,183898125000000,183898125000000,183898125000000,2026-09-05T07:58:56.883078+00:00,28777,18245582798625,1920,1200
directshow_index_1,2383,183898218000000,183898218000000,183898218000000,2026-09-05T07:58:56.940301+00:00,,,640,480
daheng_sn_FDE23080341,2368,183898218000000,183898218000000,183898218000000,2026-09-05T07:58:56.977120+00:00,28788,18245667331425,1920,1200
directshow_index_1,2384,183898312000000,183898312000000,183898312000000,2026-09-05T07:58:57.047125+00:00,,,640,480
daheng_sn_FDE23080341,2369,183898312000000,183898312000000,183898312000000,2026-09-05T07:58:57.072546+00:00,28800,18245759549025,1920,1200
directshow_index_1,2385,183898406000000,183898406000000,183898406000000,2026-09-05T07:58:57.131550+00:00,,,640,480
daheng_sn_FDE23080341,2370,183898406000000,183898406000000,183898406000000,2026-09-05T07:58:57.163855+00:00,28813,18245859451425,1920,1200
directshow_index_1,2386,183898500000000,183898500000000,183898500000000,2026-09-05T07:58:57.226817+00:00,,,640,480
daheng_sn_FDE23080341,2371,183898500000000,183898500000000,183898500000000,2026-09-05T07:58:57.251783+00:00,28825,18245951669025,1920,1200
directshow_index_1,2387,183898593000000,183898593000000,183898593000000,2026-09-05T07:58:57.323401+00:00,,,640,480
daheng_sn_FDE23080341,2372,183898593000000,183898593000000,183898593000000,2026-09-05T07:58:57.349029+00:00,28838,18246051571425,1920,1200
directshow_index_1,2388,183898687000000,183898687000000,183898687000000,2026-09-05T07:58:57.410049+00:00,,,640,480
daheng_sn_FDE23080341,2373,183898687000000,183898687000000,183898687000000,2026-09-05T07:58:57.446182+00:00,28849,18246136104225,1920,1200
directshow_index_1,2389,183898781000000,183898781000000,183898781000000,2026-09-05T07:58:57.511233+00:00,,,640,480
daheng_sn_FDE23080341,2374,183898781000000,183898781000000,183898781000000,2026-09-05T07:58:57.538174+00:00,28864,18246251376225,1920,1200
directshow_index_1,2390,183898890000000,183898890000000,183898890000000,2026-09-05T07:58:57.621946+00:00,,,640,480
daheng_sn_FDE23080341,2375,183898875000000,183898890000000,183898882500000,2026-09-05T07:58:57.650199+00:00,28876,18246343593825,1920,1200
directshow_index_1,2391,183898984000000,183898984000000,183898984000000,2026-09-05T07:58:57.707953+00:00,,,640,480
daheng_sn_FDE23080341,2376,183898968000000,183898968000000,183898968000000,2026-09-05T07:58:57.724102+00:00,28888,18246435811425,1920,1200
directshow_index_1,2392,183899078000000,183899078000000,183899078000000,2026-09-05T07:58:57.800204+00:00,,,640,480
daheng_sn_FDE23080341,2377,183899062000000,183899062000000,183899062000000,2026-09-05T07:58:57.814908+00:00,28900,18246528029025,1920,1200
directshow_index_1,2393,183899171000000,183899171000000,183899171000000,2026-09-05T07:58:57.896063+00:00,,,640,480
daheng_sn_FDE23080341,2378,183899156000000,183899156000000,183899156000000,2026-09-05T07:58:57.911776+00:00,28912,18246620246625,1920,1200
directshow_index_1,2394,183899265000000,183899265000000,183899265000000,2026-09-05T07:58:57.989177+00:00,,,640,480
daheng_sn_FDE23080341,2379,183899250000000,183899250000000,183899250000000,2026-09-05T07:58:58.008680+00:00,28924,18246712464225,1920,1200
directshow_index_1,2395,183899359000000,183899359000000,183899359000000,2026-09-05T07:58:58.084694+00:00,,,640,480
daheng_sn_FDE23080341,2380,183899343000000,183899343000000,183899343000000,2026-09-05T07:58:58.098625+00:00,28937,18246812366625,1920,1200
daheng_sn_FDE23080341,2381,183899437000000,183899437000000,183899437000000,2026-09-05T07:58:58.199470+00:00,28949,18246904584225,1920,1200
directshow_index_1,2396,183899453000000,183899468000000,183899460500000,2026-09-05T07:58:58.214944+00:00,,,640,480
directshow_index_1,2397,183899546000000,183899546000000,183899546000000,2026-09-05T07:58:58.272612+00:00,,,640,480
daheng_sn_FDE23080341,2382,183899531000000,183899531000000,183899531000000,2026-09-05T07:58:58.283132+00:00,28961,18246996801825,1920,1200
directshow_index_1,2398,183899640000000,183899640000000,183899640000000,2026-09-05T07:58:58.366757+00:00,,,640,480
daheng_sn_FDE23080341,2383,183899625000000,183899625000000,183899625000000,2026-09-05T07:58:58.382507+00:00,28973,18247089019425,1920,1200
directshow_index_1,2399,183899734000000,183899734000000,183899734000000,2026-09-05T07:58:58.459901+00:00,,,640,480
daheng_sn_FDE23080341,2384,183899718000000,183899718000000,183899718000000,2026-09-05T07:58:58.475996+00:00,28986,18247188921825,1920,1200
directshow_index_1,2400,183899828000000,183899828000000,183899828000000,2026-09-05T07:58:58.555520+00:00,,,640,480
daheng_sn_FDE23080341,2385,183899812000000,183899812000000,183899812000000,2026-09-05T07:58:58.575247+00:00,28997,18247273454625,1920,1200
directshow_index_1,2401,183899921000000,183899921000000,183899921000000,2026-09-05T07:58:58.649476+00:00,,,640,480
daheng_sn_FDE23080341,2386,183899906000000,183899906000000,183899906000000,2026-09-05T07:58:58.657589+00:00,29011,18247381041825,1920,1200
directshow_index_1,2402,183900015000000,183900015000000,183900015000000,2026-09-05T07:58:58.741262+00:00,,,640,480
daheng_sn_FDE23080341,2387,183900000000000,183900000000000,183900000000000,2026-09-05T07:58:58.749321+00:00,29022,18247465574625,1920,1200
daheng_sn_FDE23080341,2388,183900093000000,183900093000000,183900093000000,2026-09-05T07:58:58.850348+00:00,29034,18247557792225,1920,1200
directshow_index_1,2403,183900109000000,183900125000000,183900117000000,2026-09-05T07:58:58.856302+00:00,,,640,480
directshow_index_1,2404,183900203000000,183900203000000,183900203000000,2026-09-05T07:58:58.928568+00:00,,,640,480
daheng_sn_FDE23080341,2389,183900187000000,183900187000000,183900187000000,2026-09-05T07:58:58.944852+00:00,29046,18247650009825,1920,1200
directshow_index_1,2405,183900296000000,183900296000000,183900296000000,2026-09-05T07:58:59.022939+00:00,,,640,480
daheng_sn_FDE23080341,2390,183900281000000,183900281000000,183900281000000,2026-09-05T07:58:59.034091+00:00,29059,18247749912225,1920,1200
directshow_index_1,2406,183900390000000,183900390000000,183900390000000,2026-09-05T07:58:59.111587+00:00,,,640,480
daheng_sn_FDE23080341,2391,183900375000000,183900375000000,183900375000000,2026-09-05T07:58:59.130708+00:00,29071,18247842129825,1920,1200
directshow_index_1,2407,183900484000000,183900484000000,183900484000000,2026-09-05T07:58:59.210248+00:00,,,640,480
daheng_sn_FDE23080341,2392,183900468000000,183900468000000,183900468000000,2026-09-05T07:58:59.218713+00:00,29083,18247934347425,1920,1200
directshow_index_1,2408,183900578000000,183900578000000,183900578000000,2026-09-05T07:58:59.303522+00:00,,,640,480
daheng_sn_FDE23080341,2393,183900562000000,183900562000000,183900562000000,2026-09-05T07:58:59.310123+00:00,29095,18248026565025,1920,1200
directshow_index_1,2409,183900671000000,183900671000000,183900671000000,2026-09-05T07:58:59.399915+00:00,,,640,480
daheng_sn_FDE23080341,2394,183900656000000,183900656000000,183900656000000,2026-09-05T07:58:59.408899+00:00,29107,18248118782625,1920,1200
directshow_index_1,2410,183900765000000,183900765000000,183900765000000,2026-09-05T07:58:59.489798+00:00,,,640,480
daheng_sn_FDE23080341,2395,183900750000000,183900750000000,183900750000000,2026-09-05T07:58:59.505666+00:00,29119,18248211000225,1920,1200
directshow_index_1,2411,183900859000000,183900859000000,183900859000000,2026-09-05T07:58:59.586857+00:00,,,640,480
daheng_sn_FDE23080341,2396,183900843000000,183900843000000,183900843000000,2026-09-05T07:58:59.605126+00:00,29132,18248310902625,1920,1200
directshow_index_1,2412,183900953000000,183900953000000,183900953000000,2026-09-05T07:58:59.680153+00:00,,,640,480
daheng_sn_FDE23080341,2397,183900937000000,183900937000000,183900937000000,2026-09-05T07:58:59.688684+00:00,29144,18248403120225,1920,1200
directshow_index_1,2413,183901046000000,183901046000000,183901046000000,2026-09-05T07:58:59.775931+00:00,,,640,480
daheng_sn_FDE23080341,2398,183901031000000,183901031000000,183901031000000,2026-09-05T07:58:59.786924+00:00,29156,18248495337825,1920,1200
directshow_index_1,2414,183901140000000,183901140000000,183901140000000,2026-09-05T07:58:59.864291+00:00,,,640,480
daheng_sn_FDE23080341,2399,183901125000000,183901125000000,183901125000000,2026-09-05T07:58:59.882448+00:00,29168,18248587555425,1920,1200
directshow_index_1,2415,183901234000000,183901234000000,183901234000000,2026-09-05T07:58:59.961603+00:00,,,640,480
daheng_sn_FDE23080341,2400,183901218000000,183901218000000,183901218000000,2026-09-05T07:58:59.976474+00:00,29181,18248687457825,1920,1200
directshow_index_1,2416,183901328000000,183901328000000,183901328000000,2026-09-05T07:59:00.053565+00:00,,,640,480
daheng_sn_FDE23080341,2401,183901312000000,183901312000000,183901312000000,2026-09-05T07:59:00.077569+00:00,29192,18248771990625,1920,1200
directshow_index_1,2417,183901421000000,183901421000000,183901421000000,2026-09-05T07:59:00.150031+00:00,,,640,480
daheng_sn_FDE23080341,2402,183901406000000,183901406000000,183901406000000,2026-09-05T07:59:00.158038+00:00,29205,18248871893025,1920,1200
directshow_index_1,2418,183901515000000,183901515000000,183901515000000,2026-09-05T07:59:00.237491+00:00,,,640,480
daheng_sn_FDE23080341,2403,183901500000000,183901500000000,183901500000000,2026-09-05T07:59:00.257234+00:00,29217,18248964110625,1920,1200
directshow_index_1,2419,183901609000000,183901609000000,183901609000000,2026-09-05T07:59:00.331457+00:00,,,640,480
daheng_sn_FDE23080341,2404,183901593000000,183901593000000,183901593000000,2026-09-05T07:59:00.345367+00:00,29229,18249056328225,1920,1200
directshow_index_1,2420,183901703000000,183901703000000,183901703000000,2026-09-05T07:59:00.428463+00:00,,,640,480
daheng_sn_FDE23080341,2405,183901687000000,183901687000000,183901687000000,2026-09-05T07:59:00.441009+00:00,29242,18249156230625,1920,1200
directshow_index_1,2421,183901796000000,183901796000000,183901796000000,2026-09-05T07:59:00.523708+00:00,,,640,480
daheng_sn_FDE23080341,2406,183901781000000,183901781000000,183901781000000,2026-09-05T07:59:00.542604+00:00,29254,18249248448225,1920,1200
directshow_index_1,2422,183901890000000,183901890000000,183901890000000,2026-09-05T07:59:00.617805+00:00,,,640,480
daheng_sn_FDE23080341,2407,183901875000000,183901875000000,183901875000000,2026-09-05T07:59:00.646591+00:00,29266,18249340665825,1920,1200
directshow_index_1,2423,183901984000000,183901984000000,183901984000000,2026-09-05T07:59:00.711437+00:00,,,640,480
daheng_sn_FDE23080341,2408,183901968000000,183901968000000,183901968000000,2026-09-05T07:59:00.722828+00:00,29278,18249432883425,1920,1200
directshow_index_1,2424,183902078000000,183902078000000,183902078000000,2026-09-05T07:59:00.798499+00:00,,,640,480
daheng_sn_FDE23080341,2409,183902062000000,183902062000000,183902062000000,2026-09-05T07:59:00.815736+00:00,29290,18249525101025,1920,1200
directshow_index_1,2425,183902171000000,183902171000000,183902171000000,2026-09-05T07:59:00.893949+00:00,,,640,480
daheng_sn_FDE23080341,2410,183902156000000,183902156000000,183902156000000,2026-09-05T07:59:00.911690+00:00,29303,18249625003425,1920,1200
directshow_index_1,2426,183902265000000,183902265000000,183902265000000,2026-09-05T07:59:00.988609+00:00,,,640,480
daheng_sn_FDE23080341,2411,183902250000000,183902250000000,183902250000000,2026-09-05T07:59:01.008274+00:00,29315,18249717221025,1920,1200
directshow_index_1,2427,183902359000000,183902359000000,183902359000000,2026-09-05T07:59:01.087117+00:00,,,640,480
daheng_sn_FDE23080341,2412,183902343000000,183902343000000,183902343000000,2026-09-05T07:59:01.097534+00:00,29327,18249809438625,1920,1200
directshow_index_1,2428,183902453000000,183902453000000,183902453000000,2026-09-05T07:59:01.185730+00:00,,,640,480
daheng_sn_FDE23080341,2413,183902437000000,183902453000000,183902445000000,2026-09-05T07:59:01.215121+00:00,29339,18249901656225,1920,1200
directshow_index_1,2429,183902546000000,183902546000000,183902546000000,2026-09-05T07:59:01.273703+00:00,,,640,480
daheng_sn_FDE23080341,2414,183902531000000,183902531000000,183902531000000,2026-09-05T07:59:01.283381+00:00,29352,18250001558625,1920,1200
directshow_index_1,2430,183902640000000,183902640000000,183902640000000,2026-09-05T07:59:01.364857+00:00,,,640,480
daheng_sn_FDE23080341,2415,183902625000000,183902625000000,183902625000000,2026-09-05T07:59:01.380138+00:00,29363,18250086091425,1920,1200
directshow_index_1,2431,183902734000000,183902734000000,183902734000000,2026-09-05T07:59:01.456766+00:00,,,640,480
daheng_sn_FDE23080341,2416,183902718000000,183902718000000,183902718000000,2026-09-05T07:59:01.474982+00:00,29376,18250185993825,1920,1200
directshow_index_1,2432,183902828000000,183902828000000,183902828000000,2026-09-05T07:59:01.552578+00:00,,,640,480
daheng_sn_FDE23080341,2417,183902812000000,183902812000000,183902812000000,2026-09-05T07:59:01.573807+00:00,29388,18250278211425,1920,1200
directshow_index_1,2433,183902921000000,183902921000000,183902921000000,2026-09-05T07:59:01.646739+00:00,,,640,480
daheng_sn_FDE23080341,2418,183902906000000,183902906000000,183902906000000,2026-09-05T07:59:01.661064+00:00,29401,18250378113825,1920,1200
directshow_index_1,2434,183903015000000,183903015000000,183903015000000,2026-09-05T07:59:01.752945+00:00,,,640,480
daheng_sn_FDE23080341,2419,183903000000000,183903000000000,183903000000000,2026-09-05T07:59:01.777887+00:00,29412,18250462646625,1920,1200
directshow_index_1,2435,183903109000000,183903109000000,183903109000000,2026-09-05T07:59:01.834594+00:00,,,640,480
daheng_sn_FDE23080341,2420,183903093000000,183903093000000,183903093000000,2026-09-05T07:59:01.845344+00:00,29425,18250562549025,1920,1200
directshow_index_1,2436,183903203000000,183903203000000,183903203000000,2026-09-05T07:59:01.928372+00:00,,,640,480
daheng_sn_FDE23080341,2421,183903187000000,183903187000000,183903187000000,2026-09-05T07:59:01.941850+00:00,29437,18250654766625,1920,1200
directshow_index_1,2437,183903296000000,183903296000000,183903296000000,2026-09-05T07:59:02.023225+00:00,,,640,480
daheng_sn_FDE23080341,2422,183903281000000,183903281000000,183903281000000,2026-09-05T07:59:02.035230+00:00,29449,18250746984225,1920,1200
directshow_index_1,2438,183903390000000,183903390000000,183903390000000,2026-09-05T07:59:02.114590+00:00,,,640,480
daheng_sn_FDE23080341,2423,183903375000000,183903375000000,183903375000000,2026-09-05T07:59:02.130604+00:00,29461,18250839201825,1920,1200
directshow_index_1,2439,183903484000000,183903484000000,183903484000000,2026-09-05T07:59:02.210105+00:00,,,640,480
daheng_sn_FDE23080341,2424,183903468000000,183903468000000,183903468000000,2026-09-05T07:59:02.228988+00:00,29474,18250939104225,1920,1200
directshow_index_1,2440,183903578000000,183903593000000,183903585500000,2026-09-05T07:59:02.326597+00:00,,,640,480
daheng_sn_FDE23080341,2425,183903562000000,183903578000000,183903570000000,2026-09-05T07:59:02.371030+00:00,29485,18251023637025,1920,1200
directshow_index_1,2441,183903671000000,183903671000000,183903671000000,2026-09-05T07:59:02.392047+00:00,,,640,480
daheng_sn_FDE23080341,2426,183903656000000,183903656000000,183903656000000,2026-09-05T07:59:02.414477+00:00,29498,18251123539425,1920,1200
directshow_index_1,2442,183903765000000,183903765000000,183903765000000,2026-09-05T07:59:02.490628+00:00,,,640,480
daheng_sn_FDE23080341,2427,183903750000000,183903750000000,183903750000000,2026-09-05T07:59:02.506788+00:00,29510,18251215757025,1920,1200
directshow_index_1,2443,183903859000000,183903859000000,183903859000000,2026-09-05T07:59:02.585432+00:00,,,640,480
daheng_sn_FDE23080341,2428,183903843000000,183903843000000,183903843000000,2026-09-05T07:59:02.602433+00:00,29523,18251315659425,1920,1200
directshow_index_1,2444,183903953000000,183903953000000,183903953000000,2026-09-05T07:59:02.678337+00:00,,,640,480
daheng_sn_FDE23080341,2429,183903937000000,183903937000000,183903937000000,2026-09-05T07:59:02.697926+00:00,29534,18251400192225,1920,1200
directshow_index_1,2445,183904046000000,183904046000000,183904046000000,2026-09-05T07:59:02.769226+00:00,,,640,480
daheng_sn_FDE23080341,2430,183904031000000,183904031000000,183904031000000,2026-09-05T07:59:02.790504+00:00,29547,18251500094625,1920,1200
directshow_index_1,2446,183904140000000,183904140000000,183904140000000,2026-09-05T07:59:02.861174+00:00,,,640,480
daheng_sn_FDE23080341,2431,183904125000000,183904125000000,183904125000000,2026-09-05T07:59:02.885822+00:00,29559,18251592312225,1920,1200
directshow_index_1,2447,183904234000000,183904234000000,183904234000000,2026-09-05T07:59:02.957601+00:00,,,640,480
daheng_sn_FDE23080341,2432,183904218000000,183904218000000,183904218000000,2026-09-05T07:59:02.979588+00:00,29571,18251684529825,1920,1200
directshow_index_1,2448,183904328000000,183904328000000,183904328000000,2026-09-05T07:59:03.053408+00:00,,,640,480
daheng_sn_FDE23080341,2433,183904312000000,183904312000000,183904312000000,2026-09-05T07:59:03.078051+00:00,29583,18251776747425,1920,1200
directshow_index_1,2449,183904421000000,183904421000000,183904421000000,2026-09-05T07:59:03.149767+00:00,,,640,480
daheng_sn_FDE23080341,2434,183904406000000,183904406000000,183904406000000,2026-09-05T07:59:03.179919+00:00,29596,18251876649825,1920,1200
directshow_index_1,2450,183904515000000,183904515000000,183904515000000,2026-09-05T07:59:03.238309+00:00,,,640,480
daheng_sn_FDE23080341,2435,183904500000000,183904500000000,183904500000000,2026-09-05T07:59:03.259159+00:00,29608,18251968867425,1920,1200
directshow_index_1,2451,183904609000000,183904609000000,183904609000000,2026-09-05T07:59:03.333583+00:00,,,640,480
daheng_sn_FDE23080341,2436,183904593000000,183904593000000,183904593000000,2026-09-05T07:59:03.363940+00:00,29620,18252061085025,1920,1200
directshow_index_1,2452,183904703000000,183904703000000,183904703000000,2026-09-05T07:59:03.429184+00:00,,,640,480
daheng_sn_FDE23080341,2437,183904687000000,183904687000000,183904687000000,2026-09-05T07:59:03.446368+00:00,29632,18252153302625,1920,1200
directshow_index_1,2453,183904796000000,183904796000000,183904796000000,2026-09-05T07:59:03.525475+00:00,,,640,480
daheng_sn_FDE23080341,2438,183904781000000,183904781000000,183904781000000,2026-09-05T07:59:03.551678+00:00,29644,18252245520225,1920,1200
directshow_index_1,2454,183904890000000,183904890000000,183904890000000,2026-09-05T07:59:03.613212+00:00,,,640,480
daheng_sn_FDE23080341,2439,183904875000000,183904875000000,183904875000000,2026-09-05T07:59:03.634219+00:00,29656,18252337737825,1920,1200
directshow_index_1,2455,183904984000000,183904984000000,183904984000000,2026-09-05T07:59:03.707043+00:00,,,640,480
daheng_sn_FDE23080341,2440,183904968000000,183904968000000,183904968000000,2026-09-05T07:59:03.733219+00:00,29669,18252437640225,1920,1200
directshow_index_1,2456,183905078000000,183905078000000,183905078000000,2026-09-05T07:59:03.802742+00:00,,,640,480
daheng_sn_FDE23080341,2441,183905062000000,183905062000000,183905062000000,2026-09-05T07:59:03.827167+00:00,29681,18252529857825,1920,1200
directshow_index_1,2457,183905171000000,183905171000000,183905171000000,2026-09-05T07:59:03.899126+00:00,,,640,480
daheng_sn_FDE23080341,2442,183905156000000,183905156000000,183905156000000,2026-09-05T07:59:03.919203+00:00,29693,18252622075425,1920,1200
directshow_index_1,2458,183905265000000,183905265000000,183905265000000,2026-09-05T07:59:03.992142+00:00,,,640,480
daheng_sn_FDE23080341,2443,183905250000000,183905250000000,183905250000000,2026-09-05T07:59:04.008914+00:00,29706,18252721977825,1920,1200
directshow_index_1,2459,183905359000000,183905390000000,183905374500000,2026-09-05T07:59:04.124092+00:00,,,640,480
daheng_sn_FDE23080341,2444,183905343000000,183905343000000,183905343000000,2026-09-05T07:59:04.130091+00:00,29717,18252806510625,1920,1200
directshow_index_1,2460,183905453000000,183905453000000,183905453000000,2026-09-05T07:59:04.179814+00:00,,,640,480
daheng_sn_FDE23080341,2445,183905437000000,183905437000000,183905437000000,2026-09-05T07:59:04.195348+00:00,29730,18252906413025,1920,1200
directshow_index_1,2461,183905546000000,183905546000000,183905546000000,2026-09-05T07:59:04.277006+00:00,,,640,480
daheng_sn_FDE23080341,2446,183905531000000,183905531000000,183905531000000,2026-09-05T07:59:04.289331+00:00,29742,18252998630625,1920,1200
directshow_index_1,2462,183905640000000,183905640000000,183905640000000,2026-09-05T07:59:04.365292+00:00,,,640,480
daheng_sn_FDE23080341,2447,183905625000000,183905625000000,183905625000000,2026-09-05T07:59:04.385291+00:00,29754,18253090848225,1920,1200
directshow_index_1,2463,183905734000000,183905734000000,183905734000000,2026-09-05T07:59:04.458568+00:00,,,640,480
daheng_sn_FDE23080341,2448,183905718000000,183905718000000,183905718000000,2026-09-05T07:59:04.477560+00:00,29766,18253183065825,1920,1200
directshow_index_1,2464,183905828000000,183905828000000,183905828000000,2026-09-05T07:59:04.551310+00:00,,,640,480
daheng_sn_FDE23080341,2449,183905812000000,183905812000000,183905812000000,2026-09-05T07:59:04.567572+00:00,29779,18253282968225,1920,1200
directshow_index_1,2465,183905921000000,183905937000000,183905929000000,2026-09-05T07:59:04.669523+00:00,,,640,480
daheng_sn_FDE23080341,2450,183905906000000,183905906000000,183905906000000,2026-09-05T07:59:04.680713+00:00,29790,18253367501025,1920,1200
directshow_index_1,2466,183906015000000,183906015000000,183906015000000,2026-09-05T07:59:04.738293+00:00,,,640,480
daheng_sn_FDE23080341,2451,183906000000000,183906000000000,183906000000000,2026-09-05T07:59:04.751824+00:00,29803,18253467403425,1920,1200
directshow_index_1,2467,183906109000000,183906109000000,183906109000000,2026-09-05T07:59:04.833771+00:00,,,640,480
daheng_sn_FDE23080341,2452,183906093000000,183906093000000,183906093000000,2026-09-05T07:59:04.855470+00:00,29815,18253559621025,1920,1200
directshow_index_1,2468,183906203000000,183906203000000,183906203000000,2026-09-05T07:59:04.926338+00:00,,,640,480
daheng_sn_FDE23080341,2453,183906187000000,183906187000000,183906187000000,2026-09-05T07:59:04.946515+00:00,29827,18253651838625,1920,1200
directshow_index_1,2469,183906296000000,183906296000000,183906296000000,2026-09-05T07:59:05.021169+00:00,,,640,480
daheng_sn_FDE23080341,2454,183906281000000,183906281000000,183906281000000,2026-09-05T07:59:05.041835+00:00,29839,18253744056225,1920,1200
directshow_index_1,2470,183906390000000,183906390000000,183906390000000,2026-09-05T07:59:05.115284+00:00,,,640,480
daheng_sn_FDE23080341,2455,183906375000000,183906375000000,183906375000000,2026-09-05T07:59:05.132693+00:00,29852,18253843958625,1920,1200
directshow_index_1,2471,183906484000000,183906484000000,183906484000000,2026-09-05T07:59:05.210857+00:00,,,640,480
daheng_sn_FDE23080341,2456,183906468000000,183906468000000,183906468000000,2026-09-05T07:59:05.221872+00:00,29864,18253936176225,1920,1200
directshow_index_1,2472,183906578000000,183906578000000,183906578000000,2026-09-05T07:59:05.305390+00:00,,,640,480
daheng_sn_FDE23080341,2457,183906562000000,183906562000000,183906562000000,2026-09-05T07:59:05.322395+00:00,29876,18254028393825,1920,1200
directshow_index_1,2473,183906671000000,183906671000000,183906671000000,2026-09-05T07:59:05.397304+00:00,,,640,480
daheng_sn_FDE23080341,2458,183906656000000,183906656000000,183906656000000,2026-09-05T07:59:05.413236+00:00,29888,18254120611425,1920,1200
directshow_index_1,2474,183906765000000,183906765000000,183906765000000,2026-09-05T07:59:05.491594+00:00,,,640,480
daheng_sn_FDE23080341,2459,183906750000000,183906750000000,183906750000000,2026-09-05T07:59:05.502605+00:00,29901,18254220513825,1920,1200
directshow_index_1,2475,183906859000000,183906859000000,183906859000000,2026-09-05T07:59:05.587225+00:00,,,640,480
daheng_sn_FDE23080341,2460,183906843000000,183906843000000,183906843000000,2026-09-05T07:59:05.600421+00:00,29913,18254312731425,1920,1200
directshow_index_1,2476,183906953000000,183906953000000,183906953000000,2026-09-05T07:59:05.681218+00:00,,,640,480
daheng_sn_FDE23080341,2461,183906937000000,183906937000000,183906937000000,2026-09-05T07:59:05.688210+00:00,29925,18254404949025,1920,1200
directshow_index_1,2477,183907046000000,183907046000000,183907046000000,2026-09-05T07:59:05.769433+00:00,,,640,480
daheng_sn_FDE23080341,2462,183907031000000,183907031000000,183907031000000,2026-09-05T07:59:05.787588+00:00,29937,18254497166625,1920,1200
directshow_index_1,2478,183907140000000,183907140000000,183907140000000,2026-09-05T07:59:05.864715+00:00,,,640,480
daheng_sn_FDE23080341,2463,183907125000000,183907125000000,183907125000000,2026-09-05T07:59:05.888751+00:00,29949,18254589384225,1920,1200
directshow_index_1,2479,183907234000000,183907234000000,183907234000000,2026-09-05T07:59:05.958504+00:00,,,640,480
daheng_sn_FDE23080341,2464,183907218000000,183907218000000,183907218000000,2026-09-05T07:59:05.970105+00:00,29962,18254689286625,1920,1200
directshow_index_1,2480,183907328000000,183907328000000,183907328000000,2026-09-05T07:59:06.049459+00:00,,,640,480
daheng_sn_FDE23080341,2465,183907312000000,183907312000000,183907312000000,2026-09-05T07:59:06.064870+00:00,29974,18254781504225,1920,1200
directshow_index_1,2481,183907421000000,183907421000000,183907421000000,2026-09-05T07:59:06.142565+00:00,,,640,480
daheng_sn_FDE23080341,2466,183907406000000,183907406000000,183907406000000,2026-09-05T07:59:06.160689+00:00,29986,18254873721825,1920,1200
directshow_index_1,2482,183907515000000,183907515000000,183907515000000,2026-09-05T07:59:06.236096+00:00,,,640,480
daheng_sn_FDE23080341,2467,183907500000000,183907500000000,183907500000000,2026-09-05T07:59:06.255613+00:00,29998,18254965939425,1920,1200
directshow_index_1,2483,183907609000000,183907609000000,183907609000000,2026-09-05T07:59:06.334980+00:00,,,640,480
daheng_sn_FDE23080341,2468,183907593000000,183907593000000,183907593000000,2026-09-05T07:59:06.354755+00:00,30010,18255058157025,1920,1200
directshow_index_1,2484,183907703000000,183907718000000,183907710500000,2026-09-05T07:59:06.450988+00:00,,,640,480
daheng_sn_FDE23080341,2469,183907687000000,183907687000000,183907687000000,2026-09-05T07:59:06.457640+00:00,30022,18255150374625,1920,1200
directshow_index_1,2485,183907796000000,183907796000000,183907796000000,2026-09-05T07:59:06.523992+00:00,,,640,480
daheng_sn_FDE23080341,2470,183907781000000,183907781000000,183907781000000,2026-09-05T07:59:06.538999+00:00,30035,18255250277025,1920,1200
directshow_index_1,2486,183907890000000,183907890000000,183907890000000,2026-09-05T07:59:06.611374+00:00,,,640,480
daheng_sn_FDE23080341,2471,183907875000000,183907875000000,183907875000000,2026-09-05T07:59:06.623657+00:00,30047,18255342494625,1920,1200
directshow_index_1,2487,183907984000000,183907984000000,183907984000000,2026-09-05T07:59:06.709268+00:00,,,640,480
daheng_sn_FDE23080341,2472,183907968000000,183907968000000,183907968000000,2026-09-05T07:59:06.719273+00:00,30059,18255434712225,1920,1200
directshow_index_1,2488,183908078000000,183908078000000,183908078000000,2026-09-05T07:59:06.805541+00:00,,,640,480
daheng_sn_FDE23080341,2473,183908062000000,183908062000000,183908062000000,2026-09-05T07:59:06.820907+00:00,30071,18255526929825,1920,1200
directshow_index_1,2489,183908171000000,183908171000000,183908171000000,2026-09-05T07:59:06.898002+00:00,,,640,480
daheng_sn_FDE23080341,2474,183908156000000,183908156000000,183908156000000,2026-09-05T07:59:06.907505+00:00,30084,18255626832225,1920,1200
directshow_index_1,2490,183908265000000,183908281000000,183908273000000,2026-09-05T07:59:07.006751+00:00,,,640,480
daheng_sn_FDE23080341,2475,183908250000000,183908265000000,183908257500000,2026-09-05T07:59:07.029121+00:00,30095,18255711365025,1920,1200
directshow_index_1,2491,183908359000000,183908359000000,183908359000000,2026-09-05T07:59:07.086573+00:00,,,640,480
daheng_sn_FDE23080341,2476,183908343000000,183908343000000,183908343000000,2026-09-05T07:59:07.102195+00:00,30108,18255811267425,1920,1200
directshow_index_1,2492,183908453000000,183908453000000,183908453000000,2026-09-05T07:59:07.179436+00:00,,,640,480
daheng_sn_FDE23080341,2477,183908437000000,183908437000000,183908437000000,2026-09-05T07:59:07.188985+00:00,30120,18255903485025,1920,1200
directshow_index_1,2493,183908546000000,183908546000000,183908546000000,2026-09-05T07:59:07.272179+00:00,,,640,480
daheng_sn_FDE23080341,2478,183908531000000,183908531000000,183908531000000,2026-09-05T07:59:07.287601+00:00,30133,18256003387425,1920,1200
directshow_index_1,2494,183908640000000,183908640000000,183908640000000,2026-09-05T07:59:07.366597+00:00,,,640,480
daheng_sn_FDE23080341,2479,183908625000000,183908625000000,183908625000000,2026-09-05T07:59:07.380784+00:00,30145,18256095605025,1920,1200
directshow_index_1,2495,183908734000000,183908734000000,183908734000000,2026-09-05T07:59:07.460461+00:00,,,640,480
daheng_sn_FDE23080341,2480,183908718000000,183908718000000,183908718000000,2026-09-05T07:59:07.479820+00:00,30157,18256187822625,1920,1200
directshow_index_1,2496,183908828000000,183908843000000,183908835500000,2026-09-05T07:59:07.583608+00:00,,,640,480
daheng_sn_FDE23080341,2481,183908812000000,183908812000000,183908812000000,2026-09-05T07:59:07.602531+00:00,30169,18256280040225,1920,1200
directshow_index_1,2497,183908921000000,183908921000000,183908921000000,2026-09-05T07:59:07.649574+00:00,,,640,480
daheng_sn_FDE23080341,2482,183908906000000,183908906000000,183908906000000,2026-09-05T07:59:07.663106+00:00,30181,18256372257825,1920,1200
directshow_index_1,2498,183909015000000,183909015000000,183909015000000,2026-09-05T07:59:07.738429+00:00,,,640,480
daheng_sn_FDE23080341,2483,183909000000000,183909000000000,183909000000000,2026-09-05T07:59:07.750448+00:00,30193,18256464475425,1920,1200
directshow_index_1,2499,183909109000000,183909109000000,183909109000000,2026-09-05T07:59:07.832591+00:00,,,640,480
daheng_sn_FDE23080341,2484,183909093000000,183909093000000,183909093000000,2026-09-05T07:59:07.846727+00:00,30205,18256556693025,1920,1200
directshow_index_1,2500,183909203000000,183909203000000,183909203000000,2026-09-05T07:59:07.927503+00:00,,,640,480
daheng_sn_FDE23080341,2485,183909187000000,183909187000000,183909187000000,2026-09-05T07:59:07.950300+00:00,30217,18256648910625,1920,1200
directshow_index_1,2501,183909296000000,183909296000000,183909296000000,2026-09-05T07:59:08.020407+00:00,,,640,480
daheng_sn_FDE23080341,2486,183909281000000,183909281000000,183909281000000,2026-09-05T07:59:08.033415+00:00,30231,18256756497825,1920,1200
directshow_index_1,2502,183909390000000,183909390000000,183909390000000,2026-09-05T07:59:08.122455+00:00,,,640,480
daheng_sn_FDE23080341,2487,183909375000000,183909390000000,183909382500000,2026-09-05T07:59:08.164327+00:00,30242,18256841030625,1920,1200
directshow_index_1,2503,183909484000000,183909484000000,183909484000000,2026-09-05T07:59:08.211357+00:00,,,640,480
daheng_sn_FDE23080341,2488,183909468000000,183909468000000,183909468000000,2026-09-05T07:59:08.227487+00:00,30254,18256933248225,1920,1200
directshow_index_1,2504,183909578000000,183909578000000,183909578000000,2026-09-05T07:59:08.305906+00:00,,,640,480
daheng_sn_FDE23080341,2489,183909562000000,183909562000000,183909562000000,2026-09-05T07:59:08.317905+00:00,30267,18257033150625,1920,1200
directshow_index_1,2505,183909671000000,183909671000000,183909671000000,2026-09-05T07:59:08.396414+00:00,,,640,480
daheng_sn_FDE23080341,2490,183909656000000,183909656000000,183909656000000,2026-09-05T07:59:08.413392+00:00,30278,18257117683425,1920,1200
directshow_index_1,2506,183909765000000,183909765000000,183909765000000,2026-09-05T07:59:08.491642+00:00,,,640,480
daheng_sn_FDE23080341,2491,183909750000000,183909750000000,183909750000000,2026-09-05T07:59:08.505548+00:00,30291,18257217585825,1920,1200
directshow_index_1,2507,183909859000000,183909859000000,183909859000000,2026-09-05T07:59:08.588462+00:00,,,640,480
daheng_sn_FDE23080341,2492,183909843000000,183909843000000,183909843000000,2026-09-05T07:59:08.607021+00:00,30303,18257309803425,1920,1200
directshow_index_1,2508,183909953000000,183909953000000,183909953000000,2026-09-05T07:59:08.674159+00:00,,,640,480
daheng_sn_FDE23080341,2493,183909937000000,183909937000000,183909937000000,2026-09-05T07:59:08.693364+00:00,30315,18257402021025,1920,1200
directshow_index_1,2509,183910046000000,183910046000000,183910046000000,2026-09-05T07:59:08.771516+00:00,,,640,480
daheng_sn_FDE23080341,2494,183910031000000,183910031000000,183910031000000,2026-09-05T07:59:08.785986+00:00,30327,18257494238625,1920,1200
directshow_index_1,2510,183910140000000,183910140000000,183910140000000,2026-09-05T07:59:08.867584+00:00,,,640,480
daheng_sn_FDE23080341,2495,183910125000000,183910125000000,183910125000000,2026-09-05T07:59:08.883586+00:00,30339,18257586456225,1920,1200
directshow_index_1,2511,183910234000000,183910234000000,183910234000000,2026-09-05T07:59:08.960170+00:00,,,640,480
daheng_sn_FDE23080341,2496,183910218000000,183910218000000,183910218000000,2026-09-05T07:59:08.974937+00:00,30352,18257686358625,1920,1200
directshow_index_1,2512,183910328000000,183910328000000,183910328000000,2026-09-05T07:59:09.054301+00:00,,,640,480
daheng_sn_FDE23080341,2497,183910312000000,183910312000000,183910312000000,2026-09-05T07:59:09.069965+00:00,30364,18257778576225,1920,1200
directshow_index_1,2513,183910421000000,183910421000000,183910421000000,2026-09-05T07:59:09.148318+00:00,,,640,480
daheng_sn_FDE23080341,2498,183910406000000,183910406000000,183910406000000,2026-09-05T07:59:09.164171+00:00,30377,18257878478625,1920,1200
directshow_index_1,2514,183910515000000,183910515000000,183910515000000,2026-09-05T07:59:09.237336+00:00,,,640,480
daheng_sn_FDE23080341,2499,183910500000000,183910500000000,183910500000000,2026-09-05T07:59:09.257897+00:00,30389,18257970696225,1920,1200
directshow_index_1,2515,183910609000000,183910625000000,183910617000000,2026-09-05T07:59:09.350898+00:00,,,640,480
daheng_sn_FDE23080341,2500,183910593000000,183910593000000,183910593000000,2026-09-05T07:59:09.372690+00:00,30401,18258062913825,1920,1200
directshow_index_1,2516,183910703000000,183910703000000,183910703000000,2026-09-05T07:59:09.425494+00:00,,,640,480
daheng_sn_FDE23080341,2501,183910687000000,183910687000000,183910687000000,2026-09-05T07:59:09.438513+00:00,30413,18258155131425,1920,1200
directshow_index_1,2517,183910796000000,183910796000000,183910796000000,2026-09-05T07:59:09.519241+00:00,,,640,480
daheng_sn_FDE23080341,2502,183910781000000,183910781000000,183910781000000,2026-09-05T07:59:09.536281+00:00,30425,18258247349025,1920,1200
directshow_index_1,2518,183910890000000,183910890000000,183910890000000,2026-09-05T07:59:09.613229+00:00,,,640,480
daheng_sn_FDE23080341,2503,183910875000000,183910875000000,183910875000000,2026-09-05T07:59:09.631475+00:00,30437,18258339566625,1920,1200
directshow_index_1,2519,183910984000000,183910984000000,183910984000000,2026-09-05T07:59:09.710277+00:00,,,640,480
daheng_sn_FDE23080341,2504,183910968000000,183910968000000,183910968000000,2026-09-05T07:59:09.727327+00:00,30449,18258431784225,1920,1200
directshow_index_1,2520,183911078000000,183911078000000,183911078000000,2026-09-05T07:59:09.805450+00:00,,,640,480
daheng_sn_FDE23080341,2505,183911062000000,183911062000000,183911062000000,2026-09-05T07:59:09.817969+00:00,30461,18258524001825,1920,1200
directshow_index_1,2521,183911187000000,183911203000000,183911195000000,2026-09-05T07:59:09.926937+00:00,,,640,480
daheng_sn_FDE23080341,2506,183911156000000,183911156000000,183911156000000,2026-09-05T07:59:09.935707+00:00,30474,18258623904225,1920,1200
daheng_sn_FDE23080341,2507,183911250000000,183911250000000,183911250000000,2026-09-05T07:59:10.004576+00:00,30486,18258716121825,1920,1200
directshow_index_1,2522,183911281000000,183911281000000,183911281000000,2026-09-05T07:59:10.006440+00:00,,,640,480
daheng_sn_FDE23080341,2508,183911343000000,183911343000000,183911343000000,2026-09-05T07:59:10.100013+00:00,30498,18258808339425,1920,1200
directshow_index_1,2523,183911375000000,183911375000000,183911375000000,2026-09-05T07:59:10.102003+00:00,,,640,480
daheng_sn_FDE23080341,2509,183911437000000,183911437000000,183911437000000,2026-09-05T07:59:10.191144+00:00,30511,18258908241825,1920,1200
directshow_index_1,2524,183911468000000,183911468000000,183911468000000,2026-09-05T07:59:10.194029+00:00,,,640,480
daheng_sn_FDE23080341,2510,183911531000000,183911531000000,183911531000000,2026-09-05T07:59:10.281556+00:00,30522,18258992774625,1920,1200
directshow_index_1,2525,183911562000000,183911562000000,183911562000000,2026-09-05T07:59:10.290128+00:00,,,640,480
daheng_sn_FDE23080341,2511,183911625000000,183911625000000,183911625000000,2026-09-05T07:59:10.379798+00:00,30535,18259092677025,1920,1200
directshow_index_1,2526,183911656000000,183911656000000,183911656000000,2026-09-05T07:59:10.382787+00:00,,,640,480
daheng_sn_FDE23080341,2512,183911718000000,183911718000000,183911718000000,2026-09-05T07:59:10.484629+00:00,30547,18259184894625,1920,1200
directshow_index_1,2527,183911750000000,183911765000000,183911757500000,2026-09-05T07:59:10.498424+00:00,,,640,480
directshow_index_1,2528,183911843000000,183911843000000,183911843000000,2026-09-05T07:59:10.563772+00:00,,,640,480
daheng_sn_FDE23080341,2513,183911812000000,183911812000000,183911812000000,2026-09-05T07:59:10.566785+00:00,30559,18259277112225,1920,1200
directshow_index_1,2529,183911937000000,183911937000000,183911937000000,2026-09-05T07:59:10.659456+00:00,,,640,480
daheng_sn_FDE23080341,2514,183911906000000,183911906000000,183911906000000,2026-09-05T07:59:10.665473+00:00,30571,18259369329825,1920,1200
daheng_sn_FDE23080341,2515,183912000000000,183912000000000,183912000000000,2026-09-05T07:59:10.754249+00:00,30583,18259461547425,1920,1200
directshow_index_1,2530,183912031000000,183912031000000,183912031000000,2026-09-05T07:59:10.758177+00:00,,,640,480
directshow_index_1,2531,183912125000000,183912125000000,183912125000000,2026-09-05T07:59:10.847451+00:00,,,640,480
daheng_sn_FDE23080341,2516,183912093000000,183912093000000,183912093000000,2026-09-05T07:59:10.858380+00:00,30596,18259561449825,1920,1200
daheng_sn_FDE23080341,2517,183912187000000,183912187000000,183912187000000,2026-09-05T07:59:10.941600+00:00,30608,18259653667425,1920,1200
directshow_index_1,2532,183912218000000,183912218000000,183912218000000,2026-09-05T07:59:10.943462+00:00,,,640,480
daheng_sn_FDE23080341,2518,183912281000000,183912281000000,183912281000000,2026-09-05T07:59:11.037648+00:00,30620,18259745885025,1920,1200
directshow_index_1,2533,183912312000000,183912312000000,183912312000000,2026-09-05T07:59:11.037648+00:00,,,640,480
directshow_index_1,2534,183912406000000,183912406000000,183912406000000,2026-09-05T07:59:11.135839+00:00,,,640,480
daheng_sn_FDE23080341,2519,183912375000000,183912390000000,183912382500000,2026-09-05T07:59:11.153838+00:00,30633,18259845787425,1920,1200
daheng_sn_FDE23080341,2520,183912468000000,183912468000000,183912468000000,2026-09-05T07:59:11.226262+00:00,30644,18259930320225,1920,1200
directshow_index_1,2535,183912500000000,183912500000000,183912500000000,2026-09-05T07:59:11.226807+00:00,,,640,480
daheng_sn_FDE23080341,2521,183912562000000,183912562000000,183912562000000,2026-09-05T07:59:11.313579+00:00,30656,18260022537825,1920,1200
directshow_index_1,2536,183912593000000,183912593000000,183912593000000,2026-09-05T07:59:11.318578+00:00,,,640,480
daheng_sn_FDE23080341,2522,183912656000000,183912656000000,183912656000000,2026-09-05T07:59:11.409172+00:00,30669,18260122440225,1920,1200
directshow_index_1,2537,183912687000000,183912687000000,183912687000000,2026-09-05T07:59:11.414172+00:00,,,640,480
daheng_sn_FDE23080341,2523,183912750000000,183912750000000,183912750000000,2026-09-05T07:59:11.509712+00:00,30681,18260214657825,1920,1200
directshow_index_1,2538,183912781000000,183912781000000,183912781000000,2026-09-05T07:59:11.509712+00:00,,,640,480
directshow_index_1,2539,183912875000000,183912875000000,183912875000000,2026-09-05T07:59:11.598599+00:00,,,640,480
daheng_sn_FDE23080341,2524,183912843000000,183912843000000,183912843000000,2026-09-05T07:59:11.613597+00:00,30693,18260306875425,1920,1200
directshow_index_1,2540,183912968000000,183912968000000,183912968000000,2026-09-05T07:59:11.705817+00:00,,,640,480
daheng_sn_FDE23080341,2525,183912937000000,183912937000000,183912937000000,2026-09-05T07:59:11.718217+00:00,30706,18260406777825,1920,1200
directshow_index_1,2541,183913062000000,183913062000000,183913062000000,2026-09-05T07:59:11.783042+00:00,,,640,480
daheng_sn_FDE23080341,2526,183913031000000,183913031000000,183913031000000,2026-09-05T07:59:11.785861+00:00,30718,18260498995425,1920,1200
daheng_sn_FDE23080341,2527,183913125000000,183913125000000,183913125000000,2026-09-05T07:59:11.879460+00:00,30730,18260591213025,1920,1200
directshow_index_1,2542,183913156000000,183913156000000,183913156000000,2026-09-05T07:59:11.882134+00:00,,,640,480
directshow_index_1,2543,183913250000000,183913250000000,183913250000000,2026-09-05T07:59:11.975522+00:00,,,640,480
daheng_sn_FDE23080341,2528,183913218000000,183913218000000,183913218000000,2026-09-05T07:59:11.978527+00:00,30742,18260683430625,1920,1200
directshow_index_1,2544,183913343000000,183913343000000,183913343000000,2026-09-05T07:59:12.066282+00:00,,,640,480
daheng_sn_FDE23080341,2529,183913312000000,183913312000000,183913312000000,2026-09-05T07:59:12.069281+00:00,30755,18260783333025,1920,1200
daheng_sn_FDE23080341,2530,183913406000000,183913406000000,183913406000000,2026-09-05T07:59:12.164380+00:00,30767,18260875550625,1920,1200
directshow_index_1,2545,183913437000000,183913437000000,183913437000000,2026-09-05T07:59:12.165395+00:00,,,640,480
daheng_sn_FDE23080341,2531,183913500000000,183913500000000,183913500000000,2026-09-05T07:59:12.265672+00:00,30779,18260967768225,1920,1200
directshow_index_1,2546,183913531000000,183913531000000,183913531000000,2026-09-05T07:59:12.272675+00:00,,,640,480
directshow_index_1,2547,183913625000000,183913625000000,183913625000000,2026-09-05T07:59:12.349668+00:00,,,640,480
daheng_sn_FDE23080341,2532,183913593000000,183913593000000,183913593000000,2026-09-05T07:59:12.354669+00:00,30791,18261059985825,1920,1200
daheng_sn_FDE23080341,2533,183913687000000,183913687000000,183913687000000,2026-09-05T07:59:12.447326+00:00,30803,18261152203425,1920,1200
directshow_index_1,2548,183913718000000,183913718000000,183913718000000,2026-09-05T07:59:12.447326+00:00,,,640,480
daheng_sn_FDE23080341,2534,183913781000000,183913781000000,183913781000000,2026-09-05T07:59:12.535234+00:00,30816,18261252105825,1920,1200
directshow_index_1,2549,183913812000000,183913812000000,183913812000000,2026-09-05T07:59:12.536242+00:00,,,640,480
daheng_sn_FDE23080341,2535,183913875000000,183913875000000,183913875000000,2026-09-05T07:59:12.630332+00:00,30828,18261344323425,1920,1200
directshow_index_1,2550,183913906000000,183913906000000,183913906000000,2026-09-05T07:59:12.631332+00:00,,,640,480
daheng_sn_FDE23080341,2536,183913968000000,183913968000000,183913968000000,2026-09-05T07:59:12.720811+00:00,30840,18261436541025,1920,1200
directshow_index_1,2551,183914000000000,183914000000000,183914000000000,2026-09-05T07:59:12.723810+00:00,,,640,480
directshow_index_1,2552,183914093000000,183914093000000,183914093000000,2026-09-05T07:59:12.816528+00:00,,,640,480
daheng_sn_FDE23080341,2537,183914062000000,183914062000000,183914062000000,2026-09-05T07:59:12.820560+00:00,30852,18261528758625,1920,1200
directshow_index_1,2553,183914187000000,183914187000000,183914187000000,2026-09-05T07:59:12.924938+00:00,,,640,480
daheng_sn_FDE23080341,2538,183914156000000,183914171000000,183914163500000,2026-09-05T07:59:12.953181+00:00,30864,18261620976225,1920,1200
daheng_sn_FDE23080341,2539,183914250000000,183914250000000,183914250000000,2026-09-05T07:59:12.998151+00:00,30877,18261720878625,1920,1200
directshow_index_1,2554,183914281000000,183914281000000,183914281000000,2026-09-05T07:59:13.002174+00:00,,,640,480
daheng_sn_FDE23080341,2540,183914343000000,183914343000000,183914343000000,2026-09-05T07:59:13.093232+00:00,30889,18261813096225,1920,1200
directshow_index_1,2555,183914375000000,183914375000000,183914375000000,2026-09-05T07:59:13.098232+00:00,,,640,480
daheng_sn_FDE23080341,2541,183914437000000,183914437000000,183914437000000,2026-09-05T07:59:13.194947+00:00,30901,18261905313825,1920,1200
directshow_index_1,2556,183914468000000,183914468000000,183914468000000,2026-09-05T07:59:13.195506+00:00,,,640,480
directshow_index_1,2557,183914562000000,183914562000000,183914562000000,2026-09-05T07:59:13.288923+00:00,,,640,480
daheng_sn_FDE23080341,2542,183914531000000,183914531000000,183914531000000,2026-09-05T07:59:13.293525+00:00,30913,18261997531425,1920,1200
daheng_sn_FDE23080341,2543,183914625000000,183914625000000,183914625000000,2026-09-05T07:59:13.384243+00:00,30925,18262089749025,1920,1200
directshow_index_1,2558,183914656000000,183914656000000,183914656000000,2026-09-05T07:59:13.385251+00:00,,,640,480
directshow_index_1,2559,183914750000000,183914750000000,183914750000000,2026-09-05T07:59:13.487759+00:00,,,640,480
daheng_sn_FDE23080341,2544,183914718000000,183914718000000,183914718000000,2026-09-05T07:59:13.507486+00:00,30937,18262181966625,1920,1200
daheng_sn_FDE23080341,2545,183914812000000,183914812000000,183914812000000,2026-09-05T07:59:13.565979+00:00,30950,18262281869025,1920,1200
directshow_index_1,2560,183914843000000,183914843000000,183914843000000,2026-09-05T07:59:13.573510+00:00,,,640,480
directshow_index_1,2561,183914937000000,183914937000000,183914937000000,2026-09-05T07:59:13.662812+00:00,,,640,480
daheng_sn_FDE23080341,2546,183914906000000,183914906000000,183914906000000,2026-09-05T07:59:13.666520+00:00,30961,18262366401825,1920,1200
directshow_index_1,2562,183915031000000,183915046000000,183915038500000,2026-09-05T07:59:13.775040+00:00,,,640,480
daheng_sn_FDE23080341,2547,183915000000000,183915000000000,183915000000000,2026-09-05T07:59:13.778252+00:00,30974,18262466304225,1920,1200
daheng_sn_FDE23080341,2548,183915093000000,183915093000000,183915093000000,2026-09-05T07:59:13.846676+00:00,30986,18262558521825,1920,1200
directshow_index_1,2563,183915125000000,183915125000000,183915125000000,2026-09-05T07:59:13.847957+00:00,,,640,480
daheng_sn_FDE23080341,2549,183915187000000,183915187000000,183915187000000,2026-09-05T07:59:13.943255+00:00,30999,18262658424225,1920,1200
directshow_index_1,2564,183915218000000,183915218000000,183915218000000,2026-09-05T07:59:13.943806+00:00,,,640,480
daheng_sn_FDE23080341,2550,183915281000000,183915281000000,183915281000000,2026-09-05T07:59:14.048935+00:00,31010,18262742957025,1920,1200
directshow_index_1,2565,183915312000000,183915312000000,183915312000000,2026-09-05T07:59:14.054446+00:00,,,640,480
daheng_sn_FDE23080341,2551,183915375000000,183915375000000,183915375000000,2026-09-05T07:59:14.128525+00:00,31022,18262835174625,1920,1200
directshow_index_1,2566,183915406000000,183915406000000,183915406000000,2026-09-05T07:59:14.133817+00:00,,,640,480
directshow_index_1,2567,183915500000000,183915500000000,183915500000000,2026-09-05T07:59:14.227589+00:00,,,640,480
daheng_sn_FDE23080341,2552,183915468000000,183915468000000,183915468000000,2026-09-05T07:59:14.233151+00:00,31035,18262935077025,1920,1200
daheng_sn_FDE23080341,2553,183915562000000,183915562000000,183915562000000,2026-09-05T07:59:14.329971+00:00,31047,18263027294625,1920,1200
directshow_index_1,2568,183915593000000,183915609000000,183915601000000,2026-09-05T07:59:14.342147+00:00,,,640,480
daheng_sn_FDE23080341,2554,183915656000000,183915671000000,183915663500000,2026-09-05T07:59:14.435449+00:00,31059,18263119512225,1920,1200
directshow_index_1,2569,183915703000000,183915703000000,183915703000000,2026-09-05T07:59:14.436448+00:00,,,640,480
daheng_sn_FDE23080341,2555,183915750000000,183915750000000,183915750000000,2026-09-05T07:59:14.503902+00:00,31072,18263219414625,1920,1200
directshow_index_1,2570,183915796000000,183915796000000,183915796000000,2026-09-05T07:59:14.523901+00:00,,,640,480
daheng_sn_FDE23080341,2556,183915843000000,183915843000000,183915843000000,2026-09-05T07:59:14.607328+00:00,31084,18263311632225,1920,1200
directshow_index_1,2571,183915890000000,183915890000000,183915890000000,2026-09-05T07:59:14.612365+00:00,,,640,480
daheng_sn_FDE23080341,2557,183915937000000,183915937000000,183915937000000,2026-09-05T07:59:14.704908+00:00,31096,18263403849825,1920,1200
directshow_index_1,2572,183915984000000,183915984000000,183915984000000,2026-09-05T07:59:14.707924+00:00,,,640,480
daheng_sn_FDE23080341,2558,183916031000000,183916031000000,183916031000000,2026-09-05T07:59:14.784972+00:00,31108,18263496067425,1920,1200
directshow_index_1,2573,183916078000000,183916078000000,183916078000000,2026-09-05T07:59:14.802190+00:00,,,640,480
daheng_sn_FDE23080341,2559,183916125000000,183916125000000,183916125000000,2026-09-05T07:59:14.877561+00:00,31120,18263588285025,1920,1200
directshow_index_1,2574,183916171000000,183916171000000,183916171000000,2026-09-05T07:59:14.896694+00:00,,,640,480
daheng_sn_FDE23080341,2560,183916218000000,183916218000000,183916218000000,2026-09-05T07:59:14.982763+00:00,31133,18263688187425,1920,1200
directshow_index_1,2575,183916265000000,183916281000000,183916273000000,2026-09-05T07:59:15.010729+00:00,,,640,480
daheng_sn_FDE23080341,2561,183916312000000,183916312000000,183916312000000,2026-09-05T07:59:15.066126+00:00,31145,18263780405025,1920,1200
directshow_index_1,2576,183916359000000,183916359000000,183916359000000,2026-09-05T07:59:15.082611+00:00,,,640,480
daheng_sn_FDE23080341,2562,183916406000000,183916406000000,183916406000000,2026-09-05T07:59:15.160896+00:00,31157,18263872622625,1920,1200
directshow_index_1,2577,183916453000000,183916453000000,183916453000000,2026-09-05T07:59:15.175337+00:00,,,640,480
daheng_sn_FDE23080341,2563,183916500000000,183916500000000,183916500000000,2026-09-05T07:59:15.257458+00:00,31169,18263964840225,1920,1200
directshow_index_1,2578,183916546000000,183916546000000,183916546000000,2026-09-05T07:59:15.269996+00:00,,,640,480
daheng_sn_FDE23080341,2564,183916593000000,183916593000000,183916593000000,2026-09-05T07:59:15.352646+00:00,31182,18264064742625,1920,1200
directshow_index_1,2579,183916640000000,183916640000000,183916640000000,2026-09-05T07:59:15.363413+00:00,,,640,480
daheng_sn_FDE23080341,2565,183916687000000,183916687000000,183916687000000,2026-09-05T07:59:15.442694+00:00,31195,18264164645025,1920,1200
directshow_index_1,2580,183916734000000,183916734000000,183916734000000,2026-09-05T07:59:15.457700+00:00,,,640,480
directshow_index_1,2581,183916828000000,183916828000000,183916828000000,2026-09-05T07:59:15.552411+00:00,,,640,480
directshow_index_1,2582,183916921000000,183916921000000,183916921000000,2026-09-05T07:59:15.644833+00:00,,,640,480
directshow_index_1,2583,183917015000000,183917015000000,183917015000000,2026-09-05T07:59:15.737672+00:00,,,640,480
