camera,frame_index,grab_start_monotonic_ns,grab_end_monotonic_ns,capture_mid_monotonic_ns,host_utc,device_frame_id,device_timestamp,width,height
directshow_index_1,0,173267609000000,173267890000000,173267749500000,2026-09-05T05:01:46.617639+00:00,,,640,480
directshow_index_1,1,173267890000000,173267921000000,173267905500000,2026-09-05T05:01:46.646841+00:00,,,640,480
directshow_index_1,2,173267984000000,173267984000000,173267984000000,2026-09-05T05:01:46.708712+00:00,,,640,480
directshow_index_1,3,173268078000000,173268078000000,173268078000000,2026-09-05T05:01:46.799603+00:00,,,640,480
directshow_index_1,4,173268171000000,173268171000000,173268171000000,2026-09-05T05:01:46.896731+00:00,,,640,480
directshow_index_1,5,173268265000000,173268265000000,173268265000000,2026-09-05T05:01:46.985423+00:00,,,640,480
directshow_index_1,6,173268359000000,173268359000000,173268359000000,2026-09-05T05:01:47.082862+00:00,,,640,480
directshow_index_1,7,173268453000000,173268453000000,173268453000000,2026-09-05T05:01:47.179665+00:00,,,640,480
directshow_index_1,8,173268546000000,173268546000000,173268546000000,2026-09-05T05:01:47.268811+00:00,,,640,480
directshow_index_1,9,173268640000000,173268640000000,173268640000000,2026-09-05T05:01:47.362661+00:00,,,640,480
directshow_index_1,10,173268734000000,173268734000000,173268734000000,2026-09-05T05:01:47.459464+00:00,,,640,480
directshow_index_1,11,173268828000000,173268828000000,173268828000000,2026-09-05T05:01:47.551952+00:00,,,640,480
directshow_index_1,12,173268921000000,173268921000000,173268921000000,2026-09-05T05:01:47.642628+00:00,,,640,480
directshow_index_1,13,173269015000000,173269015000000,173269015000000,2026-09-05T05:01:47.738276+00:00,,,640,480
daheng_sn_FDE23080341,0,173268984000000,173269000000000,173268992000000,2026-09-05T05:01:47.747271+00:00,0,7617332601050,1920,1200
daheng_sn_FDE23080341,1,173269078000000,173269078000000,173269078000000,2026-09-05T05:01:47.832097+00:00,1,7617340285850,1920,1200
directshow_index_1,14,173269109000000,173269109000000,173269109000000,2026-09-05T05:01:47.832644+00:00,,,640,480
daheng_sn_FDE23080341,2,173269171000000,173269171000000,173269171000000,2026-09-05T05:01:47.919179+00:00,2,7617347970650,1920,1200
directshow_index_1,15,173269203000000,173269203000000,173269203000000,2026-09-05T05:01:47.922277+00:00,,,640,480
daheng_sn_FDE23080341,3,173269265000000,173269265000000,173269265000000,2026-09-05T05:01:48.016647+00:00,3,7617355655450,1920,1200
directshow_index_1,16,173269296000000,173269296000000,173269296000000,2026-09-05T05:01:48.019660+00:00,,,640,480
daheng_sn_FDE23080341,4,173269359000000,173269359000000,173269359000000,2026-09-05T05:01:48.099785+00:00,4,7617363340250,1920,1200
directshow_index_1,17,173269390000000,173269390000000,173269390000000,2026-09-05T05:01:48.110329+00:00,,,640,480
daheng_sn_FDE23080341,5,173269453000000,173269453000000,173269453000000,2026-09-05T05:01:48.192622+00:00,5,7617371025050,1920,1200
directshow_index_1,18,173269484000000,173269484000000,173269484000000,2026-09-05T05:01:48.206148+00:00,,,640,480
daheng_sn_FDE23080341,6,173269546000000,173269546000000,173269546000000,2026-09-05T05:01:48.294993+00:00,6,7617378709850,1920,1200
directshow_index_1,19,173269578000000,173269578000000,173269578000000,2026-09-05T05:01:48.301526+00:00,,,640,480
daheng_sn_FDE23080341,7,173269640000000,173269640000000,173269640000000,2026-09-05T05:01:48.394652+00:00,7,7617386394650,1920,1200
directshow_index_1,20,173269671000000,173269671000000,173269671000000,2026-09-05T05:01:48.395405+00:00,,,640,480
daheng_sn_FDE23080341,8,173269734000000,173269734000000,173269734000000,2026-09-05T05:01:48.474715+00:00,8,7617394079450,1920,1200
directshow_index_1,21,173269765000000,173269765000000,173269765000000,2026-09-05T05:01:48.485232+00:00,,,640,480
daheng_sn_FDE23080341,9,173269828000000,173269828000000,173269828000000,2026-09-05T05:01:48.570807+00:00,9,7617401764250,1920,1200
directshow_index_1,22,173269859000000,173269859000000,173269859000000,2026-09-05T05:01:48.581814+00:00,,,640,480
daheng_sn_FDE23080341,10,173269921000000,173269921000000,173269921000000,2026-09-05T05:01:48.669159+00:00,10,7617409449050,1920,1200
directshow_index_1,23,173269953000000,173269953000000,173269953000000,2026-09-05T05:01:48.673258+00:00,,,640,480
daheng_sn_FDE23080341,11,173270015000000,173270015000000,173270015000000,2026-09-05T05:01:48.758631+00:00,11,7617417133850,1920,1200
directshow_index_1,24,173270046000000,173270046000000,173270046000000,2026-09-05T05:01:48.769985+00:00,,,640,480
daheng_sn_FDE23080341,12,173270109000000,173270109000000,173270109000000,2026-09-05T05:01:48.848171+00:00,12,7617424818650,1920,1200
directshow_index_1,25,173270140000000,173270140000000,173270140000000,2026-09-05T05:01:48.864252+00:00,,,640,480
daheng_sn_FDE23080341,13,173270203000000,173270203000000,173270203000000,2026-09-05T05:01:48.945168+00:00,24,7617517036250,1920,1200
directshow_index_1,26,173270234000000,173270234000000,173270234000000,2026-09-05T05:01:48.954674+00:00,,,640,480
daheng_sn_FDE23080341,14,173270296000000,173270296000000,173270296000000,2026-09-05T05:01:49.037067+00:00,36,7617609253850,1920,1200
directshow_index_1,27,173270328000000,173270328000000,173270328000000,2026-09-05T05:01:49.051786+00:00,,,640,480
directshow_index_1,28,173270421000000,173270421000000,173270421000000,2026-09-05T05:01:49.143463+00:00,,,640,480
daheng_sn_FDE23080341,15,173270390000000,173270390000000,173270390000000,2026-09-05T05:01:49.148176+00:00,48,7617701471450,1920,1200
directshow_index_1,29,173270515000000,173270515000000,173270515000000,2026-09-05T05:01:49.240130+00:00,,,640,480
daheng_sn_FDE23080341,16,173270484000000,173270484000000,173270484000000,2026-09-05T05:01:49.247135+00:00,60,7617793689050,1920,1200
daheng_sn_FDE23080341,17,173270578000000,173270578000000,173270578000000,2026-09-05T05:01:49.329598+00:00,73,7617893591450,1920,1200
directshow_index_1,30,173270609000000,173270609000000,173270609000000,2026-09-05T05:01:49.332598+00:00,,,640,480
daheng_sn_FDE23080341,18,173270671000000,173270671000000,173270671000000,2026-09-05T05:01:49.415249+00:00,85,7617985809050,1920,1200
directshow_index_1,31,173270703000000,173270703000000,173270703000000,2026-09-05T05:01:49.424233+00:00,,,640,480
daheng_sn_FDE23080341,19,173270765000000,173270765000000,173270765000000,2026-09-05T05:01:49.510277+00:00,97,7618078026650,1920,1200
directshow_index_1,32,173270796000000,173270796000000,173270796000000,2026-09-05T05:01:49.522098+00:00,,,640,480
daheng_sn_FDE23080341,20,173270859000000,173270859000000,173270859000000,2026-09-05T05:01:49.604105+00:00,109,7618170244250,1920,1200
directshow_index_1,33,173270890000000,173270890000000,173270890000000,2026-09-05T05:01:49.612217+00:00,,,640,480
daheng_sn_FDE23080341,21,173270953000000,173270953000000,173270953000000,2026-09-05T05:01:49.695301+00:00,121,7618262461850,1920,1200
directshow_index_1,34,173270984000000,173270984000000,173270984000000,2026-09-05T05:01:49.708263+00:00,,,640,480
daheng_sn_FDE23080341,22,173271046000000,173271046000000,173271046000000,2026-09-05T05:01:49.791050+00:00,133,7618354679450,1920,1200
directshow_index_1,35,173271078000000,173271078000000,173271078000000,2026-09-05T05:01:49.798041+00:00,,,640,480
daheng_sn_FDE23080341,23,173271140000000,173271140000000,173271140000000,2026-09-05T05:01:49.881613+00:00,145,7618446897050,1920,1200
directshow_index_1,36,173271171000000,173271171000000,173271171000000,2026-09-05T05:01:49.890617+00:00,,,640,480
daheng_sn_FDE23080341,24,173271234000000,173271234000000,173271234000000,2026-09-05T05:01:49.979195+00:00,157,7618539114650,1920,1200
directshow_index_1,37,173271265000000,173271265000000,173271265000000,2026-09-05T05:01:49.986227+00:00,,,640,480
daheng_sn_FDE23080341,25,173271328000000,173271328000000,173271328000000,2026-09-05T05:01:50.067051+00:00,170,7618639017050,1920,1200
directshow_index_1,38,173271359000000,173271359000000,173271359000000,2026-09-05T05:01:50.081042+00:00,,,640,480
daheng_sn_FDE23080341,26,173271421000000,173271421000000,173271421000000,2026-09-05T05:01:50.165550+00:00,182,7618731234650,1920,1200
directshow_index_1,39,173271453000000,173271453000000,173271453000000,2026-09-05T05:01:50.177805+00:00,,,640,480
daheng_sn_FDE23080341,27,173271515000000,173271515000000,173271515000000,2026-09-05T05:01:50.258753+00:00,194,7618823452250,1920,1200
directshow_index_1,40,173271546000000,173271546000000,173271546000000,2026-09-05T05:01:50.267742+00:00,,,640,480
daheng_sn_FDE23080341,28,173271609000000,173271609000000,173271609000000,2026-09-05T05:01:50.354407+00:00,207,7618923354650,1920,1200
directshow_index_1,41,173271640000000,173271640000000,173271640000000,2026-09-05T05:01:50.363406+00:00,,,640,480
daheng_sn_FDE23080341,29,173271703000000,173271703000000,173271703000000,2026-09-05T05:01:50.444925+00:00,219,7619015572250,1920,1200
directshow_index_1,42,173271734000000,173271734000000,173271734000000,2026-09-05T05:01:50.452923+00:00,,,640,480
daheng_sn_FDE23080341,30,173271796000000,173271796000000,173271796000000,2026-09-05T05:01:50.542150+00:00,231,7619107789850,1920,1200
directshow_index_1,43,173271828000000,173271828000000,173271828000000,2026-09-05T05:01:50.550295+00:00,,,640,480
daheng_sn_FDE23080341,31,173271890000000,173271890000000,173271890000000,2026-09-05T05:01:50.636114+00:00,243,7619200007450,1920,1200
directshow_index_1,44,173271921000000,173271921000000,173271921000000,2026-09-05T05:01:50.641999+00:00,,,640,480
daheng_sn_FDE23080341,32,173271984000000,173271984000000,173271984000000,2026-09-05T05:01:50.727603+00:00,255,7619292225050,1920,1200
directshow_index_1,45,173272015000000,173272015000000,173272015000000,2026-09-05T05:01:50.736102+00:00,,,640,480
daheng_sn_FDE23080341,33,173272078000000,173272078000000,173272078000000,2026-09-05T05:01:50.822095+00:00,268,7619392127450,1920,1200
directshow_index_1,46,173272109000000,173272109000000,173272109000000,2026-09-05T05:01:50.833097+00:00,,,640,480
daheng_sn_FDE23080341,34,173272171000000,173272171000000,173272171000000,2026-09-05T05:01:50.915260+00:00,279,7619476660250,1920,1200
directshow_index_1,47,173272203000000,173272203000000,173272203000000,2026-09-05T05:01:50.923257+00:00,,,640,480
daheng_sn_FDE23080341,35,173272265000000,173272265000000,173272265000000,2026-09-05T05:01:51.005897+00:00,292,7619576562650,1920,1200
directshow_index_1,48,173272296000000,173272296000000,173272296000000,2026-09-05T05:01:51.020816+00:00,,,640,480
directshow_index_1,49,173272390000000,173272390000000,173272390000000,2026-09-05T05:01:51.109634+00:00,,,640,480
daheng_sn_FDE23080341,36,173272359000000,173272359000000,173272359000000,2026-09-05T05:01:51.113261+00:00,304,7619668780250,1920,1200
daheng_sn_FDE23080341,37,173272453000000,173272453000000,173272453000000,2026-09-05T05:01:51.196251+00:00,316,7619760997850,1920,1200
directshow_index_1,50,173272484000000,173272484000000,173272484000000,2026-09-05T05:01:51.206471+00:00,,,640,480
daheng_sn_FDE23080341,38,173272546000000,173272546000000,173272546000000,2026-09-05T05:01:51.294722+00:00,329,7619860900250,1920,1200
directshow_index_1,51,173272578000000,173272578000000,173272578000000,2026-09-05T05:01:51.302455+00:00,,,640,480
daheng_sn_FDE23080341,39,173272640000000,173272640000000,173272640000000,2026-09-05T05:01:51.389196+00:00,341,7619953117850,1920,1200
directshow_index_1,52,173272671000000,173272671000000,173272671000000,2026-09-05T05:01:51.393968+00:00,,,640,480
daheng_sn_FDE23080341,40,173272734000000,173272734000000,173272734000000,2026-09-05T05:01:51.477064+00:00,353,7620045335450,1920,1200
directshow_index_1,53,173272765000000,173272765000000,173272765000000,2026-09-05T05:01:51.487435+00:00,,,640,480
daheng_sn_FDE23080341,41,173272828000000,173272828000000,173272828000000,2026-09-05T05:01:51.573642+00:00,365,7620137553050,1920,1200
directshow_index_1,54,173272859000000,173272859000000,173272859000000,2026-09-05T05:01:51.580197+00:00,,,640,480
daheng_sn_FDE23080341,42,173272921000000,173272921000000,173272921000000,2026-09-05T05:01:51.676655+00:00,377,7620229770650,1920,1200
directshow_index_1,55,173272953000000,173272953000000,173272953000000,2026-09-05T05:01:51.677660+00:00,,,640,480
daheng_sn_FDE23080341,43,173273015000000,173273015000000,173273015000000,2026-09-05T05:01:51.755768+00:00,389,7620321988250,1920,1200
directshow_index_1,56,173273046000000,173273046000000,173273046000000,2026-09-05T05:01:51.766758+00:00,,,640,480
daheng_sn_FDE23080341,44,173273109000000,173273109000000,173273109000000,2026-09-05T05:01:51.852144+00:00,402,7620421890650,1920,1200
directshow_index_1,57,173273140000000,173273140000000,173273140000000,2026-09-05T05:01:51.863131+00:00,,,640,480
daheng_sn_FDE23080341,45,173273203000000,173273203000000,173273203000000,2026-09-05T05:01:51.941710+00:00,414,7620514108250,1920,1200
directshow_index_1,58,173273234000000,173273234000000,173273234000000,2026-09-05T05:01:51.953709+00:00,,,640,480
daheng_sn_FDE23080341,46,173273296000000,173273296000000,173273296000000,2026-09-05T05:01:52.037894+00:00,426,7620606325850,1920,1200
directshow_index_1,59,173273328000000,173273328000000,173273328000000,2026-09-05T05:01:52.053898+00:00,,,640,480
daheng_sn_FDE23080341,47,173273390000000,173273390000000,173273390000000,2026-09-05T05:01:52.131561+00:00,438,7620698543450,1920,1200
directshow_index_1,60,173273421000000,173273421000000,173273421000000,2026-09-05T05:01:52.148072+00:00,,,640,480
daheng_sn_FDE23080341,48,173273484000000,173273484000000,173273484000000,2026-09-05T05:01:52.230098+00:00,451,7620798445850,1920,1200
directshow_index_1,61,173273515000000,173273515000000,173273515000000,2026-09-05T05:01:52.236617+00:00,,,640,480
daheng_sn_FDE23080341,49,173273578000000,173273578000000,173273578000000,2026-09-05T05:01:52.320149+00:00,463,7620890663450,1920,1200
directshow_index_1,62,173273609000000,173273609000000,173273609000000,2026-09-05T05:01:52.330152+00:00,,,640,480
daheng_sn_FDE23080341,50,173273671000000,173273671000000,173273671000000,2026-09-05T05:01:52.420619+00:00,475,7620982881050,1920,1200
directshow_index_1,63,173273703000000,173273703000000,173273703000000,2026-09-05T05:01:52.426618+00:00,,,640,480
daheng_sn_FDE23080341,51,173273765000000,173273765000000,173273765000000,2026-09-05T05:01:52.510832+00:00,487,7621075098650,1920,1200
directshow_index_1,64,173273796000000,173273796000000,173273796000000,2026-09-05T05:01:52.516903+00:00,,,640,480
daheng_sn_FDE23080341,52,173273859000000,173273859000000,173273859000000,2026-09-05T05:01:52.600191+00:00,500,7621175001050,1920,1200
directshow_index_1,65,173273890000000,173273890000000,173273890000000,2026-09-05T05:01:52.613786+00:00,,,640,480
daheng_sn_FDE23080341,53,173273953000000,173273953000000,173273953000000,2026-09-05T05:01:52.700576+00:00,512,7621267218650,1920,1200
directshow_index_1,66,173273984000000,173273984000000,173273984000000,2026-09-05T05:01:52.704556+00:00,,,640,480
daheng_sn_FDE23080341,54,173274046000000,173274046000000,173274046000000,2026-09-05T05:01:52.791519+00:00,523,7621351751450,1920,1200
directshow_index_1,67,173274078000000,173274078000000,173274078000000,2026-09-05T05:01:52.803061+00:00,,,640,480
daheng_sn_FDE23080341,55,173274140000000,173274140000000,173274140000000,2026-09-05T05:01:52.877982+00:00,536,7621451653850,1920,1200
directshow_index_1,68,173274171000000,173274171000000,173274171000000,2026-09-05T05:01:52.892812+00:00,,,640,480
daheng_sn_FDE23080341,56,173274234000000,173274234000000,173274234000000,2026-09-05T05:01:52.979948+00:00,548,7621543871450,1920,1200
directshow_index_1,69,173274265000000,173274265000000,173274265000000,2026-09-05T05:01:52.988955+00:00,,,640,480
daheng_sn_FDE23080341,57,173274328000000,173274328000000,173274328000000,2026-09-05T05:01:53.075970+00:00,560,7621636089050,1920,1200
directshow_index_1,70,173274359000000,173274359000000,173274359000000,2026-09-05T05:01:53.079962+00:00,,,640,480
daheng_sn_FDE23080341,58,173274421000000,173274421000000,173274421000000,2026-09-05T05:01:53.165705+00:00,573,7621735991450,1920,1200
directshow_index_1,71,173274453000000,173274453000000,173274453000000,2026-09-05T05:01:53.180681+00:00,,,640,480
daheng_sn_FDE23080341,59,173274515000000,173274515000000,173274515000000,2026-09-05T05:01:53.259134+00:00,585,7621828209050,1920,1200
directshow_index_1,72,173274546000000,173274546000000,173274546000000,2026-09-05T05:01:53.270368+00:00,,,640,480
daheng_sn_FDE23080341,60,173274609000000,173274609000000,173274609000000,2026-09-05T05:01:53.351626+00:00,597,7621920426650,1920,1200
directshow_index_1,73,173274640000000,173274640000000,173274640000000,2026-09-05T05:01:53.360132+00:00,,,640,480
daheng_sn_FDE23080341,61,173274703000000,173274703000000,173274703000000,2026-09-05T05:01:53.441622+00:00,609,7622012644250,1920,1200
directshow_index_1,74,173274734000000,173274734000000,173274734000000,2026-09-05T05:01:53.457622+00:00,,,640,480
daheng_sn_FDE23080341,62,173274796000000,173274796000000,173274796000000,2026-09-05T05:01:53.536533+00:00,622,7622112546650,1920,1200
directshow_index_1,75,173274828000000,173274828000000,173274828000000,2026-09-05T05:01:53.548664+00:00,,,640,480
daheng_sn_FDE23080341,63,173274890000000,173274890000000,173274890000000,2026-09-05T05:01:53.630481+00:00,633,7622197079450,1920,1200
directshow_index_1,76,173274921000000,173274921000000,173274921000000,2026-09-05T05:01:53.645479+00:00,,,640,480
daheng_sn_FDE23080341,64,173274984000000,173274984000000,173274984000000,2026-09-05T05:01:53.725069+00:00,646,7622296981850,1920,1200
directshow_index_1,77,173275015000000,173275015000000,173275015000000,2026-09-05T05:01:53.734444+00:00,,,640,480
daheng_sn_FDE23080341,65,173275078000000,173275078000000,173275078000000,2026-09-05T05:01:53.830162+00:00,658,7622389199450,1920,1200
directshow_index_1,78,173275109000000,173275109000000,173275109000000,2026-09-05T05:01:53.834161+00:00,,,640,480
daheng_sn_FDE23080341,66,173275171000000,173275171000000,173275171000000,2026-09-05T05:01:53.925773+00:00,670,7622481417050,1920,1200
directshow_index_1,79,173275203000000,173275203000000,173275203000000,2026-09-05T05:01:53.926773+00:00,,,640,480
daheng_sn_FDE23080341,67,173275265000000,173275265000000,173275265000000,2026-09-05T05:01:54.015627+00:00,682,7622573634650,1920,1200
directshow_index_1,80,173275296000000,173275296000000,173275296000000,2026-09-05T05:01:54.018632+00:00,,,640,480
daheng_sn_FDE23080341,68,173275359000000,173275359000000,173275359000000,2026-09-05T05:01:54.106787+00:00,694,7622665852250,1920,1200
directshow_index_1,81,173275390000000,173275390000000,173275390000000,2026-09-05T05:01:54.113720+00:00,,,640,480
daheng_sn_FDE23080341,69,173275453000000,173275453000000,173275453000000,2026-09-05T05:01:54.196971+00:00,707,7622765754650,1920,1200
directshow_index_1,82,173275484000000,173275484000000,173275484000000,2026-09-05T05:01:54.203976+00:00,,,640,480
daheng_sn_FDE23080341,70,173275546000000,173275546000000,173275546000000,2026-09-05T05:01:54.289081+00:00,719,7622857972250,1920,1200
directshow_index_1,83,173275578000000,173275578000000,173275578000000,2026-09-05T05:01:54.302085+00:00,,,640,480
daheng_sn_FDE23080341,71,173275640000000,173275640000000,173275640000000,2026-09-05T05:01:54.387153+00:00,731,7622950189850,1920,1200
directshow_index_1,84,173275671000000,173275671000000,173275671000000,2026-09-05T05:01:54.396141+00:00,,,640,480
daheng_sn_FDE23080341,72,173275734000000,173275734000000,173275734000000,2026-09-05T05:01:54.477454+00:00,743,7623042407450,1920,1200
directshow_index_1,85,173275765000000,173275765000000,173275765000000,2026-09-05T05:01:54.489454+00:00,,,640,480
daheng_sn_FDE23080341,73,173275828000000,173275828000000,173275828000000,2026-09-05T05:01:54.572447+00:00,755,7623134625050,1920,1200
directshow_index_1,86,173275859000000,173275859000000,173275859000000,2026-09-05T05:01:54.584449+00:00,,,640,480
daheng_sn_FDE23080341,74,173275921000000,173275921000000,173275921000000,2026-09-05T05:01:54.668805+00:00,768,7623234527450,1920,1200
directshow_index_1,87,173275953000000,173275953000000,173275953000000,2026-09-05T05:01:54.674803+00:00,,,640,480
daheng_sn_FDE23080341,75,173276015000000,173276015000000,173276015000000,2026-09-05T05:01:54.760519+00:00,780,7623326745050,1920,1200
directshow_index_1,88,173276046000000,173276046000000,173276046000000,2026-09-05T05:01:54.771518+00:00,,,640,480
daheng_sn_FDE23080341,76,173276109000000,173276109000000,173276109000000,2026-09-05T05:01:54.853597+00:00,792,7623418962650,1920,1200
directshow_index_1,89,173276140000000,173276140000000,173276140000000,2026-09-05T05:01:54.861220+00:00,,,640,480
daheng_sn_FDE23080341,77,173276203000000,173276203000000,173276203000000,2026-09-05T05:01:54.944781+00:00,804,7623511180250,1920,1200
directshow_index_1,90,173276234000000,173276234000000,173276234000000,2026-09-05T05:01:54.957780+00:00,,,640,480
daheng_sn_FDE23080341,78,173276296000000,173276296000000,173276296000000,2026-09-05T05:01:55.046446+00:00,817,7623611082650,1920,1200
directshow_index_1,91,173276328000000,173276328000000,173276328000000,2026-09-05T05:01:55.049431+00:00,,,640,480
daheng_sn_FDE23080341,79,173276390000000,173276390000000,173276390000000,2026-09-05T05:01:55.131921+00:00,829,7623703300250,1920,1200
directshow_index_1,92,173276421000000,173276421000000,173276421000000,2026-09-05T05:01:55.141920+00:00,,,640,480
daheng_sn_FDE23080341,80,173276484000000,173276484000000,173276484000000,2026-09-05T05:01:55.234718+00:00,841,7623795517850,1920,1200
directshow_index_1,93,173276515000000,173276515000000,173276515000000,2026-09-05T05:01:55.236414+00:00,,,640,480
daheng_sn_FDE23080341,81,173276578000000,173276578000000,173276578000000,2026-09-05T05:01:55.320481+00:00,853,7623887735450,1920,1200
directshow_index_1,94,173276609000000,173276609000000,173276609000000,2026-09-05T05:01:55.334732+00:00,,,640,480
daheng_sn_FDE23080341,82,173276671000000,173276671000000,173276671000000,2026-09-05T05:01:55.415934+00:00,865,7623979953050,1920,1200
directshow_index_1,95,173276703000000,173276703000000,173276703000000,2026-09-05T05:01:55.425627+00:00,,,640,480
daheng_sn_FDE23080341,83,173276765000000,173276765000000,173276765000000,2026-09-05T05:01:55.507021+00:00,878,7624079855450,1920,1200
directshow_index_1,96,173276796000000,173276796000000,173276796000000,2026-09-05T05:01:55.516020+00:00,,,640,480
daheng_sn_FDE23080341,84,173276859000000,173276859000000,173276859000000,2026-09-05T05:01:55.605162+00:00,889,7624164388250,1920,1200
directshow_index_1,97,173276890000000,173276890000000,173276890000000,2026-09-05T05:01:55.611157+00:00,,,640,480
daheng_sn_FDE23080341,85,173276953000000,173276953000000,173276953000000,2026-09-05T05:01:55.700287+00:00,902,7624264290650,1920,1200
directshow_index_1,98,173276984000000,173276984000000,173276984000000,2026-09-05T05:01:55.707293+00:00,,,640,480
daheng_sn_FDE23080341,86,173277046000000,173277046000000,173277046000000,2026-09-05T05:01:55.790322+00:00,914,7624356508250,1920,1200
directshow_index_1,99,173277078000000,173277078000000,173277078000000,2026-09-05T05:01:55.798328+00:00,,,640,480
daheng_sn_FDE23080341,87,173277140000000,173277140000000,173277140000000,2026-09-05T05:01:55.884340+00:00,926,7624448725850,1920,1200
directshow_index_1,100,173277171000000,173277171000000,173277171000000,2026-09-05T05:01:55.891333+00:00,,,640,480
daheng_sn_FDE23080341,88,173277234000000,173277234000000,173277234000000,2026-09-05T05:01:55.975932+00:00,938,7624540943450,1920,1200
directshow_index_1,101,173277265000000,173277265000000,173277265000000,2026-09-05T05:01:55.989844+00:00,,,640,480
daheng_sn_FDE23080341,89,173277328000000,173277328000000,173277328000000,2026-09-05T05:01:56.074308+00:00,951,7624640845850,1920,1200
directshow_index_1,102,173277359000000,173277359000000,173277359000000,2026-09-05T05:01:56.080291+00:00,,,640,480
daheng_sn_FDE23080341,90,173277421000000,173277421000000,173277421000000,2026-09-05T05:01:56.163766+00:00,963,7624733063450,1920,1200
directshow_index_1,103,173277453000000,173277453000000,173277453000000,2026-09-05T05:01:56.176915+00:00,,,640,480
daheng_sn_FDE23080341,91,173277515000000,173277515000000,173277515000000,2026-09-05T05:01:56.262899+00:00,975,7624825281050,1920,1200
directshow_index_1,104,173277546000000,173277546000000,173277546000000,2026-09-05T05:01:56.268552+00:00,,,640,480
daheng_sn_FDE23080341,92,173277609000000,173277609000000,173277609000000,2026-09-05T05:01:56.353094+00:00,987,7624917498650,1920,1200
directshow_index_1,105,173277640000000,173277640000000,173277640000000,2026-09-05T05:01:56.363607+00:00,,,640,480
daheng_sn_FDE23080341,93,173277703000000,173277703000000,173277703000000,2026-09-05T05:01:56.444387+00:00,1000,7625017401050,1920,1200
directshow_index_1,106,173277734000000,173277734000000,173277734000000,2026-09-05T05:01:56.459373+00:00,,,640,480
daheng_sn_FDE23080341,94,173277796000000,173277796000000,173277796000000,2026-09-05T05:01:56.538739+00:00,1011,7625101933850,1920,1200
directshow_index_1,107,173277828000000,173277828000000,173277828000000,2026-09-05T05:01:56.550746+00:00,,,640,480
daheng_sn_FDE23080341,95,173277890000000,173277890000000,173277890000000,2026-09-05T05:01:56.633481+00:00,1024,7625201836250,1920,1200
directshow_index_1,108,173277921000000,173277921000000,173277921000000,2026-09-05T05:01:56.641885+00:00,,,640,480
daheng_sn_FDE23080341,96,173277984000000,173277984000000,173277984000000,2026-09-05T05:01:56.736685+00:00,1036,7625294053850,1920,1200
directshow_index_1,109,173278015000000,173278015000000,173278015000000,2026-09-05T05:01:56.736685+00:00,,,640,480
daheng_sn_FDE23080341,97,173278078000000,173278078000000,173278078000000,2026-09-05T05:01:56.822354+00:00,1048,7625386271450,1920,1200
directshow_index_1,110,173278109000000,173278109000000,173278109000000,2026-09-05T05:01:56.829006+00:00,,,640,480
daheng_sn_FDE23080341,98,173278171000000,173278171000000,173278171000000,2026-09-05T05:01:56.912319+00:00,1060,7625478489050,1920,1200
directshow_index_1,111,173278203000000,173278203000000,173278203000000,2026-09-05T05:01:56.925234+00:00,,,640,480
daheng_sn_FDE23080341,99,173278265000000,173278265000000,173278265000000,2026-09-05T05:01:57.003330+00:00,1072,7625570706650,1920,1200
directshow_index_1,112,173278296000000,173278296000000,173278296000000,2026-09-05T05:01:57.016159+00:00,,,640,480
daheng_sn_FDE23080341,100,173278359000000,173278359000000,173278359000000,2026-09-05T05:01:57.103833+00:00,1085,7625670609050,1920,1200
directshow_index_1,113,173278390000000,173278390000000,173278390000000,2026-09-05T05:01:57.111482+00:00,,,640,480
daheng_sn_FDE23080341,101,173278453000000,173278453000000,173278453000000,2026-09-05T05:01:57.195062+00:00,1097,7625762826650,1920,1200
directshow_index_1,114,173278484000000,173278484000000,173278484000000,2026-09-05T05:01:57.204958+00:00,,,640,480
daheng_sn_FDE23080341,102,173278546000000,173278546000000,173278546000000,2026-09-05T05:01:57.289195+00:00,1110,7625862729050,1920,1200
directshow_index_1,115,173278578000000,173278578000000,173278578000000,2026-09-05T05:01:57.300218+00:00,,,640,480
daheng_sn_FDE23080341,103,173278640000000,173278640000000,173278640000000,2026-09-05T05:01:57.390017+00:00,1122,7625954946650,1920,1200
directshow_index_1,116,173278671000000,173278671000000,173278671000000,2026-09-05T05:01:57.396620+00:00,,,640,480
daheng_sn_FDE23080341,104,173278734000000,173278734000000,173278734000000,2026-09-05T05:01:57.481032+00:00,1133,7626039479450,1920,1200
directshow_index_1,117,173278765000000,173278765000000,173278765000000,2026-09-05T05:01:57.485027+00:00,,,640,480
daheng_sn_FDE23080341,105,173278828000000,173278828000000,173278828000000,2026-09-05T05:01:57.566920+00:00,1146,7626139381850,1920,1200
directshow_index_1,118,173278859000000,173278859000000,173278859000000,2026-09-05T05:01:57.581994+00:00,,,640,480
daheng_sn_FDE23080341,106,173278921000000,173278921000000,173278921000000,2026-09-05T05:01:57.660571+00:00,1158,7626231599450,1920,1200
directshow_index_1,119,173278953000000,173278953000000,173278953000000,2026-09-05T05:01:57.672828+00:00,,,640,480
daheng_sn_FDE23080341,107,173279015000000,173279015000000,173279015000000,2026-09-05T05:01:57.760911+00:00,1171,7626331501850,1920,1200
directshow_index_1,120,173279046000000,173279046000000,173279046000000,2026-09-05T05:01:57.769150+00:00,,,640,480
daheng_sn_FDE23080341,108,173279109000000,173279109000000,173279109000000,2026-09-05T05:01:57.849470+00:00,1183,7626423719450,1920,1200
directshow_index_1,121,173279140000000,173279140000000,173279140000000,2026-09-05T05:01:57.860006+00:00,,,640,480
daheng_sn_FDE23080341,109,173279203000000,173279203000000,173279203000000,2026-09-05T05:01:57.943383+00:00,1194,7626508252250,1920,1200
directshow_index_1,122,173279234000000,173279234000000,173279234000000,2026-09-05T05:01:57.955915+00:00,,,640,480
daheng_sn_FDE23080341,110,173279296000000,173279296000000,173279296000000,2026-09-05T05:01:58.038917+00:00,1207,7626608154650,1920,1200
directshow_index_1,123,173279328000000,173279328000000,173279328000000,2026-09-05T05:01:58.052930+00:00,,,640,480
daheng_sn_FDE23080341,111,173279390000000,173279390000000,173279390000000,2026-09-05T05:01:58.146488+00:00,1219,7626700372250,1920,1200
directshow_index_1,124,173279421000000,173279421000000,173279421000000,2026-09-05T05:01:58.146488+00:00,,,640,480
directshow_index_1,125,173279515000000,173279515000000,173279515000000,2026-09-05T05:01:58.236805+00:00,,,640,480
daheng_sn_FDE23080341,112,173279484000000,173279484000000,173279484000000,2026-09-05T05:01:58.243420+00:00,1231,7626792589850,1920,1200
daheng_sn_FDE23080341,113,173279578000000,173279578000000,173279578000000,2026-09-05T05:01:58.324380+00:00,1244,7626892492250,1920,1200
directshow_index_1,126,173279609000000,173279609000000,173279609000000,2026-09-05T05:01:58.334101+00:00,,,640,480
daheng_sn_FDE23080341,114,173279671000000,173279671000000,173279671000000,2026-09-05T05:01:58.419193+00:00,1256,7626984709850,1920,1200
directshow_index_1,127,173279703000000,173279703000000,173279703000000,2026-09-05T05:01:58.425722+00:00,,,640,480
daheng_sn_FDE23080341,115,173279765000000,173279765000000,173279765000000,2026-09-05T05:01:58.513642+00:00,1268,7627076927450,1920,1200
directshow_index_1,128,173279796000000,173279796000000,173279796000000,2026-09-05T05:01:58.519912+00:00,,,640,480
daheng_sn_FDE23080341,116,173279859000000,173279859000000,173279859000000,2026-09-05T05:01:58.606695+00:00,1280,7627169145050,1920,1200
directshow_index_1,129,173279890000000,173279890000000,173279890000000,2026-09-05T05:01:58.615702+00:00,,,640,480
daheng_sn_FDE23080341,117,173279953000000,173279953000000,173279953000000,2026-09-05T05:01:58.698528+00:00,1292,7627261362650,1920,1200
directshow_index_1,130,173279984000000,173279984000000,173279984000000,2026-09-05T05:01:58.705834+00:00,,,640,480
daheng_sn_FDE23080341,118,173280046000000,173280046000000,173280046000000,2026-09-05T05:01:58.792351+00:00,1305,7627361265050,1920,1200
directshow_index_1,131,173280078000000,173280078000000,173280078000000,2026-09-05T05:01:58.801340+00:00,,,640,480
daheng_sn_FDE23080341,119,173280140000000,173280140000000,173280140000000,2026-09-05T05:01:58.882827+00:00,1317,7627453482650,1920,1200
directshow_index_1,132,173280171000000,173280171000000,173280171000000,2026-09-05T05:01:58.892336+00:00,,,640,480
daheng_sn_FDE23080341,120,173280234000000,173280234000000,173280234000000,2026-09-05T05:01:58.980569+00:00,1329,7627545700250,1920,1200
directshow_index_1,133,173280265000000,173280265000000,173280265000000,2026-09-05T05:01:58.989603+00:00,,,640,480
daheng_sn_FDE23080341,121,173280328000000,173280328000000,173280328000000,2026-09-05T05:01:59.071303+00:00,1341,7627637917850,1920,1200
directshow_index_1,134,173280359000000,173280359000000,173280359000000,2026-09-05T05:01:59.080302+00:00,,,640,480
daheng_sn_FDE23080341,122,173280421000000,173280421000000,173280421000000,2026-09-05T05:01:59.164050+00:00,1353,7627730135450,1920,1200
directshow_index_1,135,173280453000000,173280453000000,173280453000000,2026-09-05T05:01:59.180056+00:00,,,640,480
daheng_sn_FDE23080341,123,173280515000000,173280515000000,173280515000000,2026-09-05T05:01:59.256394+00:00,1366,7627830037850,1920,1200
directshow_index_1,136,173280546000000,173280546000000,173280546000000,2026-09-05T05:01:59.271235+00:00,,,640,480
daheng_sn_FDE23080341,124,173280609000000,173280609000000,173280609000000,2026-09-05T05:01:59.355475+00:00,1378,7627922255450,1920,1200
directshow_index_1,137,173280640000000,173280640000000,173280640000000,2026-09-05T05:01:59.360482+00:00,,,640,480
daheng_sn_FDE23080341,125,173280703000000,173280703000000,173280703000000,2026-09-05T05:01:59.450048+00:00,1390,7628014473050,1920,1200
directshow_index_1,138,173280734000000,173280734000000,173280734000000,2026-09-05T05:01:59.458048+00:00,,,640,480
daheng_sn_FDE23080341,126,173280796000000,173280796000000,173280796000000,2026-09-05T05:01:59.539917+00:00,1402,7628106690650,1920,1200
directshow_index_1,139,173280828000000,173280828000000,173280828000000,2026-09-05T05:01:59.547935+00:00,,,640,480
daheng_sn_FDE23080341,127,173280890000000,173280890000000,173280890000000,2026-09-05T05:01:59.634895+00:00,1415,7628206593050,1920,1200
directshow_index_1,140,173280921000000,173280921000000,173280921000000,2026-09-05T05:01:59.643895+00:00,,,640,480
daheng_sn_FDE23080341,128,173280984000000,173280984000000,173280984000000,2026-09-05T05:01:59.729615+00:00,1427,7628298810650,1920,1200
directshow_index_1,141,173281015000000,173281015000000,173281015000000,2026-09-05T05:01:59.737615+00:00,,,640,480
daheng_sn_FDE23080341,129,173281078000000,173281078000000,173281078000000,2026-09-05T05:01:59.821188+00:00,1439,7628391028250,1920,1200
directshow_index_1,142,173281109000000,173281109000000,173281109000000,2026-09-05T05:01:59.829711+00:00,,,640,480
daheng_sn_FDE23080341,130,173281171000000,173281171000000,173281171000000,2026-09-05T05:01:59.913542+00:00,1451,7628483245850,1920,1200
directshow_index_1,143,173281203000000,173281203000000,173281203000000,2026-09-05T05:01:59.921303+00:00,,,640,480
daheng_sn_FDE23080341,131,173281265000000,173281265000000,173281265000000,2026-09-05T05:02:00.008439+00:00,1463,7628575463450,1920,1200
directshow_index_1,144,173281296000000,173281296000000,173281296000000,2026-09-05T05:02:00.020577+00:00,,,640,480
daheng_sn_FDE23080341,132,173281359000000,173281359000000,173281359000000,2026-09-05T05:02:00.106958+00:00,1475,7628667681050,1920,1200
directshow_index_1,145,173281390000000,173281390000000,173281390000000,2026-09-05T05:02:00.109470+00:00,,,640,480
daheng_sn_FDE23080341,133,173281453000000,173281453000000,173281453000000,2026-09-05T05:02:00.199136+00:00,1487,7628759898650,1920,1200
directshow_index_1,146,173281484000000,173281484000000,173281484000000,2026-09-05T05:02:00.208494+00:00,,,640,480
daheng_sn_FDE23080341,134,173281546000000,173281546000000,173281546000000,2026-09-05T05:02:00.290444+00:00,1500,7628859801050,1920,1200
directshow_index_1,147,173281578000000,173281578000000,173281578000000,2026-09-05T05:02:00.299102+00:00,,,640,480
daheng_sn_FDE23080341,135,173281640000000,173281640000000,173281640000000,2026-09-05T05:02:00.384938+00:00,1512,7628952018650,1920,1200
directshow_index_1,148,173281671000000,173281671000000,173281671000000,2026-09-05T05:02:00.395606+00:00,,,640,480
daheng_sn_FDE23080341,136,173281734000000,173281734000000,173281734000000,2026-09-05T05:02:00.477427+00:00,1524,7629044236250,1920,1200
directshow_index_1,149,173281765000000,173281765000000,173281765000000,2026-09-05T05:02:00.485042+00:00,,,640,480
daheng_sn_FDE23080341,137,173281828000000,173281828000000,173281828000000,2026-09-05T05:02:00.575145+00:00,1536,7629136453850,1920,1200
directshow_index_1,150,173281859000000,173281859000000,173281859000000,2026-09-05T05:02:00.581182+00:00,,,640,480
daheng_sn_FDE23080341,138,173281921000000,173281921000000,173281921000000,2026-09-05T05:02:00.664700+00:00,1549,7629236356250,1920,1200
directshow_index_1,151,173281953000000,173281953000000,173281953000000,2026-09-05T05:02:00.677925+00:00,,,640,480
daheng_sn_FDE23080341,139,173282015000000,173282015000000,173282015000000,2026-09-05T05:02:00.759748+00:00,1561,7629328573850,1920,1200
directshow_index_1,152,173282046000000,173282046000000,173282046000000,2026-09-05T05:02:00.768106+00:00,,,640,480
daheng_sn_FDE23080341,140,173282109000000,173282109000000,173282109000000,2026-09-05T05:02:00.852901+00:00,1573,7629420791450,1920,1200
directshow_index_1,153,173282140000000,173282140000000,173282140000000,2026-09-05T05:02:00.862619+00:00,,,640,480
daheng_sn_FDE23080341,141,173282203000000,173282203000000,173282203000000,2026-09-05T05:02:00.942781+00:00,1585,7629513009050,1920,1200
directshow_index_1,154,173282234000000,173282234000000,173282234000000,2026-09-05T05:02:00.954412+00:00,,,640,480
daheng_sn_FDE23080341,142,173282296000000,173282296000000,173282296000000,2026-09-05T05:02:01.037682+00:00,1597,7629605226650,1920,1200
directshow_index_1,155,173282328000000,173282328000000,173282328000000,2026-09-05T05:02:01.050790+00:00,,,640,480
daheng_sn_FDE23080341,143,173282390000000,173282390000000,173282390000000,2026-09-05T05:02:01.133369+00:00,1610,7629705129050,1920,1200
directshow_index_1,156,173282421000000,173282421000000,173282421000000,2026-09-05T05:02:01.142872+00:00,,,640,480
daheng_sn_FDE23080341,144,173282484000000,173282484000000,173282484000000,2026-09-05T05:02:01.222490+00:00,1622,7629797346650,1920,1200
directshow_index_1,157,173282515000000,173282515000000,173282515000000,2026-09-05T05:02:01.238997+00:00,,,640,480
daheng_sn_FDE23080341,145,173282578000000,173282578000000,173282578000000,2026-09-05T05:02:01.316659+00:00,1634,7629889564250,1920,1200
directshow_index_1,158,173282609000000,173282609000000,173282609000000,2026-09-05T05:02:01.328769+00:00,,,640,480
daheng_sn_FDE23080341,146,173282671000000,173282671000000,173282671000000,2026-09-05T05:02:01.410130+00:00,1646,7629981781850,1920,1200
directshow_index_1,159,173282703000000,173282703000000,173282703000000,2026-09-05T05:02:01.425190+00:00,,,640,480
daheng_sn_FDE23080341,147,173282765000000,173282765000000,173282765000000,2026-09-05T05:02:01.508993+00:00,1658,7630073999450,1920,1200
directshow_index_1,160,173282796000000,173282796000000,173282796000000,2026-09-05T05:02:01.521496+00:00,,,640,480
daheng_sn_FDE23080341,148,173282859000000,173282859000000,173282859000000,2026-09-05T05:02:01.597182+00:00,1671,7630173901850,1920,1200
directshow_index_1,161,173282890000000,173282890000000,173282890000000,2026-09-05T05:02:01.609852+00:00,,,640,480
daheng_sn_FDE23080341,149,173282953000000,173282953000000,173282953000000,2026-09-05T05:02:01.695515+00:00,1683,7630266119450,1920,1200
directshow_index_1,162,173282984000000,173282984000000,173282984000000,2026-09-05T05:02:01.705158+00:00,,,640,480
daheng_sn_FDE23080341,150,173283046000000,173283046000000,173283046000000,2026-09-05T05:02:01.792145+00:00,1695,7630358337050,1920,1200
directshow_index_1,163,173283078000000,173283078000000,173283078000000,2026-09-05T05:02:01.800558+00:00,,,640,480
daheng_sn_FDE23080341,151,173283140000000,173283140000000,173283140000000,2026-09-05T05:02:01.892855+00:00,1707,7630450554650,1920,1200
directshow_index_1,164,173283171000000,173283171000000,173283171000000,2026-09-05T05:02:01.892855+00:00,,,640,480
daheng_sn_FDE23080341,152,173283234000000,173283234000000,173283234000000,2026-09-05T05:02:01.986622+00:00,1719,7630542772250,1920,1200
directshow_index_1,165,173283265000000,173283265000000,173283265000000,2026-09-05T05:02:01.990619+00:00,,,640,480
daheng_sn_FDE23080341,153,173283328000000,173283328000000,173283328000000,2026-09-05T05:02:02.085244+00:00,1731,7630634989850,1920,1200
directshow_index_1,166,173283359000000,173283359000000,173283359000000,2026-09-05T05:02:02.086243+00:00,,,640,480
daheng_sn_FDE23080341,154,173283421000000,173283421000000,173283421000000,2026-09-05T05:02:02.174681+00:00,1744,7630734892250,1920,1200
directshow_index_1,167,173283453000000,173283453000000,173283453000000,2026-09-05T05:02:02.178682+00:00,,,640,480
daheng_sn_FDE23080341,155,173283515000000,173283515000000,173283515000000,2026-09-05T05:02:02.263721+00:00,1756,7630827109850,1920,1200
directshow_index_1,168,173283546000000,173283546000000,173283546000000,2026-09-05T05:02:02.271208+00:00,,,640,480
daheng_sn_FDE23080341,156,173283609000000,173283609000000,173283609000000,2026-09-05T05:02:02.359607+00:00,1768,7630919327450,1920,1200
directshow_index_1,169,173283640000000,173283640000000,173283640000000,2026-09-05T05:02:02.360616+00:00,,,640,480
daheng_sn_FDE23080341,157,173283703000000,173283703000000,173283703000000,2026-09-05T05:02:02.450404+00:00,1780,7631011545050,1920,1200
directshow_index_1,170,173283734000000,173283734000000,173283734000000,2026-09-05T05:02:02.458049+00:00,,,640,480
daheng_sn_FDE23080341,158,173283796000000,173283796000000,173283796000000,2026-09-05T05:02:02.546731+00:00,1793,7631111447450,1920,1200
directshow_index_1,171,173283828000000,173283828000000,173283828000000,2026-09-05T05:02:02.551737+00:00,,,640,480
daheng_sn_FDE23080341,159,173283890000000,173283890000000,173283890000000,2026-09-05T05:02:02.637017+00:00,1804,7631195980250,1920,1200
directshow_index_1,172,173283921000000,173283921000000,173283921000000,2026-09-05T05:02:02.642646+00:00,,,640,480
daheng_sn_FDE23080341,160,173283984000000,173283984000000,173283984000000,2026-09-05T05:02:02.728285+00:00,1817,7631295882650,1920,1200
directshow_index_1,173,173284015000000,173284015000000,173284015000000,2026-09-05T05:02:02.737289+00:00,,,640,480
daheng_sn_FDE23080341,161,173284078000000,173284078000000,173284078000000,2026-09-05T05:02:02.822483+00:00,1829,7631388100250,1920,1200
directshow_index_1,174,173284109000000,173284109000000,173284109000000,2026-09-05T05:02:02.834202+00:00,,,640,480
daheng_sn_FDE23080341,162,173284171000000,173284171000000,173284171000000,2026-09-05T05:02:02.915251+00:00,1842,7631488002650,1920,1200
directshow_index_1,175,173284203000000,173284203000000,173284203000000,2026-09-05T05:02:02.923655+00:00,,,640,480
daheng_sn_FDE23080341,163,173284265000000,173284265000000,173284265000000,2026-09-05T05:02:03.013901+00:00,1853,7631572535450,1920,1200
directshow_index_1,176,173284296000000,173284296000000,173284296000000,2026-09-05T05:02:03.021022+00:00,,,640,480
daheng_sn_FDE23080341,164,173284359000000,173284359000000,173284359000000,2026-09-05T05:02:03.105975+00:00,1866,7631672437850,1920,1200
directshow_index_1,177,173284390000000,173284390000000,173284390000000,2026-09-05T05:02:03.109972+00:00,,,640,480
daheng_sn_FDE23080341,165,173284453000000,173284453000000,173284453000000,2026-09-05T05:02:03.201223+00:00,1878,7631764655450,1920,1200
directshow_index_1,178,173284484000000,173284484000000,173284484000000,2026-09-05T05:02:03.206596+00:00,,,640,480
daheng_sn_FDE23080341,166,173284546000000,173284546000000,173284546000000,2026-09-05T05:02:03.291910+00:00,1890,7631856873050,1920,1200
directshow_index_1,179,173284578000000,173284578000000,173284578000000,2026-09-05T05:02:03.302852+00:00,,,640,480
daheng_sn_FDE23080341,167,173284640000000,173284640000000,173284640000000,2026-09-05T05:02:03.382185+00:00,1903,7631956775450,1920,1200
directshow_index_1,180,173284671000000,173284671000000,173284671000000,2026-09-05T05:02:03.391230+00:00,,,640,480
daheng_sn_FDE23080341,168,173284734000000,173284734000000,173284734000000,2026-09-05T05:02:03.481921+00:00,1914,7632041308250,1920,1200
directshow_index_1,181,173284765000000,173284765000000,173284765000000,2026-09-05T05:02:03.486391+00:00,,,640,480
daheng_sn_FDE23080341,169,173284828000000,173284828000000,173284828000000,2026-09-05T05:02:03.575597+00:00,1927,7632141210650,1920,1200
directshow_index_1,182,173284859000000,173284859000000,173284859000000,2026-09-05T05:02:03.584597+00:00,,,640,480
daheng_sn_FDE23080341,170,173284921000000,173284921000000,173284921000000,2026-09-05T05:02:03.666341+00:00,1939,7632233428250,1920,1200
directshow_index_1,183,173284953000000,173284953000000,173284953000000,2026-09-05T05:02:03.675092+00:00,,,640,480
daheng_sn_FDE23080341,171,173285015000000,173285015000000,173285015000000,2026-09-05T05:02:03.756916+00:00,1951,7632325645850,1920,1200
directshow_index_1,184,173285046000000,173285046000000,173285046000000,2026-09-05T05:02:03.772114+00:00,,,640,480
daheng_sn_FDE23080341,172,173285109000000,173285109000000,173285109000000,2026-09-05T05:02:03.856714+00:00,1963,7632417863450,1920,1200
directshow_index_1,185,173285140000000,173285140000000,173285140000000,2026-09-05T05:02:03.861711+00:00,,,640,480
daheng_sn_FDE23080341,173,173285203000000,173285203000000,173285203000000,2026-09-05T05:02:03.947026+00:00,1975,7632510081050,1920,1200
directshow_index_1,186,173285234000000,173285234000000,173285234000000,2026-09-05T05:02:03.958370+00:00,,,640,480
daheng_sn_FDE23080341,174,173285296000000,173285296000000,173285296000000,2026-09-05T05:02:04.039733+00:00,1988,7632609983450,1920,1200
directshow_index_1,187,173285328000000,173285328000000,173285328000000,2026-09-05T05:02:04.048881+00:00,,,640,480
daheng_sn_FDE23080341,175,173285390000000,173285390000000,173285390000000,2026-09-05T05:02:04.136894+00:00,2000,7632702201050,1920,1200
directshow_index_1,188,173285421000000,173285421000000,173285421000000,2026-09-05T05:02:04.144513+00:00,,,640,480
daheng_sn_FDE23080341,176,173285484000000,173285484000000,173285484000000,2026-09-05T05:02:04.226546+00:00,2012,7632794418650,1920,1200
directshow_index_1,189,173285515000000,173285515000000,173285515000000,2026-09-05T05:02:04.235236+00:00,,,640,480
daheng_sn_FDE23080341,177,173285578000000,173285578000000,173285578000000,2026-09-05T05:02:04.324296+00:00,2025,7632894321050,1920,1200
directshow_index_1,190,173285609000000,173285609000000,173285609000000,2026-09-05T05:02:04.331639+00:00,,,640,480
daheng_sn_FDE23080341,178,173285671000000,173285671000000,173285671000000,2026-09-05T05:02:04.413947+00:00,2036,7632978853850,1920,1200
directshow_index_1,191,173285703000000,173285703000000,173285703000000,2026-09-05T05:02:04.427399+00:00,,,640,480
daheng_sn_FDE23080341,179,173285765000000,173285765000000,173285765000000,2026-09-05T05:02:04.512569+00:00,2049,7633078756250,1920,1200
directshow_index_1,192,173285796000000,173285796000000,173285796000000,2026-09-05T05:02:04.518740+00:00,,,640,480
daheng_sn_FDE23080341,180,173285859000000,173285859000000,173285859000000,2026-09-05T05:02:04.608063+00:00,2061,7633170973850,1920,1200
directshow_index_1,193,173285890000000,173285890000000,173285890000000,2026-09-05T05:02:04.613878+00:00,,,640,480
daheng_sn_FDE23080341,181,173285953000000,173285953000000,173285953000000,2026-09-05T05:02:04.698882+00:00,2073,7633263191450,1920,1200
directshow_index_1,194,173285984000000,173285984000000,173285984000000,2026-09-05T05:02:04.705127+00:00,,,640,480
daheng_sn_FDE23080341,182,173286046000000,173286046000000,173286046000000,2026-09-05T05:02:04.789526+00:00,2085,7633355409050,1920,1200
directshow_index_1,195,173286078000000,173286078000000,173286078000000,2026-09-05T05:02:04.801384+00:00,,,640,480
daheng_sn_FDE23080341,183,173286140000000,173286140000000,173286140000000,2026-09-05T05:02:04.884515+00:00,2098,7633455311450,1920,1200
directshow_index_1,196,173286171000000,173286171000000,173286171000000,2026-09-05T05:02:04.892597+00:00,,,640,480
daheng_sn_FDE23080341,184,173286234000000,173286234000000,173286234000000,2026-09-05T05:02:04.982152+00:00,2110,7633547529050,1920,1200
directshow_index_1,197,173286265000000,173286265000000,173286265000000,2026-09-05T05:02:04.989678+00:00,,,640,480
daheng_sn_FDE23080341,185,173286328000000,173286328000000,173286328000000,2026-09-05T05:02:05.071484+00:00,2122,7633639746650,1920,1200
directshow_index_1,198,173286359000000,173286359000000,173286359000000,2026-09-05T05:02:05.080486+00:00,,,640,480
daheng_sn_FDE23080341,186,173286421000000,173286421000000,173286421000000,2026-09-05T05:02:05.162993+00:00,2134,7633731964250,1920,1200
directshow_index_1,199,173286453000000,173286453000000,173286453000000,2026-09-05T05:02:05.176146+00:00,,,640,480
daheng_sn_FDE23080341,187,173286515000000,173286515000000,173286515000000,2026-09-05T05:02:05.257301+00:00,2146,7633824181850,1920,1200
directshow_index_1,200,173286546000000,173286546000000,173286546000000,2026-09-05T05:02:05.266305+00:00,,,640,480
daheng_sn_FDE23080341,188,173286609000000,173286609000000,173286609000000,2026-09-05T05:02:05.349962+00:00,2159,7633924084250,1920,1200
directshow_index_1,201,173286640000000,173286640000000,173286640000000,2026-09-05T05:02:05.358957+00:00,,,640,480
daheng_sn_FDE23080341,189,173286703000000,173286703000000,173286703000000,2026-09-05T05:02:05.445506+00:00,2171,7634016301850,1920,1200
directshow_index_1,202,173286734000000,173286734000000,173286734000000,2026-09-05T05:02:05.455045+00:00,,,640,480
daheng_sn_FDE23080341,190,173286796000000,173286796000000,173286796000000,2026-09-05T05:02:05.541941+00:00,2183,7634108519450,1920,1200
directshow_index_1,203,173286828000000,173286828000000,173286828000000,2026-09-05T05:02:05.552453+00:00,,,640,480
daheng_sn_FDE23080341,191,173286890000000,173286890000000,173286890000000,2026-09-05T05:02:05.628013+00:00,2195,7634200737050,1920,1200
directshow_index_1,204,173286921000000,173286921000000,173286921000000,2026-09-05T05:02:05.640850+00:00,,,640,480
daheng_sn_FDE23080341,192,173286984000000,173286984000000,173286984000000,2026-09-05T05:02:05.724340+00:00,2208,7634300639450,1920,1200
directshow_index_1,205,173287015000000,173287015000000,173287015000000,2026-09-05T05:02:05.736409+00:00,,,640,480
daheng_sn_FDE23080341,193,173287078000000,173287078000000,173287078000000,2026-09-05T05:02:05.823184+00:00,2219,7634385172250,1920,1200
directshow_index_1,206,173287109000000,173287109000000,173287109000000,2026-09-05T05:02:05.831697+00:00,,,640,480
daheng_sn_FDE23080341,194,173287171000000,173287171000000,173287171000000,2026-09-05T05:02:05.915620+00:00,2232,7634485074650,1920,1200
directshow_index_1,207,173287203000000,173287203000000,173287203000000,2026-09-05T05:02:05.923891+00:00,,,640,480
daheng_sn_FDE23080341,195,173287265000000,173287265000000,173287265000000,2026-09-05T05:02:06.016195+00:00,2244,7634577292250,1920,1200
directshow_index_1,208,173287296000000,173287296000000,173287296000000,2026-09-05T05:02:06.017194+00:00,,,640,480
daheng_sn_FDE23080341,196,173287359000000,173287359000000,173287359000000,2026-09-05T05:02:06.111741+00:00,2256,7634669509850,1920,1200
directshow_index_1,209,173287390000000,173287390000000,173287390000000,2026-09-05T05:02:06.113742+00:00,,,640,480
daheng_sn_FDE23080341,197,173287453000000,173287453000000,173287453000000,2026-09-05T05:02:06.203450+00:00,2268,7634761727450,1920,1200
directshow_index_1,210,173287484000000,173287484000000,173287484000000,2026-09-05T05:02:06.210384+00:00,,,640,480
daheng_sn_FDE23080341,198,173287546000000,173287546000000,173287546000000,2026-09-05T05:02:06.293697+00:00,2280,7634853945050,1920,1200
directshow_index_1,211,173287578000000,173287578000000,173287578000000,2026-09-05T05:02:06.299913+00:00,,,640,480
daheng_sn_FDE23080341,199,173287640000000,173287640000000,173287640000000,2026-09-05T05:02:06.386939+00:00,2293,7634953847450,1920,1200
directshow_index_1,212,173287671000000,173287671000000,173287671000000,2026-09-05T05:02:06.396937+00:00,,,640,480
daheng_sn_FDE23080341,200,173287734000000,173287734000000,173287734000000,2026-09-05T05:02:06.481752+00:00,2305,7635046065050,1920,1200
directshow_index_1,213,173287765000000,173287765000000,173287765000000,2026-09-05T05:02:06.487907+00:00,,,640,480
daheng_sn_FDE23080341,201,173287828000000,173287828000000,173287828000000,2026-09-05T05:02:06.575467+00:00,2317,7635138282650,1920,1200
directshow_index_1,214,173287859000000,173287859000000,173287859000000,2026-09-05T05:02:06.584473+00:00,,,640,480
daheng_sn_FDE23080341,202,173287921000000,173287921000000,173287921000000,2026-09-05T05:02:06.667008+00:00,2329,7635230500250,1920,1200
directshow_index_1,215,173287953000000,173287953000000,173287953000000,2026-09-05T05:02:06.676808+00:00,,,640,480
daheng_sn_FDE23080341,203,173288015000000,173288015000000,173288015000000,2026-09-05T05:02:06.756672+00:00,2341,7635322717850,1920,1200
directshow_index_1,216,173288046000000,173288046000000,173288046000000,2026-09-05T05:02:06.766672+00:00,,,640,480
daheng_sn_FDE23080341,204,173288109000000,173288109000000,173288109000000,2026-09-05T05:02:06.855851+00:00,2354,7635422620250,1920,1200
directshow_index_1,217,173288140000000,173288140000000,173288140000000,2026-09-05T05:02:06.863075+00:00,,,640,480
daheng_sn_FDE23080341,205,173288203000000,173288203000000,173288203000000,2026-09-05T05:02:06.945826+00:00,2366,7635514837850,1920,1200
directshow_index_1,218,173288234000000,173288234000000,173288234000000,2026-09-05T05:02:06.959344+00:00,,,640,480
daheng_sn_FDE23080341,206,173288296000000,173288296000000,173288296000000,2026-09-05T05:02:07.043246+00:00,2378,7635607055450,1920,1200
directshow_index_1,219,173288328000000,173288328000000,173288328000000,2026-09-05T05:02:07.049471+00:00,,,640,480
daheng_sn_FDE23080341,207,173288390000000,173288390000000,173288390000000,2026-09-05T05:02:07.133476+00:00,2390,7635699273050,1920,1200
directshow_index_1,220,173288421000000,173288421000000,173288421000000,2026-09-05T05:02:07.147476+00:00,,,640,480
daheng_sn_FDE23080341,208,173288484000000,173288484000000,173288484000000,2026-09-05T05:02:07.232668+00:00,2402,7635791490650,1920,1200
directshow_index_1,221,173288515000000,173288515000000,173288515000000,2026-09-05T05:02:07.238673+00:00,,,640,480
daheng_sn_FDE23080341,209,173288578000000,173288578000000,173288578000000,2026-09-05T05:02:07.324510+00:00,2414,7635883708250,1920,1200
directshow_index_1,222,173288609000000,173288609000000,173288609000000,2026-09-05T05:02:07.329500+00:00,,,640,480
daheng_sn_FDE23080341,210,173288671000000,173288671000000,173288671000000,2026-09-05T05:02:07.416707+00:00,2427,7635983610650,1920,1200
directshow_index_1,223,173288703000000,173288703000000,173288703000000,2026-09-05T05:02:07.425713+00:00,,,640,480
daheng_sn_FDE23080341,211,173288765000000,173288765000000,173288765000000,2026-09-05T05:02:07.507916+00:00,2439,7636075828250,1920,1200
directshow_index_1,224,173288796000000,173288796000000,173288796000000,2026-09-05T05:02:07.517032+00:00,,,640,480
daheng_sn_FDE23080341,212,173288859000000,173288859000000,173288859000000,2026-09-05T05:02:07.607164+00:00,2451,7636168045850,1920,1200
directshow_index_1,225,173288890000000,173288890000000,173288890000000,2026-09-05T05:02:07.612163+00:00,,,640,480
daheng_sn_FDE23080341,213,173288953000000,173288953000000,173288953000000,2026-09-05T05:02:07.698558+00:00,2464,7636267948250,1920,1200
directshow_index_1,226,173288984000000,173288984000000,173288984000000,2026-09-05T05:02:07.703557+00:00,,,640,480
daheng_sn_FDE23080341,214,173289046000000,173289046000000,173289046000000,2026-09-05T05:02:07.789517+00:00,2475,7636352481050,1920,1200
directshow_index_1,227,173289078000000,173289078000000,173289078000000,2026-09-05T05:02:07.799521+00:00,,,640,480
daheng_sn_FDE23080341,215,173289140000000,173289140000000,173289140000000,2026-09-05T05:02:07.887283+00:00,2488,7636452383450,1920,1200
directshow_index_1,228,173289171000000,173289171000000,173289171000000,2026-09-05T05:02:07.897284+00:00,,,640,480
daheng_sn_FDE23080341,216,173289234000000,173289234000000,173289234000000,2026-09-05T05:02:07.977651+00:00,2500,7636544601050,1920,1200
directshow_index_1,229,173289265000000,173289265000000,173289265000000,2026-09-05T05:02:07.986652+00:00,,,640,480
daheng_sn_FDE23080341,217,173289328000000,173289328000000,173289328000000,2026-09-05T05:02:08.071602+00:00,2513,7636644503450,1920,1200
directshow_index_1,230,173289359000000,173289359000000,173289359000000,2026-09-05T05:02:08.078601+00:00,,,640,480
daheng_sn_FDE23080341,218,173289421000000,173289421000000,173289421000000,2026-09-05T05:02:08.166141+00:00,2524,7636729036250,1920,1200
directshow_index_1,231,173289453000000,173289453000000,173289453000000,2026-09-05T05:02:08.174934+00:00,,,640,480
daheng_sn_FDE23080341,219,173289515000000,173289515000000,173289515000000,2026-09-05T05:02:08.257606+00:00,2537,7636828938650,1920,1200
directshow_index_1,232,173289546000000,173289546000000,173289546000000,2026-09-05T05:02:08.266606+00:00,,,640,480
daheng_sn_FDE23080341,220,173289609000000,173289609000000,173289609000000,2026-09-05T05:02:08.354228+00:00,2549,7636921156250,1920,1200
directshow_index_1,233,173289640000000,173289640000000,173289640000000,2026-09-05T05:02:08.361228+00:00,,,640,480
daheng_sn_FDE23080341,221,173289703000000,173289703000000,173289703000000,2026-09-05T05:02:08.445786+00:00,2561,7637013373850,1920,1200
directshow_index_1,234,173289734000000,173289734000000,173289734000000,2026-09-05T05:02:08.456787+00:00,,,640,480
directshow_index_1,235,173289828000000,173289828000000,173289828000000,2026-09-05T05:02:08.547577+00:00,,,640,480
daheng_sn_FDE23080341,222,173289796000000,173289796000000,173289796000000,2026-09-05T05:02:08.550577+00:00,2573,7637105591450,1920,1200
daheng_sn_FDE23080341,223,173289890000000,173289890000000,173289890000000,2026-09-05T05:02:08.642294+00:00,2586,7637205493850,1920,1200
directshow_index_1,236,173289921000000,173289921000000,173289921000000,2026-09-05T05:02:08.646045+00:00,,,640,480
daheng_sn_FDE23080341,224,173289984000000,173289984000000,173289984000000,2026-09-05T05:02:08.726435+00:00,2598,7637297711450,1920,1200
directshow_index_1,237,173290015000000,173290015000000,173290015000000,2026-09-05T05:02:08.735955+00:00,,,640,480
daheng_sn_FDE23080341,225,173290078000000,173290078000000,173290078000000,2026-09-05T05:02:08.821296+00:00,2610,7637389929050,1920,1200
directshow_index_1,238,173290109000000,173290109000000,173290109000000,2026-09-05T05:02:08.833812+00:00,,,640,480
daheng_sn_FDE23080341,226,173290171000000,173290171000000,173290171000000,2026-09-05T05:02:08.919258+00:00,2622,7637482146650,1920,1200
directshow_index_1,239,173290203000000,173290203000000,173290203000000,2026-09-05T05:02:08.921995+00:00,,,640,480
daheng_sn_FDE23080341,227,173290265000000,173290265000000,173290265000000,2026-09-05T05:02:09.008008+00:00,2634,7637574364250,1920,1200
directshow_index_1,240,173290296000000,173290296000000,173290296000000,2026-09-05T05:02:09.020024+00:00,,,640,480
daheng_sn_FDE23080341,228,173290359000000,173290359000000,173290359000000,2026-09-05T05:02:09.105121+00:00,2646,7637666581850,1920,1200
directshow_index_1,241,173290390000000,173290390000000,173290390000000,2026-09-05T05:02:09.111122+00:00,,,640,480
daheng_sn_FDE23080341,229,173290453000000,173290453000000,173290453000000,2026-09-05T05:02:09.197454+00:00,2659,7637766484250,1920,1200
directshow_index_1,242,173290484000000,173290484000000,173290484000000,2026-09-05T05:02:09.208447+00:00,,,640,480
daheng_sn_FDE23080341,230,173290546000000,173290546000000,173290546000000,2026-09-05T05:02:09.284747+00:00,2671,7637858701850,1920,1200
directshow_index_1,243,173290578000000,173290578000000,173290578000000,2026-09-05T05:02:09.298747+00:00,,,640,480
daheng_sn_FDE23080341,231,173290640000000,173290640000000,173290640000000,2026-09-05T05:02:09.381557+00:00,2683,7637950919450,1920,1200
directshow_index_1,244,173290671000000,173290671000000,173290671000000,2026-09-05T05:02:09.395869+00:00,,,640,480
daheng_sn_FDE23080341,232,173290734000000,173290734000000,173290734000000,2026-09-05T05:02:09.478927+00:00,2695,7638043137050,1920,1200
directshow_index_1,245,173290765000000,173290765000000,173290765000000,2026-09-05T05:02:09.485926+00:00,,,640,480
daheng_sn_FDE23080341,233,173290828000000,173290828000000,173290828000000,2026-09-05T05:02:09.566723+00:00,2708,7638143039450,1920,1200
directshow_index_1,246,173290859000000,173290859000000,173290859000000,2026-09-05T05:02:09.580808+00:00,,,640,480
daheng_sn_FDE23080341,234,173290921000000,173290921000000,173290921000000,2026-09-05T05:02:09.663406+00:00,2720,7638235257050,1920,1200
directshow_index_1,247,173290953000000,173290953000000,173290953000000,2026-09-05T05:02:09.676409+00:00,,,640,480
daheng_sn_FDE23080341,235,173291015000000,173291015000000,173291015000000,2026-09-05T05:02:09.757266+00:00,2732,7638327474650,1920,1200
directshow_index_1,248,173291046000000,173291046000000,173291046000000,2026-09-05T05:02:09.767264+00:00,,,640,480
daheng_sn_FDE23080341,236,173291109000000,173291109000000,173291109000000,2026-09-05T05:02:09.853052+00:00,2744,7638419692250,1920,1200
directshow_index_1,249,173291140000000,173291140000000,173291140000000,2026-09-05T05:02:09.861757+00:00,,,640,480
daheng_sn_FDE23080341,237,173291203000000,173291203000000,173291203000000,2026-09-05T05:02:09.947658+00:00,2757,7638519594650,1920,1200
directshow_index_1,250,173291234000000,173291234000000,173291234000000,2026-09-05T05:02:09.958658+00:00,,,640,480
daheng_sn_FDE23080341,238,173291296000000,173291296000000,173291296000000,2026-09-05T05:02:10.052094+00:00,2768,7638604127450,1920,1200
directshow_index_1,251,173291328000000,173291328000000,173291328000000,2026-09-05T05:02:10.052094+00:00,,,640,480
directshow_index_1,252,173291421000000,173291421000000,173291421000000,2026-09-05T05:02:10.146993+00:00,,,640,480
daheng_sn_FDE23080341,239,173291390000000,173291390000000,173291390000000,2026-09-05T05:02:10.158993+00:00,2781,7638704029850,1920,1200
daheng_sn_FDE23080341,240,173291484000000,173291484000000,173291484000000,2026-09-05T05:02:10.243758+00:00,2793,7638796247450,1920,1200
directshow_index_1,253,173291515000000,173291515000000,173291515000000,2026-09-05T05:02:10.244757+00:00,,,640,480
daheng_sn_FDE23080341,241,173291578000000,173291578000000,173291578000000,2026-09-05T05:02:10.337780+00:00,2805,7638888465050,1920,1200
directshow_index_1,254,173291609000000,173291609000000,173291609000000,2026-09-05T05:02:10.338398+00:00,,,640,480
daheng_sn_FDE23080341,242,173291671000000,173291671000000,173291671000000,2026-09-05T05:02:10.421222+00:00,2817,7638980682650,1920,1200
directshow_index_1,255,173291703000000,173291703000000,173291703000000,2026-09-05T05:02:10.424213+00:00,,,640,480
directshow_index_1,256,173291796000000,173291796000000,173291796000000,2026-09-05T05:02:10.519332+00:00,,,640,480
daheng_sn_FDE23080341,243,173291765000000,173291765000000,173291765000000,2026-09-05T05:02:10.523340+00:00,2830,7639080585050,1920,1200
directshow_index_1,257,173291890000000,173291890000000,173291890000000,2026-09-05T05:02:10.611124+00:00,,,640,480
daheng_sn_FDE23080341,244,173291859000000,173291859000000,173291859000000,2026-09-05T05:02:10.617122+00:00,2841,7639165117850,1920,1200
daheng_sn_FDE23080341,245,173291953000000,173291953000000,173291953000000,2026-09-05T05:02:10.701092+00:00,2854,7639265020250,1920,1200
directshow_index_1,258,173291984000000,173291984000000,173291984000000,2026-09-05T05:02:10.708093+00:00,,,640,480
daheng_sn_FDE23080341,246,173292046000000,173292046000000,173292046000000,2026-09-05T05:02:10.798090+00:00,2866,7639357237850,1920,1200
directshow_index_1,259,173292078000000,173292078000000,173292078000000,2026-09-05T05:02:10.803903+00:00,,,640,480
daheng_sn_FDE23080341,247,173292140000000,173292140000000,173292140000000,2026-09-05T05:02:10.890097+00:00,2879,7639457140250,1920,1200
directshow_index_1,260,173292171000000,173292171000000,173292171000000,2026-09-05T05:02:10.894305+00:00,,,640,480
daheng_sn_FDE23080341,248,173292234000000,173292234000000,173292234000000,2026-09-05T05:02:10.978290+00:00,2890,7639541673050,1920,1200
directshow_index_1,261,173292265000000,173292265000000,173292265000000,2026-09-05T05:02:10.986293+00:00,,,640,480
daheng_sn_FDE23080341,249,173292328000000,173292328000000,173292328000000,2026-09-05T05:02:11.073327+00:00,2902,7639633890650,1920,1200
directshow_index_1,262,173292359000000,173292359000000,173292359000000,2026-09-05T05:02:11.079758+00:00,,,640,480
daheng_sn_FDE23080341,250,173292421000000,173292421000000,173292421000000,2026-09-05T05:02:11.166910+00:00,2915,7639733793050,1920,1200
directshow_index_1,263,173292453000000,173292453000000,173292453000000,2026-09-05T05:02:11.176709+00:00,,,640,480
daheng_sn_FDE23080341,251,173292515000000,173292515000000,173292515000000,2026-09-05T05:02:11.259761+00:00,2927,7639826010650,1920,1200
directshow_index_1,264,173292546000000,173292546000000,173292546000000,2026-09-05T05:02:11.266761+00:00,,,640,480
daheng_sn_FDE23080341,252,173292609000000,173292609000000,173292609000000,2026-09-05T05:02:11.355740+00:00,2939,7639918228250,1920,1200
directshow_index_1,265,173292640000000,173292640000000,173292640000000,2026-09-05T05:02:11.363291+00:00,,,640,480
daheng_sn_FDE23080341,253,173292703000000,173292703000000,173292703000000,2026-09-05T05:02:11.449782+00:00,2951,7640010445850,1920,1200
directshow_index_1,266,173292734000000,173292734000000,173292734000000,2026-09-05T05:02:11.455786+00:00,,,640,480
daheng_sn_FDE23080341,254,173292796000000,173292796000000,173292796000000,2026-09-05T05:02:11.546877+00:00,2964,7640110348250,1920,1200
directshow_index_1,267,173292828000000,173292828000000,173292828000000,2026-09-05T05:02:11.547876+00:00,,,640,480
daheng_sn_FDE23080341,255,173292890000000,173292890000000,173292890000000,2026-09-05T05:02:11.634867+00:00,2976,7640202565850,1920,1200
directshow_index_1,268,173292921000000,173292921000000,173292921000000,2026-09-05T05:02:11.645333+00:00,,,640,480
daheng_sn_FDE23080341,256,173292984000000,173292984000000,173292984000000,2026-09-05T05:02:11.730799+00:00,2988,7640294783450,1920,1200
directshow_index_1,269,173293015000000,173293015000000,173293015000000,2026-09-05T05:02:11.735798+00:00,,,640,480
daheng_sn_FDE23080341,257,173293078000000,173293078000000,173293078000000,2026-09-05T05:02:11.830212+00:00,3000,7640387001050,1920,1200
directshow_index_1,270,173293109000000,173293109000000,173293109000000,2026-09-05T05:02:11.831220+00:00,,,640,480
daheng_sn_FDE23080341,258,173293171000000,173293171000000,173293171000000,2026-09-05T05:02:11.924992+00:00,3012,7640479218650,1920,1200
directshow_index_1,271,173293203000000,173293203000000,173293203000000,2026-09-05T05:02:11.928992+00:00,,,640,480
daheng_sn_FDE23080341,259,173293265000000,173293265000000,173293265000000,2026-09-05T05:02:12.013193+00:00,3024,7640571436250,1920,1200
directshow_index_1,272,173293296000000,173293296000000,173293296000000,2026-09-05T05:02:12.021094+00:00,,,640,480
daheng_sn_FDE23080341,260,173293359000000,173293359000000,173293359000000,2026-09-05T05:02:12.110200+00:00,3037,7640671338650,1920,1200
directshow_index_1,273,173293390000000,173293390000000,173293390000000,2026-09-05T05:02:12.110200+00:00,,,640,480
daheng_sn_FDE23080341,261,173293453000000,173293453000000,173293453000000,2026-09-05T05:02:12.204645+00:00,3049,7640763556250,1920,1200
directshow_index_1,274,173293484000000,173293484000000,173293484000000,2026-09-05T05:02:12.209163+00:00,,,640,480
daheng_sn_FDE23080341,262,173293546000000,173293546000000,173293546000000,2026-09-05T05:02:12.293980+00:00,3061,7640855773850,1920,1200
directshow_index_1,275,173293578000000,173293578000000,173293578000000,2026-09-05T05:02:12.300599+00:00,,,640,480
daheng_sn_FDE23080341,263,173293640000000,173293640000000,173293640000000,2026-09-05T05:02:12.393362+00:00,3073,7640947991450,1920,1200
directshow_index_1,276,173293671000000,173293671000000,173293671000000,2026-09-05T05:02:12.394365+00:00,,,640,480
daheng_sn_FDE23080341,264,173293734000000,173293734000000,173293734000000,2026-09-05T05:02:12.487404+00:00,3086,7641047893850,1920,1200
directshow_index_1,277,173293765000000,173293765000000,173293765000000,2026-09-05T05:02:12.490402+00:00,,,640,480
daheng_sn_FDE23080341,265,173293828000000,173293828000000,173293828000000,2026-09-05T05:02:12.580219+00:00,3098,7641140111450,1920,1200
directshow_index_1,278,173293859000000,173293859000000,173293859000000,2026-09-05T05:02:12.583218+00:00,,,640,480
daheng_sn_FDE23080341,266,173293921000000,173293921000000,173293921000000,2026-09-05T05:02:12.669310+00:00,3110,7641232329050,1920,1200
directshow_index_1,279,173293953000000,173293953000000,173293953000000,2026-09-05T05:02:12.675312+00:00,,,640,480
daheng_sn_FDE23080341,267,173294015000000,173294015000000,173294015000000,2026-09-05T05:02:12.764697+00:00,3122,7641324546650,1920,1200
directshow_index_1,280,173294046000000,173294046000000,173294046000000,2026-09-05T05:02:12.772689+00:00,,,640,480
daheng_sn_FDE23080341,268,173294109000000,173294109000000,173294109000000,2026-09-05T05:02:12.863218+00:00,3135,7641424449050,1920,1200
directshow_index_1,281,173294140000000,173294140000000,173294140000000,2026-09-05T05:02:12.864217+00:00,,,640,480
daheng_sn_FDE23080341,269,173294203000000,173294203000000,173294203000000,2026-09-05T05:02:12.954752+00:00,3147,7641516666650,1920,1200
directshow_index_1,282,173294234000000,173294234000000,173294234000000,2026-09-05T05:02:12.962409+00:00,,,640,480
daheng_sn_FDE23080341,270,173294296000000,173294296000000,173294296000000,2026-09-05T05:02:13.047254+00:00,3159,7641608884250,1920,1200
directshow_index_1,283,173294328000000,173294328000000,173294328000000,2026-09-05T05:02:13.052248+00:00,,,640,480
daheng_sn_FDE23080341,271,173294390000000,173294390000000,173294390000000,2026-09-05T05:02:13.139630+00:00,3171,7641701101850,1920,1200
directshow_index_1,284,173294421000000,173294421000000,173294421000000,2026-09-05T05:02:13.143155+00:00,,,640,480
daheng_sn_FDE23080341,272,173294484000000,173294484000000,173294484000000,2026-09-05T05:02:13.232436+00:00,3183,7641793319450,1920,1200
directshow_index_1,285,173294515000000,173294515000000,173294515000000,2026-09-05T05:02:13.236435+00:00,,,640,480
daheng_sn_FDE23080341,273,173294578000000,173294578000000,173294578000000,2026-09-05T05:02:13.330993+00:00,3195,7641885537050,1920,1200
directshow_index_1,286,173294609000000,173294609000000,173294609000000,2026-09-05T05:02:13.331987+00:00,,,640,480
daheng_sn_FDE23080341,274,173294671000000,173294671000000,173294671000000,2026-09-05T05:02:13.420482+00:00,3208,7641985439450,1920,1200
directshow_index_1,287,173294703000000,173294703000000,173294703000000,2026-09-05T05:02:13.424490+00:00,,,640,480
daheng_sn_FDE23080341,275,173294765000000,173294765000000,173294765000000,2026-09-05T05:02:13.511324+00:00,3220,7642077657050,1920,1200
directshow_index_1,288,173294796000000,173294796000000,173294796000000,2026-09-05T05:02:13.519324+00:00,,,640,480
daheng_sn_FDE23080341,276,173294859000000,173294859000000,173294859000000,2026-09-05T05:02:13.606699+00:00,3232,7642169874650,1920,1200
directshow_index_1,289,173294890000000,173294890000000,173294890000000,2026-09-05T05:02:13.614228+00:00,,,640,480
daheng_sn_FDE23080341,277,173294953000000,173294953000000,173294953000000,2026-09-05T05:02:13.699884+00:00,3244,7642262092250,1920,1200
directshow_index_1,290,173294984000000,173294984000000,173294984000000,2026-09-05T05:02:13.705890+00:00,,,640,480
daheng_sn_FDE23080341,278,173295046000000,173295046000000,173295046000000,2026-09-05T05:02:13.794066+00:00,3256,7642354309850,1920,1200
directshow_index_1,291,173295078000000,173295078000000,173295078000000,2026-09-05T05:02:13.802779+00:00,,,640,480
daheng_sn_FDE23080341,279,173295140000000,173295140000000,173295140000000,2026-09-05T05:02:13.893661+00:00,3269,7642454212250,1920,1200
directshow_index_1,292,173295171000000,173295171000000,173295171000000,2026-09-05T05:02:13.894660+00:00,,,640,480
daheng_sn_FDE23080341,280,173295234000000,173295234000000,173295234000000,2026-09-05T05:02:13.978108+00:00,3281,7642546429850,1920,1200
directshow_index_1,293,173295265000000,173295265000000,173295265000000,2026-09-05T05:02:13.984622+00:00,,,640,480
daheng_sn_FDE23080341,281,173295328000000,173295328000000,173295328000000,2026-09-05T05:02:14.074903+00:00,3293,7642638647450,1920,1200
directshow_index_1,294,173295359000000,173295359000000,173295359000000,2026-09-05T05:02:14.080903+00:00,,,640,480
daheng_sn_FDE23080341,282,173295421000000,173295421000000,173295421000000,2026-09-05T05:02:14.175973+00:00,3305,7642730865050,1920,1200
directshow_index_1,295,173295453000000,173295453000000,173295453000000,2026-09-05T05:02:14.176969+00:00,,,640,480
daheng_sn_FDE23080341,283,173295515000000,173295515000000,173295515000000,2026-09-05T05:02:14.262310+00:00,3317,7642823082650,1920,1200
directshow_index_1,296,173295546000000,173295546000000,173295546000000,2026-09-05T05:02:14.267313+00:00,,,640,480
daheng_sn_FDE23080341,284,173295609000000,173295609000000,173295609000000,2026-09-05T05:02:14.353748+00:00,3330,7642922985050,1920,1200
directshow_index_1,297,173295640000000,173295640000000,173295640000000,2026-09-05T05:02:14.361349+00:00,,,640,480
daheng_sn_FDE23080341,285,173295703000000,173295703000000,173295703000000,2026-09-05T05:02:14.455845+00:00,3342,7643015202650,1920,1200
directshow_index_1,298,173295734000000,173295734000000,173295734000000,2026-09-05T05:02:14.460845+00:00,,,640,480
directshow_index_1,299,173295828000000,173295828000000,173295828000000,2026-09-05T05:02:14.554365+00:00,,,640,480
daheng_sn_FDE23080341,286,173295796000000,173295796000000,173295796000000,2026-09-05T05:02:14.560162+00:00,3354,7643107420250,1920,1200
directshow_index_1,300,173295921000000,173295921000000,173295921000000,2026-09-05T05:02:14.650600+00:00,,,640,480
daheng_sn_FDE23080341,287,173295890000000,173295890000000,173295890000000,2026-09-05T05:02:14.662091+00:00,3366,7643199637850,1920,1200
daheng_sn_FDE23080341,288,173295984000000,173295984000000,173295984000000,2026-09-05T05:02:14.739168+00:00,3379,7643299540250,1920,1200
directshow_index_1,301,173296015000000,173296015000000,173296015000000,2026-09-05T05:02:14.740169+00:00,,,640,480
directshow_index_1,302,173296109000000,173296109000000,173296109000000,2026-09-05T05:02:14.832055+00:00,,,640,480
daheng_sn_FDE23080341,289,173296078000000,173296078000000,173296078000000,2026-09-05T05:02:14.838230+00:00,3391,7643391757850,1920,1200
directshow_index_1,303,173296203000000,173296203000000,173296203000000,2026-09-05T05:02:14.930135+00:00,,,640,480
daheng_sn_FDE23080341,290,173296171000000,173296171000000,173296171000000,2026-09-05T05:02:14.942709+00:00,3403,7643483975450,1920,1200
directshow_index_1,304,173296296000000,173296296000000,173296296000000,2026-09-05T05:02:15.017703+00:00,,,640,480
daheng_sn_FDE23080341,291,173296265000000,173296265000000,173296265000000,2026-09-05T05:02:15.021697+00:00,3415,7643576193050,1920,1200
directshow_index_1,305,173296390000000,173296390000000,173296390000000,2026-09-05T05:02:15.112978+00:00,,,640,480
daheng_sn_FDE23080341,292,173296359000000,173296359000000,173296359000000,2026-09-05T05:02:15.121867+00:00,3428,7643676095450,1920,1200
directshow_index_1,306,173296484000000,173296484000000,173296484000000,2026-09-05T05:02:15.204532+00:00,,,640,480
daheng_sn_FDE23080341,293,173296453000000,173296453000000,173296453000000,2026-09-05T05:02:15.208530+00:00,3439,7643760628250,1920,1200
daheng_sn_FDE23080341,294,173296546000000,173296546000000,173296546000000,2026-09-05T05:02:15.300989+00:00,3452,7643860530650,1920,1200
directshow_index_1,307,173296578000000,173296578000000,173296578000000,2026-09-05T05:02:15.300989+00:00,,,640,480
daheng_sn_FDE23080341,295,173296640000000,173296640000000,173296640000000,2026-09-05T05:02:15.394580+00:00,3464,7643952748250,1920,1200
directshow_index_1,308,173296671000000,173296671000000,173296671000000,2026-09-05T05:02:15.396371+00:00,,,640,480
directshow_index_1,309,173296765000000,173296765000000,173296765000000,2026-09-05T05:02:15.486631+00:00,,,640,480
daheng_sn_FDE23080341,296,173296734000000,173296734000000,173296734000000,2026-09-05T05:02:15.493630+00:00,3476,7644044965850,1920,1200
daheng_sn_FDE23080341,297,173296828000000,173296828000000,173296828000000,2026-09-05T05:02:15.580574+00:00,3488,7644137183450,1920,1200
directshow_index_1,310,173296859000000,173296859000000,173296859000000,2026-09-05T05:02:15.583577+00:00,,,640,480
daheng_sn_FDE23080341,298,173296921000000,173296921000000,173296921000000,2026-09-05T05:02:15.676983+00:00,3501,7644237085850,1920,1200
directshow_index_1,311,173296953000000,173296953000000,173296953000000,2026-09-05T05:02:15.676983+00:00,,,640,480
daheng_sn_FDE23080341,299,173297015000000,173297015000000,173297015000000,2026-09-05T05:02:15.774576+00:00,3512,7644321618650,1920,1200
directshow_index_1,312,173297046000000,173297046000000,173297046000000,2026-09-05T05:02:15.774576+00:00,,,640,480
daheng_sn_FDE23080341,300,173297109000000,173297109000000,173297109000000,2026-09-05T05:02:15.865155+00:00,3525,7644421521050,1920,1200
directshow_index_1,313,173297140000000,173297140000000,173297140000000,2026-09-05T05:02:15.866160+00:00,,,640,480
daheng_sn_FDE23080341,301,173297203000000,173297203000000,173297203000000,2026-09-05T05:02:15.959272+00:00,3537,7644513738650,1920,1200
directshow_index_1,314,173297234000000,173297234000000,173297234000000,2026-09-05T05:02:15.959272+00:00,,,640,480
directshow_index_1,315,173297328000000,173297328000000,173297328000000,2026-09-05T05:02:16.050817+00:00,,,640,480
daheng_sn_FDE23080341,302,173297296000000,173297296000000,173297296000000,2026-09-05T05:02:16.055833+00:00,3549,7644605956250,1920,1200
daheng_sn_FDE23080341,303,173297390000000,173297390000000,173297390000000,2026-09-05T05:02:16.146211+00:00,3562,7644705858650,1920,1200
directshow_index_1,316,173297421000000,173297421000000,173297421000000,2026-09-05T05:02:16.146211+00:00,,,640,480
daheng_sn_FDE23080341,304,173297484000000,173297484000000,173297484000000,2026-09-05T05:02:16.238524+00:00,3574,7644798076250,1920,1200
directshow_index_1,317,173297515000000,173297515000000,173297515000000,2026-09-05T05:02:16.239522+00:00,,,640,480
directshow_index_1,318,173297609000000,173297609000000,173297609000000,2026-09-05T05:02:16.335405+00:00,,,640,480
daheng_sn_FDE23080341,305,173297578000000,173297578000000,173297578000000,2026-09-05T05:02:16.348921+00:00,3586,7644890293850,1920,1200
directshow_index_1,319,173297703000000,173297703000000,173297703000000,2026-09-05T05:02:16.429427+00:00,,,640,480
daheng_sn_FDE23080341,306,173297671000000,173297671000000,173297671000000,2026-09-05T05:02:16.440434+00:00,3598,7644982511450,1920,1200
daheng_sn_FDE23080341,307,173297765000000,173297765000000,173297765000000,2026-09-05T05:02:16.526013+00:00,3610,7645074729050,1920,1200
directshow_index_1,320,173297796000000,173297796000000,173297796000000,2026-09-05T05:02:16.528012+00:00,,,640,480
directshow_index_1,321,173297890000000,173297890000000,173297890000000,2026-09-05T05:02:16.612888+00:00,,,640,480
daheng_sn_FDE23080341,308,173297859000000,173297859000000,173297859000000,2026-09-05T05:02:16.629474+00:00,3622,7645166946650,1920,1200
directshow_index_1,322,173297984000000,173297984000000,173297984000000,2026-09-05T05:02:16.706816+00:00,,,640,480
daheng_sn_FDE23080341,309,173297953000000,173297953000000,173297953000000,2026-09-05T05:02:16.718780+00:00,3635,7645266849050,1920,1200
daheng_sn_FDE23080341,310,173298046000000,173298046000000,173298046000000,2026-09-05T05:02:16.809485+00:00,3647,7645359066650,1920,1200
directshow_index_1,323,173298078000000,173298078000000,173298078000000,2026-09-05T05:02:16.811493+00:00,,,640,480
directshow_index_1,324,173298171000000,173298171000000,173298171000000,2026-09-05T05:02:16.894506+00:00,,,640,480
daheng_sn_FDE23080341,311,173298140000000,173298140000000,173298140000000,2026-09-05T05:02:16.901262+00:00,3659,7645451284250,1920,1200
directshow_index_1,325,173298265000000,173298265000000,173298265000000,2026-09-05T05:02:16.990761+00:00,,,640,480
daheng_sn_FDE23080341,312,173298234000000,173298234000000,173298234000000,2026-09-05T05:02:16.997757+00:00,3671,7645543501850,1920,1200
directshow_index_1,326,173298359000000,173298359000000,173298359000000,2026-09-05T05:02:17.084602+00:00,,,640,480
daheng_sn_FDE23080341,313,173298328000000,173298328000000,173298328000000,2026-09-05T05:02:17.089607+00:00,3684,7645643404250,1920,1200
daheng_sn_FDE23080341,314,173298421000000,173298421000000,173298421000000,2026-09-05T05:02:17.182889+00:00,3695,7645727937050,1920,1200
directshow_index_1,327,173298453000000,173298453000000,173298453000000,2026-09-05T05:02:17.183886+00:00,,,640,480
directshow_index_1,328,173298546000000,173298546000000,173298546000000,2026-09-05T05:02:17.269443+00:00,,,640,480
daheng_sn_FDE23080341,315,173298515000000,173298515000000,173298515000000,2026-09-05T05:02:17.273442+00:00,3707,7645820154650,1920,1200
daheng_sn_FDE23080341,316,173298609000000,173298609000000,173298609000000,2026-09-05T05:02:17.371991+00:00,3720,7645920057050,1920,1200
directshow_index_1,329,173298640000000,173298640000000,173298640000000,2026-09-05T05:02:17.372991+00:00,,,640,480
directshow_index_1,330,173298734000000,173298734000000,173298734000000,2026-09-05T05:02:17.457186+00:00,,,640,480
daheng_sn_FDE23080341,317,173298703000000,173298703000000,173298703000000,2026-09-05T05:02:17.465332+00:00,3732,7646012274650,1920,1200
directshow_index_1,331,173298828000000,173298828000000,173298828000000,2026-09-05T05:02:17.551114+00:00,,,640,480
daheng_sn_FDE23080341,318,173298796000000,173298796000000,173298796000000,2026-09-05T05:02:17.559119+00:00,3745,7646112177050,1920,1200
directshow_index_1,332,173298921000000,173298921000000,173298921000000,2026-09-05T05:02:17.643684+00:00,,,640,480
daheng_sn_FDE23080341,319,173298890000000,173298890000000,173298890000000,2026-09-05T05:02:17.656102+00:00,3757,7646204394650,1920,1200
daheng_sn_FDE23080341,320,173298984000000,173298984000000,173298984000000,2026-09-05T05:02:17.740976+00:00,3768,7646288927450,1920,1200
directshow_index_1,333,173299015000000,173299015000000,173299015000000,2026-09-05T05:02:17.741540+00:00,,,640,480
daheng_sn_FDE23080341,321,173299078000000,173299078000000,173299078000000,2026-09-05T05:02:17.831233+00:00,3781,7646388829850,1920,1200
directshow_index_1,334,173299109000000,173299109000000,173299109000000,2026-09-05T05:02:17.832238+00:00,,,640,480
directshow_index_1,335,173299203000000,173299203000000,173299203000000,2026-09-05T05:02:17.929595+00:00,,,640,480
daheng_sn_FDE23080341,322,173299171000000,173299171000000,173299171000000,2026-09-05T05:02:17.940924+00:00,3793,7646481047450,1920,1200
daheng_sn_FDE23080341,323,173299265000000,173299265000000,173299265000000,2026-09-05T05:02:18.021011+00:00,3806,7646580949850,1920,1200
directshow_index_1,336,173299296000000,173299296000000,173299296000000,2026-09-05T05:02:18.026020+00:00,,,640,480
directshow_index_1,337,173299390000000,173299390000000,173299390000000,2026-09-05T05:02:18.111180+00:00,,,640,480
daheng_sn_FDE23080341,324,173299359000000,173299359000000,173299359000000,2026-09-05T05:02:18.117186+00:00,3817,7646665482650,1920,1200
daheng_sn_FDE23080341,325,173299453000000,173299453000000,173299453000000,2026-09-05T05:02:18.208039+00:00,3830,7646765385050,1920,1200
directshow_index_1,338,173299484000000,173299484000000,173299484000000,2026-09-05T05:02:18.209039+00:00,,,640,480
directshow_index_1,339,173299578000000,173299578000000,173299578000000,2026-09-05T05:02:18.301569+00:00,,,640,480
daheng_sn_FDE23080341,326,173299546000000,173299546000000,173299546000000,2026-09-05T05:02:18.306566+00:00,3842,7646857602650,1920,1200
directshow_index_1,340,173299671000000,173299671000000,173299671000000,2026-09-05T05:02:18.393385+00:00,,,640,480
daheng_sn_FDE23080341,327,173299640000000,173299640000000,173299640000000,2026-09-05T05:02:18.398386+00:00,3854,7646949820250,1920,1200
daheng_sn_FDE23080341,328,173299734000000,173299734000000,173299734000000,2026-09-05T05:02:18.489917+00:00,3867,7647049722650,1920,1200
directshow_index_1,341,173299765000000,173299765000000,173299765000000,2026-09-05T05:02:18.490912+00:00,,,640,480
directshow_index_1,342,173299859000000,173299859000000,173299859000000,2026-09-05T05:02:18.584019+00:00,,,640,480
daheng_sn_FDE23080341,329,173299828000000,173299828000000,173299828000000,2026-09-05T05:02:18.589025+00:00,3879,7647141940250,1920,1200
daheng_sn_FDE23080341,330,173299921000000,173299921000000,173299921000000,2026-09-05T05:02:18.677768+00:00,3891,7647234157850,1920,1200
directshow_index_1,343,173299953000000,173299953000000,173299953000000,2026-09-05T05:02:18.679773+00:00,,,640,480
directshow_index_1,344,173300046000000,173300046000000,173300046000000,2026-09-05T05:02:18.772769+00:00,,,640,480
daheng_sn_FDE23080341,331,173300015000000,173300015000000,173300015000000,2026-09-05T05:02:18.776766+00:00,3903,7647326375450,1920,1200
directshow_index_1,345,173300140000000,173300140000000,173300140000000,2026-09-05T05:02:18.865221+00:00,,,640,480
daheng_sn_FDE23080341,332,173300109000000,173300109000000,173300109000000,2026-09-05T05:02:18.870414+00:00,3915,7647418593050,1920,1200
daheng_sn_FDE23080341,333,173300203000000,173300203000000,173300203000000,2026-09-05T05:02:18.961451+00:00,3928,7647518495450,1920,1200
directshow_index_1,346,173300234000000,173300234000000,173300234000000,2026-09-05T05:02:18.961451+00:00,,,640,480
daheng_sn_FDE23080341,334,173300296000000,173300296000000,173300296000000,2026-09-05T05:02:19.053192+00:00,3940,7647610713050,1920,1200
directshow_index_1,347,173300328000000,173300328000000,173300328000000,2026-09-05T05:02:19.054201+00:00,,,640,480
daheng_sn_FDE23080341,335,173300390000000,173300390000000,173300390000000,2026-09-05T05:02:19.150609+00:00,3952,7647702930650,1920,1200
directshow_index_1,348,173300421000000,173300421000000,173300421000000,2026-09-05T05:02:19.150609+00:00,,,640,480
directshow_index_1,349,173300515000000,173300515000000,173300515000000,2026-09-05T05:02:19.240108+00:00,,,640,480
daheng_sn_FDE23080341,336,173300484000000,173300484000000,173300484000000,2026-09-05T05:02:19.246108+00:00,3964,7647795148250,1920,1200
daheng_sn_FDE23080341,337,173300578000000,173300578000000,173300578000000,2026-09-05T05:02:19.335395+00:00,3977,7647895050650,1920,1200
directshow_index_1,350,173300609000000,173300609000000,173300609000000,2026-09-05T05:02:19.335955+00:00,,,640,480
directshow_index_1,351,173300703000000,173300703000000,173300703000000,2026-09-05T05:02:19.426742+00:00,,,640,480
daheng_sn_FDE23080341,338,173300671000000,173300671000000,173300671000000,2026-09-05T05:02:19.432742+00:00,3989,7647987268250,1920,1200
daheng_sn_FDE23080341,339,173300765000000,173300765000000,173300765000000,2026-09-05T05:02:19.519629+00:00,4000,7648071801050,1920,1200
directshow_index_1,352,173300796000000,173300796000000,173300796000000,2026-09-05T05:02:19.520630+00:00,,,640,480
daheng_sn_FDE23080341,340,173300859000000,173300859000000,173300859000000,2026-09-05T05:02:19.613346+00:00,4013,7648171703450,1920,1200
directshow_index_1,353,173300890000000,173300890000000,173300890000000,2026-09-05T05:02:19.615345+00:00,,,640,480
daheng_sn_FDE23080341,341,173300953000000,173300953000000,173300953000000,2026-09-05T05:02:19.706630+00:00,4025,7648263921050,1920,1200
directshow_index_1,354,173300984000000,173300984000000,173300984000000,2026-09-05T05:02:19.708631+00:00,,,640,480
directshow_index_1,355,173301078000000,173301078000000,173301078000000,2026-09-05T05:02:19.799719+00:00,,,640,480
daheng_sn_FDE23080341,342,173301046000000,173301046000000,173301046000000,2026-09-05T05:02:19.803230+00:00,4037,7648356138650,1920,1200
daheng_sn_FDE23080341,343,173301140000000,173301140000000,173301140000000,2026-09-05T05:02:19.893539+00:00,4050,7648456041050,1920,1200
directshow_index_1,356,173301171000000,173301171000000,173301171000000,2026-09-05T05:02:19.898555+00:00,,,640,480
daheng_sn_FDE23080341,344,173301234000000,173301234000000,173301234000000,2026-09-05T05:02:19.989167+00:00,4062,7648548258650,1920,1200
directshow_index_1,357,173301265000000,173301265000000,173301265000000,2026-09-05T05:02:19.990169+00:00,,,640,480
directshow_index_1,358,173301359000000,173301359000000,173301359000000,2026-09-05T05:02:20.081306+00:00,,,640,480
daheng_sn_FDE23080341,345,173301328000000,173301328000000,173301328000000,2026-09-05T05:02:20.087305+00:00,4074,7648640476250,1920,1200
daheng_sn_FDE23080341,346,173301421000000,173301421000000,173301421000000,2026-09-05T05:02:20.175995+00:00,4086,7648732693850,1920,1200
directshow_index_1,359,173301453000000,173301453000000,173301453000000,2026-09-05T05:02:20.181510+00:00,,,640,480
daheng_sn_FDE23080341,347,173301515000000,173301515000000,173301515000000,2026-09-05T05:02:20.265650+00:00,4098,7648824911450,1920,1200
directshow_index_1,360,173301546000000,173301546000000,173301546000000,2026-09-05T05:02:20.271411+00:00,,,640,480
daheng_sn_FDE23080341,348,173301609000000,173301609000000,173301609000000,2026-09-05T05:02:20.357447+00:00,4111,7648924813850,1920,1200
directshow_index_1,361,173301640000000,173301640000000,173301640000000,2026-09-05T05:02:20.360982+00:00,,,640,480
daheng_sn_FDE23080341,349,173301703000000,173301703000000,173301703000000,2026-09-05T05:02:20.457571+00:00,4124,7649024716250,1920,1200
directshow_index_1,362,173301734000000,173301734000000,173301734000000,2026-09-05T05:02:20.460097+00:00,,,640,480
daheng_sn_FDE23080341,350,173301796000000,173301796000000,173301796000000,2026-09-05T05:02:20.549173+00:00,4135,7649109249050,1920,1200
directshow_index_1,363,173301828000000,173301828000000,173301828000000,2026-09-05T05:02:20.551177+00:00,,,640,480
daheng_sn_FDE23080341,351,173301890000000,173301890000000,173301890000000,2026-09-05T05:02:20.640305+00:00,4147,7649201466650,1920,1200
directshow_index_1,364,173301921000000,173301921000000,173301921000000,2026-09-05T05:02:20.643304+00:00,,,640,480
daheng_sn_FDE23080341,352,173301984000000,173301984000000,173301984000000,2026-09-05T05:02:20.735470+00:00,4159,7649293684250,1920,1200
directshow_index_1,365,173302015000000,173302015000000,173302015000000,2026-09-05T05:02:20.741472+00:00,,,640,480
daheng_sn_FDE23080341,353,173302078000000,173302078000000,173302078000000,2026-09-05T05:02:20.839433+00:00,4172,7649393586650,1920,1200
directshow_index_1,366,173302109000000,173302109000000,173302109000000,2026-09-05T05:02:20.839963+00:00,,,640,480
directshow_index_1,367,173302203000000,173302203000000,173302203000000,2026-09-05T05:02:20.926178+00:00,,,640,480
daheng_sn_FDE23080341,354,173302171000000,173302171000000,173302171000000,2026-09-05T05:02:20.944926+00:00,4184,7649485804250,1920,1200
directshow_index_1,368,173302296000000,173302296000000,173302296000000,2026-09-05T05:02:21.022591+00:00,,,640,480
daheng_sn_FDE23080341,355,173302265000000,173302265000000,173302265000000,2026-09-05T05:02:21.036028+00:00,4196,7649578021850,1920,1200
daheng_sn_FDE23080341,356,173302359000000,173302359000000,173302359000000,2026-09-05T05:02:21.117463+00:00,4208,7649670239450,1920,1200
directshow_index_1,369,173302390000000,173302390000000,173302390000000,2026-09-05T05:02:21.118464+00:00,,,640,480
directshow_index_1,370,173302484000000,173302484000000,173302484000000,2026-09-05T05:02:21.208845+00:00,,,640,480
daheng_sn_FDE23080341,357,173302453000000,173302453000000,173302453000000,2026-09-05T05:02:21.226568+00:00,4220,7649762457050,1920,1200
daheng_sn_FDE23080341,358,173302546000000,173302546000000,173302546000000,2026-09-05T05:02:21.307136+00:00,4232,7649854674650,1920,1200
directshow_index_1,371,173302578000000,173302578000000,173302578000000,2026-09-05T05:02:21.309140+00:00,,,640,480
directshow_index_1,372,173302671000000,173302671000000,173302671000000,2026-09-05T05:02:21.394664+00:00,,,640,480
daheng_sn_FDE23080341,359,173302640000000,173302640000000,173302640000000,2026-09-05T05:02:21.398666+00:00,4244,7649946892250,1920,1200
daheng_sn_FDE23080341,360,173302734000000,173302734000000,173302734000000,2026-09-05T05:02:21.491873+00:00,4257,7650046794650,1920,1200
directshow_index_1,373,173302765000000,173302765000000,173302765000000,2026-09-05T05:02:21.494646+00:00,,,640,480
daheng_sn_FDE23080341,361,173302828000000,173302828000000,173302828000000,2026-09-05T05:02:21.581302+00:00,4269,7650139012250,1920,1200
directshow_index_1,374,173302859000000,173302859000000,173302859000000,2026-09-05T05:02:21.585302+00:00,,,640,480
daheng_sn_FDE23080341,362,173302921000000,173302921000000,173302921000000,2026-09-05T05:02:21.677161+00:00,4281,7650231229850,1920,1200
directshow_index_1,375,173302953000000,173302953000000,173302953000000,2026-09-05T05:02:21.677161+00:00,,,640,480
daheng_sn_FDE23080341,363,173303015000000,173303015000000,173303015000000,2026-09-05T05:02:21.770324+00:00,4293,7650323447450,1920,1200
directshow_index_1,376,173303046000000,173303046000000,173303046000000,2026-09-05T05:02:21.770324+00:00,,,640,480
daheng_sn_FDE23080341,364,173303109000000,173303109000000,173303109000000,2026-09-05T05:02:21.868594+00:00,4305,7650415665050,1920,1200
directshow_index_1,377,173303140000000,173303140000000,173303140000000,2026-09-05T05:02:21.868594+00:00,,,640,480
daheng_sn_FDE23080341,365,173303203000000,173303203000000,173303203000000,2026-09-05T05:02:21.960737+00:00,4318,7650515567450,1920,1200
directshow_index_1,378,173303234000000,173303234000000,173303234000000,2026-09-05T05:02:21.961739+00:00,,,640,480
daheng_sn_FDE23080341,366,173303296000000,173303296000000,173303296000000,2026-09-05T05:02:22.053022+00:00,4330,7650607785050,1920,1200
directshow_index_1,379,173303328000000,173303328000000,173303328000000,2026-09-05T05:02:22.054535+00:00,,,640,480
daheng_sn_FDE23080341,367,173303390000000,173303390000000,173303390000000,2026-09-05T05:02:22.148745+00:00,4342,7650700002650,1920,1200
directshow_index_1,380,173303421000000,173303421000000,173303421000000,2026-09-05T05:02:22.148745+00:00,,,640,480
daheng_sn_FDE23080341,368,173303484000000,173303484000000,173303484000000,2026-09-05T05:02:22.239292+00:00,4354,7650792220250,1920,1200
directshow_index_1,381,173303515000000,173303515000000,173303515000000,2026-09-05T05:02:22.242320+00:00,,,640,480
directshow_index_1,382,173303609000000,173303609000000,173303609000000,2026-09-05T05:02:22.334689+00:00,,,640,480
daheng_sn_FDE23080341,369,173303578000000,173303578000000,173303578000000,2026-09-05T05:02:22.339690+00:00,4367,7650892122650,1920,1200
daheng_sn_FDE23080341,370,173303671000000,173303671000000,173303671000000,2026-09-05T05:02:22.434229+00:00,4379,7650984340250,1920,1200
directshow_index_1,383,173303703000000,173303703000000,173303703000000,2026-09-05T05:02:22.434229+00:00,,,640,480
directshow_index_1,384,173303796000000,173303796000000,173303796000000,2026-09-05T05:02:22.520520+00:00,,,640,480
daheng_sn_FDE23080341,371,173303765000000,173303765000000,173303765000000,2026-09-05T05:02:22.525518+00:00,4391,7651076557850,1920,1200
directshow_index_1,385,173303890000000,173303890000000,173303890000000,2026-09-05T05:02:22.615499+00:00,,,640,480
daheng_sn_FDE23080341,372,173303859000000,173303859000000,173303859000000,2026-09-05T05:02:22.620496+00:00,4403,7651168775450,1920,1200
daheng_sn_FDE23080341,373,173303953000000,173303953000000,173303953000000,2026-09-05T05:02:22.711628+00:00,4415,7651260993050,1920,1200
directshow_index_1,386,173303984000000,173303984000000,173303984000000,2026-09-05T05:02:22.712167+00:00,,,640,480
daheng_sn_FDE23080341,374,173304046000000,173304046000000,173304046000000,2026-09-05T05:02:22.800660+00:00,4427,7651353210650,1920,1200
directshow_index_1,387,173304078000000,173304078000000,173304078000000,2026-09-05T05:02:22.804674+00:00,,,640,480
daheng_sn_FDE23080341,375,173304140000000,173304140000000,173304140000000,2026-09-05T05:02:22.895444+00:00,4440,7651453113050,1920,1200
directshow_index_1,388,173304171000000,173304171000000,173304171000000,2026-09-05T05:02:22.896442+00:00,,,640,480
directshow_index_1,389,173304265000000,173304265000000,173304265000000,2026-09-05T05:02:22.987033+00:00,,,640,480
daheng_sn_FDE23080341,376,173304234000000,173304234000000,173304234000000,2026-09-05T05:02:22.993044+00:00,4452,7651545330650,1920,1200
daheng_sn_FDE23080341,377,173304328000000,173304328000000,173304328000000,2026-09-05T05:02:23.086150+00:00,4464,7651637548250,1920,1200
directshow_index_1,390,173304359000000,173304359000000,173304359000000,2026-09-05T05:02:23.086150+00:00,,,640,480
directshow_index_1,391,173304453000000,173304453000000,173304453000000,2026-09-05T05:02:23.176383+00:00,,,640,480
daheng_sn_FDE23080341,378,173304421000000,173304421000000,173304421000000,2026-09-05T05:02:23.184532+00:00,4477,7651737450650,1920,1200
directshow_index_1,392,173304546000000,173304546000000,173304546000000,2026-09-05T05:02:23.274984+00:00,,,640,480
daheng_sn_FDE23080341,379,173304515000000,173304515000000,173304515000000,2026-09-05T05:02:23.280205+00:00,4488,7651821983450,1920,1200
directshow_index_1,393,173304640000000,173304640000000,173304640000000,2026-09-05T05:02:23.361413+00:00,,,640,480
daheng_sn_FDE23080341,380,173304609000000,173304609000000,173304609000000,2026-09-05T05:02:23.367203+00:00,4501,7651921885850,1920,1200
daheng_sn_FDE23080341,381,173304703000000,173304703000000,173304703000000,2026-09-05T05:02:23.458776+00:00,4513,7652014103450,1920,1200
directshow_index_1,394,173304734000000,173304734000000,173304734000000,2026-09-05T05:02:23.459774+00:00,,,640,480
directshow_index_1,395,173304828000000,173304828000000,173304828000000,2026-09-05T05:02:23.552353+00:00,,,640,480
daheng_sn_FDE23080341,382,173304796000000,173304796000000,173304796000000,2026-09-05T05:02:23.560386+00:00,4525,7652106321050,1920,1200
daheng_sn_FDE23080341,383,173304890000000,173304890000000,173304890000000,2026-09-05T05:02:23.651630+00:00,4537,7652198538650,1920,1200
directshow_index_1,396,173304921000000,173304921000000,173304921000000,2026-09-05T05:02:23.651630+00:00,,,640,480
daheng_sn_FDE23080341,384,173304984000000,173304984000000,173304984000000,2026-09-05T05:02:23.741051+00:00,4550,7652298441050,1920,1200
directshow_index_1,397,173305015000000,173305015000000,173305015000000,2026-09-05T05:02:23.741051+00:00,,,640,480
daheng_sn_FDE23080341,385,173305078000000,173305078000000,173305078000000,2026-09-05T05:02:23.835113+00:00,4562,7652390658650,1920,1200
directshow_index_1,398,173305109000000,173305109000000,173305109000000,2026-09-05T05:02:23.835113+00:00,,,640,480
daheng_sn_FDE23080341,386,173305171000000,173305171000000,173305171000000,2026-09-05T05:02:23.930040+00:00,4574,7652482876250,1920,1200
directshow_index_1,399,173305203000000,173305203000000,173305203000000,2026-09-05T05:02:23.930666+00:00,,,640,480
daheng_sn_FDE23080341,387,173305265000000,173305265000000,173305265000000,2026-09-05T05:02:24.024499+00:00,4587,7652582778650,1920,1200
directshow_index_1,400,173305296000000,173305296000000,173305296000000,2026-09-05T05:02:24.025505+00:00,,,640,480
directshow_index_1,401,173305390000000,173305390000000,173305390000000,2026-09-05T05:02:24.113049+00:00,,,640,480
daheng_sn_FDE23080341,388,173305359000000,173305359000000,173305359000000,2026-09-05T05:02:24.116310+00:00,4598,7652667311450,1920,1200
daheng_sn_FDE23080341,389,173305453000000,173305453000000,173305453000000,2026-09-05T05:02:24.211139+00:00,4611,7652767213850,1920,1200
directshow_index_1,402,173305484000000,173305484000000,173305484000000,2026-09-05T05:02:24.212135+00:00,,,640,480
daheng_sn_FDE23080341,390,173305546000000,173305546000000,173305546000000,2026-09-05T05:02:24.300856+00:00,4623,7652859431450,1920,1200
directshow_index_1,403,173305578000000,173305578000000,173305578000000,2026-09-05T05:02:24.303185+00:00,,,640,480
daheng_sn_FDE23080341,391,173305640000000,173305640000000,173305640000000,2026-09-05T05:02:24.399533+00:00,4635,7652951649050,1920,1200
directshow_index_1,404,173305671000000,173305671000000,173305671000000,2026-09-05T05:02:24.400542+00:00,,,640,480
directshow_index_1,405,173305765000000,173305765000000,173305765000000,2026-09-05T05:02:24.486890+00:00,,,640,480
daheng_sn_FDE23080341,392,173305734000000,173305734000000,173305734000000,2026-09-05T05:02:24.492889+00:00,4647,7653043866650,1920,1200
daheng_sn_FDE23080341,393,173305828000000,173305828000000,173305828000000,2026-09-05T05:02:24.581257+00:00,4660,7653143769050,1920,1200
directshow_index_1,406,173305859000000,173305859000000,173305859000000,2026-09-05T05:02:24.592255+00:00,,,640,480
daheng_sn_FDE23080341,394,173305921000000,173305921000000,173305921000000,2026-09-05T05:02:24.680253+00:00,4672,7653235986650,1920,1200
directshow_index_1,407,173305953000000,173305953000000,173305953000000,2026-09-05T05:02:24.681263+00:00,,,640,480
daheng_sn_FDE23080341,395,173306015000000,173306015000000,173306015000000,2026-09-05T05:02:24.770650+00:00,4684,7653328204250,1920,1200
directshow_index_1,408,173306046000000,173306046000000,173306046000000,2026-09-05T05:02:24.772648+00:00,,,640,480
directshow_index_1,409,173306140000000,173306140000000,173306140000000,2026-09-05T05:02:24.862215+00:00,,,640,480
daheng_sn_FDE23080341,396,173306109000000,173306109000000,173306109000000,2026-09-05T05:02:24.871056+00:00,4696,7653420421850,1920,1200
daheng_sn_FDE23080341,397,173306203000000,173306203000000,173306203000000,2026-09-05T05:02:24.961598+00:00,4708,7653512639450,1920,1200
directshow_index_1,410,173306234000000,173306234000000,173306234000000,2026-09-05T05:02:24.962215+00:00,,,640,480
daheng_sn_FDE23080341,398,173306296000000,173306296000000,173306296000000,2026-09-05T05:02:25.051657+00:00,4721,7653612541850,1920,1200
directshow_index_1,411,173306328000000,173306328000000,173306328000000,2026-09-05T05:02:25.054651+00:00,,,640,480
daheng_sn_FDE23080341,399,173306390000000,173306390000000,173306390000000,2026-09-05T05:02:25.144253+00:00,4733,7653704759450,1920,1200
directshow_index_1,412,173306421000000,173306421000000,173306421000000,2026-09-05T05:02:25.145871+00:00,,,640,480
directshow_index_1,413,173306515000000,173306515000000,173306515000000,2026-09-05T05:02:25.236738+00:00,,,640,480
daheng_sn_FDE23080341,400,173306484000000,173306484000000,173306484000000,2026-09-05T05:02:25.242140+00:00,4745,7653796977050,1920,1200
daheng_sn_FDE23080341,401,173306578000000,173306578000000,173306578000000,2026-09-05T05:02:25.333239+00:00,4757,7653889194650,1920,1200
directshow_index_1,414,173306609000000,173306609000000,173306609000000,2026-09-05T05:02:25.334994+00:00,,,640,480
daheng_sn_FDE23080341,402,173306671000000,173306671000000,173306671000000,2026-09-05T05:02:25.432795+00:00,4769,7653981412250,1920,1200
directshow_index_1,415,173306703000000,173306703000000,173306703000000,2026-09-05T05:02:25.433795+00:00,,,640,480
daheng_sn_FDE23080341,403,173306765000000,173306765000000,173306765000000,2026-09-05T05:02:25.522958+00:00,4781,7654073629850,1920,1200
directshow_index_1,416,173306796000000,173306796000000,173306796000000,2026-09-05T05:02:25.522958+00:00,,,640,480
directshow_index_1,417,173306890000000,173306890000000,173306890000000,2026-09-05T05:02:25.611524+00:00,,,640,480
daheng_sn_FDE23080341,404,173306859000000,173306859000000,173306859000000,2026-09-05T05:02:25.619057+00:00,4793,7654165847450,1920,1200
daheng_sn_FDE23080341,405,173306953000000,173306953000000,173306953000000,2026-09-05T05:02:25.711279+00:00,4806,7654265749850,1920,1200
directshow_index_1,418,173306984000000,173306984000000,173306984000000,2026-09-05T05:02:25.711279+00:00,,,640,480
directshow_index_1,419,173307078000000,173307078000000,173307078000000,2026-09-05T05:02:25.802559+00:00,,,640,480
daheng_sn_FDE23080341,406,173307046000000,173307046000000,173307046000000,2026-09-05T05:02:25.812738+00:00,4818,7654357967450,1920,1200
daheng_sn_FDE23080341,407,173307140000000,173307140000000,173307140000000,2026-09-05T05:02:25.892967+00:00,4830,7654450185050,1920,1200
directshow_index_1,420,173307171000000,173307171000000,173307171000000,2026-09-05T05:02:25.893959+00:00,,,640,480
daheng_sn_FDE23080341,408,173307234000000,173307234000000,173307234000000,2026-09-05T05:02:25.988961+00:00,4843,7654550087450,1920,1200
directshow_index_1,421,173307265000000,173307265000000,173307265000000,2026-09-05T05:02:25.988961+00:00,,,640,480
daheng_sn_FDE23080341,409,173307328000000,173307328000000,173307328000000,2026-09-05T05:02:26.083010+00:00,4855,7654642305050,1920,1200
directshow_index_1,422,173307359000000,173307359000000,173307359000000,2026-09-05T05:02:26.083681+00:00,,,640,480
daheng_sn_FDE23080341,410,173307421000000,173307421000000,173307421000000,2026-09-05T05:02:26.176066+00:00,4867,7654734522650,1920,1200
directshow_index_1,423,173307453000000,173307453000000,173307453000000,2026-09-05T05:02:26.176066+00:00,,,640,480
daheng_sn_FDE23080341,411,173307515000000,173307515000000,173307515000000,2026-09-05T05:02:26.270614+00:00,4879,7654826740250,1920,1200
directshow_index_1,424,173307546000000,173307546000000,173307546000000,2026-09-05T05:02:26.271611+00:00,,,640,480
daheng_sn_FDE23080341,412,173307609000000,173307609000000,173307609000000,2026-09-05T05:02:26.359105+00:00,4891,7654918957850,1920,1200
directshow_index_1,425,173307640000000,173307640000000,173307640000000,2026-09-05T05:02:26.362497+00:00,,,640,480
daheng_sn_FDE23080341,413,173307703000000,173307703000000,173307703000000,2026-09-05T05:02:26.452861+00:00,4904,7655018860250,1920,1200
directshow_index_1,426,173307734000000,173307734000000,173307734000000,2026-09-05T05:02:26.455859+00:00,,,640,480
daheng_sn_FDE23080341,414,173307796000000,173307796000000,173307796000000,2026-09-05T05:02:26.544910+00:00,4915,7655103393050,1920,1200
directshow_index_1,427,173307828000000,173307828000000,173307828000000,2026-09-05T05:02:26.548548+00:00,,,640,480
daheng_sn_FDE23080341,415,173307890000000,173307890000000,173307890000000,2026-09-05T05:02:26.643259+00:00,4928,7655203295450,1920,1200
directshow_index_1,428,173307921000000,173307921000000,173307921000000,2026-09-05T05:02:26.644257+00:00,,,640,480
daheng_sn_FDE23080341,416,173307984000000,173307984000000,173307984000000,2026-09-05T05:02:26.736676+00:00,4940,7655295513050,1920,1200
directshow_index_1,429,173308015000000,173308015000000,173308015000000,2026-09-05T05:02:26.740675+00:00,,,640,480
daheng_sn_FDE23080341,417,173308078000000,173308078000000,173308078000000,2026-09-05T05:02:26.825393+00:00,4953,7655395415450,1920,1200
directshow_index_1,430,173308109000000,173308109000000,173308109000000,2026-09-05T05:02:26.832055+00:00,,,640,480
daheng_sn_FDE23080341,418,173308171000000,173308171000000,173308171000000,2026-09-05T05:02:26.920994+00:00,4964,7655479948250,1920,1200
directshow_index_1,431,173308203000000,173308203000000,173308203000000,2026-09-05T05:02:26.928266+00:00,,,640,480
directshow_index_1,432,173308296000000,173308296000000,173308296000000,2026-09-05T05:02:27.019169+00:00,,,640,480
daheng_sn_FDE23080341,419,173308265000000,173308265000000,173308265000000,2026-09-05T05:02:27.024170+00:00,4977,7655579850650,1920,1200
daheng_sn_FDE23080341,420,173308359000000,173308359000000,173308359000000,2026-09-05T05:02:27.109781+00:00,4989,7655672068250,1920,1200
directshow_index_1,433,173308390000000,173308390000000,173308390000000,2026-09-05T05:02:27.109781+00:00,,,640,480
daheng_sn_FDE23080341,421,173308453000000,173308453000000,173308453000000,2026-09-05T05:02:27.199590+00:00,5001,7655764285850,1920,1200
directshow_index_1,434,173308484000000,173308484000000,173308484000000,2026-09-05T05:02:27.208599+00:00,,,640,480
daheng_sn_FDE23080341,422,173308546000000,173308546000000,173308546000000,2026-09-05T05:02:27.319930+00:00,5013,7655856503450,1920,1200
directshow_index_1,435,173308578000000,173308593000000,173308585500000,2026-09-05T05:02:27.321341+00:00,,,640,480
directshow_index_1,436,173308671000000,173308671000000,173308671000000,2026-09-05T05:02:27.396260+00:00,,,640,480
daheng_sn_FDE23080341,423,173308640000000,173308640000000,173308640000000,2026-09-05T05:02:27.418023+00:00,5025,7655948721050,1920,1200
daheng_sn_FDE23080341,424,173308734000000,173308734000000,173308734000000,2026-09-05T05:02:27.492864+00:00,5037,7656040938650,1920,1200
directshow_index_1,437,173308765000000,173308765000000,173308765000000,2026-09-05T05:02:27.492864+00:00,,,640,480
directshow_index_1,438,173308859000000,173308859000000,173308859000000,2026-09-05T05:02:27.583915+00:00,,,640,480
daheng_sn_FDE23080341,425,173308828000000,173308828000000,173308828000000,2026-09-05T05:02:27.602917+00:00,5049,7656133156250,1920,1200
daheng_sn_FDE23080341,426,173308921000000,173308921000000,173308921000000,2026-09-05T05:02:27.686414+00:00,5062,7656233058650,1920,1200
directshow_index_1,439,173308953000000,173308953000000,173308953000000,2026-09-05T05:02:27.687414+00:00,,,640,480
daheng_sn_FDE23080341,427,173309015000000,173309015000000,173309015000000,2026-09-05T05:02:27.770900+00:00,5074,7656325276250,1920,1200
directshow_index_1,440,173309046000000,173309046000000,173309046000000,2026-09-05T05:02:27.771899+00:00,,,640,480
daheng_sn_FDE23080341,428,173309109000000,173309109000000,173309109000000,2026-09-05T05:02:27.871531+00:00,5086,7656417493850,1920,1200
directshow_index_1,441,173309140000000,173309140000000,173309140000000,2026-09-05T05:02:27.877513+00:00,,,640,480
directshow_index_1,442,173309234000000,173309234000000,173309234000000,2026-09-05T05:02:27.955053+00:00,,,640,480
daheng_sn_FDE23080341,429,173309203000000,173309203000000,173309203000000,2026-09-05T05:02:27.962694+00:00,5099,7656517396250,1920,1200
daheng_sn_FDE23080341,430,173309296000000,173309296000000,173309296000000,2026-09-05T05:02:28.056155+00:00,5110,7656601929050,1920,1200
directshow_index_1,443,173309328000000,173309328000000,173309328000000,2026-09-05T05:02:28.057157+00:00,,,640,480
daheng_sn_FDE23080341,431,173309390000000,173309390000000,173309390000000,2026-09-05T05:02:28.148278+00:00,5123,7656701831450,1920,1200
directshow_index_1,444,173309421000000,173309421000000,173309421000000,2026-09-05T05:02:28.148278+00:00,,,640,480
daheng_sn_FDE23080341,432,173309484000000,173309484000000,173309484000000,2026-09-05T05:02:28.238068+00:00,5135,7656794049050,1920,1200
directshow_index_1,445,173309515000000,173309515000000,173309515000000,2026-09-05T05:02:28.240066+00:00,,,640,480
daheng_sn_FDE23080341,433,173309578000000,173309578000000,173309578000000,2026-09-05T05:02:28.335586+00:00,5148,7656893951450,1920,1200
directshow_index_1,446,173309609000000,173309609000000,173309609000000,2026-09-05T05:02:28.336237+00:00,,,640,480
daheng_sn_FDE23080341,434,173309671000000,173309671000000,173309671000000,2026-09-05T05:02:28.432044+00:00,5160,7656986169050,1920,1200
directshow_index_1,447,173309703000000,173309703000000,173309703000000,2026-09-05T05:02:28.437030+00:00,,,640,480
daheng_sn_FDE23080341,435,173309765000000,173309765000000,173309765000000,2026-09-05T05:02:28.520262+00:00,5171,7657070701850,1920,1200
directshow_index_1,448,173309796000000,173309796000000,173309796000000,2026-09-05T05:02:28.523275+00:00,,,640,480
daheng_sn_FDE23080341,436,173309859000000,173309859000000,173309859000000,2026-09-05T05:02:28.616578+00:00,5184,7657170604250,1920,1200
directshow_index_1,449,173309890000000,173309890000000,173309890000000,2026-09-05T05:02:28.616578+00:00,,,640,480
daheng_sn_FDE23080341,437,173309953000000,173309953000000,173309953000000,2026-09-05T05:02:28.708142+00:00,5196,7657262821850,1920,1200
directshow_index_1,450,173309984000000,173309984000000,173309984000000,2026-09-05T05:02:28.708754+00:00,,,640,480
daheng_sn_FDE23080341,438,173310046000000,173310046000000,173310046000000,2026-09-05T05:02:28.803376+00:00,5208,7657355039450,1920,1200
directshow_index_1,451,173310078000000,173310078000000,173310078000000,2026-09-05T05:02:28.803376+00:00,,,640,480
daheng_sn_FDE23080341,439,173310140000000,173310140000000,173310140000000,2026-09-05T05:02:28.901796+00:00,5221,7657454941850,1920,1200
directshow_index_1,452,173310171000000,173310171000000,173310171000000,2026-09-05T05:02:28.902795+00:00,,,640,480
directshow_index_1,453,173310265000000,173310265000000,173310265000000,2026-09-05T05:02:28.989269+00:00,,,640,480
daheng_sn_FDE23080341,440,173310234000000,173310234000000,173310234000000,2026-09-05T05:02:28.998291+00:00,5233,7657547159450,1920,1200
daheng_sn_FDE23080341,441,173310328000000,173310328000000,173310328000000,2026-09-05T05:02:29.082932+00:00,5245,7657639377050,1920,1200
directshow_index_1,454,173310359000000,173310359000000,173310359000000,2026-09-05T05:02:29.083936+00:00,,,640,480
directshow_index_1,455,173310453000000,173310453000000,173310453000000,2026-09-05T05:02:29.174567+00:00,,,640,480
daheng_sn_FDE23080341,442,173310421000000,173310421000000,173310421000000,2026-09-05T05:02:29.181312+00:00,5257,7657731594650,1920,1200
daheng_sn_FDE23080341,443,173310515000000,173310515000000,173310515000000,2026-09-05T05:02:29.270341+00:00,5269,7657823812250,1920,1200
directshow_index_1,456,173310546000000,173310546000000,173310546000000,2026-09-05T05:02:29.271350+00:00,,,640,480
directshow_index_1,457,173310640000000,173310640000000,173310640000000,2026-09-05T05:02:29.363124+00:00,,,640,480
daheng_sn_FDE23080341,444,173310609000000,173310609000000,173310609000000,2026-09-05T05:02:29.379311+00:00,5282,7657923714650,1920,1200
daheng_sn_FDE23080341,445,173310703000000,173310703000000,173310703000000,2026-09-05T05:02:29.456147+00:00,5294,7658015932250,1920,1200
directshow_index_1,458,173310734000000,173310734000000,173310734000000,2026-09-05T05:02:29.457145+00:00,,,640,480
daheng_sn_FDE23080341,446,173310796000000,173310796000000,173310796000000,2026-09-05T05:02:29.552864+00:00,5306,7658108149850,1920,1200
directshow_index_1,459,173310828000000,173310828000000,173310828000000,2026-09-05T05:02:29.554867+00:00,,,640,480
daheng_sn_FDE23080341,447,173310890000000,173310890000000,173310890000000,2026-09-05T05:02:29.647230+00:00,5318,7658200367450,1920,1200
directshow_index_1,460,173310921000000,173310921000000,173310921000000,2026-09-05T05:02:29.647230+00:00,,,640,480
directshow_index_1,461,173311015000000,173311015000000,173311015000000,2026-09-05T05:02:29.737615+00:00,,,640,480
daheng_sn_FDE23080341,448,173310984000000,173310984000000,173310984000000,2026-09-05T05:02:29.745334+00:00,5330,7658292585050,1920,1200
daheng_sn_FDE23080341,449,173311078000000,173311078000000,173311078000000,2026-09-05T05:02:29.838245+00:00,5343,7658392487450,1920,1200
directshow_index_1,462,173311109000000,173311109000000,173311109000000,2026-09-05T05:02:29.839244+00:00,,,640,480
directshow_index_1,463,173311203000000,173311203000000,173311203000000,2026-09-05T05:02:29.923913+00:00,,,640,480
daheng_sn_FDE23080341,450,173311171000000,173311171000000,173311171000000,2026-09-05T05:02:29.929913+00:00,5355,7658484705050,1920,1200
daheng_sn_FDE23080341,451,173311265000000,173311265000000,173311265000000,2026-09-05T05:02:30.028376+00:00,5367,7658576922650,1920,1200
directshow_index_1,464,173311296000000,173311296000000,173311296000000,2026-09-05T05:02:30.028376+00:00,,,640,480
directshow_index_1,465,173311390000000,173311390000000,173311390000000,2026-09-05T05:02:30.115452+00:00,,,640,480
daheng_sn_FDE23080341,452,173311359000000,173311359000000,173311359000000,2026-09-05T05:02:30.119457+00:00,5379,7658669140250,1920,1200
daheng_sn_FDE23080341,453,173311453000000,173311453000000,173311453000000,2026-09-05T05:02:30.209635+00:00,5392,7658769042650,1920,1200
directshow_index_1,466,173311484000000,173311484000000,173311484000000,2026-09-05T05:02:30.210634+00:00,,,640,480
directshow_index_1,467,173311578000000,173311578000000,173311578000000,2026-09-05T05:02:30.301814+00:00,,,640,480
daheng_sn_FDE23080341,454,173311546000000,173311546000000,173311546000000,2026-09-05T05:02:30.304810+00:00,5403,7658853575450,1920,1200
directshow_index_1,468,173311671000000,173311671000000,173311671000000,2026-09-05T05:02:30.393081+00:00,,,640,480
daheng_sn_FDE23080341,455,173311640000000,173311640000000,173311640000000,2026-09-05T05:02:30.399085+00:00,5416,7658953477850,1920,1200
daheng_sn_FDE23080341,456,173311734000000,173311734000000,173311734000000,2026-09-05T05:02:30.490484+00:00,5428,7659045695450,1920,1200
directshow_index_1,469,173311765000000,173311765000000,173311765000000,2026-09-05T05:02:30.491484+00:00,,,640,480
directshow_index_1,470,173311859000000,173311859000000,173311859000000,2026-09-05T05:02:30.584535+00:00,,,640,480
daheng_sn_FDE23080341,457,173311828000000,173311828000000,173311828000000,2026-09-05T05:02:30.588537+00:00,5440,7659137913050,1920,1200
directshow_index_1,471,173311953000000,173311953000000,173311953000000,2026-09-05T05:02:30.676470+00:00,,,640,480
daheng_sn_FDE23080341,458,173311921000000,173311921000000,173311921000000,2026-09-05T05:02:30.680472+00:00,5452,7659230130650,1920,1200
directshow_index_1,472,173312046000000,173312046000000,173312046000000,2026-09-05T05:02:30.766705+00:00,,,640,480
daheng_sn_FDE23080341,459,173312015000000,173312015000000,173312015000000,2026-09-05T05:02:30.777223+00:00,5465,7659330033050,1920,1200
directshow_index_1,473,173312140000000,173312140000000,173312140000000,2026-09-05T05:02:30.866501+00:00,,,640,480
daheng_sn_FDE23080341,460,173312109000000,173312109000000,173312109000000,2026-09-05T05:02:30.870751+00:00,5477,7659422250650,1920,1200
directshow_index_1,474,173312234000000,173312234000000,173312234000000,2026-09-05T05:02:30.958421+00:00,,,640,480
daheng_sn_FDE23080341,461,173312203000000,173312203000000,173312203000000,2026-09-05T05:02:30.963028+00:00,5489,7659514468250,1920,1200
directshow_index_1,475,173312328000000,173312328000000,173312328000000,2026-09-05T05:02:31.053733+00:00,,,640,480
daheng_sn_FDE23080341,462,173312296000000,173312296000000,173312296000000,2026-09-05T05:02:31.057733+00:00,5501,7659606685850,1920,1200
daheng_sn_FDE23080341,463,173312390000000,173312390000000,173312390000000,2026-09-05T05:02:31.149454+00:00,5514,7659706588250,1920,1200
directshow_index_1,476,173312421000000,173312421000000,173312421000000,2026-09-05T05:02:31.149454+00:00,,,640,480
daheng_sn_FDE23080341,464,173312484000000,173312484000000,173312484000000,2026-09-05T05:02:31.239072+00:00,5526,7659798805850,1920,1200
directshow_index_1,477,173312515000000,173312515000000,173312515000000,2026-09-05T05:02:31.240075+00:00,,,640,480
daheng_sn_FDE23080341,465,173312578000000,173312578000000,173312578000000,2026-09-05T05:02:31.336714+00:00,5538,7659891023450,1920,1200
directshow_index_1,478,173312609000000,173312609000000,173312609000000,2026-09-05T05:02:31.336714+00:00,,,640,480
daheng_sn_FDE23080341,466,173312671000000,173312671000000,173312671000000,2026-09-05T05:02:31.429962+00:00,5550,7659983241050,1920,1200
directshow_index_1,479,173312703000000,173312703000000,173312703000000,2026-09-05T05:02:31.429962+00:00,,,640,480
daheng_sn_FDE23080341,467,173312765000000,173312765000000,173312765000000,2026-09-05T05:02:31.526912+00:00,5562,7660075458650,1920,1200
directshow_index_1,480,173312796000000,173312796000000,173312796000000,2026-09-05T05:02:31.526912+00:00,,,640,480
directshow_index_1,481,173312890000000,173312890000000,173312890000000,2026-09-05T05:02:31.612168+00:00,,,640,480
daheng_sn_FDE23080341,468,173312859000000,173312859000000,173312859000000,2026-09-05T05:02:31.618173+00:00,5575,7660175361050,1920,1200
daheng_sn_FDE23080341,469,173312953000000,173312953000000,173312953000000,2026-09-05T05:02:31.709646+00:00,5587,7660267578650,1920,1200
directshow_index_1,482,173312984000000,173312984000000,173312984000000,2026-09-05T05:02:31.710634+00:00,,,640,480
daheng_sn_FDE23080341,470,173313046000000,173313046000000,173313046000000,2026-09-05T05:02:31.800421+00:00,5599,7660359796250,1920,1200
directshow_index_1,483,173313078000000,173313078000000,173313078000000,2026-09-05T05:02:31.805419+00:00,,,640,480
daheng_sn_FDE23080341,471,173313140000000,173313140000000,173313140000000,2026-09-05T05:02:31.898996+00:00,5611,7660452013850,1920,1200
directshow_index_1,484,173313171000000,173313171000000,173313171000000,2026-09-05T05:02:31.899993+00:00,,,640,480
daheng_sn_FDE23080341,472,173313234000000,173313234000000,173313234000000,2026-09-05T05:02:31.995167+00:00,5624,7660551916250,1920,1200
directshow_index_1,485,173313265000000,173313265000000,173313265000000,2026-09-05T05:02:31.995167+00:00,,,640,480
daheng_sn_FDE23080341,473,173313328000000,173313328000000,173313328000000,2026-09-05T05:02:32.079740+00:00,5636,7660644133850,1920,1200
directshow_index_1,486,173313359000000,173313359000000,173313359000000,2026-09-05T05:02:32.080743+00:00,,,640,480
directshow_index_1,487,173313453000000,173313453000000,173313453000000,2026-09-05T05:02:32.181482+00:00,,,640,480
daheng_sn_FDE23080341,474,173313421000000,173313421000000,173313421000000,2026-09-05T05:02:32.185473+00:00,5648,7660736351450,1920,1200
daheng_sn_FDE23080341,475,173313515000000,173313515000000,173313515000000,2026-09-05T05:02:32.273220+00:00,5660,7660828569050,1920,1200
directshow_index_1,488,173313546000000,173313546000000,173313546000000,2026-09-05T05:02:32.274377+00:00,,,640,480
daheng_sn_FDE23080341,476,173313609000000,173313609000000,173313609000000,2026-09-05T05:02:32.363450+00:00,5672,7660920786650,1920,1200
directshow_index_1,489,173313640000000,173313640000000,173313640000000,2026-09-05T05:02:32.365970+00:00,,,640,480
daheng_sn_FDE23080341,477,173313703000000,173313703000000,173313703000000,2026-09-05T05:02:32.459057+00:00,5684,7661013004250,1920,1200
directshow_index_1,490,173313734000000,173313734000000,173313734000000,2026-09-05T05:02:32.459057+00:00,,,640,480
daheng_sn_FDE23080341,478,173313796000000,173313796000000,173313796000000,2026-09-05T05:02:32.548499+00:00,5696,7661105221850,1920,1200
directshow_index_1,491,173313828000000,173313828000000,173313828000000,2026-09-05T05:02:32.551495+00:00,,,640,480
daheng_sn_FDE23080341,479,173313890000000,173313890000000,173313890000000,2026-09-05T05:02:32.642177+00:00,5709,7661205124250,1920,1200
directshow_index_1,492,173313921000000,173313921000000,173313921000000,2026-09-05T05:02:32.643174+00:00,,,640,480
daheng_sn_FDE23080341,480,173313984000000,173313984000000,173313984000000,2026-09-05T05:02:32.736679+00:00,5721,7661297341850,1920,1200
directshow_index_1,493,173314015000000,173314015000000,173314015000000,2026-09-05T05:02:32.739684+00:00,,,640,480
daheng_sn_FDE23080341,481,173314078000000,173314078000000,173314078000000,2026-09-05T05:02:32.828802+00:00,5733,7661389559450,1920,1200
directshow_index_1,494,173314109000000,173314109000000,173314109000000,2026-09-05T05:02:32.835224+00:00,,,640,480
daheng_sn_FDE23080341,482,173314171000000,173314171000000,173314171000000,2026-09-05T05:02:32.923154+00:00,5745,7661481777050,1920,1200
directshow_index_1,495,173314203000000,173314203000000,173314203000000,2026-09-05T05:02:32.926505+00:00,,,640,480
daheng_sn_FDE23080341,483,173314265000000,173314265000000,173314265000000,2026-09-05T05:02:33.014392+00:00,5757,7661573994650,1920,1200
directshow_index_1,496,173314296000000,173314296000000,173314296000000,2026-09-05T05:02:33.018906+00:00,,,640,480
daheng_sn_FDE23080341,484,173314359000000,173314359000000,173314359000000,2026-09-05T05:02:33.111876+00:00,5769,7661666212250,1920,1200
directshow_index_1,497,173314390000000,173314390000000,173314390000000,2026-09-05T05:02:33.113196+00:00,,,640,480
daheng_sn_FDE23080341,485,173314453000000,173314453000000,173314453000000,2026-09-05T05:02:33.209747+00:00,5782,7661766114650,1920,1200
directshow_index_1,498,173314484000000,173314484000000,173314484000000,2026-09-05T05:02:33.210745+00:00,,,640,480
daheng_sn_FDE23080341,486,173314546000000,173314546000000,173314546000000,2026-09-05T05:02:33.299965+00:00,5794,7661858332250,1920,1200
directshow_index_1,499,173314578000000,173314578000000,173314578000000,2026-09-05T05:02:33.304962+00:00,,,640,480
daheng_sn_FDE23080341,487,173314640000000,173314640000000,173314640000000,2026-09-05T05:02:33.396204+00:00,5806,7661950549850,1920,1200
directshow_index_1,500,173314671000000,173314671000000,173314671000000,2026-09-05T05:02:33.396204+00:00,,,640,480
daheng_sn_FDE23080341,488,173314734000000,173314734000000,173314734000000,2026-09-05T05:02:33.489591+00:00,5819,7662050452250,1920,1200
directshow_index_1,501,173314765000000,173314765000000,173314765000000,2026-09-05T05:02:33.489591+00:00,,,640,480
daheng_sn_FDE23080341,489,173314828000000,173314828000000,173314828000000,2026-09-05T05:02:33.588545+00:00,5830,7662134985050,1920,1200
directshow_index_1,502,173314859000000,173314859000000,173314859000000,2026-09-05T05:02:33.589547+00:00,,,640,480
directshow_index_1,503,173314953000000,173314953000000,173314953000000,2026-09-05T05:02:33.678890+00:00,,,640,480
daheng_sn_FDE23080341,490,173314921000000,173314921000000,173314921000000,2026-09-05T05:02:33.697263+00:00,5843,7662234887450,1920,1200
directshow_index_1,504,173315046000000,173315046000000,173315046000000,2026-09-05T05:02:33.774539+00:00,,,640,480
daheng_sn_FDE23080341,491,173315015000000,173315015000000,173315015000000,2026-09-05T05:02:33.789541+00:00,5855,7662327105050,1920,1200
directshow_index_1,505,173315140000000,173315140000000,173315140000000,2026-09-05T05:02:33.866409+00:00,,,640,480
daheng_sn_FDE23080341,492,173315109000000,173315109000000,173315109000000,2026-09-05T05:02:33.872278+00:00,5867,7662419322650,1920,1200
directshow_index_1,506,173315234000000,173315234000000,173315234000000,2026-09-05T05:02:33.955648+00:00,,,640,480
daheng_sn_FDE23080341,493,173315203000000,173315203000000,173315203000000,2026-09-05T05:02:33.966317+00:00,5879,7662511540250,1920,1200
daheng_sn_FDE23080341,494,173315296000000,173315296000000,173315296000000,2026-09-05T05:02:34.055163+00:00,5891,7662603757850,1920,1200
directshow_index_1,507,173315328000000,173315328000000,173315328000000,2026-09-05T05:02:34.055732+00:00,,,640,480
daheng_sn_FDE23080341,495,173315390000000,173315390000000,173315390000000,2026-09-05T05:02:34.155047+00:00,5904,7662703660250,1920,1200
directshow_index_1,508,173315421000000,173315421000000,173315421000000,2026-09-05T05:02:34.155603+00:00,,,640,480
daheng_sn_FDE23080341,496,173315484000000,173315484000000,173315484000000,2026-09-05T05:02:34.239121+00:00,5916,7662795877850,1920,1200
directshow_index_1,509,173315515000000,173315515000000,173315515000000,2026-09-05T05:02:34.241121+00:00,,,640,480
daheng_sn_FDE23080341,497,173315578000000,173315578000000,173315578000000,2026-09-05T05:02:34.333905+00:00,5928,7662888095450,1920,1200
directshow_index_1,510,173315609000000,173315609000000,173315609000000,2026-09-05T05:02:34.333905+00:00,,,640,480
directshow_index_1,511,173315703000000,173315703000000,173315703000000,2026-09-05T05:02:34.430436+00:00,,,640,480
daheng_sn_FDE23080341,498,173315671000000,173315671000000,173315671000000,2026-09-05T05:02:34.439557+00:00,5940,7662980313050,1920,1200
daheng_sn_FDE23080341,499,173315765000000,173315765000000,173315765000000,2026-09-05T05:02:34.526571+00:00,5953,7663080215450,1920,1200
directshow_index_1,512,173315796000000,173315796000000,173315796000000,2026-09-05T05:02:34.527571+00:00,,,640,480
directshow_index_1,513,173315890000000,173315890000000,173315890000000,2026-09-05T05:02:34.611014+00:00,,,640,480
daheng_sn_FDE23080341,500,173315859000000,173315859000000,173315859000000,2026-09-05T05:02:34.615016+00:00,5965,7663172433050,1920,1200
daheng_sn_FDE23080341,501,173315953000000,173315953000000,173315953000000,2026-09-05T05:02:34.707294+00:00,5977,7663264650650,1920,1200
directshow_index_1,514,173315984000000,173315984000000,173315984000000,2026-09-05T05:02:34.708290+00:00,,,640,480
directshow_index_1,515,173316078000000,173316078000000,173316078000000,2026-09-05T05:02:34.799385+00:00,,,640,480
daheng_sn_FDE23080341,502,173316046000000,173316046000000,173316046000000,2026-09-05T05:02:34.803386+00:00,5989,7663356868250,1920,1200
daheng_sn_FDE23080341,503,173316140000000,173316140000000,173316140000000,2026-09-05T05:02:34.893256+00:00,6001,7663449085850,1920,1200
directshow_index_1,516,173316171000000,173316171000000,173316171000000,2026-09-05T05:02:34.894768+00:00,,,640,480
daheng_sn_FDE23080341,504,173316234000000,173316234000000,173316234000000,2026-09-05T05:02:34.994768+00:00,6014,7663548988250,1920,1200
directshow_index_1,517,173316265000000,173316265000000,173316265000000,2026-09-05T05:02:34.994768+00:00,,,640,480
directshow_index_1,518,173316359000000,173316359000000,173316359000000,2026-09-05T05:02:35.081493+00:00,,,640,480
daheng_sn_FDE23080341,505,173316328000000,173316328000000,173316328000000,2026-09-05T05:02:35.086128+00:00,6025,7663633521050,1920,1200
daheng_sn_FDE23080341,506,173316421000000,173316421000000,173316421000000,2026-09-05T05:02:35.176373+00:00,6038,7663733423450,1920,1200
directshow_index_1,519,173316453000000,173316453000000,173316453000000,2026-09-05T05:02:35.176973+00:00,,,640,480
daheng_sn_FDE23080341,507,173316515000000,173316515000000,173316515000000,2026-09-05T05:02:35.270033+00:00,6050,7663825641050,1920,1200
directshow_index_1,520,173316546000000,173316546000000,173316546000000,2026-09-05T05:02:35.270033+00:00,,,640,480
daheng_sn_FDE23080341,508,173316609000000,173316609000000,173316609000000,2026-09-05T05:02:35.365722+00:00,6063,7663925543450,1920,1200
directshow_index_1,521,173316640000000,173316640000000,173316640000000,2026-09-05T05:02:35.365722+00:00,,,640,480
directshow_index_1,522,173316734000000,173316734000000,173316734000000,2026-09-05T05:02:35.455268+00:00,,,640,480
daheng_sn_FDE23080341,509,173316703000000,173316703000000,173316703000000,2026-09-05T05:02:35.460566+00:00,6074,7664010076250,1920,1200
daheng_sn_FDE23080341,510,173316796000000,173316796000000,173316796000000,2026-09-05T05:02:35.547197+00:00,6087,7664109978650,1920,1200
directshow_index_1,523,173316828000000,173316828000000,173316828000000,2026-09-05T05:02:35.548950+00:00,,,640,480
daheng_sn_FDE23080341,511,173316890000000,173316890000000,173316890000000,2026-09-05T05:02:35.641900+00:00,6099,7664202196250,1920,1200
directshow_index_1,524,173316921000000,173316921000000,173316921000000,2026-09-05T05:02:35.647908+00:00,,,640,480
daheng_sn_FDE23080341,512,173316984000000,173316984000000,173316984000000,2026-09-05T05:02:35.740077+00:00,6111,7664294413850,1920,1200
directshow_index_1,525,173317015000000,173317015000000,173317015000000,2026-09-05T05:02:35.740665+00:00,,,640,480
daheng_sn_FDE23080341,513,173317078000000,173317078000000,173317078000000,2026-09-05T05:02:35.830589+00:00,6124,7664394316250,1920,1200
directshow_index_1,526,173317109000000,173317109000000,173317109000000,2026-09-05T05:02:35.835599+00:00,,,640,480
daheng_sn_FDE23080341,514,173317171000000,173317171000000,173317171000000,2026-09-05T05:02:35.930437+00:00,6135,7664478849050,1920,1200
directshow_index_1,527,173317203000000,173317203000000,173317203000000,2026-09-05T05:02:35.930437+00:00,,,640,480
daheng_sn_FDE23080341,515,173317265000000,173317265000000,173317265000000,2026-09-05T05:02:36.021489+00:00,6148,7664578751450,1920,1200
directshow_index_1,528,173317296000000,173317296000000,173317296000000,2026-09-05T05:02:36.023488+00:00,,,640,480
daheng_sn_FDE23080341,516,173317359000000,173317359000000,173317359000000,2026-09-05T05:02:36.116137+00:00,6160,7664670969050,1920,1200
directshow_index_1,529,173317390000000,173317390000000,173317390000000,2026-09-05T05:02:36.116891+00:00,,,640,480
daheng_sn_FDE23080341,517,173317453000000,173317453000000,173317453000000,2026-09-05T05:02:36.211279+00:00,6172,7664763186650,1920,1200
directshow_index_1,530,173317484000000,173317484000000,173317484000000,2026-09-05T05:02:36.212277+00:00,,,640,480
daheng_sn_FDE23080341,518,173317546000000,173317546000000,173317546000000,2026-09-05T05:02:36.300754+00:00,6184,7664855404250,1920,1200
directshow_index_1,531,173317578000000,173317578000000,173317578000000,2026-09-05T05:02:36.304232+00:00,,,640,480
daheng_sn_FDE23080341,519,173317640000000,173317640000000,173317640000000,2026-09-05T05:02:36.400886+00:00,6197,7664955306650,1920,1200
directshow_index_1,532,173317671000000,173317671000000,173317671000000,2026-09-05T05:02:36.400886+00:00,,,640,480
daheng_sn_FDE23080341,520,173317734000000,173317734000000,173317734000000,2026-09-05T05:02:36.491069+00:00,6209,7665047524250,1920,1200
directshow_index_1,533,173317765000000,173317765000000,173317765000000,2026-09-05T05:02:36.491069+00:00,,,640,480
daheng_sn_FDE23080341,521,173317828000000,173317828000000,173317828000000,2026-09-05T05:02:36.588892+00:00,6221,7665139741850,1920,1200
directshow_index_1,534,173317859000000,173317859000000,173317859000000,2026-09-05T05:02:36.589433+00:00,,,640,480
directshow_index_1,535,173317953000000,173317953000000,173317953000000,2026-09-05T05:02:36.675519+00:00,,,640,480
daheng_sn_FDE23080341,522,173317921000000,173317921000000,173317921000000,2026-09-05T05:02:36.684985+00:00,6233,7665231959450,1920,1200
directshow_index_1,536,173318046000000,173318046000000,173318046000000,2026-09-05T05:02:36.767424+00:00,,,640,480
daheng_sn_FDE23080341,523,173318015000000,173318015000000,173318015000000,2026-09-05T05:02:36.771423+00:00,6245,7665324177050,1920,1200
directshow_index_1,537,173318140000000,173318140000000,173318140000000,2026-09-05T05:02:36.862848+00:00,,,640,480
daheng_sn_FDE23080341,524,173318109000000,173318109000000,173318109000000,2026-09-05T05:02:36.866839+00:00,6257,7665416394650,1920,1200
directshow_index_1,538,173318234000000,173318234000000,173318234000000,2026-09-05T05:02:36.959349+00:00,,,640,480
daheng_sn_FDE23080341,525,173318203000000,173318203000000,173318203000000,2026-09-05T05:02:36.964366+00:00,6270,7665516297050,1920,1200
daheng_sn_FDE23080341,526,173318296000000,173318296000000,173318296000000,2026-09-05T05:02:37.056166+00:00,6282,7665608514650,1920,1200
directshow_index_1,539,173318328000000,173318328000000,173318328000000,2026-09-05T05:02:37.057167+00:00,,,640,480
directshow_index_1,540,173318421000000,173318421000000,173318421000000,2026-09-05T05:02:37.142922+00:00,,,640,480
daheng_sn_FDE23080341,527,173318390000000,173318390000000,173318390000000,2026-09-05T05:02:37.147925+00:00,6294,7665700732250,1920,1200
directshow_index_1,541,173318515000000,173318515000000,173318515000000,2026-09-05T05:02:37.239160+00:00,,,640,480
daheng_sn_FDE23080341,528,173318484000000,173318484000000,173318484000000,2026-09-05T05:02:37.242276+00:00,6307,7665800634650,1920,1200
daheng_sn_FDE23080341,529,173318578000000,173318578000000,173318578000000,2026-09-05T05:02:37.334402+00:00,6318,7665885167450,1920,1200
directshow_index_1,542,173318609000000,173318609000000,173318609000000,2026-09-05T05:02:37.335396+00:00,,,640,480
directshow_index_1,543,173318703000000,173318703000000,173318703000000,2026-09-05T05:02:37.427444+00:00,,,640,480
daheng_sn_FDE23080341,530,173318671000000,173318671000000,173318671000000,2026-09-05T05:02:37.432442+00:00,6331,7665985069850,1920,1200
daheng_sn_FDE23080341,531,173318765000000,173318765000000,173318765000000,2026-09-05T05:02:37.520558+00:00,6343,7666077287450,1920,1200
directshow_index_1,544,173318796000000,173318796000000,173318796000000,2026-09-05T05:02:37.520558+00:00,,,640,480
daheng_sn_FDE23080341,532,173318859000000,173318859000000,173318859000000,2026-09-05T05:02:37.617299+00:00,6356,7666177189850,1920,1200
directshow_index_1,545,173318890000000,173318890000000,173318890000000,2026-09-05T05:02:37.617299+00:00,,,640,480
daheng_sn_FDE23080341,533,173318953000000,173318953000000,173318953000000,2026-09-05T05:02:37.710411+00:00,6368,7666269407450,1920,1200
directshow_index_1,546,173318984000000,173318984000000,173318984000000,2026-09-05T05:02:37.710968+00:00,,,640,480
directshow_index_1,547,173319078000000,173319078000000,173319078000000,2026-09-05T05:02:37.798311+00:00,,,640,480
daheng_sn_FDE23080341,534,173319046000000,173319046000000,173319046000000,2026-09-05T05:02:37.810472+00:00,6380,7666361625050,1920,1200
daheng_sn_FDE23080341,535,173319140000000,173319140000000,173319140000000,2026-09-05T05:02:37.900396+00:00,6392,7666453842650,1920,1200
directshow_index_1,548,173319171000000,173319171000000,173319171000000,2026-09-05T05:02:37.901405+00:00,,,640,480
directshow_index_1,549,173319265000000,173319265000000,173319265000000,2026-09-05T05:02:37.988938+00:00,,,640,480
daheng_sn_FDE23080341,536,173319234000000,173319234000000,173319234000000,2026-09-05T05:02:37.995541+00:00,6404,7666546060250,1920,1200
directshow_index_1,550,173319359000000,173319359000000,173319359000000,2026-09-05T05:02:38.081329+00:00,,,640,480
daheng_sn_FDE23080341,537,173319328000000,173319328000000,173319328000000,2026-09-05T05:02:38.088341+00:00,6416,7666638277850,1920,1200
directshow_index_1,551,173319453000000,173319453000000,173319453000000,2026-09-05T05:02:38.174551+00:00,,,640,480
daheng_sn_FDE23080341,538,173319421000000,173319421000000,173319421000000,2026-09-05T05:02:38.192082+00:00,6428,7666730495450,1920,1200
daheng_sn_FDE23080341,539,173319515000000,173319515000000,173319515000000,2026-09-05T05:02:38.277366+00:00,6441,7666830397850,1920,1200
directshow_index_1,552,173319546000000,173319546000000,173319546000000,2026-09-05T05:02:38.277366+00:00,,,640,480
directshow_index_1,553,173319640000000,173319640000000,173319640000000,2026-09-05T05:02:38.363861+00:00,,,640,480
daheng_sn_FDE23080341,540,173319609000000,173319609000000,173319609000000,2026-09-05T05:02:38.378220+00:00,6452,7666914930650,1920,1200
daheng_sn_FDE23080341,541,173319703000000,173319703000000,173319703000000,2026-09-05T05:02:38.464084+00:00,6465,7667014833050,1920,1200
directshow_index_1,554,173319734000000,173319734000000,173319734000000,2026-09-05T05:02:38.465092+00:00,,,640,480
directshow_index_1,555,173319828000000,173319828000000,173319828000000,2026-09-05T05:02:38.551978+00:00,,,640,480
daheng_sn_FDE23080341,542,173319796000000,173319796000000,173319796000000,2026-09-05T05:02:38.561986+00:00,6477,7667107050650,1920,1200
daheng_sn_FDE23080341,543,173319890000000,173319890000000,173319890000000,2026-09-05T05:02:38.653502+00:00,6489,7667199268250,1920,1200
directshow_index_1,556,173319921000000,173319921000000,173319921000000,2026-09-05T05:02:38.654062+00:00,,,640,480
directshow_index_1,557,173320015000000,173320015000000,173320015000000,2026-09-05T05:02:38.739761+00:00,,,640,480
daheng_sn_FDE23080341,544,173319984000000,173319984000000,173319984000000,2026-09-05T05:02:38.745909+00:00,6501,7667291485850,1920,1200
directshow_index_1,558,173320109000000,173320109000000,173320109000000,2026-09-05T05:02:38.833915+00:00,,,640,480
daheng_sn_FDE23080341,545,173320078000000,173320078000000,173320078000000,2026-09-05T05:02:38.841909+00:00,6514,7667391388250,1920,1200
directshow_index_1,559,173320203000000,173320203000000,173320203000000,2026-09-05T05:02:38.928900+00:00,,,640,480
daheng_sn_FDE23080341,546,173320171000000,173320171000000,173320171000000,2026-09-05T05:02:38.944686+00:00,6526,7667483605850,1920,1200
daheng_sn_FDE23080341,547,173320265000000,173320265000000,173320265000000,2026-09-05T05:02:39.025002+00:00,6538,7667575823450,1920,1200
directshow_index_1,560,173320296000000,173320296000000,173320296000000,2026-09-05T05:02:39.026013+00:00,,,640,480
directshow_index_1,561,173320390000000,173320390000000,173320390000000,2026-09-05T05:02:39.111284+00:00,,,640,480
daheng_sn_FDE23080341,548,173320359000000,173320359000000,173320359000000,2026-09-05T05:02:39.120282+00:00,6551,7667675725850,1920,1200
directshow_index_1,562,173320484000000,173320484000000,173320484000000,2026-09-05T05:02:39.205657+00:00,,,640,480
daheng_sn_FDE23080341,549,173320453000000,173320453000000,173320453000000,2026-09-05T05:02:39.212186+00:00,6563,7667767943450,1920,1200
daheng_sn_FDE23080341,550,173320546000000,173320546000000,173320546000000,2026-09-05T05:02:39.305153+00:00,6575,7667860161050,1920,1200
directshow_index_1,563,173320578000000,173320578000000,173320578000000,2026-09-05T05:02:39.306153+00:00,,,640,480
daheng_sn_FDE23080341,551,173320640000000,173320640000000,173320640000000,2026-09-05T05:02:39.400672+00:00,6587,7667952378650,1920,1200
directshow_index_1,564,173320671000000,173320671000000,173320671000000,2026-09-05T05:02:39.401671+00:00,,,640,480
directshow_index_1,565,173320765000000,173320765000000,173320765000000,2026-09-05T05:02:39.486630+00:00,,,640,480
daheng_sn_FDE23080341,552,173320734000000,173320734000000,173320734000000,2026-09-05T05:02:39.491732+00:00,6599,7668044596250,1920,1200
daheng_sn_FDE23080341,553,173320828000000,173320828000000,173320828000000,2026-09-05T05:02:39.579962+00:00,6611,7668136813850,1920,1200
directshow_index_1,566,173320859000000,173320859000000,173320859000000,2026-09-05T05:02:39.579962+00:00,,,640,480
daheng_sn_FDE23080341,554,173320921000000,173320921000000,173320921000000,2026-09-05T05:02:39.676683+00:00,6623,7668229031450,1920,1200
directshow_index_1,567,173320953000000,173320953000000,173320953000000,2026-09-05T05:02:39.679453+00:00,,,640,480
daheng_sn_FDE23080341,555,173321015000000,173321015000000,173321015000000,2026-09-05T05:02:39.771090+00:00,6636,7668328933850,1920,1200
directshow_index_1,568,173321046000000,173321046000000,173321046000000,2026-09-05T05:02:39.772092+00:00,,,640,480
daheng_sn_FDE23080341,556,173321109000000,173321109000000,173321109000000,2026-09-05T05:02:39.867605+00:00,6648,7668421151450,1920,1200
directshow_index_1,569,173321140000000,173321140000000,173321140000000,2026-09-05T05:02:39.868631+00:00,,,640,480
daheng_sn_FDE23080341,557,173321203000000,173321203000000,173321203000000,2026-09-05T05:02:39.958296+00:00,6661,7668521053850,1920,1200
directshow_index_1,570,173321234000000,173321234000000,173321234000000,2026-09-05T05:02:39.960366+00:00,,,640,480
daheng_sn_FDE23080341,558,173321296000000,173321296000000,173321296000000,2026-09-05T05:02:40.056282+00:00,6672,7668605586650,1920,1200
directshow_index_1,571,173321328000000,173321328000000,173321328000000,2026-09-05T05:02:40.057285+00:00,,,640,480
directshow_index_1,572,173321421000000,173321421000000,173321421000000,2026-09-05T05:02:40.155716+00:00,,,640,480
daheng_sn_FDE23080341,559,173321390000000,173321390000000,173321390000000,2026-09-05T05:02:40.172039+00:00,6685,7668705489050,1920,1200
directshow_index_1,573,173321515000000,173321515000000,173321515000000,2026-09-05T05:02:40.240790+00:00,,,640,480
daheng_sn_FDE23080341,560,173321484000000,173321484000000,173321484000000,2026-09-05T05:02:40.265446+00:00,6697,7668797706650,1920,1200
daheng_sn_FDE23080341,561,173321578000000,173321578000000,173321578000000,2026-09-05T05:02:40.338054+00:00,6709,7668889924250,1920,1200
directshow_index_1,574,173321609000000,173321609000000,173321609000000,2026-09-05T05:02:40.338054+00:00,,,640,480
directshow_index_1,575,173321703000000,173321703000000,173321703000000,2026-09-05T05:02:40.425480+00:00,,,640,480
daheng_sn_FDE23080341,562,173321671000000,173321671000000,173321671000000,2026-09-05T05:02:40.433478+00:00,6721,7668982141850,1920,1200
directshow_index_1,576,173321796000000,173321796000000,173321796000000,2026-09-05T05:02:40.517920+00:00,,,640,480
daheng_sn_FDE23080341,563,173321765000000,173321765000000,173321765000000,2026-09-05T05:02:40.528356+00:00,6733,7669074359450,1920,1200
directshow_index_1,577,173321890000000,173321890000000,173321890000000,2026-09-05T05:02:40.617736+00:00,,,640,480
daheng_sn_FDE23080341,564,173321859000000,173321859000000,173321859000000,2026-09-05T05:02:40.622729+00:00,6745,7669166577050,1920,1200
daheng_sn_FDE23080341,565,173321953000000,173321953000000,173321953000000,2026-09-05T05:02:40.712704+00:00,6758,7669266479450,1920,1200
directshow_index_1,578,173321984000000,173321984000000,173321984000000,2026-09-05T05:02:40.713698+00:00,,,640,480
directshow_index_1,579,173322078000000,173322078000000,173322078000000,2026-09-05T05:02:40.799784+00:00,,,640,480
daheng_sn_FDE23080341,566,173322046000000,173322046000000,173322046000000,2026-09-05T05:02:40.805372+00:00,6770,7669358697050,1920,1200
daheng_sn_FDE23080341,567,173322140000000,173322140000000,173322140000000,2026-09-05T05:02:40.899039+00:00,6782,7669450914650,1920,1200
directshow_index_1,580,173322171000000,173322171000000,173322171000000,2026-09-05T05:02:40.900038+00:00,,,640,480
directshow_index_1,581,173322265000000,173322265000000,173322265000000,2026-09-05T05:02:40.991257+00:00,,,640,480
daheng_sn_FDE23080341,568,173322234000000,173322234000000,173322234000000,2026-09-05T05:02:40.996383+00:00,6794,7669543132250,1920,1200
directshow_index_1,582,173322359000000,173322359000000,173322359000000,2026-09-05T05:02:41.082725+00:00,,,640,480
daheng_sn_FDE23080341,569,173322328000000,173322328000000,173322328000000,2026-09-05T05:02:41.090361+00:00,6807,7669643034650,1920,1200
directshow_index_1,583,173322453000000,173322453000000,173322453000000,2026-09-05T05:02:41.174488+00:00,,,640,480
daheng_sn_FDE23080341,570,173322421000000,173322421000000,173322421000000,2026-09-05T05:02:41.181486+00:00,6819,7669735252250,1920,1200
directshow_index_1,584,173322546000000,173322546000000,173322546000000,2026-09-05T05:02:41.271502+00:00,,,640,480
daheng_sn_FDE23080341,571,173322515000000,173322515000000,173322515000000,2026-09-05T05:02:41.279514+00:00,6831,7669827469850,1920,1200
directshow_index_1,585,173322640000000,173322640000000,173322640000000,2026-09-05T05:02:41.363022+00:00,,,640,480
daheng_sn_FDE23080341,572,173322609000000,173322609000000,173322609000000,2026-09-05T05:02:41.367813+00:00,6843,7669919687450,1920,1200
daheng_sn_FDE23080341,573,173322703000000,173322703000000,173322703000000,2026-09-05T05:02:41.458758+00:00,6855,7670011905050,1920,1200
directshow_index_1,586,173322734000000,173322734000000,173322734000000,2026-09-05T05:02:41.463760+00:00,,,640,480
directshow_index_1,587,173322828000000,173322828000000,173322828000000,2026-09-05T05:02:41.549515+00:00,,,640,480
daheng_sn_FDE23080341,574,173322796000000,173322796000000,173322796000000,2026-09-05T05:02:41.556081+00:00,6868,7670111807450,1920,1200
daheng_sn_FDE23080341,575,173322890000000,173322890000000,173322890000000,2026-09-05T05:02:41.645743+00:00,6880,7670204025050,1920,1200
directshow_index_1,588,173322921000000,173322921000000,173322921000000,2026-09-05T05:02:41.645743+00:00,,,640,480
directshow_index_1,589,173323015000000,173323015000000,173323015000000,2026-09-05T05:02:41.736357+00:00,,,640,480
daheng_sn_FDE23080341,576,173322984000000,173322984000000,173322984000000,2026-09-05T05:02:41.746336+00:00,6892,7670296242650,1920,1200
daheng_sn_FDE23080341,577,173323078000000,173323078000000,173323078000000,2026-09-05T05:02:41.840319+00:00,6904,7670388460250,1920,1200
directshow_index_1,590,173323109000000,173323109000000,173323109000000,2026-09-05T05:02:41.841319+00:00,,,640,480
daheng_sn_FDE23080341,578,173323171000000,173323171000000,173323171000000,2026-09-05T05:02:41.929273+00:00,6916,7670480677850,1920,1200
directshow_index_1,591,173323203000000,173323203000000,173323203000000,2026-09-05T05:02:41.929273+00:00,,,640,480
directshow_index_1,592,173323296000000,173323296000000,173323296000000,2026-09-05T05:02:42.021509+00:00,,,640,480
daheng_sn_FDE23080341,579,173323265000000,173323265000000,173323265000000,2026-09-05T05:02:42.033647+00:00,6928,7670572895450,1920,1200
directshow_index_1,593,173323390000000,173323390000000,173323390000000,2026-09-05T05:02:42.115891+00:00,,,640,480
daheng_sn_FDE23080341,580,173323359000000,173323359000000,173323359000000,2026-09-05T05:02:42.121330+00:00,6941,7670672797850,1920,1200
directshow_index_1,594,173323484000000,173323484000000,173323484000000,2026-09-05T05:02:42.208660+00:00,,,640,480
daheng_sn_FDE23080341,581,173323453000000,173323453000000,173323453000000,2026-09-05T05:02:42.218663+00:00,6953,7670765015450,1920,1200
daheng_sn_FDE23080341,582,173323546000000,173323546000000,173323546000000,2026-09-05T05:02:42.304160+00:00,6965,7670857233050,1920,1200
directshow_index_1,595,173323578000000,173323578000000,173323578000000,2026-09-05T05:02:42.305159+00:00,,,640,480
daheng_sn_FDE23080341,583,173323640000000,173323640000000,173323640000000,2026-09-05T05:02:42.400741+00:00,6977,7670949450650,1920,1200
directshow_index_1,596,173323671000000,173323671000000,173323671000000,2026-09-05T05:02:42.400741+00:00,,,640,480
daheng_sn_FDE23080341,584,173323734000000,173323734000000,173323734000000,2026-09-05T05:02:42.495753+00:00,6989,7671041668250,1920,1200
directshow_index_1,597,173323765000000,173323765000000,173323765000000,2026-09-05T05:02:42.496752+00:00,,,640,480
directshow_index_1,598,173323859000000,173323859000000,173323859000000,2026-09-05T05:02:42.581424+00:00,,,640,480
daheng_sn_FDE23080341,585,173323828000000,173323828000000,173323828000000,2026-09-05T05:02:42.594238+00:00,7002,7671141570650,1920,1200
daheng_sn_FDE23080341,586,173323921000000,173323921000000,173323921000000,2026-09-05T05:02:42.684575+00:00,7014,7671233788250,1920,1200
directshow_index_1,599,173323953000000,173323953000000,173323953000000,2026-09-05T05:02:42.684575+00:00,,,640,480
directshow_index_1,600,173324046000000,173324046000000,173324046000000,2026-09-05T05:02:42.772050+00:00,,,640,480
daheng_sn_FDE23080341,587,173324015000000,173324015000000,173324015000000,2026-09-05T05:02:42.777003+00:00,7026,7671326005850,1920,1200
directshow_index_1,601,173324140000000,173324140000000,173324140000000,2026-09-05T05:02:42.866240+00:00,,,640,480
daheng_sn_FDE23080341,588,173324109000000,173324109000000,173324109000000,2026-09-05T05:02:42.876816+00:00,7038,7671418223450,1920,1200
directshow_index_1,602,173324234000000,173324234000000,173324234000000,2026-09-05T05:02:42.959275+00:00,,,640,480
daheng_sn_FDE23080341,589,173324203000000,173324203000000,173324203000000,2026-09-05T05:02:42.975489+00:00,7050,7671510441050,1920,1200
directshow_index_1,603,173324328000000,173324328000000,173324328000000,2026-09-05T05:02:43.054858+00:00,,,640,480
daheng_sn_FDE23080341,590,173324296000000,173324296000000,173324296000000,2026-09-05T05:02:43.067851+00:00,7063,7671610343450,1920,1200
daheng_sn_FDE23080341,591,173324390000000,173324390000000,173324390000000,2026-09-05T05:02:43.151473+00:00,7075,7671702561050,1920,1200
directshow_index_1,604,173324421000000,173324421000000,173324421000000,2026-09-05T05:02:43.152028+00:00,,,640,480
directshow_index_1,605,173324515000000,173324515000000,173324515000000,2026-09-05T05:02:43.236839+00:00,,,640,480
daheng_sn_FDE23080341,592,173324484000000,173324484000000,173324484000000,2026-09-05T05:02:43.243870+00:00,7087,7671794778650,1920,1200
directshow_index_1,606,173324609000000,173324609000000,173324609000000,2026-09-05T05:02:43.330304+00:00,,,640,480
daheng_sn_FDE23080341,593,173324578000000,173324578000000,173324578000000,2026-09-05T05:02:43.339095+00:00,7099,7671886996250,1920,1200
daheng_sn_FDE23080341,594,173324671000000,173324671000000,173324671000000,2026-09-05T05:02:43.433104+00:00,7111,7671979213850,1920,1200
directshow_index_1,607,173324703000000,173324703000000,173324703000000,2026-09-05T05:02:43.433104+00:00,,,640,480
daheng_sn_FDE23080341,595,173324765000000,173324765000000,173324765000000,2026-09-05T05:02:43.522835+00:00,7124,7672079116250,1920,1200
directshow_index_1,608,173324796000000,173324796000000,173324796000000,2026-09-05T05:02:43.524853+00:00,,,640,480
directshow_index_1,609,173324890000000,173324890000000,173324890000000,2026-09-05T05:02:43.612081+00:00,,,640,480
daheng_sn_FDE23080341,596,173324859000000,173324859000000,173324859000000,2026-09-05T05:02:43.621954+00:00,7136,7672171333850,1920,1200
daheng_sn_FDE23080341,597,173324953000000,173324953000000,173324953000000,2026-09-05T05:02:43.711627+00:00,7148,7672263551450,1920,1200
directshow_index_1,610,173324984000000,173324984000000,173324984000000,2026-09-05T05:02:43.711627+00:00,,,640,480
daheng_sn_FDE23080341,598,173325046000000,173325046000000,173325046000000,2026-09-05T05:02:43.806386+00:00,7160,7672355769050,1920,1200
directshow_index_1,611,173325078000000,173325078000000,173325078000000,2026-09-05T05:02:43.806386+00:00,,,640,480
daheng_sn_FDE23080341,599,173325140000000,173325140000000,173325140000000,2026-09-05T05:02:43.893767+00:00,7173,7672455671450,1920,1200
directshow_index_1,612,173325171000000,173325171000000,173325171000000,2026-09-05T05:02:43.893767+00:00,,,640,480
daheng_sn_FDE23080341,600,173325234000000,173325234000000,173325234000000,2026-09-05T05:02:43.990296+00:00,7185,7672547889050,1920,1200
directshow_index_1,613,173325265000000,173325265000000,173325265000000,2026-09-05T05:02:43.991425+00:00,,,640,480
directshow_index_1,614,173325359000000,173325359000000,173325359000000,2026-09-05T05:02:44.084738+00:00,,,640,480
daheng_sn_FDE23080341,601,173325328000000,173325343000000,173325335500000,2026-09-05T05:02:44.095257+00:00,7197,7672640106650,1920,1200
daheng_sn_FDE23080341,602,173325421000000,173325421000000,173325421000000,2026-09-05T05:02:44.177203+00:00,7209,7672732324250,1920,1200
directshow_index_1,615,173325453000000,173325453000000,173325453000000,2026-09-05T05:02:44.178204+00:00,,,640,480
daheng_sn_FDE23080341,603,173325515000000,173325515000000,173325515000000,2026-09-05T05:02:44.268183+00:00,7221,7672824541850,1920,1200
directshow_index_1,616,173325546000000,173325546000000,173325546000000,2026-09-05T05:02:44.269184+00:00,,,640,480
daheng_sn_FDE23080341,604,173325609000000,173325609000000,173325609000000,2026-09-05T05:02:44.362311+00:00,7234,7672924444250,1920,1200
directshow_index_1,617,173325640000000,173325640000000,173325640000000,2026-09-05T05:02:44.363311+00:00,,,640,480
daheng_sn_FDE23080341,605,173325703000000,173325703000000,173325703000000,2026-09-05T05:02:44.456114+00:00,7246,7673016661850,1920,1200
directshow_index_1,618,173325734000000,173325734000000,173325734000000,2026-09-05T05:02:44.456114+00:00,,,640,480
daheng_sn_FDE23080341,606,173325796000000,173325796000000,173325796000000,2026-09-05T05:02:44.552491+00:00,7258,7673108879450,1920,1200
directshow_index_1,619,173325828000000,173325828000000,173325828000000,2026-09-05T05:02:44.554479+00:00,,,640,480
directshow_index_1,620,173325921000000,173325921000000,173325921000000,2026-09-05T05:02:44.643765+00:00,,,640,480
daheng_sn_FDE23080341,607,173325890000000,173325890000000,173325890000000,2026-09-05T05:02:44.648760+00:00,7271,7673208781850,1920,1200
daheng_sn_FDE23080341,608,173325984000000,173325984000000,173325984000000,2026-09-05T05:02:44.737308+00:00,7282,7673293314650,1920,1200
directshow_index_1,621,173326015000000,173326015000000,173326015000000,2026-09-05T05:02:44.741305+00:00,,,640,480
daheng_sn_FDE23080341,609,173326078000000,173326078000000,173326078000000,2026-09-05T05:02:44.832209+00:00,7294,7673385532250,1920,1200
directshow_index_1,622,173326109000000,173326109000000,173326109000000,2026-09-05T05:02:44.833207+00:00,,,640,480
directshow_index_1,623,173326203000000,173326203000000,173326203000000,2026-09-05T05:02:44.924054+00:00,,,640,480
daheng_sn_FDE23080341,610,173326171000000,173326171000000,173326171000000,2026-09-05T05:02:44.928643+00:00,7306,7673477749850,1920,1200
daheng_sn_FDE23080341,611,173326265000000,173326265000000,173326265000000,2026-09-05T05:02:45.019308+00:00,7319,7673577652250,1920,1200
directshow_index_1,624,173326296000000,173326296000000,173326296000000,2026-09-05T05:02:45.022313+00:00,,,640,480
daheng_sn_FDE23080341,612,173326359000000,173326359000000,173326359000000,2026-09-05T05:02:45.115796+00:00,7332,7673677554650,1920,1200
directshow_index_1,625,173326390000000,173326390000000,173326390000000,2026-09-05T05:02:45.116999+00:00,,,640,480
directshow_index_1,626,173326484000000,173326484000000,173326484000000,2026-09-05T05:02:45.204569+00:00,,,640,480
daheng_sn_FDE23080341,613,173326453000000,173326453000000,173326453000000,2026-09-05T05:02:45.210724+00:00,7343,7673762087450,1920,1200
directshow_index_1,627,173326578000000,173326578000000,173326578000000,2026-09-05T05:02:45.301142+00:00,,,640,480
daheng_sn_FDE23080341,614,173326546000000,173326546000000,173326546000000,2026-09-05T05:02:45.306127+00:00,7355,7673854305050,1920,1200
daheng_sn_FDE23080341,615,173326640000000,173326640000000,173326640000000,2026-09-05T05:02:45.390518+00:00,7368,7673954207450,1920,1200
directshow_index_1,628,173326671000000,173326671000000,173326671000000,2026-09-05T05:02:45.394277+00:00,,,640,480
daheng_sn_FDE23080341,616,173326734000000,173326734000000,173326734000000,2026-09-05T05:02:45.492175+00:00,7380,7674046425050,1920,1200
directshow_index_1,629,173326765000000,173326765000000,173326765000000,2026-09-05T05:02:45.492175+00:00,,,640,480
directshow_index_1,630,173326859000000,173326859000000,173326859000000,2026-09-05T05:02:45.583454+00:00,,,640,480
daheng_sn_FDE23080341,617,173326828000000,173326828000000,173326828000000,2026-09-05T05:02:45.590799+00:00,7392,7674138642650,1920,1200
daheng_sn_FDE23080341,618,173326921000000,173326921000000,173326921000000,2026-09-05T05:02:45.677934+00:00,7404,7674230860250,1920,1200
directshow_index_1,631,173326953000000,173326953000000,173326953000000,2026-09-05T05:02:45.679435+00:00,,,640,480
daheng_sn_FDE23080341,619,173327015000000,173327015000000,173327015000000,2026-09-05T05:02:45.772445+00:00,7416,7674323077850,1920,1200
directshow_index_1,632,173327046000000,173327046000000,173327046000000,2026-09-05T05:02:45.773009+00:00,,,640,480
directshow_index_1,633,173327140000000,173327140000000,173327140000000,2026-09-05T05:02:45.863328+00:00,,,640,480
daheng_sn_FDE23080341,620,173327109000000,173327109000000,173327109000000,2026-09-05T05:02:45.867326+00:00,7429,7674422980250,1920,1200
daheng_sn_FDE23080341,621,173327203000000,173327203000000,173327203000000,2026-09-05T05:02:45.958904+00:00,7441,7674515197850,1920,1200
directshow_index_1,634,173327234000000,173327234000000,173327234000000,2026-09-05T05:02:45.959906+00:00,,,640,480
daheng_sn_FDE23080341,622,173327296000000,173327296000000,173327296000000,2026-09-05T05:02:46.054164+00:00,7453,7674607415450,1920,1200
directshow_index_1,635,173327328000000,173327328000000,173327328000000,2026-09-05T05:02:46.054746+00:00,,,640,480
daheng_sn_FDE23080341,623,173327390000000,173327390000000,173327390000000,2026-09-05T05:02:46.145379+00:00,7465,7674699633050,1920,1200
directshow_index_1,636,173327421000000,173327421000000,173327421000000,2026-09-05T05:02:46.148895+00:00,,,640,480
daheng_sn_FDE23080341,624,173327484000000,173327484000000,173327484000000,2026-09-05T05:02:46.242565+00:00,7478,7674799535450,1920,1200
directshow_index_1,637,173327515000000,173327515000000,173327515000000,2026-09-05T05:02:46.242565+00:00,,,640,480
daheng_sn_FDE23080341,625,173327578000000,173327578000000,173327578000000,2026-09-05T05:02:46.330557+00:00,7490,7674891753050,1920,1200
directshow_index_1,638,173327609000000,173327609000000,173327609000000,2026-09-05T05:02:46.333677+00:00,,,640,480
daheng_sn_FDE23080341,626,173327671000000,173327671000000,173327671000000,2026-09-05T05:02:46.423300+00:00,7502,7674983970650,1920,1200
directshow_index_1,639,173327703000000,173327703000000,173327703000000,2026-09-05T05:02:46.426310+00:00,,,640,480
directshow_index_1,640,173327796000000,173327796000000,173327796000000,2026-09-05T05:02:46.523598+00:00,,,640,480
daheng_sn_FDE23080341,627,173327765000000,173327765000000,173327765000000,2026-09-05T05:02:46.533599+00:00,7514,7675076188250,1920,1200
directshow_index_1,641,173327890000000,173327890000000,173327890000000,2026-09-05T05:02:46.617820+00:00,,,640,480
daheng_sn_FDE23080341,628,173327859000000,173327859000000,173327859000000,2026-09-05T05:02:46.633746+00:00,7527,7675176090650,1920,1200
directshow_index_1,642,173327984000000,173327984000000,173327984000000,2026-09-05T05:02:46.707590+00:00,,,640,480
daheng_sn_FDE23080341,629,173327953000000,173327953000000,173327953000000,2026-09-05T05:02:46.724362+00:00,7538,7675260623450,1920,1200
directshow_index_1,643,173328078000000,173328078000000,173328078000000,2026-09-05T05:02:46.802935+00:00,,,640,480
daheng_sn_FDE23080341,630,173328046000000,173328046000000,173328046000000,2026-09-05T05:02:46.808427+00:00,7551,7675360525850,1920,1200
directshow_index_1,644,173328171000000,173328171000000,173328171000000,2026-09-05T05:02:46.897017+00:00,,,640,480
daheng_sn_FDE23080341,631,173328140000000,173328140000000,173328140000000,2026-09-05T05:02:46.906077+00:00,7563,7675452743450,1920,1200
directshow_index_1,645,173328265000000,173328265000000,173328265000000,2026-09-05T05:02:46.987819+00:00,,,640,480
daheng_sn_FDE23080341,632,173328234000000,173328234000000,173328234000000,2026-09-05T05:02:46.998119+00:00,7575,7675544961050,1920,1200
directshow_index_1,646,173328359000000,173328359000000,173328359000000,2026-09-05T05:02:47.086537+00:00,,,640,480
daheng_sn_FDE23080341,633,173328328000000,173328328000000,173328328000000,2026-09-05T05:02:47.091995+00:00,7588,7675644863450,1920,1200
directshow_index_1,647,173328453000000,173328453000000,173328453000000,2026-09-05T05:02:47.178906+00:00,,,640,480
daheng_sn_FDE23080341,634,173328421000000,173328421000000,173328421000000,2026-09-05T05:02:47.187377+00:00,7600,7675737081050,1920,1200
daheng_sn_FDE23080341,635,173328515000000,173328515000000,173328515000000,2026-09-05T05:02:47.279107+00:00,7612,7675829298650,1920,1200
directshow_index_1,648,173328546000000,173328546000000,173328546000000,2026-09-05T05:02:47.286109+00:00,,,640,480
directshow_index_1,649,173328640000000,173328640000000,173328640000000,2026-09-05T05:02:47.361404+00:00,,,640,480
daheng_sn_FDE23080341,636,173328609000000,173328609000000,173328609000000,2026-09-05T05:02:47.367214+00:00,7624,7675921516250,1920,1200
daheng_sn_FDE23080341,637,173328703000000,173328703000000,173328703000000,2026-09-05T05:02:47.460643+00:00,7636,7676013733850,1920,1200
directshow_index_1,650,173328734000000,173328734000000,173328734000000,2026-09-05T05:02:47.460643+00:00,,,640,480
daheng_sn_FDE23080341,638,173328796000000,173328796000000,173328796000000,2026-09-05T05:02:47.550257+00:00,7648,7676105951450,1920,1200
directshow_index_1,651,173328828000000,173328828000000,173328828000000,2026-09-05T05:02:47.552000+00:00,,,640,480
daheng_sn_FDE23080341,639,173328890000000,173328890000000,173328890000000,2026-09-05T05:02:47.645371+00:00,7660,7676198169050,1920,1200
directshow_index_1,652,173328921000000,173328921000000,173328921000000,2026-09-05T05:02:47.649372+00:00,,,640,480
directshow_index_1,653,173329015000000,173329015000000,173329015000000,2026-09-05T05:02:47.736162+00:00,,,640,480
daheng_sn_FDE23080341,640,173328984000000,173328984000000,173328984000000,2026-09-05T05:02:47.741160+00:00,7673,7676298071450,1920,1200
directshow_index_1,654,173329109000000,173329109000000,173329109000000,2026-09-05T05:02:47.833652+00:00,,,640,480
daheng_sn_FDE23080341,641,173329078000000,173329078000000,173329078000000,2026-09-05T05:02:47.837649+00:00,7685,7676390289050,1920,1200
daheng_sn_FDE23080341,642,173329171000000,173329171000000,173329171000000,2026-09-05T05:02:47.925549+00:00,7697,7676482506650,1920,1200
directshow_index_1,655,173329203000000,173329203000000,173329203000000,2026-09-05T05:02:47.925549+00:00,,,640,480
directshow_index_1,656,173329296000000,173329296000000,173329296000000,2026-09-05T05:02:48.018068+00:00,,,640,480
daheng_sn_FDE23080341,643,173329265000000,173329265000000,173329265000000,2026-09-05T05:02:48.022075+00:00,7709,7676574724250,1920,1200
daheng_sn_FDE23080341,644,173329359000000,173329359000000,173329359000000,2026-09-05T05:02:48.121267+00:00,7722,7676674626650,1920,1200
directshow_index_1,657,173329390000000,173329390000000,173329390000000,2026-09-05T05:02:48.122442+00:00,,,640,480
daheng_sn_FDE23080341,645,173329453000000,173329453000000,173329453000000,2026-09-05T05:02:48.208455+00:00,7734,7676766844250,1920,1200
directshow_index_1,658,173329484000000,173329484000000,173329484000000,2026-09-05T05:02:48.209455+00:00,,,640,480
directshow_index_1,659,173329578000000,173329578000000,173329578000000,2026-09-05T05:02:48.301177+00:00,,,640,480
daheng_sn_FDE23080341,646,173329546000000,173329546000000,173329546000000,2026-09-05T05:02:48.305184+00:00,7746,7676859061850,1920,1200
directshow_index_1,660,173329671000000,173329671000000,173329671000000,2026-09-05T05:02:48.392404+00:00,,,640,480
daheng_sn_FDE23080341,647,173329640000000,173329640000000,173329640000000,2026-09-05T05:02:48.398922+00:00,7758,7676951279450,1920,1200
daheng_sn_FDE23080341,648,173329734000000,173329734000000,173329734000000,2026-09-05T05:02:48.487016+00:00,7770,7677043497050,1920,1200
directshow_index_1,661,173329765000000,173329765000000,173329765000000,2026-09-05T05:02:48.488012+00:00,,,640,480
daheng_sn_FDE23080341,649,173329828000000,173329828000000,173329828000000,2026-09-05T05:02:48.582303+00:00,7782,7677135714650,1920,1200
directshow_index_1,662,173329859000000,173329859000000,173329859000000,2026-09-05T05:02:48.582303+00:00,,,640,480
directshow_index_1,663,173329953000000,173329953000000,173329953000000,2026-09-05T05:02:48.675606+00:00,,,640,480
daheng_sn_FDE23080341,650,173329921000000,173329921000000,173329921000000,2026-09-05T05:02:48.680507+00:00,7795,7677235617050,1920,1200
daheng_sn_FDE23080341,651,173330015000000,173330015000000,173330015000000,2026-09-05T05:02:48.768839+00:00,7807,7677327834650,1920,1200
directshow_index_1,664,173330046000000,173330046000000,173330046000000,2026-09-05T05:02:48.768839+00:00,,,640,480
daheng_sn_FDE23080341,652,173330109000000,173330109000000,173330109000000,2026-09-05T05:02:48.868676+00:00,7819,7677420052250,1920,1200
directshow_index_1,665,173330140000000,173330140000000,173330140000000,2026-09-05T05:02:48.868676+00:00,,,640,480
directshow_index_1,666,173330234000000,173330234000000,173330234000000,2026-09-05T05:02:48.958165+00:00,,,640,480
daheng_sn_FDE23080341,653,173330203000000,173330203000000,173330203000000,2026-09-05T05:02:48.965293+00:00,7831,7677512269850,1920,1200
directshow_index_1,667,173330328000000,173330328000000,173330328000000,2026-09-05T05:02:49.051187+00:00,,,640,480
daheng_sn_FDE23080341,654,173330296000000,173330296000000,173330296000000,2026-09-05T05:02:49.056195+00:00,7844,7677612172250,1920,1200
daheng_sn_FDE23080341,655,173330390000000,173330390000000,173330390000000,2026-09-05T05:02:49.148366+00:00,7856,7677704389850,1920,1200
directshow_index_1,668,173330421000000,173330421000000,173330421000000,2026-09-05T05:02:49.149373+00:00,,,640,480
daheng_sn_FDE23080341,656,173330484000000,173330484000000,173330484000000,2026-09-05T05:02:49.237903+00:00,7868,7677796607450,1920,1200
directshow_index_1,669,173330515000000,173330515000000,173330515000000,2026-09-05T05:02:49.238905+00:00,,,640,480
directshow_index_1,670,173330609000000,173330609000000,173330609000000,2026-09-05T05:02:49.330842+00:00,,,640,480
daheng_sn_FDE23080341,657,173330578000000,173330578000000,173330578000000,2026-09-05T05:02:49.338618+00:00,7881,7677896509850,1920,1200
daheng_sn_FDE23080341,658,173330671000000,173330671000000,173330671000000,2026-09-05T05:02:49.433487+00:00,7892,7677981042650,1920,1200
directshow_index_1,671,173330703000000,173330703000000,173330703000000,2026-09-05T05:02:49.434486+00:00,,,640,480
directshow_index_1,672,173330796000000,173330796000000,173330796000000,2026-09-05T05:02:49.519904+00:00,,,640,480
daheng_sn_FDE23080341,659,173330765000000,173330765000000,173330765000000,2026-09-05T05:02:49.526868+00:00,7904,7678073260250,1920,1200
directshow_index_1,673,173330890000000,173330890000000,173330890000000,2026-09-05T05:02:49.611080+00:00,,,640,480
daheng_sn_FDE23080341,660,173330859000000,173330859000000,173330859000000,2026-09-05T05:02:49.617080+00:00,7917,7678173162650,1920,1200
daheng_sn_FDE23080341,661,173330953000000,173330953000000,173330953000000,2026-09-05T05:02:49.706608+00:00,7929,7678265380250,1920,1200
directshow_index_1,674,173330984000000,173330984000000,173330984000000,2026-09-05T05:02:49.708927+00:00,,,640,480
daheng_sn_FDE23080341,662,173331046000000,173331046000000,173331046000000,2026-09-05T05:02:49.805142+00:00,7941,7678357597850,1920,1200
directshow_index_1,675,173331078000000,173331078000000,173331078000000,2026-09-05T05:02:49.805708+00:00,,,640,480
daheng_sn_FDE23080341,663,173331140000000,173331140000000,173331140000000,2026-09-05T05:02:49.896346+00:00,7953,7678449815450,1920,1200
directshow_index_1,676,173331171000000,173331171000000,173331171000000,2026-09-05T05:02:49.897857+00:00,,,640,480
daheng_sn_FDE23080341,664,173331234000000,173331234000000,173331234000000,2026-09-05T05:02:49.990010+00:00,7966,7678549717850,1920,1200
directshow_index_1,677,173331265000000,173331265000000,173331265000000,2026-09-05T05:02:49.990646+00:00,,,640,480
directshow_index_1,678,173331359000000,173331359000000,173331359000000,2026-09-05T05:02:50.081910+00:00,,,640,480
daheng_sn_FDE23080341,665,173331328000000,173331328000000,173331328000000,2026-09-05T05:02:50.092919+00:00,7978,7678641935450,1920,1200
daheng_sn_FDE23080341,666,173331421000000,173331421000000,173331421000000,2026-09-05T05:02:50.178490+00:00,7990,7678734153050,1920,1200
directshow_index_1,679,173331453000000,173331453000000,173331453000000,2026-09-05T05:02:50.179490+00:00,,,640,480
daheng_sn_FDE23080341,667,173331515000000,173331515000000,173331515000000,2026-09-05T05:02:50.274880+00:00,8002,7678826370650,1920,1200
directshow_index_1,680,173331546000000,173331546000000,173331546000000,2026-09-05T05:02:50.275393+00:00,,,640,480
directshow_index_1,681,173331640000000,173331640000000,173331640000000,2026-09-05T05:02:50.360979+00:00,,,640,480
daheng_sn_FDE23080341,668,173331609000000,173331609000000,173331609000000,2026-09-05T05:02:50.366979+00:00,8014,7678918588250,1920,1200
daheng_sn_FDE23080341,669,173331703000000,173331703000000,173331703000000,2026-09-05T05:02:50.458659+00:00,8027,7679018490650,1920,1200
directshow_index_1,682,173331734000000,173331734000000,173331734000000,2026-09-05T05:02:50.458659+00:00,,,640,480
directshow_index_1,683,173331828000000,173331828000000,173331828000000,2026-09-05T05:02:50.549674+00:00,,,640,480
daheng_sn_FDE23080341,670,173331796000000,173331796000000,173331796000000,2026-09-05T05:02:50.556669+00:00,8039,7679110708250,1920,1200
daheng_sn_FDE23080341,671,173331890000000,173331890000000,173331890000000,2026-09-05T05:02:50.651156+00:00,8051,7679202925850,1920,1200
directshow_index_1,684,173331921000000,173331921000000,173331921000000,2026-09-05T05:02:50.651462+00:00,,,640,480
directshow_index_1,685,173332015000000,173332015000000,173332015000000,2026-09-05T05:02:50.736286+00:00,,,640,480
daheng_sn_FDE23080341,672,173331984000000,173331984000000,173331984000000,2026-09-05T05:02:50.744860+00:00,8063,7679295143450,1920,1200
daheng_sn_FDE23080341,673,173332078000000,173332078000000,173332078000000,2026-09-05T05:02:50.837593+00:00,8075,7679387361050,1920,1200
directshow_index_1,686,173332109000000,173332109000000,173332109000000,2026-09-05T05:02:50.837593+00:00,,,640,480
directshow_index_1,687,173332203000000,173332203000000,173332203000000,2026-09-05T05:02:50.924732+00:00,,,640,480
daheng_sn_FDE23080341,674,173332171000000,173332171000000,173332171000000,2026-09-05T05:02:50.930499+00:00,8088,7679487263450,1920,1200
directshow_index_1,688,173332296000000,173332296000000,173332296000000,2026-09-05T05:02:51.018145+00:00,,,640,480
daheng_sn_FDE23080341,675,173332265000000,173332265000000,173332265000000,2026-09-05T05:02:51.025143+00:00,8099,7679571796250,1920,1200
daheng_sn_FDE23080341,676,173332359000000,173332359000000,173332359000000,2026-09-05T05:02:51.108417+00:00,8112,7679671698650,1920,1200
directshow_index_1,689,173332390000000,173332390000000,173332390000000,2026-09-05T05:02:51.113352+00:00,,,640,480
daheng_sn_FDE23080341,677,173332453000000,173332453000000,173332453000000,2026-09-05T05:02:51.195506+00:00,8124,7679763916250,1920,1200
directshow_index_1,690,173332484000000,173332484000000,173332484000000,2026-09-05T05:02:51.204768+00:00,,,640,480
daheng_sn_FDE23080341,678,173332546000000,173332546000000,173332546000000,2026-09-05T05:02:51.291522+00:00,8136,7679856133850,1920,1200
directshow_index_1,691,173332578000000,173332578000000,173332578000000,2026-09-05T05:02:51.302034+00:00,,,640,480
daheng_sn_FDE23080341,679,173332640000000,173332640000000,173332640000000,2026-09-05T05:02:51.381937+00:00,8148,7679948351450,1920,1200
directshow_index_1,692,173332671000000,173332671000000,173332671000000,2026-09-05T05:02:51.395671+00:00,,,640,480
daheng_sn_FDE23080341,680,173332734000000,173332734000000,173332734000000,2026-09-05T05:02:51.493606+00:00,8160,7680040569050,1920,1200
directshow_index_1,693,173332765000000,173332765000000,173332765000000,2026-09-05T05:02:51.493606+00:00,,,640,480
daheng_sn_FDE23080341,681,173332828000000,173332828000000,173332828000000,2026-09-05T05:02:51.572334+00:00,8173,7680140471450,1920,1200
directshow_index_1,694,173332859000000,173332859000000,173332859000000,2026-09-05T05:02:51.581774+00:00,,,640,480
daheng_sn_FDE23080341,682,173332921000000,173332921000000,173332921000000,2026-09-05T05:02:51.659901+00:00,8185,7680232689050,1920,1200
directshow_index_1,695,173332953000000,173332953000000,173332953000000,2026-09-05T05:02:51.678110+00:00,,,640,480
daheng_sn_FDE23080341,683,173333015000000,173333015000000,173333015000000,2026-09-05T05:02:51.764241+00:00,8197,7680324906650,1920,1200
directshow_index_1,696,173333046000000,173333046000000,173333046000000,2026-09-05T05:02:51.768633+00:00,,,640,480
daheng_sn_FDE23080341,684,173333109000000,173333109000000,173333109000000,2026-09-05T05:02:51.853533+00:00,8209,7680417124250,1920,1200
directshow_index_1,697,173333140000000,173333140000000,173333140000000,2026-09-05T05:02:51.861629+00:00,,,640,480
daheng_sn_FDE23080341,685,173333203000000,173333203000000,173333203000000,2026-09-05T05:02:51.944840+00:00,8222,7680517026650,1920,1200
directshow_index_1,698,173333234000000,173333234000000,173333234000000,2026-09-05T05:02:51.959842+00:00,,,640,480
daheng_sn_FDE23080341,686,173333296000000,173333296000000,173333296000000,2026-09-05T05:02:52.040119+00:00,8234,7680609244250,1920,1200
directshow_index_1,699,173333328000000,173333328000000,173333328000000,2026-09-05T05:02:52.050639+00:00,,,640,480
daheng_sn_FDE23080341,687,173333390000000,173333390000000,173333390000000,2026-09-05T05:02:52.131844+00:00,8246,7680701461850,1920,1200
directshow_index_1,700,173333421000000,173333421000000,173333421000000,2026-09-05T05:02:52.140600+00:00,,,640,480
daheng_sn_FDE23080341,688,173333484000000,173333484000000,173333484000000,2026-09-05T05:02:52.235196+00:00,8258,7680793679450,1920,1200
directshow_index_1,701,173333515000000,173333515000000,173333515000000,2026-09-05T05:02:52.239194+00:00,,,640,480
daheng_sn_FDE23080341,689,173333578000000,173333578000000,173333578000000,2026-09-05T05:02:52.322329+00:00,8271,7680893581850,1920,1200
directshow_index_1,702,173333609000000,173333609000000,173333609000000,2026-09-05T05:02:52.330843+00:00,,,640,480
daheng_sn_FDE23080341,690,173333671000000,173333671000000,173333671000000,2026-09-05T05:02:52.415690+00:00,8282,7680978114650,1920,1200
directshow_index_1,703,173333703000000,173333703000000,173333703000000,2026-09-05T05:02:52.426789+00:00,,,640,480
daheng_sn_FDE23080341,691,173333765000000,173333765000000,173333765000000,2026-09-05T05:02:52.523347+00:00,8295,7681078017050,1920,1200
directshow_index_1,704,173333796000000,173333796000000,173333796000000,2026-09-05T05:02:52.524347+00:00,,,640,480
daheng_sn_FDE23080341,692,173333859000000,173333859000000,173333859000000,2026-09-05T05:02:52.616500+00:00,8307,7681170234650,1920,1200
directshow_index_1,705,173333890000000,173333890000000,173333890000000,2026-09-05T05:02:52.617248+00:00,,,640,480
daheng_sn_FDE23080341,693,173333953000000,173333953000000,173333953000000,2026-09-05T05:02:52.698566+00:00,8319,7681262452250,1920,1200
directshow_index_1,706,173333984000000,173333984000000,173333984000000,2026-09-05T05:02:52.707717+00:00,,,640,480
daheng_sn_FDE23080341,694,173334046000000,173334046000000,173334046000000,2026-09-05T05:02:52.793916+00:00,8332,7681362354650,1920,1200
directshow_index_1,707,173334078000000,173334078000000,173334078000000,2026-09-05T05:02:52.801626+00:00,,,640,480
daheng_sn_FDE23080341,695,173334140000000,173334140000000,173334140000000,2026-09-05T05:02:52.888916+00:00,8344,7681454572250,1920,1200
directshow_index_1,708,173334171000000,173334171000000,173334171000000,2026-09-05T05:02:52.893997+00:00,,,640,480
daheng_sn_FDE23080341,696,173334234000000,173334234000000,173334234000000,2026-09-05T05:02:52.979346+00:00,8356,7681546789850,1920,1200
directshow_index_1,709,173334265000000,173334265000000,173334265000000,2026-09-05T05:02:52.987861+00:00,,,640,480
daheng_sn_FDE23080341,697,173334328000000,173334328000000,173334328000000,2026-09-05T05:02:53.071854+00:00,8368,7681639007450,1920,1200
directshow_index_1,710,173334359000000,173334359000000,173334359000000,2026-09-05T05:02:53.078852+00:00,,,640,480
daheng_sn_FDE23080341,698,173334421000000,173334421000000,173334421000000,2026-09-05T05:02:53.164890+00:00,8380,7681731225050,1920,1200
directshow_index_1,711,173334453000000,173334453000000,173334453000000,2026-09-05T05:02:53.175077+00:00,,,640,480
daheng_sn_FDE23080341,699,173334515000000,173334515000000,173334515000000,2026-09-05T05:02:53.260032+00:00,8393,7681831127450,1920,1200
directshow_index_1,712,173334546000000,173334546000000,173334546000000,2026-09-05T05:02:53.271784+00:00,,,640,480
daheng_sn_FDE23080341,700,173334609000000,173334609000000,173334609000000,2026-09-05T05:02:53.351202+00:00,8404,7681915660250,1920,1200
directshow_index_1,713,173334640000000,173334640000000,173334640000000,2026-09-05T05:02:53.361745+00:00,,,640,480
daheng_sn_FDE23080341,701,173334703000000,173334703000000,173334703000000,2026-09-05T05:02:53.447527+00:00,8417,7682015562650,1920,1200
directshow_index_1,714,173334734000000,173334734000000,173334734000000,2026-09-05T05:02:53.456969+00:00,,,640,480
daheng_sn_FDE23080341,702,173334796000000,173334796000000,173334796000000,2026-09-05T05:02:53.542971+00:00,8429,7682107780250,1920,1200
directshow_index_1,715,173334828000000,173334828000000,173334828000000,2026-09-05T05:02:53.548609+00:00,,,640,480
daheng_sn_FDE23080341,703,173334890000000,173334890000000,173334890000000,2026-09-05T05:02:53.635710+00:00,8441,7682199997850,1920,1200
directshow_index_1,716,173334921000000,173334921000000,173334921000000,2026-09-05T05:02:53.644418+00:00,,,640,480
daheng_sn_FDE23080341,704,173334984000000,173334984000000,173334984000000,2026-09-05T05:02:53.727631+00:00,8453,7682292215450,1920,1200
directshow_index_1,717,173335015000000,173335015000000,173335015000000,2026-09-05T05:02:53.734850+00:00,,,640,480
daheng_sn_FDE23080341,705,173335078000000,173335078000000,173335078000000,2026-09-05T05:02:53.822596+00:00,8466,7682392117850,1920,1200
directshow_index_1,718,173335109000000,173335109000000,173335109000000,2026-09-05T05:02:53.833986+00:00,,,640,480
daheng_sn_FDE23080341,706,173335171000000,173335171000000,173335171000000,2026-09-05T05:02:53.914218+00:00,8478,7682484335450,1920,1200
directshow_index_1,719,173335203000000,173335203000000,173335203000000,2026-09-05T05:02:53.923334+00:00,,,640,480
daheng_sn_FDE23080341,707,173335265000000,173335265000000,173335265000000,2026-09-05T05:02:54.010600+00:00,8490,7682576553050,1920,1200
directshow_index_1,720,173335296000000,173335296000000,173335296000000,2026-09-05T05:02:54.019605+00:00,,,640,480
daheng_sn_FDE23080341,708,173335359000000,173335359000000,173335359000000,2026-09-05T05:02:54.109093+00:00,8502,7682668770650,1920,1200
directshow_index_1,721,173335390000000,173335390000000,173335390000000,2026-09-05T05:02:54.115095+00:00,,,640,480
daheng_sn_FDE23080341,709,173335453000000,173335453000000,173335453000000,2026-09-05T05:02:54.197736+00:00,8514,7682760988250,1920,1200
directshow_index_1,722,173335484000000,173335484000000,173335484000000,2026-09-05T05:02:54.204253+00:00,,,640,480
daheng_sn_FDE23080341,710,173335546000000,173335546000000,173335546000000,2026-09-05T05:02:54.287026+00:00,8527,7682860890650,1920,1200
directshow_index_1,723,173335578000000,173335578000000,173335578000000,2026-09-05T05:02:54.304547+00:00,,,640,480
daheng_sn_FDE23080341,711,173335640000000,173335640000000,173335640000000,2026-09-05T05:02:54.384059+00:00,8539,7682953108250,1920,1200
directshow_index_1,724,173335671000000,173335671000000,173335671000000,2026-09-05T05:02:54.394061+00:00,,,640,480
daheng_sn_FDE23080341,712,173335734000000,173335734000000,173335734000000,2026-09-05T05:02:54.482319+00:00,8551,7683045325850,1920,1200
directshow_index_1,725,173335765000000,173335765000000,173335765000000,2026-09-05T05:02:54.487442+00:00,,,640,480
daheng_sn_FDE23080341,713,173335828000000,173335828000000,173335828000000,2026-09-05T05:02:54.576731+00:00,8563,7683137543450,1920,1200
directshow_index_1,726,173335859000000,173335859000000,173335859000000,2026-09-05T05:02:54.583728+00:00,,,640,480
daheng_sn_FDE23080341,714,173335921000000,173335921000000,173335921000000,2026-09-05T05:02:54.667806+00:00,8575,7683229761050,1920,1200
directshow_index_1,727,173335953000000,173335953000000,173335953000000,2026-09-05T05:02:54.674054+00:00,,,640,480
daheng_sn_FDE23080341,715,173336015000000,173336015000000,173336015000000,2026-09-05T05:02:54.760641+00:00,8588,7683329663450,1920,1200
directshow_index_1,728,173336046000000,173336046000000,173336046000000,2026-09-05T05:02:54.767232+00:00,,,640,480
daheng_sn_FDE23080341,716,173336109000000,173336109000000,173336109000000,2026-09-05T05:02:54.853149+00:00,8600,7683421881050,1920,1200
directshow_index_1,729,173336140000000,173336140000000,173336140000000,2026-09-05T05:02:54.863253+00:00,,,640,480
daheng_sn_FDE23080341,717,173336203000000,173336203000000,173336203000000,2026-09-05T05:02:54.944860+00:00,8612,7683514098650,1920,1200
directshow_index_1,730,173336234000000,173336234000000,173336234000000,2026-09-05T05:02:54.954373+00:00,,,640,480
daheng_sn_FDE23080341,718,173336296000000,173336296000000,173336296000000,2026-09-05T05:02:55.038371+00:00,8624,7683606316250,1920,1200
directshow_index_1,731,173336328000000,173336328000000,173336328000000,2026-09-05T05:02:55.051370+00:00,,,640,480
daheng_sn_FDE23080341,719,173336390000000,173336390000000,173336390000000,2026-09-05T05:02:55.136102+00:00,8636,7683698533850,1920,1200
directshow_index_1,732,173336421000000,173336421000000,173336421000000,2026-09-05T05:02:55.142102+00:00,,,640,480
daheng_sn_FDE23080341,720,173336484000000,173336484000000,173336484000000,2026-09-05T05:02:55.229753+00:00,8648,7683790751450,1920,1200
directshow_index_1,733,173336515000000,173336515000000,173336515000000,2026-09-05T05:02:55.239323+00:00,,,640,480
daheng_sn_FDE23080341,721,173336578000000,173336578000000,173336578000000,2026-09-05T05:02:55.320642+00:00,8660,7683882969050,1920,1200
directshow_index_1,734,173336609000000,173336609000000,173336609000000,2026-09-05T05:02:55.331866+00:00,,,640,480
daheng_sn_FDE23080341,722,173336671000000,173336671000000,173336671000000,2026-09-05T05:02:55.410658+00:00,8673,7683982871450,1920,1200
directshow_index_1,735,173336703000000,173336703000000,173336703000000,2026-09-05T05:02:55.422665+00:00,,,640,480
daheng_sn_FDE23080341,723,173336765000000,173336765000000,173336765000000,2026-09-05T05:02:55.511884+00:00,8686,7684082773850,1920,1200
directshow_index_1,736,173336796000000,173336796000000,173336796000000,2026-09-05T05:02:55.519620+00:00,,,640,480
daheng_sn_FDE23080341,724,173336859000000,173336859000000,173336859000000,2026-09-05T05:02:55.602596+00:00,8698,7684174991450,1920,1200
directshow_index_1,737,173336890000000,173336890000000,173336890000000,2026-09-05T05:02:55.611838+00:00,,,640,480
daheng_sn_FDE23080341,725,173336953000000,173336953000000,173336953000000,2026-09-05T05:02:55.696035+00:00,8710,7684267209050,1920,1200
directshow_index_1,738,173336984000000,173336984000000,173336984000000,2026-09-05T05:02:55.705588+00:00,,,640,480
daheng_sn_FDE23080341,726,173337046000000,173337046000000,173337046000000,2026-09-05T05:02:55.787305+00:00,8722,7684359426650,1920,1200
directshow_index_1,739,173337078000000,173337078000000,173337078000000,2026-09-05T05:02:55.802708+00:00,,,640,480
daheng_sn_FDE23080341,727,173337140000000,173337140000000,173337140000000,2026-09-05T05:02:55.884592+00:00,8734,7684451644250,1920,1200
directshow_index_1,740,173337171000000,173337171000000,173337171000000,2026-09-05T05:02:55.892600+00:00,,,640,480
daheng_sn_FDE23080341,728,173337234000000,173337234000000,173337234000000,2026-09-05T05:02:55.973745+00:00,8746,7684543861850,1920,1200
directshow_index_1,741,173337265000000,173337265000000,173337265000000,2026-09-05T05:02:55.987430+00:00,,,640,480
daheng_sn_FDE23080341,729,173337328000000,173337328000000,173337328000000,2026-09-05T05:02:56.069702+00:00,8758,7684636079450,1920,1200
directshow_index_1,742,173337359000000,173337359000000,173337359000000,2026-09-05T05:02:56.078581+00:00,,,640,480
daheng_sn_FDE23080341,730,173337421000000,173337421000000,173337421000000,2026-09-05T05:02:56.163335+00:00,8771,7684735981850,1920,1200
directshow_index_1,743,173337453000000,173337453000000,173337453000000,2026-09-05T05:02:56.174218+00:00,,,640,480
daheng_sn_FDE23080341,731,173337515000000,173337515000000,173337515000000,2026-09-05T05:02:56.258805+00:00,8783,7684828199450,1920,1200
directshow_index_1,744,173337546000000,173337546000000,173337546000000,2026-09-05T05:02:56.268805+00:00,,,640,480
daheng_sn_FDE23080341,732,173337609000000,173337609000000,173337609000000,2026-09-05T05:02:56.354830+00:00,8795,7684920417050,1920,1200
directshow_index_1,745,173337640000000,173337640000000,173337640000000,2026-09-05T05:02:56.360740+00:00,,,640,480
daheng_sn_FDE23080341,733,173337703000000,173337703000000,173337703000000,2026-09-05T05:02:56.451368+00:00,8807,7685012634650,1920,1200
directshow_index_1,746,173337734000000,173337734000000,173337734000000,2026-09-05T05:02:56.459372+00:00,,,640,480
daheng_sn_FDE23080341,734,173337796000000,173337796000000,173337796000000,2026-09-05T05:02:56.556313+00:00,8820,7685112537050,1920,1200
directshow_index_1,747,173337828000000,173337828000000,173337828000000,2026-09-05T05:02:56.557246+00:00,,,640,480
daheng_sn_FDE23080341,735,173337890000000,173337890000000,173337890000000,2026-09-05T05:02:56.637181+00:00,8832,7685204754650,1920,1200
directshow_index_1,748,173337921000000,173337921000000,173337921000000,2026-09-05T05:02:56.648474+00:00,,,640,480
daheng_sn_FDE23080341,736,173337984000000,173337984000000,173337984000000,2026-09-05T05:02:56.730737+00:00,8844,7685296972250,1920,1200
directshow_index_1,749,173338015000000,173338015000000,173338015000000,2026-09-05T05:02:56.747743+00:00,,,640,480
daheng_sn_FDE23080341,737,173338078000000,173338078000000,173338078000000,2026-09-05T05:02:56.826849+00:00,8856,7685389189850,1920,1200
directshow_index_1,750,173338109000000,173338109000000,173338109000000,2026-09-05T05:02:56.831937+00:00,,,640,480
daheng_sn_FDE23080341,738,173338171000000,173338171000000,173338171000000,2026-09-05T05:02:56.919925+00:00,8868,7685481407450,1920,1200
directshow_index_1,751,173338203000000,173338203000000,173338203000000,2026-09-05T05:02:56.925111+00:00,,,640,480
daheng_sn_FDE23080341,739,173338265000000,173338265000000,173338265000000,2026-09-05T05:02:57.011244+00:00,8880,7685573625050,1920,1200
directshow_index_1,752,173338296000000,173338296000000,173338296000000,2026-09-05T05:02:57.021265+00:00,,,640,480
daheng_sn_FDE23080341,740,173338359000000,173338359000000,173338359000000,2026-09-05T05:02:57.104097+00:00,8892,7685665842650,1920,1200
directshow_index_1,753,173338390000000,173338390000000,173338390000000,2026-09-05T05:02:57.111191+00:00,,,640,480
daheng_sn_FDE23080341,741,173338453000000,173338453000000,173338453000000,2026-09-05T05:02:57.197419+00:00,8905,7685765745050,1920,1200
directshow_index_1,754,173338484000000,173338484000000,173338484000000,2026-09-05T05:02:57.205418+00:00,,,640,480
daheng_sn_FDE23080341,742,173338546000000,173338546000000,173338546000000,2026-09-05T05:02:57.290476+00:00,8917,7685857962650,1920,1200
directshow_index_1,755,173338578000000,173338578000000,173338578000000,2026-09-05T05:02:57.303120+00:00,,,640,480
daheng_sn_FDE23080341,743,173338640000000,173338640000000,173338640000000,2026-09-05T05:02:57.384640+00:00,8929,7685950180250,1920,1200
directshow_index_1,756,173338671000000,173338671000000,173338671000000,2026-09-05T05:02:57.392654+00:00,,,640,480
daheng_sn_FDE23080341,744,173338734000000,173338734000000,173338734000000,2026-09-05T05:02:57.477795+00:00,8941,7686042397850,1920,1200
directshow_index_1,757,173338765000000,173338765000000,173338765000000,2026-09-05T05:02:57.485221+00:00,,,640,480
daheng_sn_FDE23080341,745,173338828000000,173338828000000,173338828000000,2026-09-05T05:02:57.571609+00:00,8953,7686134615450,1920,1200
directshow_index_1,758,173338859000000,173338859000000,173338859000000,2026-09-05T05:02:57.581041+00:00,,,640,480
daheng_sn_FDE23080341,746,173338921000000,173338921000000,173338921000000,2026-09-05T05:02:57.665149+00:00,8965,7686226833050,1920,1200
directshow_index_1,759,173338953000000,173338953000000,173338953000000,2026-09-05T05:02:57.673149+00:00,,,640,480
daheng_sn_FDE23080341,747,173339015000000,173339015000000,173339015000000,2026-09-05T05:02:57.764409+00:00,8978,7686326735450,1920,1200
directshow_index_1,760,173339046000000,173339046000000,173339046000000,2026-09-05T05:02:57.769141+00:00,,,640,480
daheng_sn_FDE23080341,748,173339109000000,173339109000000,173339109000000,2026-09-05T05:02:57.858242+00:00,8990,7686418953050,1920,1200
directshow_index_1,761,173339140000000,173339140000000,173339140000000,2026-09-05T05:02:57.861183+00:00,,,640,480
daheng_sn_FDE23080341,749,173339203000000,173339203000000,173339203000000,2026-09-05T05:02:57.947295+00:00,9002,7686511170650,1920,1200
directshow_index_1,762,173339234000000,173339234000000,173339234000000,2026-09-05T05:02:57.960578+00:00,,,640,480
daheng_sn_FDE23080341,750,173339296000000,173339296000000,173339296000000,2026-09-05T05:02:58.042077+00:00,9015,7686611073050,1920,1200
directshow_index_1,763,173339328000000,173339328000000,173339328000000,2026-09-05T05:02:58.051451+00:00,,,640,480
daheng_sn_FDE23080341,751,173339390000000,173339390000000,173339390000000,2026-09-05T05:02:58.136747+00:00,9027,7686703290650,1920,1200
directshow_index_1,764,173339421000000,173339421000000,173339421000000,2026-09-05T05:02:58.142015+00:00,,,640,480
daheng_sn_FDE23080341,752,173339484000000,173339484000000,173339484000000,2026-09-05T05:02:58.230803+00:00,9039,7686795508250,1920,1200
directshow_index_1,765,173339515000000,173339515000000,173339515000000,2026-09-05T05:02:58.237807+00:00,,,640,480
daheng_sn_FDE23080341,753,173339578000000,173339578000000,173339578000000,2026-09-05T05:02:58.325711+00:00,9051,7686887725850,1920,1200
directshow_index_1,766,173339609000000,173339609000000,173339609000000,2026-09-05T05:02:58.333713+00:00,,,640,480
daheng_sn_FDE23080341,754,173339671000000,173339671000000,173339671000000,2026-09-05T05:02:58.421433+00:00,9063,7686979943450,1920,1200
directshow_index_1,767,173339703000000,173339703000000,173339703000000,2026-09-05T05:02:58.427435+00:00,,,640,480
daheng_sn_FDE23080341,755,173339765000000,173339765000000,173339765000000,2026-09-05T05:02:58.514698+00:00,9075,7687072161050,1920,1200
directshow_index_1,768,173339796000000,173339796000000,173339796000000,2026-09-05T05:02:58.521204+00:00,,,640,480
daheng_sn_FDE23080341,756,173339859000000,173339859000000,173339859000000,2026-09-05T05:02:58.602928+00:00,9088,7687172063450,1920,1200
directshow_index_1,769,173339890000000,173339890000000,173339890000000,2026-09-05T05:02:58.612444+00:00,,,640,480
daheng_sn_FDE23080341,757,173339953000000,173339953000000,173339953000000,2026-09-05T05:02:58.701705+00:00,9100,7687264281050,1920,1200
directshow_index_1,770,173339984000000,173339984000000,173339984000000,2026-09-05T05:02:58.708705+00:00,,,640,480
daheng_sn_FDE23080341,758,173340046000000,173340046000000,173340046000000,2026-09-05T05:02:58.797491+00:00,9112,7687356498650,1920,1200
directshow_index_1,771,173340078000000,173340078000000,173340078000000,2026-09-05T05:02:58.799491+00:00,,,640,480
daheng_sn_FDE23080341,759,173340140000000,173340140000000,173340140000000,2026-09-05T05:02:58.888097+00:00,9124,7687448716250,1920,1200
directshow_index_1,772,173340171000000,173340171000000,173340171000000,2026-09-05T05:02:58.897111+00:00,,,640,480
daheng_sn_FDE23080341,760,173340234000000,173340234000000,173340234000000,2026-09-05T05:02:58.983515+00:00,9136,7687540933850,1920,1200
directshow_index_1,773,173340265000000,173340265000000,173340265000000,2026-09-05T05:02:58.987523+00:00,,,640,480
daheng_sn_FDE23080341,761,173340328000000,173340328000000,173340328000000,2026-09-05T05:02:59.077271+00:00,9149,7687640836250,1920,1200
directshow_index_1,774,173340359000000,173340359000000,173340359000000,2026-09-05T05:02:59.085274+00:00,,,640,480
daheng_sn_FDE23080341,762,173340421000000,173340421000000,173340421000000,2026-09-05T05:02:59.175969+00:00,9161,7687733053850,1920,1200
directshow_index_1,775,173340453000000,173340453000000,173340453000000,2026-09-05T05:02:59.175969+00:00,,,640,480
daheng_sn_FDE23080341,763,173340515000000,173340515000000,173340515000000,2026-09-05T05:02:59.267581+00:00,9173,7687825271450,1920,1200
directshow_index_1,776,173340546000000,173340546000000,173340546000000,2026-09-05T05:02:59.269580+00:00,,,640,480
daheng_sn_FDE23080341,764,173340609000000,173340609000000,173340609000000,2026-09-05T05:02:59.353120+00:00,9185,7687917489050,1920,1200
directshow_index_1,777,173340640000000,173340640000000,173340640000000,2026-09-05T05:02:59.359745+00:00,,,640,480
daheng_sn_FDE23080341,765,173340703000000,173340703000000,173340703000000,2026-09-05T05:02:59.457863+00:00,9198,7688017391450,1920,1200
directshow_index_1,778,173340734000000,173340734000000,173340734000000,2026-09-05T05:02:59.457863+00:00,,,640,480
daheng_sn_FDE23080341,766,173340796000000,173340796000000,173340796000000,2026-09-05T05:02:59.541946+00:00,9210,7688109609050,1920,1200
directshow_index_1,779,173340828000000,173340828000000,173340828000000,2026-09-05T05:02:59.549962+00:00,,,640,480
daheng_sn_FDE23080341,767,173340890000000,173340890000000,173340890000000,2026-09-05T05:02:59.631554+00:00,9222,7688201826650,1920,1200
directshow_index_1,780,173340921000000,173340921000000,173340921000000,2026-09-05T05:02:59.641550+00:00,,,640,480
daheng_sn_FDE23080341,768,173340984000000,173340984000000,173340984000000,2026-09-05T05:02:59.729002+00:00,9235,7688301729050,1920,1200
directshow_index_1,781,173341015000000,173341015000000,173341015000000,2026-09-05T05:02:59.735915+00:00,,,640,480
daheng_sn_FDE23080341,769,173341078000000,173341078000000,173341078000000,2026-09-05T05:02:59.826318+00:00,9247,7688393946650,1920,1200
directshow_index_1,782,173341109000000,173341109000000,173341109000000,2026-09-05T05:02:59.833318+00:00,,,640,480
daheng_sn_FDE23080341,770,173341171000000,173341171000000,173341171000000,2026-09-05T05:02:59.916386+00:00,9259,7688486164250,1920,1200
directshow_index_1,783,173341203000000,173341203000000,173341203000000,2026-09-05T05:02:59.922897+00:00,,,640,480
daheng_sn_FDE23080341,771,173341265000000,173341265000000,173341265000000,2026-09-05T05:03:00.013566+00:00,9271,7688578381850,1920,1200
directshow_index_1,784,173341296000000,173341296000000,173341296000000,2026-09-05T05:03:00.021192+00:00,,,640,480
daheng_sn_FDE23080341,772,173341359000000,173341359000000,173341359000000,2026-09-05T05:03:00.109465+00:00,9283,7688670599450,1920,1200
directshow_index_1,785,173341390000000,173341390000000,173341390000000,2026-09-05T05:03:00.111978+00:00,,,640,480
daheng_sn_FDE23080341,773,173341453000000,173341453000000,173341453000000,2026-09-05T05:03:00.194337+00:00,9295,7688762817050,1920,1200
directshow_index_1,786,173341484000000,173341484000000,173341484000000,2026-09-05T05:03:00.210251+00:00,,,640,480
daheng_sn_FDE23080341,774,173341546000000,173341546000000,173341546000000,2026-09-05T05:03:00.300236+00:00,9308,7688862719450,1920,1200
directshow_index_1,787,173341578000000,173341578000000,173341578000000,2026-09-05T05:03:00.303236+00:00,,,640,480
directshow_index_1,788,173341671000000,173341671000000,173341671000000,2026-09-05T05:03:00.396669+00:00,,,640,480
daheng_sn_FDE23080341,775,173341640000000,173341640000000,173341640000000,2026-09-05T05:03:00.403679+00:00,9319,7688947252250,1920,1200
directshow_index_1,789,173341765000000,173341765000000,173341765000000,2026-09-05T05:03:00.487391+00:00,,,640,480
daheng_sn_FDE23080341,776,173341734000000,173341734000000,173341734000000,2026-09-05T05:03:00.496427+00:00,9332,7689047154650,1920,1200
daheng_sn_FDE23080341,777,173341828000000,173341828000000,173341828000000,2026-09-05T05:03:00.578457+00:00,9344,7689139372250,1920,1200
directshow_index_1,790,173341859000000,173341859000000,173341859000000,2026-09-05T05:03:00.584588+00:00,,,640,480
daheng_sn_FDE23080341,778,173341921000000,173341921000000,173341921000000,2026-09-05T05:03:00.672286+00:00,9356,7689231589850,1920,1200
directshow_index_1,791,173341953000000,173341953000000,173341953000000,2026-09-05T05:03:00.676284+00:00,,,640,480
daheng_sn_FDE23080341,779,173342015000000,173342015000000,173342015000000,2026-09-05T05:03:00.766843+00:00,9369,7689331492250,1920,1200
directshow_index_1,792,173342046000000,173342046000000,173342046000000,2026-09-05T05:03:00.769848+00:00,,,640,480
daheng_sn_FDE23080341,780,173342109000000,173342109000000,173342109000000,2026-09-05T05:03:00.859196+00:00,9380,7689416025050,1920,1200
directshow_index_1,793,173342140000000,173342140000000,173342140000000,2026-09-05T05:03:00.863197+00:00,,,640,480
directshow_index_1,794,173342234000000,173342234000000,173342234000000,2026-09-05T05:03:00.954931+00:00,,,640,480
daheng_sn_FDE23080341,781,173342203000000,173342203000000,173342203000000,2026-09-05T05:03:00.959100+00:00,9393,7689515927450,1920,1200
daheng_sn_FDE23080341,782,173342296000000,173342296000000,173342296000000,2026-09-05T05:03:01.053136+00:00,9405,7689608145050,1920,1200
directshow_index_1,795,173342328000000,173342328000000,173342328000000,2026-09-05T05:03:01.053737+00:00,,,640,480
daheng_sn_FDE23080341,783,173342390000000,173342390000000,173342390000000,2026-09-05T05:03:01.144147+00:00,9418,7689708047450,1920,1200
directshow_index_1,796,173342421000000,173342421000000,173342421000000,2026-09-05T05:03:01.144147+00:00,,,640,480
daheng_sn_FDE23080341,784,173342484000000,173342484000000,173342484000000,2026-09-05T05:03:01.236272+00:00,9429,7689792580250,1920,1200
directshow_index_1,797,173342515000000,173342515000000,173342515000000,2026-09-05T05:03:01.241270+00:00,,,640,480
daheng_sn_FDE23080341,785,173342578000000,173342578000000,173342578000000,2026-09-05T05:03:01.330860+00:00,9442,7689892482650,1920,1200
directshow_index_1,798,173342609000000,173342609000000,173342609000000,2026-09-05T05:03:01.335860+00:00,,,640,480
daheng_sn_FDE23080341,786,173342671000000,173342671000000,173342671000000,2026-09-05T05:03:01.425633+00:00,9454,7689984700250,1920,1200
directshow_index_1,799,173342703000000,173342703000000,173342703000000,2026-09-05T05:03:01.430149+00:00,,,640,480
daheng_sn_FDE23080341,787,173342765000000,173342765000000,173342765000000,2026-09-05T05:03:01.514244+00:00,9466,7690076917850,1920,1200
directshow_index_1,800,173342796000000,173342796000000,173342796000000,2026-09-05T05:03:01.519524+00:00,,,640,480
daheng_sn_FDE23080341,788,173342859000000,173342859000000,173342859000000,2026-09-05T05:03:01.612754+00:00,9478,7690169135450,1920,1200
directshow_index_1,801,173342890000000,173342890000000,173342890000000,2026-09-05T05:03:01.615765+00:00,,,640,480
daheng_sn_FDE23080341,789,173342953000000,173342953000000,173342953000000,2026-09-05T05:03:01.708747+00:00,9490,7690261353050,1920,1200
directshow_index_1,802,173342984000000,173342984000000,173342984000000,2026-09-05T05:03:01.709750+00:00,,,640,480
daheng_sn_FDE23080341,790,173343046000000,173343046000000,173343046000000,2026-09-05T05:03:01.801736+00:00,9502,7690353570650,1920,1200
directshow_index_1,803,173343078000000,173343078000000,173343078000000,2026-09-05T05:03:01.801736+00:00,,,640,480
daheng_sn_FDE23080341,791,173343140000000,173343140000000,173343140000000,2026-09-05T05:03:01.895444+00:00,9515,7690453473050,1920,1200
directshow_index_1,804,173343171000000,173343171000000,173343171000000,2026-09-05T05:03:01.895444+00:00,,,640,480
daheng_sn_FDE23080341,792,173343234000000,173343234000000,173343234000000,2026-09-05T05:03:01.989342+00:00,9527,7690545690650,1920,1200
directshow_index_1,805,173343265000000,173343265000000,173343265000000,2026-09-05T05:03:01.991333+00:00,,,640,480
daheng_sn_FDE23080341,793,173343328000000,173343328000000,173343328000000,2026-09-05T05:03:02.085825+00:00,9540,7690645593050,1920,1200
directshow_index_1,806,173343359000000,173343359000000,173343359000000,2026-09-05T05:03:02.085825+00:00,,,640,480
daheng_sn_FDE23080341,794,173343421000000,173343421000000,173343421000000,2026-09-05T05:03:02.174580+00:00,9551,7690730125850,1920,1200
directshow_index_1,807,173343453000000,173343453000000,173343453000000,2026-09-05T05:03:02.175571+00:00,,,640,480
directshow_index_1,808,173343546000000,173343546000000,173343546000000,2026-09-05T05:03:02.268714+00:00,,,640,480
daheng_sn_FDE23080341,795,173343515000000,173343515000000,173343515000000,2026-09-05T05:03:02.284053+00:00,9564,7690830028250,1920,1200
directshow_index_1,809,173343640000000,173343640000000,173343640000000,2026-09-05T05:03:02.365588+00:00,,,640,480
daheng_sn_FDE23080341,796,173343609000000,173343609000000,173343609000000,2026-09-05T05:03:02.374525+00:00,9576,7690922245850,1920,1200
daheng_sn_FDE23080341,797,173343703000000,173343703000000,173343703000000,2026-09-05T05:03:02.457488+00:00,9588,7691014463450,1920,1200
directshow_index_1,810,173343734000000,173343734000000,173343734000000,2026-09-05T05:03:02.459481+00:00,,,640,480
daheng_sn_FDE23080341,798,173343796000000,173343796000000,173343796000000,2026-09-05T05:03:02.553739+00:00,9600,7691106681050,1920,1200
directshow_index_1,811,173343828000000,173343828000000,173343828000000,2026-09-05T05:03:02.553739+00:00,,,640,480
daheng_sn_FDE23080341,799,173343890000000,173343890000000,173343890000000,2026-09-05T05:03:02.647532+00:00,9612,7691198898650,1920,1200
directshow_index_1,812,173343921000000,173343921000000,173343921000000,2026-09-05T05:03:02.648532+00:00,,,640,480
daheng_sn_FDE23080341,800,173343984000000,173343984000000,173343984000000,2026-09-05T05:03:02.739436+00:00,9625,7691298801050,1920,1200
directshow_index_1,813,173344015000000,173344015000000,173344015000000,2026-09-05T05:03:02.739436+00:00,,,640,480
directshow_index_1,814,173344109000000,173344109000000,173344109000000,2026-09-05T05:03:02.832490+00:00,,,640,480
daheng_sn_FDE23080341,801,173344078000000,173344078000000,173344078000000,2026-09-05T05:03:02.836483+00:00,9637,7691391018650,1920,1200
daheng_sn_FDE23080341,802,173344171000000,173344171000000,173344171000000,2026-09-05T05:03:02.925833+00:00,9649,7691483236250,1920,1200
directshow_index_1,815,173344203000000,173344203000000,173344203000000,2026-09-05T05:03:02.926385+00:00,,,640,480
daheng_sn_FDE23080341,803,173344265000000,173344265000000,173344265000000,2026-09-05T05:03:03.020045+00:00,9661,7691575453850,1920,1200
directshow_index_1,816,173344296000000,173344296000000,173344296000000,2026-09-05T05:03:03.021044+00:00,,,640,480
daheng_sn_FDE23080341,804,173344359000000,173344359000000,173344359000000,2026-09-05T05:03:03.116991+00:00,9674,7691675356250,1920,1200
directshow_index_1,817,173344390000000,173344390000000,173344390000000,2026-09-05T05:03:03.116991+00:00,,,640,480
daheng_sn_FDE23080341,805,173344453000000,173344453000000,173344453000000,2026-09-05T05:03:03.222356+00:00,9685,7691759889050,1920,1200
directshow_index_1,818,173344484000000,173344500000000,173344492000000,2026-09-05T05:03:03.223356+00:00,,,640,480
directshow_index_1,819,173344578000000,173344578000000,173344578000000,2026-09-05T05:03:03.303244+00:00,,,640,480
daheng_sn_FDE23080341,806,173344546000000,173344546000000,173344546000000,2026-09-05T05:03:03.310246+00:00,9698,7691859791450,1920,1200
daheng_sn_FDE23080341,807,173344640000000,173344640000000,173344640000000,2026-09-05T05:03:03.397144+00:00,9710,7691952009050,1920,1200
directshow_index_1,820,173344671000000,173344671000000,173344671000000,2026-09-05T05:03:03.398139+00:00,,,640,480
directshow_index_1,821,173344765000000,173344765000000,173344765000000,2026-09-05T05:03:03.485972+00:00,,,640,480
daheng_sn_FDE23080341,808,173344734000000,173344734000000,173344734000000,2026-09-05T05:03:03.493007+00:00,9722,7692044226650,1920,1200
directshow_index_1,822,173344859000000,173344859000000,173344859000000,2026-09-05T05:03:03.580191+00:00,,,640,480
daheng_sn_FDE23080341,809,173344828000000,173344828000000,173344828000000,2026-09-05T05:03:03.586203+00:00,9735,7692144129050,1920,1200
daheng_sn_FDE23080341,810,173344921000000,173344921000000,173344921000000,2026-09-05T05:03:03.677068+00:00,9747,7692236346650,1920,1200
directshow_index_1,823,173344953000000,173344953000000,173344953000000,2026-09-05T05:03:03.680585+00:00,,,640,480
directshow_index_1,824,173345046000000,173345046000000,173345046000000,2026-09-05T05:03:03.772748+00:00,,,640,480
daheng_sn_FDE23080341,811,173345015000000,173345015000000,173345015000000,2026-09-05T05:03:03.783748+00:00,9759,7692328564250,1920,1200
daheng_sn_FDE23080341,812,173345109000000,173345109000000,173345109000000,2026-09-05T05:03:03.868009+00:00,9771,7692420781850,1920,1200
directshow_index_1,825,173345140000000,173345140000000,173345140000000,2026-09-05T05:03:03.868009+00:00,,,640,480
daheng_sn_FDE23080341,813,173345203000000,173345203000000,173345203000000,2026-09-05T05:03:03.961137+00:00,9783,7692512999450,1920,1200
directshow_index_1,826,173345234000000,173345234000000,173345234000000,2026-09-05T05:03:03.961137+00:00,,,640,480
directshow_index_1,827,173345328000000,173345328000000,173345328000000,2026-09-05T05:03:04.048592+00:00,,,640,480
daheng_sn_FDE23080341,814,173345296000000,173345296000000,173345296000000,2026-09-05T05:03:04.055094+00:00,9795,7692605217050,1920,1200
daheng_sn_FDE23080341,815,173345390000000,173345390000000,173345390000000,2026-09-05T05:03:04.144105+00:00,9808,7692705119450,1920,1200
directshow_index_1,828,173345421000000,173345421000000,173345421000000,2026-09-05T05:03:04.145113+00:00,,,640,480
daheng_sn_FDE23080341,816,173345484000000,173345484000000,173345484000000,2026-09-05T05:03:04.243091+00:00,9820,7692797337050,1920,1200
directshow_index_1,829,173345515000000,173345515000000,173345515000000,2026-09-05T05:03:04.243641+00:00,,,640,480
daheng_sn_FDE23080341,817,173345578000000,173345578000000,173345578000000,2026-09-05T05:03:04.329897+00:00,9833,7692897239450,1920,1200
directshow_index_1,830,173345609000000,173345609000000,173345609000000,2026-09-05T05:03:04.334900+00:00,,,640,480
daheng_sn_FDE23080341,818,173345671000000,173345671000000,173345671000000,2026-09-05T05:03:04.425549+00:00,9844,7692981772250,1920,1200
directshow_index_1,831,173345703000000,173345703000000,173345703000000,2026-09-05T05:03:04.426545+00:00,,,640,480
directshow_index_1,832,173345796000000,173345796000000,173345796000000,2026-09-05T05:03:04.518614+00:00,,,640,480
daheng_sn_FDE23080341,819,173345765000000,173345765000000,173345765000000,2026-09-05T05:03:04.522990+00:00,9857,7693081674650,1920,1200
daheng_sn_FDE23080341,820,173345859000000,173345859000000,173345859000000,2026-09-05T05:03:04.614551+00:00,9869,7693173892250,1920,1200
directshow_index_1,833,173345890000000,173345890000000,173345890000000,2026-09-05T05:03:04.615572+00:00,,,640,480
directshow_index_1,834,173345984000000,173345984000000,173345984000000,2026-09-05T05:03:04.705837+00:00,,,640,480
daheng_sn_FDE23080341,821,173345953000000,173345953000000,173345953000000,2026-09-05T05:03:04.709837+00:00,9881,7693266109850,1920,1200
daheng_sn_FDE23080341,822,173346046000000,173346046000000,173346046000000,2026-09-05T05:03:04.801488+00:00,9894,7693366012250,1920,1200
directshow_index_1,835,173346078000000,173346078000000,173346078000000,2026-09-05T05:03:04.801488+00:00,,,640,480
daheng_sn_FDE23080341,823,173346140000000,173346140000000,173346140000000,2026-09-05T05:03:04.896750+00:00,9905,7693450545050,1920,1200
directshow_index_1,836,173346171000000,173346171000000,173346171000000,2026-09-05T05:03:04.898761+00:00,,,640,480
daheng_sn_FDE23080341,824,173346234000000,173346234000000,173346234000000,2026-09-05T05:03:04.998866+00:00,9917,7693542762650,1920,1200
directshow_index_1,837,173346265000000,173346265000000,173346265000000,2026-09-05T05:03:04.999870+00:00,,,640,480
daheng_sn_FDE23080341,825,173346328000000,173346328000000,173346328000000,2026-09-05T05:03:05.080091+00:00,9930,7693642665050,1920,1200
directshow_index_1,838,173346359000000,173346359000000,173346359000000,2026-09-05T05:03:05.084097+00:00,,,640,480
directshow_index_1,839,173346453000000,173346453000000,173346453000000,2026-09-05T05:03:05.174635+00:00,,,640,480
daheng_sn_FDE23080341,826,173346421000000,173346421000000,173346421000000,2026-09-05T05:03:05.185637+00:00,9941,7693727197850,1920,1200
daheng_sn_FDE23080341,827,173346515000000,173346515000000,173346515000000,2026-09-05T05:03:05.267217+00:00,9954,7693827100250,1920,1200
directshow_index_1,840,173346546000000,173346546000000,173346546000000,2026-09-05T05:03:05.272214+00:00,,,640,480
daheng_sn_FDE23080341,828,173346609000000,173346609000000,173346609000000,2026-09-05T05:03:05.359372+00:00,9966,7693919317850,1920,1200
directshow_index_1,841,173346640000000,173346640000000,173346640000000,2026-09-05T05:03:05.364116+00:00,,,640,480
directshow_index_1,842,173346734000000,173346734000000,173346734000000,2026-09-05T05:03:05.457858+00:00,,,640,480
daheng_sn_FDE23080341,829,173346703000000,173346703000000,173346703000000,2026-09-05T05:03:05.461857+00:00,9978,7694011535450,1920,1200
daheng_sn_FDE23080341,830,173346796000000,173346796000000,173346796000000,2026-09-05T05:03:05.545777+00:00,9991,7694111437850,1920,1200
directshow_index_1,843,173346828000000,173346828000000,173346828000000,2026-09-05T05:03:05.549777+00:00,,,640,480
daheng_sn_FDE23080341,831,173346890000000,173346890000000,173346890000000,2026-09-05T05:03:05.638961+00:00,10003,7694203655450,1920,1200
directshow_index_1,844,173346921000000,173346921000000,173346921000000,2026-09-05T05:03:05.648004+00:00,,,640,480
daheng_sn_FDE23080341,832,173346984000000,173346984000000,173346984000000,2026-09-05T05:03:05.738221+00:00,10015,7694295873050,1920,1200
directshow_index_1,845,173347015000000,173347015000000,173347015000000,2026-09-05T05:03:05.738734+00:00,,,640,480
daheng_sn_FDE23080341,833,173347078000000,173347078000000,173347078000000,2026-09-05T05:03:05.831479+00:00,10027,7694388090650,1920,1200
directshow_index_1,846,173347109000000,173347109000000,173347109000000,2026-09-05T05:03:05.832471+00:00,,,640,480
directshow_index_1,847,173347203000000,173347203000000,173347203000000,2026-09-05T05:03:05.929246+00:00,,,640,480
daheng_sn_FDE23080341,834,173347171000000,173347171000000,173347171000000,2026-09-05T05:03:05.938617+00:00,10039,7694480308250,1920,1200
directshow_index_1,848,173347296000000,173347296000000,173347296000000,2026-09-05T05:03:06.024897+00:00,,,640,480
daheng_sn_FDE23080341,835,173347265000000,173347265000000,173347265000000,2026-09-05T05:03:06.040895+00:00,10052,7694580210650,1920,1200
daheng_sn_FDE23080341,836,173347359000000,173347359000000,173347359000000,2026-09-05T05:03:06.122434+00:00,10063,7694664743450,1920,1200
directshow_index_1,849,173347390000000,173347390000000,173347390000000,2026-09-05T05:03:06.122434+00:00,,,640,480
daheng_sn_FDE23080341,837,173347453000000,173347453000000,173347453000000,2026-09-05T05:03:06.208418+00:00,10076,7694764645850,1920,1200
directshow_index_1,850,173347484000000,173347484000000,173347484000000,2026-09-05T05:03:06.209416+00:00,,,640,480
daheng_sn_FDE23080341,838,173347546000000,173347546000000,173347546000000,2026-09-05T05:03:06.306326+00:00,10088,7694856863450,1920,1200
directshow_index_1,851,173347578000000,173347578000000,173347578000000,2026-09-05T05:03:06.306326+00:00,,,640,480
directshow_index_1,852,173347671000000,173347671000000,173347671000000,2026-09-05T05:03:06.392587+00:00,,,640,480
daheng_sn_FDE23080341,839,173347640000000,173347640000000,173347640000000,2026-09-05T05:03:06.402912+00:00,10100,7694949081050,1920,1200
directshow_index_1,853,173347765000000,173347765000000,173347765000000,2026-09-05T05:03:06.488116+00:00,,,640,480
daheng_sn_FDE23080341,840,173347734000000,173347734000000,173347734000000,2026-09-05T05:03:06.499122+00:00,10113,7695048983450,1920,1200
daheng_sn_FDE23080341,841,173347828000000,173347828000000,173347828000000,2026-09-05T05:03:06.584365+00:00,10125,7695141201050,1920,1200
directshow_index_1,854,173347859000000,173347859000000,173347859000000,2026-09-05T05:03:06.585380+00:00,,,640,480
daheng_sn_FDE23080341,842,173347921000000,173347921000000,173347921000000,2026-09-05T05:03:06.680376+00:00,10137,7695233418650,1920,1200
directshow_index_1,855,173347953000000,173347953000000,173347953000000,2026-09-05T05:03:06.680376+00:00,,,640,480
directshow_index_1,856,173348046000000,173348046000000,173348046000000,2026-09-05T05:03:06.769135+00:00,,,640,480
daheng_sn_FDE23080341,843,173348015000000,173348015000000,173348015000000,2026-09-05T05:03:06.779136+00:00,10149,7695325636250,1920,1200
daheng_sn_FDE23080341,844,173348109000000,173348109000000,173348109000000,2026-09-05T05:03:06.862915+00:00,10162,7695425538650,1920,1200
directshow_index_1,857,173348140000000,173348140000000,173348140000000,2026-09-05T05:03:06.862915+00:00,,,640,480
directshow_index_1,858,173348234000000,173348234000000,173348234000000,2026-09-05T05:03:06.955883+00:00,,,640,480
daheng_sn_FDE23080341,845,173348203000000,173348203000000,173348203000000,2026-09-05T05:03:06.959882+00:00,10173,7695510071450,1920,1200
daheng_sn_FDE23080341,846,173348296000000,173348296000000,173348296000000,2026-09-05T05:03:07.053959+00:00,10186,7695609973850,1920,1200
directshow_index_1,859,173348328000000,173348328000000,173348328000000,2026-09-05T05:03:07.054956+00:00,,,640,480
daheng_sn_FDE23080341,847,173348390000000,173348390000000,173348390000000,2026-09-05T05:03:07.146745+00:00,10198,7695702191450,1920,1200
directshow_index_1,860,173348421000000,173348421000000,173348421000000,2026-09-05T05:03:07.147754+00:00,,,640,480
daheng_sn_FDE23080341,848,173348484000000,173348484000000,173348484000000,2026-09-05T05:03:07.242513+00:00,10210,7695794409050,1920,1200
directshow_index_1,861,173348515000000,173348515000000,173348515000000,2026-09-05T05:03:07.243514+00:00,,,640,480
daheng_sn_FDE23080341,849,173348578000000,173348578000000,173348578000000,2026-09-05T05:03:07.333519+00:00,10223,7695894311450,1920,1200
directshow_index_1,862,173348609000000,173348609000000,173348609000000,2026-09-05T05:03:07.335533+00:00,,,640,480
daheng_sn_FDE23080341,850,173348671000000,173348671000000,173348671000000,2026-09-05T05:03:07.427205+00:00,10235,7695986529050,1920,1200
directshow_index_1,863,173348703000000,173348703000000,173348703000000,2026-09-05T05:03:07.428203+00:00,,,640,480
daheng_sn_FDE23080341,851,173348765000000,173348765000000,173348765000000,2026-09-05T05:03:07.519668+00:00,10247,7696078746650,1920,1200
directshow_index_1,864,173348796000000,173348796000000,173348796000000,2026-09-05T05:03:07.520670+00:00,,,640,480
daheng_sn_FDE23080341,852,173348859000000,173348859000000,173348859000000,2026-09-05T05:03:07.619294+00:00,10259,7696170964250,1920,1200
directshow_index_1,865,173348890000000,173348890000000,173348890000000,2026-09-05T05:03:07.619294+00:00,,,640,480
directshow_index_1,866,173348984000000,173348984000000,173348984000000,2026-09-05T05:03:07.705732+00:00,,,640,480
daheng_sn_FDE23080341,853,173348953000000,173348953000000,173348953000000,2026-09-05T05:03:07.711732+00:00,10271,7696263181850,1920,1200
daheng_sn_FDE23080341,854,173349046000000,173349046000000,173349046000000,2026-09-05T05:03:07.805422+00:00,10284,7696363084250,1920,1200
directshow_index_1,867,173349078000000,173349078000000,173349078000000,2026-09-05T05:03:07.805422+00:00,,,640,480
daheng_sn_FDE23080341,855,173349140000000,173349140000000,173349140000000,2026-09-05T05:03:07.896535+00:00,10295,7696447617050,1920,1200
directshow_index_1,868,173349171000000,173349171000000,173349171000000,2026-09-05T05:03:07.897532+00:00,,,640,480
directshow_index_1,869,173349265000000,173349265000000,173349265000000,2026-09-05T05:03:07.986361+00:00,,,640,480
daheng_sn_FDE23080341,856,173349234000000,173349234000000,173349234000000,2026-09-05T05:03:07.993363+00:00,10308,7696547519450,1920,1200
daheng_sn_FDE23080341,857,173349328000000,173349328000000,173349328000000,2026-09-05T05:03:08.087103+00:00,10320,7696639737050,1920,1200
directshow_index_1,870,173349359000000,173349359000000,173349359000000,2026-09-05T05:03:08.087969+00:00,,,640,480
daheng_sn_FDE23080341,858,173349421000000,173349421000000,173349421000000,2026-09-05T05:03:08.176820+00:00,10332,7696731954650,1920,1200
directshow_index_1,871,173349453000000,173349453000000,173349453000000,2026-09-05T05:03:08.177821+00:00,,,640,480
daheng_sn_FDE23080341,859,173349515000000,173349515000000,173349515000000,2026-09-05T05:03:08.273946+00:00,10345,7696831857050,1920,1200
directshow_index_1,872,173349546000000,173349546000000,173349546000000,2026-09-05T05:03:08.274944+00:00,,,640,480
daheng_sn_FDE23080341,860,173349609000000,173349609000000,173349609000000,2026-09-05T05:03:08.363097+00:00,10356,7696916389850,1920,1200
directshow_index_1,873,173349640000000,173349640000000,173349640000000,2026-09-05T05:03:08.366092+00:00,,,640,480
daheng_sn_FDE23080341,861,173349703000000,173349703000000,173349703000000,2026-09-05T05:03:08.459066+00:00,10369,7697016292250,1920,1200
directshow_index_1,874,173349734000000,173349734000000,173349734000000,2026-09-05T05:03:08.459066+00:00,,,640,480
directshow_index_1,875,173349828000000,173349828000000,173349828000000,2026-09-05T05:03:08.550877+00:00,,,640,480
daheng_sn_FDE23080341,862,173349796000000,173349796000000,173349796000000,2026-09-05T05:03:08.555873+00:00,10381,7697108509850,1920,1200
daheng_sn_FDE23080341,863,173349890000000,173349890000000,173349890000000,2026-09-05T05:03:08.646817+00:00,10393,7697200727450,1920,1200
directshow_index_1,876,173349921000000,173349921000000,173349921000000,2026-09-05T05:03:08.647830+00:00,,,640,480
daheng_sn_FDE23080341,864,173349984000000,173349984000000,173349984000000,2026-09-05T05:03:08.736933+00:00,10405,7697292945050,1920,1200
directshow_index_1,877,173350015000000,173350015000000,173350015000000,2026-09-05T05:03:08.741933+00:00,,,640,480
daheng_sn_FDE23080341,865,173350078000000,173350078000000,173350078000000,2026-09-05T05:03:08.833246+00:00,10418,7697392847450,1920,1200
directshow_index_1,878,173350109000000,173350109000000,173350109000000,2026-09-05T05:03:08.834244+00:00,,,640,480
daheng_sn_FDE23080341,866,173350171000000,173350171000000,173350171000000,2026-09-05T05:03:08.930208+00:00,10430,7697485065050,1920,1200
directshow_index_1,879,173350203000000,173350203000000,173350203000000,2026-09-05T05:03:08.930208+00:00,,,640,480
daheng_sn_FDE23080341,867,173350265000000,173350265000000,173350265000000,2026-09-05T05:03:09.023970+00:00,10442,7697577282650,1920,1200
directshow_index_1,880,173350296000000,173350296000000,173350296000000,2026-09-05T05:03:09.024984+00:00,,,640,480
daheng_sn_FDE23080341,868,173350359000000,173350359000000,173350359000000,2026-09-05T05:03:09.116161+00:00,10454,7697669500250,1920,1200
directshow_index_1,881,173350390000000,173350390000000,173350390000000,2026-09-05T05:03:09.116734+00:00,,,640,480
daheng_sn_FDE23080341,869,173350453000000,173350453000000,173350453000000,2026-09-05T05:03:09.208522+00:00,10466,7697761717850,1920,1200
directshow_index_1,882,173350484000000,173350484000000,173350484000000,2026-09-05T05:03:09.209530+00:00,,,640,480
daheng_sn_FDE23080341,870,173350546000000,173350546000000,173350546000000,2026-09-05T05:03:09.302273+00:00,10478,7697853935450,1920,1200
directshow_index_1,883,173350578000000,173350578000000,173350578000000,2026-09-05T05:03:09.302273+00:00,,,640,480
daheng_sn_FDE23080341,871,173350640000000,173350640000000,173350640000000,2026-09-05T05:03:09.395105+00:00,10490,7697946153050,1920,1200
directshow_index_1,884,173350671000000,173350671000000,173350671000000,2026-09-05T05:03:09.396100+00:00,,,640,480
directshow_index_1,885,173350765000000,173350765000000,173350765000000,2026-09-05T05:03:09.489394+00:00,,,640,480
daheng_sn_FDE23080341,872,173350734000000,173350734000000,173350734000000,2026-09-05T05:03:09.494908+00:00,10503,7698046055450,1920,1200
directshow_index_1,886,173350859000000,173350859000000,173350859000000,2026-09-05T05:03:09.580166+00:00,,,640,480
daheng_sn_FDE23080341,873,173350828000000,173350828000000,173350828000000,2026-09-05T05:03:09.588195+00:00,10516,7698145957850,1920,1200
daheng_sn_FDE23080341,874,173350921000000,173350921000000,173350921000000,2026-09-05T05:03:09.676607+00:00,10527,7698230490650,1920,1200
directshow_index_1,887,173350953000000,173350953000000,173350953000000,2026-09-05T05:03:09.679599+00:00,,,640,480
daheng_sn_FDE23080341,875,173351015000000,173351015000000,173351015000000,2026-09-05T05:03:09.770603+00:00,10539,7698322708250,1920,1200
directshow_index_1,888,173351046000000,173351046000000,173351046000000,2026-09-05T05:03:09.772600+00:00,,,640,480
directshow_index_1,889,173351140000000,173351140000000,173351140000000,2026-09-05T05:03:09.863098+00:00,,,640,480
daheng_sn_FDE23080341,876,173351109000000,173351109000000,173351109000000,2026-09-05T05:03:09.870106+00:00,10552,7698422610650,1920,1200
daheng_sn_FDE23080341,877,173351203000000,173351203000000,173351203000000,2026-09-05T05:03:09.956865+00:00,10564,7698514828250,1920,1200
directshow_index_1,890,173351234000000,173351234000000,173351234000000,2026-09-05T05:03:09.956865+00:00,,,640,480
daheng_sn_FDE23080341,878,173351296000000,173351296000000,173351296000000,2026-09-05T05:03:10.051292+00:00,10576,7698607045850,1920,1200
directshow_index_1,891,173351328000000,173351328000000,173351328000000,2026-09-05T05:03:10.052289+00:00,,,640,480
daheng_sn_FDE23080341,879,173351390000000,173351390000000,173351390000000,2026-09-05T05:03:10.145828+00:00,10588,7698699263450,1920,1200
directshow_index_1,892,173351421000000,173351421000000,173351421000000,2026-09-05T05:03:10.145828+00:00,,,640,480
daheng_sn_FDE23080341,880,173351484000000,173351484000000,173351484000000,2026-09-05T05:03:10.237602+00:00,10600,7698791481050,1920,1200
directshow_index_1,893,173351515000000,173351515000000,173351515000000,2026-09-05T05:03:10.238613+00:00,,,640,480
directshow_index_1,894,173351609000000,173351609000000,173351609000000,2026-09-05T05:03:10.331274+00:00,,,640,480
daheng_sn_FDE23080341,881,173351578000000,173351578000000,173351578000000,2026-09-05T05:03:10.339479+00:00,10613,7698891383450,1920,1200
daheng_sn_FDE23080341,882,173351671000000,173351671000000,173351671000000,2026-09-05T05:03:10.431099+00:00,10625,7698983601050,1920,1200
directshow_index_1,895,173351703000000,173351703000000,173351703000000,2026-09-05T05:03:10.431712+00:00,,,640,480
directshow_index_1,896,173351796000000,173351796000000,173351796000000,2026-09-05T05:03:10.521904+00:00,,,640,480
daheng_sn_FDE23080341,883,173351765000000,173351765000000,173351765000000,2026-09-05T05:03:10.527428+00:00,10638,7699083503450,1920,1200
daheng_sn_FDE23080341,884,173351859000000,173351859000000,173351859000000,2026-09-05T05:03:10.614440+00:00,10650,7699175721050,1920,1200
directshow_index_1,897,173351890000000,173351890000000,173351890000000,2026-09-05T05:03:10.615447+00:00,,,640,480
daheng_sn_FDE23080341,885,173351953000000,173351953000000,173351953000000,2026-09-05T05:03:10.710721+00:00,10662,7699267938650,1920,1200
directshow_index_1,898,173351984000000,173351984000000,173351984000000,2026-09-05T05:03:10.711726+00:00,,,640,480
daheng_sn_FDE23080341,886,173352046000000,173352046000000,173352046000000,2026-09-05T05:03:10.802730+00:00,10674,7699360156250,1920,1200
directshow_index_1,899,173352078000000,173352078000000,173352078000000,2026-09-05T05:03:10.803299+00:00,,,640,480
daheng_sn_FDE23080341,887,173352140000000,173352140000000,173352140000000,2026-09-05T05:03:10.895130+00:00,10686,7699452373850,1920,1200
directshow_index_1,900,173352171000000,173352171000000,173352171000000,2026-09-05T05:03:10.896128+00:00,,,640,480
directshow_index_1,901,173352265000000,173352265000000,173352265000000,2026-09-05T05:03:10.988114+00:00,,,640,480
daheng_sn_FDE23080341,888,173352234000000,173352234000000,173352234000000,2026-09-05T05:03:10.994140+00:00,10698,7699544591450,1920,1200
daheng_sn_FDE23080341,889,173352328000000,173352328000000,173352328000000,2026-09-05T05:03:11.082603+00:00,10710,7699636809050,1920,1200
directshow_index_1,902,173352359000000,173352359000000,173352359000000,2026-09-05T05:03:11.083617+00:00,,,640,480
daheng_sn_FDE23080341,890,173352421000000,173352421000000,173352421000000,2026-09-05T05:03:11.177082+00:00,10722,7699729026650,1920,1200
directshow_index_1,903,173352453000000,173352453000000,173352453000000,2026-09-05T05:03:11.177082+00:00,,,640,480
daheng_sn_FDE23080341,891,173352515000000,173352515000000,173352515000000,2026-09-05T05:03:11.274570+00:00,10734,7699821244250,1920,1200
directshow_index_1,904,173352546000000,173352546000000,173352546000000,2026-09-05T05:03:11.275562+00:00,,,640,480
daheng_sn_FDE23080341,892,173352609000000,173352609000000,173352609000000,2026-09-05T05:03:11.363984+00:00,10747,7699921146650,1920,1200
directshow_index_1,905,173352640000000,173352640000000,173352640000000,2026-09-05T05:03:11.366982+00:00,,,640,480
daheng_sn_FDE23080341,893,173352703000000,173352703000000,173352703000000,2026-09-05T05:03:11.456812+00:00,10759,7700013364250,1920,1200
directshow_index_1,906,173352734000000,173352734000000,173352734000000,2026-09-05T05:03:11.459809+00:00,,,640,480
daheng_sn_FDE23080341,894,173352796000000,173352796000000,173352796000000,2026-09-05T05:03:11.548182+00:00,10772,7700113266650,1920,1200
directshow_index_1,907,173352828000000,173352828000000,173352828000000,2026-09-05T05:03:11.551183+00:00,,,640,480
daheng_sn_FDE23080341,895,173352890000000,173352890000000,173352890000000,2026-09-05T05:03:11.642903+00:00,10783,7700197799450,1920,1200
directshow_index_1,908,173352921000000,173352921000000,173352921000000,2026-09-05T05:03:11.644902+00:00,,,640,480
daheng_sn_FDE23080341,896,173352984000000,173352984000000,173352984000000,2026-09-05T05:03:11.737055+00:00,10796,7700297701850,1920,1200
directshow_index_1,909,173353015000000,173353015000000,173353015000000,2026-09-05T05:03:11.737055+00:00,,,640,480
daheng_sn_FDE23080341,897,173353078000000,173353078000000,173353078000000,2026-09-05T05:03:11.828192+00:00,10808,7700389919450,1920,1200
directshow_index_1,910,173353109000000,173353109000000,173353109000000,2026-09-05T05:03:11.834339+00:00,,,640,480
directshow_index_1,911,173353203000000,173353203000000,173353203000000,2026-09-05T05:03:11.926734+00:00,,,640,480
daheng_sn_FDE23080341,898,173353171000000,173353171000000,173353171000000,2026-09-05T05:03:11.936246+00:00,10820,7700482137050,1920,1200
directshow_index_1,912,173353296000000,173353296000000,173353296000000,2026-09-05T05:03:12.023842+00:00,,,640,480
daheng_sn_FDE23080341,899,173353265000000,173353265000000,173353265000000,2026-09-05T05:03:12.045963+00:00,10833,7700582039450,1920,1200
directshow_index_1,913,173353390000000,173353390000000,173353390000000,2026-09-05T05:03:12.114949+00:00,,,640,480
daheng_sn_FDE23080341,900,173353359000000,173353359000000,173353359000000,2026-09-05T05:03:12.121948+00:00,10845,7700674257050,1920,1200
directshow_index_1,914,173353484000000,173353484000000,173353484000000,2026-09-05T05:03:12.207016+00:00,,,640,480
daheng_sn_FDE23080341,901,173353453000000,173353453000000,173353453000000,2026-09-05T05:03:12.215029+00:00,10857,7700766474650,1920,1200
daheng_sn_FDE23080341,902,173353546000000,173353546000000,173353546000000,2026-09-05T05:03:12.317310+00:00,10869,7700858692250,1920,1200
directshow_index_1,915,173353578000000,173353593000000,173353585500000,2026-09-05T05:03:12.318315+00:00,,,640,480
daheng_sn_FDE23080341,903,173353640000000,173353640000000,173353640000000,2026-09-05T05:03:12.399805+00:00,10881,7700950909850,1920,1200
directshow_index_1,916,173353671000000,173353671000000,173353671000000,2026-09-05T05:03:12.400397+00:00,,,640,480
daheng_sn_FDE23080341,904,173353734000000,173353734000000,173353734000000,2026-09-05T05:03:12.493600+00:00,10894,7701050812250,1920,1200
directshow_index_1,917,173353765000000,173353765000000,173353765000000,2026-09-05T05:03:12.494602+00:00,,,640,480
directshow_index_1,918,173353859000000,173353859000000,173353859000000,2026-09-05T05:03:12.580531+00:00,,,640,480
daheng_sn_FDE23080341,905,173353828000000,173353828000000,173353828000000,2026-09-05T05:03:12.585532+00:00,10906,7701143029850,1920,1200
daheng_sn_FDE23080341,906,173353921000000,173353921000000,173353921000000,2026-09-05T05:03:12.678448+00:00,10918,7701235247450,1920,1200
directshow_index_1,919,173353953000000,173353953000000,173353953000000,2026-09-05T05:03:12.678794+00:00,,,640,480
daheng_sn_FDE23080341,907,173354015000000,173354015000000,173354015000000,2026-09-05T05:03:12.774943+00:00,10930,7701327465050,1920,1200
directshow_index_1,920,173354046000000,173354046000000,173354046000000,2026-09-05T05:03:12.775941+00:00,,,640,480
directshow_index_1,921,173354140000000,173354140000000,173354140000000,2026-09-05T05:03:12.863344+00:00,,,640,480
daheng_sn_FDE23080341,908,173354109000000,173354109000000,173354109000000,2026-09-05T05:03:12.881797+00:00,10942,7701419682650,1920,1200
daheng_sn_FDE23080341,909,173354203000000,173354203000000,173354203000000,2026-09-05T05:03:12.963602+00:00,10954,7701511900250,1920,1200
directshow_index_1,922,173354234000000,173354234000000,173354234000000,2026-09-05T05:03:12.964207+00:00,,,640,480
directshow_index_1,923,173354328000000,173354328000000,173354328000000,2026-09-05T05:03:13.048705+00:00,,,640,480
daheng_sn_FDE23080341,910,173354296000000,173354296000000,173354296000000,2026-09-05T05:03:13.056705+00:00,10966,7701604117850,1920,1200
daheng_sn_FDE23080341,911,173354390000000,173354390000000,173354390000000,2026-09-05T05:03:13.146499+00:00,10979,7701704020250,1920,1200
directshow_index_1,924,173354421000000,173354421000000,173354421000000,2026-09-05T05:03:13.148063+00:00,,,640,480
directshow_index_1,925,173354515000000,173354515000000,173354515000000,2026-09-05T05:03:13.236945+00:00,,,640,480
daheng_sn_FDE23080341,912,173354484000000,173354484000000,173354484000000,2026-09-05T05:03:13.247200+00:00,10991,7701796237850,1920,1200
daheng_sn_FDE23080341,913,173354578000000,173354578000000,173354578000000,2026-09-05T05:03:13.338482+00:00,11004,7701896140250,1920,1200
directshow_index_1,926,173354609000000,173354609000000,173354609000000,2026-09-05T05:03:13.339039+00:00,,,640,480
directshow_index_1,927,173354703000000,173354703000000,173354703000000,2026-09-05T05:03:13.423810+00:00,,,640,480
daheng_sn_FDE23080341,914,173354671000000,173354671000000,173354671000000,2026-09-05T05:03:13.428961+00:00,11015,7701980673050,1920,1200
directshow_index_1,928,173354796000000,173354796000000,173354796000000,2026-09-05T05:03:13.519982+00:00,,,640,480
daheng_sn_FDE23080341,915,173354765000000,173354765000000,173354765000000,2026-09-05T05:03:13.526588+00:00,11027,7702072890650,1920,1200
directshow_index_1,929,173354890000000,173354890000000,173354890000000,2026-09-05T05:03:13.615838+00:00,,,640,480
daheng_sn_FDE23080341,916,173354859000000,173354859000000,173354859000000,2026-09-05T05:03:13.620480+00:00,11040,7702172793050,1920,1200
directshow_index_1,930,173354984000000,173354984000000,173354984000000,2026-09-05T05:03:13.707355+00:00,,,640,480
daheng_sn_FDE23080341,917,173354953000000,173354953000000,173354953000000,2026-09-05T05:03:13.711923+00:00,11052,7702265010650,1920,1200
daheng_sn_FDE23080341,918,173355046000000,173355046000000,173355046000000,2026-09-05T05:03:13.803543+00:00,11064,7702357228250,1920,1200
directshow_index_1,931,173355078000000,173355078000000,173355078000000,2026-09-05T05:03:13.805259+00:00,,,640,480
daheng_sn_FDE23080341,919,173355140000000,173355140000000,173355140000000,2026-09-05T05:03:13.899360+00:00,11076,7702449445850,1920,1200
directshow_index_1,932,173355171000000,173355171000000,173355171000000,2026-09-05T05:03:13.899360+00:00,,,640,480
directshow_index_1,933,173355265000000,173355265000000,173355265000000,2026-09-05T05:03:13.987981+00:00,,,640,480
daheng_sn_FDE23080341,920,173355234000000,173355234000000,173355234000000,2026-09-05T05:03:13.994982+00:00,11089,7702549348250,1920,1200
directshow_index_1,934,173355359000000,173355359000000,173355359000000,2026-09-05T05:03:14.080938+00:00,,,640,480
daheng_sn_FDE23080341,921,173355328000000,173355328000000,173355328000000,2026-09-05T05:03:14.085955+00:00,11101,7702641565850,1920,1200
daheng_sn_FDE23080341,922,173355421000000,173355421000000,173355421000000,2026-09-05T05:03:14.178496+00:00,11113,7702733783450,1920,1200
directshow_index_1,935,173355453000000,173355453000000,173355453000000,2026-09-05T05:03:14.178496+00:00,,,640,480
daheng_sn_FDE23080341,923,173355515000000,173355515000000,173355515000000,2026-09-05T05:03:14.272605+00:00,11126,7702833685850,1920,1200
directshow_index_1,936,173355546000000,173355546000000,173355546000000,2026-09-05T05:03:14.273614+00:00,,,640,480
daheng_sn_FDE23080341,924,173355609000000,173355609000000,173355609000000,2026-09-05T05:03:14.364216+00:00,11138,7702925903450,1920,1200
directshow_index_1,937,173355640000000,173355640000000,173355640000000,2026-09-05T05:03:14.364783+00:00,,,640,480
directshow_index_1,938,173355734000000,173355734000000,173355734000000,2026-09-05T05:03:14.457547+00:00,,,640,480
daheng_sn_FDE23080341,925,173355703000000,173355703000000,173355703000000,2026-09-05T05:03:14.468151+00:00,11150,7703018121050,1920,1200
directshow_index_1,939,173355828000000,173355828000000,173355828000000,2026-09-05T05:03:14.548551+00:00,,,640,480
daheng_sn_FDE23080341,926,173355796000000,173355796000000,173355796000000,2026-09-05T05:03:14.564066+00:00,11162,7703110338650,1920,1200
daheng_sn_FDE23080341,927,173355890000000,173355890000000,173355890000000,2026-09-05T05:03:14.643524+00:00,11174,7703202556250,1920,1200
directshow_index_1,940,173355921000000,173355921000000,173355921000000,2026-09-05T05:03:14.646528+00:00,,,640,480
directshow_index_1,941,173356015000000,173356015000000,173356015000000,2026-09-05T05:03:14.734042+00:00,,,640,480
daheng_sn_FDE23080341,928,173355984000000,173355984000000,173355984000000,2026-09-05T05:03:14.739584+00:00,11186,7703294773850,1920,1200
directshow_index_1,942,173356109000000,173356109000000,173356109000000,2026-09-05T05:03:14.833327+00:00,,,640,480
daheng_sn_FDE23080341,929,173356078000000,173356078000000,173356078000000,2026-09-05T05:03:14.838774+00:00,11198,7703386991450,1920,1200
daheng_sn_FDE23080341,930,173356171000000,173356171000000,173356171000000,2026-09-05T05:03:14.926757+00:00,11211,7703486893850,1920,1200
directshow_index_1,943,173356203000000,173356203000000,173356203000000,2026-09-05T05:03:14.926757+00:00,,,640,480
daheng_sn_FDE23080341,931,173356265000000,173356265000000,173356265000000,2026-09-05T05:03:15.020468+00:00,11223,7703579111450,1920,1200
directshow_index_1,944,173356296000000,173356296000000,173356296000000,2026-09-05T05:03:15.022761+00:00,,,640,480
directshow_index_1,945,173356390000000,173356390000000,173356390000000,2026-09-05T05:03:15.116171+00:00,,,640,480
daheng_sn_FDE23080341,932,173356359000000,173356359000000,173356359000000,2026-09-05T05:03:15.123148+00:00,11235,7703671329050,1920,1200
daheng_sn_FDE23080341,933,173356453000000,173356453000000,173356453000000,2026-09-05T05:03:15.205358+00:00,11247,7703763546650,1920,1200
directshow_index_1,946,173356484000000,173356484000000,173356484000000,2026-09-05T05:03:15.207354+00:00,,,640,480
daheng_sn_FDE23080341,934,173356546000000,173356546000000,173356546000000,2026-09-05T05:03:15.302997+00:00,11260,7703863449050,1920,1200
directshow_index_1,947,173356578000000,173356578000000,173356578000000,2026-09-05T05:03:15.303554+00:00,,,640,480
daheng_sn_FDE23080341,935,173356640000000,173356640000000,173356640000000,2026-09-05T05:03:15.399471+00:00,11271,7703947981850,1920,1200
directshow_index_1,948,173356671000000,173356671000000,173356671000000,2026-09-05T05:03:15.399978+00:00,,,640,480
daheng_sn_FDE23080341,936,173356734000000,173356734000000,173356734000000,2026-09-05T05:03:15.486871+00:00,11284,7704047884250,1920,1200
directshow_index_1,949,173356765000000,173356765000000,173356765000000,2026-09-05T05:03:15.490871+00:00,,,640,480
daheng_sn_FDE23080341,937,173356828000000,173356828000000,173356828000000,2026-09-05T05:03:15.586140+00:00,11296,7704140101850,1920,1200
directshow_index_1,950,173356859000000,173356859000000,173356859000000,2026-09-05T05:03:15.586140+00:00,,,640,480
directshow_index_1,951,173356953000000,173356953000000,173356953000000,2026-09-05T05:03:15.674245+00:00,,,640,480
daheng_sn_FDE23080341,938,173356921000000,173356921000000,173356921000000,2026-09-05T05:03:15.681870+00:00,11308,7704232319450,1920,1200
directshow_index_1,952,173357046000000,173357046000000,173357046000000,2026-09-05T05:03:15.771841+00:00,,,640,480
daheng_sn_FDE23080341,939,173357015000000,173357015000000,173357015000000,2026-09-05T05:03:15.778334+00:00,11321,7704332221850,1920,1200
directshow_index_1,953,173357140000000,173357140000000,173357140000000,2026-09-05T05:03:15.861572+00:00,,,640,480
daheng_sn_FDE23080341,940,173357109000000,173357109000000,173357109000000,2026-09-05T05:03:15.866760+00:00,11333,7704424439450,1920,1200
daheng_sn_FDE23080341,941,173357203000000,173357203000000,173357203000000,2026-09-05T05:03:15.957782+00:00,11345,7704516657050,1920,1200
directshow_index_1,954,173357234000000,173357234000000,173357234000000,2026-09-05T05:03:15.959486+00:00,,,640,480
daheng_sn_FDE23080341,942,173357296000000,173357296000000,173357296000000,2026-09-05T05:03:16.054022+00:00,11357,7704608874650,1920,1200
directshow_index_1,955,173357328000000,173357328000000,173357328000000,2026-09-05T05:03:16.054600+00:00,,,640,480
daheng_sn_FDE23080341,943,173357390000000,173357390000000,173357390000000,2026-09-05T05:03:16.150579+00:00,11370,7704708777050,1920,1200
directshow_index_1,956,173357421000000,173357421000000,173357421000000,2026-09-05T05:03:16.155937+00:00,,,640,480
daheng_sn_FDE23080341,944,173357484000000,173357484000000,173357484000000,2026-09-05T05:03:16.237979+00:00,11381,7704793309850,1920,1200
directshow_index_1,957,173357515000000,173357515000000,173357515000000,2026-09-05T05:03:16.237979+00:00,,,640,480
directshow_index_1,958,173357609000000,173357609000000,173357609000000,2026-09-05T05:03:16.331792+00:00,,,640,480
daheng_sn_FDE23080341,945,173357578000000,173357578000000,173357578000000,2026-09-05T05:03:16.336437+00:00,11394,7704893212250,1920,1200
daheng_sn_FDE23080341,946,173357671000000,173357671000000,173357671000000,2026-09-05T05:03:16.425558+00:00,11406,7704985429850,1920,1200
directshow_index_1,959,173357703000000,173357703000000,173357703000000,2026-09-05T05:03:16.428854+00:00,,,640,480
daheng_sn_FDE23080341,947,173357765000000,173357765000000,173357765000000,2026-09-05T05:03:16.520352+00:00,11418,7705077647450,1920,1200
directshow_index_1,960,173357796000000,173357796000000,173357796000000,2026-09-05T05:03:16.521357+00:00,,,640,480
directshow_index_1,961,173357890000000,173357890000000,173357890000000,2026-09-05T05:03:16.611807+00:00,,,640,480
daheng_sn_FDE23080341,948,173357859000000,173357859000000,173357859000000,2026-09-05T05:03:16.619809+00:00,11430,7705169865050,1920,1200
directshow_index_1,962,173357984000000,173357984000000,173357984000000,2026-09-05T05:03:16.708886+00:00,,,640,480
daheng_sn_FDE23080341,949,173357953000000,173357953000000,173357953000000,2026-09-05T05:03:16.724068+00:00,11442,7705262082650,1920,1200
daheng_sn_FDE23080341,950,173358046000000,173358046000000,173358046000000,2026-09-05T05:03:16.801707+00:00,11455,7705361985050,1920,1200
directshow_index_1,963,173358078000000,173358078000000,173358078000000,2026-09-05T05:03:16.801707+00:00,,,640,480
daheng_sn_FDE23080341,951,173358140000000,173358140000000,173358140000000,2026-09-05T05:03:16.895398+00:00,11467,7705454202650,1920,1200
directshow_index_1,964,173358171000000,173358171000000,173358171000000,2026-09-05T05:03:16.897002+00:00,,,640,480
daheng_sn_FDE23080341,952,173358234000000,173358234000000,173358234000000,2026-09-05T05:03:16.999414+00:00,11479,7705546420250,1920,1200
directshow_index_1,965,173358265000000,173358265000000,173358265000000,2026-09-05T05:03:16.999414+00:00,,,640,480
daheng_sn_FDE23080341,953,173358328000000,173358328000000,173358328000000,2026-09-05T05:03:17.079401+00:00,11491,7705638637850,1920,1200
directshow_index_1,966,173358359000000,173358359000000,173358359000000,2026-09-05T05:03:17.086703+00:00,,,640,480
daheng_sn_FDE23080341,954,173358421000000,173358421000000,173358421000000,2026-09-05T05:03:17.172951+00:00,11504,7705738540250,1920,1200
directshow_index_1,967,173358453000000,173358453000000,173358453000000,2026-09-05T05:03:17.178063+00:00,,,640,480
daheng_sn_FDE23080341,955,173358515000000,173358515000000,173358515000000,2026-09-05T05:03:17.268541+00:00,11515,7705823073050,1920,1200
directshow_index_1,968,173358546000000,173358546000000,173358546000000,2026-09-05T05:03:17.271655+00:00,,,640,480
daheng_sn_FDE23080341,956,173358609000000,173358609000000,173358609000000,2026-09-05T05:03:17.360689+00:00,11528,7705922975450,1920,1200
directshow_index_1,969,173358640000000,173358640000000,173358640000000,2026-09-05T05:03:17.362688+00:00,,,640,480
daheng_sn_FDE23080341,957,173358703000000,173358703000000,173358703000000,2026-09-05T05:03:17.455243+00:00,11540,7706015193050,1920,1200
directshow_index_1,970,173358734000000,173358734000000,173358734000000,2026-09-05T05:03:17.456410+00:00,,,640,480
directshow_index_1,971,173358828000000,173358828000000,173358828000000,2026-09-05T05:03:17.556057+00:00,,,640,480
daheng_sn_FDE23080341,958,173358796000000,173358796000000,173358796000000,2026-09-05T05:03:17.574233+00:00,11552,7706107410650,1920,1200
directshow_index_1,972,173358921000000,173358921000000,173358921000000,2026-09-05T05:03:17.645189+00:00,,,640,480
daheng_sn_FDE23080341,959,173358890000000,173358890000000,173358890000000,2026-09-05T05:03:17.667622+00:00,11564,7706199628250,1920,1200
directshow_index_1,973,173359015000000,173359015000000,173359015000000,2026-09-05T05:03:17.741011+00:00,,,640,480
daheng_sn_FDE23080341,960,173358984000000,173358984000000,173358984000000,2026-09-05T05:03:17.747003+00:00,11576,7706291845850,1920,1200
directshow_index_1,974,173359109000000,173359109000000,173359109000000,2026-09-05T05:03:17.830877+00:00,,,640,480
daheng_sn_FDE23080341,961,173359078000000,173359078000000,173359078000000,2026-09-05T05:03:17.844238+00:00,11589,7706391748250,1920,1200
daheng_sn_FDE23080341,962,173359171000000,173359171000000,173359171000000,2026-09-05T05:03:17.932107+00:00,11601,7706483965850,1920,1200
directshow_index_1,975,173359203000000,173359203000000,173359203000000,2026-09-05T05:03:17.932107+00:00,,,640,480
directshow_index_1,976,173359296000000,173359296000000,173359296000000,2026-09-05T05:03:18.018359+00:00,,,640,480
daheng_sn_FDE23080341,963,173359265000000,173359265000000,173359265000000,2026-09-05T05:03:18.021954+00:00,11613,7706576183450,1920,1200
directshow_index_1,977,173359390000000,173359390000000,173359390000000,2026-09-05T05:03:18.112467+00:00,,,640,480
daheng_sn_FDE23080341,964,173359359000000,173359359000000,173359359000000,2026-09-05T05:03:18.116566+00:00,11625,7706668401050,1920,1200
directshow_index_1,978,173359484000000,173359484000000,173359484000000,2026-09-05T05:03:18.206036+00:00,,,640,480
daheng_sn_FDE23080341,965,173359453000000,173359453000000,173359453000000,2026-09-05T05:03:18.216066+00:00,11638,7706768303450,1920,1200
directshow_index_1,979,173359578000000,173359578000000,173359578000000,2026-09-05T05:03:18.299018+00:00,,,640,480
daheng_sn_FDE23080341,966,173359546000000,173359546000000,173359546000000,2026-09-05T05:03:18.312025+00:00,11650,7706860521050,1920,1200
daheng_sn_FDE23080341,967,173359640000000,173359640000000,173359640000000,2026-09-05T05:03:18.397732+00:00,11662,7706952738650,1920,1200
directshow_index_1,980,173359671000000,173359671000000,173359671000000,2026-09-05T05:03:18.398483+00:00,,,640,480
directshow_index_1,981,173359765000000,173359765000000,173359765000000,2026-09-05T05:03:18.487202+00:00,,,640,480
daheng_sn_FDE23080341,968,173359734000000,173359734000000,173359734000000,2026-09-05T05:03:18.496197+00:00,11674,7707044956250,1920,1200
daheng_sn_FDE23080341,969,173359828000000,173359828000000,173359828000000,2026-09-05T05:03:18.582404+00:00,11686,7707137173850,1920,1200
directshow_index_1,982,173359859000000,173359859000000,173359859000000,2026-09-05T05:03:18.582404+00:00,,,640,480
directshow_index_1,983,173359953000000,173359953000000,173359953000000,2026-09-05T05:03:18.674549+00:00,,,640,480
daheng_sn_FDE23080341,970,173359921000000,173359921000000,173359921000000,2026-09-05T05:03:18.680058+00:00,11699,7707237076250,1920,1200
daheng_sn_FDE23080341,971,173360015000000,173360015000000,173360015000000,2026-09-05T05:03:18.770546+00:00,11711,7707329293850,1920,1200
directshow_index_1,984,173360046000000,173360046000000,173360046000000,2026-09-05T05:03:18.771545+00:00,,,640,480
directshow_index_1,985,173360140000000,173360140000000,173360140000000,2026-09-05T05:03:18.865077+00:00,,,640,480
daheng_sn_FDE23080341,972,173360109000000,173360125000000,173360117000000,2026-09-05T05:03:18.878081+00:00,11723,7707421511450,1920,1200
daheng_sn_FDE23080341,973,173360203000000,173360203000000,173360203000000,2026-09-05T05:03:18.959606+00:00,11735,7707513729050,1920,1200
directshow_index_1,986,173360234000000,173360234000000,173360234000000,2026-09-05T05:03:18.960203+00:00,,,640,480
daheng_sn_FDE23080341,974,173360296000000,173360296000000,173360296000000,2026-09-05T05:03:19.048522+00:00,11747,7707605946650,1920,1200
directshow_index_1,987,173360328000000,173360328000000,173360328000000,2026-09-05T05:03:19.051226+00:00,,,640,480
directshow_index_1,988,173360421000000,173360421000000,173360421000000,2026-09-05T05:03:19.143753+00:00,,,640,480
daheng_sn_FDE23080341,975,173360390000000,173360390000000,173360390000000,2026-09-05T05:03:19.147752+00:00,11759,7707698164250,1920,1200
daheng_sn_FDE23080341,976,173360484000000,173360484000000,173360484000000,2026-09-05T05:03:19.234885+00:00,11772,7707798066650,1920,1200
directshow_index_1,989,173360515000000,173360515000000,173360515000000,2026-09-05T05:03:19.238883+00:00,,,640,480
daheng_sn_FDE23080341,977,173360578000000,173360578000000,173360578000000,2026-09-05T05:03:19.327661+00:00,11784,7707890284250,1920,1200
directshow_index_1,990,173360609000000,173360609000000,173360609000000,2026-09-05T05:03:19.331673+00:00,,,640,480
daheng_sn_FDE23080341,978,173360671000000,173360671000000,173360671000000,2026-09-05T05:03:19.425676+00:00,11796,7707982501850,1920,1200
directshow_index_1,991,173360703000000,173360703000000,173360703000000,2026-09-05T05:03:19.426674+00:00,,,640,480
daheng_sn_FDE23080341,979,173360765000000,173360765000000,173360765000000,2026-09-05T05:03:19.519652+00:00,11809,7708082404250,1920,1200
directshow_index_1,992,173360796000000,173360796000000,173360796000000,2026-09-05T05:03:19.519652+00:00,,,640,480
daheng_sn_FDE23080341,980,173360859000000,173360859000000,173360859000000,2026-09-05T05:03:19.614346+00:00,11820,7708166937050,1920,1200
directshow_index_1,993,173360890000000,173360890000000,173360890000000,2026-09-05T05:03:19.614346+00:00,,,640,480
daheng_sn_FDE23080341,981,173360953000000,173360953000000,173360953000000,2026-09-05T05:03:19.710062+00:00,11833,7708266839450,1920,1200
directshow_index_1,994,173360984000000,173360984000000,173360984000000,2026-09-05T05:03:19.711078+00:00,,,640,480
daheng_sn_FDE23080341,982,173361046000000,173361046000000,173361046000000,2026-09-05T05:03:19.798063+00:00,11845,7708359057050,1920,1200
directshow_index_1,995,173361078000000,173361078000000,173361078000000,2026-09-05T05:03:19.802004+00:00,,,640,480
daheng_sn_FDE23080341,983,173361140000000,173361140000000,173361140000000,2026-09-05T05:03:19.892275+00:00,11858,7708458959450,1920,1200
directshow_index_1,996,173361171000000,173361171000000,173361171000000,2026-09-05T05:03:19.895279+00:00,,,640,480
directshow_index_1,997,173361265000000,173361265000000,173361265000000,2026-09-05T05:03:19.986836+00:00,,,640,480
daheng_sn_FDE23080341,984,173361234000000,173361234000000,173361234000000,2026-09-05T05:03:19.992833+00:00,11870,7708551177050,1920,1200
daheng_sn_FDE23080341,985,173361328000000,173361328000000,173361328000000,2026-09-05T05:03:20.081824+00:00,11881,7708635709850,1920,1200
directshow_index_1,998,173361359000000,173361359000000,173361359000000,2026-09-05T05:03:20.081824+00:00,,,640,480
daheng_sn_FDE23080341,986,173361421000000,173361421000000,173361421000000,2026-09-05T05:03:20.178356+00:00,11894,7708735612250,1920,1200
directshow_index_1,999,173361453000000,173361453000000,173361453000000,2026-09-05T05:03:20.178356+00:00,,,640,480
directshow_index_1,1000,173361546000000,173361546000000,173361546000000,2026-09-05T05:03:20.269382+00:00,,,640,480
daheng_sn_FDE23080341,987,173361515000000,173361515000000,173361515000000,2026-09-05T05:03:20.274319+00:00,11906,7708827829850,1920,1200
daheng_sn_FDE23080341,988,173361609000000,173361609000000,173361609000000,2026-09-05T05:03:20.365420+00:00,11918,7708920047450,1920,1200
directshow_index_1,1001,173361640000000,173361640000000,173361640000000,2026-09-05T05:03:20.365420+00:00,,,640,480
daheng_sn_FDE23080341,989,173361703000000,173361703000000,173361703000000,2026-09-05T05:03:20.456805+00:00,11930,7709012265050,1920,1200
directshow_index_1,1002,173361734000000,173361734000000,173361734000000,2026-09-05T05:03:20.457805+00:00,,,640,480
daheng_sn_FDE23080341,990,173361796000000,173361796000000,173361796000000,2026-09-05T05:03:20.550899+00:00,11943,7709112167450,1920,1200
directshow_index_1,1003,173361828000000,173361828000000,173361828000000,2026-09-05T05:03:20.550899+00:00,,,640,480
daheng_sn_FDE23080341,991,173361890000000,173361890000000,173361890000000,2026-09-05T05:03:20.645796+00:00,11955,7709204385050,1920,1200
directshow_index_1,1004,173361921000000,173361921000000,173361921000000,2026-09-05T05:03:20.646797+00:00,,,640,480
directshow_index_1,1005,173362015000000,173362015000000,173362015000000,2026-09-05T05:03:20.736001+00:00,,,640,480
daheng_sn_FDE23080341,992,173361984000000,173361984000000,173361984000000,2026-09-05T05:03:20.740995+00:00,11967,7709296602650,1920,1200
daheng_sn_FDE23080341,993,173362078000000,173362078000000,173362078000000,2026-09-05T05:03:20.833198+00:00,11979,7709388820250,1920,1200
directshow_index_1,1006,173362109000000,173362109000000,173362109000000,2026-09-05T05:03:20.834199+00:00,,,640,480
directshow_index_1,1007,173362203000000,173362203000000,173362203000000,2026-09-05T05:03:20.923299+00:00,,,640,480
daheng_sn_FDE23080341,994,173362171000000,173362171000000,173362171000000,2026-09-05T05:03:20.931957+00:00,11991,7709481037850,1920,1200
daheng_sn_FDE23080341,995,173362265000000,173362265000000,173362265000000,2026-09-05T05:03:21.016418+00:00,12004,7709580940250,1920,1200
directshow_index_1,1008,173362296000000,173362296000000,173362296000000,2026-09-05T05:03:21.022423+00:00,,,640,480
daheng_sn_FDE23080341,996,173362359000000,173362359000000,173362359000000,2026-09-05T05:03:21.112053+00:00,12015,7709665473050,1920,1200
directshow_index_1,1009,173362390000000,173362390000000,173362390000000,2026-09-05T05:03:21.114054+00:00,,,640,480
daheng_sn_FDE23080341,997,173362453000000,173362453000000,173362453000000,2026-09-05T05:03:21.205182+00:00,12028,7709765375450,1920,1200
directshow_index_1,1010,173362484000000,173362484000000,173362484000000,2026-09-05T05:03:21.206794+00:00,,,640,480
daheng_sn_FDE23080341,998,173362546000000,173362546000000,173362546000000,2026-09-05T05:03:21.301650+00:00,12040,7709857593050,1920,1200
directshow_index_1,1011,173362578000000,173362578000000,173362578000000,2026-09-05T05:03:21.302658+00:00,,,640,480
daheng_sn_FDE23080341,999,173362640000000,173362640000000,173362640000000,2026-09-05T05:03:21.396444+00:00,12052,7709949810650,1920,1200
directshow_index_1,1012,173362671000000,173362671000000,173362671000000,2026-09-05T05:03:21.396444+00:00,,,640,480
directshow_index_1,1013,173362765000000,173362765000000,173362765000000,2026-09-05T05:03:21.485955+00:00,,,640,480
daheng_sn_FDE23080341,1000,173362734000000,173362734000000,173362734000000,2026-09-05T05:03:21.495954+00:00,12064,7710042028250,1920,1200
daheng_sn_FDE23080341,1001,173362828000000,173362828000000,173362828000000,2026-09-05T05:03:21.586123+00:00,12077,7710141930650,1920,1200
directshow_index_1,1014,173362859000000,173362859000000,173362859000000,2026-09-05T05:03:21.587121+00:00,,,640,480
directshow_index_1,1015,173362953000000,173362953000000,173362953000000,2026-09-05T05:03:21.675656+00:00,,,640,480
daheng_sn_FDE23080341,1002,173362921000000,173362921000000,173362921000000,2026-09-05T05:03:21.686656+00:00,12089,7710234148250,1920,1200
directshow_index_1,1016,173363046000000,173363046000000,173363046000000,2026-09-05T05:03:21.768887+00:00,,,640,480
daheng_sn_FDE23080341,1003,173363015000000,173363015000000,173363015000000,2026-09-05T05:03:21.788069+00:00,12101,7710326365850,1920,1200
directshow_index_1,1017,173363140000000,173363140000000,173363140000000,2026-09-05T05:03:21.869262+00:00,,,640,480
daheng_sn_FDE23080341,1004,173363109000000,173363109000000,173363109000000,2026-09-05T05:03:21.884262+00:00,12114,7710426268250,1920,1200
daheng_sn_FDE23080341,1005,173363203000000,173363203000000,173363203000000,2026-09-05T05:03:21.963061+00:00,12126,7710518485850,1920,1200
directshow_index_1,1018,173363234000000,173363234000000,173363234000000,2026-09-05T05:03:21.963061+00:00,,,640,480
directshow_index_1,1019,173363328000000,173363328000000,173363328000000,2026-09-05T05:03:22.048569+00:00,,,640,480
daheng_sn_FDE23080341,1006,173363296000000,173363296000000,173363296000000,2026-09-05T05:03:22.054728+00:00,12138,7710610703450,1920,1200
daheng_sn_FDE23080341,1007,173363390000000,173363390000000,173363390000000,2026-09-05T05:03:22.160156+00:00,12150,7710702921050,1920,1200
directshow_index_1,1020,173363421000000,173363421000000,173363421000000,2026-09-05T05:03:22.167148+00:00,,,640,480
directshow_index_1,1021,173363515000000,173363515000000,173363515000000,2026-09-05T05:03:22.239364+00:00,,,640,480
daheng_sn_FDE23080341,1008,173363484000000,173363484000000,173363484000000,2026-09-05T05:03:22.245872+00:00,12162,7710795138650,1920,1200
directshow_index_1,1022,173363609000000,173363609000000,173363609000000,2026-09-05T05:03:22.331515+00:00,,,640,480
daheng_sn_FDE23080341,1009,173363578000000,173363578000000,173363578000000,2026-09-05T05:03:22.337514+00:00,12174,7710887356250,1920,1200
daheng_sn_FDE23080341,1010,173363671000000,173363671000000,173363671000000,2026-09-05T05:03:22.431069+00:00,12187,7710987258650,1920,1200
directshow_index_1,1023,173363703000000,173363703000000,173363703000000,2026-09-05T05:03:22.432077+00:00,,,640,480
daheng_sn_FDE23080341,1011,173363765000000,173363765000000,173363765000000,2026-09-05T05:03:22.524773+00:00,12199,7711079476250,1920,1200
directshow_index_1,1024,173363796000000,173363796000000,173363796000000,2026-09-05T05:03:22.525775+00:00,,,640,480
directshow_index_1,1025,173363890000000,173363890000000,173363890000000,2026-09-05T05:03:22.612454+00:00,,,640,480
daheng_sn_FDE23080341,1012,173363859000000,173363859000000,173363859000000,2026-09-05T05:03:22.617452+00:00,12211,7711171693850,1920,1200
directshow_index_1,1026,173363984000000,173363984000000,173363984000000,2026-09-05T05:03:22.707148+00:00,,,640,480
daheng_sn_FDE23080341,1013,173363953000000,173363953000000,173363953000000,2026-09-05T05:03:22.731119+00:00,12223,7711263911450,1920,1200
directshow_index_1,1027,173364078000000,173364078000000,173364078000000,2026-09-05T05:03:22.799841+00:00,,,640,480
daheng_sn_FDE23080341,1014,173364046000000,173364046000000,173364046000000,2026-09-05T05:03:22.810008+00:00,12235,7711356129050,1920,1200
directshow_index_1,1028,173364171000000,173364171000000,173364171000000,2026-09-05T05:03:22.892225+00:00,,,640,480
daheng_sn_FDE23080341,1015,173364140000000,173364140000000,173364140000000,2026-09-05T05:03:22.903232+00:00,12248,7711456031450,1920,1200
directshow_index_1,1029,173364265000000,173364265000000,173364265000000,2026-09-05T05:03:22.988857+00:00,,,640,480
daheng_sn_FDE23080341,1016,173364234000000,173364234000000,173364234000000,2026-09-05T05:03:22.999850+00:00,12260,7711548249050,1920,1200
directshow_index_1,1030,173364359000000,173364359000000,173364359000000,2026-09-05T05:03:23.087906+00:00,,,640,480
daheng_sn_FDE23080341,1017,173364328000000,173364328000000,173364328000000,2026-09-05T05:03:23.110468+00:00,12272,7711640466650,1920,1200
directshow_index_1,1031,173364453000000,173364453000000,173364453000000,2026-09-05T05:03:23.176423+00:00,,,640,480
daheng_sn_FDE23080341,1018,173364421000000,173364421000000,173364421000000,2026-09-05T05:03:23.195267+00:00,12284,7711732684250,1920,1200
directshow_index_1,1032,173364546000000,173364546000000,173364546000000,2026-09-05T05:03:23.271461+00:00,,,640,480
daheng_sn_FDE23080341,1019,173364515000000,173364515000000,173364515000000,2026-09-05T05:03:23.291669+00:00,12296,7711824901850,1920,1200
directshow_index_1,1033,173364640000000,173364640000000,173364640000000,2026-09-05T05:03:23.362240+00:00,,,640,480
daheng_sn_FDE23080341,1020,173364609000000,173364609000000,173364609000000,2026-09-05T05:03:23.372930+00:00,12309,7711924804250,1920,1200
directshow_index_1,1034,173364734000000,173364734000000,173364734000000,2026-09-05T05:03:23.461000+00:00,,,640,480
daheng_sn_FDE23080341,1021,173364703000000,173364703000000,173364703000000,2026-09-05T05:03:23.467998+00:00,12321,7712017021850,1920,1200
directshow_index_1,1035,173364828000000,173364828000000,173364828000000,2026-09-05T05:03:23.552105+00:00,,,640,480
daheng_sn_FDE23080341,1022,173364796000000,173364796000000,173364796000000,2026-09-05T05:03:23.562323+00:00,12333,7712109239450,1920,1200
directshow_index_1,1036,173364921000000,173364921000000,173364921000000,2026-09-05T05:03:23.645227+00:00,,,640,480
daheng_sn_FDE23080341,1023,173364890000000,173364890000000,173364890000000,2026-09-05T05:03:23.657093+00:00,12345,7712201457050,1920,1200
directshow_index_1,1037,173365015000000,173365015000000,173365015000000,2026-09-05T05:03:23.737051+00:00,,,640,480
daheng_sn_FDE23080341,1024,173364984000000,173364984000000,173364984000000,2026-09-05T05:03:23.755612+00:00,12358,7712301359450,1920,1200
directshow_index_1,1038,173365109000000,173365109000000,173365109000000,2026-09-05T05:03:23.833278+00:00,,,640,480
daheng_sn_FDE23080341,1025,173365078000000,173365078000000,173365078000000,2026-09-05T05:03:23.861336+00:00,12369,7712385892250,1920,1200
directshow_index_1,1039,173365203000000,173365203000000,173365203000000,2026-09-05T05:03:23.925273+00:00,,,640,480
daheng_sn_FDE23080341,1026,173365171000000,173365171000000,173365171000000,2026-09-05T05:03:23.949539+00:00,12382,7712485794650,1920,1200
directshow_index_1,1040,173365296000000,173365296000000,173365296000000,2026-09-05T05:03:24.017924+00:00,,,640,480
daheng_sn_FDE23080341,1027,173365265000000,173365265000000,173365265000000,2026-09-05T05:03:24.050679+00:00,12394,7712578012250,1920,1200
directshow_index_1,1041,173365390000000,173365390000000,173365390000000,2026-09-05T05:03:24.111456+00:00,,,640,480
daheng_sn_FDE23080341,1028,173365359000000,173365359000000,173365359000000,2026-09-05T05:03:24.126783+00:00,12406,7712670229850,1920,1200
directshow_index_1,1042,173365484000000,173365484000000,173365484000000,2026-09-05T05:03:24.210595+00:00,,,640,480
daheng_sn_FDE23080341,1029,173365453000000,173365453000000,173365453000000,2026-09-05T05:03:24.216300+00:00,12419,7712770132250,1920,1200
directshow_index_1,1043,173365578000000,173365578000000,173365578000000,2026-09-05T05:03:24.305166+00:00,,,640,480
daheng_sn_FDE23080341,1030,173365546000000,173365546000000,173365546000000,2026-09-05T05:03:24.310968+00:00,12431,7712862349850,1920,1200
directshow_index_1,1044,173365671000000,173365671000000,173365671000000,2026-09-05T05:03:24.395545+00:00,,,640,480
daheng_sn_FDE23080341,1031,173365640000000,173365640000000,173365640000000,2026-09-05T05:03:24.404032+00:00,12443,7712954567450,1920,1200
directshow_index_1,1045,173365765000000,173365765000000,173365765000000,2026-09-05T05:03:24.488687+00:00,,,640,480
daheng_sn_FDE23080341,1032,173365734000000,173365734000000,173365734000000,2026-09-05T05:03:24.497691+00:00,12455,7713046785050,1920,1200
directshow_index_1,1046,173365859000000,173365859000000,173365859000000,2026-09-05T05:03:24.581415+00:00,,,640,480
daheng_sn_FDE23080341,1033,173365828000000,173365828000000,173365828000000,2026-09-05T05:03:24.598656+00:00,12467,7713139002650,1920,1200
daheng_sn_FDE23080341,1034,173365921000000,173365921000000,173365921000000,2026-09-05T05:03:24.680521+00:00,12479,7713231220250,1920,1200
directshow_index_1,1047,173365953000000,173365953000000,173365953000000,2026-09-05T05:03:24.681040+00:00,,,640,480
directshow_index_1,1048,173366046000000,173366046000000,173366046000000,2026-09-05T05:03:24.767789+00:00,,,640,480
daheng_sn_FDE23080341,1035,173366015000000,173366015000000,173366015000000,2026-09-05T05:03:24.777313+00:00,12492,7713331122650,1920,1200
directshow_index_1,1049,173366140000000,173366140000000,173366140000000,2026-09-05T05:03:24.865401+00:00,,,640,480
daheng_sn_FDE23080341,1036,173366109000000,173366109000000,173366109000000,2026-09-05T05:03:24.872394+00:00,12504,7713423340250,1920,1200
directshow_index_1,1050,173366234000000,173366234000000,173366234000000,2026-09-05T05:03:24.956784+00:00,,,640,480
daheng_sn_FDE23080341,1037,173366203000000,173366203000000,173366203000000,2026-09-05T05:03:24.965498+00:00,12516,7713515557850,1920,1200
directshow_index_1,1051,173366328000000,173366328000000,173366328000000,2026-09-05T05:03:25.054001+00:00,,,640,480
daheng_sn_FDE23080341,1038,173366296000000,173366296000000,173366296000000,2026-09-05T05:03:25.058853+00:00,12528,7713607775450,1920,1200
daheng_sn_FDE23080341,1039,173366390000000,173366390000000,173366390000000,2026-09-05T05:03:25.150908+00:00,12540,7713699993050,1920,1200
directshow_index_1,1052,173366421000000,173366421000000,173366421000000,2026-09-05T05:03:25.150908+00:00,,,640,480
directshow_index_1,1053,173366515000000,173366515000000,173366515000000,2026-09-05T05:03:25.236768+00:00,,,640,480
daheng_sn_FDE23080341,1040,173366484000000,173366484000000,173366484000000,2026-09-05T05:03:25.243356+00:00,12553,7713799895450,1920,1200
directshow_index_1,1054,173366609000000,173366609000000,173366609000000,2026-09-05T05:03:25.330318+00:00,,,640,480
daheng_sn_FDE23080341,1041,173366578000000,173366578000000,173366578000000,2026-09-05T05:03:25.335327+00:00,12565,7713892113050,1920,1200
daheng_sn_FDE23080341,1042,173366671000000,173366671000000,173366671000000,2026-09-05T05:03:25.425732+00:00,12577,7713984330650,1920,1200
directshow_index_1,1055,173366703000000,173366703000000,173366703000000,2026-09-05T05:03:25.427427+00:00,,,640,480
directshow_index_1,1056,173366796000000,173366796000000,173366796000000,2026-09-05T05:03:25.519310+00:00,,,640,480
daheng_sn_FDE23080341,1043,173366765000000,173366765000000,173366765000000,2026-09-05T05:03:25.526302+00:00,12589,7714076548250,1920,1200
daheng_sn_FDE23080341,1044,173366859000000,173366859000000,173366859000000,2026-09-05T05:03:25.617190+00:00,12601,7714168765850,1920,1200
directshow_index_1,1057,173366890000000,173366890000000,173366890000000,2026-09-05T05:03:25.617190+00:00,,,640,480
daheng_sn_FDE23080341,1045,173366953000000,173366953000000,173366953000000,2026-09-05T05:03:25.708880+00:00,12613,7714260983450,1920,1200
directshow_index_1,1058,173366984000000,173366984000000,173366984000000,2026-09-05T05:03:25.710880+00:00,,,640,480
daheng_sn_FDE23080341,1046,173367046000000,173367046000000,173367046000000,2026-09-05T05:03:25.805394+00:00,12626,7714360885850,1920,1200
directshow_index_1,1059,173367078000000,173367078000000,173367078000000,2026-09-05T05:03:25.805968+00:00,,,640,480
daheng_sn_FDE23080341,1047,173367140000000,173367140000000,173367140000000,2026-09-05T05:03:25.891058+00:00,12638,7714453103450,1920,1200
directshow_index_1,1060,173367171000000,173367171000000,173367171000000,2026-09-05T05:03:25.893056+00:00,,,640,480
daheng_sn_FDE23080341,1048,173367234000000,173367234000000,173367234000000,2026-09-05T05:03:25.983816+00:00,12651,7714553005850,1920,1200
directshow_index_1,1061,173367265000000,173367265000000,173367265000000,2026-09-05T05:03:25.985820+00:00,,,640,480
directshow_index_1,1062,173367359000000,173367359000000,173367359000000,2026-09-05T05:03:26.083825+00:00,,,640,480
daheng_sn_FDE23080341,1049,173367328000000,173367328000000,173367328000000,2026-09-05T05:03:26.094825+00:00,12663,7714645223450,1920,1200
daheng_sn_FDE23080341,1050,173367421000000,173367421000000,173367421000000,2026-09-05T05:03:26.180775+00:00,12675,7714737441050,1920,1200
directshow_index_1,1063,173367453000000,173367453000000,173367453000000,2026-09-05T05:03:26.181775+00:00,,,640,480
daheng_sn_FDE23080341,1051,173367515000000,173367515000000,173367515000000,2026-09-05T05:03:26.267548+00:00,12687,7714829658650,1920,1200
directshow_index_1,1064,173367546000000,173367546000000,173367546000000,2026-09-05T05:03:26.272708+00:00,,,640,480
daheng_sn_FDE23080341,1052,173367609000000,173367609000000,173367609000000,2026-09-05T05:03:26.364139+00:00,12699,7714921876250,1920,1200
directshow_index_1,1065,173367640000000,173367640000000,173367640000000,2026-09-05T05:03:26.364139+00:00,,,640,480
directshow_index_1,1066,173367734000000,173367734000000,173367734000000,2026-09-05T05:03:26.456282+00:00,,,640,480
daheng_sn_FDE23080341,1053,173367703000000,173367703000000,173367703000000,2026-09-05T05:03:26.460537+00:00,12711,7715014093850,1920,1200
daheng_sn_FDE23080341,1054,173367796000000,173367796000000,173367796000000,2026-09-05T05:03:26.554739+00:00,12724,7715113996250,1920,1200
directshow_index_1,1067,173367828000000,173367828000000,173367828000000,2026-09-05T05:03:26.555748+00:00,,,640,480
directshow_index_1,1068,173367921000000,173367921000000,173367921000000,2026-09-05T05:03:26.647439+00:00,,,640,480
daheng_sn_FDE23080341,1055,173367890000000,173367890000000,173367890000000,2026-09-05T05:03:26.654955+00:00,12736,7715206213850,1920,1200
daheng_sn_FDE23080341,1056,173367984000000,173367984000000,173367984000000,2026-09-05T05:03:26.737080+00:00,12747,7715290746650,1920,1200
directshow_index_1,1069,173368015000000,173368015000000,173368015000000,2026-09-05T05:03:26.738091+00:00,,,640,480
daheng_sn_FDE23080341,1057,173368078000000,173368078000000,173368078000000,2026-09-05T05:03:26.833675+00:00,12760,7715390649050,1920,1200
directshow_index_1,1070,173368109000000,173368109000000,173368109000000,2026-09-05T05:03:26.834672+00:00,,,640,480
directshow_index_1,1071,173368203000000,173368203000000,173368203000000,2026-09-05T05:03:26.925220+00:00,,,640,480
daheng_sn_FDE23080341,1058,173368171000000,173368171000000,173368171000000,2026-09-05T05:03:26.931102+00:00,12772,7715482866650,1920,1200
directshow_index_1,1072,173368296000000,173368296000000,173368296000000,2026-09-05T05:03:27.018776+00:00,,,640,480
daheng_sn_FDE23080341,1059,173368265000000,173368265000000,173368265000000,2026-09-05T05:03:27.022240+00:00,12784,7715575084250,1920,1200
directshow_index_1,1073,173368390000000,173368390000000,173368390000000,2026-09-05T05:03:27.116801+00:00,,,640,480
daheng_sn_FDE23080341,1060,173368359000000,173368359000000,173368359000000,2026-09-05T05:03:27.120801+00:00,12796,7715667301850,1920,1200
directshow_index_1,1074,173368484000000,173368484000000,173368484000000,2026-09-05T05:03:27.206848+00:00,,,640,480
daheng_sn_FDE23080341,1061,173368453000000,173368453000000,173368453000000,2026-09-05T05:03:27.216361+00:00,12809,7715767204250,1920,1200
directshow_index_1,1075,173368578000000,173368578000000,173368578000000,2026-09-05T05:03:27.299337+00:00,,,640,480
daheng_sn_FDE23080341,1062,173368546000000,173368546000000,173368546000000,2026-09-05T05:03:27.303446+00:00,12821,7715859421850,1920,1200
daheng_sn_FDE23080341,1063,173368640000000,173368640000000,173368640000000,2026-09-05T05:03:27.399621+00:00,12833,7715951639450,1920,1200
directshow_index_1,1076,173368671000000,173368671000000,173368671000000,2026-09-05T05:03:27.399621+00:00,,,640,480
daheng_sn_FDE23080341,1064,173368734000000,173368734000000,173368734000000,2026-09-05T05:03:27.492110+00:00,12846,7716051541850,1920,1200
directshow_index_1,1077,173368765000000,173368765000000,173368765000000,2026-09-05T05:03:27.493118+00:00,,,640,480
directshow_index_1,1078,173368859000000,173368859000000,173368859000000,2026-09-05T05:03:27.580327+00:00,,,640,480
daheng_sn_FDE23080341,1065,173368828000000,173368828000000,173368828000000,2026-09-05T05:03:27.593720+00:00,12858,7716143759450,1920,1200
daheng_sn_FDE23080341,1066,173368921000000,173368921000000,173368921000000,2026-09-05T05:03:27.677920+00:00,12869,7716228292250,1920,1200
directshow_index_1,1079,173368953000000,173368953000000,173368953000000,2026-09-05T05:03:27.678520+00:00,,,640,480
daheng_sn_FDE23080341,1067,173369015000000,173369015000000,173369015000000,2026-09-05T05:03:27.774075+00:00,12882,7716328194650,1920,1200
directshow_index_1,1080,173369046000000,173369046000000,173369046000000,2026-09-05T05:03:27.775784+00:00,,,640,480
directshow_index_1,1081,173369140000000,173369140000000,173369140000000,2026-09-05T05:03:27.861722+00:00,,,640,480
daheng_sn_FDE23080341,1068,173369109000000,173369109000000,173369109000000,2026-09-05T05:03:27.866824+00:00,12894,7716420412250,1920,1200
directshow_index_1,1082,173369234000000,173369234000000,173369234000000,2026-09-05T05:03:27.956403+00:00,,,640,480
daheng_sn_FDE23080341,1069,173369203000000,173369203000000,173369203000000,2026-09-05T05:03:27.969687+00:00,12907,7716520314650,1920,1200
directshow_index_1,1083,173369328000000,173369328000000,173369328000000,2026-09-05T05:03:28.048715+00:00,,,640,480
daheng_sn_FDE23080341,1070,173369296000000,173369296000000,173369296000000,2026-09-05T05:03:28.059005+00:00,12918,7716604847450,1920,1200
directshow_index_1,1084,173369421000000,173369421000000,173369421000000,2026-09-05T05:03:28.148108+00:00,,,640,480
daheng_sn_FDE23080341,1071,173369390000000,173369390000000,173369390000000,2026-09-05T05:03:28.153107+00:00,12930,7716697065050,1920,1200
daheng_sn_FDE23080341,1072,173369484000000,173369484000000,173369484000000,2026-09-05T05:03:28.241661+00:00,12944,7716804652250,1920,1200
directshow_index_1,1085,173369515000000,173369515000000,173369515000000,2026-09-05T05:03:28.242665+00:00,,,640,480
directshow_index_1,1086,173369609000000,173369609000000,173369609000000,2026-09-05T05:03:28.329708+00:00,,,640,480
daheng_sn_FDE23080341,1073,173369578000000,173369578000000,173369578000000,2026-09-05T05:03:28.344711+00:00,12956,7716896869850,1920,1200
daheng_sn_FDE23080341,1074,173369671000000,173369671000000,173369671000000,2026-09-05T05:03:28.427713+00:00,12967,7716981402650,1920,1200
directshow_index_1,1087,173369703000000,173369703000000,173369703000000,2026-09-05T05:03:28.431858+00:00,,,640,480
daheng_sn_FDE23080341,1075,173369765000000,173369765000000,173369765000000,2026-09-05T05:03:28.519228+00:00,12980,7717081305050,1920,1200
directshow_index_1,1088,173369796000000,173369796000000,173369796000000,2026-09-05T05:03:28.520233+00:00,,,640,480
daheng_sn_FDE23080341,1076,173369859000000,173369859000000,173369859000000,2026-09-05T05:03:28.614828+00:00,12992,7717173522650,1920,1200
directshow_index_1,1089,173369890000000,173369890000000,173369890000000,2026-09-05T05:03:28.614828+00:00,,,640,480
daheng_sn_FDE23080341,1077,173369953000000,173369953000000,173369953000000,2026-09-05T05:03:28.707142+00:00,13004,7717265740250,1920,1200
directshow_index_1,1090,173369984000000,173369984000000,173369984000000,2026-09-05T05:03:28.707877+00:00,,,640,480
daheng_sn_FDE23080341,1078,173370046000000,173370046000000,173370046000000,2026-09-05T05:03:28.800216+00:00,13016,7717357957850,1920,1200
directshow_index_1,1091,173370078000000,173370078000000,173370078000000,2026-09-05T05:03:28.800216+00:00,,,640,480
daheng_sn_FDE23080341,1079,173370140000000,173370140000000,173370140000000,2026-09-05T05:03:28.896421+00:00,13028,7717450175450,1920,1200
directshow_index_1,1092,173370171000000,173370171000000,173370171000000,2026-09-05T05:03:28.897421+00:00,,,640,480
directshow_index_1,1093,173370265000000,173370265000000,173370265000000,2026-09-05T05:03:28.991971+00:00,,,640,480
daheng_sn_FDE23080341,1080,173370234000000,173370234000000,173370234000000,2026-09-05T05:03:29.003972+00:00,13040,7717542393050,1920,1200
directshow_index_1,1094,173370359000000,173370359000000,173370359000000,2026-09-05T05:03:29.085451+00:00,,,640,480
daheng_sn_FDE23080341,1081,173370328000000,173370328000000,173370328000000,2026-09-05T05:03:29.106099+00:00,13053,7717642295450,1920,1200
directshow_index_1,1095,173370453000000,173370453000000,173370453000000,2026-09-05T05:03:29.178044+00:00,,,640,480
daheng_sn_FDE23080341,1082,173370421000000,173370421000000,173370421000000,2026-09-05T05:03:29.182548+00:00,13065,7717734513050,1920,1200
daheng_sn_FDE23080341,1083,173370515000000,173370515000000,173370515000000,2026-09-05T05:03:29.273729+00:00,13078,7717834415450,1920,1200
directshow_index_1,1096,173370546000000,173370546000000,173370546000000,2026-09-05T05:03:29.275250+00:00,,,640,480
daheng_sn_FDE23080341,1084,173370609000000,173370609000000,173370609000000,2026-09-05T05:03:29.366761+00:00,13090,7717926633050,1920,1200
directshow_index_1,1097,173370640000000,173370640000000,173370640000000,2026-09-05T05:03:29.367338+00:00,,,640,480
directshow_index_1,1098,173370734000000,173370734000000,173370734000000,2026-09-05T05:03:29.458858+00:00,,,640,480
daheng_sn_FDE23080341,1085,173370718000000,173370718000000,173370718000000,2026-09-05T05:03:29.474859+00:00,13101,7718011165850,1920,1200
directshow_index_1,1099,173370828000000,173370828000000,173370828000000,2026-09-05T05:03:29.553140+00:00,,,640,480
daheng_sn_FDE23080341,1086,173370812000000,173370812000000,173370812000000,2026-09-05T05:03:29.569845+00:00,13113,7718103383450,1920,1200
directshow_index_1,1100,173370921000000,173370921000000,173370921000000,2026-09-05T05:03:29.645392+00:00,,,640,480
daheng_sn_FDE23080341,1087,173370906000000,173370906000000,173370906000000,2026-09-05T05:03:29.658819+00:00,13126,7718203285850,1920,1200
directshow_index_1,1101,173371015000000,173371015000000,173371015000000,2026-09-05T05:03:29.740846+00:00,,,640,480
daheng_sn_FDE23080341,1088,173371000000000,173371000000000,173371000000000,2026-09-05T05:03:29.758013+00:00,13138,7718295503450,1920,1200
directshow_index_1,1102,173371109000000,173371109000000,173371109000000,2026-09-05T05:03:29.834343+00:00,,,640,480
daheng_sn_FDE23080341,1089,173371093000000,173371093000000,173371093000000,2026-09-05T05:03:29.848929+00:00,13150,7718387721050,1920,1200
directshow_index_1,1103,173371203000000,173371203000000,173371203000000,2026-09-05T05:03:29.925660+00:00,,,640,480
daheng_sn_FDE23080341,1090,173371187000000,173371187000000,173371187000000,2026-09-05T05:03:29.943144+00:00,13163,7718487623450,1920,1200
directshow_index_1,1104,173371296000000,173371296000000,173371296000000,2026-09-05T05:03:30.021986+00:00,,,640,480
daheng_sn_FDE23080341,1091,173371281000000,173371281000000,173371281000000,2026-09-05T05:03:30.038990+00:00,13175,7718579841050,1920,1200
directshow_index_1,1105,173371390000000,173371390000000,173371390000000,2026-09-05T05:03:30.113218+00:00,,,640,480
daheng_sn_FDE23080341,1092,173371375000000,173371375000000,173371375000000,2026-09-05T05:03:30.130216+00:00,13187,7718672058650,1920,1200
directshow_index_1,1106,173371484000000,173371484000000,173371484000000,2026-09-05T05:03:30.207945+00:00,,,640,480
daheng_sn_FDE23080341,1093,173371468000000,173371468000000,173371468000000,2026-09-05T05:03:30.224472+00:00,13199,7718764276250,1920,1200
directshow_index_1,1107,173371578000000,173371578000000,173371578000000,2026-09-05T05:03:30.299820+00:00,,,640,480
daheng_sn_FDE23080341,1094,173371562000000,173371562000000,173371562000000,2026-09-05T05:03:30.315996+00:00,13211,7718856493850,1920,1200
directshow_index_1,1108,173371671000000,173371671000000,173371671000000,2026-09-05T05:03:30.392702+00:00,,,640,480
daheng_sn_FDE23080341,1095,173371656000000,173371656000000,173371656000000,2026-09-05T05:03:30.411613+00:00,13224,7718956396250,1920,1200
directshow_index_1,1109,173371765000000,173371765000000,173371765000000,2026-09-05T05:03:30.491444+00:00,,,640,480
daheng_sn_FDE23080341,1096,173371750000000,173371750000000,173371750000000,2026-09-05T05:03:30.505445+00:00,13237,7719056298650,1920,1200
directshow_index_1,1110,173371859000000,173371859000000,173371859000000,2026-09-05T05:03:30.582979+00:00,,,640,480
daheng_sn_FDE23080341,1097,173371843000000,173371843000000,173371843000000,2026-09-05T05:03:30.598384+00:00,13250,7719156201050,1920,1200
directshow_index_1,1111,173371953000000,173371953000000,173371953000000,2026-09-05T05:03:30.675483+00:00,,,640,480
daheng_sn_FDE23080341,1098,173371937000000,173371937000000,173371937000000,2026-09-05T05:03:30.692483+00:00,13262,7719248418650,1920,1200
directshow_index_1,1112,173372046000000,173372046000000,173372046000000,2026-09-05T05:03:30.768608+00:00,,,640,480
daheng_sn_FDE23080341,1099,173372031000000,173372031000000,173372031000000,2026-09-05T05:03:30.788614+00:00,13274,7719340636250,1920,1200
directshow_index_1,1113,173372140000000,173372140000000,173372140000000,2026-09-05T05:03:30.861778+00:00,,,640,480
daheng_sn_FDE23080341,1100,173372125000000,173372125000000,173372125000000,2026-09-05T05:03:30.882780+00:00,13286,7719432853850,1920,1200
directshow_index_1,1114,173372234000000,173372234000000,173372234000000,2026-09-05T05:03:30.960211+00:00,,,640,480
daheng_sn_FDE23080341,1101,173372218000000,173372218000000,173372218000000,2026-09-05T05:03:30.970215+00:00,13299,7719532756250,1920,1200
directshow_index_1,1115,173372328000000,173372328000000,173372328000000,2026-09-05T05:03:31.052044+00:00,,,640,480
daheng_sn_FDE23080341,1102,173372312000000,173372312000000,173372312000000,2026-09-05T05:03:31.069567+00:00,13311,7719624973850,1920,1200
directshow_index_1,1116,173372421000000,173372421000000,173372421000000,2026-09-05T05:03:31.146541+00:00,,,640,480
daheng_sn_FDE23080341,1103,173372406000000,173372406000000,173372406000000,2026-09-05T05:03:31.169066+00:00,13323,7719717191450,1920,1200
directshow_index_1,1117,173372515000000,173372515000000,173372515000000,2026-09-05T05:03:31.235988+00:00,,,640,480
daheng_sn_FDE23080341,1104,173372500000000,173372500000000,173372500000000,2026-09-05T05:03:31.249996+00:00,13336,7719817093850,1920,1200
directshow_index_1,1118,173372609000000,173372609000000,173372609000000,2026-09-05T05:03:31.333433+00:00,,,640,480
daheng_sn_FDE23080341,1105,173372593000000,173372593000000,173372593000000,2026-09-05T05:03:31.346102+00:00,13348,7719909311450,1920,1200
directshow_index_1,1119,173372703000000,173372703000000,173372703000000,2026-09-05T05:03:31.425715+00:00,,,640,480
daheng_sn_FDE23080341,1106,173372687000000,173372687000000,173372687000000,2026-09-05T05:03:31.443471+00:00,13360,7720001529050,1920,1200
directshow_index_1,1120,173372796000000,173372796000000,173372796000000,2026-09-05T05:03:31.523577+00:00,,,640,480
daheng_sn_FDE23080341,1107,173372781000000,173372781000000,173372781000000,2026-09-05T05:03:31.536425+00:00,13372,7720093746650,1920,1200
directshow_index_1,1121,173372890000000,173372890000000,173372890000000,2026-09-05T05:03:31.615328+00:00,,,640,480
daheng_sn_FDE23080341,1108,173372875000000,173372875000000,173372875000000,2026-09-05T05:03:31.624324+00:00,13384,7720185964250,1920,1200
directshow_index_1,1122,173372984000000,173372984000000,173372984000000,2026-09-05T05:03:31.707967+00:00,,,640,480
daheng_sn_FDE23080341,1109,173372968000000,173372968000000,173372968000000,2026-09-05T05:03:31.720962+00:00,13397,7720285866650,1920,1200
directshow_index_1,1123,173373078000000,173373078000000,173373078000000,2026-09-05T05:03:31.798972+00:00,,,640,480
daheng_sn_FDE23080341,1110,173373062000000,173373062000000,173373062000000,2026-09-05T05:03:31.813618+00:00,13409,7720378084250,1920,1200
directshow_index_1,1124,173373171000000,173373171000000,173373171000000,2026-09-05T05:03:31.896510+00:00,,,640,480
daheng_sn_FDE23080341,1111,173373156000000,173373156000000,173373156000000,2026-09-05T05:03:31.909030+00:00,13421,7720470301850,1920,1200
directshow_index_1,1125,173373265000000,173373265000000,173373265000000,2026-09-05T05:03:31.988700+00:00,,,640,480
daheng_sn_FDE23080341,1112,173373250000000,173373250000000,173373250000000,2026-09-05T05:03:32.008654+00:00,13433,7720562519450,1920,1200
directshow_index_1,1126,173373359000000,173373359000000,173373359000000,2026-09-05T05:03:32.087674+00:00,,,640,480
daheng_sn_FDE23080341,1113,173373343000000,173373343000000,173373343000000,2026-09-05T05:03:32.099599+00:00,13445,7720654737050,1920,1200
directshow_index_1,1127,173373453000000,173373453000000,173373453000000,2026-09-05T05:03:32.174366+00:00,,,640,480
daheng_sn_FDE23080341,1114,173373437000000,173373437000000,173373437000000,2026-09-05T05:03:32.196135+00:00,13458,7720754639450,1920,1200
directshow_index_1,1128,173373562000000,173373562000000,173373562000000,2026-09-05T05:03:32.286398+00:00,,,640,480
daheng_sn_FDE23080341,1115,173373531000000,173373531000000,173373531000000,2026-09-05T05:03:32.307403+00:00,13469,7720839172250,1920,1200
directshow_index_1,1129,173373656000000,173373656000000,173373656000000,2026-09-05T05:03:32.379182+00:00,,,640,480
daheng_sn_FDE23080341,1116,173373625000000,173373625000000,173373625000000,2026-09-05T05:03:32.386193+00:00,13481,7720931389850,1920,1200
daheng_sn_FDE23080341,1117,173373718000000,173373718000000,173373718000000,2026-09-05T05:03:32.477039+00:00,13494,7721031292250,1920,1200
directshow_index_1,1130,173373750000000,173373750000000,173373750000000,2026-09-05T05:03:32.478040+00:00,,,640,480
daheng_sn_FDE23080341,1118,173373812000000,173373812000000,173373812000000,2026-09-05T05:03:32.566648+00:00,13506,7721123509850,1920,1200
directshow_index_1,1131,173373843000000,173373843000000,173373843000000,2026-09-05T05:03:32.571582+00:00,,,640,480
daheng_sn_FDE23080341,1119,173373906000000,173373906000000,173373906000000,2026-09-05T05:03:32.666193+00:00,13518,7721215727450,1920,1200
directshow_index_1,1132,173373937000000,173373937000000,173373937000000,2026-09-05T05:03:32.666193+00:00,,,640,480
daheng_sn_FDE23080341,1120,173374000000000,173374000000000,173374000000000,2026-09-05T05:03:32.754640+00:00,13530,7721307945050,1920,1200
directshow_index_1,1133,173374031000000,173374031000000,173374031000000,2026-09-05T05:03:32.758596+00:00,,,640,480
directshow_index_1,1134,173374125000000,173374125000000,173374125000000,2026-09-05T05:03:32.847482+00:00,,,640,480
daheng_sn_FDE23080341,1121,173374093000000,173374093000000,173374093000000,2026-09-05T05:03:32.855766+00:00,13543,7721407847450,1920,1200
directshow_index_1,1135,173374218000000,173374218000000,173374218000000,2026-09-05T05:03:32.940644+00:00,,,640,480
daheng_sn_FDE23080341,1122,173374187000000,173374187000000,173374187000000,2026-09-05T05:03:32.949711+00:00,13555,7721500065050,1920,1200
daheng_sn_FDE23080341,1123,173374281000000,173374281000000,173374281000000,2026-09-05T05:03:33.037728+00:00,13567,7721592282650,1920,1200
directshow_index_1,1136,173374312000000,173374312000000,173374312000000,2026-09-05T05:03:33.038728+00:00,,,640,480
daheng_sn_FDE23080341,1124,173374375000000,173374375000000,173374375000000,2026-09-05T05:03:33.127903+00:00,13579,7721684500250,1920,1200
directshow_index_1,1137,173374406000000,173374406000000,173374406000000,2026-09-05T05:03:33.131907+00:00,,,640,480
daheng_sn_FDE23080341,1125,173374468000000,173374468000000,173374468000000,2026-09-05T05:03:33.225323+00:00,13592,7721784402650,1920,1200
directshow_index_1,1138,173374500000000,173374500000000,173374500000000,2026-09-05T05:03:33.225927+00:00,,,640,480
directshow_index_1,1139,173374593000000,173374593000000,173374593000000,2026-09-05T05:03:33.315395+00:00,,,640,480
daheng_sn_FDE23080341,1126,173374562000000,173374562000000,173374562000000,2026-09-05T05:03:33.322034+00:00,13604,7721876620250,1920,1200
directshow_index_1,1140,173374687000000,173374687000000,173374687000000,2026-09-05T05:03:33.410741+00:00,,,640,480
daheng_sn_FDE23080341,1127,173374656000000,173374656000000,173374656000000,2026-09-05T05:03:33.416253+00:00,13616,7721968837850,1920,1200
daheng_sn_FDE23080341,1128,173374750000000,173374750000000,173374750000000,2026-09-05T05:03:33.505659+00:00,13628,7722061055450,1920,1200
directshow_index_1,1141,173374781000000,173374781000000,173374781000000,2026-09-05T05:03:33.507160+00:00,,,640,480
directshow_index_1,1142,173374875000000,173374875000000,173374875000000,2026-09-05T05:03:33.595270+00:00,,,640,480
daheng_sn_FDE23080341,1129,173374843000000,173374843000000,173374843000000,2026-09-05T05:03:33.601272+00:00,13640,7722153273050,1920,1200
daheng_sn_FDE23080341,1130,173374937000000,173374937000000,173374937000000,2026-09-05T05:03:33.691465+00:00,13653,7722253175450,1920,1200
directshow_index_1,1143,173374968000000,173374968000000,173374968000000,2026-09-05T05:03:33.695465+00:00,,,640,480
daheng_sn_FDE23080341,1131,173375031000000,173375031000000,173375031000000,2026-09-05T05:03:33.786197+00:00,13665,7722345393050,1920,1200
directshow_index_1,1144,173375062000000,173375062000000,173375062000000,2026-09-05T05:03:33.787195+00:00,,,640,480
daheng_sn_FDE23080341,1132,173375125000000,173375125000000,173375125000000,2026-09-05T05:03:33.877298+00:00,13677,7722437610650,1920,1200
directshow_index_1,1145,173375156000000,173375156000000,173375156000000,2026-09-05T05:03:33.879288+00:00,,,640,480
daheng_sn_FDE23080341,1133,173375218000000,173375218000000,173375218000000,2026-09-05T05:03:33.968868+00:00,13689,7722529828250,1920,1200
directshow_index_1,1146,173375250000000,173375250000000,173375250000000,2026-09-05T05:03:33.973874+00:00,,,640,480
directshow_index_1,1147,173375343000000,173375343000000,173375343000000,2026-09-05T05:03:34.064022+00:00,,,640,480
daheng_sn_FDE23080341,1134,173375312000000,173375312000000,173375312000000,2026-09-05T05:03:34.069031+00:00,13702,7722629730650,1920,1200
directshow_index_1,1148,173375437000000,173375437000000,173375437000000,2026-09-05T05:03:34.159228+00:00,,,640,480
daheng_sn_FDE23080341,1135,173375406000000,173375406000000,173375406000000,2026-09-05T05:03:34.170392+00:00,13713,7722714263450,1920,1200
directshow_index_1,1149,173375531000000,173375531000000,173375531000000,2026-09-05T05:03:34.260424+00:00,,,640,480
daheng_sn_FDE23080341,1136,173375500000000,173375500000000,173375500000000,2026-09-05T05:03:34.278937+00:00,13726,7722814165850,1920,1200
daheng_sn_FDE23080341,1137,173375593000000,173375593000000,173375593000000,2026-09-05T05:03:34.351915+00:00,13738,7722906383450,1920,1200
directshow_index_1,1150,173375625000000,173375625000000,173375625000000,2026-09-05T05:03:34.351915+00:00,,,640,480
daheng_sn_FDE23080341,1138,173375687000000,173375687000000,173375687000000,2026-09-05T05:03:34.443665+00:00,13751,7723006285850,1920,1200
directshow_index_1,1151,173375718000000,173375718000000,173375718000000,2026-09-05T05:03:34.444666+00:00,,,640,480
directshow_index_1,1152,173375812000000,173375812000000,173375812000000,2026-09-05T05:03:34.534151+00:00,,,640,480
daheng_sn_FDE23080341,1139,173375781000000,173375781000000,173375781000000,2026-09-05T05:03:34.539158+00:00,13762,7723090818650,1920,1200
daheng_sn_FDE23080341,1140,173375875000000,173375875000000,173375875000000,2026-09-05T05:03:34.629788+00:00,13775,7723190721050,1920,1200
directshow_index_1,1153,173375906000000,173375906000000,173375906000000,2026-09-05T05:03:34.631792+00:00,,,640,480
daheng_sn_FDE23080341,1141,173375968000000,173375968000000,173375968000000,2026-09-05T05:03:34.723607+00:00,13787,7723282938650,1920,1200
directshow_index_1,1154,173376000000000,173376000000000,173376000000000,2026-09-05T05:03:34.724618+00:00,,,640,480
directshow_index_1,1155,173376093000000,173376093000000,173376093000000,2026-09-05T05:03:34.816587+00:00,,,640,480
daheng_sn_FDE23080341,1142,173376062000000,173376062000000,173376062000000,2026-09-05T05:03:34.822592+00:00,13799,7723375156250,1920,1200
daheng_sn_FDE23080341,1143,173376156000000,173376156000000,173376156000000,2026-09-05T05:03:34.910832+00:00,13811,7723467373850,1920,1200
directshow_index_1,1156,173376187000000,173376187000000,173376187000000,2026-09-05T05:03:34.911832+00:00,,,640,480
directshow_index_1,1157,173376281000000,173376281000000,173376281000000,2026-09-05T05:03:35.003706+00:00,,,640,480
daheng_sn_FDE23080341,1144,173376250000000,173376250000000,173376250000000,2026-09-05T05:03:35.012712+00:00,13823,7723559591450,1920,1200
directshow_index_1,1158,173376375000000,173376375000000,173376375000000,2026-09-05T05:03:35.106282+00:00,,,640,480
daheng_sn_FDE23080341,1145,173376343000000,173376359000000,173376351000000,2026-09-05T05:03:35.133826+00:00,13836,7723659493850,1920,1200
directshow_index_1,1159,173376468000000,173376468000000,173376468000000,2026-09-05T05:03:35.191532+00:00,,,640,480
daheng_sn_FDE23080341,1146,173376437000000,173376437000000,173376437000000,2026-09-05T05:03:35.201487+00:00,13848,7723751711450,1920,1200
daheng_sn_FDE23080341,1147,173376531000000,173376531000000,173376531000000,2026-09-05T05:03:35.289512+00:00,13860,7723843929050,1920,1200
directshow_index_1,1160,173376562000000,173376562000000,173376562000000,2026-09-05T05:03:35.289512+00:00,,,640,480
daheng_sn_FDE23080341,1148,173376625000000,173376625000000,173376625000000,2026-09-05T05:03:35.382029+00:00,13872,7723936146650,1920,1200
directshow_index_1,1161,173376656000000,173376656000000,173376656000000,2026-09-05T05:03:35.383030+00:00,,,640,480
daheng_sn_FDE23080341,1149,173376718000000,173376718000000,173376718000000,2026-09-05T05:03:35.474212+00:00,13884,7724028364250,1920,1200
directshow_index_1,1162,173376750000000,173376750000000,173376750000000,2026-09-05T05:03:35.476211+00:00,,,640,480
daheng_sn_FDE23080341,1150,173376812000000,173376812000000,173376812000000,2026-09-05T05:03:35.568141+00:00,13896,7724120581850,1920,1200
directshow_index_1,1163,173376843000000,173376843000000,173376843000000,2026-09-05T05:03:35.568141+00:00,,,640,480
directshow_index_1,1164,173376937000000,173376937000000,173376937000000,2026-09-05T05:03:35.659633+00:00,,,640,480
daheng_sn_FDE23080341,1151,173376906000000,173376906000000,173376906000000,2026-09-05T05:03:35.665802+00:00,13909,7724220484250,1920,1200
daheng_sn_FDE23080341,1152,173377000000000,173377000000000,173377000000000,2026-09-05T05:03:35.757880+00:00,13921,7724312701850,1920,1200
directshow_index_1,1165,173377031000000,173377031000000,173377031000000,2026-09-05T05:03:35.758880+00:00,,,640,480
daheng_sn_FDE23080341,1153,173377093000000,173377093000000,173377093000000,2026-09-05T05:03:35.852860+00:00,13933,7724404919450,1920,1200
directshow_index_1,1166,173377125000000,173377125000000,173377125000000,2026-09-05T05:03:35.852860+00:00,,,640,480
daheng_sn_FDE23080341,1154,173377187000000,173377187000000,173377187000000,2026-09-05T05:03:35.941160+00:00,13945,7724497137050,1920,1200
directshow_index_1,1167,173377218000000,173377218000000,173377218000000,2026-09-05T05:03:35.945268+00:00,,,640,480
daheng_sn_FDE23080341,1155,173377281000000,173377281000000,173377281000000,2026-09-05T05:03:36.038419+00:00,13958,7724597039450,1920,1200
directshow_index_1,1168,173377312000000,173377312000000,173377312000000,2026-09-05T05:03:36.038419+00:00,,,640,480
directshow_index_1,1169,173377406000000,173377406000000,173377406000000,2026-09-05T05:03:36.128223+00:00,,,640,480
daheng_sn_FDE23080341,1156,173377375000000,173377375000000,173377375000000,2026-09-05T05:03:36.134383+00:00,13971,7724696941850,1920,1200
daheng_sn_FDE23080341,1157,173377468000000,173377468000000,173377468000000,2026-09-05T05:03:36.223049+00:00,13982,7724781474650,1920,1200
directshow_index_1,1170,173377500000000,173377500000000,173377500000000,2026-09-05T05:03:36.226049+00:00,,,640,480
daheng_sn_FDE23080341,1158,173377562000000,173377562000000,173377562000000,2026-09-05T05:03:36.316570+00:00,13994,7724873692250,1920,1200
directshow_index_1,1171,173377593000000,173377593000000,173377593000000,2026-09-05T05:03:36.318315+00:00,,,640,480
daheng_sn_FDE23080341,1159,173377656000000,173377656000000,173377656000000,2026-09-05T05:03:36.409250+00:00,14006,7724965909850,1920,1200
directshow_index_1,1172,173377687000000,173377687000000,173377687000000,2026-09-05T05:03:36.413257+00:00,,,640,480
daheng_sn_FDE23080341,1160,173377750000000,173377750000000,173377750000000,2026-09-05T05:03:36.502846+00:00,14018,7725058127450,1920,1200
directshow_index_1,1173,173377781000000,173377781000000,173377781000000,2026-09-05T05:03:36.505705+00:00,,,640,480
daheng_sn_FDE23080341,1161,173377843000000,173377843000000,173377843000000,2026-09-05T05:03:36.597313+00:00,14031,7725158029850,1920,1200
directshow_index_1,1174,173377875000000,173377875000000,173377875000000,2026-09-05T05:03:36.599306+00:00,,,640,480
directshow_index_1,1175,173377968000000,173377968000000,173377968000000,2026-09-05T05:03:36.690799+00:00,,,640,480
daheng_sn_FDE23080341,1162,173377937000000,173377937000000,173377937000000,2026-09-05T05:03:36.694590+00:00,14043,7725250247450,1920,1200
daheng_sn_FDE23080341,1163,173378031000000,173378031000000,173378031000000,2026-09-05T05:03:36.785144+00:00,14055,7725342465050,1920,1200
directshow_index_1,1176,173378062000000,173378062000000,173378062000000,2026-09-05T05:03:36.785782+00:00,,,640,480
daheng_sn_FDE23080341,1164,173378125000000,173378125000000,173378125000000,2026-09-05T05:03:36.882159+00:00,14067,7725434682650,1920,1200
directshow_index_1,1177,173378156000000,173378156000000,173378156000000,2026-09-05T05:03:36.882159+00:00,,,640,480
daheng_sn_FDE23080341,1165,173378218000000,173378218000000,173378218000000,2026-09-05T05:03:36.975623+00:00,14079,7725526900250,1920,1200
directshow_index_1,1178,173378250000000,173378250000000,173378250000000,2026-09-05T05:03:36.975623+00:00,,,640,480
daheng_sn_FDE23080341,1166,173378312000000,173378312000000,173378312000000,2026-09-05T05:03:37.071102+00:00,14092,7725626802650,1920,1200
directshow_index_1,1179,173378343000000,173378343000000,173378343000000,2026-09-05T05:03:37.072100+00:00,,,640,480
daheng_sn_FDE23080341,1167,173378406000000,173378406000000,173378406000000,2026-09-05T05:03:37.160033+00:00,14104,7725719020250,1920,1200
directshow_index_1,1180,173378437000000,173378437000000,173378437000000,2026-09-05T05:03:37.160540+00:00,,,640,480
daheng_sn_FDE23080341,1168,173378500000000,173378500000000,173378500000000,2026-09-05T05:03:37.267517+00:00,14116,7725811237850,1920,1200
directshow_index_1,1181,173378531000000,173378531000000,173378531000000,2026-09-05T05:03:37.267517+00:00,,,640,480
daheng_sn_FDE23080341,1169,173378593000000,173378593000000,173378593000000,2026-09-05T05:03:37.348665+00:00,14128,7725903455450,1920,1200
directshow_index_1,1182,173378625000000,173378625000000,173378625000000,2026-09-05T05:03:37.352675+00:00,,,640,480
daheng_sn_FDE23080341,1170,173378687000000,173378687000000,173378687000000,2026-09-05T05:03:37.441021+00:00,14141,7726003357850,1920,1200
directshow_index_1,1183,173378718000000,173378718000000,173378718000000,2026-09-05T05:03:37.444020+00:00,,,640,480
daheng_sn_FDE23080341,1171,173378781000000,173378781000000,173378781000000,2026-09-05T05:03:37.535671+00:00,14153,7726095575450,1920,1200
directshow_index_1,1184,173378812000000,173378812000000,173378812000000,2026-09-05T05:03:37.536667+00:00,,,640,480
daheng_sn_FDE23080341,1172,173378875000000,173378875000000,173378875000000,2026-09-05T05:03:37.632710+00:00,14165,7726187793050,1920,1200
directshow_index_1,1185,173378906000000,173378906000000,173378906000000,2026-09-05T05:03:37.633709+00:00,,,640,480
daheng_sn_FDE23080341,1173,173378968000000,173378968000000,173378968000000,2026-09-05T05:03:37.720579+00:00,14177,7726280010650,1920,1200
directshow_index_1,1186,173379000000000,173379000000000,173379000000000,2026-09-05T05:03:37.726300+00:00,,,640,480
daheng_sn_FDE23080341,1174,173379062000000,173379062000000,173379062000000,2026-09-05T05:03:37.817661+00:00,14189,7726372228250,1920,1200
directshow_index_1,1187,173379093000000,173379093000000,173379093000000,2026-09-05T05:03:37.820663+00:00,,,640,480
daheng_sn_FDE23080341,1175,173379156000000,173379156000000,173379156000000,2026-09-05T05:03:37.911975+00:00,14202,7726472130650,1920,1200
directshow_index_1,1188,173379187000000,173379187000000,173379187000000,2026-09-05T05:03:37.916281+00:00,,,640,480
daheng_sn_FDE23080341,1176,173379250000000,173379250000000,173379250000000,2026-09-05T05:03:38.004277+00:00,14214,7726564348250,1920,1200
directshow_index_1,1189,173379281000000,173379281000000,173379281000000,2026-09-05T05:03:38.007518+00:00,,,640,480
daheng_sn_FDE23080341,1177,173379343000000,173379343000000,173379343000000,2026-09-05T05:03:38.090240+00:00,14226,7726656565850,1920,1200
directshow_index_1,1190,173379375000000,173379375000000,173379375000000,2026-09-05T05:03:38.098243+00:00,,,640,480
daheng_sn_FDE23080341,1178,173379437000000,173379437000000,173379437000000,2026-09-05T05:03:38.180389+00:00,14238,7726748783450,1920,1200
directshow_index_1,1191,173379468000000,173379468000000,173379468000000,2026-09-05T05:03:38.190392+00:00,,,640,480
daheng_sn_FDE23080341,1179,173379531000000,173379531000000,173379531000000,2026-09-05T05:03:38.277630+00:00,14250,7726841001050,1920,1200
directshow_index_1,1192,173379562000000,173379562000000,173379562000000,2026-09-05T05:03:38.286629+00:00,,,640,480
daheng_sn_FDE23080341,1180,173379625000000,173379625000000,173379625000000,2026-09-05T05:03:38.372656+00:00,14263,7726940903450,1920,1200
directshow_index_1,1193,173379656000000,173379656000000,173379656000000,2026-09-05T05:03:38.378665+00:00,,,640,480
daheng_sn_FDE23080341,1181,173379718000000,173379718000000,173379718000000,2026-09-05T05:03:38.464720+00:00,14275,7727033121050,1920,1200
directshow_index_1,1194,173379750000000,173379750000000,173379750000000,2026-09-05T05:03:38.474237+00:00,,,640,480
daheng_sn_FDE23080341,1182,173379812000000,173379812000000,173379812000000,2026-09-05T05:03:38.561179+00:00,14287,7727125338650,1920,1200
directshow_index_1,1195,173379843000000,173379843000000,173379843000000,2026-09-05T05:03:38.564178+00:00,,,640,480
daheng_sn_FDE23080341,1183,173379906000000,173379906000000,173379906000000,2026-09-05T05:03:38.654332+00:00,14299,7727217556250,1920,1200
directshow_index_1,1196,173379937000000,173379937000000,173379937000000,2026-09-05T05:03:38.670030+00:00,,,640,480
daheng_sn_FDE23080341,1184,173380000000000,173380000000000,173380000000000,2026-09-05T05:03:38.747135+00:00,14311,7727309773850,1920,1200
directshow_index_1,1197,173380031000000,173380031000000,173380031000000,2026-09-05T05:03:38.753935+00:00,,,640,480
daheng_sn_FDE23080341,1185,173380093000000,173380093000000,173380093000000,2026-09-05T05:03:38.835836+00:00,14323,7727401991450,1920,1200
directshow_index_1,1198,173380125000000,173380125000000,173380125000000,2026-09-05T05:03:38.849412+00:00,,,640,480
daheng_sn_FDE23080341,1186,173380187000000,173380187000000,173380187000000,2026-09-05T05:03:38.933677+00:00,14336,7727501893850,1920,1200
directshow_index_1,1199,173380218000000,173380218000000,173380218000000,2026-09-05T05:03:38.940683+00:00,,,640,480
daheng_sn_FDE23080341,1187,173380281000000,173380281000000,173380281000000,2026-09-05T05:03:39.024422+00:00,14348,7727594111450,1920,1200
directshow_index_1,1200,173380312000000,173380312000000,173380312000000,2026-09-05T05:03:39.037421+00:00,,,640,480
daheng_sn_FDE23080341,1188,173380375000000,173380375000000,173380375000000,2026-09-05T05:03:39.132077+00:00,14360,7727686329050,1920,1200
directshow_index_1,1201,173380406000000,173380406000000,173380406000000,2026-09-05T05:03:39.132607+00:00,,,640,480
directshow_index_1,1202,173380500000000,173380500000000,173380500000000,2026-09-05T05:03:39.224551+00:00,,,640,480
daheng_sn_FDE23080341,1189,173380468000000,173380468000000,173380468000000,2026-09-05T05:03:39.232550+00:00,14372,7727778546650,1920,1200
directshow_index_1,1203,173380593000000,173380593000000,173380593000000,2026-09-05T05:03:39.315114+00:00,,,640,480
daheng_sn_FDE23080341,1190,173380562000000,173380562000000,173380562000000,2026-09-05T05:03:39.320122+00:00,14385,7727878449050,1920,1200
daheng_sn_FDE23080341,1191,173380656000000,173380656000000,173380656000000,2026-09-05T05:03:39.406436+00:00,14397,7727970666650,1920,1200
directshow_index_1,1204,173380687000000,173380687000000,173380687000000,2026-09-05T05:03:39.410449+00:00,,,640,480
daheng_sn_FDE23080341,1192,173380750000000,173380750000000,173380750000000,2026-09-05T05:03:39.494403+00:00,14409,7728062884250,1920,1200
directshow_index_1,1205,173380781000000,173380781000000,173380781000000,2026-09-05T05:03:39.501774+00:00,,,640,480
daheng_sn_FDE23080341,1193,173380843000000,173380843000000,173380843000000,2026-09-05T05:03:39.587991+00:00,14421,7728155101850,1920,1200
directshow_index_1,1206,173380875000000,173380875000000,173380875000000,2026-09-05T05:03:39.597360+00:00,,,640,480
daheng_sn_FDE23080341,1194,173380937000000,173380937000000,173380937000000,2026-09-05T05:03:39.679069+00:00,14434,7728255004250,1920,1200
directshow_index_1,1207,173380968000000,173380968000000,173380968000000,2026-09-05T05:03:39.688067+00:00,,,640,480
daheng_sn_FDE23080341,1195,173381031000000,173381031000000,173381031000000,2026-09-05T05:03:39.776228+00:00,14446,7728347221850,1920,1200
directshow_index_1,1208,173381062000000,173381062000000,173381062000000,2026-09-05T05:03:39.783228+00:00,,,640,480
daheng_sn_FDE23080341,1196,173381125000000,173381125000000,173381125000000,2026-09-05T05:03:39.869073+00:00,14458,7728439439450,1920,1200
directshow_index_1,1209,173381156000000,173381156000000,173381156000000,2026-09-05T05:03:39.879599+00:00,,,640,480
daheng_sn_FDE23080341,1197,173381218000000,173381218000000,173381218000000,2026-09-05T05:03:39.969669+00:00,14470,7728531657050,1920,1200
directshow_index_1,1210,173381250000000,173381250000000,173381250000000,2026-09-05T05:03:39.969669+00:00,,,640,480
daheng_sn_FDE23080341,1198,173381312000000,173381312000000,173381312000000,2026-09-05T05:03:40.055330+00:00,14482,7728623874650,1920,1200
directshow_index_1,1211,173381343000000,173381343000000,173381343000000,2026-09-05T05:03:40.067315+00:00,,,640,480
daheng_sn_FDE23080341,1199,173381406000000,173381406000000,173381406000000,2026-09-05T05:03:40.152428+00:00,14495,7728723777050,1920,1200
directshow_index_1,1212,173381437000000,173381437000000,173381437000000,2026-09-05T05:03:40.162943+00:00,,,640,480
daheng_sn_FDE23080341,1200,173381500000000,173381500000000,173381500000000,2026-09-05T05:03:40.244742+00:00,14507,7728815994650,1920,1200
directshow_index_1,1213,173381531000000,173381531000000,173381531000000,2026-09-05T05:03:40.251554+00:00,,,640,480
daheng_sn_FDE23080341,1201,173381593000000,173381593000000,173381593000000,2026-09-05T05:03:40.336044+00:00,14519,7728908212250,1920,1200
directshow_index_1,1214,173381625000000,173381625000000,173381625000000,2026-09-05T05:03:40.348089+00:00,,,640,480
daheng_sn_FDE23080341,1202,173381687000000,173381687000000,173381687000000,2026-09-05T05:03:40.434124+00:00,14531,7729000429850,1920,1200
directshow_index_1,1215,173381718000000,173381718000000,173381718000000,2026-09-05T05:03:40.439126+00:00,,,640,480
daheng_sn_FDE23080341,1203,173381781000000,173381781000000,173381781000000,2026-09-05T05:03:40.529327+00:00,14543,7729092647450,1920,1200
directshow_index_1,1216,173381812000000,173381812000000,173381812000000,2026-09-05T05:03:40.532327+00:00,,,640,480
daheng_sn_FDE23080341,1204,173381875000000,173381875000000,173381875000000,2026-09-05T05:03:40.621783+00:00,14555,7729184865050,1920,1200
directshow_index_1,1217,173381906000000,173381906000000,173381906000000,2026-09-05T05:03:40.628780+00:00,,,640,480
daheng_sn_FDE23080341,1205,173381968000000,173381968000000,173381968000000,2026-09-05T05:03:40.712127+00:00,14567,7729277082650,1920,1200
directshow_index_1,1218,173382000000000,173382000000000,173382000000000,2026-09-05T05:03:40.724781+00:00,,,640,480
daheng_sn_FDE23080341,1206,173382062000000,173382062000000,173382062000000,2026-09-05T05:03:40.807923+00:00,14580,7729376985050,1920,1200
directshow_index_1,1219,173382093000000,173382093000000,173382093000000,2026-09-05T05:03:40.815074+00:00,,,640,480
daheng_sn_FDE23080341,1207,173382156000000,173382156000000,173382156000000,2026-09-05T05:03:40.898500+00:00,14592,7729469202650,1920,1200
directshow_index_1,1220,173382187000000,173382187000000,173382187000000,2026-09-05T05:03:40.912288+00:00,,,640,480
daheng_sn_FDE23080341,1208,173382250000000,173382250000000,173382250000000,2026-09-05T05:03:40.998396+00:00,14604,7729561420250,1920,1200
directshow_index_1,1221,173382281000000,173382281000000,173382281000000,2026-09-05T05:03:41.002401+00:00,,,640,480
daheng_sn_FDE23080341,1209,173382343000000,173382343000000,173382343000000,2026-09-05T05:03:41.087184+00:00,14616,7729653637850,1920,1200
directshow_index_1,1222,173382375000000,173382375000000,173382375000000,2026-09-05T05:03:41.095462+00:00,,,640,480
daheng_sn_FDE23080341,1210,173382437000000,173382437000000,173382437000000,2026-09-05T05:03:41.178607+00:00,14629,7729753540250,1920,1200
directshow_index_1,1223,173382468000000,173382468000000,173382468000000,2026-09-05T05:03:41.193514+00:00,,,640,480
daheng_sn_FDE23080341,1211,173382531000000,173382531000000,173382531000000,2026-09-05T05:03:41.279979+00:00,14641,7729845757850,1920,1200
directshow_index_1,1224,173382562000000,173382562000000,173382562000000,2026-09-05T05:03:41.282974+00:00,,,640,480
daheng_sn_FDE23080341,1212,173382625000000,173382625000000,173382625000000,2026-09-05T05:03:41.371125+00:00,14653,7729937975450,1920,1200
directshow_index_1,1225,173382656000000,173382656000000,173382656000000,2026-09-05T05:03:41.380013+00:00,,,640,480
daheng_sn_FDE23080341,1213,173382718000000,173382718000000,173382718000000,2026-09-05T05:03:41.463174+00:00,14665,7730030193050,1920,1200
directshow_index_1,1226,173382750000000,173382750000000,173382750000000,2026-09-05T05:03:41.472164+00:00,,,640,480
daheng_sn_FDE23080341,1214,173382812000000,173382812000000,173382812000000,2026-09-05T05:03:41.555526+00:00,14678,7730130095450,1920,1200
directshow_index_1,1227,173382843000000,173382843000000,173382843000000,2026-09-05T05:03:41.564533+00:00,,,640,480
daheng_sn_FDE23080341,1215,173382906000000,173382906000000,173382906000000,2026-09-05T05:03:41.658697+00:00,14690,7730222313050,1920,1200
directshow_index_1,1228,173382937000000,173382937000000,173382937000000,2026-09-05T05:03:41.661576+00:00,,,640,480
daheng_sn_FDE23080341,1216,173383000000000,173383000000000,173383000000000,2026-09-05T05:03:41.747109+00:00,14702,7730314530650,1920,1200
directshow_index_1,1229,173383031000000,173383031000000,173383031000000,2026-09-05T05:03:41.754007+00:00,,,640,480
daheng_sn_FDE23080341,1217,173383093000000,173383093000000,173383093000000,2026-09-05T05:03:41.836625+00:00,14714,7730406748250,1920,1200
directshow_index_1,1230,173383125000000,173383125000000,173383125000000,2026-09-05T05:03:41.849043+00:00,,,640,480
daheng_sn_FDE23080341,1218,173383187000000,173383187000000,173383187000000,2026-09-05T05:03:41.941016+00:00,14726,7730498965850,1920,1200
directshow_index_1,1231,173383218000000,173383218000000,173383218000000,2026-09-05T05:03:41.942014+00:00,,,640,480
daheng_sn_FDE23080341,1219,173383281000000,173383281000000,173383281000000,2026-09-05T05:03:42.027439+00:00,14739,7730598868250,1920,1200
directshow_index_1,1232,173383312000000,173383312000000,173383312000000,2026-09-05T05:03:42.037434+00:00,,,640,480
daheng_sn_FDE23080341,1220,173383375000000,173383375000000,173383375000000,2026-09-05T05:03:42.116418+00:00,14750,7730683401050,1920,1200
directshow_index_1,1233,173383406000000,173383406000000,173383406000000,2026-09-05T05:03:42.126509+00:00,,,640,480
daheng_sn_FDE23080341,1221,173383468000000,173383468000000,173383468000000,2026-09-05T05:03:42.222984+00:00,14762,7730775618650,1920,1200
directshow_index_1,1234,173383500000000,173383500000000,173383500000000,2026-09-05T05:03:42.222984+00:00,,,640,480
daheng_sn_FDE23080341,1222,173383562000000,173383562000000,173383562000000,2026-09-05T05:03:42.311273+00:00,14775,7730875521050,1920,1200
directshow_index_1,1235,173383593000000,173383593000000,173383593000000,2026-09-05T05:03:42.315547+00:00,,,640,480
daheng_sn_FDE23080341,1223,173383656000000,173383656000000,173383656000000,2026-09-05T05:03:42.417606+00:00,14787,7730967738650,1920,1200
directshow_index_1,1236,173383687000000,173383687000000,173383687000000,2026-09-05T05:03:42.418152+00:00,,,640,480
directshow_index_1,1237,173383781000000,173383781000000,173383781000000,2026-09-05T05:03:42.503788+00:00,,,640,480
daheng_sn_FDE23080341,1224,173383750000000,173383750000000,173383750000000,2026-09-05T05:03:42.517364+00:00,14799,7731059956250,1920,1200
daheng_sn_FDE23080341,1225,173383843000000,173383843000000,173383843000000,2026-09-05T05:03:42.596807+00:00,14811,7731152173850,1920,1200
directshow_index_1,1238,173383875000000,173383875000000,173383875000000,2026-09-05T05:03:42.597423+00:00,,,640,480
daheng_sn_FDE23080341,1226,173383937000000,173383937000000,173383937000000,2026-09-05T05:03:42.685708+00:00,14824,7731252076250,1920,1200
directshow_index_1,1239,173383968000000,173383968000000,173383968000000,2026-09-05T05:03:42.690997+00:00,,,640,480
daheng_sn_FDE23080341,1227,173384031000000,173384031000000,173384031000000,2026-09-05T05:03:42.777144+00:00,14836,7731344293850,1920,1200
directshow_index_1,1240,173384062000000,173384062000000,173384062000000,2026-09-05T05:03:42.789153+00:00,,,640,480
daheng_sn_FDE23080341,1228,173384125000000,173384125000000,173384125000000,2026-09-05T05:03:42.870344+00:00,14848,7731436511450,1920,1200
directshow_index_1,1241,173384156000000,173384156000000,173384156000000,2026-09-05T05:03:42.879992+00:00,,,640,480
daheng_sn_FDE23080341,1229,173384218000000,173384218000000,173384218000000,2026-09-05T05:03:42.964960+00:00,14861,7731536413850,1920,1200
directshow_index_1,1242,173384250000000,173384250000000,173384250000000,2026-09-05T05:03:42.971679+00:00,,,640,480
daheng_sn_FDE23080341,1230,173384312000000,173384312000000,173384312000000,2026-09-05T05:03:43.059500+00:00,14872,7731620946650,1920,1200
directshow_index_1,1243,173384343000000,173384343000000,173384343000000,2026-09-05T05:03:43.067286+00:00,,,640,480
daheng_sn_FDE23080341,1231,173384406000000,173384406000000,173384406000000,2026-09-05T05:03:43.153214+00:00,14885,7731720849050,1920,1200
directshow_index_1,1244,173384437000000,173384437000000,173384437000000,2026-09-05T05:03:43.157369+00:00,,,640,480
daheng_sn_FDE23080341,1232,173384500000000,173384500000000,173384500000000,2026-09-05T05:03:43.250584+00:00,14897,7731813066650,1920,1200
directshow_index_1,1245,173384531000000,173384531000000,173384531000000,2026-09-05T05:03:43.256583+00:00,,,640,480
daheng_sn_FDE23080341,1233,173384593000000,173384593000000,173384593000000,2026-09-05T05:03:43.335231+00:00,14909,7731905284250,1920,1200
directshow_index_1,1246,173384625000000,173384625000000,173384625000000,2026-09-05T05:03:43.346000+00:00,,,640,480
daheng_sn_FDE23080341,1234,173384687000000,173384687000000,173384687000000,2026-09-05T05:03:43.434484+00:00,14922,7732005186650,1920,1200
directshow_index_1,1247,173384718000000,173384718000000,173384718000000,2026-09-05T05:03:43.444000+00:00,,,640,480
daheng_sn_FDE23080341,1235,173384781000000,173384781000000,173384781000000,2026-09-05T05:03:43.531280+00:00,14934,7732097404250,1920,1200
directshow_index_1,1248,173384812000000,173384812000000,173384812000000,2026-09-05T05:03:43.536292+00:00,,,640,480
daheng_sn_FDE23080341,1236,173384875000000,173384875000000,173384875000000,2026-09-05T05:03:43.627847+00:00,14946,7732189621850,1920,1200
directshow_index_1,1249,173384906000000,173384906000000,173384906000000,2026-09-05T05:03:43.627847+00:00,,,640,480
daheng_sn_FDE23080341,1237,173384968000000,173384968000000,173384968000000,2026-09-05T05:03:43.726548+00:00,14958,7732281839450,1920,1200
directshow_index_1,1250,173385000000000,173385000000000,173385000000000,2026-09-05T05:03:43.727670+00:00,,,640,480
daheng_sn_FDE23080341,1238,173385062000000,173385062000000,173385062000000,2026-09-05T05:03:43.808981+00:00,14970,7732374057050,1920,1200
directshow_index_1,1251,173385093000000,173385093000000,173385093000000,2026-09-05T05:03:43.817185+00:00,,,640,480
daheng_sn_FDE23080341,1239,173385156000000,173385156000000,173385156000000,2026-09-05T05:03:43.904657+00:00,14982,7732466274650,1920,1200
directshow_index_1,1252,173385187000000,173385187000000,173385187000000,2026-09-05T05:03:43.909239+00:00,,,640,480
daheng_sn_FDE23080341,1240,173385250000000,173385250000000,173385250000000,2026-09-05T05:03:44.000677+00:00,14994,7732558492250,1920,1200
directshow_index_1,1253,173385281000000,173385281000000,173385281000000,2026-09-05T05:03:44.007192+00:00,,,640,480
daheng_sn_FDE23080341,1241,173385343000000,173385343000000,173385343000000,2026-09-05T05:03:44.086836+00:00,15007,7732658394650,1920,1200
directshow_index_1,1254,173385375000000,173385375000000,173385375000000,2026-09-05T05:03:44.096836+00:00,,,640,480
daheng_sn_FDE23080341,1242,173385437000000,173385437000000,173385437000000,2026-09-05T05:03:44.182666+00:00,15019,7732750612250,1920,1200
directshow_index_1,1255,173385468000000,173385468000000,173385468000000,2026-09-05T05:03:44.189272+00:00,,,640,480
daheng_sn_FDE23080341,1243,173385531000000,173385531000000,173385531000000,2026-09-05T05:03:44.282831+00:00,15031,7732842829850,1920,1200
directshow_index_1,1256,173385562000000,173385562000000,173385562000000,2026-09-05T05:03:44.288831+00:00,,,640,480
daheng_sn_FDE23080341,1244,173385625000000,173385625000000,173385625000000,2026-09-05T05:03:44.371563+00:00,15043,7732935047450,1920,1200
directshow_index_1,1257,173385656000000,173385656000000,173385656000000,2026-09-05T05:03:44.378921+00:00,,,640,480
daheng_sn_FDE23080341,1245,173385718000000,173385718000000,173385718000000,2026-09-05T05:03:44.477009+00:00,15056,7733034949850,1920,1200
directshow_index_1,1258,173385750000000,173385750000000,173385750000000,2026-09-05T05:03:44.477009+00:00,,,640,480
daheng_sn_FDE23080341,1246,173385812000000,173385812000000,173385812000000,2026-09-05T05:03:44.565800+00:00,15068,7733127167450,1920,1200
directshow_index_1,1259,173385843000000,173385843000000,173385843000000,2026-09-05T05:03:44.568801+00:00,,,640,480
daheng_sn_FDE23080341,1247,173385906000000,173385906000000,173385906000000,2026-09-05T05:03:44.656758+00:00,15080,7733219385050,1920,1200
directshow_index_1,1260,173385937000000,173385937000000,173385937000000,2026-09-05T05:03:44.660856+00:00,,,640,480
daheng_sn_FDE23080341,1248,173386000000000,173386000000000,173386000000000,2026-09-05T05:03:44.748033+00:00,15092,7733311602650,1920,1200
directshow_index_1,1261,173386031000000,173386031000000,173386031000000,2026-09-05T05:03:44.753645+00:00,,,640,480
daheng_sn_FDE23080341,1249,173386093000000,173386093000000,173386093000000,2026-09-05T05:03:44.840795+00:00,15104,7733403820250,1920,1200
directshow_index_1,1262,173386125000000,173386125000000,173386125000000,2026-09-05T05:03:44.844797+00:00,,,640,480
daheng_sn_FDE23080341,1250,173386187000000,173386187000000,173386187000000,2026-09-05T05:03:44.936053+00:00,15116,7733496037850,1920,1200
directshow_index_1,1263,173386218000000,173386218000000,173386218000000,2026-09-05T05:03:44.941061+00:00,,,640,480
daheng_sn_FDE23080341,1251,173386281000000,173386281000000,173386281000000,2026-09-05T05:03:45.032372+00:00,15129,7733595940250,1920,1200
directshow_index_1,1264,173386312000000,173386312000000,173386312000000,2026-09-05T05:03:45.037372+00:00,,,640,480
daheng_sn_FDE23080341,1252,173386375000000,173386375000000,173386375000000,2026-09-05T05:03:45.123542+00:00,15140,7733680473050,1920,1200
directshow_index_1,1265,173386406000000,173386406000000,173386406000000,2026-09-05T05:03:45.127095+00:00,,,640,480
daheng_sn_FDE23080341,1253,173386468000000,173386468000000,173386468000000,2026-09-05T05:03:45.222766+00:00,15153,7733780375450,1920,1200
directshow_index_1,1266,173386500000000,173386500000000,173386500000000,2026-09-05T05:03:45.225573+00:00,,,640,480
daheng_sn_FDE23080341,1254,173386562000000,173386562000000,173386562000000,2026-09-05T05:03:45.319235+00:00,15166,7733880277850,1920,1200
directshow_index_1,1267,173386593000000,173386593000000,173386593000000,2026-09-05T05:03:45.330897+00:00,,,640,480
daheng_sn_FDE23080341,1255,173386656000000,173386656000000,173386656000000,2026-09-05T05:03:45.402120+00:00,15177,7733964810650,1920,1200
directshow_index_1,1268,173386687000000,173386687000000,173386687000000,2026-09-05T05:03:45.407122+00:00,,,640,480
daheng_sn_FDE23080341,1256,173386750000000,173386750000000,173386750000000,2026-09-05T05:03:45.502092+00:00,15190,7734064713050,1920,1200
directshow_index_1,1269,173386781000000,173386781000000,173386781000000,2026-09-05T05:03:45.507099+00:00,,,640,480
daheng_sn_FDE23080341,1257,173386843000000,173386843000000,173386843000000,2026-09-05T05:03:45.590524+00:00,15202,7734156930650,1920,1200
directshow_index_1,1270,173386875000000,173386875000000,173386875000000,2026-09-05T05:03:45.597145+00:00,,,640,480
daheng_sn_FDE23080341,1258,173386937000000,173386937000000,173386937000000,2026-09-05T05:03:45.678492+00:00,15214,7734249148250,1920,1200
directshow_index_1,1271,173386968000000,173386968000000,173386968000000,2026-09-05T05:03:45.693547+00:00,,,640,480
daheng_sn_FDE23080341,1259,173387031000000,173387031000000,173387031000000,2026-09-05T05:03:45.776738+00:00,15226,7734341365850,1920,1200
directshow_index_1,1272,173387062000000,173387062000000,173387062000000,2026-09-05T05:03:45.784718+00:00,,,640,480
directshow_index_1,1273,173387156000000,173387156000000,173387156000000,2026-09-05T05:03:45.878420+00:00,,,640,480
daheng_sn_FDE23080341,1260,173387125000000,173387125000000,173387125000000,2026-09-05T05:03:45.882881+00:00,15238,7734433583450,1920,1200
daheng_sn_FDE23080341,1261,173387218000000,173387218000000,173387218000000,2026-09-05T05:03:45.960484+00:00,15251,7734533485850,1920,1200
directshow_index_1,1274,173387250000000,173387250000000,173387250000000,2026-09-05T05:03:45.968775+00:00,,,640,480
daheng_sn_FDE23080341,1262,173387312000000,173387312000000,173387312000000,2026-09-05T05:03:46.070722+00:00,15263,7734625703450,1920,1200
directshow_index_1,1275,173387343000000,173387343000000,173387343000000,2026-09-05T05:03:46.072288+00:00,,,640,480
directshow_index_1,1276,173387437000000,173387437000000,173387437000000,2026-09-05T05:03:46.163062+00:00,,,640,480
daheng_sn_FDE23080341,1263,173387406000000,173387406000000,173387406000000,2026-09-05T05:03:46.175067+00:00,15275,7734717921050,1920,1200
directshow_index_1,1277,173387531000000,173387531000000,173387531000000,2026-09-05T05:03:46.253629+00:00,,,640,480
daheng_sn_FDE23080341,1264,173387500000000,173387500000000,173387500000000,2026-09-05T05:03:46.258871+00:00,15288,7734817823450,1920,1200
daheng_sn_FDE23080341,1265,173387593000000,173387593000000,173387593000000,2026-09-05T05:03:46.349224+00:00,15300,7734910041050,1920,1200
directshow_index_1,1278,173387625000000,173387625000000,173387625000000,2026-09-05T05:03:46.349224+00:00,,,640,480
daheng_sn_FDE23080341,1266,173387687000000,173387687000000,173387687000000,2026-09-05T05:03:46.439487+00:00,15312,7735002258650,1920,1200
directshow_index_1,1279,173387718000000,173387718000000,173387718000000,2026-09-05T05:03:46.444587+00:00,,,640,480
daheng_sn_FDE23080341,1267,173387781000000,173387781000000,173387781000000,2026-09-05T05:03:46.532891+00:00,15324,7735094476250,1920,1200
directshow_index_1,1280,173387812000000,173387812000000,173387812000000,2026-09-05T05:03:46.535913+00:00,,,640,480
daheng_sn_FDE23080341,1268,173387875000000,173387875000000,173387875000000,2026-09-05T05:03:46.629600+00:00,15336,7735186693850,1920,1200
directshow_index_1,1281,173387906000000,173387906000000,173387906000000,2026-09-05T05:03:46.630595+00:00,,,640,480
daheng_sn_FDE23080341,1269,173387968000000,173387968000000,173387968000000,2026-09-05T05:03:46.723136+00:00,15348,7735278911450,1920,1200
directshow_index_1,1282,173388000000000,173388000000000,173388000000000,2026-09-05T05:03:46.724209+00:00,,,640,480
daheng_sn_FDE23080341,1270,173388062000000,173388062000000,173388062000000,2026-09-05T05:03:46.814536+00:00,15361,7735378813850,1920,1200
directshow_index_1,1283,173388093000000,173388093000000,173388093000000,2026-09-05T05:03:46.817638+00:00,,,640,480
daheng_sn_FDE23080341,1271,173388156000000,173388156000000,173388156000000,2026-09-05T05:03:46.905730+00:00,15373,7735471031450,1920,1200
directshow_index_1,1284,173388187000000,173388187000000,173388187000000,2026-09-05T05:03:46.909728+00:00,,,640,480
daheng_sn_FDE23080341,1272,173388250000000,173388250000000,173388250000000,2026-09-05T05:03:47.002914+00:00,15384,7735555564250,1920,1200
directshow_index_1,1285,173388281000000,173388281000000,173388281000000,2026-09-05T05:03:47.004913+00:00,,,640,480
daheng_sn_FDE23080341,1273,173388343000000,173388343000000,173388343000000,2026-09-05T05:03:47.097684+00:00,15397,7735655466650,1920,1200
directshow_index_1,1286,173388375000000,173388375000000,173388375000000,2026-09-05T05:03:47.100687+00:00,,,640,480
daheng_sn_FDE23080341,1274,173388437000000,173388437000000,173388437000000,2026-09-05T05:03:47.185764+00:00,15409,7735747684250,1920,1200
directshow_index_1,1287,173388468000000,173388468000000,173388468000000,2026-09-05T05:03:47.192587+00:00,,,640,480
daheng_sn_FDE23080341,1275,173388531000000,173388531000000,173388531000000,2026-09-05T05:03:47.280233+00:00,15422,7735847586650,1920,1200
directshow_index_1,1288,173388562000000,173388562000000,173388562000000,2026-09-05T05:03:47.283062+00:00,,,640,480
daheng_sn_FDE23080341,1276,173388625000000,173388625000000,173388625000000,2026-09-05T05:03:47.371400+00:00,15434,7735939804250,1920,1200
directshow_index_1,1289,173388656000000,173388656000000,173388656000000,2026-09-05T05:03:47.382104+00:00,,,640,480
directshow_index_1,1290,173388750000000,173388750000000,173388750000000,2026-09-05T05:03:47.475814+00:00,,,640,480
daheng_sn_FDE23080341,1277,173388718000000,173388718000000,173388718000000,2026-09-05T05:03:47.481342+00:00,15446,7736032021850,1920,1200
daheng_sn_FDE23080341,1278,173388812000000,173388812000000,173388812000000,2026-09-05T05:03:47.565785+00:00,15458,7736124239450,1920,1200
directshow_index_1,1291,173388843000000,173388843000000,173388843000000,2026-09-05T05:03:47.569788+00:00,,,640,480
daheng_sn_FDE23080341,1279,173388906000000,173388906000000,173388906000000,2026-09-05T05:03:47.655250+00:00,15470,7736216457050,1920,1200
directshow_index_1,1292,173388937000000,173388937000000,173388937000000,2026-09-05T05:03:47.663269+00:00,,,640,480
daheng_sn_FDE23080341,1280,173389000000000,173389000000000,173389000000000,2026-09-05T05:03:47.748473+00:00,15483,7736316359450,1920,1200
directshow_index_1,1293,173389031000000,173389031000000,173389031000000,2026-09-05T05:03:47.756087+00:00,,,640,480
daheng_sn_FDE23080341,1281,173389093000000,173389093000000,173389093000000,2026-09-05T05:03:47.838040+00:00,15495,7736408577050,1920,1200
directshow_index_1,1294,173389125000000,173389125000000,173389125000000,2026-09-05T05:03:47.847417+00:00,,,640,480
daheng_sn_FDE23080341,1282,173389187000000,173389187000000,173389187000000,2026-09-05T05:03:47.935216+00:00,15507,7736500794650,1920,1200
directshow_index_1,1295,173389218000000,173389218000000,173389218000000,2026-09-05T05:03:47.939218+00:00,,,640,480
daheng_sn_FDE23080341,1283,173389281000000,173389281000000,173389281000000,2026-09-05T05:03:48.032130+00:00,15519,7736593012250,1920,1200
directshow_index_1,1296,173389312000000,173389312000000,173389312000000,2026-09-05T05:03:48.039021+00:00,,,640,480
daheng_sn_FDE23080341,1284,173389375000000,173389375000000,173389375000000,2026-09-05T05:03:48.121244+00:00,15531,7736685229850,1920,1200
directshow_index_1,1297,173389406000000,173389406000000,173389406000000,2026-09-05T05:03:48.130521+00:00,,,640,480
daheng_sn_FDE23080341,1285,173389468000000,173389468000000,173389468000000,2026-09-05T05:03:48.217161+00:00,15544,7736785132250,1920,1200
directshow_index_1,1298,173389500000000,173389500000000,173389500000000,2026-09-05T05:03:48.221174+00:00,,,640,480
daheng_sn_FDE23080341,1286,173389562000000,173389562000000,173389562000000,2026-09-05T05:03:48.312490+00:00,15556,7736877349850,1920,1200
directshow_index_1,1299,173389593000000,173389593000000,173389593000000,2026-09-05T05:03:48.319500+00:00,,,640,480
daheng_sn_FDE23080341,1287,173389656000000,173389656000000,173389656000000,2026-09-05T05:03:48.403666+00:00,15567,7736961882650,1920,1200
directshow_index_1,1300,173389687000000,173389687000000,173389687000000,2026-09-05T05:03:48.411858+00:00,,,640,480
daheng_sn_FDE23080341,1288,173389750000000,173389750000000,173389750000000,2026-09-05T05:03:48.501159+00:00,15580,7737061785050,1920,1200
directshow_index_1,1301,173389781000000,173389781000000,173389781000000,2026-09-05T05:03:48.504974+00:00,,,640,480
daheng_sn_FDE23080341,1289,173389843000000,173389843000000,173389843000000,2026-09-05T05:03:48.596550+00:00,15593,7737161687450,1920,1200
directshow_index_1,1302,173389875000000,173389875000000,173389875000000,2026-09-05T05:03:48.600554+00:00,,,640,480
daheng_sn_FDE23080341,1290,173389937000000,173389937000000,173389937000000,2026-09-05T05:03:48.690137+00:00,15604,7737246220250,1920,1200
directshow_index_1,1303,173389968000000,173389968000000,173389968000000,2026-09-05T05:03:48.695137+00:00,,,640,480
daheng_sn_FDE23080341,1291,173390031000000,173390031000000,173390031000000,2026-09-05T05:03:48.785713+00:00,15616,7737338437850,1920,1200
directshow_index_1,1304,173390062000000,173390062000000,173390062000000,2026-09-05T05:03:48.786710+00:00,,,640,480
daheng_sn_FDE23080341,1292,173390125000000,173390125000000,173390125000000,2026-09-05T05:03:48.879726+00:00,15628,7737430655450,1920,1200
directshow_index_1,1305,173390156000000,173390156000000,173390156000000,2026-09-05T05:03:48.879726+00:00,,,640,480
directshow_index_1,1306,173390250000000,173390250000000,173390250000000,2026-09-05T05:03:48.971086+00:00,,,640,480
daheng_sn_FDE23080341,1293,173390218000000,173390218000000,173390218000000,2026-09-05T05:03:48.976102+00:00,15641,7737530557850,1920,1200
daheng_sn_FDE23080341,1294,173390312000000,173390312000000,173390312000000,2026-09-05T05:03:49.063015+00:00,15653,7737622775450,1920,1200
directshow_index_1,1307,173390343000000,173390343000000,173390343000000,2026-09-05T05:03:49.070013+00:00,,,640,480
daheng_sn_FDE23080341,1295,173390406000000,173390406000000,173390406000000,2026-09-05T05:03:49.157624+00:00,15665,7737714993050,1920,1200
directshow_index_1,1308,173390437000000,173390437000000,173390437000000,2026-09-05T05:03:49.158620+00:00,,,640,480
daheng_sn_FDE23080341,1296,173390500000000,173390500000000,173390500000000,2026-09-05T05:03:49.249021+00:00,15678,7737814895450,1920,1200
directshow_index_1,1309,173390531000000,173390531000000,173390531000000,2026-09-05T05:03:49.252018+00:00,,,640,480
daheng_sn_FDE23080341,1297,173390593000000,173390593000000,173390593000000,2026-09-05T05:03:49.347273+00:00,15690,7737907113050,1920,1200
directshow_index_1,1310,173390625000000,173390625000000,173390625000000,2026-09-05T05:03:49.349283+00:00,,,640,480
daheng_sn_FDE23080341,1298,173390687000000,173390687000000,173390687000000,2026-09-05T05:03:49.439113+00:00,15702,7737999330650,1920,1200
directshow_index_1,1311,173390718000000,173390718000000,173390718000000,2026-09-05T05:03:49.442122+00:00,,,640,480
daheng_sn_FDE23080341,1299,173390781000000,173390781000000,173390781000000,2026-09-05T05:03:49.533538+00:00,15714,7738091548250,1920,1200
directshow_index_1,1312,173390812000000,173390812000000,173390812000000,2026-09-05T05:03:49.534545+00:00,,,640,480
daheng_sn_FDE23080341,1300,173390875000000,173390875000000,173390875000000,2026-09-05T05:03:49.638403+00:00,15727,7738191450650,1920,1200
directshow_index_1,1313,173390906000000,173390906000000,173390906000000,2026-09-05T05:03:49.645587+00:00,,,640,480
daheng_sn_FDE23080341,1301,173390968000000,173390968000000,173390968000000,2026-09-05T05:03:49.724947+00:00,15739,7738283668250,1920,1200
directshow_index_1,1314,173391000000000,173391000000000,173391000000000,2026-09-05T05:03:49.724947+00:00,,,640,480
directshow_index_1,1315,173391093000000,173391093000000,173391093000000,2026-09-05T05:03:49.815076+00:00,,,640,480
daheng_sn_FDE23080341,1302,173391062000000,173391062000000,173391062000000,2026-09-05T05:03:49.819086+00:00,15751,7738375885850,1920,1200
directshow_index_1,1316,173391187000000,173391187000000,173391187000000,2026-09-05T05:03:49.912883+00:00,,,640,480
daheng_sn_FDE23080341,1303,173391156000000,173391156000000,173391156000000,2026-09-05T05:03:49.918346+00:00,15763,7738468103450,1920,1200
daheng_sn_FDE23080341,1304,173391250000000,173391250000000,173391250000000,2026-09-05T05:03:50.001088+00:00,15775,7738560321050,1920,1200
directshow_index_1,1317,173391281000000,173391281000000,173391281000000,2026-09-05T05:03:50.005202+00:00,,,640,480
daheng_sn_FDE23080341,1305,173391343000000,173391343000000,173391343000000,2026-09-05T05:03:50.095213+00:00,15787,7738652538650,1920,1200
directshow_index_1,1318,173391375000000,173391375000000,173391375000000,2026-09-05T05:03:50.098211+00:00,,,640,480
daheng_sn_FDE23080341,1306,173391437000000,173391437000000,173391437000000,2026-09-05T05:03:50.195366+00:00,15800,7738752441050,1920,1200
directshow_index_1,1319,173391468000000,173391468000000,173391468000000,2026-09-05T05:03:50.206377+00:00,,,640,480
daheng_sn_FDE23080341,1307,173391531000000,173391531000000,173391531000000,2026-09-05T05:03:50.282791+00:00,15812,7738844658650,1920,1200
directshow_index_1,1320,173391562000000,173391562000000,173391562000000,2026-09-05T05:03:50.286322+00:00,,,640,480
daheng_sn_FDE23080341,1308,173391625000000,173391625000000,173391625000000,2026-09-05T05:03:50.372779+00:00,15824,7738936876250,1920,1200
directshow_index_1,1321,173391656000000,173391656000000,173391656000000,2026-09-05T05:03:50.376780+00:00,,,640,480
daheng_sn_FDE23080341,1309,173391718000000,173391718000000,173391718000000,2026-09-05T05:03:50.469804+00:00,15836,7739029093850,1920,1200
directshow_index_1,1322,173391750000000,173391750000000,173391750000000,2026-09-05T05:03:50.474406+00:00,,,640,480
daheng_sn_FDE23080341,1310,173391812000000,173391812000000,173391812000000,2026-09-05T05:03:50.560733+00:00,15849,7739128996250,1920,1200
directshow_index_1,1323,173391843000000,173391843000000,173391843000000,2026-09-05T05:03:50.565386+00:00,,,640,480
directshow_index_1,1324,173391937000000,173391937000000,173391937000000,2026-09-05T05:03:50.663895+00:00,,,640,480
daheng_sn_FDE23080341,1311,173391906000000,173391906000000,173391906000000,2026-09-05T05:03:50.672703+00:00,15861,7739221213850,1920,1200
directshow_index_1,1325,173392031000000,173392031000000,173392031000000,2026-09-05T05:03:50.757171+00:00,,,640,480
daheng_sn_FDE23080341,1312,173392000000000,173392000000000,173392000000000,2026-09-05T05:03:50.766688+00:00,15873,7739313431450,1920,1200
directshow_index_1,1326,173392125000000,173392125000000,173392125000000,2026-09-05T05:03:50.848679+00:00,,,640,480
daheng_sn_FDE23080341,1313,173392093000000,173392093000000,173392093000000,2026-09-05T05:03:50.859675+00:00,15885,7739405649050,1920,1200
directshow_index_1,1327,173392218000000,173392218000000,173392218000000,2026-09-05T05:03:50.939816+00:00,,,640,480
daheng_sn_FDE23080341,1314,173392187000000,173392187000000,173392187000000,2026-09-05T05:03:50.944816+00:00,15898,7739505551450,1920,1200
daheng_sn_FDE23080341,1315,173392281000000,173392281000000,173392281000000,2026-09-05T05:03:51.034859+00:00,15909,7739590084250,1920,1200
directshow_index_1,1328,173392312000000,173392312000000,173392312000000,2026-09-05T05:03:51.036866+00:00,,,640,480
daheng_sn_FDE23080341,1316,173392375000000,173392375000000,173392375000000,2026-09-05T05:03:51.130505+00:00,15922,7739689986650,1920,1200
directshow_index_1,1329,173392406000000,173392406000000,173392406000000,2026-09-05T05:03:51.131506+00:00,,,640,480
daheng_sn_FDE23080341,1317,173392468000000,173392468000000,173392468000000,2026-09-05T05:03:51.225893+00:00,15934,7739782204250,1920,1200
directshow_index_1,1330,173392500000000,173392500000000,173392500000000,2026-09-05T05:03:51.226445+00:00,,,640,480
directshow_index_1,1331,173392593000000,173392593000000,173392593000000,2026-09-05T05:03:51.316000+00:00,,,640,480
daheng_sn_FDE23080341,1318,173392562000000,173392562000000,173392562000000,2026-09-05T05:03:51.323542+00:00,15946,7739874421850,1920,1200
daheng_sn_FDE23080341,1319,173392656000000,173392656000000,173392656000000,2026-09-05T05:03:51.409444+00:00,15958,7739966639450,1920,1200
directshow_index_1,1332,173392687000000,173392687000000,173392687000000,2026-09-05T05:03:51.413448+00:00,,,640,480
daheng_sn_FDE23080341,1320,173392750000000,173392750000000,173392750000000,2026-09-05T05:03:51.503393+00:00,15971,7740066541850,1920,1200
directshow_index_1,1333,173392781000000,173392781000000,173392781000000,2026-09-05T05:03:51.505321+00:00,,,640,480
daheng_sn_FDE23080341,1321,173392843000000,173392843000000,173392843000000,2026-09-05T05:03:51.597074+00:00,15982,7740151074650,1920,1200
directshow_index_1,1334,173392875000000,173392875000000,173392875000000,2026-09-05T05:03:51.597846+00:00,,,640,480
daheng_sn_FDE23080341,1322,173392937000000,173392937000000,173392937000000,2026-09-05T05:03:51.692166+00:00,15995,7740250977050,1920,1200
directshow_index_1,1335,173392968000000,173392968000000,173392968000000,2026-09-05T05:03:51.692166+00:00,,,640,480
daheng_sn_FDE23080341,1323,173393031000000,173393031000000,173393031000000,2026-09-05T05:03:51.788299+00:00,16007,7740343194650,1920,1200
directshow_index_1,1336,173393062000000,173393062000000,173393062000000,2026-09-05T05:03:51.788299+00:00,,,640,480
daheng_sn_FDE23080341,1324,173393125000000,173393125000000,173393125000000,2026-09-05T05:03:51.882660+00:00,16019,7740435412250,1920,1200
directshow_index_1,1337,173393156000000,173393156000000,173393156000000,2026-09-05T05:03:51.883254+00:00,,,640,480
daheng_sn_FDE23080341,1325,173393218000000,173393218000000,173393218000000,2026-09-05T05:03:51.971869+00:00,16032,7740535314650,1920,1200
directshow_index_1,1338,173393250000000,173393250000000,173393250000000,2026-09-05T05:03:51.971869+00:00,,,640,480
daheng_sn_FDE23080341,1326,173393312000000,173393312000000,173393312000000,2026-09-05T05:03:52.068445+00:00,16043,7740619847450,1920,1200
directshow_index_1,1339,173393343000000,173393343000000,173393343000000,2026-09-05T05:03:52.070447+00:00,,,640,480
directshow_index_1,1340,173393437000000,173393437000000,173393437000000,2026-09-05T05:03:52.164386+00:00,,,640,480
daheng_sn_FDE23080341,1327,173393406000000,173393406000000,173393406000000,2026-09-05T05:03:52.173715+00:00,16056,7740719749850,1920,1200
daheng_sn_FDE23080341,1328,173393500000000,173393500000000,173393500000000,2026-09-05T05:03:52.259731+00:00,16068,7740811967450,1920,1200
directshow_index_1,1341,173393531000000,173393531000000,173393531000000,2026-09-05T05:03:52.260304+00:00,,,640,480
daheng_sn_FDE23080341,1329,173393593000000,173393593000000,173393593000000,2026-09-05T05:03:52.352579+00:00,16081,7740911869850,1920,1200
directshow_index_1,1342,173393625000000,173393625000000,173393625000000,2026-09-05T05:03:52.353147+00:00,,,640,480
daheng_sn_FDE23080341,1330,173393687000000,173393687000000,173393687000000,2026-09-05T05:03:52.444846+00:00,16092,7740996402650,1920,1200
directshow_index_1,1343,173393718000000,173393718000000,173393718000000,2026-09-05T05:03:52.446574+00:00,,,640,480
directshow_index_1,1344,173393812000000,173393812000000,173393812000000,2026-09-05T05:03:52.536443+00:00,,,640,480
daheng_sn_FDE23080341,1331,173393781000000,173393781000000,173393781000000,2026-09-05T05:03:52.555459+00:00,16105,7741096305050,1920,1200
directshow_index_1,1345,173393906000000,173393906000000,173393906000000,2026-09-05T05:03:52.627676+00:00,,,640,480
daheng_sn_FDE23080341,1332,173393875000000,173393875000000,173393875000000,2026-09-05T05:03:52.634226+00:00,16117,7741188522650,1920,1200
directshow_index_1,1346,173394000000000,173394000000000,173394000000000,2026-09-05T05:03:52.721947+00:00,,,640,480
daheng_sn_FDE23080341,1333,173393968000000,173393968000000,173393968000000,2026-09-05T05:03:52.734412+00:00,16129,7741280740250,1920,1200
directshow_index_1,1347,173394093000000,173394093000000,173394093000000,2026-09-05T05:03:52.814155+00:00,,,640,480
daheng_sn_FDE23080341,1334,173394062000000,173394062000000,173394062000000,2026-09-05T05:03:52.818804+00:00,16141,7741372957850,1920,1200
daheng_sn_FDE23080341,1335,173394156000000,173394156000000,173394156000000,2026-09-05T05:03:52.915861+00:00,16154,7741472860250,1920,1200
directshow_index_1,1348,173394187000000,173394187000000,173394187000000,2026-09-05T05:03:52.916413+00:00,,,640,480
directshow_index_1,1349,173394281000000,173394281000000,173394281000000,2026-09-05T05:03:53.001588+00:00,,,640,480
daheng_sn_FDE23080341,1336,173394250000000,173394250000000,173394250000000,2026-09-05T05:03:53.009301+00:00,16166,7741565077850,1920,1200
directshow_index_1,1350,173394375000000,173394375000000,173394375000000,2026-09-05T05:03:53.098693+00:00,,,640,480
daheng_sn_FDE23080341,1337,173394343000000,173394343000000,173394343000000,2026-09-05T05:03:53.112697+00:00,16178,7741657295450,1920,1200
directshow_index_1,1351,173394468000000,173394468000000,173394468000000,2026-09-05T05:03:53.191193+00:00,,,640,480
daheng_sn_FDE23080341,1338,173394437000000,173394437000000,173394437000000,2026-09-05T05:03:53.199194+00:00,16190,7741749513050,1920,1200
directshow_index_1,1352,173394562000000,173394562000000,173394562000000,2026-09-05T05:03:53.284965+00:00,,,640,480
daheng_sn_FDE23080341,1339,173394531000000,173394531000000,173394531000000,2026-09-05T05:03:53.290249+00:00,16202,7741841730650,1920,1200
daheng_sn_FDE23080341,1340,173394625000000,173394625000000,173394625000000,2026-09-05T05:03:53.380407+00:00,16214,7741933948250,1920,1200
directshow_index_1,1353,173394656000000,173394656000000,173394656000000,2026-09-05T05:03:53.380407+00:00,,,640,480
directshow_index_1,1354,173394750000000,173394750000000,173394750000000,2026-09-05T05:03:53.473339+00:00,,,640,480
daheng_sn_FDE23080341,1341,173394718000000,173394718000000,173394718000000,2026-09-05T05:03:53.476346+00:00,16226,7742026165850,1920,1200
directshow_index_1,1355,173394843000000,173394843000000,173394843000000,2026-09-05T05:03:53.566258+00:00,,,640,480
daheng_sn_FDE23080341,1342,173394812000000,173394812000000,173394812000000,2026-09-05T05:03:53.571908+00:00,16240,7742133753050,1920,1200
directshow_index_1,1356,173394937000000,173394937000000,173394937000000,2026-09-05T05:03:53.663137+00:00,,,640,480
daheng_sn_FDE23080341,1343,173394906000000,173394921000000,173394913500000,2026-09-05T05:03:53.679088+00:00,16251,7742218285850,1920,1200
daheng_sn_FDE23080341,1344,173395000000000,173395000000000,173395000000000,2026-09-05T05:03:53.757117+00:00,16263,7742310503450,1920,1200
directshow_index_1,1357,173395031000000,173395031000000,173395031000000,2026-09-05T05:03:53.758123+00:00,,,640,480
daheng_sn_FDE23080341,1345,173395093000000,173395093000000,173395093000000,2026-09-05T05:03:53.848101+00:00,16275,7742402721050,1920,1200
directshow_index_1,1358,173395125000000,173395125000000,173395125000000,2026-09-05T05:03:53.854011+00:00,,,640,480
directshow_index_1,1359,173395218000000,173395218000000,173395218000000,2026-09-05T05:03:53.940202+00:00,,,640,480
daheng_sn_FDE23080341,1346,173395187000000,173395187000000,173395187000000,2026-09-05T05:03:53.946331+00:00,16288,7742502623450,1920,1200
daheng_sn_FDE23080341,1347,173395281000000,173395281000000,173395281000000,2026-09-05T05:03:54.036778+00:00,16300,7742594841050,1920,1200
directshow_index_1,1360,173395312000000,173395312000000,173395312000000,2026-09-05T05:03:54.038523+00:00,,,640,480
daheng_sn_FDE23080341,1348,173395375000000,173395375000000,173395375000000,2026-09-05T05:03:54.131146+00:00,16313,7742694743450,1920,1200
directshow_index_1,1361,173395406000000,173395406000000,173395406000000,2026-09-05T05:03:54.131146+00:00,,,640,480
directshow_index_1,1362,173395500000000,173395500000000,173395500000000,2026-09-05T05:03:54.225611+00:00,,,640,480
daheng_sn_FDE23080341,1349,173395468000000,173395484000000,173395476000000,2026-09-05T05:03:54.239208+00:00,16325,7742786961050,1920,1200
daheng_sn_FDE23080341,1350,173395562000000,173395562000000,173395562000000,2026-09-05T05:03:54.315988+00:00,16337,7742879178650,1920,1200
directshow_index_1,1363,173395593000000,173395593000000,173395593000000,2026-09-05T05:03:54.316586+00:00,,,640,480
daheng_sn_FDE23080341,1351,173395656000000,173395656000000,173395656000000,2026-09-05T05:03:54.411097+00:00,16348,7742963711450,1920,1200
directshow_index_1,1364,173395687000000,173395687000000,173395687000000,2026-09-05T05:03:54.411915+00:00,,,640,480
directshow_index_1,1365,173395781000000,173395781000000,173395781000000,2026-09-05T05:03:54.502754+00:00,,,640,480
daheng_sn_FDE23080341,1352,173395750000000,173395750000000,173395750000000,2026-09-05T05:03:54.510756+00:00,16361,7743063613850,1920,1200
daheng_sn_FDE23080341,1353,173395843000000,173395843000000,173395843000000,2026-09-05T05:03:54.595911+00:00,16373,7743155831450,1920,1200
directshow_index_1,1366,173395875000000,173395875000000,173395875000000,2026-09-05T05:03:54.603224+00:00,,,640,480
daheng_sn_FDE23080341,1354,173395937000000,173395937000000,173395937000000,2026-09-05T05:03:54.689811+00:00,16386,7743255733850,1920,1200
directshow_index_1,1367,173395968000000,173395968000000,173395968000000,2026-09-05T05:03:54.694820+00:00,,,640,480
daheng_sn_FDE23080341,1355,173396031000000,173396031000000,173396031000000,2026-09-05T05:03:54.790150+00:00,16397,7743340266650,1920,1200
directshow_index_1,1368,173396062000000,173396062000000,173396062000000,2026-09-05T05:03:54.793164+00:00,,,640,480
daheng_sn_FDE23080341,1356,173396125000000,173396125000000,173396125000000,2026-09-05T05:03:54.877239+00:00,16409,7743432484250,1920,1200
directshow_index_1,1369,173396156000000,173396156000000,173396156000000,2026-09-05T05:03:54.878411+00:00,,,640,480
daheng_sn_FDE23080341,1357,173396218000000,173396218000000,173396218000000,2026-09-05T05:03:54.972280+00:00,16422,7743532386650,1920,1200
directshow_index_1,1370,173396250000000,173396250000000,173396250000000,2026-09-05T05:03:54.975527+00:00,,,640,480
daheng_sn_FDE23080341,1358,173396312000000,173396312000000,173396312000000,2026-09-05T05:03:55.069699+00:00,16434,7743624604250,1920,1200
directshow_index_1,1371,173396343000000,173396343000000,173396343000000,2026-09-05T05:03:55.070697+00:00,,,640,480
daheng_sn_FDE23080341,1359,173396406000000,173396406000000,173396406000000,2026-09-05T05:03:55.157399+00:00,16446,7743716821850,1920,1200
directshow_index_1,1372,173396437000000,173396437000000,173396437000000,2026-09-05T05:03:55.162192+00:00,,,640,480
daheng_sn_FDE23080341,1360,173396500000000,173396500000000,173396500000000,2026-09-05T05:03:55.256176+00:00,16460,7743824409050,1920,1200
directshow_index_1,1373,173396531000000,173396531000000,173396531000000,2026-09-05T05:03:55.257175+00:00,,,640,480
daheng_sn_FDE23080341,1361,173396593000000,173396593000000,173396593000000,2026-09-05T05:03:55.351808+00:00,16470,7743901257050,1920,1200
directshow_index_1,1374,173396625000000,173396640000000,173396632500000,2026-09-05T05:03:55.366126+00:00,,,640,480
daheng_sn_FDE23080341,1362,173396687000000,173396687000000,173396687000000,2026-09-05T05:03:55.441081+00:00,16483,7744001159450,1920,1200
directshow_index_1,1375,173396718000000,173396718000000,173396718000000,2026-09-05T05:03:55.444089+00:00,,,640,480
daheng_sn_FDE23080341,1363,173396781000000,173396781000000,173396781000000,2026-09-05T05:03:55.536569+00:00,16495,7744093377050,1920,1200
directshow_index_1,1376,173396812000000,173396812000000,173396812000000,2026-09-05T05:03:55.536569+00:00,,,640,480
daheng_sn_FDE23080341,1364,173396875000000,173396875000000,173396875000000,2026-09-05T05:03:55.628231+00:00,16507,7744185594650,1920,1200
directshow_index_1,1377,173396906000000,173396906000000,173396906000000,2026-09-05T05:03:55.628774+00:00,,,640,480
daheng_sn_FDE23080341,1365,173396968000000,173396968000000,173396968000000,2026-09-05T05:03:55.723855+00:00,16519,7744277812250,1920,1200
directshow_index_1,1378,173397000000000,173397000000000,173397000000000,2026-09-05T05:03:55.727288+00:00,,,640,480
daheng_sn_FDE23080341,1366,173397062000000,173397062000000,173397062000000,2026-09-05T05:03:55.817333+00:00,16532,7744377714650,1920,1200
directshow_index_1,1379,173397093000000,173397093000000,173397093000000,2026-09-05T05:03:55.818507+00:00,,,640,480
daheng_sn_FDE23080341,1367,173397156000000,173397156000000,173397156000000,2026-09-05T05:03:55.911603+00:00,16544,7744469932250,1920,1200
directshow_index_1,1380,173397187000000,173397187000000,173397187000000,2026-09-05T05:03:55.912605+00:00,,,640,480
daheng_sn_FDE23080341,1368,173397250000000,173397250000000,173397250000000,2026-09-05T05:03:56.007844+00:00,16556,7744562149850,1920,1200
directshow_index_1,1381,173397281000000,173397281000000,173397281000000,2026-09-05T05:03:56.008992+00:00,,,640,480
daheng_sn_FDE23080341,1369,173397343000000,173397343000000,173397343000000,2026-09-05T05:03:56.092080+00:00,16569,7744662052250,1920,1200
directshow_index_1,1382,173397375000000,173397375000000,173397375000000,2026-09-05T05:03:56.099599+00:00,,,640,480
directshow_index_1,1383,173397468000000,173397468000000,173397468000000,2026-09-05T05:03:56.189523+00:00,,,640,480
daheng_sn_FDE23080341,1370,173397437000000,173397437000000,173397437000000,2026-09-05T05:03:56.201253+00:00,16580,7744746585050,1920,1200
daheng_sn_FDE23080341,1371,173397531000000,173397531000000,173397531000000,2026-09-05T05:03:56.279338+00:00,16592,7744838802650,1920,1200
directshow_index_1,1384,173397562000000,173397562000000,173397562000000,2026-09-05T05:03:56.287748+00:00,,,640,480
daheng_sn_FDE23080341,1372,173397625000000,173397625000000,173397625000000,2026-09-05T05:03:56.380403+00:00,16604,7744931020250,1920,1200
directshow_index_1,1385,173397656000000,173397656000000,173397656000000,2026-09-05T05:03:56.380999+00:00,,,640,480
daheng_sn_FDE23080341,1373,173397718000000,173397718000000,173397718000000,2026-09-05T05:03:56.468950+00:00,16617,7745030922650,1920,1200
directshow_index_1,1386,173397750000000,173397750000000,173397750000000,2026-09-05T05:03:56.482010+00:00,,,640,480
daheng_sn_FDE23080341,1374,173397812000000,173397812000000,173397812000000,2026-09-05T05:03:56.560300+00:00,16629,7745123140250,1920,1200
directshow_index_1,1387,173397843000000,173397843000000,173397843000000,2026-09-05T05:03:56.566311+00:00,,,640,480
directshow_index_1,1388,173397937000000,173397937000000,173397937000000,2026-09-05T05:03:56.660730+00:00,,,640,480
daheng_sn_FDE23080341,1375,173397906000000,173397906000000,173397906000000,2026-09-05T05:03:56.671810+00:00,16642,7745223042650,1920,1200
directshow_index_1,1389,173398031000000,173398031000000,173398031000000,2026-09-05T05:03:56.759695+00:00,,,640,480
daheng_sn_FDE23080341,1376,173398000000000,173398000000000,173398000000000,2026-09-05T05:03:56.773367+00:00,16654,7745315260250,1920,1200
daheng_sn_FDE23080341,1377,173398093000000,173398093000000,173398093000000,2026-09-05T05:03:56.851043+00:00,16666,7745407477850,1920,1200
directshow_index_1,1390,173398125000000,173398125000000,173398125000000,2026-09-05T05:03:56.852041+00:00,,,640,480
daheng_sn_FDE23080341,1378,173398187000000,173398187000000,173398187000000,2026-09-05T05:03:56.945880+00:00,16678,7745499695450,1920,1200
directshow_index_1,1391,173398218000000,173398218000000,173398218000000,2026-09-05T05:03:56.945880+00:00,,,640,480
directshow_index_1,1392,173398312000000,173398312000000,173398312000000,2026-09-05T05:03:57.035727+00:00,,,640,480
daheng_sn_FDE23080341,1379,173398281000000,173398281000000,173398281000000,2026-09-05T05:03:57.057889+00:00,16690,7745591913050,1920,1200
directshow_index_1,1393,173398406000000,173398406000000,173398406000000,2026-09-05T05:03:57.127242+00:00,,,640,480
daheng_sn_FDE23080341,1380,173398375000000,173398375000000,173398375000000,2026-09-05T05:03:57.135254+00:00,16702,7745684130650,1920,1200
daheng_sn_FDE23080341,1381,173398468000000,173398468000000,173398468000000,2026-09-05T05:03:57.227949+00:00,16715,7745784033050,1920,1200
directshow_index_1,1394,173398500000000,173398500000000,173398500000000,2026-09-05T05:03:57.228506+00:00,,,640,480
daheng_sn_FDE23080341,1382,173398562000000,173398562000000,173398562000000,2026-09-05T05:03:57.318967+00:00,16726,7745868565850,1920,1200
directshow_index_1,1395,173398593000000,173398593000000,173398593000000,2026-09-05T05:03:57.318967+00:00,,,640,480
daheng_sn_FDE23080341,1383,173398656000000,173398656000000,173398656000000,2026-09-05T05:03:57.413419+00:00,16739,7745968468250,1920,1200
directshow_index_1,1396,173398687000000,173398687000000,173398687000000,2026-09-05T05:03:57.413419+00:00,,,640,480
daheng_sn_FDE23080341,1384,173398750000000,173398750000000,173398750000000,2026-09-05T05:03:57.503030+00:00,16751,7746060685850,1920,1200
directshow_index_1,1397,173398781000000,173398781000000,173398781000000,2026-09-05T05:03:57.505032+00:00,,,640,480
daheng_sn_FDE23080341,1385,173398843000000,173398843000000,173398843000000,2026-09-05T05:03:57.604068+00:00,16763,7746152903450,1920,1200
directshow_index_1,1398,173398875000000,173398890000000,173398882500000,2026-09-05T05:03:57.619211+00:00,,,640,480
daheng_sn_FDE23080341,1386,173398937000000,173398937000000,173398937000000,2026-09-05T05:03:57.693417+00:00,16776,7746252805850,1920,1200
directshow_index_1,1399,173398968000000,173398968000000,173398968000000,2026-09-05T05:03:57.693936+00:00,,,640,480
daheng_sn_FDE23080341,1387,173399031000000,173399031000000,173399031000000,2026-09-05T05:03:57.789063+00:00,16788,7746345023450,1920,1200
directshow_index_1,1400,173399062000000,173399062000000,173399062000000,2026-09-05T05:03:57.789063+00:00,,,640,480
daheng_sn_FDE23080341,1388,173399125000000,173399125000000,173399125000000,2026-09-05T05:03:57.879242+00:00,16800,7746437241050,1920,1200
directshow_index_1,1401,173399156000000,173399156000000,173399156000000,2026-09-05T05:03:57.882158+00:00,,,640,480
daheng_sn_FDE23080341,1389,173399218000000,173399218000000,173399218000000,2026-09-05T05:03:57.975191+00:00,16812,7746529458650,1920,1200
directshow_index_1,1402,173399250000000,173399250000000,173399250000000,2026-09-05T05:03:57.975794+00:00,,,640,480
directshow_index_1,1403,173399343000000,173399343000000,173399343000000,2026-09-05T05:03:58.066241+00:00,,,640,480
daheng_sn_FDE23080341,1390,173399312000000,173399312000000,173399312000000,2026-09-05T05:03:58.073840+00:00,16825,7746629361050,1920,1200
directshow_index_1,1404,173399437000000,173399437000000,173399437000000,2026-09-05T05:03:58.159121+00:00,,,640,480
daheng_sn_FDE23080341,1391,173399406000000,173399406000000,173399406000000,2026-09-05T05:03:58.167598+00:00,16837,7746721578650,1920,1200
daheng_sn_FDE23080341,1392,173399500000000,173399500000000,173399500000000,2026-09-05T05:03:58.259256+00:00,16849,7746813796250,1920,1200
directshow_index_1,1405,173399531000000,173399531000000,173399531000000,2026-09-05T05:03:58.259659+00:00,,,640,480
daheng_sn_FDE23080341,1393,173399593000000,173399593000000,173399593000000,2026-09-05T05:03:58.347239+00:00,16861,7746906013850,1920,1200
directshow_index_1,1406,173399625000000,173399625000000,173399625000000,2026-09-05T05:03:58.351954+00:00,,,640,480
daheng_sn_FDE23080341,1394,173399687000000,173399687000000,173399687000000,2026-09-05T05:03:58.444008+00:00,16874,7747005916250,1920,1200
directshow_index_1,1407,173399718000000,173399718000000,173399718000000,2026-09-05T05:03:58.444526+00:00,,,640,480
directshow_index_1,1408,173399812000000,173399812000000,173399812000000,2026-09-05T05:03:58.536766+00:00,,,640,480
daheng_sn_FDE23080341,1395,173399781000000,173399781000000,173399781000000,2026-09-05T05:03:58.542071+00:00,16885,7747090449050,1920,1200
daheng_sn_FDE23080341,1396,173399875000000,173399875000000,173399875000000,2026-09-05T05:03:58.632549+00:00,16898,7747190351450,1920,1200
directshow_index_1,1409,173399906000000,173399906000000,173399906000000,2026-09-05T05:03:58.632549+00:00,,,640,480
daheng_sn_FDE23080341,1397,173399968000000,173399968000000,173399968000000,2026-09-05T05:03:58.737326+00:00,16910,7747282569050,1920,1200
directshow_index_1,1410,173400000000000,173400015000000,173400007500000,2026-09-05T05:03:58.737326+00:00,,,640,480
directshow_index_1,1411,173400093000000,173400093000000,173400093000000,2026-09-05T05:03:58.815018+00:00,,,640,480
daheng_sn_FDE23080341,1398,173400062000000,173400062000000,173400062000000,2026-09-05T05:03:58.824250+00:00,16922,7747374786650,1920,1200
daheng_sn_FDE23080341,1399,173400156000000,173400156000000,173400156000000,2026-09-05T05:03:58.911898+00:00,16934,7747467004250,1920,1200
directshow_index_1,1412,173400187000000,173400187000000,173400187000000,2026-09-05T05:03:58.914015+00:00,,,640,480
daheng_sn_FDE23080341,1400,173400250000000,173400250000000,173400250000000,2026-09-05T05:03:59.008529+00:00,16947,7747566906650,1920,1200
directshow_index_1,1413,173400281000000,173400281000000,173400281000000,2026-09-05T05:03:59.010121+00:00,,,640,480
daheng_sn_FDE23080341,1401,173400343000000,173400343000000,173400343000000,2026-09-05T05:03:59.102521+00:00,16959,7747659124250,1920,1200
directshow_index_1,1414,173400375000000,173400375000000,173400375000000,2026-09-05T05:03:59.103522+00:00,,,640,480
daheng_sn_FDE23080341,1402,173400437000000,173400437000000,173400437000000,2026-09-05T05:03:59.191135+00:00,16971,7747751341850,1920,1200
directshow_index_1,1415,173400468000000,173400468000000,173400468000000,2026-09-05T05:03:59.192134+00:00,,,640,480
directshow_index_1,1416,173400562000000,173400562000000,173400562000000,2026-09-05T05:03:59.287488+00:00,,,640,480
daheng_sn_FDE23080341,1403,173400531000000,173400531000000,173400531000000,2026-09-05T05:03:59.308797+00:00,16983,7747843559450,1920,1200
daheng_sn_FDE23080341,1404,173400625000000,173400625000000,173400625000000,2026-09-05T05:03:59.378825+00:00,16995,7747935777050,1920,1200
directshow_index_1,1417,173400656000000,173400656000000,173400656000000,2026-09-05T05:03:59.378825+00:00,,,640,480
directshow_index_1,1418,173400750000000,173400750000000,173400750000000,2026-09-05T05:03:59.471381+00:00,,,640,480
daheng_sn_FDE23080341,1405,173400718000000,173400718000000,173400718000000,2026-09-05T05:03:59.475732+00:00,17008,7748035679450,1920,1200
daheng_sn_FDE23080341,1406,173400812000000,173400812000000,173400812000000,2026-09-05T05:03:59.571292+00:00,17020,7748127897050,1920,1200
directshow_index_1,1419,173400843000000,173400843000000,173400843000000,2026-09-05T05:03:59.572290+00:00,,,640,480
daheng_sn_FDE23080341,1407,173400906000000,173400906000000,173400906000000,2026-09-05T05:03:59.661285+00:00,17032,7748220114650,1920,1200
directshow_index_1,1420,173400937000000,173400937000000,173400937000000,2026-09-05T05:03:59.664445+00:00,,,640,480
daheng_sn_FDE23080341,1408,173401000000000,173401000000000,173401000000000,2026-09-05T05:03:59.759677+00:00,17044,7748312332250,1920,1200
directshow_index_1,1421,173401031000000,173401031000000,173401031000000,2026-09-05T05:03:59.760682+00:00,,,640,480
directshow_index_1,1422,173401125000000,173401125000000,173401125000000,2026-09-05T05:03:59.852008+00:00,,,640,480
daheng_sn_FDE23080341,1409,173401093000000,173401109000000,173401101000000,2026-09-05T05:03:59.863010+00:00,17056,7748404549850,1920,1200
daheng_sn_FDE23080341,1410,173401187000000,173401187000000,173401187000000,2026-09-05T05:03:59.946197+00:00,17068,7748496767450,1920,1200
directshow_index_1,1423,173401218000000,173401218000000,173401218000000,2026-09-05T05:03:59.950389+00:00,,,640,480
directshow_index_1,1424,173401312000000,173401312000000,173401312000000,2026-09-05T05:04:00.035748+00:00,,,640,480
daheng_sn_FDE23080341,1411,173401281000000,173401281000000,173401281000000,2026-09-05T05:04:00.039748+00:00,17081,7748596669850,1920,1200
daheng_sn_FDE23080341,1412,173401375000000,173401375000000,173401375000000,2026-09-05T05:04:00.129357+00:00,17093,7748688887450,1920,1200
directshow_index_1,1425,173401406000000,173401406000000,173401406000000,2026-09-05T05:04:00.130364+00:00,,,640,480
daheng_sn_FDE23080341,1413,173401468000000,173401468000000,173401468000000,2026-09-05T05:04:00.223052+00:00,17105,7748781105050,1920,1200
directshow_index_1,1426,173401500000000,173401500000000,173401500000000,2026-09-05T05:04:00.224049+00:00,,,640,480
directshow_index_1,1427,173401593000000,173401593000000,173401593000000,2026-09-05T05:04:00.315733+00:00,,,640,480
daheng_sn_FDE23080341,1414,173401562000000,173401562000000,173401562000000,2026-09-05T05:04:00.323846+00:00,17117,7748873322650,1920,1200
directshow_index_1,1428,173401687000000,173401687000000,173401687000000,2026-09-05T05:04:00.414496+00:00,,,640,480
daheng_sn_FDE23080341,1415,173401656000000,173401656000000,173401656000000,2026-09-05T05:04:00.435370+00:00,17129,7748965540250,1920,1200
daheng_sn_FDE23080341,1416,173401750000000,173401750000000,173401750000000,2026-09-05T05:04:00.503371+00:00,17142,7749065442650,1920,1200
directshow_index_1,1429,173401781000000,173401781000000,173401781000000,2026-09-05T05:04:00.506807+00:00,,,640,480
daheng_sn_FDE23080341,1417,173401843000000,173401843000000,173401843000000,2026-09-05T05:04:00.601684+00:00,17154,7749157660250,1920,1200
directshow_index_1,1430,173401875000000,173401875000000,173401875000000,2026-09-05T05:04:00.602308+00:00,,,640,480
daheng_sn_FDE23080341,1418,173401937000000,173401937000000,173401937000000,2026-09-05T05:04:00.690864+00:00,17166,7749249877850,1920,1200
directshow_index_1,1431,173401968000000,173401968000000,173401968000000,2026-09-05T05:04:00.694984+00:00,,,640,480
daheng_sn_FDE23080341,1419,173402031000000,173402031000000,173402031000000,2026-09-05T05:04:00.790369+00:00,17178,7749342095450,1920,1200
directshow_index_1,1432,173402062000000,173402062000000,173402062000000,2026-09-05T05:04:00.790878+00:00,,,640,480
daheng_sn_FDE23080341,1420,173402125000000,173402125000000,173402125000000,2026-09-05T05:04:00.878806+00:00,17192,7749449682650,1920,1200
directshow_index_1,1433,173402156000000,173402156000000,173402156000000,2026-09-05T05:04:00.878806+00:00,,,640,480
daheng_sn_FDE23080341,1421,173402218000000,173402218000000,173402218000000,2026-09-05T05:04:00.985026+00:00,17203,7749534215450,1920,1200
directshow_index_1,1434,173402250000000,173402265000000,173402257500000,2026-09-05T05:04:00.991483+00:00,,,640,480
daheng_sn_FDE23080341,1422,173402312000000,173402312000000,173402312000000,2026-09-05T05:04:01.068138+00:00,17215,7749626433050,1920,1200
directshow_index_1,1435,173402343000000,173402343000000,173402343000000,2026-09-05T05:04:01.069144+00:00,,,640,480
directshow_index_1,1436,173402437000000,173402437000000,173402437000000,2026-09-05T05:04:01.160639+00:00,,,640,480
daheng_sn_FDE23080341,1423,173402406000000,173402406000000,173402406000000,2026-09-05T05:04:01.166639+00:00,17227,7749718650650,1920,1200
daheng_sn_FDE23080341,1424,173402500000000,173402500000000,173402500000000,2026-09-05T05:04:01.259868+00:00,17239,7749810868250,1920,1200
directshow_index_1,1437,173402531000000,173402531000000,173402531000000,2026-09-05T05:04:01.260877+00:00,,,640,480
daheng_sn_FDE23080341,1425,173402593000000,173402593000000,173402593000000,2026-09-05T05:04:01.347774+00:00,17252,7749910770650,1920,1200
directshow_index_1,1438,173402625000000,173402625000000,173402625000000,2026-09-05T05:04:01.347774+00:00,,,640,480
daheng_sn_FDE23080341,1426,173402687000000,173402687000000,173402687000000,2026-09-05T05:04:01.446245+00:00,17264,7750002988250,1920,1200
directshow_index_1,1439,173402718000000,173402718000000,173402718000000,2026-09-05T05:04:01.446245+00:00,,,640,480
daheng_sn_FDE23080341,1427,173402781000000,173402781000000,173402781000000,2026-09-05T05:04:01.534873+00:00,17276,7750095205850,1920,1200
directshow_index_1,1440,173402812000000,173402812000000,173402812000000,2026-09-05T05:04:01.534873+00:00,,,640,480
daheng_sn_FDE23080341,1428,173402875000000,173402875000000,173402875000000,2026-09-05T05:04:01.628021+00:00,17288,7750187423450,1920,1200
directshow_index_1,1441,173402906000000,173402906000000,173402906000000,2026-09-05T05:04:01.632020+00:00,,,640,480
daheng_sn_FDE23080341,1429,173402968000000,173402968000000,173402968000000,2026-09-05T05:04:01.740669+00:00,17300,7750279641050,1920,1200
directshow_index_1,1442,173403000000000,173403015000000,173403007500000,2026-09-05T05:04:01.741245+00:00,,,640,480
daheng_sn_FDE23080341,1430,173403062000000,173403062000000,173403062000000,2026-09-05T05:04:01.813543+00:00,17313,7750379543450,1920,1200
directshow_index_1,1443,173403093000000,173403093000000,173403093000000,2026-09-05T05:04:01.816330+00:00,,,640,480
daheng_sn_FDE23080341,1431,173403156000000,173403156000000,173403156000000,2026-09-05T05:04:01.909542+00:00,17324,7750464076250,1920,1200
directshow_index_1,1444,173403187000000,173403187000000,173403187000000,2026-09-05T05:04:01.909542+00:00,,,640,480
daheng_sn_FDE23080341,1432,173403250000000,173403250000000,173403250000000,2026-09-05T05:04:02.001471+00:00,17337,7750563978650,1920,1200
directshow_index_1,1445,173403281000000,173403281000000,173403281000000,2026-09-05T05:04:02.001471+00:00,,,640,480
daheng_sn_FDE23080341,1433,173403343000000,173403343000000,173403343000000,2026-09-05T05:04:02.106909+00:00,17349,7750656196250,1920,1200
directshow_index_1,1446,173403375000000,173403375000000,173403375000000,2026-09-05T05:04:02.107413+00:00,,,640,480
daheng_sn_FDE23080341,1434,173403437000000,173403437000000,173403437000000,2026-09-05T05:04:02.189919+00:00,17362,7750756098650,1920,1200
directshow_index_1,1447,173403468000000,173403468000000,173403468000000,2026-09-05T05:04:02.193920+00:00,,,640,480
directshow_index_1,1448,173403562000000,173403562000000,173403562000000,2026-09-05T05:04:02.287723+00:00,,,640,480
daheng_sn_FDE23080341,1435,173403531000000,173403531000000,173403531000000,2026-09-05T05:04:02.303262+00:00,17373,7750840631450,1920,1200
directshow_index_1,1449,173403656000000,173403656000000,173403656000000,2026-09-05T05:04:02.381666+00:00,,,640,480
daheng_sn_FDE23080341,1436,173403625000000,173403625000000,173403625000000,2026-09-05T05:04:02.401276+00:00,17386,7750940533850,1920,1200
directshow_index_1,1450,173403750000000,173403750000000,173403750000000,2026-09-05T05:04:02.477588+00:00,,,640,480
daheng_sn_FDE23080341,1437,173403718000000,173403718000000,173403718000000,2026-09-05T05:04:02.493615+00:00,17398,7751032751450,1920,1200
daheng_sn_FDE23080341,1438,173403812000000,173403812000000,173403812000000,2026-09-05T05:04:02.571716+00:00,17410,7751124969050,1920,1200
directshow_index_1,1451,173403843000000,173403843000000,173403843000000,2026-09-05T05:04:02.571716+00:00,,,640,480
directshow_index_1,1452,173403937000000,173403937000000,173403937000000,2026-09-05T05:04:02.668397+00:00,,,640,480
daheng_sn_FDE23080341,1439,173403906000000,173403906000000,173403906000000,2026-09-05T05:04:02.680923+00:00,17422,7751217186650,1920,1200
directshow_index_1,1453,173404031000000,173404031000000,173404031000000,2026-09-05T05:04:02.754917+00:00,,,640,480
daheng_sn_FDE23080341,1440,173404000000000,173404000000000,173404000000000,2026-09-05T05:04:02.765913+00:00,17434,7751309404250,1920,1200
directshow_index_1,1454,173404125000000,173404125000000,173404125000000,2026-09-05T05:04:02.848620+00:00,,,640,480
daheng_sn_FDE23080341,1441,173404093000000,173404093000000,173404093000000,2026-09-05T05:04:02.855630+00:00,17446,7751401621850,1920,1200
directshow_index_1,1455,173404218000000,173404218000000,173404218000000,2026-09-05T05:04:02.940465+00:00,,,640,480
daheng_sn_FDE23080341,1442,173404187000000,173404187000000,173404187000000,2026-09-05T05:04:02.951790+00:00,17459,7751501524250,1920,1200
directshow_index_1,1456,173404312000000,173404312000000,173404312000000,2026-09-05T05:04:03.036877+00:00,,,640,480
daheng_sn_FDE23080341,1443,173404281000000,173404281000000,173404281000000,2026-09-05T05:04:03.046674+00:00,17471,7751593741850,1920,1200
directshow_index_1,1457,173404406000000,173404406000000,173404406000000,2026-09-05T05:04:03.127792+00:00,,,640,480
daheng_sn_FDE23080341,1444,173404375000000,173404375000000,173404375000000,2026-09-05T05:04:03.137792+00:00,17483,7751685959450,1920,1200
directshow_index_1,1458,173404500000000,173404500000000,173404500000000,2026-09-05T05:04:03.230892+00:00,,,640,480
daheng_sn_FDE23080341,1445,173404468000000,173404484000000,173404476000000,2026-09-05T05:04:03.247180+00:00,17495,7751778177050,1920,1200
daheng_sn_FDE23080341,1446,173404562000000,173404562000000,173404562000000,2026-09-05T05:04:03.319921+00:00,17508,7751878079450,1920,1200
directshow_index_1,1459,173404593000000,173404593000000,173404593000000,2026-09-05T05:04:03.320925+00:00,,,640,480
daheng_sn_FDE23080341,1447,173404656000000,173404656000000,173404656000000,2026-09-05T05:04:03.416340+00:00,17520,7751970297050,1920,1200
directshow_index_1,1460,173404687000000,173404687000000,173404687000000,2026-09-05T05:04:03.416340+00:00,,,640,480
directshow_index_1,1461,173404781000000,173404781000000,173404781000000,2026-09-05T05:04:03.507023+00:00,,,640,480
daheng_sn_FDE23080341,1448,173404750000000,173404750000000,173404750000000,2026-09-05T05:04:03.523541+00:00,17532,7752062514650,1920,1200
directshow_index_1,1462,173404875000000,173404875000000,173404875000000,2026-09-05T05:04:03.601425+00:00,,,640,480
daheng_sn_FDE23080341,1449,173404843000000,173404843000000,173404843000000,2026-09-05T05:04:03.621797+00:00,17544,7752154732250,1920,1200
daheng_sn_FDE23080341,1450,173404937000000,173404937000000,173404937000000,2026-09-05T05:04:03.694580+00:00,17556,7752246949850,1920,1200
directshow_index_1,1463,173404968000000,173404968000000,173404968000000,2026-09-05T05:04:03.697578+00:00,,,640,480
directshow_index_1,1464,173405062000000,173405062000000,173405062000000,2026-09-05T05:04:03.786547+00:00,,,640,480
daheng_sn_FDE23080341,1451,173405031000000,173405031000000,173405031000000,2026-09-05T05:04:03.794563+00:00,17569,7752346852250,1920,1200
daheng_sn_FDE23080341,1452,173405125000000,173405125000000,173405125000000,2026-09-05T05:04:03.885774+00:00,17581,7752439069850,1920,1200
directshow_index_1,1465,173405156000000,173405156000000,173405156000000,2026-09-05T05:04:03.886775+00:00,,,640,480
directshow_index_1,1466,173405250000000,173405250000000,173405250000000,2026-09-05T05:04:03.972315+00:00,,,640,480
daheng_sn_FDE23080341,1453,173405218000000,173405218000000,173405218000000,2026-09-05T05:04:03.980314+00:00,17593,7752531287450,1920,1200
directshow_index_1,1467,173405343000000,173405343000000,173405343000000,2026-09-05T05:04:04.070680+00:00,,,640,480
daheng_sn_FDE23080341,1454,173405312000000,173405312000000,173405312000000,2026-09-05T05:04:04.077006+00:00,17605,7752623505050,1920,1200
daheng_sn_FDE23080341,1455,173405406000000,173405406000000,173405406000000,2026-09-05T05:04:04.166649+00:00,17617,7752715722650,1920,1200
directshow_index_1,1468,173405437000000,173405437000000,173405437000000,2026-09-05T05:04:04.166649+00:00,,,640,480
directshow_index_1,1469,173405531000000,173405531000000,173405531000000,2026-09-05T05:04:04.251548+00:00,,,640,480
daheng_sn_FDE23080341,1456,173405500000000,173405500000000,173405500000000,2026-09-05T05:04:04.260555+00:00,17631,7752823309850,1920,1200
daheng_sn_FDE23080341,1457,173405593000000,173405593000000,173405593000000,2026-09-05T05:04:04.360853+00:00,17642,7752907842650,1920,1200
directshow_index_1,1470,173405625000000,173405640000000,173405632500000,2026-09-05T05:04:04.365900+00:00,,,640,480
daheng_sn_FDE23080341,1458,173405687000000,173405687000000,173405687000000,2026-09-05T05:04:04.447864+00:00,17654,7753000060250,1920,1200
directshow_index_1,1471,173405718000000,173405718000000,173405718000000,2026-09-05T05:04:04.448866+00:00,,,640,480
directshow_index_1,1472,173405812000000,173405812000000,173405812000000,2026-09-05T05:04:04.536293+00:00,,,640,480
daheng_sn_FDE23080341,1459,173405781000000,173405781000000,173405781000000,2026-09-05T05:04:04.545604+00:00,17666,7753092277850,1920,1200
directshow_index_1,1473,173405906000000,173405906000000,173405906000000,2026-09-05T05:04:04.627911+00:00,,,640,480
daheng_sn_FDE23080341,1460,173405875000000,173405875000000,173405875000000,2026-09-05T05:04:04.641456+00:00,17679,7753192180250,1920,1200
directshow_index_1,1474,173406000000000,173406000000000,173406000000000,2026-09-05T05:04:04.721337+00:00,,,640,480
daheng_sn_FDE23080341,1461,173405968000000,173405968000000,173405968000000,2026-09-05T05:04:04.731342+00:00,17690,7753276713050,1920,1200
directshow_index_1,1475,173406093000000,173406093000000,173406093000000,2026-09-05T05:04:04.819551+00:00,,,640,480
daheng_sn_FDE23080341,1462,173406062000000,173406062000000,173406062000000,2026-09-05T05:04:04.830560+00:00,17703,7753376615450,1920,1200
directshow_index_1,1476,173406187000000,173406187000000,173406187000000,2026-09-05T05:04:04.914014+00:00,,,640,480
daheng_sn_FDE23080341,1463,173406156000000,173406156000000,173406156000000,2026-09-05T05:04:04.926808+00:00,17715,7753468833050,1920,1200
directshow_index_1,1477,173406281000000,173406281000000,173406281000000,2026-09-05T05:04:05.006557+00:00,,,640,480
daheng_sn_FDE23080341,1464,173406250000000,173406250000000,173406250000000,2026-09-05T05:04:05.027242+00:00,17727,7753561050650,1920,1200
directshow_index_1,1478,173406375000000,173406375000000,173406375000000,2026-09-05T05:04:05.103060+00:00,,,640,480
daheng_sn_FDE23080341,1465,173406343000000,173406343000000,173406343000000,2026-09-05T05:04:05.130772+00:00,17740,7753660953050,1920,1200
directshow_index_1,1479,173406468000000,173406468000000,173406468000000,2026-09-05T05:04:05.192771+00:00,,,640,480
daheng_sn_FDE23080341,1466,173406437000000,173406437000000,173406437000000,2026-09-05T05:04:05.217707+00:00,17751,7753745485850,1920,1200
directshow_index_1,1480,173406562000000,173406562000000,173406562000000,2026-09-05T05:04:05.287691+00:00,,,640,480
daheng_sn_FDE23080341,1467,173406531000000,173406531000000,173406531000000,2026-09-05T05:04:05.301479+00:00,17764,7753845388250,1920,1200
daheng_sn_FDE23080341,1468,173406625000000,173406625000000,173406625000000,2026-09-05T05:04:05.383429+00:00,17776,7753937605850,1920,1200
directshow_index_1,1481,173406656000000,173406656000000,173406656000000,2026-09-05T05:04:05.384130+00:00,,,640,480
daheng_sn_FDE23080341,1469,173406718000000,173406718000000,173406718000000,2026-09-05T05:04:05.477737+00:00,17788,7754029823450,1920,1200
directshow_index_1,1482,173406750000000,173406750000000,173406750000000,2026-09-05T05:04:05.477737+00:00,,,640,480
directshow_index_1,1483,173406843000000,173406843000000,173406843000000,2026-09-05T05:04:05.565011+00:00,,,640,480
daheng_sn_FDE23080341,1470,173406812000000,173406812000000,173406812000000,2026-09-05T05:04:05.571596+00:00,17801,7754129725850,1920,1200
daheng_sn_FDE23080341,1471,173406906000000,173406906000000,173406906000000,2026-09-05T05:04:05.665996+00:00,17813,7754221943450,1920,1200
directshow_index_1,1484,173406937000000,173406937000000,173406937000000,2026-09-05T05:04:05.665996+00:00,,,640,480
daheng_sn_FDE23080341,1472,173407000000000,173407000000000,173407000000000,2026-09-05T05:04:05.758651+00:00,17825,7754314161050,1920,1200
directshow_index_1,1485,173407031000000,173407031000000,173407031000000,2026-09-05T05:04:05.758651+00:00,,,640,480
directshow_index_1,1486,173407125000000,173407125000000,173407125000000,2026-09-05T05:04:05.849075+00:00,,,640,480
daheng_sn_FDE23080341,1473,173407093000000,173407093000000,173407093000000,2026-09-05T05:04:05.865087+00:00,17838,7754414063450,1920,1200
daheng_sn_FDE23080341,1474,173407187000000,173407187000000,173407187000000,2026-09-05T05:04:05.945436+00:00,17849,7754498596250,1920,1200
directshow_index_1,1487,173407218000000,173407218000000,173407218000000,2026-09-05T05:04:05.945436+00:00,,,640,480
daheng_sn_FDE23080341,1475,173407281000000,173407281000000,173407281000000,2026-09-05T05:04:06.038534+00:00,17862,7754598498650,1920,1200
directshow_index_1,1488,173407312000000,173407312000000,173407312000000,2026-09-05T05:04:06.038534+00:00,,,640,480
directshow_index_1,1489,173407406000000,173407406000000,173407406000000,2026-09-05T05:04:06.126517+00:00,,,640,480
daheng_sn_FDE23080341,1476,173407375000000,173407390000000,173407382500000,2026-09-05T05:04:06.145932+00:00,17874,7754690716250,1920,1200
daheng_sn_FDE23080341,1477,173407468000000,173407468000000,173407468000000,2026-09-05T05:04:06.220444+00:00,17886,7754782933850,1920,1200
directshow_index_1,1490,173407500000000,173407500000000,173407500000000,2026-09-05T05:04:06.225681+00:00,,,640,480
daheng_sn_FDE23080341,1478,173407562000000,173407562000000,173407562000000,2026-09-05T05:04:06.318706+00:00,17898,7754875151450,1920,1200
directshow_index_1,1491,173407593000000,173407593000000,173407593000000,2026-09-05T05:04:06.319705+00:00,,,640,480
daheng_sn_FDE23080341,1479,173407656000000,173407656000000,173407656000000,2026-09-05T05:04:06.416038+00:00,17910,7754967369050,1920,1200
directshow_index_1,1492,173407687000000,173407687000000,173407687000000,2026-09-05T05:04:06.417147+00:00,,,640,480
daheng_sn_FDE23080341,1480,173407750000000,173407750000000,173407750000000,2026-09-05T05:04:06.505755+00:00,17922,7755059586650,1920,1200
directshow_index_1,1493,173407781000000,173407781000000,173407781000000,2026-09-05T05:04:06.506397+00:00,,,640,480
daheng_sn_FDE23080341,1481,173407843000000,173407843000000,173407843000000,2026-09-05T05:04:06.600272+00:00,17934,7755151804250,1920,1200
directshow_index_1,1494,173407875000000,173407875000000,173407875000000,2026-09-05T05:04:06.600872+00:00,,,640,480
directshow_index_1,1495,173407968000000,173407968000000,173407968000000,2026-09-05T05:04:06.690556+00:00,,,640,480
daheng_sn_FDE23080341,1482,173407937000000,173407937000000,173407937000000,2026-09-05T05:04:06.711644+00:00,17947,7755251706650,1920,1200
directshow_index_1,1496,173408062000000,173408062000000,173408062000000,2026-09-05T05:04:06.784635+00:00,,,640,480
daheng_sn_FDE23080341,1483,173408031000000,173408031000000,173408031000000,2026-09-05T05:04:06.790635+00:00,17959,7755343924250,1920,1200
directshow_index_1,1497,173408156000000,173408156000000,173408156000000,2026-09-05T05:04:06.876944+00:00,,,640,480
daheng_sn_FDE23080341,1484,173408125000000,173408125000000,173408125000000,2026-09-05T05:04:06.883952+00:00,17971,7755436141850,1920,1200
directshow_index_1,1498,173408250000000,173408250000000,173408250000000,2026-09-05T05:04:06.970864+00:00,,,640,480
daheng_sn_FDE23080341,1485,173408218000000,173408218000000,173408218000000,2026-09-05T05:04:06.976320+00:00,17983,7755528359450,1920,1200
daheng_sn_FDE23080341,1486,173408312000000,173408312000000,173408312000000,2026-09-05T05:04:07.072188+00:00,17996,7755628261850,1920,1200
directshow_index_1,1499,173408343000000,173408343000000,173408343000000,2026-09-05T05:04:07.072188+00:00,,,640,480
daheng_sn_FDE23080341,1487,173408406000000,173408406000000,173408406000000,2026-09-05T05:04:07.160806+00:00,18008,7755720479450,1920,1200
directshow_index_1,1500,173408437000000,173408437000000,173408437000000,2026-09-05T05:04:07.160806+00:00,,,640,480
daheng_sn_FDE23080341,1488,173408500000000,173408500000000,173408500000000,2026-09-05T05:04:07.270702+00:00,18020,7755812697050,1920,1200
directshow_index_1,1501,173408531000000,173408531000000,173408531000000,2026-09-05T05:04:07.272714+00:00,,,640,480
directshow_index_1,1502,173408625000000,173408625000000,173408625000000,2026-09-05T05:04:07.345855+00:00,,,640,480
daheng_sn_FDE23080341,1489,173408593000000,173408593000000,173408593000000,2026-09-05T05:04:07.349855+00:00,18032,7755904914650,1920,1200
directshow_index_1,1503,173408718000000,173408718000000,173408718000000,2026-09-05T05:04:07.439661+00:00,,,640,480
daheng_sn_FDE23080341,1490,173408687000000,173408687000000,173408687000000,2026-09-05T05:04:07.449658+00:00,18044,7755997132250,1920,1200
daheng_sn_FDE23080341,1491,173408781000000,173408781000000,173408781000000,2026-09-05T05:04:07.538266+00:00,18057,7756097034650,1920,1200
directshow_index_1,1504,173408812000000,173408812000000,173408812000000,2026-09-05T05:04:07.538266+00:00,,,640,480
daheng_sn_FDE23080341,1492,173408875000000,173408875000000,173408875000000,2026-09-05T05:04:07.624866+00:00,18069,7756189252250,1920,1200
directshow_index_1,1505,173408906000000,173408906000000,173408906000000,2026-09-05T05:04:07.630865+00:00,,,640,480
daheng_sn_FDE23080341,1493,173408968000000,173408968000000,173408968000000,2026-09-05T05:04:07.721998+00:00,18081,7756281469850,1920,1200
directshow_index_1,1506,173409000000000,173409000000000,173409000000000,2026-09-05T05:04:07.725158+00:00,,,640,480
daheng_sn_FDE23080341,1494,173409062000000,173409062000000,173409062000000,2026-09-05T05:04:07.820605+00:00,18093,7756373687450,1920,1200
directshow_index_1,1507,173409093000000,173409109000000,173409101000000,2026-09-05T05:04:07.831847+00:00,,,640,480
daheng_sn_FDE23080341,1495,173409156000000,173409156000000,173409156000000,2026-09-05T05:04:07.906980+00:00,18106,7756473589850,1920,1200
directshow_index_1,1508,173409187000000,173409187000000,173409187000000,2026-09-05T05:04:07.909977+00:00,,,640,480
directshow_index_1,1509,173409281000000,173409281000000,173409281000000,2026-09-05T05:04:08.003318+00:00,,,640,480
daheng_sn_FDE23080341,1496,173409250000000,173409250000000,173409250000000,2026-09-05T05:04:08.020845+00:00,18118,7756565807450,1920,1200
daheng_sn_FDE23080341,1497,173409343000000,173409343000000,173409343000000,2026-09-05T05:04:08.094408+00:00,18130,7756658025050,1920,1200
directshow_index_1,1510,173409375000000,173409375000000,173409375000000,2026-09-05T05:04:08.099922+00:00,,,640,480
daheng_sn_FDE23080341,1498,173409437000000,173409437000000,173409437000000,2026-09-05T05:04:08.184718+00:00,18142,7756750242650,1920,1200
directshow_index_1,1511,173409468000000,173409468000000,173409468000000,2026-09-05T05:04:08.192718+00:00,,,640,480
daheng_sn_FDE23080341,1499,173409531000000,173409531000000,173409531000000,2026-09-05T05:04:08.283973+00:00,18154,7756842460250,1920,1200
directshow_index_1,1512,173409562000000,173409562000000,173409562000000,2026-09-05T05:04:08.284972+00:00,,,640,480
directshow_index_1,1513,173409656000000,173409656000000,173409656000000,2026-09-05T05:04:08.382148+00:00,,,640,480
daheng_sn_FDE23080341,1500,173409625000000,173409640000000,173409632500000,2026-09-05T05:04:08.394854+00:00,18166,7756934677850,1920,1200
directshow_index_1,1514,173409750000000,173409750000000,173409750000000,2026-09-05T05:04:08.472344+00:00,,,640,480
daheng_sn_FDE23080341,1501,173409718000000,173409718000000,173409718000000,2026-09-05T05:04:08.490544+00:00,18179,7757034580250,1920,1200
directshow_index_1,1515,173409843000000,173409843000000,173409843000000,2026-09-05T05:04:08.566086+00:00,,,640,480
daheng_sn_FDE23080341,1502,173409812000000,173409812000000,173409812000000,2026-09-05T05:04:08.574086+00:00,18191,7757126797850,1920,1200
directshow_index_1,1516,173409937000000,173409937000000,173409937000000,2026-09-05T05:04:08.663076+00:00,,,640,480
daheng_sn_FDE23080341,1503,173409906000000,173409906000000,173409906000000,2026-09-05T05:04:08.677097+00:00,18203,7757219015450,1920,1200
directshow_index_1,1517,173410031000000,173410031000000,173410031000000,2026-09-05T05:04:08.756615+00:00,,,640,480
daheng_sn_FDE23080341,1504,173410000000000,173410000000000,173410000000000,2026-09-05T05:04:08.762616+00:00,18215,7757311233050,1920,1200
directshow_index_1,1518,173410125000000,173410125000000,173410125000000,2026-09-05T05:04:08.852801+00:00,,,640,480
daheng_sn_FDE23080341,1505,173410093000000,173410093000000,173410093000000,2026-09-05T05:04:08.866561+00:00,18227,7757403450650,1920,1200
directshow_index_1,1519,173410218000000,173410218000000,173410218000000,2026-09-05T05:04:08.946865+00:00,,,640,480
daheng_sn_FDE23080341,1506,173410187000000,173410187000000,173410187000000,2026-09-05T05:04:08.981027+00:00,18239,7757495668250,1920,1200
directshow_index_1,1520,173410312000000,173410312000000,173410312000000,2026-09-05T05:04:09.037827+00:00,,,640,480
daheng_sn_FDE23080341,1507,173410281000000,173410281000000,173410281000000,2026-09-05T05:04:09.041827+00:00,18252,7757595570650,1920,1200
directshow_index_1,1521,173410406000000,173410406000000,173410406000000,2026-09-05T05:04:09.133412+00:00,,,640,480
daheng_sn_FDE23080341,1508,173410375000000,173410375000000,173410375000000,2026-09-05T05:04:09.150421+00:00,18264,7757687788250,1920,1200
daheng_sn_FDE23080341,1509,173410468000000,173410468000000,173410468000000,2026-09-05T05:04:09.229378+00:00,18276,7757780005850,1920,1200
directshow_index_1,1522,173410500000000,173410500000000,173410500000000,2026-09-05T05:04:09.230378+00:00,,,640,480
directshow_index_1,1523,173410593000000,173410593000000,173410593000000,2026-09-05T05:04:09.314649+00:00,,,640,480
daheng_sn_FDE23080341,1510,173410562000000,173410562000000,173410562000000,2026-09-05T05:04:09.320648+00:00,18289,7757879908250,1920,1200
daheng_sn_FDE23080341,1511,173410656000000,173410656000000,173410656000000,2026-09-05T05:04:09.418602+00:00,18301,7757972125850,1920,1200
directshow_index_1,1524,173410687000000,173410687000000,173410687000000,2026-09-05T05:04:09.418602+00:00,,,640,480
directshow_index_1,1525,173410781000000,173410781000000,173410781000000,2026-09-05T05:04:09.505886+00:00,,,640,480
daheng_sn_FDE23080341,1512,173410750000000,173410750000000,173410750000000,2026-09-05T05:04:09.525400+00:00,18313,7758064343450,1920,1200
directshow_index_1,1526,173410875000000,173410875000000,173410875000000,2026-09-05T05:04:09.597606+00:00,,,640,480
daheng_sn_FDE23080341,1513,173410843000000,173410843000000,173410843000000,2026-09-05T05:04:09.606622+00:00,18325,7758156561050,1920,1200
directshow_index_1,1527,173410968000000,173410968000000,173410968000000,2026-09-05T05:04:09.689058+00:00,,,640,480
daheng_sn_FDE23080341,1514,173410937000000,173410937000000,173410937000000,2026-09-05T05:04:09.704963+00:00,18337,7758248778650,1920,1200
directshow_index_1,1528,173411062000000,173411062000000,173411062000000,2026-09-05T05:04:09.787318+00:00,,,640,480
daheng_sn_FDE23080341,1515,173411031000000,173411031000000,173411031000000,2026-09-05T05:04:09.792898+00:00,18349,7758340996250,1920,1200
directshow_index_1,1529,173411156000000,173411156000000,173411156000000,2026-09-05T05:04:09.880290+00:00,,,640,480
daheng_sn_FDE23080341,1516,173411125000000,173411125000000,173411125000000,2026-09-05T05:04:09.889765+00:00,18362,7758440898650,1920,1200
directshow_index_1,1530,173411250000000,173411250000000,173411250000000,2026-09-05T05:04:09.976295+00:00,,,640,480
daheng_sn_FDE23080341,1517,173411218000000,173411218000000,173411218000000,2026-09-05T05:04:09.983294+00:00,18374,7758533116250,1920,1200
directshow_index_1,1531,173411343000000,173411343000000,173411343000000,2026-09-05T05:04:10.066290+00:00,,,640,480
daheng_sn_FDE23080341,1518,173411312000000,173411312000000,173411312000000,2026-09-05T05:04:10.085659+00:00,18386,7758625333850,1920,1200
daheng_sn_FDE23080341,1519,173411406000000,173411406000000,173411406000000,2026-09-05T05:04:10.162244+00:00,18398,7758717551450,1920,1200
directshow_index_1,1532,173411437000000,173411437000000,173411437000000,2026-09-05T05:04:10.162244+00:00,,,640,480
daheng_sn_FDE23080341,1520,173411500000000,173411500000000,173411500000000,2026-09-05T05:04:10.252824+00:00,18411,7758817453850,1920,1200
directshow_index_1,1533,173411531000000,173411531000000,173411531000000,2026-09-05T05:04:10.254432+00:00,,,640,480
directshow_index_1,1534,173411625000000,173411625000000,173411625000000,2026-09-05T05:04:10.346351+00:00,,,640,480
daheng_sn_FDE23080341,1521,173411593000000,173411593000000,173411593000000,2026-09-05T05:04:10.364532+00:00,18423,7758909671450,1920,1200
daheng_sn_FDE23080341,1522,173411687000000,173411687000000,173411687000000,2026-09-05T05:04:10.438958+00:00,18435,7759001889050,1920,1200
directshow_index_1,1535,173411718000000,173411718000000,173411718000000,2026-09-05T05:04:10.439548+00:00,,,640,480
daheng_sn_FDE23080341,1523,173411781000000,173411781000000,173411781000000,2026-09-05T05:04:10.533980+00:00,18447,7759094106650,1920,1200
directshow_index_1,1536,173411812000000,173411812000000,173411812000000,2026-09-05T05:04:10.536986+00:00,,,640,480
daheng_sn_FDE23080341,1524,173411875000000,173411875000000,173411875000000,2026-09-05T05:04:10.638999+00:00,18460,7759194009050,1920,1200
directshow_index_1,1537,173411906000000,173411906000000,173411906000000,2026-09-05T05:04:10.638999+00:00,,,640,480
directshow_index_1,1538,173412000000000,173412000000000,173412000000000,2026-09-05T05:04:10.724271+00:00,,,640,480
daheng_sn_FDE23080341,1525,173411968000000,173411968000000,173411968000000,2026-09-05T05:04:10.735413+00:00,18472,7759286226650,1920,1200
daheng_sn_FDE23080341,1526,173412062000000,173412062000000,173412062000000,2026-09-05T05:04:10.820762+00:00,18484,7759378444250,1920,1200
directshow_index_1,1539,173412093000000,173412093000000,173412093000000,2026-09-05T05:04:10.821760+00:00,,,640,480
daheng_sn_FDE23080341,1527,173412156000000,173412156000000,173412156000000,2026-09-05T05:04:10.910894+00:00,18496,7759470661850,1920,1200
directshow_index_1,1540,173412187000000,173412187000000,173412187000000,2026-09-05T05:04:10.911498+00:00,,,640,480
daheng_sn_FDE23080341,1528,173412250000000,173412250000000,173412250000000,2026-09-05T05:04:11.008332+00:00,18508,7759562879450,1920,1200
directshow_index_1,1541,173412281000000,173412281000000,173412281000000,2026-09-05T05:04:11.008894+00:00,,,640,480
daheng_sn_FDE23080341,1529,173412343000000,173412343000000,173412343000000,2026-09-05T05:04:11.099288+00:00,18521,7759662781850,1920,1200
directshow_index_1,1542,173412375000000,173412375000000,173412375000000,2026-09-05T05:04:11.100931+00:00,,,640,480
daheng_sn_FDE23080341,1530,173412437000000,173412437000000,173412437000000,2026-09-05T05:04:11.210727+00:00,18532,7759747314650,1920,1200
directshow_index_1,1543,173412468000000,173412468000000,173412468000000,2026-09-05T05:04:11.214177+00:00,,,640,480
directshow_index_1,1544,173412562000000,173412562000000,173412562000000,2026-09-05T05:04:11.286728+00:00,,,640,480
daheng_sn_FDE23080341,1531,173412531000000,173412531000000,173412531000000,2026-09-05T05:04:11.292729+00:00,18544,7759839532250,1920,1200
daheng_sn_FDE23080341,1532,173412625000000,173412625000000,173412625000000,2026-09-05T05:04:11.380684+00:00,18557,7759939434650,1920,1200
directshow_index_1,1545,173412656000000,173412656000000,173412656000000,2026-09-05T05:04:11.381232+00:00,,,640,480
daheng_sn_FDE23080341,1533,173412718000000,173412718000000,173412718000000,2026-09-05T05:04:11.475692+00:00,18569,7760031652250,1920,1200
directshow_index_1,1546,173412750000000,173412750000000,173412750000000,2026-09-05T05:04:11.476779+00:00,,,640,480
daheng_sn_FDE23080341,1534,173412812000000,173412812000000,173412812000000,2026-09-05T05:04:11.568071+00:00,18581,7760123869850,1920,1200
directshow_index_1,1547,173412843000000,173412843000000,173412843000000,2026-09-05T05:04:11.569069+00:00,,,640,480
directshow_index_1,1548,173412937000000,173412937000000,173412937000000,2026-09-05T05:04:11.661613+00:00,,,640,480
daheng_sn_FDE23080341,1535,173412906000000,173412906000000,173412906000000,2026-09-05T05:04:11.665626+00:00,18593,7760216087450,1920,1200
directshow_index_1,1549,173413031000000,173413031000000,173413031000000,2026-09-05T05:04:11.761194+00:00,,,640,480
daheng_sn_FDE23080341,1536,173413000000000,173413000000000,173413000000000,2026-09-05T05:04:11.773177+00:00,18605,7760308305050,1920,1200
daheng_sn_FDE23080341,1537,173413093000000,173413093000000,173413093000000,2026-09-05T05:04:11.852547+00:00,18618,7760408207450,1920,1200
directshow_index_1,1550,173413125000000,173413125000000,173413125000000,2026-09-05T05:04:11.853553+00:00,,,640,480
daheng_sn_FDE23080341,1538,173413187000000,173413187000000,173413187000000,2026-09-05T05:04:11.945923+00:00,18630,7760500425050,1920,1200
directshow_index_1,1551,173413218000000,173413218000000,173413218000000,2026-09-05T05:04:11.946924+00:00,,,640,480
daheng_sn_FDE23080341,1539,173413281000000,173413281000000,173413281000000,2026-09-05T05:04:12.042475+00:00,18642,7760592642650,1920,1200
directshow_index_1,1552,173413312000000,173413312000000,173413312000000,2026-09-05T05:04:12.043026+00:00,,,640,480
directshow_index_1,1553,173413406000000,173413406000000,173413406000000,2026-09-05T05:04:12.127234+00:00,,,640,480
daheng_sn_FDE23080341,1540,173413375000000,173413375000000,173413375000000,2026-09-05T05:04:12.138232+00:00,18654,7760684860250,1920,1200
directshow_index_1,1554,173413500000000,173413500000000,173413500000000,2026-09-05T05:04:12.225873+00:00,,,640,480
daheng_sn_FDE23080341,1541,173413468000000,173413468000000,173413468000000,2026-09-05T05:04:12.233283+00:00,18667,7760784762650,1920,1200
daheng_sn_FDE23080341,1542,173413562000000,173413562000000,173413562000000,2026-09-05T05:04:12.330823+00:00,18679,7760876980250,1920,1200
directshow_index_1,1555,173413593000000,173413593000000,173413593000000,2026-09-05T05:04:12.337823+00:00,,,640,480
directshow_index_1,1556,173413687000000,173413687000000,173413687000000,2026-09-05T05:04:12.413435+00:00,,,640,480
daheng_sn_FDE23080341,1543,173413656000000,173413656000000,173413656000000,2026-09-05T05:04:12.432762+00:00,18691,7760969197850,1920,1200
directshow_index_1,1557,173413781000000,173413781000000,173413781000000,2026-09-05T05:04:12.506578+00:00,,,640,480
daheng_sn_FDE23080341,1544,173413750000000,173413750000000,173413750000000,2026-09-05T05:04:12.511239+00:00,18704,7761069100250,1920,1200
directshow_index_1,1558,173413875000000,173413875000000,173413875000000,2026-09-05T05:04:12.595150+00:00,,,640,480
daheng_sn_FDE23080341,1545,173413843000000,173413843000000,173413843000000,2026-09-05T05:04:12.606157+00:00,18715,7761153633050,1920,1200
directshow_index_1,1559,173413968000000,173413968000000,173413968000000,2026-09-05T05:04:12.692561+00:00,,,640,480
daheng_sn_FDE23080341,1546,173413937000000,173413937000000,173413937000000,2026-09-05T05:04:12.700562+00:00,18728,7761253535450,1920,1200
daheng_sn_FDE23080341,1547,173414031000000,173414031000000,173414031000000,2026-09-05T05:04:12.791030+00:00,18740,7761345753050,1920,1200
directshow_index_1,1560,173414062000000,173414062000000,173414062000000,2026-09-05T05:04:12.791613+00:00,,,640,480
daheng_sn_FDE23080341,1548,173414125000000,173414125000000,173414125000000,2026-09-05T05:04:12.899309+00:00,18752,7761437970650,1920,1200
directshow_index_1,1561,173414156000000,173414156000000,173414156000000,2026-09-05T05:04:12.906308+00:00,,,640,480
daheng_sn_FDE23080341,1549,173414218000000,173414218000000,173414218000000,2026-09-05T05:04:12.976676+00:00,18764,7761530188250,1920,1200
directshow_index_1,1562,173414250000000,173414250000000,173414250000000,2026-09-05T05:04:12.977680+00:00,,,640,480
daheng_sn_FDE23080341,1550,173414312000000,173414312000000,173414312000000,2026-09-05T05:04:13.068726+00:00,18776,7761622405850,1920,1200
directshow_index_1,1563,173414343000000,173414343000000,173414343000000,2026-09-05T05:04:13.070742+00:00,,,640,480
directshow_index_1,1564,173414437000000,173414437000000,173414437000000,2026-09-05T05:04:13.158899+00:00,,,640,480
daheng_sn_FDE23080341,1551,173414406000000,173414406000000,173414406000000,2026-09-05T05:04:13.166050+00:00,18789,7761722308250,1920,1200
daheng_sn_FDE23080341,1552,173414500000000,173414500000000,173414500000000,2026-09-05T05:04:13.256556+00:00,18801,7761814525850,1920,1200
directshow_index_1,1565,173414531000000,173414531000000,173414531000000,2026-09-05T05:04:13.257577+00:00,,,640,480
daheng_sn_FDE23080341,1553,173414593000000,173414593000000,173414593000000,2026-09-05T05:04:13.350390+00:00,18813,7761906743450,1920,1200
directshow_index_1,1566,173414625000000,173414625000000,173414625000000,2026-09-05T05:04:13.350390+00:00,,,640,480
daheng_sn_FDE23080341,1554,173414687000000,173414687000000,173414687000000,2026-09-05T05:04:13.457747+00:00,18826,7762006645850,1920,1200
directshow_index_1,1567,173414718000000,173414718000000,173414718000000,2026-09-05T05:04:13.459739+00:00,,,640,480
daheng_sn_FDE23080341,1555,173414781000000,173414781000000,173414781000000,2026-09-05T05:04:13.538375+00:00,18837,7762091178650,1920,1200
directshow_index_1,1568,173414812000000,173414812000000,173414812000000,2026-09-05T05:04:13.538375+00:00,,,640,480
daheng_sn_FDE23080341,1556,173414875000000,173414875000000,173414875000000,2026-09-05T05:04:13.632545+00:00,18850,7762191081050,1920,1200
directshow_index_1,1569,173414906000000,173414906000000,173414906000000,2026-09-05T05:04:13.636545+00:00,,,640,480
daheng_sn_FDE23080341,1557,173414968000000,173414968000000,173414968000000,2026-09-05T05:04:13.732939+00:00,18862,7762283298650,1920,1200
directshow_index_1,1570,173415000000000,173415000000000,173415000000000,2026-09-05T05:04:13.733480+00:00,,,640,480
daheng_sn_FDE23080341,1558,173415062000000,173415062000000,173415062000000,2026-09-05T05:04:13.820119+00:00,18874,7762375516250,1920,1200
directshow_index_1,1571,173415093000000,173415093000000,173415093000000,2026-09-05T05:04:13.821139+00:00,,,640,480
daheng_sn_FDE23080341,1559,173415156000000,173415156000000,173415156000000,2026-09-05T05:04:13.914477+00:00,18886,7762467733850,1920,1200
directshow_index_1,1572,173415187000000,173415187000000,173415187000000,2026-09-05T05:04:13.915354+00:00,,,640,480
daheng_sn_FDE23080341,1560,173415250000000,173415250000000,173415250000000,2026-09-05T05:04:14.019191+00:00,18898,7762559951450,1920,1200
directshow_index_1,1573,173415281000000,173415281000000,173415281000000,2026-09-05T05:04:14.019191+00:00,,,640,480
daheng_sn_FDE23080341,1561,173415343000000,173415343000000,173415343000000,2026-09-05T05:04:14.098755+00:00,18910,7762652169050,1920,1200
directshow_index_1,1574,173415375000000,173415375000000,173415375000000,2026-09-05T05:04:14.098755+00:00,,,640,480
directshow_index_1,1575,173415468000000,173415468000000,173415468000000,2026-09-05T05:04:14.191605+00:00,,,640,480
daheng_sn_FDE23080341,1562,173415437000000,173415437000000,173415437000000,2026-09-05T05:04:14.196684+00:00,18923,7762752071450,1920,1200
daheng_sn_FDE23080341,1563,173415531000000,173415531000000,173415531000000,2026-09-05T05:04:14.283444+00:00,18935,7762844289050,1920,1200
directshow_index_1,1576,173415562000000,173415562000000,173415562000000,2026-09-05T05:04:14.283444+00:00,,,640,480
daheng_sn_FDE23080341,1564,173415625000000,173415625000000,173415625000000,2026-09-05T05:04:14.379315+00:00,18947,7762936506650,1920,1200
directshow_index_1,1577,173415656000000,173415656000000,173415656000000,2026-09-05T05:04:14.383311+00:00,,,640,480
daheng_sn_FDE23080341,1565,173415718000000,173415718000000,173415718000000,2026-09-05T05:04:14.474426+00:00,18960,7763036409050,1920,1200
directshow_index_1,1578,173415750000000,173415750000000,173415750000000,2026-09-05T05:04:14.475423+00:00,,,640,480
directshow_index_1,1579,173415843000000,173415843000000,173415843000000,2026-09-05T05:04:14.568643+00:00,,,640,480
daheng_sn_FDE23080341,1566,173415812000000,173415812000000,173415812000000,2026-09-05T05:04:14.590948+00:00,18971,7763120941850,1920,1200
directshow_index_1,1580,173415937000000,173415937000000,173415937000000,2026-09-05T05:04:14.665466+00:00,,,640,480
daheng_sn_FDE23080341,1567,173415906000000,173415906000000,173415906000000,2026-09-05T05:04:14.682518+00:00,18983,7763213159450,1920,1200
directshow_index_1,1581,173416031000000,173416031000000,173416031000000,2026-09-05T05:04:14.754505+00:00,,,640,480
daheng_sn_FDE23080341,1568,173416000000000,173416000000000,173416000000000,2026-09-05T05:04:14.769501+00:00,18996,7763313061850,1920,1200
directshow_index_1,1582,173416125000000,173416125000000,173416125000000,2026-09-05T05:04:14.846940+00:00,,,640,480
daheng_sn_FDE23080341,1569,173416093000000,173416093000000,173416093000000,2026-09-05T05:04:14.868683+00:00,19008,7763405279450,1920,1200
directshow_index_1,1583,173416218000000,173416218000000,173416218000000,2026-09-05T05:04:14.944189+00:00,,,640,480
daheng_sn_FDE23080341,1570,173416187000000,173416187000000,173416187000000,2026-09-05T05:04:14.952426+00:00,19020,7763497497050,1920,1200
daheng_sn_FDE23080341,1571,173416281000000,173416281000000,173416281000000,2026-09-05T05:04:15.039254+00:00,19032,7763589714650,1920,1200
directshow_index_1,1584,173416312000000,173416312000000,173416312000000,2026-09-05T05:04:15.039254+00:00,,,640,480
daheng_sn_FDE23080341,1572,173416375000000,173416375000000,173416375000000,2026-09-05T05:04:15.131932+00:00,19045,7763689617050,1920,1200
directshow_index_1,1585,173416406000000,173416406000000,173416406000000,2026-09-05T05:04:15.133934+00:00,,,640,480
directshow_index_1,1586,173416500000000,173416500000000,173416500000000,2026-09-05T05:04:15.222357+00:00,,,640,480
daheng_sn_FDE23080341,1573,173416468000000,173416468000000,173416468000000,2026-09-05T05:04:15.241866+00:00,19057,7763781834650,1920,1200
daheng_sn_FDE23080341,1574,173416562000000,173416562000000,173416562000000,2026-09-05T05:04:15.318058+00:00,19069,7763874052250,1920,1200
directshow_index_1,1587,173416593000000,173416593000000,173416593000000,2026-09-05T05:04:15.318655+00:00,,,640,480
directshow_index_1,1588,173416687000000,173416687000000,173416687000000,2026-09-05T05:04:15.410188+00:00,,,640,480
daheng_sn_FDE23080341,1575,173416656000000,173416656000000,173416656000000,2026-09-05T05:04:15.429326+00:00,19081,7763966269850,1920,1200
daheng_sn_FDE23080341,1576,173416750000000,173416750000000,173416750000000,2026-09-05T05:04:15.504929+00:00,19094,7764066172250,1920,1200
directshow_index_1,1589,173416781000000,173416781000000,173416781000000,2026-09-05T05:04:15.507929+00:00,,,640,480
daheng_sn_FDE23080341,1577,173416843000000,173416843000000,173416843000000,2026-09-05T05:04:15.589367+00:00,19106,7764158389850,1920,1200
directshow_index_1,1590,173416875000000,173416875000000,173416875000000,2026-09-05T05:04:15.598369+00:00,,,640,480
daheng_sn_FDE23080341,1578,173416937000000,173416937000000,173416937000000,2026-09-05T05:04:15.680009+00:00,19118,7764250607450,1920,1200
directshow_index_1,1591,173416968000000,173416968000000,173416968000000,2026-09-05T05:04:15.689008+00:00,,,640,480
daheng_sn_FDE23080341,1579,173417031000000,173417031000000,173417031000000,2026-09-05T05:04:15.772658+00:00,19131,7764350509850,1920,1200
directshow_index_1,1592,173417062000000,173417062000000,173417062000000,2026-09-05T05:04:15.784307+00:00,,,640,480
daheng_sn_FDE23080341,1580,173417125000000,173417125000000,173417125000000,2026-09-05T05:04:15.872032+00:00,19142,7764435042650,1920,1200
directshow_index_1,1593,173417156000000,173417156000000,173417156000000,2026-09-05T05:04:15.881032+00:00,,,640,480
daheng_sn_FDE23080341,1581,173417218000000,173417218000000,173417218000000,2026-09-05T05:04:15.966273+00:00,19155,7764534945050,1920,1200
directshow_index_1,1594,173417250000000,173417250000000,173417250000000,2026-09-05T05:04:15.972986+00:00,,,640,480
daheng_sn_FDE23080341,1582,173417312000000,173417312000000,173417312000000,2026-09-05T05:04:16.061939+00:00,19167,7764627162650,1920,1200
directshow_index_1,1595,173417343000000,173417343000000,173417343000000,2026-09-05T05:04:16.062944+00:00,,,640,480
daheng_sn_FDE23080341,1583,173417406000000,173417406000000,173417406000000,2026-09-05T05:04:16.155792+00:00,19179,7764719380250,1920,1200
directshow_index_1,1596,173417437000000,173417437000000,173417437000000,2026-09-05T05:04:16.160783+00:00,,,640,480
daheng_sn_FDE23080341,1584,173417500000000,173417500000000,173417500000000,2026-09-05T05:04:16.241133+00:00,19191,7764811597850,1920,1200
directshow_index_1,1597,173417531000000,173417546000000,173417538500000,2026-09-05T05:04:16.266648+00:00,,,640,480
daheng_sn_FDE23080341,1585,173417593000000,173417593000000,173417593000000,2026-09-05T05:04:16.334147+00:00,19203,7764903815450,1920,1200
directshow_index_1,1598,173417625000000,173417625000000,173417625000000,2026-09-05T05:04:16.345147+00:00,,,640,480
daheng_sn_FDE23080341,1586,173417687000000,173417687000000,173417687000000,2026-09-05T05:04:16.434340+00:00,19216,7765003717850,1920,1200
directshow_index_1,1599,173417718000000,173417718000000,173417718000000,2026-09-05T05:04:16.441103+00:00,,,640,480
daheng_sn_FDE23080341,1587,173417781000000,173417781000000,173417781000000,2026-09-05T05:04:16.533593+00:00,19228,7765095935450,1920,1200
directshow_index_1,1600,173417812000000,173417812000000,173417812000000,2026-09-05T05:04:16.536860+00:00,,,640,480
daheng_sn_FDE23080341,1588,173417875000000,173417875000000,173417875000000,2026-09-05T05:04:16.619961+00:00,19240,7765188153050,1920,1200
directshow_index_1,1601,173417906000000,173417906000000,173417906000000,2026-09-05T05:04:16.627474+00:00,,,640,480
daheng_sn_FDE23080341,1589,173417968000000,173417968000000,173417968000000,2026-09-05T05:04:16.711731+00:00,19252,7765280370650,1920,1200
directshow_index_1,1602,173418000000000,173418000000000,173418000000000,2026-09-05T05:04:16.720591+00:00,,,640,480
daheng_sn_FDE23080341,1590,173418062000000,173418062000000,173418062000000,2026-09-05T05:04:16.816197+00:00,19264,7765372588250,1920,1200
directshow_index_1,1603,173418093000000,173418109000000,173418101000000,2026-09-05T05:04:16.832736+00:00,,,640,480
daheng_sn_FDE23080341,1591,173418156000000,173418156000000,173418156000000,2026-09-05T05:04:16.898971+00:00,19277,7765472490650,1920,1200
directshow_index_1,1604,173418187000000,173418187000000,173418187000000,2026-09-05T05:04:16.907971+00:00,,,640,480
daheng_sn_FDE23080341,1592,173418250000000,173418250000000,173418250000000,2026-09-05T05:04:16.996786+00:00,19289,7765564708250,1920,1200
directshow_index_1,1605,173418281000000,173418281000000,173418281000000,2026-09-05T05:04:17.005429+00:00,,,640,480
daheng_sn_FDE23080341,1593,173418343000000,173418343000000,173418343000000,2026-09-05T05:04:17.091686+00:00,19301,7765656925850,1920,1200
directshow_index_1,1606,173418375000000,173418375000000,173418375000000,2026-09-05T05:04:17.096688+00:00,,,640,480
daheng_sn_FDE23080341,1594,173418437000000,173418437000000,173418437000000,2026-09-05T05:04:17.185652+00:00,19314,7765756828250,1920,1200
directshow_index_1,1607,173418468000000,173418468000000,173418468000000,2026-09-05T05:04:17.192651+00:00,,,640,480
daheng_sn_FDE23080341,1595,173418531000000,173418531000000,173418531000000,2026-09-05T05:04:17.276909+00:00,19325,7765841361050,1920,1200
directshow_index_1,1608,173418562000000,173418562000000,173418562000000,2026-09-05T05:04:17.284909+00:00,,,640,480
daheng_sn_FDE23080341,1596,173418625000000,173418625000000,173418625000000,2026-09-05T05:04:17.369635+00:00,19337,7765933578650,1920,1200
directshow_index_1,1609,173418656000000,173418656000000,173418656000000,2026-09-05T05:04:17.389620+00:00,,,640,480
daheng_sn_FDE23080341,1597,173418718000000,173418718000000,173418718000000,2026-09-05T05:04:17.465318+00:00,19350,7766033481050,1920,1200
directshow_index_1,1610,173418750000000,173418750000000,173418750000000,2026-09-05T05:04:17.473316+00:00,,,640,480
daheng_sn_FDE23080341,1598,173418812000000,173418812000000,173418812000000,2026-09-05T05:04:17.557555+00:00,19362,7766125698650,1920,1200
directshow_index_1,1611,173418843000000,173418843000000,173418843000000,2026-09-05T05:04:17.567560+00:00,,,640,480
daheng_sn_FDE23080341,1599,173418906000000,173418906000000,173418906000000,2026-09-05T05:04:17.653706+00:00,19374,7766217916250,1920,1200
directshow_index_1,1612,173418937000000,173418937000000,173418937000000,2026-09-05T05:04:17.659706+00:00,,,640,480
daheng_sn_FDE23080341,1600,173419000000000,173419000000000,173419000000000,2026-09-05T05:04:17.744574+00:00,19386,7766310133850,1920,1200
directshow_index_1,1613,173419031000000,173419031000000,173419031000000,2026-09-05T05:04:17.755372+00:00,,,640,480
daheng_sn_FDE23080341,1601,173419093000000,173419093000000,173419093000000,2026-09-05T05:04:17.836403+00:00,19399,7766410036250,1920,1200
directshow_index_1,1614,173419125000000,173419125000000,173419125000000,2026-09-05T05:04:17.846414+00:00,,,640,480
directshow_index_1,1615,173419218000000,173419218000000,173419218000000,2026-09-05T05:04:17.938952+00:00,,,640,480
daheng_sn_FDE23080341,1602,173419187000000,173419187000000,173419187000000,2026-09-05T05:04:17.940951+00:00,19410,7766494569050,1920,1200
daheng_sn_FDE23080341,1603,173419281000000,173419281000000,173419281000000,2026-09-05T05:04:18.022751+00:00,19423,7766594471450,1920,1200
directshow_index_1,1616,173419312000000,173419312000000,173419312000000,2026-09-05T05:04:18.035190+00:00,,,640,480
daheng_sn_FDE23080341,1604,173419375000000,173419375000000,173419375000000,2026-09-05T05:04:18.118471+00:00,19435,7766686689050,1920,1200
directshow_index_1,1617,173419406000000,173419406000000,173419406000000,2026-09-05T05:04:18.124976+00:00,,,640,480
daheng_sn_FDE23080341,1605,173419468000000,173419468000000,173419468000000,2026-09-05T05:04:18.211297+00:00,19448,7766786591450,1920,1200
directshow_index_1,1618,173419500000000,173419500000000,173419500000000,2026-09-05T05:04:18.222156+00:00,,,640,480
daheng_sn_FDE23080341,1606,173419562000000,173419562000000,173419562000000,2026-09-05T05:04:18.315891+00:00,19460,7766878809050,1920,1200
directshow_index_1,1619,173419593000000,173419593000000,173419593000000,2026-09-05T05:04:18.318892+00:00,,,640,480
directshow_index_1,1620,173419687000000,173419687000000,173419687000000,2026-09-05T05:04:18.411083+00:00,,,640,480
daheng_sn_FDE23080341,1607,173419656000000,173419656000000,173419656000000,2026-09-05T05:04:18.416089+00:00,19472,7766971026650,1920,1200
directshow_index_1,1621,173419781000000,173419781000000,173419781000000,2026-09-05T05:04:18.504963+00:00,,,640,480
daheng_sn_FDE23080341,1608,173419750000000,173419765000000,173419757500000,2026-09-05T05:04:18.517263+00:00,19484,7767063244250,1920,1200
daheng_sn_FDE23080341,1609,173419843000000,173419843000000,173419843000000,2026-09-05T05:04:18.590634+00:00,19496,7767155461850,1920,1200
directshow_index_1,1622,173419875000000,173419875000000,173419875000000,2026-09-05T05:04:18.595632+00:00,,,640,480
daheng_sn_FDE23080341,1610,173419937000000,173419937000000,173419937000000,2026-09-05T05:04:18.681902+00:00,19508,7767247679450,1920,1200
directshow_index_1,1623,173419968000000,173419968000000,173419968000000,2026-09-05T05:04:18.693867+00:00,,,640,480
daheng_sn_FDE23080341,1611,173420031000000,173420031000000,173420031000000,2026-09-05T05:04:18.773871+00:00,19521,7767347581850,1920,1200
directshow_index_1,1624,173420062000000,173420062000000,173420062000000,2026-09-05T05:04:18.783214+00:00,,,640,480
daheng_sn_FDE23080341,1612,173420125000000,173420125000000,173420125000000,2026-09-05T05:04:18.875997+00:00,19533,7767439799450,1920,1200
directshow_index_1,1625,173420156000000,173420156000000,173420156000000,2026-09-05T05:04:18.881574+00:00,,,640,480
daheng_sn_FDE23080341,1613,173420218000000,173420218000000,173420218000000,2026-09-05T05:04:18.959769+00:00,19545,7767532017050,1920,1200
directshow_index_1,1626,173420250000000,173420250000000,173420250000000,2026-09-05T05:04:18.971761+00:00,,,640,480
daheng_sn_FDE23080341,1614,173420312000000,173420312000000,173420312000000,2026-09-05T05:04:19.059841+00:00,19557,7767624234650,1920,1200
directshow_index_1,1627,173420343000000,173420343000000,173420343000000,2026-09-05T05:04:19.066628+00:00,,,640,480
daheng_sn_FDE23080341,1615,173420406000000,173420406000000,173420406000000,2026-09-05T05:04:19.149237+00:00,19569,7767716452250,1920,1200
directshow_index_1,1628,173420437000000,173420437000000,173420437000000,2026-09-05T05:04:19.161940+00:00,,,640,480
daheng_sn_FDE23080341,1616,173420500000000,173420500000000,173420500000000,2026-09-05T05:04:19.244001+00:00,19582,7767816354650,1920,1200
directshow_index_1,1629,173420531000000,173420531000000,173420531000000,2026-09-05T05:04:19.254775+00:00,,,640,480
daheng_sn_FDE23080341,1617,173420593000000,173420593000000,173420593000000,2026-09-05T05:04:19.336605+00:00,19594,7767908572250,1920,1200
directshow_index_1,1630,173420625000000,173420625000000,173420625000000,2026-09-05T05:04:19.345557+00:00,,,640,480
daheng_sn_FDE23080341,1618,173420687000000,173420687000000,173420687000000,2026-09-05T05:04:19.436790+00:00,19606,7768000789850,1920,1200
directshow_index_1,1631,173420718000000,173420718000000,173420718000000,2026-09-05T05:04:19.443791+00:00,,,640,480
daheng_sn_FDE23080341,1619,173420781000000,173420781000000,173420781000000,2026-09-05T05:04:19.520786+00:00,19619,7768100692250,1920,1200
directshow_index_1,1632,173420812000000,173420812000000,173420812000000,2026-09-05T05:04:19.544811+00:00,,,640,480
daheng_sn_FDE23080341,1620,173420875000000,173420875000000,173420875000000,2026-09-05T05:04:19.615999+00:00,19631,7768192909850,1920,1200
directshow_index_1,1633,173420906000000,173420906000000,173420906000000,2026-09-05T05:04:19.627998+00:00,,,640,480
daheng_sn_FDE23080341,1621,173420968000000,173420968000000,173420968000000,2026-09-05T05:04:19.713984+00:00,19643,7768285127450,1920,1200
directshow_index_1,1634,173421000000000,173421000000000,173421000000000,2026-09-05T05:04:19.722994+00:00,,,640,480
daheng_sn_FDE23080341,1622,173421062000000,173421062000000,173421062000000,2026-09-05T05:04:19.803360+00:00,19654,7768369660250,1920,1200
directshow_index_1,1635,173421093000000,173421093000000,173421093000000,2026-09-05T05:04:19.814059+00:00,,,640,480
daheng_sn_FDE23080341,1623,173421156000000,173421156000000,173421156000000,2026-09-05T05:04:19.900831+00:00,19667,7768469562650,1920,1200
directshow_index_1,1636,173421187000000,173421187000000,173421187000000,2026-09-05T05:04:19.910430+00:00,,,640,480
daheng_sn_FDE23080341,1624,173421250000000,173421250000000,173421250000000,2026-09-05T05:04:19.991782+00:00,19679,7768561780250,1920,1200
directshow_index_1,1637,173421281000000,173421281000000,173421281000000,2026-09-05T05:04:20.000298+00:00,,,640,480
directshow_index_1,1638,173421375000000,173421375000000,173421375000000,2026-09-05T05:04:20.099685+00:00,,,640,480
daheng_sn_FDE23080341,1625,173421343000000,173421343000000,173421343000000,2026-09-05T05:04:20.102685+00:00,19692,7768661682650,1920,1200
daheng_sn_FDE23080341,1626,173421437000000,173421437000000,173421437000000,2026-09-05T05:04:20.178137+00:00,19704,7768753900250,1920,1200
directshow_index_1,1639,173421468000000,173421468000000,173421468000000,2026-09-05T05:04:20.188651+00:00,,,640,480
daheng_sn_FDE23080341,1627,173421531000000,173421531000000,173421531000000,2026-09-05T05:04:20.273873+00:00,19716,7768846117850,1920,1200
directshow_index_1,1640,173421562000000,173421562000000,173421562000000,2026-09-05T05:04:20.287004+00:00,,,640,480
daheng_sn_FDE23080341,1628,173421625000000,173421625000000,173421625000000,2026-09-05T05:04:20.364206+00:00,19728,7768938335450,1920,1200
directshow_index_1,1641,173421656000000,173421656000000,173421656000000,2026-09-05T05:04:20.377207+00:00,,,640,480
daheng_sn_FDE23080341,1629,173421718000000,173421718000000,173421718000000,2026-09-05T05:04:20.458880+00:00,19741,7769038237850,1920,1200
directshow_index_1,1642,173421750000000,173421750000000,173421750000000,2026-09-05T05:04:20.472877+00:00,,,640,480
daheng_sn_FDE23080341,1630,173421812000000,173421812000000,173421812000000,2026-09-05T05:04:20.557458+00:00,19752,7769122770650,1920,1200
directshow_index_1,1643,173421843000000,173421843000000,173421843000000,2026-09-05T05:04:20.563431+00:00,,,640,480
daheng_sn_FDE23080341,1631,173421906000000,173421906000000,173421906000000,2026-09-05T05:04:20.649760+00:00,19765,7769222673050,1920,1200
directshow_index_1,1644,173421937000000,173421937000000,173421937000000,2026-09-05T05:04:20.660561+00:00,,,640,480
daheng_sn_FDE23080341,1632,173422000000000,173422000000000,173422000000000,2026-09-05T05:04:20.739084+00:00,19777,7769314890650,1920,1200
directshow_index_1,1645,173422031000000,173422031000000,173422031000000,2026-09-05T05:04:20.750600+00:00,,,640,480
daheng_sn_FDE23080341,1633,173422093000000,173422093000000,173422093000000,2026-09-05T05:04:20.835047+00:00,19789,7769407108250,1920,1200
directshow_index_1,1646,173422125000000,173422125000000,173422125000000,2026-09-05T05:04:20.848709+00:00,,,640,480
daheng_sn_FDE23080341,1634,173422187000000,173422187000000,173422187000000,2026-09-05T05:04:20.932290+00:00,19801,7769499325850,1920,1200
directshow_index_1,1647,173422218000000,173422218000000,173422218000000,2026-09-05T05:04:20.944045+00:00,,,640,480
daheng_sn_FDE23080341,1635,173422281000000,173422281000000,173422281000000,2026-09-05T05:04:21.023850+00:00,19813,7769591543450,1920,1200
directshow_index_1,1648,173422312000000,173422312000000,173422312000000,2026-09-05T05:04:21.033142+00:00,,,640,480
daheng_sn_FDE23080341,1636,173422375000000,173422375000000,173422375000000,2026-09-05T05:04:21.121531+00:00,19826,7769691445850,1920,1200
directshow_index_1,1649,173422406000000,173422421000000,173422413500000,2026-09-05T05:04:21.143237+00:00,,,640,480
daheng_sn_FDE23080341,1637,173422468000000,173422468000000,173422468000000,2026-09-05T05:04:21.208872+00:00,19837,7769775978650,1920,1200
directshow_index_1,1650,173422500000000,173422500000000,173422500000000,2026-09-05T05:04:21.218895+00:00,,,640,480
daheng_sn_FDE23080341,1638,173422562000000,173422562000000,173422562000000,2026-09-05T05:04:21.306053+00:00,19850,7769875881050,1920,1200
directshow_index_1,1651,173422593000000,173422593000000,173422593000000,2026-09-05T05:04:21.317056+00:00,,,640,480
daheng_sn_FDE23080341,1639,173422656000000,173422656000000,173422656000000,2026-09-05T05:04:21.400198+00:00,19862,7769968098650,1920,1200
directshow_index_1,1652,173422687000000,173422687000000,173422687000000,2026-09-05T05:04:21.406882+00:00,,,640,480
daheng_sn_FDE23080341,1640,173422750000000,173422750000000,173422750000000,2026-09-05T05:04:21.488281+00:00,19874,7770060316250,1920,1200
directshow_index_1,1653,173422781000000,173422781000000,173422781000000,2026-09-05T05:04:21.505548+00:00,,,640,480
daheng_sn_FDE23080341,1641,173422843000000,173422843000000,173422843000000,2026-09-05T05:04:21.597508+00:00,19887,7770160218650,1920,1200
directshow_index_1,1654,173422875000000,173422875000000,173422875000000,2026-09-05T05:04:21.598512+00:00,,,640,480
daheng_sn_FDE23080341,1642,173422937000000,173422937000000,173422937000000,2026-09-05T05:04:21.711922+00:00,19899,7770252436250,1920,1200
directshow_index_1,1655,173422968000000,173422968000000,173422968000000,2026-09-05T05:04:21.717954+00:00,,,640,480
daheng_sn_FDE23080341,1643,173423031000000,173423031000000,173423031000000,2026-09-05T05:04:21.782347+00:00,19910,7770336969050,1920,1200
directshow_index_1,1656,173423062000000,173423062000000,173423062000000,2026-09-05T05:04:21.784071+00:00,,,640,480
daheng_sn_FDE23080341,1644,173423125000000,173423125000000,173423125000000,2026-09-05T05:04:21.869297+00:00,19923,7770436871450,1920,1200
directshow_index_1,1657,173423156000000,173423156000000,173423156000000,2026-09-05T05:04:21.880379+00:00,,,640,480
daheng_sn_FDE23080341,1645,173423218000000,173423218000000,173423218000000,2026-09-05T05:04:21.963272+00:00,19936,7770536773850,1920,1200
directshow_index_1,1658,173423250000000,173423250000000,173423250000000,2026-09-05T05:04:21.970277+00:00,,,640,480
daheng_sn_FDE23080341,1646,173423312000000,173423312000000,173423312000000,2026-09-05T05:04:22.055102+00:00,19947,7770621306650,1920,1200
directshow_index_1,1659,173423343000000,173423343000000,173423343000000,2026-09-05T05:04:22.066103+00:00,,,640,480
daheng_sn_FDE23080341,1647,173423406000000,173423406000000,173423406000000,2026-09-05T05:04:22.155824+00:00,19959,7770713524250,1920,1200
directshow_index_1,1660,173423437000000,173423437000000,173423437000000,2026-09-05T05:04:22.156825+00:00,,,640,480
daheng_sn_FDE23080341,1648,173423500000000,173423500000000,173423500000000,2026-09-05T05:04:22.251625+00:00,19972,7770813426650,1920,1200
directshow_index_1,1661,173423531000000,173423531000000,173423531000000,2026-09-05T05:04:22.255057+00:00,,,640,480
daheng_sn_FDE23080341,1649,173423593000000,173423593000000,173423593000000,2026-09-05T05:04:22.346225+00:00,19984,7770905644250,1920,1200
directshow_index_1,1662,173423625000000,173423625000000,173423625000000,2026-09-05T05:04:22.350225+00:00,,,640,480
daheng_sn_FDE23080341,1650,173423687000000,173423687000000,173423687000000,2026-09-05T05:04:22.434413+00:00,19997,7771005546650,1920,1200
directshow_index_1,1663,173423718000000,173423718000000,173423718000000,2026-09-05T05:04:22.441561+00:00,,,640,480
daheng_sn_FDE23080341,1651,173423781000000,173423781000000,173423781000000,2026-09-05T05:04:22.530697+00:00,20008,7771090079450,1920,1200
directshow_index_1,1664,173423812000000,173423812000000,173423812000000,2026-09-05T05:04:22.533716+00:00,,,640,480
daheng_sn_FDE23080341,1652,173423875000000,173423875000000,173423875000000,2026-09-05T05:04:22.622037+00:00,20021,7771189981850,1920,1200
directshow_index_1,1665,173423906000000,173423906000000,173423906000000,2026-09-05T05:04:22.626643+00:00,,,640,480
daheng_sn_FDE23080341,1653,173423968000000,173423968000000,173423968000000,2026-09-05T05:04:22.716833+00:00,20033,7771282199450,1920,1200
directshow_index_1,1666,173424000000000,173424000000000,173424000000000,2026-09-05T05:04:22.723535+00:00,,,640,480
daheng_sn_FDE23080341,1654,173424062000000,173424062000000,173424062000000,2026-09-05T05:04:22.815123+00:00,20045,7771374417050,1920,1200
directshow_index_1,1667,173424093000000,173424093000000,173424093000000,2026-09-05T05:04:22.815630+00:00,,,640,480
daheng_sn_FDE23080341,1655,173424156000000,173424156000000,173424156000000,2026-09-05T05:04:22.907095+00:00,20057,7771466634650,1920,1200
directshow_index_1,1668,173424187000000,173424187000000,173424187000000,2026-09-05T05:04:22.909095+00:00,,,640,480
daheng_sn_FDE23080341,1656,173424250000000,173424250000000,173424250000000,2026-09-05T05:04:22.999818+00:00,20069,7771558852250,1920,1200
directshow_index_1,1669,173424281000000,173424281000000,173424281000000,2026-09-05T05:04:23.006809+00:00,,,640,480
daheng_sn_FDE23080341,1657,173424343000000,173424343000000,173424343000000,2026-09-05T05:04:23.088603+00:00,20081,7771651069850,1920,1200
directshow_index_1,1670,173424375000000,173424375000000,173424375000000,2026-09-05T05:04:23.097543+00:00,,,640,480
daheng_sn_FDE23080341,1658,173424437000000,173424437000000,173424437000000,2026-09-05T05:04:23.184814+00:00,20094,7771750972250,1920,1200
directshow_index_1,1671,173424468000000,173424468000000,173424468000000,2026-09-05T05:04:23.190435+00:00,,,640,480
daheng_sn_FDE23080341,1659,173424531000000,173424531000000,173424531000000,2026-09-05T05:04:23.281576+00:00,20106,7771843189850,1920,1200
directshow_index_1,1672,173424562000000,173424562000000,173424562000000,2026-09-05T05:04:23.287573+00:00,,,640,480
daheng_sn_FDE23080341,1660,173424625000000,173424625000000,173424625000000,2026-09-05T05:04:23.377601+00:00,20118,7771935407450,1920,1200
directshow_index_1,1673,173424656000000,173424656000000,173424656000000,2026-09-05T05:04:23.381598+00:00,,,640,480
daheng_sn_FDE23080341,1661,173424718000000,173424718000000,173424718000000,2026-09-05T05:04:23.467982+00:00,20130,7772027625050,1920,1200
directshow_index_1,1674,173424750000000,173424750000000,173424750000000,2026-09-05T05:04:23.474982+00:00,,,640,480
daheng_sn_FDE23080341,1662,173424812000000,173424812000000,173424812000000,2026-09-05T05:04:23.563113+00:00,20143,7772127527450,1920,1200
directshow_index_1,1675,173424843000000,173424843000000,173424843000000,2026-09-05T05:04:23.567117+00:00,,,640,480
daheng_sn_FDE23080341,1663,173424906000000,173424906000000,173424906000000,2026-09-05T05:04:23.653421+00:00,20154,7772212060250,1920,1200
directshow_index_1,1676,173424937000000,173424937000000,173424937000000,2026-09-05T05:04:23.664422+00:00,,,640,480
daheng_sn_FDE23080341,1664,173425000000000,173425000000000,173425000000000,2026-09-05T05:04:23.749940+00:00,20167,7772311962650,1920,1200
directshow_index_1,1677,173425031000000,173425031000000,173425031000000,2026-09-05T05:04:23.755948+00:00,,,640,480
daheng_sn_FDE23080341,1665,173425093000000,173425093000000,173425093000000,2026-09-05T05:04:23.842563+00:00,20180,7772411865050,1920,1200
directshow_index_1,1678,173425125000000,173425125000000,173425125000000,2026-09-05T05:04:23.847193+00:00,,,640,480
directshow_index_1,1679,173425218000000,173425218000000,173425218000000,2026-09-05T05:04:23.940225+00:00,,,640,480
daheng_sn_FDE23080341,1666,173425187000000,173425187000000,173425187000000,2026-09-05T05:04:23.944225+00:00,20191,7772496397850,1920,1200
daheng_sn_FDE23080341,1667,173425281000000,173425281000000,173425281000000,2026-09-05T05:04:24.040155+00:00,20204,7772596300250,1920,1200
directshow_index_1,1680,173425312000000,173425312000000,173425312000000,2026-09-05T05:04:24.040155+00:00,,,640,480
daheng_sn_FDE23080341,1668,173425375000000,173425375000000,173425375000000,2026-09-05T05:04:24.125474+00:00,20216,7772688517850,1920,1200
directshow_index_1,1681,173425406000000,173425406000000,173425406000000,2026-09-05T05:04:24.130999+00:00,,,640,480
daheng_sn_FDE23080341,1669,173425468000000,173425468000000,173425468000000,2026-09-05T05:04:24.218219+00:00,20228,7772780735450,1920,1200
directshow_index_1,1682,173425500000000,173425500000000,173425500000000,2026-09-05T05:04:24.223229+00:00,,,640,480
daheng_sn_FDE23080341,1670,173425562000000,173425562000000,173425562000000,2026-09-05T05:04:24.313021+00:00,20240,7772872953050,1920,1200
directshow_index_1,1683,173425593000000,173425593000000,173425593000000,2026-09-05T05:04:24.315015+00:00,,,640,480
daheng_sn_FDE23080341,1671,173425656000000,173425656000000,173425656000000,2026-09-05T05:04:24.405941+00:00,20253,7772972855450,1920,1200
directshow_index_1,1684,173425687000000,173425687000000,173425687000000,2026-09-05T05:04:24.413939+00:00,,,640,480
daheng_sn_FDE23080341,1672,173425750000000,173425750000000,173425750000000,2026-09-05T05:04:24.507341+00:00,20265,7773065073050,1920,1200
directshow_index_1,1685,173425781000000,173425781000000,173425781000000,2026-09-05T05:04:24.508352+00:00,,,640,480
daheng_sn_FDE23080341,1673,173425843000000,173425843000000,173425843000000,2026-09-05T05:04:24.599735+00:00,20277,7773157290650,1920,1200
directshow_index_1,1686,173425875000000,173425875000000,173425875000000,2026-09-05T05:04:24.602738+00:00,,,640,480
daheng_sn_FDE23080341,1674,173425937000000,173425937000000,173425937000000,2026-09-05T05:04:24.689528+00:00,20289,7773249508250,1920,1200
directshow_index_1,1687,173425968000000,173425968000000,173425968000000,2026-09-05T05:04:24.695529+00:00,,,640,480
daheng_sn_FDE23080341,1675,173426031000000,173426031000000,173426031000000,2026-09-05T05:04:24.783333+00:00,20301,7773341725850,1920,1200
directshow_index_1,1688,173426062000000,173426062000000,173426062000000,2026-09-05T05:04:24.786794+00:00,,,640,480
daheng_sn_FDE23080341,1676,173426125000000,173426125000000,173426125000000,2026-09-05T05:04:24.877188+00:00,20313,7773433943450,1920,1200
directshow_index_1,1689,173426156000000,173426156000000,173426156000000,2026-09-05T05:04:24.881184+00:00,,,640,480
daheng_sn_FDE23080341,1677,173426218000000,173426218000000,173426218000000,2026-09-05T05:04:24.977765+00:00,20326,7773533845850,1920,1200
directshow_index_1,1690,173426250000000,173426250000000,173426250000000,2026-09-05T05:04:24.980765+00:00,,,640,480
daheng_sn_FDE23080341,1678,173426312000000,173426312000000,173426312000000,2026-09-05T05:04:25.061833+00:00,20339,7773633748250,1920,1200
directshow_index_1,1691,173426343000000,173426343000000,173426343000000,2026-09-05T05:04:25.065826+00:00,,,640,480
directshow_index_1,1692,173426437000000,173426437000000,173426437000000,2026-09-05T05:04:25.161565+00:00,,,640,480
daheng_sn_FDE23080341,1679,173426406000000,173426406000000,173426406000000,2026-09-05T05:04:25.166566+00:00,20350,7773718281050,1920,1200
daheng_sn_FDE23080341,1680,173426500000000,173426500000000,173426500000000,2026-09-05T05:04:25.248531+00:00,20362,7773810498650,1920,1200
directshow_index_1,1693,173426531000000,173426531000000,173426531000000,2026-09-05T05:04:25.252531+00:00,,,640,480
daheng_sn_FDE23080341,1681,173426593000000,173426593000000,173426593000000,2026-09-05T05:04:25.348212+00:00,20374,7773902716250,1920,1200
directshow_index_1,1694,173426625000000,173426625000000,173426625000000,2026-09-05T05:04:25.351211+00:00,,,640,480
daheng_sn_FDE23080341,1682,173426687000000,173426687000000,173426687000000,2026-09-05T05:04:25.438343+00:00,20386,7773994933850,1920,1200
directshow_index_1,1695,173426718000000,173426718000000,173426718000000,2026-09-05T05:04:25.442351+00:00,,,640,480
daheng_sn_FDE23080341,1683,173426781000000,173426781000000,173426781000000,2026-09-05T05:04:25.530697+00:00,20399,7774094836250,1920,1200
directshow_index_1,1696,173426812000000,173426812000000,173426812000000,2026-09-05T05:04:25.533815+00:00,,,640,480
daheng_sn_FDE23080341,1684,173426875000000,173426875000000,173426875000000,2026-09-05T05:04:25.627457+00:00,20411,7774187053850,1920,1200
directshow_index_1,1697,173426906000000,173426906000000,173426906000000,2026-09-05T05:04:25.630454+00:00,,,640,480
daheng_sn_FDE23080341,1685,173426968000000,173426968000000,173426968000000,2026-09-05T05:04:25.718944+00:00,20423,7774279271450,1920,1200
directshow_index_1,1698,173427000000000,173427000000000,173427000000000,2026-09-05T05:04:25.722344+00:00,,,640,480
directshow_index_1,1699,173427093000000,173427093000000,173427093000000,2026-09-05T05:04:25.817060+00:00,,,640,480
daheng_sn_FDE23080341,1686,173427062000000,173427062000000,173427062000000,2026-09-05T05:04:25.827917+00:00,20436,7774379173850,1920,1200
directshow_index_1,1700,173427187000000,173427187000000,173427187000000,2026-09-05T05:04:25.913141+00:00,,,640,480
daheng_sn_FDE23080341,1687,173427156000000,173427156000000,173427156000000,2026-09-05T05:04:25.928289+00:00,20448,7774471391450,1920,1200
daheng_sn_FDE23080341,1688,173427250000000,173427250000000,173427250000000,2026-09-05T05:04:26.004571+00:00,20460,7774563609050,1920,1200
directshow_index_1,1701,173427281000000,173427281000000,173427281000000,2026-09-05T05:04:26.006252+00:00,,,640,480
daheng_sn_FDE23080341,1689,173427343000000,173427343000000,173427343000000,2026-09-05T05:04:26.101462+00:00,20472,7774655826650,1920,1200
directshow_index_1,1702,173427375000000,173427375000000,173427375000000,2026-09-05T05:04:26.103162+00:00,,,640,480
daheng_sn_FDE23080341,1690,173427437000000,173427437000000,173427437000000,2026-09-05T05:04:26.205466+00:00,20484,7774748044250,1920,1200
directshow_index_1,1703,173427468000000,173427468000000,173427468000000,2026-09-05T05:04:26.216197+00:00,,,640,480
directshow_index_1,1704,173427562000000,173427562000000,173427562000000,2026-09-05T05:04:26.286968+00:00,,,640,480
daheng_sn_FDE23080341,1691,173427531000000,173427531000000,173427531000000,2026-09-05T05:04:26.291050+00:00,20496,7774840261850,1920,1200
daheng_sn_FDE23080341,1692,173427625000000,173427625000000,173427625000000,2026-09-05T05:04:26.381470+00:00,20509,7774940164250,1920,1200
directshow_index_1,1705,173427656000000,173427656000000,173427656000000,2026-09-05T05:04:26.382475+00:00,,,640,480
daheng_sn_FDE23080341,1693,173427718000000,173427718000000,173427718000000,2026-09-05T05:04:26.472476+00:00,20521,7775032381850,1920,1200
directshow_index_1,1706,173427750000000,173427750000000,173427750000000,2026-09-05T05:04:26.473489+00:00,,,640,480
directshow_index_1,1707,173427843000000,173427843000000,173427843000000,2026-09-05T05:04:26.565769+00:00,,,640,480
daheng_sn_FDE23080341,1694,173427812000000,173427812000000,173427812000000,2026-09-05T05:04:26.572221+00:00,20533,7775124599450,1920,1200
daheng_sn_FDE23080341,1695,173427906000000,173427906000000,173427906000000,2026-09-05T05:04:26.664713+00:00,20546,7775224501850,1920,1200
directshow_index_1,1708,173427937000000,173427937000000,173427937000000,2026-09-05T05:04:26.665716+00:00,,,640,480
daheng_sn_FDE23080341,1696,173428000000000,173428000000000,173428000000000,2026-09-05T05:04:26.776886+00:00,20558,7775316719450,1920,1200
directshow_index_1,1709,173428031000000,173428031000000,173428031000000,2026-09-05T05:04:26.777889+00:00,,,640,480
daheng_sn_FDE23080341,1697,173428093000000,173428093000000,173428093000000,2026-09-05T05:04:26.848754+00:00,20569,7775401252250,1920,1200
directshow_index_1,1710,173428125000000,173428125000000,173428125000000,2026-09-05T05:04:26.849772+00:00,,,640,480
directshow_index_1,1711,173428218000000,173428218000000,173428218000000,2026-09-05T05:04:26.941242+00:00,,,640,480
daheng_sn_FDE23080341,1698,173428187000000,173428187000000,173428187000000,2026-09-05T05:04:26.945326+00:00,20582,7775501154650,1920,1200
daheng_sn_FDE23080341,1699,173428281000000,173428281000000,173428281000000,2026-09-05T05:04:27.037354+00:00,20594,7775593372250,1920,1200
directshow_index_1,1712,173428312000000,173428312000000,173428312000000,2026-09-05T05:04:27.037354+00:00,,,640,480
daheng_sn_FDE23080341,1700,173428375000000,173428375000000,173428375000000,2026-09-05T05:04:27.131516+00:00,20606,7775685589850,1920,1200
directshow_index_1,1713,173428406000000,173428406000000,173428406000000,2026-09-05T05:04:27.135516+00:00,,,640,480
daheng_sn_FDE23080341,1701,173428468000000,173428468000000,173428468000000,2026-09-05T05:04:27.224010+00:00,20618,7775777807450,1920,1200
directshow_index_1,1714,173428500000000,173428500000000,173428500000000,2026-09-05T05:04:27.227011+00:00,,,640,480
directshow_index_1,1715,173428593000000,173428593000000,173428593000000,2026-09-05T05:04:27.319067+00:00,,,640,480
daheng_sn_FDE23080341,1702,173428562000000,173428562000000,173428562000000,2026-09-05T05:04:27.350437+00:00,20630,7775870025050,1920,1200
daheng_sn_FDE23080341,1703,173428656000000,173428656000000,173428656000000,2026-09-05T05:04:27.412950+00:00,20643,7775969927450,1920,1200
directshow_index_1,1716,173428687000000,173428687000000,173428687000000,2026-09-05T05:04:27.415951+00:00,,,640,480
daheng_sn_FDE23080341,1704,173428750000000,173428750000000,173428750000000,2026-09-05T05:04:27.504218+00:00,20655,7776062145050,1920,1200
directshow_index_1,1717,173428781000000,173428781000000,173428781000000,2026-09-05T05:04:27.508021+00:00,,,640,480
daheng_sn_FDE23080341,1705,173428843000000,173428843000000,173428843000000,2026-09-05T05:04:27.600021+00:00,20667,7776154362650,1920,1200
directshow_index_1,1718,173428875000000,173428875000000,173428875000000,2026-09-05T05:04:27.604016+00:00,,,640,480
directshow_index_1,1719,173428968000000,173428968000000,173428968000000,2026-09-05T05:04:27.689050+00:00,,,640,480
daheng_sn_FDE23080341,1706,173428937000000,173428937000000,173428937000000,2026-09-05T05:04:27.694048+00:00,20679,7776246580250,1920,1200
daheng_sn_FDE23080341,1707,173429031000000,173429031000000,173429031000000,2026-09-05T05:04:27.786677+00:00,20692,7776346482650,1920,1200
directshow_index_1,1720,173429062000000,173429062000000,173429062000000,2026-09-05T05:04:27.787675+00:00,,,640,480
directshow_index_1,1721,173429156000000,173429156000000,173429156000000,2026-09-05T05:04:27.882928+00:00,,,640,480
daheng_sn_FDE23080341,1708,173429125000000,173429125000000,173429125000000,2026-09-05T05:04:27.890930+00:00,20704,7776438700250,1920,1200
daheng_sn_FDE23080341,1709,173429218000000,173429218000000,173429218000000,2026-09-05T05:04:27.972453+00:00,20716,7776530917850,1920,1200
directshow_index_1,1722,173429250000000,173429250000000,173429250000000,2026-09-05T05:04:27.976451+00:00,,,640,480
daheng_sn_FDE23080341,1710,173429312000000,173429312000000,173429312000000,2026-09-05T05:04:28.068415+00:00,20728,7776623135450,1920,1200
directshow_index_1,1723,173429343000000,173429343000000,173429343000000,2026-09-05T05:04:28.069418+00:00,,,640,480
directshow_index_1,1724,173429437000000,173429437000000,173429437000000,2026-09-05T05:04:28.158351+00:00,,,640,480
daheng_sn_FDE23080341,1711,173429406000000,173429406000000,173429406000000,2026-09-05T05:04:28.164686+00:00,20741,7776723037850,1920,1200
daheng_sn_FDE23080341,1712,173429500000000,173429500000000,173429500000000,2026-09-05T05:04:28.252860+00:00,20753,7776815255450,1920,1200
directshow_index_1,1725,173429531000000,173429531000000,173429531000000,2026-09-05T05:04:28.254858+00:00,,,640,480
directshow_index_1,1726,173429625000000,173429625000000,173429625000000,2026-09-05T05:04:28.346488+00:00,,,640,480
daheng_sn_FDE23080341,1713,173429593000000,173429593000000,173429593000000,2026-09-05T05:04:28.350482+00:00,20765,7776907473050,1920,1200
daheng_sn_FDE23080341,1714,173429687000000,173429687000000,173429687000000,2026-09-05T05:04:28.444941+00:00,20777,7776999690650,1920,1200
directshow_index_1,1727,173429718000000,173429718000000,173429718000000,2026-09-05T05:04:28.447940+00:00,,,640,480
daheng_sn_FDE23080341,1715,173429781000000,173429781000000,173429781000000,2026-09-05T05:04:28.531979+00:00,20789,7777091908250,1920,1200
directshow_index_1,1728,173429812000000,173429812000000,173429812000000,2026-09-05T05:04:28.534981+00:00,,,640,480
daheng_sn_FDE23080341,1716,173429875000000,173429875000000,173429875000000,2026-09-05T05:04:28.628160+00:00,20802,7777191810650,1920,1200
directshow_index_1,1729,173429906000000,173429906000000,173429906000000,2026-09-05T05:04:28.629158+00:00,,,640,480
directshow_index_1,1730,173430000000000,173430000000000,173430000000000,2026-09-05T05:04:28.723077+00:00,,,640,480
daheng_sn_FDE23080341,1717,173429968000000,173429968000000,173429968000000,2026-09-05T05:04:28.726340+00:00,20814,7777284028250,1920,1200
directshow_index_1,1731,173430093000000,173430093000000,173430093000000,2026-09-05T05:04:28.817360+00:00,,,640,480
daheng_sn_FDE23080341,1718,173430062000000,173430062000000,173430062000000,2026-09-05T05:04:28.828093+00:00,20826,7777376245850,1920,1200
daheng_sn_FDE23080341,1719,173430156000000,173430156000000,173430156000000,2026-09-05T05:04:28.911704+00:00,20839,7777476148250,1920,1200
directshow_index_1,1732,173430187000000,173430187000000,173430187000000,2026-09-05T05:04:28.911704+00:00,,,640,480
directshow_index_1,1733,173430281000000,173430281000000,173430281000000,2026-09-05T05:04:29.007463+00:00,,,640,480
daheng_sn_FDE23080341,1720,173430250000000,173430250000000,173430250000000,2026-09-05T05:04:29.022462+00:00,20850,7777560681050,1920,1200
daheng_sn_FDE23080341,1721,173430343000000,173430343000000,173430343000000,2026-09-05T05:04:29.099182+00:00,20863,7777660583450,1920,1200
directshow_index_1,1734,173430375000000,173430375000000,173430375000000,2026-09-05T05:04:29.099182+00:00,,,640,480
daheng_sn_FDE23080341,1722,173430437000000,173430437000000,173430437000000,2026-09-05T05:04:29.195742+00:00,20875,7777752801050,1920,1200
directshow_index_1,1735,173430468000000,173430468000000,173430468000000,2026-09-05T05:04:29.195742+00:00,,,640,480
daheng_sn_FDE23080341,1723,173430531000000,173430531000000,173430531000000,2026-09-05T05:04:29.286615+00:00,20887,7777845018650,1920,1200
directshow_index_1,1736,173430562000000,173430562000000,173430562000000,2026-09-05T05:04:29.287614+00:00,,,640,480
daheng_sn_FDE23080341,1724,173430625000000,173430625000000,173430625000000,2026-09-05T05:04:29.385209+00:00,20899,7777937236250,1920,1200
directshow_index_1,1737,173430656000000,173430656000000,173430656000000,2026-09-05T05:04:29.385209+00:00,,,640,480
directshow_index_1,1738,173430750000000,173430750000000,173430750000000,2026-09-05T05:04:29.471328+00:00,,,640,480
daheng_sn_FDE23080341,1725,173430718000000,173430718000000,173430718000000,2026-09-05T05:04:29.475410+00:00,20911,7778029453850,1920,1200
daheng_sn_FDE23080341,1726,173430812000000,173430812000000,173430812000000,2026-09-05T05:04:29.576700+00:00,20923,7778121671450,1920,1200
directshow_index_1,1739,173430843000000,173430843000000,173430843000000,2026-09-05T05:04:29.577698+00:00,,,640,480
daheng_sn_FDE23080341,1727,173430906000000,173430906000000,173430906000000,2026-09-05T05:04:29.664202+00:00,20936,7778221573850,1920,1200
directshow_index_1,1740,173430937000000,173430937000000,173430937000000,2026-09-05T05:04:29.665209+00:00,,,640,480
daheng_sn_FDE23080341,1728,173431000000000,173431000000000,173431000000000,2026-09-05T05:04:29.755128+00:00,20948,7778313791450,1920,1200
directshow_index_1,1741,173431031000000,173431031000000,173431031000000,2026-09-05T05:04:29.758814+00:00,,,640,480
daheng_sn_FDE23080341,1729,173431093000000,173431093000000,173431093000000,2026-09-05T05:04:29.850911+00:00,20960,7778406009050,1920,1200
directshow_index_1,1742,173431125000000,173431125000000,173431125000000,2026-09-05T05:04:29.851910+00:00,,,640,480
daheng_sn_FDE23080341,1730,173431187000000,173431187000000,173431187000000,2026-09-05T05:04:29.948848+00:00,20972,7778498226650,1920,1200
directshow_index_1,1743,173431218000000,173431218000000,173431218000000,2026-09-05T05:04:29.948848+00:00,,,640,480
directshow_index_1,1744,173431312000000,173431312000000,173431312000000,2026-09-05T05:04:30.033958+00:00,,,640,480
daheng_sn_FDE23080341,1731,173431281000000,173431281000000,173431281000000,2026-09-05T05:04:30.041459+00:00,20985,7778598129050,1920,1200
directshow_index_1,1745,173431406000000,173431406000000,173431406000000,2026-09-05T05:04:30.132416+00:00,,,640,480
daheng_sn_FDE23080341,1732,173431375000000,173431375000000,173431375000000,2026-09-05T05:04:30.148550+00:00,20997,7778690346650,1920,1200
daheng_sn_FDE23080341,1733,173431468000000,173431468000000,173431468000000,2026-09-05T05:04:30.228306+00:00,21009,7778782564250,1920,1200
directshow_index_1,1746,173431500000000,173431500000000,173431500000000,2026-09-05T05:04:30.229314+00:00,,,640,480
directshow_index_1,1747,173431593000000,173431593000000,173431593000000,2026-09-05T05:04:30.314624+00:00,,,640,480
daheng_sn_FDE23080341,1734,173431562000000,173431562000000,173431562000000,2026-09-05T05:04:30.320626+00:00,21021,7778874781850,1920,1200
daheng_sn_FDE23080341,1735,173431656000000,173431656000000,173431656000000,2026-09-05T05:04:30.410500+00:00,21033,7778966999450,1920,1200
directshow_index_1,1748,173431687000000,173431687000000,173431687000000,2026-09-05T05:04:30.413497+00:00,,,640,480
daheng_sn_FDE23080341,1736,173431750000000,173431750000000,173431750000000,2026-09-05T05:04:30.510398+00:00,21046,7779066901850,1920,1200
directshow_index_1,1749,173431781000000,173431781000000,173431781000000,2026-09-05T05:04:30.510398+00:00,,,640,480
directshow_index_1,1750,173431875000000,173431875000000,173431875000000,2026-09-05T05:04:30.599650+00:00,,,640,480
daheng_sn_FDE23080341,1737,173431843000000,173431843000000,173431843000000,2026-09-05T05:04:30.607710+00:00,21058,7779159119450,1920,1200
daheng_sn_FDE23080341,1738,173431937000000,173431937000000,173431937000000,2026-09-05T05:04:30.701501+00:00,21070,7779251337050,1920,1200
directshow_index_1,1751,173431968000000,173431968000000,173431968000000,2026-09-05T05:04:30.715403+00:00,,,640,480
daheng_sn_FDE23080341,1739,173432031000000,173432031000000,173432031000000,2026-09-05T05:04:30.788715+00:00,21082,7779343554650,1920,1200
directshow_index_1,1752,173432062000000,173432062000000,173432062000000,2026-09-05T05:04:30.788715+00:00,,,640,480
directshow_index_1,1753,173432156000000,173432156000000,173432156000000,2026-09-05T05:04:30.878030+00:00,,,640,480
daheng_sn_FDE23080341,1740,173432125000000,173432125000000,173432125000000,2026-09-05T05:04:30.894027+00:00,21094,7779435772250,1920,1200
directshow_index_1,1754,173432250000000,173432250000000,173432250000000,2026-09-05T05:04:30.971987+00:00,,,640,480
daheng_sn_FDE23080341,1741,173432218000000,173432218000000,173432218000000,2026-09-05T05:04:30.975943+00:00,21107,7779535674650,1920,1200
daheng_sn_FDE23080341,1742,173432312000000,173432312000000,173432312000000,2026-09-05T05:04:31.067269+00:00,21119,7779627892250,1920,1200
directshow_index_1,1755,173432343000000,173432343000000,173432343000000,2026-09-05T05:04:31.067875+00:00,,,640,480
directshow_index_1,1756,173432437000000,173432437000000,173432437000000,2026-09-05T05:04:31.160108+00:00,,,640,480
daheng_sn_FDE23080341,1743,173432406000000,173432406000000,173432406000000,2026-09-05T05:04:31.167934+00:00,21131,7779720109850,1920,1200
daheng_sn_FDE23080341,1744,173432500000000,173432500000000,173432500000000,2026-09-05T05:04:31.266533+00:00,21143,7779812327450,1920,1200
directshow_index_1,1757,173432531000000,173432546000000,173432538500000,2026-09-05T05:04:31.269528+00:00,,,640,480
daheng_sn_FDE23080341,1745,173432593000000,173432593000000,173432593000000,2026-09-05T05:04:31.350372+00:00,21155,7779904545050,1920,1200
directshow_index_1,1758,173432625000000,173432625000000,173432625000000,2026-09-05T05:04:31.350372+00:00,,,640,480
directshow_index_1,1759,173432718000000,173432718000000,173432718000000,2026-09-05T05:04:31.447354+00:00,,,640,480
daheng_sn_FDE23080341,1746,173432687000000,173432687000000,173432687000000,2026-09-05T05:04:31.464354+00:00,21167,7779996762650,1920,1200
directshow_index_1,1760,173432812000000,173432812000000,173432812000000,2026-09-05T05:04:31.535944+00:00,,,640,480
daheng_sn_FDE23080341,1747,173432781000000,173432781000000,173432781000000,2026-09-05T05:04:31.567457+00:00,21180,7780096665050,1920,1200
directshow_index_1,1761,173432906000000,173432906000000,173432906000000,2026-09-05T05:04:31.628264+00:00,,,640,480
daheng_sn_FDE23080341,1748,173432875000000,173432875000000,173432875000000,2026-09-05T05:04:31.633285+00:00,21192,7780188882650,1920,1200
directshow_index_1,1762,173433000000000,173433000000000,173433000000000,2026-09-05T05:04:31.726090+00:00,,,640,480
daheng_sn_FDE23080341,1749,173432968000000,173432968000000,173432968000000,2026-09-05T05:04:31.735194+00:00,21204,7780281100250,1920,1200
daheng_sn_FDE23080341,1750,173433062000000,173433062000000,173433062000000,2026-09-05T05:04:31.838848+00:00,21216,7780373317850,1920,1200
directshow_index_1,1763,173433093000000,173433093000000,173433093000000,2026-09-05T05:04:31.839850+00:00,,,640,480
daheng_sn_FDE23080341,1751,173433156000000,173433156000000,173433156000000,2026-09-05T05:04:31.913589+00:00,21229,7780473220250,1920,1200
directshow_index_1,1764,173433187000000,173433187000000,173433187000000,2026-09-05T05:04:31.915102+00:00,,,640,480
daheng_sn_FDE23080341,1752,173433250000000,173433250000000,173433250000000,2026-09-05T05:04:32.005538+00:00,21241,7780565437850,1920,1200
directshow_index_1,1765,173433281000000,173433281000000,173433281000000,2026-09-05T05:04:32.008011+00:00,,,640,480
directshow_index_1,1766,173433375000000,173433375000000,173433375000000,2026-09-05T05:04:32.095231+00:00,,,640,480
daheng_sn_FDE23080341,1753,173433343000000,173433343000000,173433343000000,2026-09-05T05:04:32.103240+00:00,21253,7780657655450,1920,1200
daheng_sn_FDE23080341,1754,173433437000000,173433437000000,173433437000000,2026-09-05T05:04:32.197339+00:00,21265,7780749873050,1920,1200
directshow_index_1,1767,173433468000000,173433468000000,173433468000000,2026-09-05T05:04:32.198349+00:00,,,640,480
directshow_index_1,1768,173433562000000,173433562000000,173433562000000,2026-09-05T05:04:32.285655+00:00,,,640,480
daheng_sn_FDE23080341,1755,173433531000000,173433531000000,173433531000000,2026-09-05T05:04:32.293665+00:00,21278,7780849775450,1920,1200
daheng_sn_FDE23080341,1756,173433625000000,173433625000000,173433625000000,2026-09-05T05:04:32.381067+00:00,21289,7780934308250,1920,1200
directshow_index_1,1769,173433656000000,173433656000000,173433656000000,2026-09-05T05:04:32.381588+00:00,,,640,480
directshow_index_1,1770,173433750000000,173433750000000,173433750000000,2026-09-05T05:04:32.473463+00:00,,,640,480
daheng_sn_FDE23080341,1757,173433718000000,173433718000000,173433718000000,2026-09-05T05:04:32.485309+00:00,21302,7781034210650,1920,1200
daheng_sn_FDE23080341,1758,173433812000000,173433812000000,173433812000000,2026-09-05T05:04:32.574535+00:00,21314,7781126428250,1920,1200
directshow_index_1,1771,173433843000000,173433843000000,173433843000000,2026-09-05T05:04:32.574535+00:00,,,640,480
directshow_index_1,1772,173433937000000,173433937000000,173433937000000,2026-09-05T05:04:32.658820+00:00,,,640,480
daheng_sn_FDE23080341,1759,173433906000000,173433906000000,173433906000000,2026-09-05T05:04:32.668605+00:00,21326,7781218645850,1920,1200
daheng_sn_FDE23080341,1760,173434000000000,173434000000000,173434000000000,2026-09-05T05:04:32.760676+00:00,21338,7781310863450,1920,1200
directshow_index_1,1773,173434031000000,173434031000000,173434031000000,2026-09-05T05:04:32.760676+00:00,,,640,480
directshow_index_1,1774,173434125000000,173434125000000,173434125000000,2026-09-05T05:04:32.848954+00:00,,,640,480
daheng_sn_FDE23080341,1761,173434093000000,173434093000000,173434093000000,2026-09-05T05:04:32.854951+00:00,21350,7781403081050,1920,1200
directshow_index_1,1775,173434218000000,173434218000000,173434218000000,2026-09-05T05:04:32.941461+00:00,,,640,480
daheng_sn_FDE23080341,1762,173434187000000,173434187000000,173434187000000,2026-09-05T05:04:32.947977+00:00,21362,7781495298650,1920,1200
directshow_index_1,1776,173434312000000,173434312000000,173434312000000,2026-09-05T05:04:33.035441+00:00,,,640,480
daheng_sn_FDE23080341,1763,173434281000000,173434281000000,173434281000000,2026-09-05T05:04:33.041960+00:00,21375,7781595201050,1920,1200
directshow_index_1,1777,173434406000000,173434406000000,173434406000000,2026-09-05T05:04:33.127365+00:00,,,640,480
daheng_sn_FDE23080341,1764,173434375000000,173434375000000,173434375000000,2026-09-05T05:04:33.135890+00:00,21387,7781687418650,1920,1200
directshow_index_1,1778,173434500000000,173434500000000,173434500000000,2026-09-05T05:04:33.222975+00:00,,,640,480
daheng_sn_FDE23080341,1765,173434468000000,173434468000000,173434468000000,2026-09-05T05:04:33.230021+00:00,21399,7781779636250,1920,1200
directshow_index_1,1779,173434593000000,173434593000000,173434593000000,2026-09-05T05:04:33.313972+00:00,,,640,480
daheng_sn_FDE23080341,1766,173434562000000,173434562000000,173434562000000,2026-09-05T05:04:33.320765+00:00,21412,7781879538650,1920,1200
directshow_index_1,1780,173434687000000,173434687000000,173434687000000,2026-09-05T05:04:33.407819+00:00,,,640,480
daheng_sn_FDE23080341,1767,173434656000000,173434656000000,173434656000000,2026-09-05T05:04:33.415819+00:00,21423,7781964071450,1920,1200
daheng_sn_FDE23080341,1768,173434750000000,173434750000000,173434750000000,2026-09-05T05:04:33.509648+00:00,21436,7782063973850,1920,1200
directshow_index_1,1781,173434781000000,173434781000000,173434781000000,2026-09-05T05:04:33.509648+00:00,,,640,480
directshow_index_1,1782,173434875000000,173434875000000,173434875000000,2026-09-05T05:04:33.598542+00:00,,,640,480
daheng_sn_FDE23080341,1769,173434843000000,173434843000000,173434843000000,2026-09-05T05:04:33.606547+00:00,21448,7782156191450,1920,1200
directshow_index_1,1783,173434968000000,173434968000000,173434968000000,2026-09-05T05:04:33.697709+00:00,,,640,480
daheng_sn_FDE23080341,1770,173434937000000,173434937000000,173434937000000,2026-09-05T05:04:33.709540+00:00,21461,7782256093850,1920,1200
daheng_sn_FDE23080341,1771,173435031000000,173435031000000,173435031000000,2026-09-05T05:04:33.790685+00:00,21473,7782348311450,1920,1200
directshow_index_1,1784,173435062000000,173435062000000,173435062000000,2026-09-05T05:04:33.795705+00:00,,,640,480
daheng_sn_FDE23080341,1772,173435125000000,173435125000000,173435125000000,2026-09-05T05:04:33.882305+00:00,21485,7782440529050,1920,1200
directshow_index_1,1785,173435156000000,173435156000000,173435156000000,2026-09-05T05:04:33.882305+00:00,,,640,480
directshow_index_1,1786,173435250000000,173435250000000,173435250000000,2026-09-05T05:04:33.972428+00:00,,,640,480
daheng_sn_FDE23080341,1773,173435218000000,173435218000000,173435218000000,2026-09-05T05:04:33.981431+00:00,21497,7782532746650,1920,1200
directshow_index_1,1787,173435343000000,173435343000000,173435343000000,2026-09-05T05:04:34.064426+00:00,,,640,480
daheng_sn_FDE23080341,1774,173435312000000,173435312000000,173435312000000,2026-09-05T05:04:34.080429+00:00,21510,7782632649050,1920,1200
directshow_index_1,1788,173435437000000,173435437000000,173435437000000,2026-09-05T05:04:34.165934+00:00,,,640,480
daheng_sn_FDE23080341,1775,173435406000000,173435421000000,173435413500000,2026-09-05T05:04:34.182934+00:00,21522,7782724866650,1920,1200
daheng_sn_FDE23080341,1776,173435500000000,173435500000000,173435500000000,2026-09-05T05:04:34.259233+00:00,21534,7782817084250,1920,1200
directshow_index_1,1789,173435531000000,173435531000000,173435531000000,2026-09-05T05:04:34.259233+00:00,,,640,480
daheng_sn_FDE23080341,1777,173435593000000,173435593000000,173435593000000,2026-09-05T05:04:34.351472+00:00,21546,7782909301850,1920,1200
directshow_index_1,1790,173435625000000,173435625000000,173435625000000,2026-09-05T05:04:34.351472+00:00,,,640,480
directshow_index_1,1791,173435718000000,173435718000000,173435718000000,2026-09-05T05:04:34.440451+00:00,,,640,480
daheng_sn_FDE23080341,1778,173435687000000,173435687000000,173435687000000,2026-09-05T05:04:34.445450+00:00,21558,7783001519450,1920,1200
daheng_sn_FDE23080341,1779,173435781000000,173435781000000,173435781000000,2026-09-05T05:04:34.537961+00:00,21570,7783093737050,1920,1200
directshow_index_1,1792,173435812000000,173435812000000,173435812000000,2026-09-05T05:04:34.538959+00:00,,,640,480
daheng_sn_FDE23080341,1780,173435875000000,173435875000000,173435875000000,2026-09-05T05:04:34.631073+00:00,21583,7783193639450,1920,1200
directshow_index_1,1793,173435906000000,173435906000000,173435906000000,2026-09-05T05:04:34.631073+00:00,,,640,480
directshow_index_1,1794,173436000000000,173436000000000,173436000000000,2026-09-05T05:04:34.723112+00:00,,,640,480
daheng_sn_FDE23080341,1781,173435968000000,173435968000000,173435968000000,2026-09-05T05:04:34.737127+00:00,21595,7783285857050,1920,1200
daheng_sn_FDE23080341,1782,173436062000000,173436062000000,173436062000000,2026-09-05T05:04:34.818594+00:00,21607,7783378074650,1920,1200
directshow_index_1,1795,173436093000000,173436093000000,173436093000000,2026-09-05T05:04:34.818594+00:00,,,640,480
directshow_index_1,1796,173436187000000,173436187000000,173436187000000,2026-09-05T05:04:34.907959+00:00,,,640,480
daheng_sn_FDE23080341,1783,173436156000000,173436156000000,173436156000000,2026-09-05T05:04:34.917329+00:00,21619,7783470292250,1920,1200
daheng_sn_FDE23080341,1784,173436250000000,173436250000000,173436250000000,2026-09-05T05:04:35.010472+00:00,21631,7783562509850,1920,1200
directshow_index_1,1797,173436281000000,173436281000000,173436281000000,2026-09-05T05:04:35.012469+00:00,,,640,480
daheng_sn_FDE23080341,1785,173436343000000,173436343000000,173436343000000,2026-09-05T05:04:35.100925+00:00,21644,7783662412250,1920,1200
directshow_index_1,1798,173436375000000,173436375000000,173436375000000,2026-09-05T05:04:35.101926+00:00,,,640,480
daheng_sn_FDE23080341,1786,173436437000000,173436437000000,173436437000000,2026-09-05T05:04:35.193705+00:00,21656,7783754629850,1920,1200
directshow_index_1,1799,173436468000000,173436468000000,173436468000000,2026-09-05T05:04:35.194718+00:00,,,640,480
daheng_sn_FDE23080341,1787,173436531000000,173436531000000,173436531000000,2026-09-05T05:04:35.289536+00:00,21668,7783846847450,1920,1200
directshow_index_1,1800,173436562000000,173436562000000,173436562000000,2026-09-05T05:04:35.289536+00:00,,,640,480
directshow_index_1,1801,173436656000000,173436656000000,173436656000000,2026-09-05T05:04:35.378366+00:00,,,640,480
daheng_sn_FDE23080341,1788,173436625000000,173436625000000,173436625000000,2026-09-05T05:04:35.384368+00:00,21680,7783939065050,1920,1200
directshow_index_1,1802,173436750000000,173436750000000,173436750000000,2026-09-05T05:04:35.470375+00:00,,,640,480
daheng_sn_FDE23080341,1789,173436718000000,173436718000000,173436718000000,2026-09-05T05:04:35.475375+00:00,21692,7784031282650,1920,1200
daheng_sn_FDE23080341,1790,173436812000000,173436812000000,173436812000000,2026-09-05T05:04:35.572700+00:00,21704,7784123500250,1920,1200
directshow_index_1,1803,173436843000000,173436843000000,173436843000000,2026-09-05T05:04:35.572700+00:00,,,640,480
daheng_sn_FDE23080341,1791,173436906000000,173436906000000,173436906000000,2026-09-05T05:04:35.664240+00:00,21716,7784215717850,1920,1200
directshow_index_1,1804,173436937000000,173436937000000,173436937000000,2026-09-05T05:04:35.664240+00:00,,,640,480
daheng_sn_FDE23080341,1792,173437000000000,173437000000000,173437000000000,2026-09-05T05:04:35.759200+00:00,21728,7784307935450,1920,1200
directshow_index_1,1805,173437031000000,173437031000000,173437031000000,2026-09-05T05:04:35.760199+00:00,,,640,480
daheng_sn_FDE23080341,1793,173437093000000,173437093000000,173437093000000,2026-09-05T05:04:35.855572+00:00,21741,7784407837850,1920,1200
directshow_index_1,1806,173437125000000,173437125000000,173437125000000,2026-09-05T05:04:35.855572+00:00,,,640,480
directshow_index_1,1807,173437218000000,173437218000000,173437218000000,2026-09-05T05:04:35.941051+00:00,,,640,480
daheng_sn_FDE23080341,1794,173437187000000,173437187000000,173437187000000,2026-09-05T05:04:35.945048+00:00,21753,7784500055450,1920,1200
daheng_sn_FDE23080341,1795,173437281000000,173437281000000,173437281000000,2026-09-05T05:04:36.039414+00:00,21765,7784592273050,1920,1200
directshow_index_1,1808,173437312000000,173437312000000,173437312000000,2026-09-05T05:04:36.039414+00:00,,,640,480
daheng_sn_FDE23080341,1796,173437375000000,173437375000000,173437375000000,2026-09-05T05:04:36.135775+00:00,21778,7784692175450,1920,1200
directshow_index_1,1809,173437406000000,173437406000000,173437406000000,2026-09-05T05:04:36.135775+00:00,,,640,480
directshow_index_1,1810,173437500000000,173437500000000,173437500000000,2026-09-05T05:04:36.221325+00:00,,,640,480
daheng_sn_FDE23080341,1797,173437468000000,173437468000000,173437468000000,2026-09-05T05:04:36.228340+00:00,21789,7784776708250,1920,1200
daheng_sn_FDE23080341,1798,173437562000000,173437562000000,173437562000000,2026-09-05T05:04:36.319935+00:00,21802,7784876610650,1920,1200
directshow_index_1,1811,173437593000000,173437593000000,173437593000000,2026-09-05T05:04:36.319935+00:00,,,640,480
directshow_index_1,1812,173437687000000,173437687000000,173437687000000,2026-09-05T05:04:36.410414+00:00,,,640,480
daheng_sn_FDE23080341,1799,173437656000000,173437656000000,173437656000000,2026-09-05T05:04:36.416371+00:00,21814,7784968828250,1920,1200
directshow_index_1,1813,173437781000000,173437781000000,173437781000000,2026-09-05T05:04:36.501684+00:00,,,640,480
daheng_sn_FDE23080341,1800,173437750000000,173437750000000,173437750000000,2026-09-05T05:04:36.506956+00:00,21826,7785061045850,1920,1200
daheng_sn_FDE23080341,1801,173437843000000,173437843000000,173437843000000,2026-09-05T05:04:36.602612+00:00,21838,7785153263450,1920,1200
directshow_index_1,1814,173437875000000,173437875000000,173437875000000,2026-09-05T05:04:36.602612+00:00,,,640,480
daheng_sn_FDE23080341,1802,173437937000000,173437937000000,173437937000000,2026-09-05T05:04:36.692852+00:00,21851,7785253165850,1920,1200
directshow_index_1,1815,173437968000000,173437968000000,173437968000000,2026-09-05T05:04:36.693851+00:00,,,640,480
daheng_sn_FDE23080341,1803,173438031000000,173438031000000,173438031000000,2026-09-05T05:04:36.785919+00:00,21863,7785345383450,1920,1200
directshow_index_1,1816,173438062000000,173438062000000,173438062000000,2026-09-05T05:04:36.786919+00:00,,,640,480
directshow_index_1,1817,173438156000000,173438156000000,173438156000000,2026-09-05T05:04:36.878298+00:00,,,640,480
daheng_sn_FDE23080341,1804,173438125000000,173438125000000,173438125000000,2026-09-05T05:04:36.884298+00:00,21875,7785437601050,1920,1200
directshow_index_1,1818,173438250000000,173438250000000,173438250000000,2026-09-05T05:04:36.973005+00:00,,,640,480
daheng_sn_FDE23080341,1805,173438218000000,173438218000000,173438218000000,2026-09-05T05:04:36.989155+00:00,21887,7785529818650,1920,1200
daheng_sn_FDE23080341,1806,173438312000000,173438312000000,173438312000000,2026-09-05T05:04:37.067923+00:00,21899,7785622036250,1920,1200
directshow_index_1,1819,173438343000000,173438343000000,173438343000000,2026-09-05T05:04:37.067923+00:00,,,640,480
directshow_index_1,1820,173438437000000,173438437000000,173438437000000,2026-09-05T05:04:37.158134+00:00,,,640,480
daheng_sn_FDE23080341,1807,173438406000000,173438406000000,173438406000000,2026-09-05T05:04:37.164132+00:00,21912,7785721938650,1920,1200
daheng_sn_FDE23080341,1808,173438500000000,173438500000000,173438500000000,2026-09-05T05:04:37.253198+00:00,21924,7785814156250,1920,1200
directshow_index_1,1821,173438531000000,173438531000000,173438531000000,2026-09-05T05:04:37.256616+00:00,,,640,480
directshow_index_1,1822,173438625000000,173438625000000,173438625000000,2026-09-05T05:04:37.349888+00:00,,,640,480
daheng_sn_FDE23080341,1809,173438593000000,173438593000000,173438593000000,2026-09-05T05:04:37.356912+00:00,21936,7785906373850,1920,1200
daheng_sn_FDE23080341,1810,173438687000000,173438687000000,173438687000000,2026-09-05T05:04:37.438814+00:00,21949,7786006276250,1920,1200
directshow_index_1,1823,173438718000000,173438718000000,173438718000000,2026-09-05T05:04:37.443808+00:00,,,640,480
directshow_index_1,1824,173438812000000,173438812000000,173438812000000,2026-09-05T05:04:37.547403+00:00,,,640,480
daheng_sn_FDE23080341,1811,173438781000000,173438781000000,173438781000000,2026-09-05T05:04:37.561934+00:00,21960,7786090809050,1920,1200
daheng_sn_FDE23080341,1812,173438875000000,173438875000000,173438875000000,2026-09-05T05:04:37.631238+00:00,21972,7786183026650,1920,1200
directshow_index_1,1825,173438906000000,173438906000000,173438906000000,2026-09-05T05:04:37.632243+00:00,,,640,480
daheng_sn_FDE23080341,1813,173438968000000,173438968000000,173438968000000,2026-09-05T05:04:37.723887+00:00,21985,7786282929050,1920,1200
directshow_index_1,1826,173439000000000,173439000000000,173439000000000,2026-09-05T05:04:37.725903+00:00,,,640,480
daheng_sn_FDE23080341,1814,173439062000000,173439062000000,173439062000000,2026-09-05T05:04:37.817767+00:00,21997,7786375146650,1920,1200
directshow_index_1,1827,173439093000000,173439093000000,173439093000000,2026-09-05T05:04:37.817767+00:00,,,640,480
daheng_sn_FDE23080341,1815,173439156000000,173439156000000,173439156000000,2026-09-05T05:04:37.914966+00:00,22010,7786475049050,1920,1200
directshow_index_1,1828,173439187000000,173439187000000,173439187000000,2026-09-05T05:04:37.915958+00:00,,,640,480
directshow_index_1,1829,173439281000000,173439281000000,173439281000000,2026-09-05T05:04:38.009276+00:00,,,640,480
daheng_sn_FDE23080341,1816,173439250000000,173439250000000,173439250000000,2026-09-05T05:04:38.021282+00:00,22021,7786559581850,1920,1200
directshow_index_1,1830,173439375000000,173439375000000,173439375000000,2026-09-05T05:04:38.103409+00:00,,,640,480
daheng_sn_FDE23080341,1817,173439343000000,173439343000000,173439343000000,2026-09-05T05:04:38.117408+00:00,22033,7786651799450,1920,1200
directshow_index_1,1831,173439468000000,173439468000000,173439468000000,2026-09-05T05:04:38.191937+00:00,,,640,480
daheng_sn_FDE23080341,1818,173439437000000,173439453000000,173439445000000,2026-09-05T05:04:38.214939+00:00,22046,7786751701850,1920,1200
daheng_sn_FDE23080341,1819,173439531000000,173439531000000,173439531000000,2026-09-05T05:04:38.288177+00:00,22058,7786843919450,1920,1200
directshow_index_1,1832,173439562000000,173439562000000,173439562000000,2026-09-05T05:04:38.289177+00:00,,,640,480
daheng_sn_FDE23080341,1820,173439625000000,173439625000000,173439625000000,2026-09-05T05:04:38.381964+00:00,22071,7786943821850,1920,1200
directshow_index_1,1833,173439656000000,173439656000000,173439656000000,2026-09-05T05:04:38.382965+00:00,,,640,480
directshow_index_1,1834,173439750000000,173439750000000,173439750000000,2026-09-05T05:04:38.472893+00:00,,,640,480
daheng_sn_FDE23080341,1821,173439718000000,173439718000000,173439718000000,2026-09-05T05:04:38.480349+00:00,22082,7787028354650,1920,1200
directshow_index_1,1835,173439843000000,173439843000000,173439843000000,2026-09-05T05:04:38.564975+00:00,,,640,480
daheng_sn_FDE23080341,1822,173439812000000,173439812000000,173439812000000,2026-09-05T05:04:38.583973+00:00,22095,7787128257050,1920,1200
directshow_index_1,1836,173439937000000,173439937000000,173439937000000,2026-09-05T05:04:38.658415+00:00,,,640,480
daheng_sn_FDE23080341,1823,173439906000000,173439906000000,173439906000000,2026-09-05T05:04:38.671403+00:00,22107,7787220474650,1920,1200
daheng_sn_FDE23080341,1824,173440000000000,173440000000000,173440000000000,2026-09-05T05:04:38.771650+00:00,22119,7787312692250,1920,1200
directshow_index_1,1837,173440031000000,173440031000000,173440031000000,2026-09-05T05:04:38.771650+00:00,,,640,480
directshow_index_1,1838,173440125000000,173440125000000,173440125000000,2026-09-05T05:04:38.850775+00:00,,,640,480
daheng_sn_FDE23080341,1825,173440093000000,173440093000000,173440093000000,2026-09-05T05:04:38.855210+00:00,22131,7787404909850,1920,1200
directshow_index_1,1839,173440218000000,173440218000000,173440218000000,2026-09-05T05:04:38.946604+00:00,,,640,480
daheng_sn_FDE23080341,1826,173440187000000,173440187000000,173440187000000,2026-09-05T05:04:38.953602+00:00,22144,7787504812250,1920,1200
daheng_sn_FDE23080341,1827,173440281000000,173440281000000,173440281000000,2026-09-05T05:04:39.040573+00:00,22156,7787597029850,1920,1200
directshow_index_1,1840,173440312000000,173440312000000,173440312000000,2026-09-05T05:04:39.040573+00:00,,,640,480
daheng_sn_FDE23080341,1828,173440375000000,173440375000000,173440375000000,2026-09-05T05:04:39.134225+00:00,22168,7787689247450,1920,1200
directshow_index_1,1841,173440406000000,173440406000000,173440406000000,2026-09-05T05:04:39.135231+00:00,,,640,480
daheng_sn_FDE23080341,1829,173440468000000,173440468000000,173440468000000,2026-09-05T05:04:39.229898+00:00,22181,7787789149850,1920,1200
directshow_index_1,1842,173440500000000,173440500000000,173440500000000,2026-09-05T05:04:39.229898+00:00,,,640,480
directshow_index_1,1843,173440593000000,173440593000000,173440593000000,2026-09-05T05:04:39.325578+00:00,,,640,480
daheng_sn_FDE23080341,1830,173440562000000,173440562000000,173440562000000,2026-09-05T05:04:39.338983+00:00,22192,7787873682650,1920,1200
daheng_sn_FDE23080341,1831,173440656000000,173440656000000,173440656000000,2026-09-05T05:04:39.416795+00:00,22204,7787965900250,1920,1200
directshow_index_1,1844,173440687000000,173440687000000,173440687000000,2026-09-05T05:04:39.417805+00:00,,,640,480
directshow_index_1,1845,173440781000000,173440781000000,173440781000000,2026-09-05T05:04:39.501943+00:00,,,640,480
daheng_sn_FDE23080341,1832,173440750000000,173440750000000,173440750000000,2026-09-05T05:04:39.510261+00:00,22217,7788065802650,1920,1200
directshow_index_1,1846,173440875000000,173440875000000,173440875000000,2026-09-05T05:04:39.596091+00:00,,,640,480
daheng_sn_FDE23080341,1833,173440843000000,173440843000000,173440843000000,2026-09-05T05:04:39.602092+00:00,22229,7788158020250,1920,1200
daheng_sn_FDE23080341,1834,173440937000000,173440937000000,173440937000000,2026-09-05T05:04:39.694301+00:00,22241,7788250237850,1920,1200
directshow_index_1,1847,173440968000000,173440968000000,173440968000000,2026-09-05T05:04:39.695294+00:00,,,640,480
directshow_index_1,1848,173441062000000,173441062000000,173441062000000,2026-09-05T05:04:39.785102+00:00,,,640,480
daheng_sn_FDE23080341,1835,173441031000000,173441031000000,173441031000000,2026-09-05T05:04:39.796117+00:00,22254,7788350140250,1920,1200
daheng_sn_FDE23080341,1836,173441125000000,173441125000000,173441125000000,2026-09-05T05:04:39.884875+00:00,22265,7788434673050,1920,1200
directshow_index_1,1849,173441156000000,173441171000000,173441163500000,2026-09-05T05:04:39.900778+00:00,,,640,480
daheng_sn_FDE23080341,1837,173441218000000,173441218000000,173441218000000,2026-09-05T05:04:39.974150+00:00,22278,7788534575450,1920,1200
directshow_index_1,1850,173441250000000,173441250000000,173441250000000,2026-09-05T05:04:39.975677+00:00,,,640,480
directshow_index_1,1851,173441343000000,173441343000000,173441343000000,2026-09-05T05:04:40.066598+00:00,,,640,480
daheng_sn_FDE23080341,1838,173441312000000,173441312000000,173441312000000,2026-09-05T05:04:40.075298+00:00,22290,7788626793050,1920,1200
directshow_index_1,1852,173441437000000,173441437000000,173441437000000,2026-09-05T05:04:40.163074+00:00,,,640,480
daheng_sn_FDE23080341,1839,173441406000000,173441406000000,173441406000000,2026-09-05T05:04:40.169066+00:00,22302,7788719010650,1920,1200
directshow_index_1,1853,173441531000000,173441531000000,173441531000000,2026-09-05T05:04:40.254994+00:00,,,640,480
daheng_sn_FDE23080341,1840,173441500000000,173441500000000,173441500000000,2026-09-05T05:04:40.264651+00:00,22314,7788811228250,1920,1200
daheng_sn_FDE23080341,1841,173441593000000,173441593000000,173441593000000,2026-09-05T05:04:40.350362+00:00,22327,7788911130650,1920,1200
directshow_index_1,1854,173441625000000,173441625000000,173441625000000,2026-09-05T05:04:40.351363+00:00,,,640,480
daheng_sn_FDE23080341,1842,173441687000000,173441687000000,173441687000000,2026-09-05T05:04:40.447975+00:00,22338,7788995663450,1920,1200
directshow_index_1,1855,173441718000000,173441718000000,173441718000000,2026-09-05T05:04:40.452982+00:00,,,640,480
directshow_index_1,1856,173441812000000,173441812000000,173441812000000,2026-09-05T05:04:40.534569+00:00,,,640,480
daheng_sn_FDE23080341,1843,173441781000000,173441781000000,173441781000000,2026-09-05T05:04:40.543598+00:00,22351,7789095565850,1920,1200
directshow_index_1,1857,173441906000000,173441906000000,173441906000000,2026-09-05T05:04:40.631448+00:00,,,640,480
daheng_sn_FDE23080341,1844,173441875000000,173441875000000,173441875000000,2026-09-05T05:04:40.641451+00:00,22363,7789187783450,1920,1200
directshow_index_1,1858,173442000000000,173442000000000,173442000000000,2026-09-05T05:04:40.725862+00:00,,,640,480
daheng_sn_FDE23080341,1845,173441968000000,173441968000000,173441968000000,2026-09-05T05:04:40.730868+00:00,22375,7789280001050,1920,1200
daheng_sn_FDE23080341,1846,173442062000000,173442062000000,173442062000000,2026-09-05T05:04:40.819866+00:00,22388,7789379903450,1920,1200
directshow_index_1,1859,173442093000000,173442093000000,173442093000000,2026-09-05T05:04:40.820865+00:00,,,640,480
directshow_index_1,1860,173442187000000,173442187000000,173442187000000,2026-09-05T05:04:40.911685+00:00,,,640,480
daheng_sn_FDE23080341,1847,173442156000000,173442156000000,173442156000000,2026-09-05T05:04:40.916876+00:00,22399,7789464436250,1920,1200
directshow_index_1,1861,173442281000000,173442281000000,173442281000000,2026-09-05T05:04:41.005206+00:00,,,640,480
daheng_sn_FDE23080341,1848,173442250000000,173442250000000,173442250000000,2026-09-05T05:04:41.012342+00:00,22412,7789564338650,1920,1200
directshow_index_1,1862,173442375000000,173442375000000,173442375000000,2026-09-05T05:04:41.095686+00:00,,,640,480
daheng_sn_FDE23080341,1849,173442343000000,173442343000000,173442343000000,2026-09-05T05:04:41.111379+00:00,22424,7789656556250,1920,1200
directshow_index_1,1863,173442468000000,173442468000000,173442468000000,2026-09-05T05:04:41.193136+00:00,,,640,480
daheng_sn_FDE23080341,1850,173442437000000,173442437000000,173442437000000,2026-09-05T05:04:41.216358+00:00,22437,7789756458650,1920,1200
daheng_sn_FDE23080341,1851,173442531000000,173442531000000,173442531000000,2026-09-05T05:04:41.291738+00:00,22449,7789848676250,1920,1200
directshow_index_1,1864,173442562000000,173442562000000,173442562000000,2026-09-05T05:04:41.291738+00:00,,,640,480
daheng_sn_FDE23080341,1852,173442625000000,173442625000000,173442625000000,2026-09-05T05:04:41.385351+00:00,22460,7789933209050,1920,1200
directshow_index_1,1865,173442656000000,173442656000000,173442656000000,2026-09-05T05:04:41.386334+00:00,,,640,480
directshow_index_1,1866,173442750000000,173442750000000,173442750000000,2026-09-05T05:04:41.471985+00:00,,,640,480
daheng_sn_FDE23080341,1853,173442718000000,173442718000000,173442718000000,2026-09-05T05:04:41.493105+00:00,22473,7790033111450,1920,1200
directshow_index_1,1867,173442843000000,173442843000000,173442843000000,2026-09-05T05:04:41.565125+00:00,,,640,480
daheng_sn_FDE23080341,1854,173442812000000,173442812000000,173442812000000,2026-09-05T05:04:41.571120+00:00,22485,7790125329050,1920,1200
directshow_index_1,1868,173442937000000,173442937000000,173442937000000,2026-09-05T05:04:41.657560+00:00,,,640,480
daheng_sn_FDE23080341,1855,173442906000000,173442906000000,173442906000000,2026-09-05T05:04:41.678124+00:00,22498,7790225231450,1920,1200
daheng_sn_FDE23080341,1856,173443000000000,173443000000000,173443000000000,2026-09-05T05:04:41.760775+00:00,22510,7790317449050,1920,1200
directshow_index_1,1869,173443031000000,173443031000000,173443031000000,2026-09-05T05:04:41.760775+00:00,,,640,480
daheng_sn_FDE23080341,1857,173443093000000,173443093000000,173443093000000,2026-09-05T05:04:41.850981+00:00,22521,7790401981850,1920,1200
directshow_index_1,1870,173443125000000,173443125000000,173443125000000,2026-09-05T05:04:41.851981+00:00,,,640,480
daheng_sn_FDE23080341,1858,173443187000000,173443187000000,173443187000000,2026-09-05T05:04:41.942617+00:00,22534,7790501884250,1920,1200
directshow_index_1,1871,173443218000000,173443218000000,173443218000000,2026-09-05T05:04:41.945958+00:00,,,640,480
daheng_sn_FDE23080341,1859,173443281000000,173443281000000,173443281000000,2026-09-05T05:04:42.042009+00:00,22546,7790594101850,1920,1200
directshow_index_1,1872,173443312000000,173443312000000,173443312000000,2026-09-05T05:04:42.042009+00:00,,,640,480
directshow_index_1,1873,173443406000000,173443406000000,173443406000000,2026-09-05T05:04:42.128534+00:00,,,640,480
daheng_sn_FDE23080341,1860,173443375000000,173443375000000,173443375000000,2026-09-05T05:04:42.142703+00:00,22558,7790686319450,1920,1200
directshow_index_1,1874,173443500000000,173443515000000,173443507500000,2026-09-05T05:04:42.249942+00:00,,,640,480
daheng_sn_FDE23080341,1861,173443468000000,173443468000000,173443468000000,2026-09-05T05:04:42.256310+00:00,22571,7790786221850,1920,1200
directshow_index_1,1875,173443593000000,173443593000000,173443593000000,2026-09-05T05:04:42.315617+00:00,,,640,480
daheng_sn_FDE23080341,1862,173443562000000,173443562000000,173443562000000,2026-09-05T05:04:42.326616+00:00,22583,7790878439450,1920,1200
directshow_index_1,1876,173443687000000,173443687000000,173443687000000,2026-09-05T05:04:42.413622+00:00,,,640,480
daheng_sn_FDE23080341,1863,173443656000000,173443656000000,173443656000000,2026-09-05T05:04:42.420134+00:00,22595,7790970657050,1920,1200
directshow_index_1,1877,173443781000000,173443781000000,173443781000000,2026-09-05T05:04:42.506176+00:00,,,640,480
daheng_sn_FDE23080341,1864,173443750000000,173443750000000,173443750000000,2026-09-05T05:04:42.522654+00:00,22607,7791062874650,1920,1200
directshow_index_1,1878,173443875000000,173443875000000,173443875000000,2026-09-05T05:04:42.596005+00:00,,,640,480
daheng_sn_FDE23080341,1865,173443843000000,173443843000000,173443843000000,2026-09-05T05:04:42.613484+00:00,22619,7791155092250,1920,1200
directshow_index_1,1879,173443968000000,173443968000000,173443968000000,2026-09-05T05:04:42.690544+00:00,,,640,480
daheng_sn_FDE23080341,1866,173443937000000,173443937000000,173443937000000,2026-09-05T05:04:42.720922+00:00,22632,7791254994650,1920,1200
daheng_sn_FDE23080341,1867,173444031000000,173444031000000,173444031000000,2026-09-05T05:04:42.800200+00:00,22644,7791347212250,1920,1200
directshow_index_1,1880,173444062000000,173444078000000,173444070000000,2026-09-05T05:04:42.811019+00:00,,,640,480
directshow_index_1,1881,173444156000000,173444156000000,173444156000000,2026-09-05T05:04:42.882321+00:00,,,640,480
daheng_sn_FDE23080341,1868,173444125000000,173444125000000,173444125000000,2026-09-05T05:04:42.887007+00:00,22656,7791439429850,1920,1200
directshow_index_1,1882,173444250000000,173444250000000,173444250000000,2026-09-05T05:04:42.975808+00:00,,,640,480
daheng_sn_FDE23080341,1869,173444218000000,173444218000000,173444218000000,2026-09-05T05:04:42.980804+00:00,22668,7791531647450,1920,1200
directshow_index_1,1883,173444343000000,173444343000000,173444343000000,2026-09-05T05:04:43.067573+00:00,,,640,480
daheng_sn_FDE23080341,1870,173444312000000,173444312000000,173444312000000,2026-09-05T05:04:43.074580+00:00,22680,7791623865050,1920,1200
directshow_index_1,1884,173444437000000,173444437000000,173444437000000,2026-09-05T05:04:43.163173+00:00,,,640,480
daheng_sn_FDE23080341,1871,173444406000000,173444406000000,173444406000000,2026-09-05T05:04:43.167982+00:00,22693,7791723767450,1920,1200
directshow_index_1,1885,173444531000000,173444531000000,173444531000000,2026-09-05T05:04:43.259016+00:00,,,640,480
daheng_sn_FDE23080341,1872,173444500000000,173444500000000,173444500000000,2026-09-05T05:04:43.266553+00:00,22705,7791815985050,1920,1200
daheng_sn_FDE23080341,1873,173444593000000,173444593000000,173444593000000,2026-09-05T05:04:43.355335+00:00,22717,7791908202650,1920,1200
directshow_index_1,1886,173444625000000,173444640000000,173444632500000,2026-09-05T05:04:43.366118+00:00,,,640,480
directshow_index_1,1887,173444718000000,173444718000000,173444718000000,2026-09-05T05:04:43.443886+00:00,,,640,480
daheng_sn_FDE23080341,1874,173444687000000,173444687000000,173444687000000,2026-09-05T05:04:43.447885+00:00,22729,7792000420250,1920,1200
daheng_sn_FDE23080341,1875,173444781000000,173444781000000,173444781000000,2026-09-05T05:04:43.539612+00:00,22742,7792100322650,1920,1200
directshow_index_1,1888,173444812000000,173444812000000,173444812000000,2026-09-05T05:04:43.539612+00:00,,,640,480
daheng_sn_FDE23080341,1876,173444875000000,173444875000000,173444875000000,2026-09-05T05:04:43.630699+00:00,22754,7792192540250,1920,1200
directshow_index_1,1889,173444906000000,173444906000000,173444906000000,2026-09-05T05:04:43.631712+00:00,,,640,480
daheng_sn_FDE23080341,1877,173444968000000,173444968000000,173444968000000,2026-09-05T05:04:43.728371+00:00,22766,7792284757850,1920,1200
directshow_index_1,1890,173445000000000,173445000000000,173445000000000,2026-09-05T05:04:43.728371+00:00,,,640,480
daheng_sn_FDE23080341,1878,173445062000000,173445062000000,173445062000000,2026-09-05T05:04:43.814842+00:00,22778,7792376975450,1920,1200
directshow_index_1,1891,173445093000000,173445093000000,173445093000000,2026-09-05T05:04:43.820486+00:00,,,640,480
directshow_index_1,1892,173445187000000,173445187000000,173445187000000,2026-09-05T05:04:43.917358+00:00,,,640,480
daheng_sn_FDE23080341,1879,173445156000000,173445156000000,173445156000000,2026-09-05T05:04:43.939653+00:00,22790,7792469193050,1920,1200
daheng_sn_FDE23080341,1880,173445250000000,173445250000000,173445250000000,2026-09-05T05:04:44.003789+00:00,22803,7792569095450,1920,1200
directshow_index_1,1893,173445281000000,173445281000000,173445281000000,2026-09-05T05:04:44.003789+00:00,,,640,480
directshow_index_1,1894,173445375000000,173445375000000,173445375000000,2026-09-05T05:04:44.101193+00:00,,,640,480
daheng_sn_FDE23080341,1881,173445343000000,173445359000000,173445351000000,2026-09-05T05:04:44.116193+00:00,22815,7792661313050,1920,1200
daheng_sn_FDE23080341,1882,173445437000000,173445437000000,173445437000000,2026-09-05T05:04:44.187252+00:00,22827,7792753530650,1920,1200
directshow_index_1,1895,173445468000000,173445468000000,173445468000000,2026-09-05T05:04:44.191803+00:00,,,640,480
daheng_sn_FDE23080341,1883,173445531000000,173445531000000,173445531000000,2026-09-05T05:04:44.278760+00:00,22839,7792845748250,1920,1200
directshow_index_1,1896,173445562000000,173445562000000,173445562000000,2026-09-05T05:04:44.281760+00:00,,,640,480
daheng_sn_FDE23080341,1884,173445625000000,173445625000000,173445625000000,2026-09-05T05:04:44.379265+00:00,22851,7792937965850,1920,1200
directshow_index_1,1897,173445656000000,173445656000000,173445656000000,2026-09-05T05:04:44.379265+00:00,,,640,480
daheng_sn_FDE23080341,1885,173445718000000,173445718000000,173445718000000,2026-09-05T05:04:44.489188+00:00,22864,7793037868250,1920,1200
directshow_index_1,1898,173445750000000,173445765000000,173445757500000,2026-09-05T05:04:44.489188+00:00,,,640,480
daheng_sn_FDE23080341,1886,173445812000000,173445812000000,173445812000000,2026-09-05T05:04:44.560075+00:00,22876,7793130085850,1920,1200
directshow_index_1,1899,173445843000000,173445843000000,173445843000000,2026-09-05T05:04:44.564591+00:00,,,640,480
directshow_index_1,1900,173445937000000,173445937000000,173445937000000,2026-09-05T05:04:44.663886+00:00,,,640,480
daheng_sn_FDE23080341,1887,173445906000000,173445906000000,173445906000000,2026-09-05T05:04:44.677898+00:00,22887,7793214618650,1920,1200
directshow_index_1,1901,173446031000000,173446031000000,173446031000000,2026-09-05T05:04:44.759652+00:00,,,640,480
daheng_sn_FDE23080341,1888,173446000000000,173446000000000,173446000000000,2026-09-05T05:04:44.775218+00:00,22900,7793314521050,1920,1200
directshow_index_1,1902,173446125000000,173446125000000,173446125000000,2026-09-05T05:04:44.847397+00:00,,,640,480
daheng_sn_FDE23080341,1889,173446093000000,173446093000000,173446093000000,2026-09-05T05:04:44.853370+00:00,22912,7793406738650,1920,1200
daheng_sn_FDE23080341,1890,173446187000000,173446187000000,173446187000000,2026-09-05T05:04:44.947514+00:00,22925,7793506641050,1920,1200
directshow_index_1,1903,173446218000000,173446218000000,173446218000000,2026-09-05T05:04:44.947514+00:00,,,640,480
directshow_index_1,1904,173446312000000,173446312000000,173446312000000,2026-09-05T05:04:45.044739+00:00,,,640,480
daheng_sn_FDE23080341,1891,173446281000000,173446281000000,173446281000000,2026-09-05T05:04:45.066267+00:00,22937,7793598858650,1920,1200
daheng_sn_FDE23080341,1892,173446375000000,173446375000000,173446375000000,2026-09-05T05:04:45.133006+00:00,22949,7793691076250,1920,1200
directshow_index_1,1905,173446406000000,173446406000000,173446406000000,2026-09-05T05:04:45.133006+00:00,,,640,480
daheng_sn_FDE23080341,1893,173446468000000,173446468000000,173446468000000,2026-09-05T05:04:45.223886+00:00,22961,7793783293850,1920,1200
directshow_index_1,1906,173446500000000,173446500000000,173446500000000,2026-09-05T05:04:45.223886+00:00,,,640,480
directshow_index_1,1907,173446593000000,173446593000000,173446593000000,2026-09-05T05:04:45.315534+00:00,,,640,480
daheng_sn_FDE23080341,1894,173446562000000,173446562000000,173446562000000,2026-09-05T05:04:45.322093+00:00,22973,7793875511450,1920,1200
daheng_sn_FDE23080341,1895,173446656000000,173446656000000,173446656000000,2026-09-05T05:04:45.420144+00:00,22985,7793967729050,1920,1200
directshow_index_1,1908,173446687000000,173446687000000,173446687000000,2026-09-05T05:04:45.421151+00:00,,,640,480
daheng_sn_FDE23080341,1896,173446750000000,173446750000000,173446750000000,2026-09-05T05:04:45.503197+00:00,22998,7794067631450,1920,1200
directshow_index_1,1909,173446781000000,173446781000000,173446781000000,2026-09-05T05:04:45.504938+00:00,,,640,480
daheng_sn_FDE23080341,1897,173446843000000,173446843000000,173446843000000,2026-09-05T05:04:45.612268+00:00,23009,7794152164250,1920,1200
directshow_index_1,1910,173446875000000,173446890000000,173446882500000,2026-09-05T05:04:45.620266+00:00,,,640,480
directshow_index_1,1911,173446968000000,173446968000000,173446968000000,2026-09-05T05:04:45.690973+00:00,,,640,480
daheng_sn_FDE23080341,1898,173446937000000,173446937000000,173446937000000,2026-09-05T05:04:45.704428+00:00,23022,7794252066650,1920,1200
directshow_index_1,1912,173447062000000,173447062000000,173447062000000,2026-09-05T05:04:45.782682+00:00,,,640,480
daheng_sn_FDE23080341,1899,173447031000000,173447031000000,173447031000000,2026-09-05T05:04:45.787191+00:00,23034,7794344284250,1920,1200
daheng_sn_FDE23080341,1900,173447125000000,173447125000000,173447125000000,2026-09-05T05:04:45.876971+00:00,23046,7794436501850,1920,1200
directshow_index_1,1913,173447156000000,173447156000000,173447156000000,2026-09-05T05:04:45.880972+00:00,,,640,480
daheng_sn_FDE23080341,1901,173447218000000,173447218000000,173447218000000,2026-09-05T05:04:45.977385+00:00,23058,7794528719450,1920,1200
directshow_index_1,1914,173447250000000,173447250000000,173447250000000,2026-09-05T05:04:45.977385+00:00,,,640,480
daheng_sn_FDE23080341,1902,173447312000000,173447312000000,173447312000000,2026-09-05T05:04:46.069862+00:00,23071,7794628621850,1920,1200
directshow_index_1,1915,173447343000000,173447343000000,173447343000000,2026-09-05T05:04:46.070850+00:00,,,640,480
directshow_index_1,1916,173447437000000,173447437000000,173447437000000,2026-09-05T05:04:46.166780+00:00,,,640,480
daheng_sn_FDE23080341,1903,173447406000000,173447406000000,173447406000000,2026-09-05T05:04:46.188791+00:00,23083,7794720839450,1920,1200
directshow_index_1,1917,173447531000000,173447531000000,173447531000000,2026-09-05T05:04:46.252071+00:00,,,640,480
daheng_sn_FDE23080341,1904,173447500000000,173447500000000,173447500000000,2026-09-05T05:04:46.259481+00:00,23095,7794813057050,1920,1200
daheng_sn_FDE23080341,1905,173447593000000,173447593000000,173447593000000,2026-09-05T05:04:46.349465+00:00,23107,7794905274650,1920,1200
directshow_index_1,1918,173447625000000,173447625000000,173447625000000,2026-09-05T05:04:46.349465+00:00,,,640,480
directshow_index_1,1919,173447718000000,173447718000000,173447718000000,2026-09-05T05:04:46.441188+00:00,,,640,480
daheng_sn_FDE23080341,1906,173447687000000,173447687000000,173447687000000,2026-09-05T05:04:46.446185+00:00,23119,7794997492250,1920,1200
directshow_index_1,1920,173447812000000,173447812000000,173447812000000,2026-09-05T05:04:46.535648+00:00,,,640,480
daheng_sn_FDE23080341,1907,173447781000000,173447781000000,173447781000000,2026-09-05T05:04:46.544014+00:00,23131,7795089709850,1920,1200
directshow_index_1,1921,173447906000000,173447906000000,173447906000000,2026-09-05T05:04:46.627425+00:00,,,640,480
daheng_sn_FDE23080341,1908,173447875000000,173447875000000,173447875000000,2026-09-05T05:04:46.638823+00:00,23144,7795189612250,1920,1200
directshow_index_1,1922,173448000000000,173448000000000,173448000000000,2026-09-05T05:04:46.726285+00:00,,,640,480
daheng_sn_FDE23080341,1909,173447968000000,173447984000000,173447976000000,2026-09-05T05:04:46.740146+00:00,23156,7795281829850,1920,1200
daheng_sn_FDE23080341,1910,173448062000000,173448062000000,173448062000000,2026-09-05T05:04:46.815094+00:00,23168,7795374047450,1920,1200
directshow_index_1,1923,173448093000000,173448093000000,173448093000000,2026-09-05T05:04:46.817151+00:00,,,640,480
directshow_index_1,1924,173448187000000,173448187000000,173448187000000,2026-09-05T05:04:46.909478+00:00,,,640,480
daheng_sn_FDE23080341,1911,173448156000000,173448156000000,173448156000000,2026-09-05T05:04:46.916229+00:00,23180,7795466265050,1920,1200
directshow_index_1,1925,173448281000000,173448281000000,173448281000000,2026-09-05T05:04:47.001736+00:00,,,640,480
daheng_sn_FDE23080341,1912,173448250000000,173448250000000,173448250000000,2026-09-05T05:04:47.010250+00:00,23193,7795566167450,1920,1200
directshow_index_1,1926,173448375000000,173448375000000,173448375000000,2026-09-05T05:04:47.099571+00:00,,,640,480
daheng_sn_FDE23080341,1913,173448343000000,173448343000000,173448343000000,2026-09-05T05:04:47.107175+00:00,23205,7795658385050,1920,1200
daheng_sn_FDE23080341,1914,173448437000000,173448437000000,173448437000000,2026-09-05T05:04:47.192245+00:00,23217,7795750602650,1920,1200
directshow_index_1,1927,173448468000000,173448468000000,173448468000000,2026-09-05T05:04:47.193247+00:00,,,640,480
directshow_index_1,1928,173448562000000,173448562000000,173448562000000,2026-09-05T05:04:47.289333+00:00,,,640,480
daheng_sn_FDE23080341,1915,173448531000000,173448531000000,173448531000000,2026-09-05T05:04:47.297441+00:00,23230,7795850505050,1920,1200
daheng_sn_FDE23080341,1916,173448625000000,173448625000000,173448625000000,2026-09-05T05:04:47.379071+00:00,23241,7795935037850,1920,1200
directshow_index_1,1929,173448656000000,173448656000000,173448656000000,2026-09-05T05:04:47.383318+00:00,,,640,480
daheng_sn_FDE23080341,1917,173448718000000,173448718000000,173448718000000,2026-09-05T05:04:47.474233+00:00,23254,7796034940250,1920,1200
directshow_index_1,1930,173448750000000,173448750000000,173448750000000,2026-09-05T05:04:47.474750+00:00,,,640,480
directshow_index_1,1931,173448843000000,173448843000000,173448843000000,2026-09-05T05:04:47.566170+00:00,,,640,480
daheng_sn_FDE23080341,1918,173448812000000,173448812000000,173448812000000,2026-09-05T05:04:47.571694+00:00,23266,7796127157850,1920,1200
daheng_sn_FDE23080341,1919,173448906000000,173448906000000,173448906000000,2026-09-05T05:04:47.661887+00:00,23278,7796219375450,1920,1200
directshow_index_1,1932,173448937000000,173448937000000,173448937000000,2026-09-05T05:04:47.663888+00:00,,,640,480
directshow_index_1,1933,173449031000000,173449031000000,173449031000000,2026-09-05T05:04:47.752202+00:00,,,640,480
daheng_sn_FDE23080341,1920,173449000000000,173449000000000,173449000000000,2026-09-05T05:04:47.762480+00:00,23291,7796319277850,1920,1200
daheng_sn_FDE23080341,1921,173449093000000,173449093000000,173449093000000,2026-09-05T05:04:47.850565+00:00,23302,7796403810650,1920,1200
directshow_index_1,1934,173449125000000,173449125000000,173449125000000,2026-09-05T05:04:47.851565+00:00,,,640,480
directshow_index_1,1935,173449218000000,173449218000000,173449218000000,2026-09-05T05:04:47.938945+00:00,,,640,480
daheng_sn_FDE23080341,1922,173449187000000,173449187000000,173449187000000,2026-09-05T05:04:47.944946+00:00,23315,7796503713050,1920,1200
daheng_sn_FDE23080341,1923,173449281000000,173449281000000,173449281000000,2026-09-05T05:04:48.035870+00:00,23327,7796595930650,1920,1200
directshow_index_1,1936,173449312000000,173449312000000,173449312000000,2026-09-05T05:04:48.037864+00:00,,,640,480
directshow_index_1,1937,173449406000000,173449406000000,173449406000000,2026-09-05T05:04:48.129937+00:00,,,640,480
daheng_sn_FDE23080341,1924,173449375000000,173449375000000,173449375000000,2026-09-05T05:04:48.151633+00:00,23339,7796688148250,1920,1200
daheng_sn_FDE23080341,1925,173449468000000,173449468000000,173449468000000,2026-09-05T05:04:48.225981+00:00,23351,7796780365850,1920,1200
directshow_index_1,1938,173449500000000,173449500000000,173449500000000,2026-09-05T05:04:48.226981+00:00,,,640,480
daheng_sn_FDE23080341,1926,173449562000000,173449562000000,173449562000000,2026-09-05T05:04:48.314020+00:00,23364,7796880268250,1920,1200
directshow_index_1,1939,173449593000000,173449593000000,173449593000000,2026-09-05T05:04:48.320017+00:00,,,640,480
daheng_sn_FDE23080341,1927,173449656000000,173449656000000,173449656000000,2026-09-05T05:04:48.412018+00:00,23376,7796972485850,1920,1200
directshow_index_1,1940,173449687000000,173449687000000,173449687000000,2026-09-05T05:04:48.413016+00:00,,,640,480
daheng_sn_FDE23080341,1928,173449750000000,173449750000000,173449750000000,2026-09-05T05:04:48.505617+00:00,23388,7797064703450,1920,1200
directshow_index_1,1941,173449781000000,173449781000000,173449781000000,2026-09-05T05:04:48.506484+00:00,,,640,480
daheng_sn_FDE23080341,1929,173449843000000,173449843000000,173449843000000,2026-09-05T05:04:48.599571+00:00,23400,7797156921050,1920,1200
directshow_index_1,1942,173449875000000,173449875000000,173449875000000,2026-09-05T05:04:48.601574+00:00,,,640,480
daheng_sn_FDE23080341,1930,173449937000000,173449937000000,173449937000000,2026-09-05T05:04:48.693087+00:00,23412,7797249138650,1920,1200
directshow_index_1,1943,173449968000000,173449968000000,173449968000000,2026-09-05T05:04:48.694089+00:00,,,640,480
daheng_sn_FDE23080341,1931,173450031000000,173450031000000,173450031000000,2026-09-05T05:04:48.790516+00:00,23425,7797349041050,1920,1200
directshow_index_1,1944,173450062000000,173450062000000,173450062000000,2026-09-05T05:04:48.791079+00:00,,,640,480
daheng_sn_FDE23080341,1932,173450125000000,173450125000000,173450125000000,2026-09-05T05:04:48.881984+00:00,23436,7797433573850,1920,1200
directshow_index_1,1945,173450156000000,173450156000000,173450156000000,2026-09-05T05:04:48.882544+00:00,,,640,480
directshow_index_1,1946,173450250000000,173450250000000,173450250000000,2026-09-05T05:04:48.976054+00:00,,,640,480
daheng_sn_FDE23080341,1933,173450218000000,173450218000000,173450218000000,2026-09-05T05:04:48.991051+00:00,23449,7797533476250,1920,1200
daheng_sn_FDE23080341,1934,173450312000000,173450312000000,173450312000000,2026-09-05T05:04:49.067475+00:00,23461,7797625693850,1920,1200
directshow_index_1,1947,173450343000000,173450343000000,173450343000000,2026-09-05T05:04:49.068476+00:00,,,640,480
directshow_index_1,1948,173450437000000,173450437000000,173450437000000,2026-09-05T05:04:49.159376+00:00,,,640,480
daheng_sn_FDE23080341,1935,173450406000000,173450406000000,173450406000000,2026-09-05T05:04:49.163377+00:00,23474,7797725596250,1920,1200
daheng_sn_FDE23080341,1936,173450500000000,173450500000000,173450500000000,2026-09-05T05:04:49.252563+00:00,23486,7797817813850,1920,1200
directshow_index_1,1949,173450531000000,173450531000000,173450531000000,2026-09-05T05:04:49.252563+00:00,,,640,480
directshow_index_1,1950,173450625000000,173450625000000,173450625000000,2026-09-05T05:04:49.351150+00:00,,,640,480
daheng_sn_FDE23080341,1937,173450593000000,173450593000000,173450593000000,2026-09-05T05:04:49.360162+00:00,23497,7797902346650,1920,1200
daheng_sn_FDE23080341,1938,173450687000000,173450687000000,173450687000000,2026-09-05T05:04:49.440430+00:00,23510,7798002249050,1920,1200
directshow_index_1,1951,173450718000000,173450718000000,173450718000000,2026-09-05T05:04:49.444439+00:00,,,640,480
daheng_sn_FDE23080341,1939,173450781000000,173450781000000,173450781000000,2026-09-05T05:04:49.541087+00:00,23522,7798094466650,1920,1200
directshow_index_1,1952,173450812000000,173450812000000,173450812000000,2026-09-05T05:04:49.548567+00:00,,,640,480
daheng_sn_FDE23080341,1940,173450875000000,173450875000000,173450875000000,2026-09-05T05:04:49.629429+00:00,23534,7798186684250,1920,1200
directshow_index_1,1953,173450906000000,173450906000000,173450906000000,2026-09-05T05:04:49.629429+00:00,,,640,480
directshow_index_1,1954,173451000000000,173451000000000,173451000000000,2026-09-05T05:04:49.720640+00:00,,,640,480
daheng_sn_FDE23080341,1941,173450968000000,173450968000000,173450968000000,2026-09-05T05:04:49.725634+00:00,23547,7798286586650,1920,1200
daheng_sn_FDE23080341,1942,173451062000000,173451062000000,173451062000000,2026-09-05T05:04:49.819094+00:00,23559,7798378804250,1920,1200
directshow_index_1,1955,173451093000000,173451093000000,173451093000000,2026-09-05T05:04:49.820093+00:00,,,640,480
daheng_sn_FDE23080341,1943,173451156000000,173451156000000,173451156000000,2026-09-05T05:04:49.910198+00:00,23571,7798471021850,1920,1200
directshow_index_1,1956,173451187000000,173451187000000,173451187000000,2026-09-05T05:04:49.911196+00:00,,,640,480
directshow_index_1,1957,173451281000000,173451281000000,173451281000000,2026-09-05T05:04:50.009357+00:00,,,640,480
daheng_sn_FDE23080341,1944,173451250000000,173451250000000,173451250000000,2026-09-05T05:04:50.017357+00:00,23583,7798563239450,1920,1200
daheng_sn_FDE23080341,1945,173451343000000,173451343000000,173451343000000,2026-09-05T05:04:50.124089+00:00,23595,7798655457050,1920,1200
directshow_index_1,1958,173451375000000,173451390000000,173451382500000,2026-09-05T05:04:50.150101+00:00,,,640,480
directshow_index_1,1959,173451468000000,173451468000000,173451468000000,2026-09-05T05:04:50.195613+00:00,,,640,480
daheng_sn_FDE23080341,1946,173451437000000,173451437000000,173451437000000,2026-09-05T05:04:50.201613+00:00,23608,7798755359450,1920,1200
daheng_sn_FDE23080341,1947,173451531000000,173451531000000,173451531000000,2026-09-05T05:04:50.289101+00:00,23619,7798839892250,1920,1200
directshow_index_1,1960,173451562000000,173451562000000,173451562000000,2026-09-05T05:04:50.289101+00:00,,,640,480
daheng_sn_FDE23080341,1948,173451625000000,173451625000000,173451625000000,2026-09-05T05:04:50.378993+00:00,23632,7798939794650,1920,1200
directshow_index_1,1961,173451656000000,173451656000000,173451656000000,2026-09-05T05:04:50.380605+00:00,,,640,480
directshow_index_1,1962,173451750000000,173451750000000,173451750000000,2026-09-05T05:04:50.472183+00:00,,,640,480
daheng_sn_FDE23080341,1949,173451718000000,173451718000000,173451718000000,2026-09-05T05:04:50.476196+00:00,23644,7799032012250,1920,1200
daheng_sn_FDE23080341,1950,173451812000000,173451812000000,173451812000000,2026-09-05T05:04:50.571933+00:00,23657,7799131914650,1920,1200
directshow_index_1,1963,173451843000000,173451843000000,173451843000000,2026-09-05T05:04:50.572473+00:00,,,640,480
daheng_sn_FDE23080341,1951,173451906000000,173451906000000,173451906000000,2026-09-05T05:04:50.664859+00:00,23668,7799216447450,1920,1200
directshow_index_1,1964,173451937000000,173451937000000,173451937000000,2026-09-05T05:04:50.665857+00:00,,,640,480
daheng_sn_FDE23080341,1952,173452000000000,173452000000000,173452000000000,2026-09-05T05:04:50.759749+00:00,23681,7799316349850,1920,1200
directshow_index_1,1965,173452031000000,173452031000000,173452031000000,2026-09-05T05:04:50.760744+00:00,,,640,480
daheng_sn_FDE23080341,1953,173452093000000,173452093000000,173452093000000,2026-09-05T05:04:50.848768+00:00,23693,7799408567450,1920,1200
directshow_index_1,1966,173452125000000,173452125000000,173452125000000,2026-09-05T05:04:50.852332+00:00,,,640,480
daheng_sn_FDE23080341,1954,173452187000000,173452187000000,173452187000000,2026-09-05T05:04:50.947218+00:00,23705,7799500785050,1920,1200
directshow_index_1,1967,173452218000000,173452218000000,173452218000000,2026-09-05T05:04:50.947218+00:00,,,640,480
daheng_sn_FDE23080341,1955,173452281000000,173452281000000,173452281000000,2026-09-05T05:04:51.041496+00:00,23717,7799593002650,1920,1200
directshow_index_1,1968,173452312000000,173452312000000,173452312000000,2026-09-05T05:04:51.041496+00:00,,,640,480
daheng_sn_FDE23080341,1956,173452375000000,173452375000000,173452375000000,2026-09-05T05:04:51.139542+00:00,23730,7799692905050,1920,1200
directshow_index_1,1969,173452406000000,173452406000000,173452406000000,2026-09-05T05:04:51.139542+00:00,,,640,480
daheng_sn_FDE23080341,1957,173452468000000,173452468000000,173452468000000,2026-09-05T05:04:51.224176+00:00,23742,7799785122650,1920,1200
directshow_index_1,1970,173452500000000,173452500000000,173452500000000,2026-09-05T05:04:51.224736+00:00,,,640,480
directshow_index_1,1971,173452593000000,173452593000000,173452593000000,2026-09-05T05:04:51.316470+00:00,,,640,480
daheng_sn_FDE23080341,1958,173452562000000,173452578000000,173452570000000,2026-09-05T05:04:51.337471+00:00,23754,7799877340250,1920,1200
directshow_index_1,1972,173452687000000,173452687000000,173452687000000,2026-09-05T05:04:51.409282+00:00,,,640,480
daheng_sn_FDE23080341,1959,173452656000000,173452656000000,173452656000000,2026-09-05T05:04:51.418281+00:00,23766,7799969557850,1920,1200
daheng_sn_FDE23080341,1960,173452750000000,173452750000000,173452750000000,2026-09-05T05:04:51.509126+00:00,23778,7800061775450,1920,1200
directshow_index_1,1973,173452781000000,173452781000000,173452781000000,2026-09-05T05:04:51.510125+00:00,,,640,480
daheng_sn_FDE23080341,1961,173452843000000,173452843000000,173452843000000,2026-09-05T05:04:51.598651+00:00,23791,7800161677850,1920,1200
directshow_index_1,1974,173452875000000,173452875000000,173452875000000,2026-09-05T05:04:51.598651+00:00,,,640,480
directshow_index_1,1975,173452968000000,173452968000000,173452968000000,2026-09-05T05:04:51.689404+00:00,,,640,480
daheng_sn_FDE23080341,1962,173452937000000,173452937000000,173452937000000,2026-09-05T05:04:51.697583+00:00,23803,7800253895450,1920,1200
directshow_index_1,1976,173453062000000,173453062000000,173453062000000,2026-09-05T05:04:51.787699+00:00,,,640,480
daheng_sn_FDE23080341,1963,173453031000000,173453031000000,173453031000000,2026-09-05T05:04:51.793736+00:00,23814,7800338428250,1920,1200
daheng_sn_FDE23080341,1964,173453125000000,173453125000000,173453125000000,2026-09-05T05:04:51.892160+00:00,23827,7800438330650,1920,1200
directshow_index_1,1977,173453156000000,173453156000000,173453156000000,2026-09-05T05:04:51.892765+00:00,,,640,480
daheng_sn_FDE23080341,1965,173453218000000,173453218000000,173453218000000,2026-09-05T05:04:51.976832+00:00,23839,7800530548250,1920,1200
directshow_index_1,1978,173453250000000,173453250000000,173453250000000,2026-09-05T05:04:51.981358+00:00,,,640,480
daheng_sn_FDE23080341,1966,173453312000000,173453312000000,173453312000000,2026-09-05T05:04:52.069013+00:00,23851,7800622765850,1920,1200
directshow_index_1,1979,173453343000000,173453343000000,173453343000000,2026-09-05T05:04:52.069013+00:00,,,640,480
directshow_index_1,1980,173453437000000,173453437000000,173453437000000,2026-09-05T05:04:52.161666+00:00,,,640,480
daheng_sn_FDE23080341,1967,173453406000000,173453406000000,173453406000000,2026-09-05T05:04:52.169669+00:00,23864,7800722668250,1920,1200
directshow_index_1,1981,173453531000000,173453531000000,173453531000000,2026-09-05T05:04:52.256156+00:00,,,640,480
daheng_sn_FDE23080341,1968,173453500000000,173453500000000,173453500000000,2026-09-05T05:04:52.271007+00:00,23876,7800814885850,1920,1200
daheng_sn_FDE23080341,1969,173453593000000,173453593000000,173453593000000,2026-09-05T05:04:52.355963+00:00,23889,7800914788250,1920,1200
directshow_index_1,1982,173453625000000,173453625000000,173453625000000,2026-09-05T05:04:52.355963+00:00,,,640,480
daheng_sn_FDE23080341,1970,173453687000000,173453687000000,173453687000000,2026-09-05T05:04:52.456601+00:00,23900,7800999321050,1920,1200
directshow_index_1,1983,173453718000000,173453718000000,173453718000000,2026-09-05T05:04:52.462621+00:00,,,640,480
directshow_index_1,1984,173453812000000,173453812000000,173453812000000,2026-09-05T05:04:52.534142+00:00,,,640,480
daheng_sn_FDE23080341,1971,173453781000000,173453781000000,173453781000000,2026-09-05T05:04:52.544142+00:00,23913,7801099223450,1920,1200
directshow_index_1,1985,173453906000000,173453906000000,173453906000000,2026-09-05T05:04:52.632016+00:00,,,640,480
daheng_sn_FDE23080341,1972,173453875000000,173453875000000,173453875000000,2026-09-05T05:04:52.639019+00:00,23924,7801183756250,1920,1200
directshow_index_1,1986,173454000000000,173454000000000,173454000000000,2026-09-05T05:04:52.723271+00:00,,,640,480
daheng_sn_FDE23080341,1973,173453968000000,173453968000000,173453968000000,2026-09-05T05:04:52.731796+00:00,23937,7801283658650,1920,1200
daheng_sn_FDE23080341,1974,173454062000000,173454062000000,173454062000000,2026-09-05T05:04:52.817161+00:00,23949,7801375876250,1920,1200
directshow_index_1,1987,173454093000000,173454093000000,173454093000000,2026-09-05T05:04:52.817730+00:00,,,640,480
directshow_index_1,1988,173454187000000,173454187000000,173454187000000,2026-09-05T05:04:52.909390+00:00,,,640,480
daheng_sn_FDE23080341,1975,173454156000000,173454156000000,173454156000000,2026-09-05T05:04:52.917775+00:00,23961,7801468093850,1920,1200
daheng_sn_FDE23080341,1976,173454250000000,173454250000000,173454250000000,2026-09-05T05:04:53.015502+00:00,23973,7801560311450,1920,1200
directshow_index_1,1989,173454281000000,173454281000000,173454281000000,2026-09-05T05:04:53.021504+00:00,,,640,480
daheng_sn_FDE23080341,1977,173454343000000,173454343000000,173454343000000,2026-09-05T05:04:53.097142+00:00,23985,7801652529050,1920,1200
directshow_index_1,1990,173454375000000,173454375000000,173454375000000,2026-09-05T05:04:53.099158+00:00,,,640,480
daheng_sn_FDE23080341,1978,173454437000000,173454437000000,173454437000000,2026-09-05T05:04:53.194810+00:00,23998,7801752431450,1920,1200
directshow_index_1,1991,173454468000000,173454468000000,173454468000000,2026-09-05T05:04:53.195814+00:00,,,640,480
daheng_sn_FDE23080341,1979,173454531000000,173454531000000,173454531000000,2026-09-05T05:04:53.283149+00:00,24011,7801852333850,1920,1200
directshow_index_1,1992,173454562000000,173454562000000,173454562000000,2026-09-05T05:04:53.287991+00:00,,,640,480
daheng_sn_FDE23080341,1980,173454625000000,173454625000000,173454625000000,2026-09-05T05:04:53.376382+00:00,24022,7801936866650,1920,1200
directshow_index_1,1993,173454656000000,173454656000000,173454656000000,2026-09-05T05:04:53.379391+00:00,,,640,480
daheng_sn_FDE23080341,1981,173454718000000,173454718000000,173454718000000,2026-09-05T05:04:53.471884+00:00,24035,7802036769050,1920,1200
directshow_index_1,1994,173454750000000,173454750000000,173454750000000,2026-09-05T05:04:53.472882+00:00,,,640,480
directshow_index_1,1995,173454843000000,173454843000000,173454843000000,2026-09-05T05:04:53.576026+00:00,,,640,480
daheng_sn_FDE23080341,1982,173454812000000,173454812000000,173454812000000,2026-09-05T05:04:53.599817+00:00,24047,7802128986650,1920,1200
daheng_sn_FDE23080341,1983,173454906000000,173454906000000,173454906000000,2026-09-05T05:04:53.661576+00:00,24059,7802221204250,1920,1200
directshow_index_1,1996,173454937000000,173454937000000,173454937000000,2026-09-05T05:04:53.662138+00:00,,,640,480
directshow_index_1,1997,173455031000000,173455031000000,173455031000000,2026-09-05T05:04:53.753905+00:00,,,640,480
daheng_sn_FDE23080341,1984,173455000000000,173455000000000,173455000000000,2026-09-05T05:04:53.767999+00:00,24071,7802313421850,1920,1200
directshow_index_1,1998,173455125000000,173455125000000,173455125000000,2026-09-05T05:04:53.846648+00:00,,,640,480
daheng_sn_FDE23080341,1985,173455093000000,173455093000000,173455093000000,2026-09-05T05:04:53.854047+00:00,24083,7802405639450,1920,1200
directshow_index_1,1999,173455218000000,173455218000000,173455218000000,2026-09-05T05:04:53.940108+00:00,,,640,480
daheng_sn_FDE23080341,1986,173455187000000,173455187000000,173455187000000,2026-09-05T05:04:53.945243+00:00,24096,7802505541850,1920,1200
daheng_sn_FDE23080341,1987,173455281000000,173455281000000,173455281000000,2026-09-05T05:04:54.036020+00:00,24108,7802597759450,1920,1200
directshow_index_1,2000,173455312000000,173455312000000,173455312000000,2026-09-05T05:04:54.037018+00:00,,,640,480
directshow_index_1,2001,173455406000000,173455406000000,173455406000000,2026-09-05T05:04:54.129610+00:00,,,640,480
daheng_sn_FDE23080341,1988,173455375000000,173455375000000,173455375000000,2026-09-05T05:04:54.152753+00:00,24119,7802682292250,1920,1200
directshow_index_1,2002,173455500000000,173455500000000,173455500000000,2026-09-05T05:04:54.220488+00:00,,,640,480
daheng_sn_FDE23080341,1989,173455468000000,173455468000000,173455468000000,2026-09-05T05:04:54.235267+00:00,24132,7802782194650,1920,1200
daheng_sn_FDE23080341,1990,173455562000000,173455562000000,173455562000000,2026-09-05T05:04:54.321594+00:00,24144,7802874412250,1920,1200
directshow_index_1,2003,173455593000000,173455593000000,173455593000000,2026-09-05T05:04:54.321594+00:00,,,640,480
daheng_sn_FDE23080341,1991,173455656000000,173455656000000,173455656000000,2026-09-05T05:04:54.415641+00:00,24156,7802966629850,1920,1200
directshow_index_1,2004,173455687000000,173455687000000,173455687000000,2026-09-05T05:04:54.417870+00:00,,,640,480
daheng_sn_FDE23080341,1992,173455750000000,173455750000000,173455750000000,2026-09-05T05:04:54.504985+00:00,24168,7803058847450,1920,1200
directshow_index_1,2005,173455781000000,173455781000000,173455781000000,2026-09-05T05:04:54.505986+00:00,,,640,480
daheng_sn_FDE23080341,1993,173455843000000,173455843000000,173455843000000,2026-09-05T05:04:54.600342+00:00,24181,7803158749850,1920,1200
directshow_index_1,2006,173455875000000,173455875000000,173455875000000,2026-09-05T05:04:54.600934+00:00,,,640,480
daheng_sn_FDE23080341,1994,173455937000000,173455937000000,173455937000000,2026-09-05T05:04:54.702088+00:00,24193,7803250967450,1920,1200
directshow_index_1,2007,173455968000000,173455968000000,173455968000000,2026-09-05T05:04:54.708074+00:00,,,640,480
daheng_sn_FDE23080341,1995,173456031000000,173456031000000,173456031000000,2026-09-05T05:04:54.784941+00:00,24206,7803350869850,1920,1200
directshow_index_1,2008,173456062000000,173456062000000,173456062000000,2026-09-05T05:04:54.785944+00:00,,,640,480
directshow_index_1,2009,173456156000000,173456156000000,173456156000000,2026-09-05T05:04:54.876651+00:00,,,640,480
daheng_sn_FDE23080341,1996,173456125000000,173456125000000,173456125000000,2026-09-05T05:04:54.884726+00:00,24218,7803443087450,1920,1200
daheng_sn_FDE23080341,1997,173456218000000,173456218000000,173456218000000,2026-09-05T05:04:54.976098+00:00,24230,7803535305050,1920,1200
directshow_index_1,2010,173456250000000,173456250000000,173456250000000,2026-09-05T05:04:54.977099+00:00,,,640,480
daheng_sn_FDE23080341,1998,173456312000000,173456312000000,173456312000000,2026-09-05T05:04:55.074837+00:00,24242,7803627522650,1920,1200
directshow_index_1,2011,173456343000000,173456343000000,173456343000000,2026-09-05T05:04:55.075397+00:00,,,640,480
directshow_index_1,2012,173456437000000,173456437000000,173456437000000,2026-09-05T05:04:55.159543+00:00,,,640,480
daheng_sn_FDE23080341,1999,173456406000000,173456406000000,173456406000000,2026-09-05T05:04:55.165292+00:00,24254,7803719740250,1920,1200
daheng_sn_FDE23080341,2000,173456500000000,173456500000000,173456500000000,2026-09-05T05:04:55.261076+00:00,24266,7803811957850,1920,1200
directshow_index_1,2013,173456531000000,173456531000000,173456531000000,2026-09-05T05:04:55.261076+00:00,,,640,480
daheng_sn_FDE23080341,2001,173456593000000,173456593000000,173456593000000,2026-09-05T05:04:55.345165+00:00,24279,7803911860250,1920,1200
directshow_index_1,2014,173456625000000,173456625000000,173456625000000,2026-09-05T05:04:55.348819+00:00,,,640,480
daheng_sn_FDE23080341,2002,173456687000000,173456687000000,173456687000000,2026-09-05T05:04:55.448089+00:00,24290,7803996393050,1920,1200
directshow_index_1,2015,173456718000000,173456718000000,173456718000000,2026-09-05T05:04:55.450089+00:00,,,640,480
daheng_sn_FDE23080341,2003,173456781000000,173456781000000,173456781000000,2026-09-05T05:04:55.534304+00:00,24303,7804096295450,1920,1200
directshow_index_1,2016,173456812000000,173456812000000,173456812000000,2026-09-05T05:04:55.534950+00:00,,,640,480
directshow_index_1,2017,173456906000000,173456906000000,173456906000000,2026-09-05T05:04:55.627642+00:00,,,640,480
daheng_sn_FDE23080341,2004,173456875000000,173456875000000,173456875000000,2026-09-05T05:04:55.630643+00:00,24315,7804188513050,1920,1200
daheng_sn_FDE23080341,2005,173456968000000,173456968000000,173456968000000,2026-09-05T05:04:55.728088+00:00,24327,7804280730650,1920,1200
directshow_index_1,2018,173457000000000,173457000000000,173457000000000,2026-09-05T05:04:55.729094+00:00,,,640,480
daheng_sn_FDE23080341,2006,173457062000000,173457062000000,173457062000000,2026-09-05T05:04:55.811238+00:00,24339,7804372948250,1920,1200
directshow_index_1,2019,173457093000000,173457093000000,173457093000000,2026-09-05T05:04:55.813342+00:00,,,640,480
directshow_index_1,2020,173457187000000,173457187000000,173457187000000,2026-09-05T05:04:55.916331+00:00,,,640,480
daheng_sn_FDE23080341,2007,173457156000000,173457156000000,173457156000000,2026-09-05T05:04:55.926374+00:00,24352,7804472850650,1920,1200
directshow_index_1,2021,173457281000000,173457281000000,173457281000000,2026-09-05T05:04:56.005359+00:00,,,640,480
daheng_sn_FDE23080341,2008,173457250000000,173457250000000,173457250000000,2026-09-05T05:04:56.025729+00:00,24364,7804565068250,1920,1200
directshow_index_1,2022,173457375000000,173457375000000,173457375000000,2026-09-05T05:04:56.097829+00:00,,,640,480
daheng_sn_FDE23080341,2009,173457343000000,173457343000000,173457343000000,2026-09-05T05:04:56.108592+00:00,24376,7804657285850,1920,1200
directshow_index_1,2023,173457468000000,173457468000000,173457468000000,2026-09-05T05:04:56.191372+00:00,,,640,480
daheng_sn_FDE23080341,2010,173457437000000,173457437000000,173457437000000,2026-09-05T05:04:56.207730+00:00,24389,7804757188250,1920,1200
daheng_sn_FDE23080341,2011,173457531000000,173457531000000,173457531000000,2026-09-05T05:04:56.287416+00:00,24400,7804841721050,1920,1200
directshow_index_1,2024,173457562000000,173457562000000,173457562000000,2026-09-05T05:04:56.287416+00:00,,,640,480
directshow_index_1,2025,173457656000000,173457656000000,173457656000000,2026-09-05T05:04:56.377565+00:00,,,640,480
daheng_sn_FDE23080341,2012,173457625000000,173457625000000,173457625000000,2026-09-05T05:04:56.385638+00:00,24413,7804941623450,1920,1200
daheng_sn_FDE23080341,2013,173457718000000,173457718000000,173457718000000,2026-09-05T05:04:56.475955+00:00,24425,7805033841050,1920,1200
directshow_index_1,2026,173457750000000,173457750000000,173457750000000,2026-09-05T05:04:56.476955+00:00,,,640,480
daheng_sn_FDE23080341,2014,173457812000000,173457812000000,173457812000000,2026-09-05T05:04:56.566137+00:00,24437,7805126058650,1920,1200
directshow_index_1,2027,173457843000000,173457843000000,173457843000000,2026-09-05T05:04:56.570061+00:00,,,640,480
daheng_sn_FDE23080341,2015,173457906000000,173457906000000,173457906000000,2026-09-05T05:04:56.661039+00:00,24449,7805218276250,1920,1200
directshow_index_1,2028,173457937000000,173457937000000,173457937000000,2026-09-05T05:04:56.662037+00:00,,,640,480
daheng_sn_FDE23080341,2016,173458000000000,173458000000000,173458000000000,2026-09-05T05:04:56.755360+00:00,24462,7805318178650,1920,1200
directshow_index_1,2029,173458031000000,173458031000000,173458031000000,2026-09-05T05:04:56.755919+00:00,,,640,480
directshow_index_1,2030,173458125000000,173458125000000,173458125000000,2026-09-05T05:04:56.847636+00:00,,,640,480
daheng_sn_FDE23080341,2017,173458093000000,173458093000000,173458093000000,2026-09-05T05:04:56.852738+00:00,24473,7805402711450,1920,1200
daheng_sn_FDE23080341,2018,173458187000000,173458187000000,173458187000000,2026-09-05T05:04:56.939884+00:00,24486,7805502613850,1920,1200
directshow_index_1,2031,173458218000000,173458218000000,173458218000000,2026-09-05T05:04:56.944885+00:00,,,640,480
directshow_index_1,2032,173458312000000,173458312000000,173458312000000,2026-09-05T05:04:57.038133+00:00,,,640,480
daheng_sn_FDE23080341,2019,173458281000000,173458281000000,173458281000000,2026-09-05T05:04:57.044144+00:00,24498,7805594831450,1920,1200
daheng_sn_FDE23080341,2020,173458375000000,173458375000000,173458375000000,2026-09-05T05:04:57.125685+00:00,24510,7805687049050,1920,1200
directshow_index_1,2033,173458406000000,173458406000000,173458406000000,2026-09-05T05:04:57.128686+00:00,,,640,480
daheng_sn_FDE23080341,2021,173458468000000,173458468000000,173458468000000,2026-09-05T05:04:57.222149+00:00,24522,7805779266650,1920,1200
directshow_index_1,2034,173458500000000,173458500000000,173458500000000,2026-09-05T05:04:57.222149+00:00,,,640,480
daheng_sn_FDE23080341,2022,173458562000000,173458562000000,173458562000000,2026-09-05T05:04:57.318096+00:00,24534,7805871484250,1920,1200
directshow_index_1,2035,173458593000000,173458593000000,173458593000000,2026-09-05T05:04:57.320373+00:00,,,640,480
directshow_index_1,2036,173458687000000,173458687000000,173458687000000,2026-09-05T05:04:57.414549+00:00,,,640,480
daheng_sn_FDE23080341,2023,173458656000000,173458656000000,173458656000000,2026-09-05T05:04:57.420722+00:00,24547,7805971386650,1920,1200
daheng_sn_FDE23080341,2024,173458750000000,173458750000000,173458750000000,2026-09-05T05:04:57.504419+00:00,24559,7806063604250,1920,1200
directshow_index_1,2037,173458781000000,173458781000000,173458781000000,2026-09-05T05:04:57.506735+00:00,,,640,480
directshow_index_1,2038,173458875000000,173458875000000,173458875000000,2026-09-05T05:04:57.600477+00:00,,,640,480
daheng_sn_FDE23080341,2025,173458843000000,173458843000000,173458843000000,2026-09-05T05:04:57.617513+00:00,24571,7806155821850,1920,1200
daheng_sn_FDE23080341,2026,173458937000000,173458937000000,173458937000000,2026-09-05T05:04:57.701987+00:00,24584,7806255724250,1920,1200
directshow_index_1,2039,173458968000000,173458968000000,173458968000000,2026-09-05T05:04:57.701987+00:00,,,640,480
daheng_sn_FDE23080341,2027,173459031000000,173459031000000,173459031000000,2026-09-05T05:04:57.787746+00:00,24596,7806347941850,1920,1200
directshow_index_1,2040,173459062000000,173459062000000,173459062000000,2026-09-05T05:04:57.787746+00:00,,,640,480
directshow_index_1,2041,173459156000000,173459156000000,173459156000000,2026-09-05T05:04:57.877590+00:00,,,640,480
daheng_sn_FDE23080341,2028,173459125000000,173459125000000,173459125000000,2026-09-05T05:04:57.888749+00:00,24608,7806440159450,1920,1200
directshow_index_1,2042,173459250000000,173459250000000,173459250000000,2026-09-05T05:04:57.975632+00:00,,,640,480
daheng_sn_FDE23080341,2029,173459218000000,173459218000000,173459218000000,2026-09-05T05:04:57.986025+00:00,24620,7806532377050,1920,1200
directshow_index_1,2043,173459343000000,173459343000000,173459343000000,2026-09-05T05:04:58.071551+00:00,,,640,480
daheng_sn_FDE23080341,2030,173459312000000,173459312000000,173459312000000,2026-09-05T05:04:58.088079+00:00,24633,7806632279450,1920,1200
directshow_index_1,2044,173459437000000,173459437000000,173459437000000,2026-09-05T05:04:58.159891+00:00,,,640,480
daheng_sn_FDE23080341,2031,173459406000000,173459406000000,173459406000000,2026-09-05T05:04:58.179912+00:00,24644,7806716812250,1920,1200
directshow_index_1,2045,173459531000000,173459531000000,173459531000000,2026-09-05T05:04:58.252088+00:00,,,640,480
daheng_sn_FDE23080341,2032,173459500000000,173459500000000,173459500000000,2026-09-05T05:04:58.263088+00:00,24657,7806816714650,1920,1200
directshow_index_1,2046,173459625000000,173459625000000,173459625000000,2026-09-05T05:04:58.349999+00:00,,,640,480
daheng_sn_FDE23080341,2033,173459593000000,173459593000000,173459593000000,2026-09-05T05:04:58.357994+00:00,24669,7806908932250,1920,1200
directshow_index_1,2047,173459718000000,173459718000000,173459718000000,2026-09-05T05:04:58.441716+00:00,,,640,480
daheng_sn_FDE23080341,2034,173459687000000,173459687000000,173459687000000,2026-09-05T05:04:58.451466+00:00,24681,7807001149850,1920,1200
directshow_index_1,2048,173459812000000,173459812000000,173459812000000,2026-09-05T05:04:58.533535+00:00,,,640,480
daheng_sn_FDE23080341,2035,173459781000000,173459781000000,173459781000000,2026-09-05T05:04:58.543525+00:00,24693,7807093367450,1920,1200
directshow_index_1,2049,173459906000000,173459906000000,173459906000000,2026-09-05T05:04:58.630749+00:00,,,640,480
daheng_sn_FDE23080341,2036,173459875000000,173459875000000,173459875000000,2026-09-05T05:04:58.636744+00:00,24706,7807193269850,1920,1200
directshow_index_1,2050,173460000000000,173460000000000,173460000000000,2026-09-05T05:04:58.727655+00:00,,,640,480
daheng_sn_FDE23080341,2037,173459968000000,173459984000000,173459976000000,2026-09-05T05:04:58.748657+00:00,24718,7807285487450,1920,1200
directshow_index_1,2051,173460093000000,173460093000000,173460093000000,2026-09-05T05:04:58.819364+00:00,,,640,480
daheng_sn_FDE23080341,2038,173460062000000,173460062000000,173460062000000,2026-09-05T05:04:58.824364+00:00,24729,7807370020250,1920,1200
directshow_index_1,2052,173460187000000,173460187000000,173460187000000,2026-09-05T05:04:58.914016+00:00,,,640,480
daheng_sn_FDE23080341,2039,173460156000000,173460156000000,173460156000000,2026-09-05T05:04:58.918819+00:00,24742,7807469922650,1920,1200
directshow_index_1,2053,173460281000000,173460281000000,173460281000000,2026-09-05T05:04:59.002194+00:00,,,640,480
daheng_sn_FDE23080341,2040,173460250000000,173460250000000,173460250000000,2026-09-05T05:04:59.012192+00:00,24755,7807569825050,1920,1200
daheng_sn_FDE23080341,2041,173460343000000,173460343000000,173460343000000,2026-09-05T05:04:59.103473+00:00,24767,7807662042650,1920,1200
directshow_index_1,2054,173460375000000,173460375000000,173460375000000,2026-09-05T05:04:59.104059+00:00,,,640,480
daheng_sn_FDE23080341,2042,173460437000000,173460437000000,173460437000000,2026-09-05T05:04:59.194441+00:00,24778,7807746575450,1920,1200
directshow_index_1,2055,173460468000000,173460468000000,173460468000000,2026-09-05T05:04:59.195015+00:00,,,640,480
directshow_index_1,2056,173460562000000,173460562000000,173460562000000,2026-09-05T05:04:59.282883+00:00,,,640,480
daheng_sn_FDE23080341,2043,173460531000000,173460546000000,173460538500000,2026-09-05T05:04:59.303292+00:00,24791,7807846477850,1920,1200
daheng_sn_FDE23080341,2044,173460625000000,173460625000000,173460625000000,2026-09-05T05:04:59.376859+00:00,24803,7807938695450,1920,1200
directshow_index_1,2057,173460656000000,173460656000000,173460656000000,2026-09-05T05:04:59.377858+00:00,,,640,480
daheng_sn_FDE23080341,2045,173460718000000,173460718000000,173460718000000,2026-09-05T05:04:59.476050+00:00,24816,7808038597850,1920,1200
directshow_index_1,2058,173460750000000,173460750000000,173460750000000,2026-09-05T05:04:59.476050+00:00,,,640,480
daheng_sn_FDE23080341,2046,173460812000000,173460812000000,173460812000000,2026-09-05T05:04:59.566284+00:00,24828,7808130815450,1920,1200
directshow_index_1,2059,173460843000000,173460843000000,173460843000000,2026-09-05T05:04:59.569286+00:00,,,640,480
daheng_sn_FDE23080341,2047,173460906000000,173460906000000,173460906000000,2026-09-05T05:04:59.663091+00:00,24839,7808215348250,1920,1200
directshow_index_1,2060,173460937000000,173460937000000,173460937000000,2026-09-05T05:04:59.663791+00:00,,,640,480
daheng_sn_FDE23080341,2048,173461000000000,173461000000000,173461000000000,2026-09-05T05:04:59.753475+00:00,24853,7808322935450,1920,1200
directshow_index_1,2061,173461031000000,173461031000000,173461031000000,2026-09-05T05:04:59.756477+00:00,,,640,480
directshow_index_1,2062,173461125000000,173461125000000,173461125000000,2026-09-05T05:04:59.851756+00:00,,,640,480
daheng_sn_FDE23080341,2049,173461093000000,173461093000000,173461093000000,2026-09-05T05:04:59.860754+00:00,24864,7808407468250,1920,1200
daheng_sn_FDE23080341,2050,173461187000000,173461187000000,173461187000000,2026-09-05T05:04:59.940955+00:00,24876,7808499685850,1920,1200
directshow_index_1,2063,173461218000000,173461218000000,173461218000000,2026-09-05T05:04:59.941956+00:00,,,640,480
directshow_index_1,2064,173461312000000,173461312000000,173461312000000,2026-09-05T05:05:00.034082+00:00,,,640,480
daheng_sn_FDE23080341,2051,173461281000000,173461281000000,173461281000000,2026-09-05T05:05:00.039082+00:00,24889,7808599588250,1920,1200
daheng_sn_FDE23080341,2052,173461375000000,173461375000000,173461375000000,2026-09-05T05:05:00.126879+00:00,24901,7808691805850,1920,1200
directshow_index_1,2065,173461406000000,173461406000000,173461406000000,2026-09-05T05:05:00.126879+00:00,,,640,480
daheng_sn_FDE23080341,2053,173461468000000,173461468000000,173461468000000,2026-09-05T05:05:00.225792+00:00,24913,7808784023450,1920,1200
directshow_index_1,2066,173461500000000,173461500000000,173461500000000,2026-09-05T05:05:00.225792+00:00,,,640,480
daheng_sn_FDE23080341,2054,173461562000000,173461562000000,173461562000000,2026-09-05T05:05:00.319992+00:00,24926,7808883925850,1920,1200
directshow_index_1,2067,173461593000000,173461593000000,173461593000000,2026-09-05T05:05:00.320998+00:00,,,640,480
daheng_sn_FDE23080341,2055,173461656000000,173461656000000,173461656000000,2026-09-05T05:05:00.412917+00:00,24937,7808968458650,1920,1200
directshow_index_1,2068,173461687000000,173461687000000,173461687000000,2026-09-05T05:05:00.412917+00:00,,,640,480
daheng_sn_FDE23080341,2056,173461750000000,173461750000000,173461750000000,2026-09-05T05:05:00.507104+00:00,24949,7809060676250,1920,1200
directshow_index_1,2069,173461781000000,173461781000000,173461781000000,2026-09-05T05:05:00.508104+00:00,,,640,480
daheng_sn_FDE23080341,2057,173461843000000,173461843000000,173461843000000,2026-09-05T05:05:00.594620+00:00,24961,7809152893850,1920,1200
directshow_index_1,2070,173461875000000,173461875000000,173461875000000,2026-09-05T05:05:00.601617+00:00,,,640,480
daheng_sn_FDE23080341,2058,173461937000000,173461937000000,173461937000000,2026-09-05T05:05:00.694060+00:00,24974,7809252796250,1920,1200
directshow_index_1,2071,173461968000000,173461968000000,173461968000000,2026-09-05T05:05:00.694752+00:00,,,640,480
directshow_index_1,2072,173462062000000,173462062000000,173462062000000,2026-09-05T05:05:00.782999+00:00,,,640,480
daheng_sn_FDE23080341,2059,173462031000000,173462031000000,173462031000000,2026-09-05T05:05:00.792150+00:00,24986,7809345013850,1920,1200
daheng_sn_FDE23080341,2060,173462125000000,173462125000000,173462125000000,2026-09-05T05:05:00.879758+00:00,24998,7809437231450,1920,1200
directshow_index_1,2073,173462156000000,173462156000000,173462156000000,2026-09-05T05:05:00.881758+00:00,,,640,480
directshow_index_1,2074,173462250000000,173462250000000,173462250000000,2026-09-05T05:05:00.976217+00:00,,,640,480
daheng_sn_FDE23080341,2061,173462218000000,173462218000000,173462218000000,2026-09-05T05:05:00.988227+00:00,25010,7809529449050,1920,1200
daheng_sn_FDE23080341,2062,173462312000000,173462312000000,173462312000000,2026-09-05T05:05:01.067747+00:00,25023,7809629351450,1920,1200
directshow_index_1,2075,173462343000000,173462343000000,173462343000000,2026-09-05T05:05:01.068749+00:00,,,640,480
daheng_sn_FDE23080341,2063,173462406000000,173462406000000,173462406000000,2026-09-05T05:05:01.159052+00:00,25034,7809713884250,1920,1200
directshow_index_1,2076,173462437000000,173462437000000,173462437000000,2026-09-05T05:05:01.159594+00:00,,,640,480
daheng_sn_FDE23080341,2064,173462500000000,173462500000000,173462500000000,2026-09-05T05:05:01.254857+00:00,25047,7809813786650,1920,1200
directshow_index_1,2077,173462531000000,173462531000000,173462531000000,2026-09-05T05:05:01.254857+00:00,,,640,480
daheng_sn_FDE23080341,2065,173462593000000,173462593000000,173462593000000,2026-09-05T05:05:01.348729+00:00,25060,7809913689050,1920,1200
directshow_index_1,2078,173462625000000,173462625000000,173462625000000,2026-09-05T05:05:01.348729+00:00,,,640,480
directshow_index_1,2079,173462718000000,173462718000000,173462718000000,2026-09-05T05:05:01.447411+00:00,,,640,480
daheng_sn_FDE23080341,2066,173462687000000,173462703000000,173462695000000,2026-09-05T05:05:01.468404+00:00,25071,7809998221850,1920,1200
daheng_sn_FDE23080341,2067,173462781000000,173462781000000,173462781000000,2026-09-05T05:05:01.549761+00:00,25084,7810098124250,1920,1200
directshow_index_1,2080,173462812000000,173462812000000,173462812000000,2026-09-05T05:05:01.549761+00:00,,,640,480
directshow_index_1,2081,173462906000000,173462906000000,173462906000000,2026-09-05T05:05:01.627569+00:00,,,640,480
daheng_sn_FDE23080341,2068,173462875000000,173462875000000,173462875000000,2026-09-05T05:05:01.630566+00:00,25095,7810182657050,1920,1200
daheng_sn_FDE23080341,2069,173462968000000,173462968000000,173462968000000,2026-09-05T05:05:01.721056+00:00,25108,7810282559450,1920,1200
directshow_index_1,2082,173463000000000,173463000000000,173463000000000,2026-09-05T05:05:01.726057+00:00,,,640,480
daheng_sn_FDE23080341,2070,173463062000000,173463062000000,173463062000000,2026-09-05T05:05:01.815225+00:00,25121,7810382461850,1920,1200
directshow_index_1,2083,173463093000000,173463093000000,173463093000000,2026-09-05T05:05:01.817249+00:00,,,640,480
directshow_index_1,2084,173463187000000,173463187000000,173463187000000,2026-09-05T05:05:01.911038+00:00,,,640,480
daheng_sn_FDE23080341,2071,173463156000000,173463156000000,173463156000000,2026-09-05T05:05:01.928990+00:00,25132,7810466994650,1920,1200
directshow_index_1,2085,173463281000000,173463281000000,173463281000000,2026-09-05T05:05:02.005358+00:00,,,640,480
daheng_sn_FDE23080341,2072,173463250000000,173463250000000,173463250000000,2026-09-05T05:05:02.025357+00:00,25145,7810566897050,1920,1200
daheng_sn_FDE23080341,2073,173463343000000,173463343000000,173463343000000,2026-09-05T05:05:02.118433+00:00,25156,7810651429850,1920,1200
directshow_index_1,2086,173463390000000,173463390000000,173463390000000,2026-09-05T05:05:02.120441+00:00,,,640,480
daheng_sn_FDE23080341,2074,173463437000000,173463437000000,173463437000000,2026-09-05T05:05:02.198716+00:00,25169,7810751332250,1920,1200
directshow_index_1,2087,173463484000000,173463484000000,173463484000000,2026-09-05T05:05:02.208543+00:00,,,640,480
daheng_sn_FDE23080341,2075,173463531000000,173463531000000,173463531000000,2026-09-05T05:05:02.296936+00:00,25181,7810843549850,1920,1200
directshow_index_1,2088,173463578000000,173463578000000,173463578000000,2026-09-05T05:05:02.305736+00:00,,,640,480
daheng_sn_FDE23080341,2076,173463625000000,173463625000000,173463625000000,2026-09-05T05:05:02.388896+00:00,25193,7810935767450,1920,1200
directshow_index_1,2089,173463671000000,173463671000000,173463671000000,2026-09-05T05:05:02.398031+00:00,,,640,480
daheng_sn_FDE23080341,2077,173463718000000,173463718000000,173463718000000,2026-09-05T05:05:02.478413+00:00,25207,7811043354650,1920,1200
directshow_index_1,2090,173463765000000,173463765000000,173463765000000,2026-09-05T05:05:02.490123+00:00,,,640,480
daheng_sn_FDE23080341,2078,173463812000000,173463812000000,173463812000000,2026-09-05T05:05:02.572928+00:00,25218,7811127887450,1920,1200
directshow_index_1,2091,173463859000000,173463859000000,173463859000000,2026-09-05T05:05:02.582882+00:00,,,640,480
daheng_sn_FDE23080341,2079,173463906000000,173463906000000,173463906000000,2026-09-05T05:05:02.669849+00:00,25230,7811220105050,1920,1200
directshow_index_1,2092,173463953000000,173463968000000,173463960500000,2026-09-05T05:05:02.701384+00:00,,,640,480
daheng_sn_FDE23080341,2080,173464000000000,173464000000000,173464000000000,2026-09-05T05:05:02.759910+00:00,25242,7811312322650,1920,1200
directshow_index_1,2093,173464046000000,173464046000000,173464046000000,2026-09-05T05:05:02.774183+00:00,,,640,480
daheng_sn_FDE23080341,2081,173464093000000,173464093000000,173464093000000,2026-09-05T05:05:02.853011+00:00,25254,7811404540250,1920,1200
directshow_index_1,2094,173464140000000,173464140000000,173464140000000,2026-09-05T05:05:02.869009+00:00,,,640,480
daheng_sn_FDE23080341,2082,173464187000000,173464187000000,173464187000000,2026-09-05T05:05:02.948593+00:00,25267,7811504442650,1920,1200
directshow_index_1,2095,173464234000000,173464234000000,173464234000000,2026-09-05T05:05:02.957937+00:00,,,640,480
daheng_sn_FDE23080341,2083,173464281000000,173464281000000,173464281000000,2026-09-05T05:05:03.050374+00:00,25279,7811596660250,1920,1200
directshow_index_1,2096,173464328000000,173464328000000,173464328000000,2026-09-05T05:05:03.051379+00:00,,,640,480
daheng_sn_FDE23080341,2084,173464375000000,173464375000000,173464375000000,2026-09-05T05:05:03.137861+00:00,25291,7811688877850,1920,1200
directshow_index_1,2097,173464421000000,173464421000000,173464421000000,2026-09-05T05:05:03.142858+00:00,,,640,480
daheng_sn_FDE23080341,2085,173464468000000,173464468000000,173464468000000,2026-09-05T05:05:03.224677+00:00,25303,7811781095450,1920,1200
directshow_index_1,2098,173464515000000,173464515000000,173464515000000,2026-09-05T05:05:03.257305+00:00,,,640,480
daheng_sn_FDE23080341,2086,173464562000000,173464562000000,173464562000000,2026-09-05T05:05:03.313814+00:00,25315,7811873313050,1920,1200
directshow_index_1,2099,173464609000000,173464609000000,173464609000000,2026-09-05T05:05:03.334668+00:00,,,640,480
daheng_sn_FDE23080341,2087,173464656000000,173464656000000,173464656000000,2026-09-05T05:05:03.414782+00:00,25328,7811973215450,1920,1200
directshow_index_1,2100,173464703000000,173464703000000,173464703000000,2026-09-05T05:05:03.425778+00:00,,,640,480
daheng_sn_FDE23080341,2088,173464750000000,173464750000000,173464750000000,2026-09-05T05:05:03.501686+00:00,25340,7812065433050,1920,1200
directshow_index_1,2101,173464796000000,173464796000000,173464796000000,2026-09-05T05:05:03.522156+00:00,,,640,480
daheng_sn_FDE23080341,2089,173464843000000,173464843000000,173464843000000,2026-09-05T05:05:03.597464+00:00,25352,7812157650650,1920,1200
directshow_index_1,2102,173464890000000,173464890000000,173464890000000,2026-09-05T05:05:03.611468+00:00,,,640,480
daheng_sn_FDE23080341,2090,173464937000000,173464937000000,173464937000000,2026-09-05T05:05:03.691407+00:00,25364,7812249868250,1920,1200
directshow_index_1,2103,173464984000000,173464984000000,173464984000000,2026-09-05T05:05:03.708128+00:00,,,640,480
daheng_sn_FDE23080341,2091,173465031000000,173465031000000,173465031000000,2026-09-05T05:05:03.785051+00:00,25376,7812342085850,1920,1200
directshow_index_1,2104,173465078000000,173465078000000,173465078000000,2026-09-05T05:05:03.825853+00:00,,,640,480
daheng_sn_FDE23080341,2092,173465125000000,173465125000000,173465125000000,2026-09-05T05:05:03.884281+00:00,25389,7812441988250,1920,1200
directshow_index_1,2105,173465171000000,173465171000000,173465171000000,2026-09-05T05:05:03.896905+00:00,,,640,480
daheng_sn_FDE23080341,2093,173465218000000,173465218000000,173465218000000,2026-09-05T05:05:03.971739+00:00,25401,7812534205850,1920,1200
directshow_index_1,2106,173465265000000,173465265000000,173465265000000,2026-09-05T05:05:03.987744+00:00,,,640,480
daheng_sn_FDE23080341,2094,173465312000000,173465312000000,173465312000000,2026-09-05T05:05:04.066775+00:00,25413,7812626423450,1920,1200
directshow_index_1,2107,173465359000000,173465359000000,173465359000000,2026-09-05T05:05:04.085781+00:00,,,640,480
daheng_sn_FDE23080341,2095,173465406000000,173465406000000,173465406000000,2026-09-05T05:05:04.160372+00:00,25426,7812726325850,1920,1200
directshow_index_1,2108,173465453000000,173465453000000,173465453000000,2026-09-05T05:05:04.177751+00:00,,,640,480
daheng_sn_FDE23080341,2096,173465500000000,173465500000000,173465500000000,2026-09-05T05:05:04.256040+00:00,25438,7812818543450,1920,1200
directshow_index_1,2109,173465546000000,173465546000000,173465546000000,2026-09-05T05:05:04.270041+00:00,,,640,480
daheng_sn_FDE23080341,2097,173465593000000,173465593000000,173465593000000,2026-09-05T05:05:04.352280+00:00,25449,7812903076250,1920,1200
directshow_index_1,2110,173465640000000,173465640000000,173465640000000,2026-09-05T05:05:04.365801+00:00,,,640,480
daheng_sn_FDE23080341,2098,173465687000000,173465687000000,173465687000000,2026-09-05T05:05:04.447221+00:00,25462,7813002978650,1920,1200
directshow_index_1,2111,173465734000000,173465734000000,173465734000000,2026-09-05T05:05:04.459754+00:00,,,640,480
daheng_sn_FDE23080341,2099,173465781000000,173465781000000,173465781000000,2026-09-05T05:05:04.536970+00:00,25474,7813095196250,1920,1200
directshow_index_1,2112,173465828000000,173465828000000,173465828000000,2026-09-05T05:05:04.551392+00:00,,,640,480
daheng_sn_FDE23080341,2100,173465875000000,173465875000000,173465875000000,2026-09-05T05:05:04.630915+00:00,25486,7813187413850,1920,1200
directshow_index_1,2113,173465921000000,173465921000000,173465921000000,2026-09-05T05:05:04.645915+00:00,,,640,480
daheng_sn_FDE23080341,2101,173465968000000,173465968000000,173465968000000,2026-09-05T05:05:04.721415+00:00,25498,7813279631450,1920,1200
directshow_index_1,2114,173466015000000,173466015000000,173466015000000,2026-09-05T05:05:04.736594+00:00,,,640,480
daheng_sn_FDE23080341,2102,173466062000000,173466062000000,173466062000000,2026-09-05T05:05:04.819738+00:00,25511,7813379533850,1920,1200
directshow_index_1,2115,173466109000000,173466109000000,173466109000000,2026-09-05T05:05:04.835984+00:00,,,640,480
daheng_sn_FDE23080341,2103,173466156000000,173466156000000,173466156000000,2026-09-05T05:05:04.909228+00:00,25523,7813471751450,1920,1200
directshow_index_1,2116,173466203000000,173466203000000,173466203000000,2026-09-05T05:05:04.925105+00:00,,,640,480
daheng_sn_FDE23080341,2104,173466250000000,173466250000000,173466250000000,2026-09-05T05:05:05.016993+00:00,25535,7813563969050,1920,1200
directshow_index_1,2117,173466296000000,173466296000000,173466296000000,2026-09-05T05:05:05.022140+00:00,,,640,480
daheng_sn_FDE23080341,2105,173466343000000,173466343000000,173466343000000,2026-09-05T05:05:05.100186+00:00,25547,7813656186650,1920,1200
directshow_index_1,2118,173466390000000,173466390000000,173466390000000,2026-09-05T05:05:05.113195+00:00,,,640,480
daheng_sn_FDE23080341,2106,173466437000000,173466437000000,173466437000000,2026-09-05T05:05:05.192815+00:00,25560,7813756089050,1920,1200
directshow_index_1,2119,173466484000000,173466484000000,173466484000000,2026-09-05T05:05:05.211502+00:00,,,640,480
daheng_sn_FDE23080341,2107,173466531000000,173466531000000,173466531000000,2026-09-05T05:05:05.290217+00:00,25572,7813848306650,1920,1200
directshow_index_1,2120,173466578000000,173466578000000,173466578000000,2026-09-05T05:05:05.301735+00:00,,,640,480
daheng_sn_FDE23080341,2108,173466625000000,173466625000000,173466625000000,2026-09-05T05:05:05.379765+00:00,25584,7813940524250,1920,1200
directshow_index_1,2121,173466671000000,173466671000000,173466671000000,2026-09-05T05:05:05.395036+00:00,,,640,480
daheng_sn_FDE23080341,2109,173466718000000,173466718000000,173466718000000,2026-09-05T05:05:05.475055+00:00,25596,7814032741850,1920,1200
directshow_index_1,2122,173466765000000,173466765000000,173466765000000,2026-09-05T05:05:05.486368+00:00,,,640,480
daheng_sn_FDE23080341,2110,173466812000000,173466812000000,173466812000000,2026-09-05T05:05:05.572551+00:00,25608,7814124959450,1920,1200
directshow_index_1,2123,173466859000000,173466859000000,173466859000000,2026-09-05T05:05:05.591555+00:00,,,640,480
daheng_sn_FDE23080341,2111,173466906000000,173466906000000,173466906000000,2026-09-05T05:05:05.652579+00:00,25621,7814224861850,1920,1200
directshow_index_1,2124,173466953000000,173466953000000,173466953000000,2026-09-05T05:05:05.675881+00:00,,,640,480
daheng_sn_FDE23080341,2112,173467000000000,173467000000000,173467000000000,2026-09-05T05:05:05.745436+00:00,25632,7814309394650,1920,1200
directshow_index_1,2125,173467046000000,173467046000000,173467046000000,2026-09-05T05:05:05.766217+00:00,,,640,480
daheng_sn_FDE23080341,2113,173467093000000,173467093000000,173467093000000,2026-09-05T05:05:05.837286+00:00,25645,7814409297050,1920,1200
directshow_index_1,2126,173467140000000,173467140000000,173467140000000,2026-09-05T05:05:05.860463+00:00,,,640,480
daheng_sn_FDE23080341,2114,173467187000000,173467187000000,173467187000000,2026-09-05T05:05:05.933859+00:00,25657,7814501514650,1920,1200
directshow_index_1,2127,173467234000000,173467234000000,173467234000000,2026-09-05T05:05:05.957839+00:00,,,640,480
daheng_sn_FDE23080341,2115,173467281000000,173467281000000,173467281000000,2026-09-05T05:05:06.031296+00:00,25669,7814593732250,1920,1200
directshow_index_1,2128,173467328000000,173467328000000,173467328000000,2026-09-05T05:05:06.048296+00:00,,,640,480
daheng_sn_FDE23080341,2116,173467375000000,173467375000000,173467375000000,2026-09-05T05:05:06.140623+00:00,25681,7814685949850,1920,1200
directshow_index_1,2129,173467421000000,173467421000000,173467421000000,2026-09-05T05:05:06.143118+00:00,,,640,480
daheng_sn_FDE23080341,2117,173467468000000,173467468000000,173467468000000,2026-09-05T05:05:06.213081+00:00,25693,7814778167450,1920,1200
directshow_index_1,2130,173467515000000,173467515000000,173467515000000,2026-09-05T05:05:06.239392+00:00,,,640,480
daheng_sn_FDE23080341,2118,173467562000000,173467562000000,173467562000000,2026-09-05T05:05:06.303646+00:00,25706,7814878069850,1920,1200
directshow_index_1,2131,173467609000000,173467609000000,173467609000000,2026-09-05T05:05:06.330156+00:00,,,640,480
daheng_sn_FDE23080341,2119,173467656000000,173467656000000,173467656000000,2026-09-05T05:05:06.399719+00:00,25718,7814970287450,1920,1200
directshow_index_1,2132,173467703000000,173467703000000,173467703000000,2026-09-05T05:05:06.426422+00:00,,,640,480
daheng_sn_FDE23080341,2120,173467750000000,173467750000000,173467750000000,2026-09-05T05:05:06.491959+00:00,25730,7815062505050,1920,1200
directshow_index_1,2133,173467796000000,173467796000000,173467796000000,2026-09-05T05:05:06.521612+00:00,,,640,480
daheng_sn_FDE23080341,2121,173467843000000,173467843000000,173467843000000,2026-09-05T05:05:06.586179+00:00,25743,7815162407450,1920,1200
directshow_index_1,2134,173467890000000,173467890000000,173467890000000,2026-09-05T05:05:06.611229+00:00,,,640,480
daheng_sn_FDE23080341,2122,173467937000000,173467953000000,173467945000000,2026-09-05T05:05:06.697805+00:00,25755,7815254625050,1920,1200
directshow_index_1,2135,173467984000000,173467984000000,173467984000000,2026-09-05T05:05:06.706804+00:00,,,640,480
daheng_sn_FDE23080341,2123,173468031000000,173468031000000,173468031000000,2026-09-05T05:05:06.776417+00:00,25767,7815346842650,1920,1200
directshow_index_1,2136,173468078000000,173468078000000,173468078000000,2026-09-05T05:05:06.802759+00:00,,,640,480
daheng_sn_FDE23080341,2124,173468125000000,173468125000000,173468125000000,2026-09-05T05:05:06.866090+00:00,25779,7815439060250,1920,1200
directshow_index_1,2137,173468171000000,173468171000000,173468171000000,2026-09-05T05:05:06.895639+00:00,,,640,480
daheng_sn_FDE23080341,2125,173468218000000,173468218000000,173468218000000,2026-09-05T05:05:06.977705+00:00,25791,7815531277850,1920,1200
directshow_index_1,2138,173468265000000,173468265000000,173468265000000,2026-09-05T05:05:06.989470+00:00,,,640,480
daheng_sn_FDE23080341,2126,173468312000000,173468312000000,173468312000000,2026-09-05T05:05:07.073423+00:00,25803,7815623495450,1920,1200
directshow_index_1,2139,173468359000000,173468359000000,173468359000000,2026-09-05T05:05:07.082427+00:00,,,640,480
daheng_sn_FDE23080341,2127,173468406000000,173468406000000,173468406000000,2026-09-05T05:05:07.158653+00:00,25816,7815723397850,1920,1200
directshow_index_1,2140,173468453000000,173468453000000,173468453000000,2026-09-05T05:05:07.173952+00:00,,,640,480
daheng_sn_FDE23080341,2128,173468500000000,173468500000000,173468500000000,2026-09-05T05:05:07.245814+00:00,25827,7815807930650,1920,1200
directshow_index_1,2141,173468546000000,173468546000000,173468546000000,2026-09-05T05:05:07.269813+00:00,,,640,480
daheng_sn_FDE23080341,2129,173468593000000,173468593000000,173468593000000,2026-09-05T05:05:07.337909+00:00,25840,7815907833050,1920,1200
directshow_index_1,2142,173468640000000,173468640000000,173468640000000,2026-09-05T05:05:07.360413+00:00,,,640,480
daheng_sn_FDE23080341,2130,173468687000000,173468687000000,173468687000000,2026-09-05T05:05:07.430504+00:00,25852,7816000050650,1920,1200
directshow_index_1,2143,173468734000000,173468734000000,173468734000000,2026-09-05T05:05:07.457846+00:00,,,640,480
daheng_sn_FDE23080341,2131,173468781000000,173468781000000,173468781000000,2026-09-05T05:05:07.528111+00:00,25864,7816092268250,1920,1200
directshow_index_1,2144,173468828000000,173468828000000,173468828000000,2026-09-05T05:05:07.547891+00:00,,,640,480
daheng_sn_FDE23080341,2132,173468875000000,173468875000000,173468875000000,2026-09-05T05:05:07.618926+00:00,25877,7816192170650,1920,1200
directshow_index_1,2145,173468921000000,173468921000000,173468921000000,2026-09-05T05:05:07.644926+00:00,,,640,480
daheng_sn_FDE23080341,2133,173468968000000,173468968000000,173468968000000,2026-09-05T05:05:07.718170+00:00,25890,7816292073050,1920,1200
directshow_index_1,2146,173469015000000,173469015000000,173469015000000,2026-09-05T05:05:07.738083+00:00,,,640,480
daheng_sn_FDE23080341,2134,173469062000000,173469062000000,173469062000000,2026-09-05T05:05:07.810923+00:00,25901,7816376605850,1920,1200
directshow_index_1,2147,173469109000000,173469109000000,173469109000000,2026-09-05T05:05:07.828776+00:00,,,640,480
daheng_sn_FDE23080341,2135,173469156000000,173469156000000,173469156000000,2026-09-05T05:05:07.904206+00:00,25913,7816468823450,1920,1200
directshow_index_1,2148,173469203000000,173469203000000,173469203000000,2026-09-05T05:05:07.925177+00:00,,,640,480
daheng_sn_FDE23080341,2136,173469250000000,173469250000000,173469250000000,2026-09-05T05:05:07.991005+00:00,25926,7816568725850,1920,1200
directshow_index_1,2149,173469296000000,173469296000000,173469296000000,2026-09-05T05:05:08.016534+00:00,,,640,480
daheng_sn_FDE23080341,2137,173469343000000,173469343000000,173469343000000,2026-09-05T05:05:08.089138+00:00,25937,7816653258650,1920,1200
directshow_index_1,2150,173469390000000,173469390000000,173469390000000,2026-09-05T05:05:08.112624+00:00,,,640,480
daheng_sn_FDE23080341,2138,173469437000000,173469437000000,173469437000000,2026-09-05T05:05:08.181572+00:00,25950,7816753161050,1920,1200
directshow_index_1,2151,173469484000000,173469484000000,173469484000000,2026-09-05T05:05:08.209638+00:00,,,640,480
daheng_sn_FDE23080341,2139,173469531000000,173469546000000,173469538500000,2026-09-05T05:05:08.295412+00:00,25962,7816845378650,1920,1200
directshow_index_1,2152,173469578000000,173469578000000,173469578000000,2026-09-05T05:05:08.298923+00:00,,,640,480
daheng_sn_FDE23080341,2140,173469625000000,173469625000000,173469625000000,2026-09-05T05:05:08.367075+00:00,25974,7816937596250,1920,1200
directshow_index_1,2153,173469671000000,173469671000000,173469671000000,2026-09-05T05:05:08.396570+00:00,,,640,480
daheng_sn_FDE23080341,2141,173469718000000,173469718000000,173469718000000,2026-09-05T05:05:08.460131+00:00,25986,7817029813850,1920,1200
directshow_index_1,2154,173469765000000,173469765000000,173469765000000,2026-09-05T05:05:08.485637+00:00,,,640,480
daheng_sn_FDE23080341,2142,173469812000000,173469812000000,173469812000000,2026-09-05T05:05:08.557993+00:00,25999,7817129716250,1920,1200
directshow_index_1,2155,173469859000000,173469859000000,173469859000000,2026-09-05T05:05:08.582627+00:00,,,640,480
daheng_sn_FDE23080341,2143,173469906000000,173469906000000,173469906000000,2026-09-05T05:05:08.648390+00:00,26011,7817221933850,1920,1200
directshow_index_1,2156,173469953000000,173469953000000,173469953000000,2026-09-05T05:05:08.672420+00:00,,,640,480
daheng_sn_FDE23080341,2144,173470000000000,173470000000000,173470000000000,2026-09-05T05:05:08.747957+00:00,26023,7817314151450,1920,1200
directshow_index_1,2157,173470046000000,173470046000000,173470046000000,2026-09-05T05:05:08.769763+00:00,,,640,480
daheng_sn_FDE23080341,2145,173470093000000,173470093000000,173470093000000,2026-09-05T05:05:08.849755+00:00,26035,7817406369050,1920,1200
directshow_index_1,2158,173470140000000,173470140000000,173470140000000,2026-09-05T05:05:08.863081+00:00,,,640,480
daheng_sn_FDE23080341,2146,173470187000000,173470187000000,173470187000000,2026-09-05T05:05:08.932493+00:00,26048,7817506271450,1920,1200
directshow_index_1,2159,173470234000000,173470234000000,173470234000000,2026-09-05T05:05:08.956010+00:00,,,640,480
daheng_sn_FDE23080341,2147,173470281000000,173470281000000,173470281000000,2026-09-05T05:05:09.025879+00:00,26059,7817590804250,1920,1200
directshow_index_1,2160,173470328000000,173470328000000,173470328000000,2026-09-05T05:05:09.047395+00:00,,,640,480
daheng_sn_FDE23080341,2148,173470375000000,173470375000000,173470375000000,2026-09-05T05:05:09.120470+00:00,26072,7817690706650,1920,1200
directshow_index_1,2161,173470421000000,173470421000000,173470421000000,2026-09-05T05:05:09.144469+00:00,,,640,480
daheng_sn_FDE23080341,2149,173470468000000,173470468000000,173470468000000,2026-09-05T05:05:09.210816+00:00,26084,7817782924250,1920,1200
directshow_index_1,2162,173470515000000,173470515000000,173470515000000,2026-09-05T05:05:09.239969+00:00,,,640,480
daheng_sn_FDE23080341,2150,173470562000000,173470562000000,173470562000000,2026-09-05T05:05:09.312207+00:00,26097,7817882826650,1920,1200
directshow_index_1,2163,173470609000000,173470609000000,173470609000000,2026-09-05T05:05:09.331208+00:00,,,640,480
daheng_sn_FDE23080341,2151,173470656000000,173470656000000,173470656000000,2026-09-05T05:05:09.402991+00:00,26108,7817967359450,1920,1200
directshow_index_1,2164,173470703000000,173470703000000,173470703000000,2026-09-05T05:05:09.424991+00:00,,,640,480
daheng_sn_FDE23080341,2152,173470750000000,173470750000000,173470750000000,2026-09-05T05:05:09.501787+00:00,26120,7818059577050,1920,1200
directshow_index_1,2165,173470796000000,173470796000000,173470796000000,2026-09-05T05:05:09.516028+00:00,,,640,480
daheng_sn_FDE23080341,2153,173470843000000,173470843000000,173470843000000,2026-09-05T05:05:09.590901+00:00,26133,7818159479450,1920,1200
directshow_index_1,2166,173470890000000,173470890000000,173470890000000,2026-09-05T05:05:09.610624+00:00,,,640,480
daheng_sn_FDE23080341,2154,173470937000000,173470937000000,173470937000000,2026-09-05T05:05:09.679741+00:00,26145,7818251697050,1920,1200
directshow_index_1,2167,173470984000000,173471000000000,173470992000000,2026-09-05T05:05:09.723810+00:00,,,640,480
daheng_sn_FDE23080341,2155,173471031000000,173471031000000,173471031000000,2026-09-05T05:05:09.774178+00:00,26157,7818343914650,1920,1200
directshow_index_1,2168,173471078000000,173471078000000,173471078000000,2026-09-05T05:05:09.799517+00:00,,,640,480
daheng_sn_FDE23080341,2156,173471125000000,173471125000000,173471125000000,2026-09-05T05:05:09.870876+00:00,26170,7818443817050,1920,1200
directshow_index_1,2169,173471171000000,173471171000000,173471171000000,2026-09-05T05:05:09.914180+00:00,,,640,480
daheng_sn_FDE23080341,2157,173471218000000,173471218000000,173471218000000,2026-09-05T05:05:09.960741+00:00,26182,7818536034650,1920,1200
directshow_index_1,2170,173471265000000,173471265000000,173471265000000,2026-09-05T05:05:09.988473+00:00,,,640,480
daheng_sn_FDE23080341,2158,173471312000000,173471312000000,173471312000000,2026-09-05T05:05:10.058365+00:00,26194,7818628252250,1920,1200
directshow_index_1,2171,173471359000000,173471359000000,173471359000000,2026-09-05T05:05:10.082104+00:00,,,640,480
daheng_sn_FDE23080341,2159,173471406000000,173471406000000,173471406000000,2026-09-05T05:05:10.163153+00:00,26206,7818720469850,1920,1200
directshow_index_1,2172,173471453000000,173471453000000,173471453000000,2026-09-05T05:05:10.174090+00:00,,,640,480
daheng_sn_FDE23080341,2160,173471500000000,173471500000000,173471500000000,2026-09-05T05:05:10.258128+00:00,26218,7818812687450,1920,1200
directshow_index_1,2173,173471546000000,173471546000000,173471546000000,2026-09-05T05:05:10.273127+00:00,,,640,480
daheng_sn_FDE23080341,2161,173471593000000,173471593000000,173471593000000,2026-09-05T05:05:10.348942+00:00,26231,7818912589850,1920,1200
directshow_index_1,2174,173471640000000,173471640000000,173471640000000,2026-09-05T05:05:10.363323+00:00,,,640,480
daheng_sn_FDE23080341,2162,173471687000000,173471687000000,173471687000000,2026-09-05T05:05:10.459367+00:00,26242,7818997122650,1920,1200
directshow_index_1,2175,173471734000000,173471734000000,173471734000000,2026-09-05T05:05:10.467367+00:00,,,640,480
daheng_sn_FDE23080341,2163,173471781000000,173471781000000,173471781000000,2026-09-05T05:05:10.527279+00:00,26255,7819097025050,1920,1200
directshow_index_1,2176,173471828000000,173471828000000,173471828000000,2026-09-05T05:05:10.551944+00:00,,,640,480
daheng_sn_FDE23080341,2164,173471875000000,173471875000000,173471875000000,2026-09-05T05:05:10.619503+00:00,26267,7819189242650,1920,1200
directshow_index_1,2177,173471921000000,173471921000000,173471921000000,2026-09-05T05:05:10.641118+00:00,,,640,480
daheng_sn_FDE23080341,2165,173471968000000,173471968000000,173471968000000,2026-09-05T05:05:10.713900+00:00,26279,7819281460250,1920,1200
directshow_index_1,2178,173472015000000,173472015000000,173472015000000,2026-09-05T05:05:10.736899+00:00,,,640,480
daheng_sn_FDE23080341,2166,173472062000000,173472062000000,173472062000000,2026-09-05T05:05:10.805799+00:00,26291,7819373677850,1920,1200
directshow_index_1,2179,173472109000000,173472109000000,173472109000000,2026-09-05T05:05:10.829368+00:00,,,640,480
daheng_sn_FDE23080341,2167,173472156000000,173472156000000,173472156000000,2026-09-05T05:05:10.895791+00:00,26304,7819473580250,1920,1200
directshow_index_1,2180,173472203000000,173472203000000,173472203000000,2026-09-05T05:05:10.926321+00:00,,,640,480
daheng_sn_FDE23080341,2168,173472250000000,173472250000000,173472250000000,2026-09-05T05:05:10.994347+00:00,26316,7819565797850,1920,1200
directshow_index_1,2181,173472296000000,173472296000000,173472296000000,2026-09-05T05:05:11.026561+00:00,,,640,480
daheng_sn_FDE23080341,2169,173472343000000,173472343000000,173472343000000,2026-09-05T05:05:11.091177+00:00,26328,7819658015450,1920,1200
directshow_index_1,2182,173472390000000,173472390000000,173472390000000,2026-09-05T05:05:11.112391+00:00,,,640,480
daheng_sn_FDE23080341,2170,173472437000000,173472437000000,173472437000000,2026-09-05T05:05:11.182420+00:00,26340,7819750233050,1920,1200
directshow_index_1,2183,173472484000000,173472484000000,173472484000000,2026-09-05T05:05:11.204456+00:00,,,640,480
daheng_sn_FDE23080341,2171,173472531000000,173472531000000,173472531000000,2026-09-05T05:05:11.277424+00:00,26352,7819842450650,1920,1200
directshow_index_1,2184,173472578000000,173472578000000,173472578000000,2026-09-05T05:05:11.300805+00:00,,,640,480
daheng_sn_FDE23080341,2172,173472625000000,173472625000000,173472625000000,2026-09-05T05:05:11.370868+00:00,26364,7819934668250,1920,1200
directshow_index_1,2185,173472671000000,173472671000000,173472671000000,2026-09-05T05:05:11.395874+00:00,,,640,480
daheng_sn_FDE23080341,2173,173472718000000,173472718000000,173472718000000,2026-09-05T05:05:11.462470+00:00,26377,7820034570650,1920,1200
directshow_index_1,2186,173472765000000,173472765000000,173472765000000,2026-09-05T05:05:11.485200+00:00,,,640,480
daheng_sn_FDE23080341,2174,173472812000000,173472812000000,173472812000000,2026-09-05T05:05:11.552850+00:00,26389,7820126788250,1920,1200
directshow_index_1,2187,173472859000000,173472859000000,173472859000000,2026-09-05T05:05:11.594231+00:00,,,640,480
daheng_sn_FDE23080341,2175,173472906000000,173472906000000,173472906000000,2026-09-05T05:05:11.651801+00:00,26401,7820219005850,1920,1200
directshow_index_1,2188,173472953000000,173472953000000,173472953000000,2026-09-05T05:05:11.675789+00:00,,,640,480
daheng_sn_FDE23080341,2176,173473000000000,173473000000000,173473000000000,2026-09-05T05:05:11.745347+00:00,26413,7820311223450,1920,1200
directshow_index_1,2189,173473046000000,173473046000000,173473046000000,2026-09-05T05:05:11.767080+00:00,,,640,480
daheng_sn_FDE23080341,2177,173473093000000,173473093000000,173473093000000,2026-09-05T05:05:11.840134+00:00,26425,7820403441050,1920,1200
directshow_index_1,2190,173473140000000,173473140000000,173473140000000,2026-09-05T05:05:11.860630+00:00,,,640,480
daheng_sn_FDE23080341,2178,173473187000000,173473187000000,173473187000000,2026-09-05T05:05:11.935703+00:00,26437,7820495658650,1920,1200
directshow_index_1,2191,173473234000000,173473234000000,173473234000000,2026-09-05T05:05:11.957655+00:00,,,640,480
daheng_sn_FDE23080341,2179,173473281000000,173473281000000,173473281000000,2026-09-05T05:05:12.026418+00:00,26450,7820595561050,1920,1200
directshow_index_1,2192,173473328000000,173473328000000,173473328000000,2026-09-05T05:05:12.049601+00:00,,,640,480
daheng_sn_FDE23080341,2180,173473375000000,173473375000000,173473375000000,2026-09-05T05:05:12.125121+00:00,26462,7820687778650,1920,1200
directshow_index_1,2193,173473421000000,173473421000000,173473421000000,2026-09-05T05:05:12.147120+00:00,,,640,480
daheng_sn_FDE23080341,2181,173473468000000,173473468000000,173473468000000,2026-09-05T05:05:12.216182+00:00,26474,7820779996250,1920,1200
directshow_index_1,2194,173473515000000,173473515000000,173473515000000,2026-09-05T05:05:12.237857+00:00,,,640,480
daheng_sn_FDE23080341,2182,173473562000000,173473562000000,173473562000000,2026-09-05T05:05:12.314713+00:00,26486,7820872213850,1920,1200
directshow_index_1,2195,173473609000000,173473609000000,173473609000000,2026-09-05T05:05:12.329662+00:00,,,640,480
daheng_sn_FDE23080341,2183,173473656000000,173473656000000,173473656000000,2026-09-05T05:05:12.403143+00:00,26499,7820972116250,1920,1200
directshow_index_1,2196,173473703000000,173473703000000,173473703000000,2026-09-05T05:05:12.427150+00:00,,,640,480
daheng_sn_FDE23080341,2184,173473750000000,173473750000000,173473750000000,2026-09-05T05:05:12.499274+00:00,26511,7821064333850,1920,1200
directshow_index_1,2197,173473796000000,173473796000000,173473796000000,2026-09-05T05:05:12.518384+00:00,,,640,480
daheng_sn_FDE23080341,2185,173473843000000,173473843000000,173473843000000,2026-09-05T05:05:12.590812+00:00,26523,7821156551450,1920,1200
directshow_index_1,2198,173473890000000,173473890000000,173473890000000,2026-09-05T05:05:12.613869+00:00,,,640,480
daheng_sn_FDE23080341,2186,173473937000000,173473937000000,173473937000000,2026-09-05T05:05:12.693853+00:00,26536,7821256453850,1920,1200
directshow_index_1,2199,173473984000000,173473984000000,173473984000000,2026-09-05T05:05:12.707383+00:00,,,640,480
daheng_sn_FDE23080341,2187,173474031000000,173474031000000,173474031000000,2026-09-05T05:05:12.778597+00:00,26547,7821340986650,1920,1200
directshow_index_1,2200,173474078000000,173474078000000,173474078000000,2026-09-05T05:05:12.798045+00:00,,,640,480
daheng_sn_FDE23080341,2188,173474125000000,173474125000000,173474125000000,2026-09-05T05:05:12.871765+00:00,26560,7821440889050,1920,1200
directshow_index_1,2201,173474171000000,173474171000000,173474171000000,2026-09-05T05:05:12.894414+00:00,,,640,480
daheng_sn_FDE23080341,2189,173474218000000,173474218000000,173474218000000,2026-09-05T05:05:12.971427+00:00,26572,7821533106650,1920,1200
directshow_index_1,2202,173474265000000,173474265000000,173474265000000,2026-09-05T05:05:12.990419+00:00,,,640,480
daheng_sn_FDE23080341,2190,173474312000000,173474312000000,173474312000000,2026-09-05T05:05:13.057465+00:00,26584,7821625324250,1920,1200
directshow_index_1,2203,173474359000000,173474359000000,173474359000000,2026-09-05T05:05:13.079854+00:00,,,640,480
daheng_sn_FDE23080341,2191,173474406000000,173474406000000,173474406000000,2026-09-05T05:05:13.149816+00:00,26596,7821717541850,1920,1200
directshow_index_1,2204,173474453000000,173474453000000,173474453000000,2026-09-05T05:05:13.176890+00:00,,,640,480
daheng_sn_FDE23080341,2192,173474500000000,173474500000000,173474500000000,2026-09-05T05:05:13.266802+00:00,26608,7821809759450,1920,1200
directshow_index_1,2205,173474546000000,173474546000000,173474546000000,2026-09-05T05:05:13.269803+00:00,,,640,480
daheng_sn_FDE23080341,2193,173474593000000,173474593000000,173474593000000,2026-09-05T05:05:13.339368+00:00,26621,7821909661850,1920,1200
directshow_index_1,2206,173474640000000,173474640000000,173474640000000,2026-09-05T05:05:13.366574+00:00,,,640,480
daheng_sn_FDE23080341,2194,173474687000000,173474687000000,173474687000000,2026-09-05T05:05:13.428176+00:00,26633,7822001879450,1920,1200
directshow_index_1,2207,173474734000000,173474734000000,173474734000000,2026-09-05T05:05:13.459415+00:00,,,640,480
daheng_sn_FDE23080341,2195,173474781000000,173474781000000,173474781000000,2026-09-05T05:05:13.527818+00:00,26645,7822094097050,1920,1200
directshow_index_1,2208,173474828000000,173474828000000,173474828000000,2026-09-05T05:05:13.550184+00:00,,,640,480
daheng_sn_FDE23080341,2196,173474875000000,173474875000000,173474875000000,2026-09-05T05:05:13.636691+00:00,26657,7822186314650,1920,1200
directshow_index_1,2209,173474921000000,173474921000000,173474921000000,2026-09-05T05:05:13.647684+00:00,,,640,480
daheng_sn_FDE23080341,2197,173474968000000,173474968000000,173474968000000,2026-09-05T05:05:13.739453+00:00,26669,7822278532250,1920,1200
directshow_index_1,2210,173475015000000,173475015000000,173475015000000,2026-09-05T05:05:13.740012+00:00,,,640,480
daheng_sn_FDE23080341,2198,173475062000000,173475062000000,173475062000000,2026-09-05T05:05:13.829089+00:00,26682,7822378434650,1920,1200
directshow_index_1,2211,173475109000000,173475109000000,173475109000000,2026-09-05T05:05:13.837098+00:00,,,640,480
daheng_sn_FDE23080341,2199,173475156000000,173475156000000,173475156000000,2026-09-05T05:05:13.906081+00:00,26694,7822470652250,1920,1200
directshow_index_1,2212,173475203000000,173475203000000,173475203000000,2026-09-05T05:05:13.925302+00:00,,,640,480
daheng_sn_FDE23080341,2200,173475250000000,173475250000000,173475250000000,2026-09-05T05:05:13.997940+00:00,26706,7822562869850,1920,1200
directshow_index_1,2213,173475296000000,173475296000000,173475296000000,2026-09-05T05:05:14.016019+00:00,,,640,480
daheng_sn_FDE23080341,2201,173475343000000,173475343000000,173475343000000,2026-09-05T05:05:14.095307+00:00,26718,7822655087450,1920,1200
directshow_index_1,2214,173475390000000,173475390000000,173475390000000,2026-09-05T05:05:14.113168+00:00,,,640,480
daheng_sn_FDE23080341,2202,173475437000000,173475437000000,173475437000000,2026-09-05T05:05:14.184995+00:00,26730,7822747305050,1920,1200
directshow_index_1,2215,173475484000000,173475484000000,173475484000000,2026-09-05T05:05:14.204511+00:00,,,640,480
daheng_sn_FDE23080341,2203,173475531000000,173475531000000,173475531000000,2026-09-05T05:05:14.282828+00:00,26743,7822847207450,1920,1200
directshow_index_1,2216,173475578000000,173475578000000,173475578000000,2026-09-05T05:05:14.302357+00:00,,,640,480
directshow_index_1,2217,173475671000000,173475671000000,173475671000000,2026-09-05T05:05:14.392660+00:00,,,640,480
daheng_sn_FDE23080341,2204,173475625000000,173475625000000,173475625000000,2026-09-05T05:05:14.396737+00:00,26755,7822939425050,1920,1200
daheng_sn_FDE23080341,2205,173475718000000,173475718000000,173475718000000,2026-09-05T05:05:14.468350+00:00,26767,7823031642650,1920,1200
directshow_index_1,2218,173475765000000,173475765000000,173475765000000,2026-09-05T05:05:14.487347+00:00,,,640,480
daheng_sn_FDE23080341,2206,173475812000000,173475812000000,173475812000000,2026-09-05T05:05:14.560807+00:00,26780,7823131545050,1920,1200
directshow_index_1,2219,173475859000000,173475859000000,173475859000000,2026-09-05T05:05:14.579417+00:00,,,640,480
daheng_sn_FDE23080341,2207,173475906000000,173475906000000,173475906000000,2026-09-05T05:05:14.660904+00:00,26792,7823223762650,1920,1200
directshow_index_1,2220,173475953000000,173475953000000,173475953000000,2026-09-05T05:05:14.677417+00:00,,,640,480
daheng_sn_FDE23080341,2208,173476000000000,173476000000000,173476000000000,2026-09-05T05:05:14.750725+00:00,26804,7823315980250,1920,1200
directshow_index_1,2221,173476046000000,173476046000000,173476046000000,2026-09-05T05:05:14.768243+00:00,,,640,480
daheng_sn_FDE23080341,2209,173476093000000,173476093000000,173476093000000,2026-09-05T05:05:14.842022+00:00,26816,7823408197850,1920,1200
directshow_index_1,2222,173476140000000,173476140000000,173476140000000,2026-09-05T05:05:14.864291+00:00,,,640,480
daheng_sn_FDE23080341,2210,173476187000000,173476187000000,173476187000000,2026-09-05T05:05:14.960572+00:00,26828,7823500415450,1920,1200
directshow_index_1,2223,173476234000000,173476234000000,173476234000000,2026-09-05T05:05:14.965673+00:00,,,640,480
daheng_sn_FDE23080341,2211,173476281000000,173476281000000,173476281000000,2026-09-05T05:05:15.032595+00:00,26840,7823592633050,1920,1200
directshow_index_1,2224,173476328000000,173476328000000,173476328000000,2026-09-05T05:05:15.050595+00:00,,,640,480
daheng_sn_FDE23080341,2212,173476375000000,173476375000000,173476375000000,2026-09-05T05:05:15.125268+00:00,26853,7823692535450,1920,1200
directshow_index_1,2225,173476421000000,173476421000000,173476421000000,2026-09-05T05:05:15.146682+00:00,,,640,480
daheng_sn_FDE23080341,2213,173476468000000,173476468000000,173476468000000,2026-09-05T05:05:15.220402+00:00,26865,7823784753050,1920,1200
directshow_index_1,2226,173476515000000,173476515000000,173476515000000,2026-09-05T05:05:15.239404+00:00,,,640,480
daheng_sn_FDE23080341,2214,173476562000000,173476562000000,173476562000000,2026-09-05T05:05:15.314154+00:00,26877,7823876970650,1920,1200
directshow_index_1,2227,173476609000000,173476609000000,173476609000000,2026-09-05T05:05:15.330450+00:00,,,640,480
daheng_sn_FDE23080341,2215,173476656000000,173476656000000,173476656000000,2026-09-05T05:05:15.407754+00:00,26889,7823969188250,1920,1200
directshow_index_1,2228,173476703000000,173476703000000,173476703000000,2026-09-05T05:05:15.429264+00:00,,,640,480
daheng_sn_FDE23080341,2216,173476750000000,173476750000000,173476750000000,2026-09-05T05:05:15.503405+00:00,26901,7824061405850,1920,1200
directshow_index_1,2229,173476796000000,173476796000000,173476796000000,2026-09-05T05:05:15.533955+00:00,,,640,480
daheng_sn_FDE23080341,2217,173476843000000,173476843000000,173476843000000,2026-09-05T05:05:15.611637+00:00,26913,7824153623450,1920,1200
directshow_index_1,2230,173476890000000,173476890000000,173476890000000,2026-09-05T05:05:15.617439+00:00,,,640,480
daheng_sn_FDE23080341,2218,173476937000000,173476937000000,173476937000000,2026-09-05T05:05:15.696362+00:00,26926,7824253525850,1920,1200
directshow_index_1,2231,173476984000000,173476984000000,173476984000000,2026-09-05T05:05:15.708929+00:00,,,640,480
daheng_sn_FDE23080341,2219,173477031000000,173477031000000,173477031000000,2026-09-05T05:05:15.786943+00:00,26938,7824345743450,1920,1200
directshow_index_1,2232,173477078000000,173477078000000,173477078000000,2026-09-05T05:05:15.802749+00:00,,,640,480
daheng_sn_FDE23080341,2220,173477125000000,173477125000000,173477125000000,2026-09-05T05:05:15.882129+00:00,26950,7824437961050,1920,1200
directshow_index_1,2233,173477171000000,173477171000000,173477171000000,2026-09-05T05:05:15.893249+00:00,,,640,480
daheng_sn_FDE23080341,2221,173477218000000,173477218000000,173477218000000,2026-09-05T05:05:15.968242+00:00,26962,7824530178650,1920,1200
directshow_index_1,2234,173477265000000,173477265000000,173477265000000,2026-09-05T05:05:15.987348+00:00,,,640,480
daheng_sn_FDE23080341,2222,173477312000000,173477312000000,173477312000000,2026-09-05T05:05:16.059428+00:00,26974,7824622396250,1920,1200
directshow_index_1,2235,173477359000000,173477359000000,173477359000000,2026-09-05T05:05:16.084548+00:00,,,640,480
daheng_sn_FDE23080341,2223,173477406000000,173477406000000,173477406000000,2026-09-05T05:05:16.174131+00:00,26987,7824722298650,1920,1200
directshow_index_1,2236,173477453000000,173477453000000,173477453000000,2026-09-05T05:05:16.177725+00:00,,,640,480
daheng_sn_FDE23080341,2224,173477500000000,173477500000000,173477500000000,2026-09-05T05:05:16.252649+00:00,26999,7824814516250,1920,1200
directshow_index_1,2237,173477546000000,173477546000000,173477546000000,2026-09-05T05:05:16.268129+00:00,,,640,480
daheng_sn_FDE23080341,2225,173477593000000,173477593000000,173477593000000,2026-09-05T05:05:16.350468+00:00,27011,7824906733850,1920,1200
directshow_index_1,2238,173477640000000,173477640000000,173477640000000,2026-09-05T05:05:16.365527+00:00,,,640,480
daheng_sn_FDE23080341,2226,173477687000000,173477687000000,173477687000000,2026-09-05T05:05:16.442742+00:00,27023,7824998951450,1920,1200
directshow_index_1,2239,173477734000000,173477734000000,173477734000000,2026-09-05T05:05:16.457891+00:00,,,640,480
daheng_sn_FDE23080341,2227,173477781000000,173477781000000,173477781000000,2026-09-05T05:05:16.536945+00:00,27035,7825091169050,1920,1200
directshow_index_1,2240,173477828000000,173477828000000,173477828000000,2026-09-05T05:05:16.551239+00:00,,,640,480
daheng_sn_FDE23080341,2228,173477875000000,173477875000000,173477875000000,2026-09-05T05:05:16.629797+00:00,27048,7825191071450,1920,1200
directshow_index_1,2241,173477921000000,173477921000000,173477921000000,2026-09-05T05:05:16.646438+00:00,,,640,480
daheng_sn_FDE23080341,2229,173477968000000,173477968000000,173477968000000,2026-09-05T05:05:16.737701+00:00,27060,7825283289050,1920,1200
directshow_index_1,2242,173478015000000,173478015000000,173478015000000,2026-09-05T05:05:16.740698+00:00,,,640,480
daheng_sn_FDE23080341,2230,173478062000000,173478062000000,173478062000000,2026-09-05T05:05:16.821611+00:00,27072,7825375506650,1920,1200
directshow_index_1,2243,173478109000000,173478109000000,173478109000000,2026-09-05T05:05:16.831456+00:00,,,640,480
daheng_sn_FDE23080341,2231,173478156000000,173478156000000,173478156000000,2026-09-05T05:05:16.913371+00:00,27085,7825475409050,1920,1200
directshow_index_1,2244,173478203000000,173478203000000,173478203000000,2026-09-05T05:05:16.923950+00:00,,,640,480
daheng_sn_FDE23080341,2232,173478250000000,173478250000000,173478250000000,2026-09-05T05:05:17.010445+00:00,27096,7825559941850,1920,1200
directshow_index_1,2245,173478296000000,173478296000000,173478296000000,2026-09-05T05:05:17.026314+00:00,,,640,480
daheng_sn_FDE23080341,2233,173478343000000,173478343000000,173478343000000,2026-09-05T05:05:17.102605+00:00,27108,7825652159450,1920,1200
directshow_index_1,2246,173478390000000,173478390000000,173478390000000,2026-09-05T05:05:17.116451+00:00,,,640,480
daheng_sn_FDE23080341,2234,173478437000000,173478437000000,173478437000000,2026-09-05T05:05:17.191273+00:00,27121,7825752061850,1920,1200
directshow_index_1,2247,173478484000000,173478484000000,173478484000000,2026-09-05T05:05:17.211429+00:00,,,640,480
daheng_sn_FDE23080341,2235,173478531000000,173478531000000,173478531000000,2026-09-05T05:05:17.291011+00:00,27133,7825844279450,1920,1200
directshow_index_1,2248,173478578000000,173478578000000,173478578000000,2026-09-05T05:05:17.303476+00:00,,,640,480
daheng_sn_FDE23080341,2236,173478625000000,173478625000000,173478625000000,2026-09-05T05:05:17.388925+00:00,27145,7825936497050,1920,1200
directshow_index_1,2249,173478671000000,173478671000000,173478671000000,2026-09-05T05:05:17.398936+00:00,,,640,480
daheng_sn_FDE23080341,2237,173478718000000,173478718000000,173478718000000,2026-09-05T05:05:17.474884+00:00,27157,7826028714650,1920,1200
directshow_index_1,2250,173478765000000,173478765000000,173478765000000,2026-09-05T05:05:17.490530+00:00,,,640,480
daheng_sn_FDE23080341,2238,173478812000000,173478812000000,173478812000000,2026-09-05T05:05:17.571743+00:00,27170,7826128617050,1920,1200
directshow_index_1,2251,173478859000000,173478859000000,173478859000000,2026-09-05T05:05:17.583433+00:00,,,640,480
daheng_sn_FDE23080341,2239,173478906000000,173478906000000,173478906000000,2026-09-05T05:05:17.672452+00:00,27182,7826220834650,1920,1200
directshow_index_1,2252,173478953000000,173478953000000,173478953000000,2026-09-05T05:05:17.676450+00:00,,,640,480
daheng_sn_FDE23080341,2240,173479000000000,173479000000000,173479000000000,2026-09-05T05:05:17.768615+00:00,27194,7826313052250,1920,1200
directshow_index_1,2253,173479046000000,173479046000000,173479046000000,2026-09-05T05:05:17.768615+00:00,,,640,480
daheng_sn_FDE23080341,2241,173479093000000,173479093000000,173479093000000,2026-09-05T05:05:17.850571+00:00,27207,7826412954650,1920,1200
directshow_index_1,2254,173479140000000,173479140000000,173479140000000,2026-09-05T05:05:17.866573+00:00,,,640,480
directshow_index_1,2255,173479234000000,173479234000000,173479234000000,2026-09-05T05:05:17.958371+00:00,,,640,480
daheng_sn_FDE23080341,2242,173479187000000,173479187000000,173479187000000,2026-09-05T05:05:17.963355+00:00,27218,7826497487450,1920,1200
daheng_sn_FDE23080341,2243,173479281000000,173479281000000,173479281000000,2026-09-05T05:05:18.040009+00:00,27231,7826597389850,1920,1200
directshow_index_1,2256,173479328000000,173479328000000,173479328000000,2026-09-05T05:05:18.050994+00:00,,,640,480
daheng_sn_FDE23080341,2244,173479375000000,173479375000000,173479375000000,2026-09-05T05:05:18.144939+00:00,27243,7826689607450,1920,1200
directshow_index_1,2257,173479421000000,173479421000000,173479421000000,2026-09-05T05:05:18.146940+00:00,,,640,480
daheng_sn_FDE23080341,2245,173479468000000,173479468000000,173479468000000,2026-09-05T05:05:18.229405+00:00,27255,7826781825050,1920,1200
directshow_index_1,2258,173479515000000,173479515000000,173479515000000,2026-09-05T05:05:18.236369+00:00,,,640,480
daheng_sn_FDE23080341,2246,173479562000000,173479562000000,173479562000000,2026-09-05T05:05:18.318771+00:00,27267,7826874042650,1920,1200
directshow_index_1,2259,173479609000000,173479609000000,173479609000000,2026-09-05T05:05:18.334390+00:00,,,640,480
daheng_sn_FDE23080341,2247,173479656000000,173479656000000,173479656000000,2026-09-05T05:05:18.412744+00:00,27279,7826966260250,1920,1200
directshow_index_1,2260,173479703000000,173479703000000,173479703000000,2026-09-05T05:05:18.428418+00:00,,,640,480
directshow_index_1,2261,173479796000000,173479796000000,173479796000000,2026-09-05T05:05:18.524061+00:00,,,640,480
daheng_sn_FDE23080341,2248,173479750000000,173479765000000,173479757500000,2026-09-05T05:05:18.536061+00:00,27291,7827058477850,1920,1200
daheng_sn_FDE23080341,2249,173479843000000,173479843000000,173479843000000,2026-09-05T05:05:18.596885+00:00,27304,7827158380250,1920,1200
directshow_index_1,2262,173479890000000,173479890000000,173479890000000,2026-09-05T05:05:18.614404+00:00,,,640,480
daheng_sn_FDE23080341,2250,173479937000000,173479937000000,173479937000000,2026-09-05T05:05:18.710798+00:00,27316,7827250597850,1920,1200
directshow_index_1,2263,173479984000000,173479984000000,173479984000000,2026-09-05T05:05:18.711797+00:00,,,640,480
directshow_index_1,2264,173480078000000,173480078000000,173480078000000,2026-09-05T05:05:18.801366+00:00,,,640,480
daheng_sn_FDE23080341,2251,173480031000000,173480031000000,173480031000000,2026-09-05T05:05:18.811502+00:00,27329,7827350500250,1920,1200
daheng_sn_FDE23080341,2252,173480125000000,173480125000000,173480125000000,2026-09-05T05:05:18.883629+00:00,27341,7827442717850,1920,1200
directshow_index_1,2265,173480171000000,173480171000000,173480171000000,2026-09-05T05:05:18.894023+00:00,,,640,480
daheng_sn_FDE23080341,2253,173480218000000,173480218000000,173480218000000,2026-09-05T05:05:18.978921+00:00,27353,7827534935450,1920,1200
directshow_index_1,2266,173480265000000,173480265000000,173480265000000,2026-09-05T05:05:18.989860+00:00,,,640,480
daheng_sn_FDE23080341,2254,173480312000000,173480312000000,173480312000000,2026-09-05T05:05:19.076802+00:00,27365,7827627153050,1920,1200
directshow_index_1,2267,173480375000000,173480375000000,173480375000000,2026-09-05T05:05:19.098885+00:00,,,640,480
daheng_sn_FDE23080341,2255,173480406000000,173480406000000,173480406000000,2026-09-05T05:05:19.166583+00:00,27377,7827719370650,1920,1200
directshow_index_1,2268,173480468000000,173480468000000,173480468000000,2026-09-05T05:05:19.190615+00:00,,,640,480
daheng_sn_FDE23080341,2256,173480500000000,173480500000000,173480500000000,2026-09-05T05:05:19.262000+00:00,27390,7827819273050,1920,1200
directshow_index_1,2269,173480562000000,173480562000000,173480562000000,2026-09-05T05:05:19.287519+00:00,,,640,480
daheng_sn_FDE23080341,2257,173480593000000,173480593000000,173480593000000,2026-09-05T05:05:19.354098+00:00,27402,7827911490650,1920,1200
directshow_index_1,2270,173480656000000,173480656000000,173480656000000,2026-09-05T05:05:19.380795+00:00,,,640,480
daheng_sn_FDE23080341,2258,173480687000000,173480687000000,173480687000000,2026-09-05T05:05:19.450951+00:00,27414,7828003708250,1920,1200
directshow_index_1,2271,173480750000000,173480750000000,173480750000000,2026-09-05T05:05:19.471243+00:00,,,640,480
daheng_sn_FDE23080341,2259,173480781000000,173480781000000,173480781000000,2026-09-05T05:05:19.546571+00:00,27427,7828103610650,1920,1200
directshow_index_1,2272,173480843000000,173480843000000,173480843000000,2026-09-05T05:05:19.568340+00:00,,,640,480
daheng_sn_FDE23080341,2260,173480875000000,173480875000000,173480875000000,2026-09-05T05:05:19.637857+00:00,27438,7828188143450,1920,1200
directshow_index_1,2273,173480937000000,173480937000000,173480937000000,2026-09-05T05:05:19.667737+00:00,,,640,480
daheng_sn_FDE23080341,2261,173480968000000,173480968000000,173480968000000,2026-09-05T05:05:19.726901+00:00,27450,7828280361050,1920,1200
directshow_index_1,2274,173481031000000,173481031000000,173481031000000,2026-09-05T05:05:19.753681+00:00,,,640,480
daheng_sn_FDE23080341,2262,173481062000000,173481062000000,173481062000000,2026-09-05T05:05:19.817455+00:00,27463,7828380263450,1920,1200
directshow_index_1,2275,173481125000000,173481125000000,173481125000000,2026-09-05T05:05:19.851609+00:00,,,640,480
daheng_sn_FDE23080341,2263,173481156000000,173481156000000,173481156000000,2026-09-05T05:05:19.915532+00:00,27475,7828472481050,1920,1200
directshow_index_1,2276,173481218000000,173481218000000,173481218000000,2026-09-05T05:05:19.943562+00:00,,,640,480
daheng_sn_FDE23080341,2264,173481250000000,173481250000000,173481250000000,2026-09-05T05:05:20.019469+00:00,27487,7828564698650,1920,1200
directshow_index_1,2277,173481312000000,173481312000000,173481312000000,2026-09-05T05:05:20.034891+00:00,,,640,480
daheng_sn_FDE23080341,2265,173481343000000,173481343000000,173481343000000,2026-09-05T05:05:20.099107+00:00,27499,7828656916250,1920,1200
directshow_index_1,2278,173481406000000,173481406000000,173481406000000,2026-09-05T05:05:20.131709+00:00,,,640,480
daheng_sn_FDE23080341,2266,173481437000000,173481437000000,173481437000000,2026-09-05T05:05:20.202769+00:00,27511,7828749133850,1920,1200
directshow_index_1,2279,173481500000000,173481500000000,173481500000000,2026-09-05T05:05:20.228084+00:00,,,640,480
daheng_sn_FDE23080341,2267,173481531000000,173481531000000,173481531000000,2026-09-05T05:05:20.288484+00:00,27524,7828849036250,1920,1200
directshow_index_1,2280,173481593000000,173481593000000,173481593000000,2026-09-05T05:05:20.320290+00:00,,,640,480
daheng_sn_FDE23080341,2268,173481625000000,173481625000000,173481625000000,2026-09-05T05:05:20.385726+00:00,27536,7828941253850,1920,1200
directshow_index_1,2281,173481687000000,173481687000000,173481687000000,2026-09-05T05:05:20.412483+00:00,,,640,480
daheng_sn_FDE23080341,2269,173481718000000,173481718000000,173481718000000,2026-09-05T05:05:20.475085+00:00,27548,7829033471450,1920,1200
directshow_index_1,2282,173481781000000,173481781000000,173481781000000,2026-09-05T05:05:20.504481+00:00,,,640,480
daheng_sn_FDE23080341,2270,173481812000000,173481812000000,173481812000000,2026-09-05T05:05:20.570207+00:00,27561,7829133373850,1920,1200
directshow_index_1,2283,173481875000000,173481875000000,173481875000000,2026-09-05T05:05:20.595714+00:00,,,640,480
daheng_sn_FDE23080341,2271,173481906000000,173481906000000,173481906000000,2026-09-05T05:05:20.660671+00:00,27572,7829217906650,1920,1200
directshow_index_1,2284,173481968000000,173481968000000,173481968000000,2026-09-05T05:05:20.692856+00:00,,,640,480
daheng_sn_FDE23080341,2272,173482000000000,173482000000000,173482000000000,2026-09-05T05:05:20.761584+00:00,27584,7829310124250,1920,1200
directshow_index_1,2285,173482062000000,173482062000000,173482062000000,2026-09-05T05:05:20.787580+00:00,,,640,480
daheng_sn_FDE23080341,2273,173482093000000,173482093000000,173482093000000,2026-09-05T05:05:20.852466+00:00,27597,7829410026650,1920,1200
directshow_index_1,2286,173482156000000,173482156000000,173482156000000,2026-09-05T05:05:20.878521+00:00,,,640,480
daheng_sn_FDE23080341,2274,173482187000000,173482187000000,173482187000000,2026-09-05T05:05:20.942503+00:00,27609,7829502244250,1920,1200
directshow_index_1,2287,173482250000000,173482250000000,173482250000000,2026-09-05T05:05:20.981917+00:00,,,640,480
daheng_sn_FDE23080341,2275,173482281000000,173482281000000,173482281000000,2026-09-05T05:05:21.038340+00:00,27621,7829594461850,1920,1200
directshow_index_1,2288,173482343000000,173482343000000,173482343000000,2026-09-05T05:05:21.066859+00:00,,,640,480
daheng_sn_FDE23080341,2276,173482375000000,173482375000000,173482375000000,2026-09-05T05:05:21.133580+00:00,27633,7829686679450,1920,1200
directshow_index_1,2289,173482437000000,173482437000000,173482437000000,2026-09-05T05:05:21.158059+00:00,,,640,480
daheng_sn_FDE23080341,2277,173482468000000,173482468000000,173482468000000,2026-09-05T05:05:21.226760+00:00,27645,7829778897050,1920,1200
directshow_index_1,2290,173482531000000,173482531000000,173482531000000,2026-09-05T05:05:21.256418+00:00,,,640,480
daheng_sn_FDE23080341,2278,173482562000000,173482562000000,173482562000000,2026-09-05T05:05:21.339716+00:00,27658,7829878799450,1920,1200
directshow_index_1,2291,173482625000000,173482625000000,173482625000000,2026-09-05T05:05:21.358709+00:00,,,640,480
daheng_sn_FDE23080341,2279,173482656000000,173482656000000,173482656000000,2026-09-05T05:05:21.414564+00:00,27670,7829971017050,1920,1200
directshow_index_1,2292,173482718000000,173482718000000,173482718000000,2026-09-05T05:05:21.443564+00:00,,,640,480
daheng_sn_FDE23080341,2280,173482750000000,173482750000000,173482750000000,2026-09-05T05:05:21.509027+00:00,27682,7830063234650,1920,1200
directshow_index_1,2293,173482812000000,173482812000000,173482812000000,2026-09-05T05:05:21.534548+00:00,,,640,480
daheng_sn_FDE23080341,2281,173482843000000,173482843000000,173482843000000,2026-09-05T05:05:21.604543+00:00,27695,7830163137050,1920,1200
directshow_index_1,2294,173482906000000,173482906000000,173482906000000,2026-09-05T05:05:21.627332+00:00,,,640,480
daheng_sn_FDE23080341,2282,173482937000000,173482937000000,173482937000000,2026-09-05T05:05:21.700672+00:00,27706,7830247669850,1920,1200
directshow_index_1,2295,173483000000000,173483000000000,173483000000000,2026-09-05T05:05:21.720802+00:00,,,640,480
daheng_sn_FDE23080341,2283,173483031000000,173483031000000,173483031000000,2026-09-05T05:05:21.793952+00:00,27719,7830347572250,1920,1200
directshow_index_1,2296,173483093000000,173483093000000,173483093000000,2026-09-05T05:05:21.819441+00:00,,,640,480
daheng_sn_FDE23080341,2284,173483125000000,173483125000000,173483125000000,2026-09-05T05:05:21.900168+00:00,27731,7830439789850,1920,1200
directshow_index_1,2297,173483187000000,173483203000000,173483195000000,2026-09-05T05:05:21.930900+00:00,,,640,480
daheng_sn_FDE23080341,2285,173483218000000,173483218000000,173483218000000,2026-09-05T05:05:21.990510+00:00,27743,7830532007450,1920,1200
directshow_index_1,2298,173483281000000,173483281000000,173483281000000,2026-09-05T05:05:22.003193+00:00,,,640,480
daheng_sn_FDE23080341,2286,173483312000000,173483312000000,173483312000000,2026-09-05T05:05:22.082282+00:00,27755,7830624225050,1920,1200
directshow_index_1,2299,173483375000000,173483375000000,173483375000000,2026-09-05T05:05:22.101723+00:00,,,640,480
daheng_sn_FDE23080341,2287,173483406000000,173483406000000,173483406000000,2026-09-05T05:05:22.163423+00:00,27768,7830724127450,1920,1200
directshow_index_1,2300,173483468000000,173483468000000,173483468000000,2026-09-05T05:05:22.199633+00:00,,,640,480
daheng_sn_FDE23080341,2288,173483500000000,173483500000000,173483500000000,2026-09-05T05:05:22.278137+00:00,27780,7830816345050,1920,1200
directshow_index_1,2301,173483562000000,173483562000000,173483562000000,2026-09-05T05:05:22.284939+00:00,,,640,480
daheng_sn_FDE23080341,2289,173483593000000,173483593000000,173483593000000,2026-09-05T05:05:22.360732+00:00,27792,7830908562650,1920,1200
directshow_index_1,2302,173483656000000,173483656000000,173483656000000,2026-09-05T05:05:22.376649+00:00,,,640,480
daheng_sn_FDE23080341,2290,173483687000000,173483687000000,173483687000000,2026-09-05T05:05:22.455239+00:00,27804,7831000780250,1920,1200
directshow_index_1,2303,173483750000000,173483750000000,173483750000000,2026-09-05T05:05:22.476247+00:00,,,640,480
directshow_index_1,2304,173483843000000,173483843000000,173483843000000,2026-09-05T05:05:22.565895+00:00,,,640,480
daheng_sn_FDE23080341,2291,173483781000000,173483781000000,173483781000000,2026-09-05T05:05:22.583344+00:00,27816,7831092997850,1920,1200
daheng_sn_FDE23080341,2292,173483875000000,173483875000000,173483875000000,2026-09-05T05:05:22.639609+00:00,27829,7831192900250,1920,1200
directshow_index_1,2305,173483937000000,173483937000000,173483937000000,2026-09-05T05:05:22.667620+00:00,,,640,480
daheng_sn_FDE23080341,2293,173483968000000,173483968000000,173483968000000,2026-09-05T05:05:22.729557+00:00,27841,7831285117850,1920,1200
directshow_index_1,2306,173484031000000,173484031000000,173484031000000,2026-09-05T05:05:22.758145+00:00,,,640,480
daheng_sn_FDE23080341,2294,173484062000000,173484062000000,173484062000000,2026-09-05T05:05:22.824047+00:00,27853,7831377335450,1920,1200
directshow_index_1,2307,173484125000000,173484125000000,173484125000000,2026-09-05T05:05:22.850986+00:00,,,640,480
daheng_sn_FDE23080341,2295,173484156000000,173484156000000,173484156000000,2026-09-05T05:05:22.922323+00:00,27865,7831469553050,1920,1200
directshow_index_1,2308,173484218000000,173484218000000,173484218000000,2026-09-05T05:05:22.944054+00:00,,,640,480
daheng_sn_FDE23080341,2296,173484250000000,173484250000000,173484250000000,2026-09-05T05:05:23.008532+00:00,27877,7831561770650,1920,1200
directshow_index_1,2309,173484312000000,173484312000000,173484312000000,2026-09-05T05:05:23.035711+00:00,,,640,480
daheng_sn_FDE23080341,2297,173484343000000,173484343000000,173484343000000,2026-09-05T05:05:23.104415+00:00,27889,7831653988250,1920,1200
directshow_index_1,2310,173484406000000,173484406000000,173484406000000,2026-09-05T05:05:23.132633+00:00,,,640,480
daheng_sn_FDE23080341,2298,173484437000000,173484437000000,173484437000000,2026-09-05T05:05:23.223469+00:00,27901,7831746205850,1920,1200
directshow_index_1,2311,173484500000000,173484500000000,173484500000000,2026-09-05T05:05:23.223469+00:00,,,640,480
daheng_sn_FDE23080341,2299,173484531000000,173484531000000,173484531000000,2026-09-05T05:05:23.289060+00:00,27914,7831846108250,1920,1200
directshow_index_1,2312,173484593000000,173484593000000,173484593000000,2026-09-05T05:05:23.315950+00:00,,,640,480
daheng_sn_FDE23080341,2300,173484625000000,173484625000000,173484625000000,2026-09-05T05:05:23.381870+00:00,27926,7831938325850,1920,1200
directshow_index_1,2313,173484687000000,173484687000000,173484687000000,2026-09-05T05:05:23.414006+00:00,,,640,480
daheng_sn_FDE23080341,2301,173484718000000,173484718000000,173484718000000,2026-09-05T05:05:23.480997+00:00,27939,7832038228250,1920,1200
directshow_index_1,2314,173484781000000,173484781000000,173484781000000,2026-09-05T05:05:23.505802+00:00,,,640,480
daheng_sn_FDE23080341,2302,173484812000000,173484812000000,173484812000000,2026-09-05T05:05:23.574473+00:00,27950,7832122761050,1920,1200
directshow_index_1,2315,173484875000000,173484875000000,173484875000000,2026-09-05T05:05:23.596540+00:00,,,640,480
daheng_sn_FDE23080341,2303,173484906000000,173484906000000,173484906000000,2026-09-05T05:05:23.667631+00:00,27963,7832222663450,1920,1200
directshow_index_1,2316,173484968000000,173484968000000,173484968000000,2026-09-05T05:05:23.689698+00:00,,,640,480
daheng_sn_FDE23080341,2304,173485000000000,173485000000000,173485000000000,2026-09-05T05:05:23.776337+00:00,27975,7832314881050,1920,1200
directshow_index_1,2317,173485062000000,173485078000000,173485070000000,2026-09-05T05:05:23.801546+00:00,,,640,480
daheng_sn_FDE23080341,2305,173485093000000,173485093000000,173485093000000,2026-09-05T05:05:23.850245+00:00,27987,7832407098650,1920,1200
directshow_index_1,2318,173485156000000,173485156000000,173485156000000,2026-09-05T05:05:23.879808+00:00,,,640,480
daheng_sn_FDE23080341,2306,173485187000000,173485187000000,173485187000000,2026-09-05T05:05:23.946851+00:00,28000,7832507001050,1920,1200
directshow_index_1,2319,173485250000000,173485250000000,173485250000000,2026-09-05T05:05:23.972051+00:00,,,640,480
daheng_sn_FDE23080341,2307,173485281000000,173485281000000,173485281000000,2026-09-05T05:05:24.042582+00:00,28011,7832591533850,1920,1200
directshow_index_1,2320,173485343000000,173485343000000,173485343000000,2026-09-05T05:05:24.069935+00:00,,,640,480
daheng_sn_FDE23080341,2308,173485375000000,173485375000000,173485375000000,2026-09-05T05:05:24.132645+00:00,28024,7832691436250,1920,1200
directshow_index_1,2321,173485437000000,173485437000000,173485437000000,2026-09-05T05:05:24.162652+00:00,,,640,480
daheng_sn_FDE23080341,2309,173485468000000,173485468000000,173485468000000,2026-09-05T05:05:24.223302+00:00,28036,7832783653850,1920,1200
directshow_index_1,2322,173485531000000,173485531000000,173485531000000,2026-09-05T05:05:24.255741+00:00,,,640,480
daheng_sn_FDE23080341,2310,173485562000000,173485562000000,173485562000000,2026-09-05T05:05:24.323470+00:00,28048,7832875871450,1920,1200
directshow_index_1,2323,173485625000000,173485625000000,173485625000000,2026-09-05T05:05:24.366126+00:00,,,640,480
daheng_sn_FDE23080341,2311,173485656000000,173485656000000,173485656000000,2026-09-05T05:05:24.417464+00:00,28060,7832968089050,1920,1200
directshow_index_1,2324,173485718000000,173485718000000,173485718000000,2026-09-05T05:05:24.442388+00:00,,,640,480
daheng_sn_FDE23080341,2312,173485750000000,173485750000000,173485750000000,2026-09-05T05:05:24.509759+00:00,28073,7833067991450,1920,1200
directshow_index_1,2325,173485812000000,173485812000000,173485812000000,2026-09-05T05:05:24.533913+00:00,,,640,480
daheng_sn_FDE23080341,2313,173485843000000,173485843000000,173485843000000,2026-09-05T05:05:24.611237+00:00,28085,7833160209050,1920,1200
directshow_index_1,2326,173485906000000,173485906000000,173485906000000,2026-09-05T05:05:24.626754+00:00,,,640,480
daheng_sn_FDE23080341,2314,173485937000000,173485937000000,173485937000000,2026-09-05T05:05:24.706172+00:00,28097,7833252426650,1920,1200
directshow_index_1,2327,173486000000000,173486000000000,173486000000000,2026-09-05T05:05:24.720865+00:00,,,640,480
daheng_sn_FDE23080341,2315,173486031000000,173486031000000,173486031000000,2026-09-05T05:05:24.791587+00:00,28109,7833344644250,1920,1200
directshow_index_1,2328,173486093000000,173486093000000,173486093000000,2026-09-05T05:05:24.819463+00:00,,,640,480
daheng_sn_FDE23080341,2316,173486125000000,173486125000000,173486125000000,2026-09-05T05:05:24.913573+00:00,28121,7833436861850,1920,1200
directshow_index_1,2329,173486187000000,173486203000000,173486195000000,2026-09-05T05:05:24.946148+00:00,,,640,480
daheng_sn_FDE23080341,2317,173486218000000,173486218000000,173486218000000,2026-09-05T05:05:24.985775+00:00,28134,7833536764250,1920,1200
directshow_index_1,2330,173486281000000,173486281000000,173486281000000,2026-09-05T05:05:25.005522+00:00,,,640,480
daheng_sn_FDE23080341,2318,173486312000000,173486312000000,173486312000000,2026-09-05T05:05:25.067838+00:00,28145,7833621297050,1920,1200
directshow_index_1,2331,173486375000000,173486375000000,173486375000000,2026-09-05T05:05:25.096372+00:00,,,640,480
daheng_sn_FDE23080341,2319,173486406000000,173486406000000,173486406000000,2026-09-05T05:05:25.161663+00:00,28158,7833721199450,1920,1200
directshow_index_1,2332,173486468000000,173486468000000,173486468000000,2026-09-05T05:05:25.193503+00:00,,,640,480
daheng_sn_FDE23080341,2320,173486500000000,173486500000000,173486500000000,2026-09-05T05:05:25.256856+00:00,28170,7833813417050,1920,1200
directshow_index_1,2333,173486562000000,173486562000000,173486562000000,2026-09-05T05:05:25.285859+00:00,,,640,480
daheng_sn_FDE23080341,2321,173486593000000,173486593000000,173486593000000,2026-09-05T05:05:25.362869+00:00,28183,7833913319450,1920,1200
directshow_index_1,2334,173486656000000,173486656000000,173486656000000,2026-09-05T05:05:25.382082+00:00,,,640,480
daheng_sn_FDE23080341,2322,173486687000000,173486687000000,173486687000000,2026-09-05T05:05:25.463332+00:00,28195,7834005537050,1920,1200
directshow_index_1,2335,173486750000000,173486750000000,173486750000000,2026-09-05T05:05:25.476711+00:00,,,640,480
daheng_sn_FDE23080341,2323,173486781000000,173486781000000,173486781000000,2026-09-05T05:05:25.573300+00:00,28207,7834097754650,1920,1200
directshow_index_1,2336,173486843000000,173486843000000,173486843000000,2026-09-05T05:05:25.583305+00:00,,,640,480
daheng_sn_FDE23080341,2324,173486875000000,173486875000000,173486875000000,2026-09-05T05:05:25.636839+00:00,28220,7834197657050,1920,1200
directshow_index_1,2337,173486937000000,173486937000000,173486937000000,2026-09-05T05:05:25.665321+00:00,,,640,480
daheng_sn_FDE23080341,2325,173486968000000,173486968000000,173486968000000,2026-09-05T05:05:25.733058+00:00,28231,7834282189850,1920,1200
directshow_index_1,2338,173487031000000,173487031000000,173487031000000,2026-09-05T05:05:25.756041+00:00,,,640,480
daheng_sn_FDE23080341,2326,173487062000000,173487062000000,173487062000000,2026-09-05T05:05:25.830177+00:00,28244,7834382092250,1920,1200
directshow_index_1,2339,173487125000000,173487125000000,173487125000000,2026-09-05T05:05:25.848486+00:00,,,640,480
daheng_sn_FDE23080341,2327,173487156000000,173487156000000,173487156000000,2026-09-05T05:05:25.917400+00:00,28255,7834466625050,1920,1200
directshow_index_1,2340,173487218000000,173487218000000,173487218000000,2026-09-05T05:05:25.946679+00:00,,,640,480
daheng_sn_FDE23080341,2328,173487250000000,173487250000000,173487250000000,2026-09-05T05:05:26.014761+00:00,28269,7834574212250,1920,1200
directshow_index_1,2341,173487312000000,173487312000000,173487312000000,2026-09-05T05:05:26.040926+00:00,,,640,480
daheng_sn_FDE23080341,2329,173487343000000,173487343000000,173487343000000,2026-09-05T05:05:26.103429+00:00,28280,7834658745050,1920,1200
directshow_index_1,2342,173487406000000,173487421000000,173487413500000,2026-09-05T05:05:26.160964+00:00,,,640,480
daheng_sn_FDE23080341,2330,173487437000000,173487437000000,173487437000000,2026-09-05T05:05:26.203959+00:00,28292,7834750962650,1920,1200
directshow_index_1,2343,173487500000000,173487500000000,173487500000000,2026-09-05T05:05:26.224767+00:00,,,640,480
daheng_sn_FDE23080341,2331,173487531000000,173487531000000,173487531000000,2026-09-05T05:05:26.293426+00:00,28304,7834843180250,1920,1200
directshow_index_1,2344,173487593000000,173487593000000,173487593000000,2026-09-05T05:05:26.316898+00:00,,,640,480
daheng_sn_FDE23080341,2332,173487625000000,173487625000000,173487625000000,2026-09-05T05:05:26.392382+00:00,28317,7834943082650,1920,1200
directshow_index_1,2345,173487687000000,173487687000000,173487687000000,2026-09-05T05:05:26.409406+00:00,,,640,480
daheng_sn_FDE23080341,2333,173487718000000,173487718000000,173487718000000,2026-09-05T05:05:26.479797+00:00,28329,7835035300250,1920,1200
directshow_index_1,2346,173487781000000,173487781000000,173487781000000,2026-09-05T05:05:26.507445+00:00,,,640,480
daheng_sn_FDE23080341,2334,173487812000000,173487812000000,173487812000000,2026-09-05T05:05:26.575403+00:00,28341,7835127517850,1920,1200
directshow_index_1,2347,173487875000000,173487875000000,173487875000000,2026-09-05T05:05:26.599407+00:00,,,640,480
daheng_sn_FDE23080341,2335,173487906000000,173487906000000,173487906000000,2026-09-05T05:05:26.671732+00:00,28353,7835219735450,1920,1200
directshow_index_1,2348,173487968000000,173487968000000,173487968000000,2026-09-05T05:05:26.691945+00:00,,,640,480
daheng_sn_FDE23080341,2336,173488000000000,173488000000000,173488000000000,2026-09-05T05:05:26.774504+00:00,28366,7835319637850,1920,1200
directshow_index_1,2349,173488062000000,173488062000000,173488062000000,2026-09-05T05:05:26.786504+00:00,,,640,480
daheng_sn_FDE23080341,2337,173488093000000,173488093000000,173488093000000,2026-09-05T05:05:26.854620+00:00,28377,7835404170650,1920,1200
directshow_index_1,2350,173488156000000,173488156000000,173488156000000,2026-09-05T05:05:26.880136+00:00,,,640,480
daheng_sn_FDE23080341,2338,173488187000000,173488187000000,173488187000000,2026-09-05T05:05:26.950978+00:00,28390,7835504073050,1920,1200
directshow_index_1,2351,173488250000000,173488250000000,173488250000000,2026-09-05T05:05:26.972662+00:00,,,640,480
daheng_sn_FDE23080341,2339,173488281000000,173488281000000,173488281000000,2026-09-05T05:05:27.045030+00:00,28402,7835596290650,1920,1200
directshow_index_1,2352,173488343000000,173488343000000,173488343000000,2026-09-05T05:05:27.064134+00:00,,,640,480
daheng_sn_FDE23080341,2340,173488375000000,173488375000000,173488375000000,2026-09-05T05:05:27.128870+00:00,28414,7835688508250,1920,1200
directshow_index_1,2353,173488437000000,173488437000000,173488437000000,2026-09-05T05:05:27.161869+00:00,,,640,480
daheng_sn_FDE23080341,2341,173488468000000,173488468000000,173488468000000,2026-09-05T05:05:27.227049+00:00,28426,7835780725850,1920,1200
directshow_index_1,2354,173488531000000,173488531000000,173488531000000,2026-09-05T05:05:27.253429+00:00,,,640,480
daheng_sn_FDE23080341,2342,173488562000000,173488562000000,173488562000000,2026-09-05T05:05:27.336318+00:00,28439,7835880628250,1920,1200
directshow_index_1,2355,173488625000000,173488625000000,173488625000000,2026-09-05T05:05:27.348842+00:00,,,640,480
daheng_sn_FDE23080341,2343,173488656000000,173488656000000,173488656000000,2026-09-05T05:05:27.414750+00:00,28451,7835972845850,1920,1200
directshow_index_1,2356,173488718000000,173488718000000,173488718000000,2026-09-05T05:05:27.441264+00:00,,,640,480
daheng_sn_FDE23080341,2344,173488750000000,173488750000000,173488750000000,2026-09-05T05:05:27.508299+00:00,28463,7836065063450,1920,1200
directshow_index_1,2357,173488812000000,173488812000000,173488812000000,2026-09-05T05:05:27.534041+00:00,,,640,480
daheng_sn_FDE23080341,2345,173488843000000,173488843000000,173488843000000,2026-09-05T05:05:27.604866+00:00,28475,7836157281050,1920,1200
directshow_index_1,2358,173488906000000,173488906000000,173488906000000,2026-09-05T05:05:27.634826+00:00,,,640,480
daheng_sn_FDE23080341,2346,173488937000000,173488937000000,173488937000000,2026-09-05T05:05:27.708101+00:00,28488,7836257183450,1920,1200
directshow_index_1,2359,173489000000000,173489000000000,173489000000000,2026-09-05T05:05:27.724733+00:00,,,640,480
daheng_sn_FDE23080341,2347,173489031000000,173489031000000,173489031000000,2026-09-05T05:05:27.791359+00:00,28499,7836341716250,1920,1200
directshow_index_1,2360,173489093000000,173489093000000,173489093000000,2026-09-05T05:05:27.816836+00:00,,,640,480
daheng_sn_FDE23080341,2348,173489125000000,173489125000000,173489125000000,2026-09-05T05:05:27.912265+00:00,28512,7836441618650,1920,1200
directshow_index_1,2361,173489187000000,173489187000000,173489187000000,2026-09-05T05:05:27.912265+00:00,,,640,480
daheng_sn_FDE23080341,2349,173489218000000,173489218000000,173489218000000,2026-09-05T05:05:27.983836+00:00,28524,7836533836250,1920,1200
directshow_index_1,2362,173489281000000,173489281000000,173489281000000,2026-09-05T05:05:28.004828+00:00,,,640,480
daheng_sn_FDE23080341,2350,173489312000000,173489312000000,173489312000000,2026-09-05T05:05:28.074290+00:00,28536,7836626053850,1920,1200
directshow_index_1,2363,173489375000000,173489375000000,173489375000000,2026-09-05T05:05:28.098132+00:00,,,640,480
daheng_sn_FDE23080341,2351,173489406000000,173489406000000,173489406000000,2026-09-05T05:05:28.167756+00:00,28548,7836718271450,1920,1200
directshow_index_1,2364,173489468000000,173489468000000,173489468000000,2026-09-05T05:05:28.189500+00:00,,,640,480
daheng_sn_FDE23080341,2352,173489500000000,173489500000000,173489500000000,2026-09-05T05:05:28.257570+00:00,28561,7836818173850,1920,1200
directshow_index_1,2365,173489562000000,173489562000000,173489562000000,2026-09-05T05:05:28.290565+00:00,,,640,480
daheng_sn_FDE23080341,2353,173489593000000,173489593000000,173489593000000,2026-09-05T05:05:28.348306+00:00,28573,7836910391450,1920,1200
directshow_index_1,2366,173489656000000,173489656000000,173489656000000,2026-09-05T05:05:28.377615+00:00,,,640,480
daheng_sn_FDE23080341,2354,173489687000000,173489703000000,173489695000000,2026-09-05T05:05:28.473136+00:00,28585,7837002609050,1920,1200
directshow_index_1,2367,173489750000000,173489750000000,173489750000000,2026-09-05T05:05:28.476128+00:00,,,640,480
daheng_sn_FDE23080341,2355,173489781000000,173489781000000,173489781000000,2026-09-05T05:05:28.534607+00:00,28597,7837094826650,1920,1200
directshow_index_1,2368,173489843000000,173489843000000,173489843000000,2026-09-05T05:05:28.567928+00:00,,,640,480
daheng_sn_FDE23080341,2356,173489875000000,173489875000000,173489875000000,2026-09-05T05:05:28.629978+00:00,28609,7837187044250,1920,1200
directshow_index_1,2369,173489937000000,173489937000000,173489937000000,2026-09-05T05:05:28.658694+00:00,,,640,480
daheng_sn_FDE23080341,2357,173489968000000,173489968000000,173489968000000,2026-09-05T05:05:28.724263+00:00,28622,7837286946650,1920,1200
directshow_index_1,2370,173490031000000,173490031000000,173490031000000,2026-09-05T05:05:28.755152+00:00,,,640,480
daheng_sn_FDE23080341,2358,173490062000000,173490062000000,173490062000000,2026-09-05T05:05:28.821582+00:00,28633,7837371479450,1920,1200
directshow_index_1,2371,173490125000000,173490125000000,173490125000000,2026-09-05T05:05:28.845596+00:00,,,640,480
daheng_sn_FDE23080341,2359,173490156000000,173490156000000,173490156000000,2026-09-05T05:05:28.913558+00:00,28646,7837471381850,1920,1200
directshow_index_1,2372,173490218000000,173490218000000,173490218000000,2026-09-05T05:05:28.942929+00:00,,,640,480
daheng_sn_FDE23080341,2360,173490250000000,173490250000000,173490250000000,2026-09-05T05:05:29.007051+00:00,28658,7837563599450,1920,1200
directshow_index_1,2373,173490312000000,173490312000000,173490312000000,2026-09-05T05:05:29.036523+00:00,,,640,480
daheng_sn_FDE23080341,2361,173490343000000,173490343000000,173490343000000,2026-09-05T05:05:29.102524+00:00,28670,7837655817050,1920,1200
directshow_index_1,2374,173490406000000,173490406000000,173490406000000,2026-09-05T05:05:29.129884+00:00,,,640,480
daheng_sn_FDE23080341,2362,173490437000000,173490437000000,173490437000000,2026-09-05T05:05:29.190130+00:00,28683,7837755719450,1920,1200
directshow_index_1,2375,173490500000000,173490500000000,173490500000000,2026-09-05T05:05:29.220428+00:00,,,640,480
daheng_sn_FDE23080341,2363,173490531000000,173490531000000,173490531000000,2026-09-05T05:05:29.291295+00:00,28695,7837847937050,1920,1200
directshow_index_1,2376,173490593000000,173490593000000,173490593000000,2026-09-05T05:05:29.318853+00:00,,,640,480
daheng_sn_FDE23080341,2364,173490625000000,173490625000000,173490625000000,2026-09-05T05:05:29.381107+00:00,28707,7837940154650,1920,1200
directshow_index_1,2377,173490687000000,173490687000000,173490687000000,2026-09-05T05:05:29.410913+00:00,,,640,480
daheng_sn_FDE23080341,2365,173490718000000,173490718000000,173490718000000,2026-09-05T05:05:29.478407+00:00,28720,7838040057050,1920,1200
directshow_index_1,2378,173490781000000,173490781000000,173490781000000,2026-09-05T05:05:29.503610+00:00,,,640,480
daheng_sn_FDE23080341,2366,173490812000000,173490812000000,173490812000000,2026-09-05T05:05:29.583727+00:00,28731,7838124589850,1920,1200
directshow_index_1,2379,173490875000000,173490875000000,173490875000000,2026-09-05T05:05:29.595331+00:00,,,640,480
daheng_sn_FDE23080341,2367,173490906000000,173490906000000,173490906000000,2026-09-05T05:05:29.660747+00:00,28743,7838216807450,1920,1200
directshow_index_1,2380,173490968000000,173490968000000,173490968000000,2026-09-05T05:05:29.691655+00:00,,,640,480
daheng_sn_FDE23080341,2368,173491000000000,173491000000000,173491000000000,2026-09-05T05:05:29.757014+00:00,28756,7838316709850,1920,1200
directshow_index_1,2381,173491062000000,173491062000000,173491062000000,2026-09-05T05:05:29.783711+00:00,,,640,480
daheng_sn_FDE23080341,2369,173491093000000,173491093000000,173491093000000,2026-09-05T05:05:29.852949+00:00,28768,7838408927450,1920,1200
directshow_index_1,2382,173491156000000,173491156000000,173491156000000,2026-09-05T05:05:29.881922+00:00,,,640,480
daheng_sn_FDE23080341,2370,173491187000000,173491187000000,173491187000000,2026-09-05T05:05:29.943790+00:00,28780,7838501145050,1920,1200
directshow_index_1,2383,173491250000000,173491250000000,173491250000000,2026-09-05T05:05:29.972385+00:00,,,640,480
daheng_sn_FDE23080341,2371,173491281000000,173491281000000,173491281000000,2026-09-05T05:05:30.042153+00:00,28792,7838593362650,1920,1200
directshow_index_1,2384,173491343000000,173491343000000,173491343000000,2026-09-05T05:05:30.070599+00:00,,,640,480
daheng_sn_FDE23080341,2372,173491375000000,173491375000000,173491375000000,2026-09-05T05:05:30.132191+00:00,28805,7838693265050,1920,1200
directshow_index_1,2385,173491437000000,173491437000000,173491437000000,2026-09-05T05:05:30.177546+00:00,,,640,480
daheng_sn_FDE23080341,2373,173491468000000,173491468000000,173491468000000,2026-09-05T05:05:30.229733+00:00,28816,7838777797850,1920,1200
directshow_index_1,2386,173491531000000,173491531000000,173491531000000,2026-09-05T05:05:30.255399+00:00,,,640,480
daheng_sn_FDE23080341,2374,173491562000000,173491562000000,173491562000000,2026-09-05T05:05:30.318941+00:00,28829,7838877700250,1920,1200
directshow_index_1,2387,173491625000000,173491625000000,173491625000000,2026-09-05T05:05:30.347169+00:00,,,640,480
daheng_sn_FDE23080341,2375,173491656000000,173491656000000,173491656000000,2026-09-05T05:05:30.415842+00:00,28841,7838969917850,1920,1200
directshow_index_1,2388,173491718000000,173491718000000,173491718000000,2026-09-05T05:05:30.439861+00:00,,,640,480
daheng_sn_FDE23080341,2376,173491750000000,173491750000000,173491750000000,2026-09-05T05:05:30.506091+00:00,28854,7839069820250,1920,1200
directshow_index_1,2389,173491812000000,173491812000000,173491812000000,2026-09-05T05:05:30.538680+00:00,,,640,480
daheng_sn_FDE23080341,2377,173491843000000,173491843000000,173491843000000,2026-09-05T05:05:30.602722+00:00,28865,7839154353050,1920,1200
directshow_index_1,2390,173491906000000,173491906000000,173491906000000,2026-09-05T05:05:30.631753+00:00,,,640,480
daheng_sn_FDE23080341,2378,173491937000000,173491937000000,173491937000000,2026-09-05T05:05:30.689674+00:00,28877,7839246570650,1920,1200
directshow_index_1,2391,173492000000000,173492000000000,173492000000000,2026-09-05T05:05:30.737446+00:00,,,640,480
daheng_sn_FDE23080341,2379,173492031000000,173492031000000,173492031000000,2026-09-05T05:05:30.791604+00:00,28890,7839346473050,1920,1200
directshow_index_1,2392,173492093000000,173492093000000,173492093000000,2026-09-05T05:05:30.823641+00:00,,,640,480
daheng_sn_FDE23080341,2380,173492125000000,173492125000000,173492125000000,2026-09-05T05:05:30.879794+00:00,28902,7839438690650,1920,1200
directshow_index_1,2393,173492187000000,173492187000000,173492187000000,2026-09-05T05:05:30.909567+00:00,,,640,480
daheng_sn_FDE23080341,2381,173492218000000,173492218000000,173492218000000,2026-09-05T05:05:30.972845+00:00,28914,7839530908250,1920,1200
directshow_index_1,2394,173492281000000,173492281000000,173492281000000,2026-09-05T05:05:31.015700+00:00,,,640,480
daheng_sn_FDE23080341,2382,173492312000000,173492312000000,173492312000000,2026-09-05T05:05:31.068413+00:00,28927,7839630810650,1920,1200
directshow_index_1,2395,173492375000000,173492375000000,173492375000000,2026-09-05T05:05:31.096117+00:00,,,640,480
daheng_sn_FDE23080341,2383,173492406000000,173492406000000,173492406000000,2026-09-05T05:05:31.165632+00:00,28939,7839723028250,1920,1200
directshow_index_1,2396,173492468000000,173492468000000,173492468000000,2026-09-05T05:05:31.189602+00:00,,,640,480
daheng_sn_FDE23080341,2384,173492500000000,173492500000000,173492500000000,2026-09-05T05:05:31.248582+00:00,28951,7839815245850,1920,1200
directshow_index_1,2397,173492562000000,173492562000000,173492562000000,2026-09-05T05:05:31.286111+00:00,,,640,480
daheng_sn_FDE23080341,2385,173492593000000,173492593000000,173492593000000,2026-09-05T05:05:31.350639+00:00,28963,7839907463450,1920,1200
directshow_index_1,2398,173492656000000,173492656000000,173492656000000,2026-09-05T05:05:31.380516+00:00,,,640,480
daheng_sn_FDE23080341,2386,173492687000000,173492687000000,173492687000000,2026-09-05T05:05:31.438813+00:00,28976,7840007365850,1920,1200
directshow_index_1,2399,173492750000000,173492750000000,173492750000000,2026-09-05T05:05:31.473800+00:00,,,640,480
daheng_sn_FDE23080341,2387,173492781000000,173492781000000,173492781000000,2026-09-05T05:05:31.547508+00:00,28987,7840091898650,1920,1200
directshow_index_1,2400,173492843000000,173492843000000,173492843000000,2026-09-05T05:05:31.566870+00:00,,,640,480
daheng_sn_FDE23080341,2388,173492875000000,173492875000000,173492875000000,2026-09-05T05:05:31.661167+00:00,29000,7840191801050,1920,1200
directshow_index_1,2401,173492937000000,173492937000000,173492937000000,2026-09-05T05:05:31.662167+00:00,,,640,480
daheng_sn_FDE23080341,2389,173492968000000,173492968000000,173492968000000,2026-09-05T05:05:31.728326+00:00,29011,7840276333850,1920,1200
directshow_index_1,2402,173493031000000,173493031000000,173493031000000,2026-09-05T05:05:31.754940+00:00,,,640,480
daheng_sn_FDE23080341,2390,173493062000000,173493062000000,173493062000000,2026-09-05T05:05:31.821388+00:00,29025,7840383921050,1920,1200
directshow_index_1,2403,173493125000000,173493125000000,173493125000000,2026-09-05T05:05:31.846270+00:00,,,640,480
daheng_sn_FDE23080341,2391,173493156000000,173493171000000,173493163500000,2026-09-05T05:05:31.939659+00:00,29036,7840468453850,1920,1200
directshow_index_1,2404,173493218000000,173493218000000,173493218000000,2026-09-05T05:05:31.943657+00:00,,,640,480
daheng_sn_FDE23080341,2392,173493250000000,173493250000000,173493250000000,2026-09-05T05:05:32.006792+00:00,29049,7840568356250,1920,1200
directshow_index_1,2405,173493312000000,173493312000000,173493312000000,2026-09-05T05:05:32.036322+00:00,,,640,480
daheng_sn_FDE23080341,2393,173493343000000,173493343000000,173493343000000,2026-09-05T05:05:32.098979+00:00,29061,7840660573850,1920,1200
directshow_index_1,2406,173493406000000,173493406000000,173493406000000,2026-09-05T05:05:32.129209+00:00,,,640,480
daheng_sn_FDE23080341,2394,173493437000000,173493437000000,173493437000000,2026-09-05T05:05:32.195623+00:00,29073,7840752791450,1920,1200
directshow_index_1,2407,173493500000000,173493500000000,173493500000000,2026-09-05T05:05:32.226434+00:00,,,640,480
daheng_sn_FDE23080341,2395,173493531000000,173493531000000,173493531000000,2026-09-05T05:05:32.291889+00:00,29085,7840845009050,1920,1200
directshow_index_1,2408,173493593000000,173493593000000,173493593000000,2026-09-05T05:05:32.319910+00:00,,,640,480
daheng_sn_FDE23080341,2396,173493625000000,173493625000000,173493625000000,2026-09-05T05:05:32.385108+00:00,29097,7840937226650,1920,1200
directshow_index_1,2409,173493687000000,173493687000000,173493687000000,2026-09-05T05:05:32.411046+00:00,,,640,480
daheng_sn_FDE23080341,2397,173493718000000,173493734000000,173493726000000,2026-09-05T05:05:32.500818+00:00,29109,7841029444250,1920,1200
directshow_index_1,2410,173493781000000,173493781000000,173493781000000,2026-09-05T05:05:32.510817+00:00,,,640,480
daheng_sn_FDE23080341,2398,173493812000000,173493812000000,173493812000000,2026-09-05T05:05:32.575205+00:00,29122,7841129346650,1920,1200
directshow_index_1,2411,173493875000000,173493875000000,173493875000000,2026-09-05T05:05:32.596221+00:00,,,640,480
daheng_sn_FDE23080341,2399,173493906000000,173493906000000,173493906000000,2026-09-05T05:05:32.672202+00:00,29134,7841221564250,1920,1200
directshow_index_1,2412,173493968000000,173493968000000,173493968000000,2026-09-05T05:05:32.695755+00:00,,,640,480
daheng_sn_FDE23080341,2400,173494000000000,173494000000000,173494000000000,2026-09-05T05:05:32.764630+00:00,29146,7841313781850,1920,1200
directshow_index_1,2413,173494062000000,173494062000000,173494062000000,2026-09-05T05:05:32.787181+00:00,,,640,480
daheng_sn_FDE23080341,2401,173494093000000,173494093000000,173494093000000,2026-09-05T05:05:32.853186+00:00,29158,7841405999450,1920,1200
directshow_index_1,2414,173494156000000,173494156000000,173494156000000,2026-09-05T05:05:32.879415+00:00,,,640,480
daheng_sn_FDE23080341,2402,173494187000000,173494187000000,173494187000000,2026-09-05T05:05:32.946557+00:00,29172,7841513586650,1920,1200
directshow_index_1,2415,173494250000000,173494250000000,173494250000000,2026-09-05T05:05:32.971678+00:00,,,640,480
daheng_sn_FDE23080341,2403,173494281000000,173494281000000,173494281000000,2026-09-05T05:05:33.049536+00:00,29182,7841590434650,1920,1200
directshow_index_1,2416,173494343000000,173494343000000,173494343000000,2026-09-05T05:05:33.067113+00:00,,,640,480
daheng_sn_FDE23080341,2404,173494375000000,173494375000000,173494375000000,2026-09-05T05:05:33.136526+00:00,29195,7841690337050,1920,1200
directshow_index_1,2417,173494437000000,173494437000000,173494437000000,2026-09-05T05:05:33.161778+00:00,,,640,480
daheng_sn_FDE23080341,2405,173494468000000,173494468000000,173494468000000,2026-09-05T05:05:33.231595+00:00,29207,7841782554650,1920,1200
directshow_index_1,2418,173494531000000,173494531000000,173494531000000,2026-09-05T05:05:33.252649+00:00,,,640,480
daheng_sn_FDE23080341,2406,173494562000000,173494562000000,173494562000000,2026-09-05T05:05:33.327557+00:00,29219,7841874772250,1920,1200
directshow_index_1,2419,173494625000000,173494625000000,173494625000000,2026-09-05T05:05:33.351059+00:00,,,640,480
daheng_sn_FDE23080341,2407,173494656000000,173494656000000,173494656000000,2026-09-05T05:05:33.419331+00:00,29232,7841974674650,1920,1200
directshow_index_1,2420,173494718000000,173494718000000,173494718000000,2026-09-05T05:05:33.443048+00:00,,,640,480
daheng_sn_FDE23080341,2408,173494750000000,173494750000000,173494750000000,2026-09-05T05:05:33.513731+00:00,29244,7842066892250,1920,1200
directshow_index_1,2421,173494812000000,173494812000000,173494812000000,2026-09-05T05:05:33.535945+00:00,,,640,480
daheng_sn_FDE23080341,2409,173494843000000,173494843000000,173494843000000,2026-09-05T05:05:33.605616+00:00,29256,7842159109850,1920,1200
directshow_index_1,2422,173494906000000,173494921000000,173494913500000,2026-09-05T05:05:33.652855+00:00,,,640,480
daheng_sn_FDE23080341,2410,173494937000000,173494937000000,173494937000000,2026-09-05T05:05:33.709965+00:00,29268,7842251327450,1920,1200
directshow_index_1,2423,173495000000000,173495000000000,173495000000000,2026-09-05T05:05:33.724809+00:00,,,640,480
daheng_sn_FDE23080341,2411,173495031000000,173495031000000,173495031000000,2026-09-05T05:05:33.790673+00:00,29280,7842343545050,1920,1200
directshow_index_1,2424,173495093000000,173495093000000,173495093000000,2026-09-05T05:05:33.817639+00:00,,,640,480
daheng_sn_FDE23080341,2412,173495125000000,173495125000000,173495125000000,2026-09-05T05:05:33.881663+00:00,29292,7842435762650,1920,1200
directshow_index_1,2425,173495187000000,173495187000000,173495187000000,2026-09-05T05:05:33.914219+00:00,,,640,480
daheng_sn_FDE23080341,2413,173495218000000,173495218000000,173495218000000,2026-09-05T05:05:33.975336+00:00,29304,7842527980250,1920,1200
directshow_index_1,2426,173495281000000,173495281000000,173495281000000,2026-09-05T05:05:34.007442+00:00,,,640,480
daheng_sn_FDE23080341,2414,173495312000000,173495312000000,173495312000000,2026-09-05T05:05:34.071123+00:00,29317,7842627882650,1920,1200
directshow_index_1,2427,173495375000000,173495375000000,173495375000000,2026-09-05T05:05:34.099837+00:00,,,640,480
daheng_sn_FDE23080341,2415,173495406000000,173495406000000,173495406000000,2026-09-05T05:05:34.164223+00:00,29329,7842720100250,1920,1200
directshow_index_1,2428,173495468000000,173495468000000,173495468000000,2026-09-05T05:05:34.203561+00:00,,,640,480
daheng_sn_FDE23080341,2416,173495500000000,173495500000000,173495500000000,2026-09-05T05:05:34.257356+00:00,29341,7842812317850,1920,1200
directshow_index_1,2429,173495562000000,173495562000000,173495562000000,2026-09-05T05:05:34.284335+00:00,,,640,480
daheng_sn_FDE23080341,2417,173495593000000,173495593000000,173495593000000,2026-09-05T05:05:34.351381+00:00,29354,7842912220250,1920,1200
directshow_index_1,2430,173495656000000,173495656000000,173495656000000,2026-09-05T05:05:34.382979+00:00,,,640,480
daheng_sn_FDE23080341,2418,173495687000000,173495687000000,173495687000000,2026-09-05T05:05:34.445121+00:00,29365,7842996753050,1920,1200
directshow_index_1,2431,173495750000000,173495750000000,173495750000000,2026-09-05T05:05:34.472750+00:00,,,640,480
daheng_sn_FDE23080341,2419,173495781000000,173495781000000,173495781000000,2026-09-05T05:05:34.536597+00:00,29378,7843096655450,1920,1200
directshow_index_1,2432,173495843000000,173495843000000,173495843000000,2026-09-05T05:05:34.564722+00:00,,,640,480
daheng_sn_FDE23080341,2420,173495875000000,173495875000000,173495875000000,2026-09-05T05:05:34.632525+00:00,29390,7843188873050,1920,1200
directshow_index_1,2433,173495937000000,173495937000000,173495937000000,2026-09-05T05:05:34.662210+00:00,,,640,480
daheng_sn_FDE23080341,2421,173495968000000,173495968000000,173495968000000,2026-09-05T05:05:34.719074+00:00,29404,7843296460250,1920,1200
directshow_index_1,2434,173496031000000,173496031000000,173496031000000,2026-09-05T05:05:34.753073+00:00,,,640,480
