camera,frame_index,grab_start_monotonic_ns,grab_end_monotonic_ns,capture_mid_monotonic_ns,host_utc,device_frame_id,device_timestamp,width,height
daheng_sn_FDE23080341,0,180575093000000,180575109000000,180575101000000,2026-09-05T07:03:33.947213+00:00,0,14923554242600,1920,1200
daheng_sn_FDE23080341,1,180575218000000,180575218000000,180575218000000,2026-09-05T07:03:33.995021+00:00,1,14923561927400,1920,1200
daheng_sn_FDE23080341,2,180575312000000,180575312000000,180575312000000,2026-09-05T07:03:34.066798+00:00,2,14923569612200,1920,1200
daheng_sn_FDE23080341,3,180575406000000,180575406000000,180575406000000,2026-09-05T07:03:34.161334+00:00,3,14923577297000,1920,1200
daheng_sn_FDE23080341,4,180575500000000,180575500000000,180575500000000,2026-09-05T07:03:34.246885+00:00,4,14923584981800,1920,1200
directshow_index_1,0,180575281000000,180575546000000,180575413500000,2026-09-05T07:03:34.280138+00:00,,,640,480
directshow_index_1,1,180575562000000,180575578000000,180575570000000,2026-09-05T07:03:34.306808+00:00,,,640,480
daheng_sn_FDE23080341,5,180575593000000,180575593000000,180575593000000,2026-09-05T07:03:34.339572+00:00,5,14923592666600,1920,1200
directshow_index_1,2,180575656000000,180575656000000,180575656000000,2026-09-05T07:03:34.376374+00:00,,,640,480
daheng_sn_FDE23080341,6,180575687000000,180575687000000,180575687000000,2026-09-05T07:03:34.433142+00:00,6,14923600351400,1920,1200
directshow_index_1,3,180575750000000,180575750000000,180575750000000,2026-09-05T07:03:34.473720+00:00,,,640,480
daheng_sn_FDE23080341,7,180575781000000,180575781000000,180575781000000,2026-09-05T07:03:34.537474+00:00,7,14923608036200,1920,1200
directshow_index_1,4,180575843000000,180575843000000,180575843000000,2026-09-05T07:03:34.567231+00:00,,,640,480
daheng_sn_FDE23080341,8,180575875000000,180575875000000,180575875000000,2026-09-05T07:03:34.625825+00:00,8,14923615721000,1920,1200
directshow_index_1,5,180575937000000,180575937000000,180575937000000,2026-09-05T07:03:34.657372+00:00,,,640,480
daheng_sn_FDE23080341,9,180575968000000,180575968000000,180575968000000,2026-09-05T07:03:34.710356+00:00,9,14923623405800,1920,1200
directshow_index_1,6,180576031000000,180576031000000,180576031000000,2026-09-05T07:03:34.756774+00:00,,,640,480
daheng_sn_FDE23080341,10,180576062000000,180576062000000,180576062000000,2026-09-05T07:03:34.806284+00:00,10,14923631090600,1920,1200
directshow_index_1,7,180576125000000,180576125000000,180576125000000,2026-09-05T07:03:34.846800+00:00,,,640,480
daheng_sn_FDE23080341,11,180576156000000,180576156000000,180576156000000,2026-09-05T07:03:34.912794+00:00,11,14923638775400,1920,1200
directshow_index_1,8,180576218000000,180576218000000,180576218000000,2026-09-05T07:03:34.943606+00:00,,,640,480
daheng_sn_FDE23080341,12,180576250000000,180576250000000,180576250000000,2026-09-05T07:03:35.009858+00:00,16,14923677199400,1920,1200
directshow_index_1,9,180576312000000,180576312000000,180576312000000,2026-09-05T07:03:35.035014+00:00,,,640,480
daheng_sn_FDE23080341,13,180576343000000,180576343000000,180576343000000,2026-09-05T07:03:35.099395+00:00,26,14923754047400,1920,1200
directshow_index_1,10,180576406000000,180576406000000,180576406000000,2026-09-05T07:03:35.130839+00:00,,,640,480
daheng_sn_FDE23080341,14,180576437000000,180576437000000,180576437000000,2026-09-05T07:03:35.182751+00:00,39,14923853949800,1920,1200
directshow_index_1,11,180576500000000,180576500000000,180576500000000,2026-09-05T07:03:35.220247+00:00,,,640,480
daheng_sn_FDE23080341,15,180576531000000,180576531000000,180576531000000,2026-09-05T07:03:35.273096+00:00,51,14923946167400,1920,1200
directshow_index_1,12,180576593000000,180576593000000,180576593000000,2026-09-05T07:03:35.315886+00:00,,,640,480
daheng_sn_FDE23080341,16,180576625000000,180576625000000,180576625000000,2026-09-05T07:03:35.371282+00:00,63,14924038385000,1920,1200
directshow_index_1,13,180576687000000,180576687000000,180576687000000,2026-09-05T07:03:35.412408+00:00,,,640,480
daheng_sn_FDE23080341,17,180576718000000,180576718000000,180576718000000,2026-09-05T07:03:35.465822+00:00,75,14924130602600,1920,1200
directshow_index_1,14,180576781000000,180576781000000,180576781000000,2026-09-05T07:03:35.502049+00:00,,,640,480
daheng_sn_FDE23080341,18,180576812000000,180576812000000,180576812000000,2026-09-05T07:03:35.563122+00:00,88,14924230505000,1920,1200
directshow_index_1,15,180576875000000,180576875000000,180576875000000,2026-09-05T07:03:35.599115+00:00,,,640,480
daheng_sn_FDE23080341,19,180576906000000,180576906000000,180576906000000,2026-09-05T07:03:35.661770+00:00,100,14924322722600,1920,1200
directshow_index_1,16,180576968000000,180576968000000,180576968000000,2026-09-05T07:03:35.688349+00:00,,,640,480
daheng_sn_FDE23080341,20,180577000000000,180577000000000,180577000000000,2026-09-05T07:03:35.769459+00:00,112,14924414940200,1920,1200
directshow_index_1,17,180577062000000,180577062000000,180577062000000,2026-09-05T07:03:35.787838+00:00,,,640,480
daheng_sn_FDE23080341,21,180577093000000,180577093000000,180577093000000,2026-09-05T07:03:35.859216+00:00,124,14924507157800,1920,1200
directshow_index_1,18,180577156000000,180577156000000,180577156000000,2026-09-05T07:03:35.882427+00:00,,,640,480
daheng_sn_FDE23080341,22,180577187000000,180577187000000,180577187000000,2026-09-05T07:03:35.944254+00:00,136,14924599375400,1920,1200
directshow_index_1,19,180577250000000,180577250000000,180577250000000,2026-09-05T07:03:35.972363+00:00,,,640,480
daheng_sn_FDE23080341,23,180577281000000,180577281000000,180577281000000,2026-09-05T07:03:36.039405+00:00,149,14924699277800,1920,1200
directshow_index_1,20,180577343000000,180577343000000,180577343000000,2026-09-05T07:03:36.071276+00:00,,,640,480
daheng_sn_FDE23080341,24,180577375000000,180577375000000,180577375000000,2026-09-05T07:03:36.120252+00:00,161,14924791495400,1920,1200
directshow_index_1,21,180577437000000,180577437000000,180577437000000,2026-09-05T07:03:36.162457+00:00,,,640,480
daheng_sn_FDE23080341,25,180577468000000,180577468000000,180577468000000,2026-09-05T07:03:36.211895+00:00,173,14924883713000,1920,1200
directshow_index_1,22,180577531000000,180577531000000,180577531000000,2026-09-05T07:03:36.252161+00:00,,,640,480
daheng_sn_FDE23080341,26,180577562000000,180577562000000,180577562000000,2026-09-05T07:03:36.313212+00:00,185,14924975930600,1920,1200
directshow_index_1,23,180577625000000,180577625000000,180577625000000,2026-09-05T07:03:36.348059+00:00,,,640,480
daheng_sn_FDE23080341,27,180577656000000,180577656000000,180577656000000,2026-09-05T07:03:36.396213+00:00,198,14925075833000,1920,1200
directshow_index_1,24,180577718000000,180577718000000,180577718000000,2026-09-05T07:03:36.440629+00:00,,,640,480
daheng_sn_FDE23080341,28,180577750000000,180577750000000,180577750000000,2026-09-05T07:03:36.494346+00:00,209,14925160365800,1920,1200
directshow_index_1,25,180577812000000,180577812000000,180577812000000,2026-09-05T07:03:36.538352+00:00,,,640,480
daheng_sn_FDE23080341,29,180577843000000,180577843000000,180577843000000,2026-09-05T07:03:36.587549+00:00,222,14925260268200,1920,1200
directshow_index_1,26,180577906000000,180577906000000,180577906000000,2026-09-05T07:03:36.627432+00:00,,,640,480
daheng_sn_FDE23080341,30,180577937000000,180577937000000,180577937000000,2026-09-05T07:03:36.677338+00:00,234,14925352485800,1920,1200
directshow_index_1,27,180578000000000,180578000000000,180578000000000,2026-09-05T07:03:36.724166+00:00,,,640,480
daheng_sn_FDE23080341,31,180578031000000,180578031000000,180578031000000,2026-09-05T07:03:36.779596+00:00,247,14925452388200,1920,1200
directshow_index_1,28,180578093000000,180578093000000,180578093000000,2026-09-05T07:03:36.813459+00:00,,,640,480
daheng_sn_FDE23080341,32,180578125000000,180578125000000,180578125000000,2026-09-05T07:03:36.876490+00:00,259,14925544605800,1920,1200
directshow_index_1,29,180578187000000,180578187000000,180578187000000,2026-09-05T07:03:36.910845+00:00,,,640,480
daheng_sn_FDE23080341,33,180578218000000,180578218000000,180578218000000,2026-09-05T07:03:36.973539+00:00,271,14925636823400,1920,1200
directshow_index_1,30,180578281000000,180578281000000,180578281000000,2026-09-05T07:03:37.006266+00:00,,,640,480
daheng_sn_FDE23080341,34,180578312000000,180578312000000,180578312000000,2026-09-05T07:03:37.061846+00:00,283,14925729041000,1920,1200
directshow_index_1,31,180578375000000,180578375000000,180578375000000,2026-09-05T07:03:37.097807+00:00,,,640,480
daheng_sn_FDE23080341,35,180578406000000,180578406000000,180578406000000,2026-09-05T07:03:37.150879+00:00,295,14925821258600,1920,1200
directshow_index_1,32,180578468000000,180578468000000,180578468000000,2026-09-05T07:03:37.188208+00:00,,,640,480
daheng_sn_FDE23080341,36,180578500000000,180578500000000,180578500000000,2026-09-05T07:03:37.247464+00:00,307,14925913476200,1920,1200
directshow_index_1,33,180578562000000,180578562000000,180578562000000,2026-09-05T07:03:37.285700+00:00,,,640,480
daheng_sn_FDE23080341,37,180578593000000,180578593000000,180578593000000,2026-09-05T07:03:37.353746+00:00,320,14926013378600,1920,1200
directshow_index_1,34,180578656000000,180578656000000,180578656000000,2026-09-05T07:03:37.377843+00:00,,,640,480
daheng_sn_FDE23080341,38,180578687000000,180578687000000,180578687000000,2026-09-05T07:03:37.439658+00:00,331,14926097911400,1920,1200
directshow_index_1,35,180578750000000,180578750000000,180578750000000,2026-09-05T07:03:37.474007+00:00,,,640,480
daheng_sn_FDE23080341,39,180578781000000,180578781000000,180578781000000,2026-09-05T07:03:37.545128+00:00,344,14926197813800,1920,1200
directshow_index_1,36,180578843000000,180578843000000,180578843000000,2026-09-05T07:03:37.567779+00:00,,,640,480
daheng_sn_FDE23080341,40,180578875000000,180578875000000,180578875000000,2026-09-05T07:03:37.641273+00:00,356,14926290031400,1920,1200
directshow_index_1,37,180578937000000,180578937000000,180578937000000,2026-09-05T07:03:37.661172+00:00,,,640,480
daheng_sn_FDE23080341,41,180578968000000,180578968000000,180578968000000,2026-09-05T07:03:37.721252+00:00,368,14926382249000,1920,1200
directshow_index_1,38,180579031000000,180579031000000,180579031000000,2026-09-05T07:03:37.752553+00:00,,,640,480
daheng_sn_FDE23080341,42,180579062000000,180579062000000,180579062000000,2026-09-05T07:03:37.804458+00:00,380,14926474466600,1920,1200
directshow_index_1,39,180579125000000,180579125000000,180579125000000,2026-09-05T07:03:37.848179+00:00,,,640,480
daheng_sn_FDE23080341,43,180579156000000,180579156000000,180579156000000,2026-09-05T07:03:37.899211+00:00,393,14926574369000,1920,1200
directshow_index_1,40,180579218000000,180579218000000,180579218000000,2026-09-05T07:03:37.937899+00:00,,,640,480
daheng_sn_FDE23080341,44,180579250000000,180579250000000,180579250000000,2026-09-05T07:03:37.994095+00:00,405,14926666586600,1920,1200
directshow_index_1,41,180579312000000,180579312000000,180579312000000,2026-09-05T07:03:38.035195+00:00,,,640,480
daheng_sn_FDE23080341,45,180579343000000,180579343000000,180579343000000,2026-09-05T07:03:38.082555+00:00,417,14926758804200,1920,1200
directshow_index_1,42,180579406000000,180579406000000,180579406000000,2026-09-05T07:03:38.124447+00:00,,,640,480
daheng_sn_FDE23080341,46,180579437000000,180579437000000,180579437000000,2026-09-05T07:03:38.178242+00:00,429,14926851021800,1920,1200
directshow_index_1,43,180579500000000,180579500000000,180579500000000,2026-09-05T07:03:38.221144+00:00,,,640,480
daheng_sn_FDE23080341,47,180579531000000,180579531000000,180579531000000,2026-09-05T07:03:38.277101+00:00,441,14926943239400,1920,1200
directshow_index_1,44,180579593000000,180579593000000,180579593000000,2026-09-05T07:03:38.316671+00:00,,,640,480
daheng_sn_FDE23080341,48,180579625000000,180579625000000,180579625000000,2026-09-05T07:03:38.364669+00:00,454,14927043141800,1920,1200
directshow_index_1,45,180579687000000,180579687000000,180579687000000,2026-09-05T07:03:38.411768+00:00,,,640,480
daheng_sn_FDE23080341,49,180579718000000,180579718000000,180579718000000,2026-09-05T07:03:38.461429+00:00,466,14927135359400,1920,1200
directshow_index_1,46,180579781000000,180579781000000,180579781000000,2026-09-05T07:03:38.503025+00:00,,,640,480
daheng_sn_FDE23080341,50,180579812000000,180579812000000,180579812000000,2026-09-05T07:03:38.554167+00:00,478,14927227577000,1920,1200
directshow_index_1,47,180579875000000,180579875000000,180579875000000,2026-09-05T07:03:38.599874+00:00,,,640,480
daheng_sn_FDE23080341,51,180579906000000,180579906000000,180579906000000,2026-09-05T07:03:38.651807+00:00,491,14927327479400,1920,1200
directshow_index_1,48,180579968000000,180579968000000,180579968000000,2026-09-05T07:03:38.690191+00:00,,,640,480
daheng_sn_FDE23080341,52,180580000000000,180580000000000,180580000000000,2026-09-05T07:03:38.740312+00:00,503,14927419697000,1920,1200
directshow_index_1,49,180580062000000,180580062000000,180580062000000,2026-09-05T07:03:38.786528+00:00,,,640,480
daheng_sn_FDE23080341,53,180580093000000,180580093000000,180580093000000,2026-09-05T07:03:38.836060+00:00,514,14927504229800,1920,1200
directshow_index_1,50,180580156000000,180580156000000,180580156000000,2026-09-05T07:03:38.876677+00:00,,,640,480
daheng_sn_FDE23080341,54,180580187000000,180580187000000,180580187000000,2026-09-05T07:03:38.936703+00:00,527,14927604132200,1920,1200
directshow_index_1,51,180580250000000,180580250000000,180580250000000,2026-09-05T07:03:38.972378+00:00,,,640,480
daheng_sn_FDE23080341,55,180580281000000,180580281000000,180580281000000,2026-09-05T07:03:39.025069+00:00,539,14927696349800,1920,1200
directshow_index_1,52,180580343000000,180580343000000,180580343000000,2026-09-05T07:03:39.068407+00:00,,,640,480
daheng_sn_FDE23080341,56,180580375000000,180580375000000,180580375000000,2026-09-05T07:03:39.118973+00:00,551,14927788567400,1920,1200
directshow_index_1,53,180580437000000,180580437000000,180580437000000,2026-09-05T07:03:39.157489+00:00,,,640,480
daheng_sn_FDE23080341,57,180580468000000,180580468000000,180580468000000,2026-09-05T07:03:39.207677+00:00,563,14927880785000,1920,1200
directshow_index_1,54,180580531000000,180580531000000,180580531000000,2026-09-05T07:03:39.253694+00:00,,,640,480
daheng_sn_FDE23080341,58,180580562000000,180580562000000,180580562000000,2026-09-05T07:03:39.302732+00:00,576,14927980687400,1920,1200
directshow_index_1,55,180580625000000,180580625000000,180580625000000,2026-09-05T07:03:39.349069+00:00,,,640,480
daheng_sn_FDE23080341,59,180580656000000,180580656000000,180580656000000,2026-09-05T07:03:39.396169+00:00,588,14928072905000,1920,1200
directshow_index_1,56,180580718000000,180580718000000,180580718000000,2026-09-05T07:03:39.438301+00:00,,,640,480
daheng_sn_FDE23080341,60,180580750000000,180580750000000,180580750000000,2026-09-05T07:03:39.494882+00:00,600,14928165122600,1920,1200
directshow_index_1,57,180580812000000,180580812000000,180580812000000,2026-09-05T07:03:39.534336+00:00,,,640,480
daheng_sn_FDE23080341,61,180580843000000,180580843000000,180580843000000,2026-09-05T07:03:39.588127+00:00,612,14928257340200,1920,1200
directshow_index_1,58,180580906000000,180580906000000,180580906000000,2026-09-05T07:03:39.631286+00:00,,,640,480
daheng_sn_FDE23080341,62,180580937000000,180580937000000,180580937000000,2026-09-05T07:03:39.676346+00:00,625,14928357242600,1920,1200
directshow_index_1,59,180581000000000,180581000000000,180581000000000,2026-09-05T07:03:39.720355+00:00,,,640,480
daheng_sn_FDE23080341,63,180581031000000,180581031000000,180581031000000,2026-09-05T07:03:39.786361+00:00,636,14928441775400,1920,1200
directshow_index_1,60,180581093000000,180581093000000,180581093000000,2026-09-05T07:03:39.816522+00:00,,,640,480
daheng_sn_FDE23080341,64,180581125000000,180581125000000,180581125000000,2026-09-05T07:03:39.865986+00:00,649,14928541677800,1920,1200
directshow_index_1,61,180581187000000,180581187000000,180581187000000,2026-09-05T07:03:39.909078+00:00,,,640,480
daheng_sn_FDE23080341,65,180581218000000,180581218000000,180581218000000,2026-09-05T07:03:39.963458+00:00,661,14928633895400,1920,1200
directshow_index_1,62,180581281000000,180581281000000,180581281000000,2026-09-05T07:03:40.005450+00:00,,,640,480
daheng_sn_FDE23080341,66,180581312000000,180581312000000,180581312000000,2026-09-05T07:03:40.053513+00:00,674,14928733797800,1920,1200
directshow_index_1,63,180581375000000,180581375000000,180581375000000,2026-09-05T07:03:40.096775+00:00,,,640,480
daheng_sn_FDE23080341,67,180581406000000,180581406000000,180581406000000,2026-09-05T07:03:40.147291+00:00,686,14928826015400,1920,1200
directshow_index_1,64,180581468000000,180581468000000,180581468000000,2026-09-05T07:03:40.192068+00:00,,,640,480
daheng_sn_FDE23080341,68,180581500000000,180581500000000,180581500000000,2026-09-05T07:03:40.242278+00:00,697,14928910548200,1920,1200
directshow_index_1,65,180581562000000,180581562000000,180581562000000,2026-09-05T07:03:40.287870+00:00,,,640,480
daheng_sn_FDE23080341,69,180581593000000,180581593000000,180581593000000,2026-09-05T07:03:40.334146+00:00,710,14929010450600,1920,1200
directshow_index_1,66,180581656000000,180581656000000,180581656000000,2026-09-05T07:03:40.378862+00:00,,,640,480
daheng_sn_FDE23080341,70,180581687000000,180581687000000,180581687000000,2026-09-05T07:03:40.432783+00:00,722,14929102668200,1920,1200
directshow_index_1,67,180581750000000,180581750000000,180581750000000,2026-09-05T07:03:40.468175+00:00,,,640,480
daheng_sn_FDE23080341,71,180581781000000,180581781000000,180581781000000,2026-09-05T07:03:40.522189+00:00,734,14929194885800,1920,1200
directshow_index_1,68,180581843000000,180581843000000,180581843000000,2026-09-05T07:03:40.563459+00:00,,,640,480
daheng_sn_FDE23080341,72,180581875000000,180581875000000,180581875000000,2026-09-05T07:03:40.617787+00:00,746,14929287103400,1920,1200
directshow_index_1,69,180581937000000,180581937000000,180581937000000,2026-09-05T07:03:40.660347+00:00,,,640,480
daheng_sn_FDE23080341,73,180581968000000,180581968000000,180581968000000,2026-09-05T07:03:40.712475+00:00,758,14929379321000,1920,1200
directshow_index_1,70,180582031000000,180582031000000,180582031000000,2026-09-05T07:03:40.750565+00:00,,,640,480
daheng_sn_FDE23080341,74,180582062000000,180582062000000,180582062000000,2026-09-05T07:03:40.797871+00:00,771,14929479223400,1920,1200
directshow_index_1,71,180582125000000,180582125000000,180582125000000,2026-09-05T07:03:40.848438+00:00,,,640,480
daheng_sn_FDE23080341,75,180582156000000,180582156000000,180582156000000,2026-09-05T07:03:40.898103+00:00,783,14929571441000,1920,1200
directshow_index_1,72,180582218000000,180582218000000,180582218000000,2026-09-05T07:03:40.943155+00:00,,,640,480
daheng_sn_FDE23080341,76,180582250000000,180582250000000,180582250000000,2026-09-05T07:03:40.989415+00:00,795,14929663658600,1920,1200
directshow_index_1,73,180582312000000,180582312000000,180582312000000,2026-09-05T07:03:41.034109+00:00,,,640,480
daheng_sn_FDE23080341,77,180582343000000,180582343000000,180582343000000,2026-09-05T07:03:41.080496+00:00,807,14929755876200,1920,1200
directshow_index_1,74,180582406000000,180582406000000,180582406000000,2026-09-05T07:03:41.130973+00:00,,,640,480
daheng_sn_FDE23080341,78,180582437000000,180582437000000,180582437000000,2026-09-05T07:03:41.176478+00:00,820,14929855778600,1920,1200
directshow_index_1,75,180582500000000,180582500000000,180582500000000,2026-09-05T07:03:41.220664+00:00,,,640,480
daheng_sn_FDE23080341,79,180582531000000,180582531000000,180582531000000,2026-09-05T07:03:41.274044+00:00,832,14929947996200,1920,1200
directshow_index_1,76,180582593000000,180582593000000,180582593000000,2026-09-05T07:03:41.317547+00:00,,,640,480
daheng_sn_FDE23080341,80,180582625000000,180582625000000,180582625000000,2026-09-05T07:03:41.367092+00:00,844,14930040213800,1920,1200
directshow_index_1,77,180582687000000,180582687000000,180582687000000,2026-09-05T07:03:41.406820+00:00,,,640,480
daheng_sn_FDE23080341,81,180582718000000,180582718000000,180582718000000,2026-09-05T07:03:41.461326+00:00,856,14930132431400,1920,1200
directshow_index_1,78,180582781000000,180582781000000,180582781000000,2026-09-05T07:03:41.502587+00:00,,,640,480
daheng_sn_FDE23080341,82,180582812000000,180582812000000,180582812000000,2026-09-05T07:03:41.546659+00:00,868,14930224649000,1920,1200
directshow_index_1,79,180582875000000,180582875000000,180582875000000,2026-09-05T07:03:41.598326+00:00,,,640,480
daheng_sn_FDE23080341,83,180582906000000,180582906000000,180582906000000,2026-09-05T07:03:41.643640+00:00,881,14930324551400,1920,1200
directshow_index_1,80,180582968000000,180582968000000,180582968000000,2026-09-05T07:03:41.689881+00:00,,,640,480
daheng_sn_FDE23080341,84,180583000000000,180583000000000,180583000000000,2026-09-05T07:03:41.736051+00:00,893,14930416769000,1920,1200
directshow_index_1,81,180583062000000,180583062000000,180583062000000,2026-09-05T07:03:41.786165+00:00,,,640,480
daheng_sn_FDE23080341,85,180583093000000,180583093000000,180583093000000,2026-09-05T07:03:41.843281+00:00,905,14930508986600,1920,1200
directshow_index_1,82,180583156000000,180583156000000,180583156000000,2026-09-05T07:03:41.878331+00:00,,,640,480
daheng_sn_FDE23080341,86,180583187000000,180583187000000,180583187000000,2026-09-05T07:03:41.943316+00:00,918,14930608889000,1920,1200
directshow_index_1,83,180583250000000,180583250000000,180583250000000,2026-09-05T07:03:41.971091+00:00,,,640,480
daheng_sn_FDE23080341,87,180583281000000,180583281000000,180583281000000,2026-09-05T07:03:42.025059+00:00,930,14930701106600,1920,1200
directshow_index_1,84,180583343000000,180583343000000,180583343000000,2026-09-05T07:03:42.067318+00:00,,,640,480
daheng_sn_FDE23080341,88,180583375000000,180583375000000,180583375000000,2026-09-05T07:03:42.111077+00:00,942,14930793324200,1920,1200
directshow_index_1,85,180583437000000,180583437000000,180583437000000,2026-09-05T07:03:42.157654+00:00,,,640,480
daheng_sn_FDE23080341,89,180583468000000,180583468000000,180583468000000,2026-09-05T07:03:42.212688+00:00,954,14930885541800,1920,1200
directshow_index_1,86,180583531000000,180583531000000,180583531000000,2026-09-05T07:03:42.254867+00:00,,,640,480
daheng_sn_FDE23080341,90,180583562000000,180583562000000,180583562000000,2026-09-05T07:03:42.301175+00:00,966,14930977759400,1920,1200
directshow_index_1,87,180583625000000,180583625000000,180583625000000,2026-09-05T07:03:42.345225+00:00,,,640,480
daheng_sn_FDE23080341,91,180583656000000,180583656000000,180583656000000,2026-09-05T07:03:42.395837+00:00,979,14931077661800,1920,1200
directshow_index_1,88,180583718000000,180583718000000,180583718000000,2026-09-05T07:03:42.439934+00:00,,,640,480
daheng_sn_FDE23080341,92,180583750000000,180583750000000,180583750000000,2026-09-05T07:03:42.490979+00:00,991,14931169879400,1920,1200
directshow_index_1,89,180583812000000,180583812000000,180583812000000,2026-09-05T07:03:42.533229+00:00,,,640,480
daheng_sn_FDE23080341,93,180583843000000,180583843000000,180583843000000,2026-09-05T07:03:42.586530+00:00,1002,14931254412200,1920,1200
directshow_index_1,90,180583906000000,180583906000000,180583906000000,2026-09-05T07:03:42.628676+00:00,,,640,480
daheng_sn_FDE23080341,94,180583937000000,180583937000000,180583937000000,2026-09-05T07:03:42.672676+00:00,1015,14931354314600,1920,1200
directshow_index_1,91,180584000000000,180584000000000,180584000000000,2026-09-05T07:03:42.719127+00:00,,,640,480
daheng_sn_FDE23080341,95,180584031000000,180584031000000,180584031000000,2026-09-05T07:03:42.773541+00:00,1027,14931446532200,1920,1200
directshow_index_1,92,180584093000000,180584093000000,180584093000000,2026-09-05T07:03:42.816491+00:00,,,640,480
daheng_sn_FDE23080341,96,180584125000000,180584125000000,180584125000000,2026-09-05T07:03:42.866714+00:00,1039,14931538749800,1920,1200
directshow_index_1,93,180584187000000,180584187000000,180584187000000,2026-09-05T07:03:42.911890+00:00,,,640,480
daheng_sn_FDE23080341,97,180584218000000,180584218000000,180584218000000,2026-09-05T07:03:42.960024+00:00,1052,14931638652200,1920,1200
directshow_index_1,94,180584281000000,180584281000000,180584281000000,2026-09-05T07:03:43.001302+00:00,,,640,480
daheng_sn_FDE23080341,98,180584312000000,180584312000000,180584312000000,2026-09-05T07:03:43.053755+00:00,1064,14931730869800,1920,1200
directshow_index_1,95,180584375000000,180584375000000,180584375000000,2026-09-05T07:03:43.097374+00:00,,,640,480
daheng_sn_FDE23080341,99,180584406000000,180584406000000,180584406000000,2026-09-05T07:03:43.146655+00:00,1075,14931815402600,1920,1200
directshow_index_1,96,180584468000000,180584468000000,180584468000000,2026-09-05T07:03:43.193566+00:00,,,640,480
daheng_sn_FDE23080341,100,180584500000000,180584500000000,180584500000000,2026-09-05T07:03:43.241235+00:00,1088,14931915305000,1920,1200
directshow_index_1,97,180584562000000,180584562000000,180584562000000,2026-09-05T07:03:43.282116+00:00,,,640,480
daheng_sn_FDE23080341,101,180584593000000,180584593000000,180584593000000,2026-09-05T07:03:43.337190+00:00,1100,14932007522600,1920,1200
directshow_index_1,98,180584656000000,180584656000000,180584656000000,2026-09-05T07:03:43.378008+00:00,,,640,480
daheng_sn_FDE23080341,102,180584687000000,180584687000000,180584687000000,2026-09-05T07:03:43.424897+00:00,1112,14932099740200,1920,1200
directshow_index_1,99,180584750000000,180584750000000,180584750000000,2026-09-05T07:03:43.475583+00:00,,,640,480
daheng_sn_FDE23080341,103,180584781000000,180584781000000,180584781000000,2026-09-05T07:03:43.523098+00:00,1125,14932199642600,1920,1200
directshow_index_1,100,180584843000000,180584843000000,180584843000000,2026-09-05T07:03:43.565902+00:00,,,640,480
daheng_sn_FDE23080341,104,180584875000000,180584875000000,180584875000000,2026-09-05T07:03:43.617432+00:00,1137,14932291860200,1920,1200
directshow_index_1,101,180584937000000,180584937000000,180584937000000,2026-09-05T07:03:43.656262+00:00,,,640,480
daheng_sn_FDE23080341,105,180584968000000,180584968000000,180584968000000,2026-09-05T07:03:43.711047+00:00,1149,14932384077800,1920,1200
directshow_index_1,102,180585031000000,180585031000000,180585031000000,2026-09-05T07:03:43.752520+00:00,,,640,480
daheng_sn_FDE23080341,106,180585062000000,180585062000000,180585062000000,2026-09-05T07:03:43.798419+00:00,1162,14932483980200,1920,1200
directshow_index_1,103,180585125000000,180585125000000,180585125000000,2026-09-05T07:03:43.844175+00:00,,,640,480
daheng_sn_FDE23080341,107,180585156000000,180585156000000,180585156000000,2026-09-05T07:03:43.902419+00:00,1174,14932576197800,1920,1200
directshow_index_1,104,180585218000000,180585218000000,180585218000000,2026-09-05T07:03:43.940808+00:00,,,640,480
daheng_sn_FDE23080341,108,180585250000000,180585250000000,180585250000000,2026-09-05T07:03:43.990487+00:00,1186,14932668415400,1920,1200
directshow_index_1,105,180585312000000,180585312000000,180585312000000,2026-09-05T07:03:44.040111+00:00,,,640,480
daheng_sn_FDE23080341,109,180585343000000,180585343000000,180585343000000,2026-09-05T07:03:44.080950+00:00,1198,14932760633000,1920,1200
directshow_index_1,106,180585406000000,180585406000000,180585406000000,2026-09-05T07:03:44.126752+00:00,,,640,480
daheng_sn_FDE23080341,110,180585437000000,180585437000000,180585437000000,2026-09-05T07:03:44.174507+00:00,1210,14932852850600,1920,1200
directshow_index_1,107,180585500000000,180585500000000,180585500000000,2026-09-05T07:03:44.222501+00:00,,,640,480
daheng_sn_FDE23080341,111,180585531000000,180585531000000,180585531000000,2026-09-05T07:03:44.269092+00:00,1222,14932945068200,1920,1200
directshow_index_1,108,180585593000000,180585593000000,180585593000000,2026-09-05T07:03:44.314374+00:00,,,640,480
daheng_sn_FDE23080341,112,180585625000000,180585625000000,180585625000000,2026-09-05T07:03:44.365018+00:00,1235,14933044970600,1920,1200
directshow_index_1,109,180585687000000,180585687000000,180585687000000,2026-09-05T07:03:44.409072+00:00,,,640,480
daheng_sn_FDE23080341,113,180585718000000,180585718000000,180585718000000,2026-09-05T07:03:44.455236+00:00,1246,14933129503400,1920,1200
directshow_index_1,110,180585781000000,180585781000000,180585781000000,2026-09-05T07:03:44.506355+00:00,,,640,480
daheng_sn_FDE23080341,114,180585812000000,180585812000000,180585812000000,2026-09-05T07:03:44.557437+00:00,1258,14933221721000,1920,1200
directshow_index_1,111,180585875000000,180585875000000,180585875000000,2026-09-05T07:03:44.595891+00:00,,,640,480
daheng_sn_FDE23080341,115,180585906000000,180585906000000,180585906000000,2026-09-05T07:03:44.645931+00:00,1271,14933321623400,1920,1200
directshow_index_1,112,180585968000000,180585968000000,180585968000000,2026-09-05T07:03:44.690447+00:00,,,640,480
daheng_sn_FDE23080341,116,180586000000000,180586000000000,180586000000000,2026-09-05T07:03:44.743977+00:00,1283,14933413841000,1920,1200
directshow_index_1,113,180586062000000,180586062000000,180586062000000,2026-09-05T07:03:44.786224+00:00,,,640,480
daheng_sn_FDE23080341,117,180586093000000,180586093000000,180586093000000,2026-09-05T07:03:44.830876+00:00,1295,14933506058600,1920,1200
directshow_index_1,114,180586156000000,180586156000000,180586156000000,2026-09-05T07:03:44.878475+00:00,,,640,480
daheng_sn_FDE23080341,118,180586187000000,180586187000000,180586187000000,2026-09-05T07:03:44.925919+00:00,1308,14933605961000,1920,1200
directshow_index_1,115,180586250000000,180586250000000,180586250000000,2026-09-05T07:03:44.974871+00:00,,,640,480
daheng_sn_FDE23080341,119,180586281000000,180586281000000,180586281000000,2026-09-05T07:03:45.017298+00:00,1320,14933698178600,1920,1200
directshow_index_1,116,180586343000000,180586343000000,180586343000000,2026-09-05T07:03:45.064029+00:00,,,640,480
daheng_sn_FDE23080341,120,180586375000000,180586375000000,180586375000000,2026-09-05T07:03:45.116017+00:00,1332,14933790396200,1920,1200
directshow_index_1,117,180586437000000,180586437000000,180586437000000,2026-09-05T07:03:45.159507+00:00,,,640,480
daheng_sn_FDE23080341,121,180586468000000,180586468000000,180586468000000,2026-09-05T07:03:45.208641+00:00,1344,14933882613800,1920,1200
directshow_index_1,118,180586531000000,180586531000000,180586531000000,2026-09-05T07:03:45.250430+00:00,,,640,480
daheng_sn_FDE23080341,122,180586562000000,180586562000000,180586562000000,2026-09-05T07:03:45.304552+00:00,1356,14933974831400,1920,1200
directshow_index_1,119,180586625000000,180586625000000,180586625000000,2026-09-05T07:03:45.348467+00:00,,,640,480
daheng_sn_FDE23080341,123,180586656000000,180586656000000,180586656000000,2026-09-05T07:03:45.400119+00:00,1368,14934067049000,1920,1200
directshow_index_1,120,180586718000000,180586718000000,180586718000000,2026-09-05T07:03:45.439667+00:00,,,640,480
daheng_sn_FDE23080341,124,180586750000000,180586750000000,180586750000000,2026-09-05T07:03:45.486225+00:00,1381,14934166951400,1920,1200
directshow_index_1,121,180586812000000,180586812000000,180586812000000,2026-09-05T07:03:45.535632+00:00,,,640,480
daheng_sn_FDE23080341,125,180586843000000,180586843000000,180586843000000,2026-09-05T07:03:45.585515+00:00,1393,14934259169000,1920,1200
directshow_index_1,122,180586906000000,180586906000000,180586906000000,2026-09-05T07:03:45.626531+00:00,,,640,480
daheng_sn_FDE23080341,126,180586937000000,180586937000000,180586937000000,2026-09-05T07:03:45.679828+00:00,1405,14934351386600,1920,1200
directshow_index_1,123,180587000000000,180587000000000,180587000000000,2026-09-05T07:03:45.723496+00:00,,,640,480
daheng_sn_FDE23080341,127,180587031000000,180587031000000,180587031000000,2026-09-05T07:03:45.779371+00:00,1417,14934443604200,1920,1200
directshow_index_1,124,180587093000000,180587093000000,180587093000000,2026-09-05T07:03:45.819707+00:00,,,640,480
daheng_sn_FDE23080341,128,180587125000000,180587125000000,180587125000000,2026-09-05T07:03:45.878872+00:00,1429,14934535821800,1920,1200
directshow_index_1,125,180587187000000,180587187000000,180587187000000,2026-09-05T07:03:45.909597+00:00,,,640,480
daheng_sn_FDE23080341,129,180587218000000,180587218000000,180587218000000,2026-09-05T07:03:45.960485+00:00,1442,14934635724200,1920,1200
directshow_index_1,126,180587281000000,180587281000000,180587281000000,2026-09-05T07:03:46.004606+00:00,,,640,480
daheng_sn_FDE23080341,130,180587312000000,180587312000000,180587312000000,2026-09-05T07:03:46.053253+00:00,1454,14934727941800,1920,1200
directshow_index_1,127,180587375000000,180587375000000,180587375000000,2026-09-05T07:03:46.093554+00:00,,,640,480
daheng_sn_FDE23080341,131,180587406000000,180587406000000,180587406000000,2026-09-05T07:03:46.155107+00:00,1466,14934820159400,1920,1200
directshow_index_1,128,180587468000000,180587468000000,180587468000000,2026-09-05T07:03:46.190424+00:00,,,640,480
daheng_sn_FDE23080341,132,180587500000000,180587500000000,180587500000000,2026-09-05T07:03:46.246064+00:00,1479,14934920061800,1920,1200
directshow_index_1,129,180587562000000,180587562000000,180587562000000,2026-09-05T07:03:46.288155+00:00,,,640,480
daheng_sn_FDE23080341,133,180587593000000,180587593000000,180587593000000,2026-09-05T07:03:46.337666+00:00,1491,14935012279400,1920,1200
directshow_index_1,130,180587656000000,180587656000000,180587656000000,2026-09-05T07:03:46.377874+00:00,,,640,480
daheng_sn_FDE23080341,134,180587687000000,180587687000000,180587687000000,2026-09-05T07:03:46.424768+00:00,1503,14935104497000,1920,1200
directshow_index_1,131,180587750000000,180587750000000,180587750000000,2026-09-05T07:03:46.475769+00:00,,,640,480
daheng_sn_FDE23080341,135,180587781000000,180587781000000,180587781000000,2026-09-05T07:03:46.528977+00:00,1515,14935196714600,1920,1200
directshow_index_1,132,180587843000000,180587843000000,180587843000000,2026-09-05T07:03:46.566308+00:00,,,640,480
daheng_sn_FDE23080341,136,180587875000000,180587875000000,180587875000000,2026-09-05T07:03:46.618152+00:00,1527,14935288932200,1920,1200
directshow_index_1,133,180587937000000,180587937000000,180587937000000,2026-09-05T07:03:46.656899+00:00,,,640,480
daheng_sn_FDE23080341,137,180587968000000,180587968000000,180587968000000,2026-09-05T07:03:46.711413+00:00,1540,14935388834600,1920,1200
directshow_index_1,134,180588031000000,180588031000000,180588031000000,2026-09-05T07:03:46.753264+00:00,,,640,480
daheng_sn_FDE23080341,138,180588062000000,180588062000000,180588062000000,2026-09-05T07:03:46.803841+00:00,1552,14935481052200,1920,1200
directshow_index_1,135,180588125000000,180588125000000,180588125000000,2026-09-05T07:03:46.844786+00:00,,,640,480
daheng_sn_FDE23080341,139,180588156000000,180588156000000,180588156000000,2026-09-05T07:03:46.899007+00:00,1564,14935573269800,1920,1200
directshow_index_1,136,180588218000000,180588218000000,180588218000000,2026-09-05T07:03:46.940956+00:00,,,640,480
daheng_sn_FDE23080341,140,180588250000000,180588250000000,180588250000000,2026-09-05T07:03:46.987397+00:00,1576,14935665487400,1920,1200
directshow_index_1,137,180588312000000,180588312000000,180588312000000,2026-09-05T07:03:47.031250+00:00,,,640,480
daheng_sn_FDE23080341,141,180588343000000,180588343000000,180588343000000,2026-09-05T07:03:47.080611+00:00,1589,14935765389800,1920,1200
directshow_index_1,138,180588406000000,180588406000000,180588406000000,2026-09-05T07:03:47.126961+00:00,,,640,480
daheng_sn_FDE23080341,142,180588437000000,180588437000000,180588437000000,2026-09-05T07:03:47.175100+00:00,1600,14935849922600,1920,1200
directshow_index_1,139,180588500000000,180588500000000,180588500000000,2026-09-05T07:03:47.224221+00:00,,,640,480
daheng_sn_FDE23080341,143,180588531000000,180588531000000,180588531000000,2026-09-05T07:03:47.271424+00:00,1612,14935942140200,1920,1200
directshow_index_1,140,180588593000000,180588593000000,180588593000000,2026-09-05T07:03:47.314510+00:00,,,640,480
daheng_sn_FDE23080341,144,180588625000000,180588625000000,180588625000000,2026-09-05T07:03:47.365642+00:00,1625,14936042042600,1920,1200
directshow_index_1,141,180588687000000,180588687000000,180588687000000,2026-09-05T07:03:47.410123+00:00,,,640,480
daheng_sn_FDE23080341,145,180588718000000,180588718000000,180588718000000,2026-09-05T07:03:47.460524+00:00,1637,14936134260200,1920,1200
directshow_index_1,142,180588781000000,180588781000000,180588781000000,2026-09-05T07:03:47.500871+00:00,,,640,480
daheng_sn_FDE23080341,146,180588812000000,180588812000000,180588812000000,2026-09-05T07:03:47.555492+00:00,1649,14936226477800,1920,1200
directshow_index_1,143,180588875000000,180588875000000,180588875000000,2026-09-05T07:03:47.596803+00:00,,,640,480
daheng_sn_FDE23080341,147,180588906000000,180588906000000,180588906000000,2026-09-05T07:03:47.644405+00:00,1662,14936326380200,1920,1200
directshow_index_1,144,180588968000000,180588968000000,180588968000000,2026-09-05T07:03:47.691480+00:00,,,640,480
daheng_sn_FDE23080341,148,180589000000000,180589000000000,180589000000000,2026-09-05T07:03:47.739202+00:00,1674,14936418597800,1920,1200
directshow_index_1,145,180589062000000,180589062000000,180589062000000,2026-09-05T07:03:47.787156+00:00,,,640,480
daheng_sn_FDE23080341,149,180589093000000,180589093000000,180589093000000,2026-09-05T07:03:47.834271+00:00,1686,14936510815400,1920,1200
directshow_index_1,146,180589156000000,180589156000000,180589156000000,2026-09-05T07:03:47.877371+00:00,,,640,480
daheng_sn_FDE23080341,150,180589187000000,180589187000000,180589187000000,2026-09-05T07:03:47.930050+00:00,1698,14936603033000,1920,1200
directshow_index_1,147,180589250000000,180589250000000,180589250000000,2026-09-05T07:03:47.974892+00:00,,,640,480
daheng_sn_FDE23080341,151,180589281000000,180589281000000,180589281000000,2026-09-05T07:03:48.019919+00:00,1710,14936695250600,1920,1200
directshow_index_1,148,180589343000000,180589343000000,180589343000000,2026-09-05T07:03:48.066807+00:00,,,640,480
daheng_sn_FDE23080341,152,180589375000000,180589375000000,180589375000000,2026-09-05T07:03:48.114522+00:00,1722,14936787468200,1920,1200
directshow_index_1,149,180589437000000,180589437000000,180589437000000,2026-09-05T07:03:48.157881+00:00,,,640,480
daheng_sn_FDE23080341,153,180589468000000,180589468000000,180589468000000,2026-09-05T07:03:48.208324+00:00,1734,14936879685800,1920,1200
directshow_index_1,150,180589531000000,180589531000000,180589531000000,2026-09-05T07:03:48.253098+00:00,,,640,480
daheng_sn_FDE23080341,154,180589562000000,180589562000000,180589562000000,2026-09-05T07:03:48.301899+00:00,1747,14936979588200,1920,1200
directshow_index_1,151,180589625000000,180589625000000,180589625000000,2026-09-05T07:03:48.344979+00:00,,,640,480
daheng_sn_FDE23080341,155,180589656000000,180589656000000,180589656000000,2026-09-05T07:03:48.398035+00:00,1759,14937071805800,1920,1200
directshow_index_1,152,180589718000000,180589718000000,180589718000000,2026-09-05T07:03:48.441894+00:00,,,640,480
daheng_sn_FDE23080341,156,180589750000000,180589750000000,180589750000000,2026-09-05T07:03:48.492349+00:00,1771,14937164023400,1920,1200
directshow_index_1,153,180589812000000,180589812000000,180589812000000,2026-09-05T07:03:48.536960+00:00,,,640,480
daheng_sn_FDE23080341,157,180589843000000,180589843000000,180589843000000,2026-09-05T07:03:48.585547+00:00,1784,14937263925800,1920,1200
directshow_index_1,154,180589906000000,180589906000000,180589906000000,2026-09-05T07:03:48.627367+00:00,,,640,480
daheng_sn_FDE23080341,158,180589937000000,180589937000000,180589937000000,2026-09-05T07:03:48.673872+00:00,1795,14937348458600,1920,1200
directshow_index_1,155,180590000000000,180590000000000,180590000000000,2026-09-05T07:03:48.723460+00:00,,,640,480
daheng_sn_FDE23080341,159,180590031000000,180590031000000,180590031000000,2026-09-05T07:03:48.773705+00:00,1808,14937448361000,1920,1200
directshow_index_1,156,180590093000000,180590093000000,180590093000000,2026-09-05T07:03:48.813536+00:00,,,640,480
daheng_sn_FDE23080341,160,180590125000000,180590125000000,180590125000000,2026-09-05T07:03:48.867851+00:00,1820,14937540578600,1920,1200
directshow_index_1,157,180590187000000,180590187000000,180590187000000,2026-09-05T07:03:48.908752+00:00,,,640,480
daheng_sn_FDE23080341,161,180590218000000,180590218000000,180590218000000,2026-09-05T07:03:48.969243+00:00,1832,14937632796200,1920,1200
directshow_index_1,158,180590281000000,180590281000000,180590281000000,2026-09-05T07:03:49.007376+00:00,,,640,480
daheng_sn_FDE23080341,162,180590312000000,180590312000000,180590312000000,2026-09-05T07:03:49.051775+00:00,1844,14937725013800,1920,1200
directshow_index_1,159,180590375000000,180590375000000,180590375000000,2026-09-05T07:03:49.097361+00:00,,,640,480
daheng_sn_FDE23080341,163,180590406000000,180590406000000,180590406000000,2026-09-05T07:03:49.146509+00:00,1856,14937817231400,1920,1200
directshow_index_1,160,180590468000000,180590468000000,180590468000000,2026-09-05T07:03:49.193728+00:00,,,640,480
daheng_sn_FDE23080341,164,180590500000000,180590500000000,180590500000000,2026-09-05T07:03:49.237509+00:00,1869,14937917133800,1920,1200
directshow_index_1,161,180590562000000,180590562000000,180590562000000,2026-09-05T07:03:49.283556+00:00,,,640,480
daheng_sn_FDE23080341,165,180590593000000,180590593000000,180590593000000,2026-09-05T07:03:49.332653+00:00,1881,14938009351400,1920,1200
directshow_index_1,162,180590656000000,180590656000000,180590656000000,2026-09-05T07:03:49.380889+00:00,,,640,480
daheng_sn_FDE23080341,166,180590687000000,180590687000000,180590687000000,2026-09-05T07:03:49.425099+00:00,1893,14938101569000,1920,1200
directshow_index_1,163,180590750000000,180590750000000,180590750000000,2026-09-05T07:03:49.471142+00:00,,,640,480
daheng_sn_FDE23080341,167,180590781000000,180590781000000,180590781000000,2026-09-05T07:03:49.519075+00:00,1906,14938201471400,1920,1200
directshow_index_1,164,180590843000000,180590843000000,180590843000000,2026-09-05T07:03:49.569141+00:00,,,640,480
daheng_sn_FDE23080341,168,180590875000000,180590875000000,180590875000000,2026-09-05T07:03:49.611662+00:00,1918,14938293689000,1920,1200
directshow_index_1,165,180590937000000,180590937000000,180590937000000,2026-09-05T07:03:49.660112+00:00,,,640,480
daheng_sn_FDE23080341,169,180590968000000,180590968000000,180590968000000,2026-09-05T07:03:49.715618+00:00,1930,14938385906600,1920,1200
directshow_index_1,166,180591031000000,180591031000000,180591031000000,2026-09-05T07:03:49.756573+00:00,,,640,480
daheng_sn_FDE23080341,170,180591062000000,180591062000000,180591062000000,2026-09-05T07:03:49.803420+00:00,1942,14938478124200,1920,1200
directshow_index_1,167,180591125000000,180591125000000,180591125000000,2026-09-05T07:03:49.845579+00:00,,,640,480
daheng_sn_FDE23080341,171,180591156000000,180591156000000,180591156000000,2026-09-05T07:03:49.894915+00:00,1955,14938578026600,1920,1200
directshow_index_1,168,180591218000000,180591218000000,180591218000000,2026-09-05T07:03:49.940975+00:00,,,640,480
daheng_sn_FDE23080341,172,180591250000000,180591250000000,180591250000000,2026-09-05T07:03:49.990286+00:00,1967,14938670244200,1920,1200
directshow_index_1,169,180591312000000,180591312000000,180591312000000,2026-09-05T07:03:50.033749+00:00,,,640,480
daheng_sn_FDE23080341,173,180591343000000,180591343000000,180591343000000,2026-09-05T07:03:50.086560+00:00,1978,14938754777000,1920,1200
directshow_index_1,170,180591406000000,180591406000000,180591406000000,2026-09-05T07:03:50.128080+00:00,,,640,480
daheng_sn_FDE23080341,174,180591437000000,180591437000000,180591437000000,2026-09-05T07:03:50.179480+00:00,1991,14938854679400,1920,1200
directshow_index_1,171,180591500000000,180591500000000,180591500000000,2026-09-05T07:03:50.227710+00:00,,,640,480
daheng_sn_FDE23080341,175,180591531000000,180591531000000,180591531000000,2026-09-05T07:03:50.265715+00:00,2003,14938946897000,1920,1200
directshow_index_1,172,180591593000000,180591593000000,180591593000000,2026-09-05T07:03:50.318274+00:00,,,640,480
daheng_sn_FDE23080341,176,180591625000000,180591625000000,180591625000000,2026-09-05T07:03:50.363800+00:00,2015,14939039114600,1920,1200
directshow_index_1,173,180591687000000,180591687000000,180591687000000,2026-09-05T07:03:50.408768+00:00,,,640,480
daheng_sn_FDE23080341,177,180591718000000,180591718000000,180591718000000,2026-09-05T07:03:50.458088+00:00,2027,14939131332200,1920,1200
directshow_index_1,174,180591781000000,180591781000000,180591781000000,2026-09-05T07:03:50.505038+00:00,,,640,480
daheng_sn_FDE23080341,178,180591812000000,180591812000000,180591812000000,2026-09-05T07:03:50.549165+00:00,2039,14939223549800,1920,1200
directshow_index_1,175,180591875000000,180591875000000,180591875000000,2026-09-05T07:03:50.593899+00:00,,,640,480
daheng_sn_FDE23080341,179,180591906000000,180591906000000,180591906000000,2026-09-05T07:03:50.647326+00:00,2052,14939323452200,1920,1200
directshow_index_1,176,180591968000000,180591968000000,180591968000000,2026-09-05T07:03:50.689763+00:00,,,640,480
daheng_sn_FDE23080341,180,180592000000000,180592000000000,180592000000000,2026-09-05T07:03:50.740665+00:00,2064,14939415669800,1920,1200
directshow_index_1,177,180592062000000,180592062000000,180592062000000,2026-09-05T07:03:50.786094+00:00,,,640,480
daheng_sn_FDE23080341,181,180592093000000,180592093000000,180592093000000,2026-09-05T07:03:50.834535+00:00,2076,14939507887400,1920,1200
directshow_index_1,178,180592156000000,180592156000000,180592156000000,2026-09-05T07:03:50.877970+00:00,,,640,480
daheng_sn_FDE23080341,182,180592187000000,180592187000000,180592187000000,2026-09-05T07:03:50.926381+00:00,2088,14939600105000,1920,1200
directshow_index_1,179,180592250000000,180592250000000,180592250000000,2026-09-05T07:03:50.975592+00:00,,,640,480
daheng_sn_FDE23080341,183,180592281000000,180592281000000,180592281000000,2026-09-05T07:03:51.019321+00:00,2100,14939692322600,1920,1200
directshow_index_1,180,180592343000000,180592343000000,180592343000000,2026-09-05T07:03:51.066662+00:00,,,640,480
daheng_sn_FDE23080341,184,180592375000000,180592375000000,180592375000000,2026-09-05T07:03:51.124539+00:00,2113,14939792225000,1920,1200
directshow_index_1,181,180592437000000,180592437000000,180592437000000,2026-09-05T07:03:51.157131+00:00,,,640,480
daheng_sn_FDE23080341,185,180592468000000,180592468000000,180592468000000,2026-09-05T07:03:51.226085+00:00,2125,14939884442600,1920,1200
directshow_index_1,182,180592531000000,180592531000000,180592531000000,2026-09-05T07:03:51.255621+00:00,,,640,480
daheng_sn_FDE23080341,186,180592562000000,180592562000000,180592562000000,2026-09-05T07:03:51.301380+00:00,2137,14939976660200,1920,1200
directshow_index_1,183,180592625000000,180592625000000,180592625000000,2026-09-05T07:03:51.345400+00:00,,,640,480
daheng_sn_FDE23080341,187,180592656000000,180592656000000,180592656000000,2026-09-05T07:03:51.394775+00:00,2149,14940068877800,1920,1200
directshow_index_1,184,180592718000000,180592718000000,180592718000000,2026-09-05T07:03:51.440951+00:00,,,640,480
daheng_sn_FDE23080341,188,180592750000000,180592750000000,180592750000000,2026-09-05T07:03:51.487588+00:00,2162,14940168780200,1920,1200
directshow_index_1,185,180592812000000,180592812000000,180592812000000,2026-09-05T07:03:51.538584+00:00,,,640,480
daheng_sn_FDE23080341,189,180592843000000,180592843000000,180592843000000,2026-09-05T07:03:51.581719+00:00,2174,14940260997800,1920,1200
directshow_index_1,186,180592906000000,180592906000000,180592906000000,2026-09-05T07:03:51.628631+00:00,,,640,480
daheng_sn_FDE23080341,190,180592937000000,180592937000000,180592937000000,2026-09-05T07:03:51.675138+00:00,2186,14940353215400,1920,1200
directshow_index_1,187,180593000000000,180593000000000,180593000000000,2026-09-05T07:03:51.724093+00:00,,,640,480
daheng_sn_FDE23080341,191,180593031000000,180593031000000,180593031000000,2026-09-05T07:03:51.770180+00:00,2198,14940445433000,1920,1200
directshow_index_1,188,180593093000000,180593093000000,180593093000000,2026-09-05T07:03:51.813102+00:00,,,640,480
daheng_sn_FDE23080341,192,180593125000000,180593125000000,180593125000000,2026-09-05T07:03:51.868168+00:00,2211,14940545335400,1920,1200
directshow_index_1,189,180593187000000,180593187000000,180593187000000,2026-09-05T07:03:51.909264+00:00,,,640,480
daheng_sn_FDE23080341,193,180593218000000,180593218000000,180593218000000,2026-09-05T07:03:51.960164+00:00,2223,14940637553000,1920,1200
directshow_index_1,190,180593281000000,180593281000000,180593281000000,2026-09-05T07:03:52.004800+00:00,,,640,480
daheng_sn_FDE23080341,194,180593312000000,180593312000000,180593312000000,2026-09-05T07:03:52.050853+00:00,2235,14940729770600,1920,1200
directshow_index_1,191,180593375000000,180593375000000,180593375000000,2026-09-05T07:03:52.094931+00:00,,,640,480
daheng_sn_FDE23080341,195,180593406000000,180593406000000,180593406000000,2026-09-05T07:03:52.143560+00:00,2247,14940821988200,1920,1200
directshow_index_1,192,180593468000000,180593468000000,180593468000000,2026-09-05T07:03:52.191257+00:00,,,640,480
daheng_sn_FDE23080341,196,180593500000000,180593500000000,180593500000000,2026-09-05T07:03:52.237887+00:00,2260,14940921890600,1920,1200
directshow_index_1,193,180593562000000,180593562000000,180593562000000,2026-09-05T07:03:52.287530+00:00,,,640,480
daheng_sn_FDE23080341,197,180593593000000,180593593000000,180593593000000,2026-09-05T07:03:52.335725+00:00,2271,14941006423400,1920,1200
directshow_index_1,194,180593656000000,180593656000000,180593656000000,2026-09-05T07:03:52.376959+00:00,,,640,480
daheng_sn_FDE23080341,198,180593687000000,180593687000000,180593687000000,2026-09-05T07:03:52.432958+00:00,2283,14941098641000,1920,1200
directshow_index_1,195,180593750000000,180593750000000,180593750000000,2026-09-05T07:03:52.472914+00:00,,,640,480
daheng_sn_FDE23080341,199,180593781000000,180593781000000,180593781000000,2026-09-05T07:03:52.519676+00:00,2296,14941198543400,1920,1200
directshow_index_1,196,180593843000000,180593843000000,180593843000000,2026-09-05T07:03:52.568185+00:00,,,640,480
daheng_sn_FDE23080341,200,180593875000000,180593875000000,180593875000000,2026-09-05T07:03:52.612374+00:00,2308,14941290761000,1920,1200
directshow_index_1,197,180593937000000,180593937000000,180593937000000,2026-09-05T07:03:52.656608+00:00,,,640,480
daheng_sn_FDE23080341,201,180593968000000,180593968000000,180593968000000,2026-09-05T07:03:52.704839+00:00,2320,14941382978600,1920,1200
directshow_index_1,198,180594031000000,180594031000000,180594031000000,2026-09-05T07:03:52.758328+00:00,,,640,480
daheng_sn_FDE23080341,202,180594062000000,180594062000000,180594062000000,2026-09-05T07:03:52.801324+00:00,2332,14941475196200,1920,1200
directshow_index_1,199,180594125000000,180594125000000,180594125000000,2026-09-05T07:03:52.849365+00:00,,,640,480
daheng_sn_FDE23080341,203,180594156000000,180594156000000,180594156000000,2026-09-05T07:03:52.895352+00:00,2344,14941567413800,1920,1200
directshow_index_1,200,180594218000000,180594218000000,180594218000000,2026-09-05T07:03:52.939467+00:00,,,640,480
daheng_sn_FDE23080341,204,180594250000000,180594250000000,180594250000000,2026-09-05T07:03:52.988200+00:00,2357,14941667316200,1920,1200
directshow_index_1,201,180594312000000,180594312000000,180594312000000,2026-09-05T07:03:53.036205+00:00,,,640,480
daheng_sn_FDE23080341,205,180594343000000,180594343000000,180594343000000,2026-09-05T07:03:53.083811+00:00,2369,14941759533800,1920,1200
directshow_index_1,202,180594406000000,180594406000000,180594406000000,2026-09-05T07:03:53.125588+00:00,,,640,480
daheng_sn_FDE23080341,206,180594437000000,180594437000000,180594437000000,2026-09-05T07:03:53.174159+00:00,2381,14941851751400,1920,1200
directshow_index_1,203,180594500000000,180594500000000,180594500000000,2026-09-05T07:03:53.222682+00:00,,,640,480
daheng_sn_FDE23080341,207,180594531000000,180594531000000,180594531000000,2026-09-05T07:03:53.273318+00:00,2393,14941943969000,1920,1200
directshow_index_1,204,180594593000000,180594593000000,180594593000000,2026-09-05T07:03:53.319859+00:00,,,640,480
daheng_sn_FDE23080341,208,180594625000000,180594625000000,180594625000000,2026-09-05T07:03:53.367736+00:00,2405,14942036186600,1920,1200
directshow_index_1,205,180594687000000,180594687000000,180594687000000,2026-09-05T07:03:53.410306+00:00,,,640,480
daheng_sn_FDE23080341,209,180594718000000,180594718000000,180594718000000,2026-09-05T07:03:53.459677+00:00,2418,14942136089000,1920,1200
directshow_index_1,206,180594781000000,180594781000000,180594781000000,2026-09-05T07:03:53.502118+00:00,,,640,480
daheng_sn_FDE23080341,210,180594812000000,180594812000000,180594812000000,2026-09-05T07:03:53.552642+00:00,2430,14942228306600,1920,1200
directshow_index_1,207,180594875000000,180594875000000,180594875000000,2026-09-05T07:03:53.596922+00:00,,,640,480
daheng_sn_FDE23080341,211,180594906000000,180594906000000,180594906000000,2026-09-05T07:03:53.649070+00:00,2442,14942320524200,1920,1200
directshow_index_1,208,180594968000000,180594968000000,180594968000000,2026-09-05T07:03:53.694152+00:00,,,640,480
daheng_sn_FDE23080341,212,180595000000000,180595000000000,180595000000000,2026-09-05T07:03:53.743854+00:00,2454,14942412741800,1920,1200
directshow_index_1,209,180595062000000,180595062000000,180595062000000,2026-09-05T07:03:53.784671+00:00,,,640,480
daheng_sn_FDE23080341,213,180595093000000,180595093000000,180595093000000,2026-09-05T07:03:53.838580+00:00,2466,14942504959400,1920,1200
directshow_index_1,210,180595156000000,180595156000000,180595156000000,2026-09-05T07:03:53.876146+00:00,,,640,480
daheng_sn_FDE23080341,214,180595187000000,180595187000000,180595187000000,2026-09-05T07:03:53.926124+00:00,2479,14942604861800,1920,1200
directshow_index_1,211,180595250000000,180595250000000,180595250000000,2026-09-05T07:03:53.972000+00:00,,,640,480
daheng_sn_FDE23080341,215,180595281000000,180595281000000,180595281000000,2026-09-05T07:03:54.023851+00:00,2491,14942697079400,1920,1200
directshow_index_1,212,180595343000000,180595343000000,180595343000000,2026-09-05T07:03:54.068334+00:00,,,640,480
daheng_sn_FDE23080341,216,180595375000000,180595375000000,180595375000000,2026-09-05T07:03:54.115319+00:00,2503,14942789297000,1920,1200
directshow_index_1,213,180595437000000,180595437000000,180595437000000,2026-09-05T07:03:54.158930+00:00,,,640,480
daheng_sn_FDE23080341,217,180595468000000,180595468000000,180595468000000,2026-09-05T07:03:54.208773+00:00,2515,14942881514600,1920,1200
directshow_index_1,214,180595531000000,180595531000000,180595531000000,2026-09-05T07:03:54.254189+00:00,,,640,480
daheng_sn_FDE23080341,218,180595562000000,180595562000000,180595562000000,2026-09-05T07:03:54.302241+00:00,2528,14942981417000,1920,1200
directshow_index_1,215,180595625000000,180595625000000,180595625000000,2026-09-05T07:03:54.349623+00:00,,,640,480
daheng_sn_FDE23080341,219,180595656000000,180595656000000,180595656000000,2026-09-05T07:03:54.396859+00:00,2540,14943073634600,1920,1200
directshow_index_1,216,180595718000000,180595718000000,180595718000000,2026-09-05T07:03:54.438895+00:00,,,640,480
daheng_sn_FDE23080341,220,180595750000000,180595750000000,180595750000000,2026-09-05T07:03:54.495402+00:00,2552,14943165852200,1920,1200
directshow_index_1,217,180595812000000,180595812000000,180595812000000,2026-09-05T07:03:54.536915+00:00,,,640,480
daheng_sn_FDE23080341,221,180595843000000,180595843000000,180595843000000,2026-09-05T07:03:54.581324+00:00,2564,14943258069800,1920,1200
directshow_index_1,218,180595906000000,180595906000000,180595906000000,2026-09-05T07:03:54.627874+00:00,,,640,480
daheng_sn_FDE23080341,222,180595937000000,180595937000000,180595937000000,2026-09-05T07:03:54.675228+00:00,2576,14943350287400,1920,1200
directshow_index_1,219,180596000000000,180596000000000,180596000000000,2026-09-05T07:03:54.724550+00:00,,,640,480
daheng_sn_FDE23080341,223,180596031000000,180596031000000,180596031000000,2026-09-05T07:03:54.774270+00:00,2589,14943450189800,1920,1200
directshow_index_1,220,180596093000000,180596093000000,180596093000000,2026-09-05T07:03:54.815808+00:00,,,640,480
daheng_sn_FDE23080341,224,180596125000000,180596125000000,180596125000000,2026-09-05T07:03:54.862511+00:00,2601,14943542407400,1920,1200
directshow_index_1,221,180596187000000,180596187000000,180596187000000,2026-09-05T07:03:54.912065+00:00,,,640,480
daheng_sn_FDE23080341,225,180596218000000,180596218000000,180596218000000,2026-09-05T07:03:54.954094+00:00,2613,14943634625000,1920,1200
directshow_index_1,222,180596281000000,180596281000000,180596281000000,2026-09-05T07:03:55.000853+00:00,,,640,480
daheng_sn_FDE23080341,226,180596312000000,180596312000000,180596312000000,2026-09-05T07:03:55.054412+00:00,2625,14943726842600,1920,1200
directshow_index_1,223,180596375000000,180596375000000,180596375000000,2026-09-05T07:03:55.096410+00:00,,,640,480
daheng_sn_FDE23080341,227,180596406000000,180596406000000,180596406000000,2026-09-05T07:03:55.150982+00:00,2638,14943826745000,1920,1200
directshow_index_1,224,180596468000000,180596468000000,180596468000000,2026-09-05T07:03:55.187957+00:00,,,640,480
daheng_sn_FDE23080341,228,180596500000000,180596500000000,180596500000000,2026-09-05T07:03:55.244780+00:00,2650,14943918962600,1920,1200
directshow_index_1,225,180596562000000,180596562000000,180596562000000,2026-09-05T07:03:55.284289+00:00,,,640,480
daheng_sn_FDE23080341,229,180596593000000,180596593000000,180596593000000,2026-09-05T07:03:55.336643+00:00,2662,14944011180200,1920,1200
directshow_index_1,226,180596656000000,180596656000000,180596656000000,2026-09-05T07:03:55.381433+00:00,,,640,480
daheng_sn_FDE23080341,230,180596687000000,180596687000000,180596687000000,2026-09-05T07:03:55.436024+00:00,2674,14944103397800,1920,1200
directshow_index_1,227,180596750000000,180596750000000,180596750000000,2026-09-05T07:03:55.476292+00:00,,,640,480
daheng_sn_FDE23080341,231,180596781000000,180596781000000,180596781000000,2026-09-05T07:03:55.526924+00:00,2686,14944195615400,1920,1200
directshow_index_1,228,180596843000000,180596843000000,180596843000000,2026-09-05T07:03:55.566504+00:00,,,640,480
daheng_sn_FDE23080341,232,180596875000000,180596875000000,180596875000000,2026-09-05T07:03:55.619920+00:00,2698,14944287833000,1920,1200
directshow_index_1,229,180596937000000,180596937000000,180596937000000,2026-09-05T07:03:55.657918+00:00,,,640,480
daheng_sn_FDE23080341,233,180596968000000,180596968000000,180596968000000,2026-09-05T07:03:55.707695+00:00,2710,14944380050600,1920,1200
directshow_index_1,230,180597031000000,180597031000000,180597031000000,2026-09-05T07:03:55.754474+00:00,,,640,480
daheng_sn_FDE23080341,234,180597062000000,180597062000000,180597062000000,2026-09-05T07:03:55.802046+00:00,2722,14944472268200,1920,1200
directshow_index_1,231,180597125000000,180597125000000,180597125000000,2026-09-05T07:03:55.852692+00:00,,,640,480
daheng_sn_FDE23080341,235,180597156000000,180597156000000,180597156000000,2026-09-05T07:03:55.906206+00:00,2735,14944572170600,1920,1200
directshow_index_1,232,180597218000000,180597218000000,180597218000000,2026-09-05T07:03:55.939443+00:00,,,640,480
daheng_sn_FDE23080341,236,180597250000000,180597250000000,180597250000000,2026-09-05T07:03:56.002858+00:00,2747,14944664388200,1920,1200
directshow_index_1,233,180597312000000,180597312000000,180597312000000,2026-09-05T07:03:56.037682+00:00,,,640,480
daheng_sn_FDE23080341,237,180597343000000,180597343000000,180597343000000,2026-09-05T07:03:56.086382+00:00,2760,14944764290600,1920,1200
directshow_index_1,234,180597406000000,180597406000000,180597406000000,2026-09-05T07:03:56.128760+00:00,,,640,480
daheng_sn_FDE23080341,238,180597437000000,180597437000000,180597437000000,2026-09-05T07:03:56.179415+00:00,2772,14944856508200,1920,1200
directshow_index_1,235,180597500000000,180597500000000,180597500000000,2026-09-05T07:03:56.223767+00:00,,,640,480
daheng_sn_FDE23080341,239,180597531000000,180597531000000,180597531000000,2026-09-05T07:03:56.273235+00:00,2784,14944948725800,1920,1200
directshow_index_1,236,180597593000000,180597593000000,180597593000000,2026-09-05T07:03:56.318852+00:00,,,640,480
daheng_sn_FDE23080341,240,180597625000000,180597625000000,180597625000000,2026-09-05T07:03:56.366384+00:00,2796,14945040943400,1920,1200
directshow_index_1,237,180597687000000,180597687000000,180597687000000,2026-09-05T07:03:56.406892+00:00,,,640,480
daheng_sn_FDE23080341,241,180597718000000,180597718000000,180597718000000,2026-09-05T07:03:56.459436+00:00,2809,14945140845800,1920,1200
directshow_index_1,238,180597781000000,180597781000000,180597781000000,2026-09-05T07:03:56.504382+00:00,,,640,480
daheng_sn_FDE23080341,242,180597812000000,180597812000000,180597812000000,2026-09-05T07:03:56.553437+00:00,2821,14945233063400,1920,1200
directshow_index_1,239,180597875000000,180597875000000,180597875000000,2026-09-05T07:03:56.599473+00:00,,,640,480
daheng_sn_FDE23080341,243,180597906000000,180597906000000,180597906000000,2026-09-05T07:03:56.645935+00:00,2833,14945325281000,1920,1200
directshow_index_1,240,180597968000000,180597968000000,180597968000000,2026-09-05T07:03:56.692321+00:00,,,640,480
daheng_sn_FDE23080341,244,180598000000000,180598000000000,180598000000000,2026-09-05T07:03:56.740280+00:00,2844,14945409813800,1920,1200
directshow_index_1,241,180598062000000,180598062000000,180598062000000,2026-09-05T07:03:56.782305+00:00,,,640,480
daheng_sn_FDE23080341,245,180598093000000,180598093000000,180598093000000,2026-09-05T07:03:56.834882+00:00,2857,14945509716200,1920,1200
directshow_index_1,242,180598156000000,180598156000000,180598156000000,2026-09-05T07:03:56.878649+00:00,,,640,480
daheng_sn_FDE23080341,246,180598187000000,180598187000000,180598187000000,2026-09-05T07:03:56.932102+00:00,2869,14945601933800,1920,1200
directshow_index_1,243,180598250000000,180598250000000,180598250000000,2026-09-05T07:03:56.975445+00:00,,,640,480
daheng_sn_FDE23080341,247,180598281000000,180598281000000,180598281000000,2026-09-05T07:03:57.021646+00:00,2882,14945701836200,1920,1200
directshow_index_1,244,180598343000000,180598343000000,180598343000000,2026-09-05T07:03:57.064368+00:00,,,640,480
daheng_sn_FDE23080341,248,180598375000000,180598375000000,180598375000000,2026-09-05T07:03:57.117473+00:00,2894,14945794053800,1920,1200
directshow_index_1,245,180598437000000,180598437000000,180598437000000,2026-09-05T07:03:57.159479+00:00,,,640,480
daheng_sn_FDE23080341,249,180598468000000,180598468000000,180598468000000,2026-09-05T07:03:57.206788+00:00,2906,14945886271400,1920,1200
directshow_index_1,246,180598531000000,180598531000000,180598531000000,2026-09-05T07:03:57.257387+00:00,,,640,480
daheng_sn_FDE23080341,250,180598562000000,180598562000000,180598562000000,2026-09-05T07:03:57.299874+00:00,2918,14945978489000,1920,1200
directshow_index_1,247,180598625000000,180598625000000,180598625000000,2026-09-05T07:03:57.347752+00:00,,,640,480
daheng_sn_FDE23080341,251,180598656000000,180598656000000,180598656000000,2026-09-05T07:03:57.396377+00:00,2930,14946070706600,1920,1200
directshow_index_1,248,180598718000000,180598718000000,180598718000000,2026-09-05T07:03:57.444775+00:00,,,640,480
daheng_sn_FDE23080341,252,180598750000000,180598750000000,180598750000000,2026-09-05T07:03:57.493301+00:00,2943,14946170609000,1920,1200
directshow_index_1,249,180598812000000,180598812000000,180598812000000,2026-09-05T07:03:57.534328+00:00,,,640,480
daheng_sn_FDE23080341,253,180598843000000,180598843000000,180598843000000,2026-09-05T07:03:57.584563+00:00,2955,14946262826600,1920,1200
directshow_index_1,250,180598906000000,180598906000000,180598906000000,2026-09-05T07:03:57.632130+00:00,,,640,480
daheng_sn_FDE23080341,254,180598937000000,180598937000000,180598937000000,2026-09-05T07:03:57.680468+00:00,2967,14946355044200,1920,1200
directshow_index_1,251,180599000000000,180599000000000,180599000000000,2026-09-05T07:03:57.722256+00:00,,,640,480
daheng_sn_FDE23080341,255,180599031000000,180599031000000,180599031000000,2026-09-05T07:03:57.773423+00:00,2979,14946447261800,1920,1200
directshow_index_1,252,180599093000000,180599093000000,180599093000000,2026-09-05T07:03:57.813049+00:00,,,640,480
daheng_sn_FDE23080341,256,180599125000000,180599125000000,180599125000000,2026-09-05T07:03:57.871069+00:00,2991,14946539479400,1920,1200
directshow_index_1,253,180599187000000,180599187000000,180599187000000,2026-09-05T07:03:57.909677+00:00,,,640,480
daheng_sn_FDE23080341,257,180599218000000,180599218000000,180599218000000,2026-09-05T07:03:57.962749+00:00,3004,14946639381800,1920,1200
directshow_index_1,254,180599281000000,180599281000000,180599281000000,2026-09-05T07:03:58.006364+00:00,,,640,480
daheng_sn_FDE23080341,258,180599312000000,180599312000000,180599312000000,2026-09-05T07:03:58.053917+00:00,3015,14946723914600,1920,1200
directshow_index_1,255,180599375000000,180599375000000,180599375000000,2026-09-05T07:03:58.097682+00:00,,,640,480
daheng_sn_FDE23080341,259,180599406000000,180599406000000,180599406000000,2026-09-05T07:03:58.156635+00:00,3028,14946823817000,1920,1200
directshow_index_1,256,180599468000000,180599468000000,180599468000000,2026-09-05T07:03:58.188248+00:00,,,640,480
daheng_sn_FDE23080341,260,180599500000000,180599500000000,180599500000000,2026-09-05T07:03:58.243001+00:00,3040,14946916034600,1920,1200
directshow_index_1,257,180599562000000,180599562000000,180599562000000,2026-09-05T07:03:58.285651+00:00,,,640,480
daheng_sn_FDE23080341,261,180599593000000,180599593000000,180599593000000,2026-09-05T07:03:58.331539+00:00,3052,14947008252200,1920,1200
directshow_index_1,258,180599656000000,180599656000000,180599656000000,2026-09-05T07:03:58.376347+00:00,,,640,480
daheng_sn_FDE23080341,262,180599687000000,180599687000000,180599687000000,2026-09-05T07:03:58.426733+00:00,3064,14947100469800,1920,1200
directshow_index_1,259,180599750000000,180599750000000,180599750000000,2026-09-05T07:03:58.474291+00:00,,,640,480
daheng_sn_FDE23080341,263,180599781000000,180599781000000,180599781000000,2026-09-05T07:03:58.523423+00:00,3077,14947200372200,1920,1200
directshow_index_1,260,180599843000000,180599843000000,180599843000000,2026-09-05T07:03:58.564086+00:00,,,640,480
daheng_sn_FDE23080341,264,180599875000000,180599875000000,180599875000000,2026-09-05T07:03:58.616133+00:00,3088,14947284905000,1920,1200
directshow_index_1,261,180599937000000,180599937000000,180599937000000,2026-09-05T07:03:58.661276+00:00,,,640,480
daheng_sn_FDE23080341,265,180599968000000,180599968000000,180599968000000,2026-09-05T07:03:58.709996+00:00,3101,14947384807400,1920,1200
directshow_index_1,262,180600031000000,180600031000000,180600031000000,2026-09-05T07:03:58.752847+00:00,,,640,480
daheng_sn_FDE23080341,266,180600062000000,180600062000000,180600062000000,2026-09-05T07:03:58.807979+00:00,3113,14947477025000,1920,1200
directshow_index_1,263,180600125000000,180600125000000,180600125000000,2026-09-05T07:03:58.850273+00:00,,,640,480
daheng_sn_FDE23080341,267,180600156000000,180600156000000,180600156000000,2026-09-05T07:03:58.899709+00:00,3126,14947576927400,1920,1200
directshow_index_1,264,180600218000000,180600218000000,180600218000000,2026-09-05T07:03:58.940009+00:00,,,640,480
daheng_sn_FDE23080341,268,180600250000000,180600250000000,180600250000000,2026-09-05T07:03:58.992921+00:00,3137,14947661460200,1920,1200
directshow_index_1,265,180600312000000,180600312000000,180600312000000,2026-09-05T07:03:59.036512+00:00,,,640,480
daheng_sn_FDE23080341,269,180600343000000,180600343000000,180600343000000,2026-09-05T07:03:59.081868+00:00,3149,14947753677800,1920,1200
directshow_index_1,266,180600406000000,180600406000000,180600406000000,2026-09-05T07:03:59.128551+00:00,,,640,480
daheng_sn_FDE23080341,270,180600437000000,180600437000000,180600437000000,2026-09-05T07:03:59.176135+00:00,3162,14947853580200,1920,1200
directshow_index_1,267,180600500000000,180600500000000,180600500000000,2026-09-05T07:03:59.225848+00:00,,,640,480
daheng_sn_FDE23080341,271,180600531000000,180600531000000,180600531000000,2026-09-05T07:03:59.269228+00:00,3174,14947945797800,1920,1200
directshow_index_1,268,180600593000000,180600593000000,180600593000000,2026-09-05T07:03:59.315133+00:00,,,640,480
daheng_sn_FDE23080341,272,180600625000000,180600625000000,180600625000000,2026-09-05T07:03:59.363031+00:00,3186,14948038015400,1920,1200
directshow_index_1,269,180600687000000,180600687000000,180600687000000,2026-09-05T07:03:59.408286+00:00,,,640,480
daheng_sn_FDE23080341,273,180600718000000,180600718000000,180600718000000,2026-09-05T07:03:59.454942+00:00,3198,14948130233000,1920,1200
directshow_index_1,270,180600781000000,180600781000000,180600781000000,2026-09-05T07:03:59.506491+00:00,,,640,480
daheng_sn_FDE23080341,274,180600812000000,180600812000000,180600812000000,2026-09-05T07:03:59.552283+00:00,3211,14948230135400,1920,1200
directshow_index_1,271,180600875000000,180600875000000,180600875000000,2026-09-05T07:03:59.595988+00:00,,,640,480
daheng_sn_FDE23080341,275,180600906000000,180600906000000,180600906000000,2026-09-05T07:03:59.644988+00:00,3223,14948322353000,1920,1200
directshow_index_1,272,180600968000000,180600968000000,180600968000000,2026-09-05T07:03:59.691546+00:00,,,640,480
daheng_sn_FDE23080341,276,180601000000000,180601000000000,180601000000000,2026-09-05T07:03:59.738104+00:00,3235,14948414570600,1920,1200
directshow_index_1,273,180601062000000,180601062000000,180601062000000,2026-09-05T07:03:59.781158+00:00,,,640,480
daheng_sn_FDE23080341,277,180601093000000,180601093000000,180601093000000,2026-09-05T07:03:59.828848+00:00,3248,14948514473000,1920,1200
directshow_index_1,274,180601156000000,180601156000000,180601156000000,2026-09-05T07:03:59.878389+00:00,,,640,480
daheng_sn_FDE23080341,278,180601187000000,180601187000000,180601187000000,2026-09-05T07:03:59.927471+00:00,3260,14948606690600,1920,1200
directshow_index_1,275,180601250000000,180601250000000,180601250000000,2026-09-05T07:03:59.974597+00:00,,,640,480
daheng_sn_FDE23080341,279,180601281000000,180601281000000,180601281000000,2026-09-05T07:04:00.022967+00:00,3272,14948698908200,1920,1200
directshow_index_1,276,180601343000000,180601343000000,180601343000000,2026-09-05T07:04:00.065574+00:00,,,640,480
daheng_sn_FDE23080341,280,180601375000000,180601375000000,180601375000000,2026-09-05T07:04:00.114927+00:00,3284,14948791125800,1920,1200
directshow_index_1,277,180601437000000,180601437000000,180601437000000,2026-09-05T07:04:00.160916+00:00,,,640,480
daheng_sn_FDE23080341,281,180601468000000,180601468000000,180601468000000,2026-09-05T07:04:00.206727+00:00,3296,14948883343400,1920,1200
directshow_index_1,278,180601531000000,180601531000000,180601531000000,2026-09-05T07:04:00.253015+00:00,,,640,480
daheng_sn_FDE23080341,282,180601562000000,180601562000000,180601562000000,2026-09-05T07:04:00.300909+00:00,3308,14948975561000,1920,1200
directshow_index_1,279,180601625000000,180601625000000,180601625000000,2026-09-05T07:04:00.343553+00:00,,,640,480
daheng_sn_FDE23080341,283,180601656000000,180601656000000,180601656000000,2026-09-05T07:04:00.392202+00:00,3320,14949067778600,1920,1200
directshow_index_1,280,180601718000000,180601718000000,180601718000000,2026-09-05T07:04:00.439889+00:00,,,640,480
daheng_sn_FDE23080341,284,180601750000000,180601750000000,180601750000000,2026-09-05T07:04:00.489862+00:00,3332,14949159996200,1920,1200
directshow_index_1,281,180601812000000,180601812000000,180601812000000,2026-09-05T07:04:00.533032+00:00,,,640,480
daheng_sn_FDE23080341,285,180601843000000,180601843000000,180601843000000,2026-09-05T07:04:00.582882+00:00,3345,14949259898600,1920,1200
directshow_index_1,282,180601906000000,180601906000000,180601906000000,2026-09-05T07:04:00.630783+00:00,,,640,480
daheng_sn_FDE23080341,286,180601937000000,180601937000000,180601937000000,2026-09-05T07:04:00.674795+00:00,3357,14949352116200,1920,1200
directshow_index_1,283,180602000000000,180602000000000,180602000000000,2026-09-05T07:04:00.722187+00:00,,,640,480
daheng_sn_FDE23080341,287,180602031000000,180602031000000,180602031000000,2026-09-05T07:04:00.776490+00:00,3369,14949444333800,1920,1200
directshow_index_1,284,180602093000000,180602093000000,180602093000000,2026-09-05T07:04:00.818747+00:00,,,640,480
daheng_sn_FDE23080341,288,180602125000000,180602125000000,180602125000000,2026-09-05T07:04:00.863663+00:00,3381,14949536551400,1920,1200
directshow_index_1,285,180602187000000,180602187000000,180602187000000,2026-09-05T07:04:00.908044+00:00,,,640,480
daheng_sn_FDE23080341,289,180602218000000,180602218000000,180602218000000,2026-09-05T07:04:00.955124+00:00,3394,14949636453800,1920,1200
directshow_index_1,286,180602281000000,180602281000000,180602281000000,2026-09-05T07:04:01.004518+00:00,,,640,480
daheng_sn_FDE23080341,290,180602312000000,180602312000000,180602312000000,2026-09-05T07:04:01.048731+00:00,3406,14949728671400,1920,1200
directshow_index_1,287,180602375000000,180602375000000,180602375000000,2026-09-05T07:04:01.096576+00:00,,,640,480
daheng_sn_FDE23080341,291,180602406000000,180602406000000,180602406000000,2026-09-05T07:04:01.159180+00:00,3418,14949820889000,1920,1200
directshow_index_1,288,180602468000000,180602468000000,180602468000000,2026-09-05T07:04:01.193575+00:00,,,640,480
daheng_sn_FDE23080341,292,180602500000000,180602500000000,180602500000000,2026-09-05T07:04:01.256872+00:00,3430,14949913106600,1920,1200
directshow_index_1,289,180602562000000,180602562000000,180602562000000,2026-09-05T07:04:01.283856+00:00,,,640,480
daheng_sn_FDE23080341,293,180602593000000,180602593000000,180602593000000,2026-09-05T07:04:01.338742+00:00,3442,14950005324200,1920,1200
directshow_index_1,290,180602656000000,180602656000000,180602656000000,2026-09-05T07:04:01.381308+00:00,,,640,480
daheng_sn_FDE23080341,294,180602687000000,180602687000000,180602687000000,2026-09-05T07:04:01.432144+00:00,3454,14950097541800,1920,1200
directshow_index_1,291,180602750000000,180602750000000,180602750000000,2026-09-05T07:04:01.470961+00:00,,,640,480
daheng_sn_FDE23080341,295,180602781000000,180602781000000,180602781000000,2026-09-05T07:04:01.525137+00:00,3467,14950197444200,1920,1200
directshow_index_1,292,180602843000000,180602843000000,180602843000000,2026-09-05T07:04:01.567417+00:00,,,640,480
daheng_sn_FDE23080341,296,180602875000000,180602875000000,180602875000000,2026-09-05T07:04:01.615145+00:00,3479,14950289661800,1920,1200
directshow_index_1,293,180602937000000,180602937000000,180602937000000,2026-09-05T07:04:01.657740+00:00,,,640,480
daheng_sn_FDE23080341,297,180602968000000,180602968000000,180602968000000,2026-09-05T07:04:01.711576+00:00,3491,14950381879400,1920,1200
directshow_index_1,294,180603031000000,180603031000000,180603031000000,2026-09-05T07:04:01.753689+00:00,,,640,480
daheng_sn_FDE23080341,298,180603062000000,180603062000000,180603062000000,2026-09-05T07:04:01.807323+00:00,3504,14950481781800,1920,1200
directshow_index_1,295,180603125000000,180603125000000,180603125000000,2026-09-05T07:04:01.851736+00:00,,,640,480
daheng_sn_FDE23080341,299,180603156000000,180603156000000,180603156000000,2026-09-05T07:04:01.896648+00:00,3516,14950573999400,1920,1200
directshow_index_1,296,180603218000000,180603218000000,180603218000000,2026-09-05T07:04:01.942944+00:00,,,640,480
daheng_sn_FDE23080341,300,180603250000000,180603250000000,180603250000000,2026-09-05T07:04:01.993000+00:00,3528,14950666217000,1920,1200
directshow_index_1,297,180603312000000,180603312000000,180603312000000,2026-09-05T07:04:02.034710+00:00,,,640,480
daheng_sn_FDE23080341,301,180603343000000,180603343000000,180603343000000,2026-09-05T07:04:02.084846+00:00,3540,14950758434600,1920,1200
directshow_index_1,298,180603406000000,180603406000000,180603406000000,2026-09-05T07:04:02.132041+00:00,,,640,480
daheng_sn_FDE23080341,302,180603437000000,180603437000000,180603437000000,2026-09-05T07:04:02.183358+00:00,3552,14950850652200,1920,1200
directshow_index_1,299,180603500000000,180603500000000,180603500000000,2026-09-05T07:04:02.222331+00:00,,,640,480
daheng_sn_FDE23080341,303,180603531000000,180603531000000,180603531000000,2026-09-05T07:04:02.275559+00:00,3565,14950950554600,1920,1200
directshow_index_1,300,180603593000000,180603593000000,180603593000000,2026-09-05T07:04:02.317140+00:00,,,640,480
daheng_sn_FDE23080341,304,180603625000000,180603625000000,180603625000000,2026-09-05T07:04:02.364692+00:00,3576,14951035087400,1920,1200
directshow_index_1,301,180603687000000,180603687000000,180603687000000,2026-09-05T07:04:02.413507+00:00,,,640,480
daheng_sn_FDE23080341,305,180603718000000,180603718000000,180603718000000,2026-09-05T07:04:02.461316+00:00,3589,14951134989800,1920,1200
directshow_index_1,302,180603781000000,180603781000000,180603781000000,2026-09-05T07:04:02.503560+00:00,,,640,480
daheng_sn_FDE23080341,306,180603812000000,180603812000000,180603812000000,2026-09-05T07:04:02.556640+00:00,3601,14951227207400,1920,1200
directshow_index_1,303,180603875000000,180603875000000,180603875000000,2026-09-05T07:04:02.599991+00:00,,,640,480
daheng_sn_FDE23080341,307,180603906000000,180603906000000,180603906000000,2026-09-05T07:04:02.647123+00:00,3613,14951319425000,1920,1200
directshow_index_1,304,180603968000000,180603968000000,180603968000000,2026-09-05T07:04:02.690258+00:00,,,640,480
daheng_sn_FDE23080341,308,180604000000000,180604000000000,180604000000000,2026-09-05T07:04:02.746517+00:00,3625,14951411642600,1920,1200
directshow_index_1,305,180604062000000,180604062000000,180604062000000,2026-09-05T07:04:02.786650+00:00,,,640,480
daheng_sn_FDE23080341,309,180604093000000,180604093000000,180604093000000,2026-09-05T07:04:02.835282+00:00,3638,14951511545000,1920,1200
directshow_index_1,306,180604156000000,180604156000000,180604156000000,2026-09-05T07:04:02.876273+00:00,,,640,480
daheng_sn_FDE23080341,310,180604187000000,180604187000000,180604187000000,2026-09-05T07:04:02.931750+00:00,3650,14951603762600,1920,1200
directshow_index_1,307,180604250000000,180604250000000,180604250000000,2026-09-05T07:04:02.972597+00:00,,,640,480
daheng_sn_FDE23080341,311,180604281000000,180604281000000,180604281000000,2026-09-05T07:04:03.022332+00:00,3662,14951695980200,1920,1200
directshow_index_1,308,180604343000000,180604343000000,180604343000000,2026-09-05T07:04:03.069638+00:00,,,640,480
daheng_sn_FDE23080341,312,180604375000000,180604375000000,180604375000000,2026-09-05T07:04:03.120921+00:00,3674,14951788197800,1920,1200
directshow_index_1,309,180604437000000,180604437000000,180604437000000,2026-09-05T07:04:03.159647+00:00,,,640,480
daheng_sn_FDE23080341,313,180604468000000,180604468000000,180604468000000,2026-09-05T07:04:03.215879+00:00,3687,14951888100200,1920,1200
directshow_index_1,310,180604531000000,180604531000000,180604531000000,2026-09-05T07:04:03.255640+00:00,,,640,480
daheng_sn_FDE23080341,314,180604562000000,180604562000000,180604562000000,2026-09-05T07:04:03.306184+00:00,3699,14951980317800,1920,1200
directshow_index_1,311,180604625000000,180604625000000,180604625000000,2026-09-05T07:04:03.345234+00:00,,,640,480
daheng_sn_FDE23080341,315,180604656000000,180604656000000,180604656000000,2026-09-05T07:04:03.396241+00:00,3711,14952072535400,1920,1200
directshow_index_1,312,180604718000000,180604718000000,180604718000000,2026-09-05T07:04:03.442556+00:00,,,640,480
daheng_sn_FDE23080341,316,180604750000000,180604750000000,180604750000000,2026-09-05T07:04:03.492712+00:00,3723,14952164753000,1920,1200
directshow_index_1,313,180604812000000,180604812000000,180604812000000,2026-09-05T07:04:03.533213+00:00,,,640,480
daheng_sn_FDE23080341,317,180604843000000,180604843000000,180604843000000,2026-09-05T07:04:03.589613+00:00,3736,14952264655400,1920,1200
directshow_index_1,314,180604906000000,180604906000000,180604906000000,2026-09-05T07:04:03.628554+00:00,,,640,480
daheng_sn_FDE23080341,318,180604937000000,180604937000000,180604937000000,2026-09-05T07:04:03.681897+00:00,3747,14952349188200,1920,1200
directshow_index_1,315,180605000000000,180605000000000,180605000000000,2026-09-05T07:04:03.722653+00:00,,,640,480
daheng_sn_FDE23080341,319,180605031000000,180605031000000,180605031000000,2026-09-05T07:04:03.773130+00:00,3760,14952449090600,1920,1200
directshow_index_1,316,180605093000000,180605093000000,180605093000000,2026-09-05T07:04:03.814954+00:00,,,640,480
daheng_sn_FDE23080341,320,180605125000000,180605125000000,180605125000000,2026-09-05T07:04:03.868360+00:00,3772,14952541308200,1920,1200
directshow_index_1,317,180605187000000,180605187000000,180605187000000,2026-09-05T07:04:03.911174+00:00,,,640,480
daheng_sn_FDE23080341,321,180605218000000,180605218000000,180605218000000,2026-09-05T07:04:03.962877+00:00,3784,14952633525800,1920,1200
directshow_index_1,318,180605281000000,180605281000000,180605281000000,2026-09-05T07:04:04.001045+00:00,,,640,480
daheng_sn_FDE23080341,322,180605312000000,180605312000000,180605312000000,2026-09-05T07:04:04.052296+00:00,3796,14952725743400,1920,1200
directshow_index_1,319,180605375000000,180605375000000,180605375000000,2026-09-05T07:04:04.098901+00:00,,,640,480
daheng_sn_FDE23080341,323,180605406000000,180605406000000,180605406000000,2026-09-05T07:04:04.148269+00:00,3809,14952825645800,1920,1200
directshow_index_1,320,180605468000000,180605468000000,180605468000000,2026-09-05T07:04:04.191706+00:00,,,640,480
daheng_sn_FDE23080341,324,180605500000000,180605500000000,180605500000000,2026-09-05T07:04:04.240565+00:00,3821,14952917863400,1920,1200
directshow_index_1,321,180605562000000,180605562000000,180605562000000,2026-09-05T07:04:04.287728+00:00,,,640,480
daheng_sn_FDE23080341,325,180605593000000,180605593000000,180605593000000,2026-09-05T07:04:04.334303+00:00,3833,14953010081000,1920,1200
directshow_index_1,322,180605656000000,180605656000000,180605656000000,2026-09-05T07:04:04.379655+00:00,,,640,480
daheng_sn_FDE23080341,326,180605687000000,180605687000000,180605687000000,2026-09-05T07:04:04.429220+00:00,3845,14953102298600,1920,1200
directshow_index_1,323,180605750000000,180605750000000,180605750000000,2026-09-05T07:04:04.469661+00:00,,,640,480
daheng_sn_FDE23080341,327,180605781000000,180605781000000,180605781000000,2026-09-05T07:04:04.528568+00:00,3857,14953194516200,1920,1200
directshow_index_1,324,180605843000000,180605843000000,180605843000000,2026-09-05T07:04:04.565064+00:00,,,640,480
daheng_sn_FDE23080341,328,180605875000000,180605875000000,180605875000000,2026-09-05T07:04:04.617084+00:00,3870,14953294418600,1920,1200
directshow_index_1,325,180605937000000,180605937000000,180605937000000,2026-09-05T07:04:04.660852+00:00,,,640,480
daheng_sn_FDE23080341,329,180605968000000,180605968000000,180605968000000,2026-09-05T07:04:04.717319+00:00,3882,14953386636200,1920,1200
directshow_index_1,326,180606031000000,180606031000000,180606031000000,2026-09-05T07:04:04.753001+00:00,,,640,480
daheng_sn_FDE23080341,330,180606062000000,180606062000000,180606062000000,2026-09-05T07:04:04.803705+00:00,3894,14953478853800,1920,1200
directshow_index_1,327,180606125000000,180606125000000,180606125000000,2026-09-05T07:04:04.848766+00:00,,,640,480
daheng_sn_FDE23080341,331,180606156000000,180606156000000,180606156000000,2026-09-05T07:04:04.901986+00:00,3906,14953571071400,1920,1200
directshow_index_1,328,180606218000000,180606218000000,180606218000000,2026-09-05T07:04:04.939525+00:00,,,640,480
daheng_sn_FDE23080341,332,180606250000000,180606250000000,180606250000000,2026-09-05T07:04:04.988481+00:00,3919,14953670973800,1920,1200
directshow_index_1,329,180606312000000,180606312000000,180606312000000,2026-09-05T07:04:05.037330+00:00,,,640,480
daheng_sn_FDE23080341,333,180606343000000,180606343000000,180606343000000,2026-09-05T07:04:05.086683+00:00,3930,14953755506600,1920,1200
directshow_index_1,330,180606406000000,180606406000000,180606406000000,2026-09-05T07:04:05.126413+00:00,,,640,480
daheng_sn_FDE23080341,334,180606437000000,180606437000000,180606437000000,2026-09-05T07:04:05.183061+00:00,3943,14953855409000,1920,1200
directshow_index_1,331,180606500000000,180606500000000,180606500000000,2026-09-05T07:04:05.225264+00:00,,,640,480
daheng_sn_FDE23080341,335,180606531000000,180606531000000,180606531000000,2026-09-05T07:04:05.275351+00:00,3955,14953947626600,1920,1200
directshow_index_1,332,180606593000000,180606593000000,180606593000000,2026-09-05T07:04:05.315132+00:00,,,640,480
daheng_sn_FDE23080341,336,180606625000000,180606625000000,180606625000000,2026-09-05T07:04:05.370483+00:00,3967,14954039844200,1920,1200
directshow_index_1,333,180606687000000,180606687000000,180606687000000,2026-09-05T07:04:05.411503+00:00,,,640,480
daheng_sn_FDE23080341,337,180606718000000,180606718000000,180606718000000,2026-09-05T07:04:05.462785+00:00,3979,14954132061800,1920,1200
directshow_index_1,334,180606781000000,180606781000000,180606781000000,2026-09-05T07:04:05.504418+00:00,,,640,480
daheng_sn_FDE23080341,338,180606812000000,180606812000000,180606812000000,2026-09-05T07:04:05.555936+00:00,3992,14954231964200,1920,1200
directshow_index_1,335,180606875000000,180606875000000,180606875000000,2026-09-05T07:04:05.593164+00:00,,,640,480
daheng_sn_FDE23080341,339,180606906000000,180606906000000,180606906000000,2026-09-05T07:04:05.640943+00:00,4004,14954324181800,1920,1200
directshow_index_1,336,180606968000000,180606968000000,180606968000000,2026-09-05T07:04:05.690404+00:00,,,640,480
daheng_sn_FDE23080341,340,180607000000000,180607000000000,180607000000000,2026-09-05T07:04:05.741191+00:00,4016,14954416399400,1920,1200
directshow_index_1,337,180607062000000,180607062000000,180607062000000,2026-09-05T07:04:05.782267+00:00,,,640,480
daheng_sn_FDE23080341,341,180607093000000,180607093000000,180607093000000,2026-09-05T07:04:05.845148+00:00,4028,14954508617000,1920,1200
directshow_index_1,338,180607156000000,180607156000000,180607156000000,2026-09-05T07:04:05.880868+00:00,,,640,480
daheng_sn_FDE23080341,342,180607187000000,180607187000000,180607187000000,2026-09-05T07:04:05.936182+00:00,4040,14954600834600,1920,1200
directshow_index_1,339,180607250000000,180607250000000,180607250000000,2026-09-05T07:04:05.973361+00:00,,,640,480
daheng_sn_FDE23080341,343,180607281000000,180607281000000,180607281000000,2026-09-05T07:04:06.040809+00:00,4052,14954693052200,1920,1200
directshow_index_1,340,180607343000000,180607343000000,180607343000000,2026-09-05T07:04:06.071809+00:00,,,640,480
daheng_sn_FDE23080341,344,180607375000000,180607375000000,180607375000000,2026-09-05T07:04:06.132668+00:00,4065,14954792954600,1920,1200
directshow_index_1,341,180607437000000,180607437000000,180607437000000,2026-09-05T07:04:06.162679+00:00,,,640,480
daheng_sn_FDE23080341,345,180607468000000,180607468000000,180607468000000,2026-09-05T07:04:06.218392+00:00,4077,14954885172200,1920,1200
directshow_index_1,342,180607531000000,180607531000000,180607531000000,2026-09-05T07:04:06.252521+00:00,,,640,480
daheng_sn_FDE23080341,346,180607562000000,180607562000000,180607562000000,2026-09-05T07:04:06.304860+00:00,4089,14954977389800,1920,1200
directshow_index_1,343,180607625000000,180607625000000,180607625000000,2026-09-05T07:04:06.349479+00:00,,,640,480
daheng_sn_FDE23080341,347,180607656000000,180607656000000,180607656000000,2026-09-05T07:04:06.395754+00:00,4101,14955069607400,1920,1200
directshow_index_1,344,180607718000000,180607718000000,180607718000000,2026-09-05T07:04:06.440321+00:00,,,640,480
daheng_sn_FDE23080341,348,180607750000000,180607750000000,180607750000000,2026-09-05T07:04:06.490521+00:00,4113,14955161825000,1920,1200
directshow_index_1,345,180607812000000,180607812000000,180607812000000,2026-09-05T07:04:06.537261+00:00,,,640,480
daheng_sn_FDE23080341,349,180607843000000,180607843000000,180607843000000,2026-09-05T07:04:06.583845+00:00,4125,14955254042600,1920,1200
directshow_index_1,346,180607906000000,180607906000000,180607906000000,2026-09-05T07:04:06.627759+00:00,,,640,480
daheng_sn_FDE23080341,350,180607937000000,180607937000000,180607937000000,2026-09-05T07:04:06.679834+00:00,4137,14955346260200,1920,1200
directshow_index_1,347,180608000000000,180608000000000,180608000000000,2026-09-05T07:04:06.724426+00:00,,,640,480
daheng_sn_FDE23080341,351,180608031000000,180608031000000,180608031000000,2026-09-05T07:04:06.779163+00:00,4150,14955446162600,1920,1200
directshow_index_1,348,180608093000000,180608093000000,180608093000000,2026-09-05T07:04:06.815468+00:00,,,640,480
daheng_sn_FDE23080341,352,180608125000000,180608125000000,180608125000000,2026-09-05T07:04:06.877494+00:00,4162,14955538380200,1920,1200
directshow_index_1,349,180608187000000,180608187000000,180608187000000,2026-09-05T07:04:06.908900+00:00,,,640,480
daheng_sn_FDE23080341,353,180608218000000,180608218000000,180608218000000,2026-09-05T07:04:06.967481+00:00,4175,14955638282600,1920,1200
directshow_index_1,350,180608281000000,180608281000000,180608281000000,2026-09-05T07:04:07.005943+00:00,,,640,480
daheng_sn_FDE23080341,354,180608312000000,180608312000000,180608312000000,2026-09-05T07:04:07.058684+00:00,4187,14955730500200,1920,1200
directshow_index_1,351,180608375000000,180608375000000,180608375000000,2026-09-05T07:04:07.096168+00:00,,,640,480
daheng_sn_FDE23080341,355,180608406000000,180608406000000,180608406000000,2026-09-05T07:04:07.149510+00:00,4199,14955822717800,1920,1200
directshow_index_1,352,180608468000000,180608468000000,180608468000000,2026-09-05T07:04:07.193027+00:00,,,640,480
daheng_sn_FDE23080341,356,180608500000000,180608500000000,180608500000000,2026-09-05T07:04:07.243848+00:00,4211,14955914935400,1920,1200
directshow_index_1,353,180608562000000,180608562000000,180608562000000,2026-09-05T07:04:07.283680+00:00,,,640,480
daheng_sn_FDE23080341,357,180608593000000,180608593000000,180608593000000,2026-09-05T07:04:07.333268+00:00,4223,14956007153000,1920,1200
directshow_index_1,354,180608656000000,180608656000000,180608656000000,2026-09-05T07:04:07.378963+00:00,,,640,480
daheng_sn_FDE23080341,358,180608687000000,180608687000000,180608687000000,2026-09-05T07:04:07.431070+00:00,4235,14956099370600,1920,1200
directshow_index_1,355,180608750000000,180608750000000,180608750000000,2026-09-05T07:04:07.469945+00:00,,,640,480
daheng_sn_FDE23080341,359,180608781000000,180608781000000,180608781000000,2026-09-05T07:04:07.527047+00:00,4247,14956191588200,1920,1200
directshow_index_1,356,180608843000000,180608843000000,180608843000000,2026-09-05T07:04:07.565297+00:00,,,640,480
daheng_sn_FDE23080341,360,180608875000000,180608875000000,180608875000000,2026-09-05T07:04:07.614858+00:00,4260,14956291490600,1920,1200
directshow_index_1,357,180608937000000,180608937000000,180608937000000,2026-09-05T07:04:07.661280+00:00,,,640,480
daheng_sn_FDE23080341,361,180608968000000,180608968000000,180608968000000,2026-09-05T07:04:07.713115+00:00,4272,14956383708200,1920,1200
directshow_index_1,358,180609031000000,180609031000000,180609031000000,2026-09-05T07:04:07.750932+00:00,,,640,480
daheng_sn_FDE23080341,362,180609062000000,180609062000000,180609062000000,2026-09-05T07:04:07.803951+00:00,4285,14956483610600,1920,1200
directshow_index_1,359,180609125000000,180609125000000,180609125000000,2026-09-05T07:04:07.848500+00:00,,,640,480
daheng_sn_FDE23080341,363,180609156000000,180609156000000,180609156000000,2026-09-05T07:04:07.898176+00:00,4297,14956575828200,1920,1200
directshow_index_1,360,180609218000000,180609218000000,180609218000000,2026-09-05T07:04:07.944007+00:00,,,640,480
daheng_sn_FDE23080341,364,180609250000000,180609250000000,180609250000000,2026-09-05T07:04:07.993454+00:00,4309,14956668045800,1920,1200
directshow_index_1,361,180609312000000,180609312000000,180609312000000,2026-09-05T07:04:08.033489+00:00,,,640,480
daheng_sn_FDE23080341,365,180609343000000,180609343000000,180609343000000,2026-09-05T07:04:08.083501+00:00,4321,14956760263400,1920,1200
directshow_index_1,362,180609406000000,180609406000000,180609406000000,2026-09-05T07:04:08.130606+00:00,,,640,480
daheng_sn_FDE23080341,366,180609437000000,180609437000000,180609437000000,2026-09-05T07:04:08.181538+00:00,4333,14956852481000,1920,1200
directshow_index_1,363,180609500000000,180609500000000,180609500000000,2026-09-05T07:04:08.220960+00:00,,,640,480
daheng_sn_FDE23080341,367,180609531000000,180609531000000,180609531000000,2026-09-05T07:04:08.275505+00:00,4346,14956952383400,1920,1200
directshow_index_1,364,180609593000000,180609593000000,180609593000000,2026-09-05T07:04:08.316026+00:00,,,640,480
daheng_sn_FDE23080341,368,180609625000000,180609625000000,180609625000000,2026-09-05T07:04:08.363506+00:00,4357,14957036916200,1920,1200
directshow_index_1,365,180609687000000,180609687000000,180609687000000,2026-09-05T07:04:08.411874+00:00,,,640,480
daheng_sn_FDE23080341,369,180609718000000,180609718000000,180609718000000,2026-09-05T07:04:08.458472+00:00,4370,14957136818600,1920,1200
directshow_index_1,366,180609781000000,180609781000000,180609781000000,2026-09-05T07:04:08.501583+00:00,,,640,480
daheng_sn_FDE23080341,370,180609812000000,180609812000000,180609812000000,2026-09-05T07:04:08.552566+00:00,4382,14957229036200,1920,1200
directshow_index_1,367,180609875000000,180609875000000,180609875000000,2026-09-05T07:04:08.597669+00:00,,,640,480
daheng_sn_FDE23080341,371,180609906000000,180609906000000,180609906000000,2026-09-05T07:04:08.647371+00:00,4394,14957321253800,1920,1200
directshow_index_1,368,180609968000000,180609968000000,180609968000000,2026-09-05T07:04:08.690616+00:00,,,640,480
daheng_sn_FDE23080341,372,180610000000000,180610000000000,180610000000000,2026-09-05T07:04:08.746991+00:00,4406,14957413471400,1920,1200
directshow_index_1,369,180610062000000,180610062000000,180610062000000,2026-09-05T07:04:08.786260+00:00,,,640,480
daheng_sn_FDE23080341,373,180610093000000,180610093000000,180610093000000,2026-09-05T07:04:08.829571+00:00,4418,14957505689000,1920,1200
directshow_index_1,370,180610156000000,180610156000000,180610156000000,2026-09-05T07:04:08.876645+00:00,,,640,480
daheng_sn_FDE23080341,374,180610187000000,180610187000000,180610187000000,2026-09-05T07:04:08.924741+00:00,4431,14957605591400,1920,1200
directshow_index_1,371,180610250000000,180610250000000,180610250000000,2026-09-05T07:04:08.973564+00:00,,,640,480
daheng_sn_FDE23080341,375,180610281000000,180610281000000,180610281000000,2026-09-05T07:04:09.019883+00:00,4443,14957697809000,1920,1200
directshow_index_1,372,180610343000000,180610343000000,180610343000000,2026-09-05T07:04:09.064027+00:00,,,640,480
daheng_sn_FDE23080341,376,180610375000000,180610375000000,180610375000000,2026-09-05T07:04:09.114818+00:00,4455,14957790026600,1920,1200
directshow_index_1,373,180610437000000,180610437000000,180610437000000,2026-09-05T07:04:09.160668+00:00,,,640,480
daheng_sn_FDE23080341,377,180610468000000,180610468000000,180610468000000,2026-09-05T07:04:09.209290+00:00,4467,14957882244200,1920,1200
directshow_index_1,374,180610531000000,180610531000000,180610531000000,2026-09-05T07:04:09.251408+00:00,,,640,480
daheng_sn_FDE23080341,378,180610562000000,180610562000000,180610562000000,2026-09-05T07:04:09.302553+00:00,4480,14957982146600,1920,1200
directshow_index_1,375,180610625000000,180610625000000,180610625000000,2026-09-05T07:04:09.347712+00:00,,,640,480
daheng_sn_FDE23080341,379,180610656000000,180610656000000,180610656000000,2026-09-05T07:04:09.401501+00:00,4491,14958066679400,1920,1200
directshow_index_1,376,180610718000000,180610718000000,180610718000000,2026-09-05T07:04:09.444268+00:00,,,640,480
daheng_sn_FDE23080341,380,180610750000000,180610750000000,180610750000000,2026-09-05T07:04:09.487839+00:00,4504,14958166581800,1920,1200
directshow_index_1,377,180610812000000,180610812000000,180610812000000,2026-09-05T07:04:09.535437+00:00,,,640,480
daheng_sn_FDE23080341,381,180610843000000,180610843000000,180610843000000,2026-09-05T07:04:09.581743+00:00,4516,14958258799400,1920,1200
directshow_index_1,378,180610906000000,180610906000000,180610906000000,2026-09-05T07:04:09.625495+00:00,,,640,480
daheng_sn_FDE23080341,382,180610937000000,180610937000000,180610937000000,2026-09-05T07:04:09.673945+00:00,4528,14958351017000,1920,1200
directshow_index_1,379,180611000000000,180611000000000,180611000000000,2026-09-05T07:04:09.721859+00:00,,,640,480
daheng_sn_FDE23080341,383,180611031000000,180611031000000,180611031000000,2026-09-05T07:04:09.768748+00:00,4540,14958443234600,1920,1200
directshow_index_1,380,180611093000000,180611093000000,180611093000000,2026-09-05T07:04:09.818350+00:00,,,640,480
daheng_sn_FDE23080341,384,180611125000000,180611125000000,180611125000000,2026-09-05T07:04:09.863105+00:00,4552,14958535452200,1920,1200
directshow_index_1,381,180611187000000,180611187000000,180611187000000,2026-09-05T07:04:09.910124+00:00,,,640,480
daheng_sn_FDE23080341,385,180611218000000,180611218000000,180611218000000,2026-09-05T07:04:09.958875+00:00,4565,14958635354600,1920,1200
directshow_index_1,382,180611281000000,180611281000000,180611281000000,2026-09-05T07:04:10.005414+00:00,,,640,480
daheng_sn_FDE23080341,386,180611312000000,180611312000000,180611312000000,2026-09-05T07:04:10.054949+00:00,4577,14958727572200,1920,1200
directshow_index_1,383,180611375000000,180611375000000,180611375000000,2026-09-05T07:04:10.095973+00:00,,,640,480
daheng_sn_FDE23080341,387,180611406000000,180611406000000,180611406000000,2026-09-05T07:04:10.146174+00:00,4589,14958819789800,1920,1200
directshow_index_1,384,180611468000000,180611468000000,180611468000000,2026-09-05T07:04:10.193468+00:00,,,640,480
daheng_sn_FDE23080341,388,180611500000000,180611500000000,180611500000000,2026-09-05T07:04:10.245924+00:00,4601,14958912007400,1920,1200
directshow_index_1,385,180611562000000,180611562000000,180611562000000,2026-09-05T07:04:10.285363+00:00,,,640,480
daheng_sn_FDE23080341,389,180611593000000,180611593000000,180611593000000,2026-09-05T07:04:10.339723+00:00,4614,14959011909800,1920,1200
directshow_index_1,386,180611656000000,180611656000000,180611656000000,2026-09-05T07:04:10.383326+00:00,,,640,480
daheng_sn_FDE23080341,390,180611687000000,180611687000000,180611687000000,2026-09-05T07:04:10.434349+00:00,4626,14959104127400,1920,1200
directshow_index_1,387,180611750000000,180611750000000,180611750000000,2026-09-05T07:04:10.473944+00:00,,,640,480
daheng_sn_FDE23080341,391,180611781000000,180611781000000,180611781000000,2026-09-05T07:04:10.524460+00:00,4638,14959196345000,1920,1200
directshow_index_1,388,180611843000000,180611843000000,180611843000000,2026-09-05T07:04:10.565937+00:00,,,640,480
daheng_sn_FDE23080341,392,180611875000000,180611875000000,180611875000000,2026-09-05T07:04:10.618010+00:00,4650,14959288562600,1920,1200
directshow_index_1,389,180611937000000,180611937000000,180611937000000,2026-09-05T07:04:10.656938+00:00,,,640,480
daheng_sn_FDE23080341,393,180611968000000,180611968000000,180611968000000,2026-09-05T07:04:10.712321+00:00,4662,14959380780200,1920,1200
directshow_index_1,390,180612031000000,180612031000000,180612031000000,2026-09-05T07:04:10.754208+00:00,,,640,480
daheng_sn_FDE23080341,394,180612062000000,180612062000000,180612062000000,2026-09-05T07:04:10.801318+00:00,4674,14959472997800,1920,1200
directshow_index_1,391,180612125000000,180612125000000,180612125000000,2026-09-05T07:04:10.849589+00:00,,,640,480
daheng_sn_FDE23080341,395,180612156000000,180612156000000,180612156000000,2026-09-05T07:04:10.898269+00:00,4687,14959572900200,1920,1200
directshow_index_1,392,180612218000000,180612218000000,180612218000000,2026-09-05T07:04:10.939241+00:00,,,640,480
daheng_sn_FDE23080341,396,180612250000000,180612250000000,180612250000000,2026-09-05T07:04:10.994725+00:00,4699,14959665117800,1920,1200
directshow_index_1,393,180612312000000,180612312000000,180612312000000,2026-09-05T07:04:11.034945+00:00,,,640,480
daheng_sn_FDE23080341,397,180612343000000,180612343000000,180612343000000,2026-09-05T07:04:11.086398+00:00,4711,14959757335400,1920,1200
directshow_index_1,394,180612406000000,180612406000000,180612406000000,2026-09-05T07:04:11.132550+00:00,,,640,480
daheng_sn_FDE23080341,398,180612437000000,180612437000000,180612437000000,2026-09-05T07:04:11.178811+00:00,4723,14959849553000,1920,1200
directshow_index_1,395,180612500000000,180612500000000,180612500000000,2026-09-05T07:04:11.222293+00:00,,,640,480
daheng_sn_FDE23080341,399,180612531000000,180612531000000,180612531000000,2026-09-05T07:04:11.274401+00:00,4736,14959949455400,1920,1200
directshow_index_1,396,180612593000000,180612593000000,180612593000000,2026-09-05T07:04:11.318280+00:00,,,640,480
daheng_sn_FDE23080341,400,180612625000000,180612625000000,180612625000000,2026-09-05T07:04:11.370308+00:00,4748,14960041673000,1920,1200
directshow_index_1,397,180612687000000,180612687000000,180612687000000,2026-09-05T07:04:11.408757+00:00,,,640,480
daheng_sn_FDE23080341,401,180612718000000,180612718000000,180612718000000,2026-09-05T07:04:11.459955+00:00,4760,14960133890600,1920,1200
directshow_index_1,398,180612781000000,180612781000000,180612781000000,2026-09-05T07:04:11.500456+00:00,,,640,480
daheng_sn_FDE23080341,402,180612812000000,180612812000000,180612812000000,2026-09-05T07:04:11.555163+00:00,4772,14960226108200,1920,1200
directshow_index_1,399,180612875000000,180612875000000,180612875000000,2026-09-05T07:04:11.594842+00:00,,,640,480
daheng_sn_FDE23080341,403,180612906000000,180612906000000,180612906000000,2026-09-05T07:04:11.651035+00:00,4784,14960318325800,1920,1200
directshow_index_1,400,180612968000000,180612968000000,180612968000000,2026-09-05T07:04:11.694081+00:00,,,640,480
daheng_sn_FDE23080341,404,180613000000000,180613000000000,180613000000000,2026-09-05T07:04:11.740389+00:00,4797,14960418228200,1920,1200
directshow_index_1,401,180613062000000,180613062000000,180613062000000,2026-09-05T07:04:11.784388+00:00,,,640,480
directshow_index_1,402,180613156000000,180613156000000,180613156000000,2026-09-05T07:04:11.882632+00:00,,,640,480
directshow_index_1,403,180613250000000,180613250000000,180613250000000,2026-09-05T07:04:11.974428+00:00,,,640,480
