sample_index,host_utc,read_start_monotonic_ns,read_end_monotonic_ns,elapsed_s,phase,segment_index,read_retry_count,j1_position_raw,j1_target_raw,j1_position_rad,j1_target_rad,j1_voltage_raw,j1_voltage_v,j1_temperature_c,j1_current_raw,j2_position_raw,j2_target_raw,j2_position_rad,j2_target_rad,j2_voltage_raw,j2_voltage_v,j2_temperature_c,j2_current_raw,j3_position_raw,j3_target_raw,j3_position_rad,j3_target_rad,j3_voltage_raw,j3_voltage_v,j3_temperature_c,j3_current_raw,j4_position_raw,j4_target_raw,j4_position_rad,j4_target_rad,j4_voltage_raw,j4_voltage_v,j4_temperature_c,j4_current_raw,j5_position_raw,j5_target_raw,j5_position_rad,j5_target_rad,j5_voltage_raw,j5_voltage_v,j5_temperature_c,j5_current_raw
0,2026-09-05T05:44:42.583781+00:00,175843828000000,175843859000000,0.031000000,start_alignment,-1,0,2089,2089,0.101242732000,0.101242732000,76,7.6,27,0,2641,2641,0.882038953034,0.882038953034,75,7.5,25,1,2606,2606,0.840621471761,0.840621471761,76,7.6,27,1,2724,2724,0.994019550550,0.994019550550,75,7.5,27,0,2074,2074,0.012271846303,0.012271846303,75,7.5,26,0
1,2026-09-05T05:44:42.643437+00:00,175843890000000,175843921000000,0.093000000,start_alignment,-1,0,2089,2089,0.101242732000,0.101242732000,76,7.6,27,0,2641,2640,0.882038953034,0.880504972246,75,7.5,25,0,2606,2606,0.840621471761,0.840621471761,76,7.6,27,0,2724,2725,0.994019550550,0.995553531338,75,7.5,27,1,2074,2075,0.012271846303,0.013805827091,76,7.6,26,0
2,2026-09-05T05:44:42.693001+00:00,175843937000000,175843968000000,0.140000000,start_alignment,-1,0,2089,2088,0.101242732000,0.099708751213,76,7.6,27,0,2641,2639,0.882038953034,0.878970991458,75,7.5,25,0,2606,2607,0.840621471761,0.842155452549,76,7.6,27,0,2724,2725,0.994019550550,0.995553531338,75,7.5,27,0,2074,2075,0.012271846303,0.013805827091,75,7.5,26,0
3,2026-09-05T05:44:42.740033+00:00,175843984000000,175844015000000,0.187000000,start_alignment,-1,0,2089,2088,0.101242732000,0.099708751213,76,7.6,27,0,2641,2638,0.882038953034,0.877437010671,75,7.5,25,1,2606,2607,0.840621471761,0.842155452549,76,7.6,27,0,2724,2726,0.994019550550,0.997087512126,75,7.5,27,1,2074,2076,0.012271846303,0.015339807879,76,7.6,26,0
4,2026-09-05T05:44:42.805792+00:00,175844031000000,175844078000000,0.250000000,online_inference,0,0,2089,2088,0.101242732000,0.099708751213,76,7.6,27,0,2641,2637,0.882038953034,0.875903029883,75,7.5,25,1,2606,2607,0.840621471761,0.842155452549,76,7.6,27,0,2724,2726,0.994019550550,0.997087512126,75,7.5,27,1,2074,2076,0.012271846303,0.015339807879,76,7.6,26,0
5,2026-09-05T05:44:42.860728+00:00,175844093000000,175844140000000,0.312000000,online_inference,0,0,2089,2088,0.101242732000,0.099708751213,76,7.6,27,0,2641,2637,0.882038953034,0.875903029883,75,7.5,25,0,2606,2607,0.840621471761,0.842155452549,76,7.6,27,0,2724,2726,0.994019550550,0.997087512126,75,7.5,27,0,2074,2076,0.012271846303,0.015339807879,75,7.5,26,1
6,2026-09-05T05:44:42.924026+00:00,175844156000000,175844203000000,0.375000000,online_inference,0,0,2089,2088,0.101242732000,0.099708751213,76,7.6,27,0,2641,2637,0.882038953034,0.875903029883,75,7.5,25,0,2606,2607,0.840621471761,0.842155452549,76,7.6,27,0,2724,2726,0.994019550550,0.997087512126,75,7.5,27,1,2074,2076,0.012271846303,0.015339807879,75,7.5,26,0
7,2026-09-05T05:44:42.978529+00:00,175844218000000,175844250000000,0.422000000,online_inference,0,0,2089,2088,0.101242732000,0.099708751213,76,7.6,27,0,2641,2637,0.882038953034,0.875903029883,75,7.5,25,1,2606,2607,0.840621471761,0.842155452549,76,7.6,27,0,2724,2726,0.994019550550,0.997087512126,75,7.5,27,1,2074,2076,0.012271846303,0.015339807879,75,7.5,26,0
8,2026-09-05T05:44:43.026713+00:00,175844265000000,175844296000000,0.468000000,online_inference,0,0,2089,2088,0.101242732000,0.099708751213,76,7.6,27,0,2641,2637,0.882038953034,0.875903029883,75,7.5,25,1,2606,2607,0.840621471761,0.842155452549,76,7.6,27,0,2724,2726,0.994019550550,0.997087512126,75,7.5,27,0,2074,2076,0.012271846303,0.015339807879,76,7.6,26,1
9,2026-09-05T05:44:43.070861+00:00,175844312000000,175844343000000,0.515000000,online_inference,0,0,2089,2088,0.101242732000,0.099708751213,76,7.6,27,0,2641,2637,0.882038953034,0.875903029883,75,7.5,25,0,2606,2607,0.840621471761,0.842155452549,76,7.6,27,0,2724,2726,0.994019550550,0.997087512126,75,7.5,27,0,2074,2076,0.012271846303,0.015339807879,76,7.6,26,1
10,2026-09-05T05:44:43.116833+00:00,175844359000000,175844390000000,0.562000000,online_inference,0,0,2089,2088,0.101242732000,0.099708751213,76,7.6,27,0,2641,2637,0.882038953034,0.875903029883,75,7.5,25,1,2606,2607,0.840621471761,0.842155452549,76,7.6,27,0,2724,2726,0.994019550550,0.997087512126,75,7.5,27,1,2074,2076,0.012271846303,0.015339807879,76,7.6,26,0
11,2026-09-05T05:44:43.162273+00:00,175844406000000,175844437000000,0.609000000,online_inference,0,0,2089,2088,0.101242732000,0.099708751213,76,7.6,27,0,2641,2637,0.882038953034,0.875903029883,75,7.5,25,0,2606,2607,0.840621471761,0.842155452549,76,7.6,27,0,2724,2726,0.994019550550,0.997087512126,75,7.5,27,0,2074,2076,0.012271846303,0.015339807879,76,7.6,26,1
12,2026-09-05T05:44:43.228650+00:00,175844468000000,175844500000000,0.672000000,online_inference,0,0,2089,2088,0.101242732000,0.099708751213,76,7.6,27,0,2641,2637,0.882038953034,0.875903029883,75,7.5,25,1,2606,2607,0.840621471761,0.842155452549,76,7.6,27,0,2724,2726,0.994019550550,0.997087512126,75,7.5,27,1,2074,2076,0.012271846303,0.015339807879,75,7.5,26,0
13,2026-09-05T05:44:43.271158+00:00,175844515000000,175844546000000,0.718000000,online_inference,0,0,2089,2088,0.101242732000,0.099708751213,76,7.6,27,0,2641,2637,0.882038953034,0.875903029883,75,7.5,25,0,2606,2607,0.840621471761,0.842155452549,76,7.6,27,0,2724,2726,0.994019550550,0.997087512126,75,7.5,27,1,2074,2076,0.012271846303,0.015339807879,75,7.5,26,1
14,2026-09-05T05:44:43.323480+00:00,175844562000000,175844593000000,0.765000000,online_inference,0,0,2089,2088,0.101242732000,0.099708751213,76,7.6,27,0,2641,2637,0.882038953034,0.875903029883,75,7.5,25,1,2606,2607,0.840621471761,0.842155452549,76,7.6,27,0,2724,2726,0.994019550550,0.997087512126,75,7.5,27,1,2074,2076,0.012271846303,0.015339807879,75,7.5,26,0
15,2026-09-05T05:44:43.373322+00:00,175844609000000,175844640000000,0.812000000,online_inference,0,0,2089,2088,0.101242732000,0.099708751213,76,7.6,27,0,2641,2637,0.882038953034,0.875903029883,75,7.5,25,1,2606,2607,0.840621471761,0.842155452549,76,7.6,27,0,2724,2726,0.994019550550,0.997087512126,75,7.5,27,0,2074,2076,0.012271846303,0.015339807879,75,7.5,26,1
16,2026-09-05T05:44:43.425220+00:00,175844671000000,175844703000000,0.875000000,online_inference,0,0,2089,2088,0.101242732000,0.099708751213,76,7.6,27,0,2641,2637,0.882038953034,0.875903029883,75,7.5,25,1,2606,2607,0.840621471761,0.842155452549,76,7.6,27,0,2724,2726,0.994019550550,0.997087512126,75,7.5,27,1,2074,2076,0.012271846303,0.015339807879,76,7.6,26,1
17,2026-09-05T05:44:43.482722+00:00,175844718000000,175844750000000,0.922000000,online_inference,0,0,2089,2088,0.101242732000,0.099708751213,76,7.6,27,0,2641,2637,0.882038953034,0.875903029883,75,7.5,25,0,2606,2607,0.840621471761,0.842155452549,76,7.6,27,0,2724,2726,0.994019550550,0.997087512126,75,7.5,27,1,2074,2076,0.012271846303,0.015339807879,76,7.6,26,0
18,2026-09-05T05:44:43.527026+00:00,175844765000000,175844796000000,0.968000000,online_inference,0,0,2089,2088,0.101242732000,0.099708751213,76,7.6,27,0,2641,2637,0.882038953034,0.875903029883,75,7.5,25,1,2606,2607,0.840621471761,0.842155452549,76,7.6,27,0,2724,2726,0.994019550550,0.997087512126,75,7.5,27,0,2074,2076,0.012271846303,0.015339807879,75,7.5,26,1
19,2026-09-05T05:44:43.580562+00:00,175844812000000,175844859000000,1.031000000,online_inference,0,0,2089,2088,0.101242732000,0.099708751213,76,7.6,27,0,2641,2637,0.882038953034,0.875903029883,75,7.5,26,1,2606,2607,0.840621471761,0.842155452549,76,7.6,27,0,2724,2726,0.994019550550,0.997087512126,75,7.5,27,1,2074,2076,0.012271846303,0.015339807879,75,7.5,26,0
20,2026-09-05T05:44:43.629144+00:00,175844875000000,175844906000000,1.078000000,online_inference,0,0,2089,2088,0.101242732000,0.099708751213,76,7.6,27,0,2641,2637,0.882038953034,0.875903029883,75,7.5,25,1,2606,2607,0.840621471761,0.842155452549,76,7.6,27,0,2724,2726,0.994019550550,0.997087512126,75,7.5,27,0,2074,2076,0.012271846303,0.015339807879,76,7.6,26,1
21,2026-09-05T05:44:43.681928+00:00,175844921000000,175844953000000,1.125000000,online_inference,0,0,2089,2088,0.101242732000,0.099708751213,76,7.6,27,0,2641,2637,0.882038953034,0.875903029883,75,7.5,25,1,2606,2607,0.840621471761,0.842155452549,76,7.6,27,0,2724,2726,0.994019550550,0.997087512126,75,7.5,27,0,2074,2076,0.012271846303,0.015339807879,76,7.6,26,1
22,2026-09-05T05:44:43.728097+00:00,175844968000000,175845000000000,1.172000000,online_inference,0,0,2089,2088,0.101242732000,0.099708751213,76,7.6,27,0,2641,2637,0.882038953034,0.875903029883,75,7.5,25,1,2606,2607,0.840621471761,0.842155452549,76,7.6,27,0,2724,2726,0.994019550550,0.997087512126,75,7.5,27,1,2074,2076,0.012271846303,0.015339807879,76,7.6,26,0
23,2026-09-05T05:44:43.782117+00:00,175845015000000,175845062000000,1.234000000,online_inference,0,0,2089,2088,0.101242732000,0.099708751213,76,7.6,27,0,2641,2637,0.882038953034,0.875903029883,75,7.5,25,1,2606,2607,0.840621471761,0.842155452549,76,7.6,27,0,2724,2726,0.994019550550,0.997087512126,75,7.5,27,0,2074,2076,0.012271846303,0.015339807879,75,7.5,26,1
24,2026-09-05T05:44:43.833658+00:00,175845078000000,175845109000000,1.281000000,online_inference,0,0,2089,2088,0.101242732000,0.099708751213,76,7.6,27,0,2641,2637,0.882038953034,0.875903029883,75,7.5,25,0,2606,2607,0.840621471761,0.842155452549,76,7.6,27,0,2724,2726,0.994019550550,0.997087512126,75,7.5,27,1,2074,2076,0.012271846303,0.015339807879,75,7.5,26,1
25,2026-09-05T05:44:43.886081+00:00,175845125000000,175845156000000,1.328000000,online_inference,0,0,2089,2088,0.101242732000,0.099708751213,76,7.6,27,0,2641,2637,0.882038953034,0.875903029883,75,7.5,25,1,2606,2607,0.840621471761,0.842155452549,76,7.6,27,0,2724,2726,0.994019550550,0.997087512126,75,7.5,27,0,2074,2076,0.012271846303,0.015339807879,76,7.6,26,0
26,2026-09-05T05:44:43.932396+00:00,175845171000000,175845203000000,1.375000000,online_inference,0,0,2089,2088,0.101242732000,0.099708751213,76,7.6,27,0,2641,2637,0.882038953034,0.875903029883,75,7.5,25,1,2606,2607,0.840621471761,0.842155452549,76,7.6,27,0,2724,2726,0.994019550550,0.997087512126,75,7.5,27,1,2074,2076,0.012271846303,0.015339807879,76,7.6,26,0
27,2026-09-05T05:44:43.983982+00:00,175845218000000,175845265000000,1.437000000,online_inference,0,0,2089,2088,0.101242732000,0.099708751213,76,7.6,27,0,2641,2637,0.882038953034,0.875903029883,75,7.5,25,1,2606,2607,0.840621471761,0.842155452549,76,7.6,27,0,2724,2726,0.994019550550,0.997087512126,75,7.5,27,0,2074,2076,0.012271846303,0.015339807879,76,7.6,26,0
28,2026-09-05T05:44:44.041525+00:00,175845281000000,175845312000000,1.484000000,online_inference,0,0,2089,2088,0.101242732000,0.099708751213,76,7.6,27,0,2641,2637,0.882038953034,0.875903029883,75,7.5,25,1,2606,2607,0.840621471761,0.842155452549,76,7.6,27,0,2724,2726,0.994019550550,0.997087512126,75,7.5,27,1,2074,2076,0.012271846303,0.015339807879,75,7.5,26,1
29,2026-09-05T05:44:44.083895+00:00,175845328000000,175845359000000,1.531000000,online_inference,0,0,2089,2088,0.101242732000,0.099708751213,76,7.6,27,0,2641,2637,0.882038953034,0.875903029883,75,7.5,25,1,2606,2607,0.840621471761,0.842155452549,76,7.6,27,0,2724,2726,0.994019550550,0.997087512126,75,7.5,27,0,2074,2076,0.012271846303,0.015339807879,76,7.6,26,1
30,2026-09-05T05:44:44.139804+00:00,175845375000000,175845421000000,1.593000000,online_inference,0,0,2089,2088,0.101242732000,0.099708751213,76,7.6,27,0,2641,2637,0.882038953034,0.875903029883,75,7.5,25,0,2606,2607,0.840621471761,0.842155452549,76,7.6,27,0,2724,2726,0.994019550550,0.997087512126,75,7.5,27,0,2074,2076,0.012271846303,0.015339807879,76,7.6,26,0
31,2026-09-05T05:44:44.193349+00:00,175845437000000,175845468000000,1.640000000,online_inference,0,0,2089,2088,0.101242732000,0.099708751213,76,7.6,27,0,2641,2637,0.882038953034,0.875903029883,75,7.5,25,1,2606,2607,0.840621471761,0.842155452549,76,7.6,27,0,2724,2726,0.994019550550,0.997087512126,75,7.5,27,0,2074,2076,0.012271846303,0.015339807879,75,7.5,26,1
32,2026-09-05T05:44:44.247277+00:00,175845484000000,175845515000000,1.687000000,online_inference,0,0,2089,2088,0.101242732000,0.099708751213,76,7.6,27,0,2641,2637,0.882038953034,0.875903029883,75,7.5,25,0,2606,2607,0.840621471761,0.842155452549,76,7.6,27,0,2724,2726,0.994019550550,0.997087512126,75,7.5,27,0,2074,2076,0.012271846303,0.015339807879,75,7.5,26,1
33,2026-09-05T05:44:44.291491+00:00,175845531000000,175845562000000,1.734000000,online_inference,0,0,2089,2088,0.101242732000,0.099708751213,76,7.6,27,0,2641,2637,0.882038953034,0.875903029883,75,7.5,25,1,2606,2607,0.840621471761,0.842155452549,76,7.6,27,0,2724,2726,0.994019550550,0.997087512126,75,7.5,27,1,2074,2076,0.012271846303,0.015339807879,75,7.5,26,0
34,2026-09-05T05:44:44.356972+00:00,175845593000000,175845625000000,1.797000000,online_inference,0,0,2089,2088,0.101242732000,0.099708751213,76,7.6,27,0,2641,2637,0.882038953034,0.875903029883,75,7.5,25,1,2606,2607,0.840621471761,0.842155452549,76,7.6,27,0,2724,2726,0.994019550550,0.997087512126,75,7.5,27,0,2074,2076,0.012271846303,0.015339807879,64,6.4,26,0
35,2026-09-05T05:44:44.396169+00:00,175845640000000,175845671000000,1.843000000,online_inference,0,0,2089,2088,0.101242732000,0.099708751213,76,7.6,27,0,2641,2637,0.882038953034,0.875903029883,75,7.5,25,0,2606,2607,0.840621471761,0.842155452549,76,7.6,27,0,2724,2726,0.994019550550,0.997087512126,75,7.5,27,0,2074,2076,0.012271846303,0.015339807879,76,7.6,26,1
36,2026-09-05T05:44:44.450508+00:00,175845687000000,175845718000000,1.890000000,online_inference,0,0,2089,2088,0.101242732000,0.099708751213,76,7.6,27,0,2641,2637,0.882038953034,0.875903029883,75,7.5,25,1,2606,2607,0.840621471761,0.842155452549,76,7.6,27,0,2724,2726,0.994019550550,0.997087512126,75,7.5,27,1,2074,2076,0.012271846303,0.015339807879,75,7.5,26,0
37,2026-09-05T05:44:44.493149+00:00,175845734000000,175845765000000,1.937000000,online_inference,0,0,2089,2088,0.101242732000,0.099708751213,76,7.6,27,0,2641,2637,0.882038953034,0.875903029883,75,7.5,25,1,2606,2607,0.840621471761,0.842155452549,76,7.6,27,0,2724,2726,0.994019550550,0.997087512126,75,7.5,27,0,2074,2076,0.012271846303,0.015339807879,76,7.6,26,0
38,2026-09-05T05:44:44.544857+00:00,175845781000000,175845812000000,1.984000000,online_inference,0,0,2089,2088,0.101242732000,0.099708751213,76,7.6,27,0,2641,2637,0.882038953034,0.875903029883,75,7.5,25,1,2606,2607,0.840621471761,0.842155452549,76,7.6,27,0,2724,2726,0.994019550550,0.997087512126,75,7.5,27,0,2074,2076,0.012271846303,0.015339807879,76,7.6,26,1
39,2026-09-05T05:44:44.595760+00:00,175845843000000,175845875000000,2.047000000,online_inference,0,0,2089,2088,0.101242732000,0.099708751213,76,7.6,27,0,2641,2637,0.882038953034,0.875903029883,75,7.5,25,1,2606,2607,0.840621471761,0.842155452549,76,7.6,27,0,2724,2726,0.994019550550,0.997087512126,75,7.5,27,0,2074,2076,0.012271846303,0.015339807879,75,7.5,26,0
40,2026-09-05T05:44:44.643189+00:00,175845890000000,175845921000000,2.093000000,online_inference,0,0,2089,2088,0.101242732000,0.099708751213,76,7.6,27,0,2641,2637,0.882038953034,0.875903029883,75,7.5,25,1,2606,2607,0.840621471761,0.842155452549,76,7.6,27,0,2724,2726,0.994019550550,0.997087512126,75,7.5,27,0,2074,2076,0.012271846303,0.015339807879,76,7.6,26,1
41,2026-09-05T05:44:44.697016+00:00,175845937000000,175845968000000,2.140000000,online_inference,0,0,2089,2088,0.101242732000,0.099708751213,76,7.6,27,0,2641,2637,0.882038953034,0.875903029883,75,7.5,25,0,2606,2607,0.840621471761,0.842155452549,76,7.6,27,0,2724,2726,0.994019550550,0.997087512126,75,7.5,27,1,2074,2076,0.012271846303,0.015339807879,75,7.5,26,1
42,2026-09-05T05:44:44.743376+00:00,175845984000000,175846015000000,2.187000000,online_inference,0,0,2089,2088,0.101242732000,0.099708751213,76,7.6,27,0,2641,2637,0.882038953034,0.875903029883,75,7.5,25,1,2606,2607,0.840621471761,0.842155452549,76,7.6,27,0,2724,2726,0.994019550550,0.997087512126,75,7.5,27,0,2074,2076,0.012271846303,0.015339807879,75,7.5,26,0
43,2026-09-05T05:44:44.794053+00:00,175846031000000,175846062000000,2.234000000,online_inference,0,0,2089,2088,0.101242732000,0.099708751213,76,7.6,27,0,2641,2637,0.882038953034,0.875903029883,75,7.5,25,1,2606,2607,0.840621471761,0.842155452549,76,7.6,27,0,2724,2726,0.994019550550,0.997087512126,75,7.5,27,0,2074,2076,0.012271846303,0.015339807879,75,7.5,26,1
44,2026-09-05T05:44:44.860313+00:00,175846093000000,175846140000000,2.312000000,online_inference,0,0,2089,2088,0.101242732000,0.099708751213,76,7.6,27,0,2641,2637,0.882038953034,0.875903029883,75,7.5,25,0,2606,2607,0.840621471761,0.842155452549,76,7.6,27,0,2724,2726,0.994019550550,0.997087512126,75,7.5,27,1,2074,2076,0.012271846303,0.015339807879,76,7.6,26,0
45,2026-09-05T05:44:44.913829+00:00,175846156000000,175846187000000,2.359000000,online_inference,0,0,2089,2088,0.101242732000,0.099708751213,76,7.6,27,0,2641,2637,0.882038953034,0.875903029883,75,7.5,25,0,2606,2607,0.840621471761,0.842155452549,76,7.6,27,0,2724,2726,0.994019550550,0.997087512126,75,7.5,27,0,2074,2076,0.012271846303,0.015339807879,76,7.6,26,1
46,2026-09-05T05:44:44.957745+00:00,175846203000000,175846234000000,2.406000000,online_inference,0,0,2089,2088,0.101242732000,0.099708751213,76,7.6,27,0,2641,2637,0.882038953034,0.875903029883,75,7.5,25,1,2606,2607,0.840621471761,0.842155452549,76,7.6,27,0,2724,2726,0.994019550550,0.997087512126,75,7.5,27,1,2074,2076,0.012271846303,0.015339807879,75,7.5,26,1
47,2026-09-05T05:44:45.011839+00:00,175846250000000,175846281000000,2.453000000,online_inference,0,0,2089,2088,0.101242732000,0.099708751213,76,7.6,27,0,2641,2637,0.882038953034,0.875903029883,75,7.5,25,0,2606,2607,0.840621471761,0.842155452549,76,7.6,27,0,2724,2726,0.994019550550,0.997087512126,75,7.5,27,1,2074,2076,0.012271846303,0.015339807879,75,7.5,26,1
48,2026-09-05T05:44:45.054500+00:00,175846296000000,175846328000000,2.500000000,online_inference,0,0,2089,2088,0.101242732000,0.099708751213,76,7.6,27,0,2641,2637,0.882038953034,0.875903029883,75,7.5,25,0,2606,2607,0.840621471761,0.842155452549,76,7.6,27,0,2724,2726,0.994019550550,0.997087512126,75,7.5,27,1,2074,2076,0.012271846303,0.015339807879,76,7.6,26,1
49,2026-09-05T05:44:45.106542+00:00,175846343000000,175846375000000,2.547000000,online_inference,0,0,2089,2088,0.101242732000,0.099708751213,76,7.6,27,0,2641,2637,0.882038953034,0.875903029883,75,7.5,25,1,2606,2607,0.840621471761,0.842155452549,76,7.6,27,0,2724,2726,0.994019550550,0.997087512126,75,7.5,27,0,2074,2076,0.012271846303,0.015339807879,76,7.6,26,0
50,2026-09-05T05:44:45.161084+00:00,175846406000000,175846437000000,2.609000000,online_inference,0,0,2089,2088,0.101242732000,0.099708751213,76,7.6,27,0,2641,2637,0.882038953034,0.875903029883,75,7.5,25,1,2606,2607,0.840621471761,0.842155452549,76,7.6,27,0,2724,2726,0.994019550550,0.997087512126,75,7.5,27,1,2074,2076,0.012271846303,0.015339807879,76,7.6,26,0
51,2026-09-05T05:44:45.208816+00:00,175846453000000,175846484000000,2.656000000,online_inference,0,0,2089,2088,0.101242732000,0.099708751213,76,7.6,27,0,2641,2637,0.882038953034,0.875903029883,75,7.5,25,1,2606,2607,0.840621471761,0.842155452549,76,7.6,27,0,2724,2726,0.994019550550,0.997087512126,75,7.5,27,0,2074,2076,0.012271846303,0.015339807879,75,7.5,26,1
52,2026-09-05T05:44:45.260241+00:00,175846500000000,175846531000000,2.703000000,online_inference,0,0,2089,2088,0.101242732000,0.099708751213,76,7.6,27,0,2641,2637,0.882038953034,0.875903029883,75,7.5,25,1,2606,2607,0.840621471761,0.842155452549,76,7.6,27,0,2724,2726,0.994019550550,0.997087512126,75,7.5,27,1,2074,2076,0.012271846303,0.015339807879,76,7.6,26,1
53,2026-09-05T05:44:45.303034+00:00,175846546000000,175846578000000,2.750000000,online_inference,0,0,2089,2088,0.101242732000,0.099708751213,76,7.6,27,0,2641,2637,0.882038953034,0.875903029883,75,7.5,25,1,2606,2607,0.840621471761,0.842155452549,76,7.6,27,0,2724,2726,0.994019550550,0.997087512126,75,7.5,27,0,2074,2076,0.012271846303,0.015339807879,76,7.6,26,1
54,2026-09-05T05:44:45.360488+00:00,175846609000000,175846640000000,2.812000000,online_archive,0,0,2089,2088,0.101242732000,0.099708751213,76,7.6,27,0,2641,2637,0.882038953034,0.875903029883,75,7.5,25,0,2606,2607,0.840621471761,0.842155452549,76,7.6,27,0,2724,2726,0.994019550550,0.997087512126,75,7.5,27,1,2074,2076,0.012271846303,0.015339807879,75,7.5,26,1
55,2026-09-05T05:44:45.402064+00:00,175846656000000,175846671000000,2.843000000,online_archive,0,0,2089,2088,0.101242732000,0.099708751213,76,7.6,27,0,2641,2637,0.882038953034,0.875903029883,75,7.5,25,1,2606,2607,0.840621471761,0.842155452549,76,7.6,27,0,2724,2726,0.994019550550,0.997087512126,75,7.5,27,1,2074,2076,0.012271846303,0.015339807879,76,7.6,26,0
56,2026-09-05T05:44:45.467746+00:00,175846703000000,175846750000000,2.922000000,fixed_trajectory,0,0,2089,2088,0.101242732000,0.099708751213,76,7.6,27,0,2641,2637,0.882038953034,0.875903029883,75,7.5,25,0,2606,2607,0.840621471761,0.842155452549,76,7.6,27,0,2724,2726,0.994019550550,0.997087512126,75,7.5,27,1,2074,2076,0.012271846303,0.015339807879,76,7.6,26,1
57,2026-09-05T05:44:45.512889+00:00,175846765000000,175846781000000,2.953000000,fixed_trajectory,0,0,2089,2088,0.101242732000,0.099708751213,76,7.6,27,0,2641,2638,0.882038953034,0.877437010671,75,7.5,25,0,2606,2607,0.840621471761,0.842155452549,76,7.6,27,0,2724,2725,0.994019550550,0.995553531338,75,7.5,27,0,2074,2076,0.012271846303,0.015339807879,76,7.6,26,1
58,2026-09-05T05:44:45.568121+00:00,175846812000000,175846843000000,3.015000000,fixed_trajectory,0,0,2089,2088,0.101242732000,0.099708751213,76,7.6,27,0,2641,2638,0.882038953034,0.877437010671,75,7.5,25,1,2606,2606,0.840621471761,0.840621471761,76,7.6,27,0,2724,2724,0.994019550550,0.994019550550,75,7.5,27,0,2074,2075,0.012271846303,0.013805827091,76,7.6,26,0
59,2026-09-05T05:44:45.607758+00:00,175846859000000,175846875000000,3.047000000,fixed_trajectory,0,0,2089,2088,0.101242732000,0.099708751213,76,7.6,27,0,2641,2639,0.882038953034,0.878970991458,75,7.5,25,0,2606,2606,0.840621471761,0.840621471761,76,7.6,27,0,2724,2723,0.994019550550,0.992485569762,75,7.5,27,0,2074,2075,0.012271846303,0.013805827091,76,7.6,26,1
60,2026-09-05T05:44:45.665434+00:00,175846906000000,175846937000000,3.109000000,fixed_trajectory,0,0,2089,2088,0.101242732000,0.099708751213,76,7.6,27,0,2641,2639,0.882038953034,0.878970991458,75,7.5,25,0,2606,2605,0.840621471761,0.839087490973,76,7.6,27,0,2724,2722,0.994019550550,0.990951588974,75,7.5,27,1,2074,2074,0.012271846303,0.012271846303,75,7.5,26,0
61,2026-09-05T05:44:45.713329+00:00,175846953000000,175846984000000,3.156000000,fixed_trajectory,0,0,2089,2088,0.101242732000,0.099708751213,76,7.6,27,0,2641,2640,0.882038953034,0.880504972246,75,7.5,25,0,2606,2605,0.840621471761,0.839087490973,76,7.6,27,0,2724,2721,0.994019550550,0.989417608186,75,7.5,27,1,2074,2074,0.012271846303,0.012271846303,76,7.6,26,0
62,2026-09-05T05:44:45.764258+00:00,175847015000000,175847046000000,3.218000000,fixed_trajectory,0,0,2089,2088,0.101242732000,0.099708751213,76,7.6,27,0,2641,2641,0.882038953034,0.882038953034,75,7.5,25,0,2606,2604,0.840621471761,0.837553510186,76,7.6,27,0,2724,2720,0.994019550550,0.987883627398,75,7.5,27,1,2074,2073,0.012271846303,0.010737865515,75,7.5,26,0
63,2026-09-05T05:44:45.814847+00:00,175847062000000,175847093000000,3.265000000,fixed_trajectory,0,0,2089,2088,0.101242732000,0.099708751213,76,7.6,27,0,2641,2641,0.882038953034,0.882038953034,75,7.5,25,0,2606,2604,0.840621471761,0.837553510186,76,7.6,27,1,2724,2719,0.994019550550,0.986349646610,75,7.5,27,1,2074,2073,0.012271846303,0.010737865515,75,7.5,26,0
64,2026-09-05T05:44:45.876693+00:00,175847125000000,175847156000000,3.328000000,fixed_trajectory,0,0,2089,2088,0.101242732000,0.099708751213,76,7.6,27,0,2641,2642,0.882038953034,0.883572933822,75,7.5,25,0,2606,2603,0.840621471761,0.836019529398,76,7.6,27,0,2724,2718,0.994019550550,0.984815665823,75,7.5,27,1,2074,2072,0.012271846303,0.009203884727,75,7.5,26,1
65,2026-09-05T05:44:45.921342+00:00,175847171000000,175847203000000,3.375000000,fixed_trajectory,0,0,2089,2088,0.101242732000,0.099708751213,76,7.6,27,0,2641,2643,0.882038953034,0.885106914610,75,7.5,25,1,2606,2603,0.840621471761,0.836019529398,76,7.6,27,1,2724,2717,0.994019550550,0.983281685035,75,7.5,27,1,2074,2072,0.012271846303,0.009203884727,75,7.5,26,1
66,2026-09-05T05:44:45.971770+00:00,175847218000000,175847250000000,3.422000000,fixed_trajectory,0,0,2089,2088,0.101242732000,0.099708751213,76,7.6,27,0,2641,2643,0.882038953034,0.885106914610,75,7.5,25,1,2606,2602,0.840621471761,0.834485548610,76,7.6,27,1,2724,2716,0.994019550550,0.981747704247,75,7.5,27,1,2074,2071,0.012271846303,0.007669903939,75,7.5,26,1
67,2026-09-05T05:44:46.024954+00:00,175847265000000,175847296000000,3.468000000,fixed_trajectory,0,0,2089,2088,0.101242732000,0.099708751213,76,7.6,27,0,2641,2644,0.882038953034,0.886640895398,75,7.5,25,1,2606,2602,0.840621471761,0.834485548610,76,7.6,27,0,2724,2715,0.994019550550,0.980213723459,75,7.5,27,2,2074,2071,0.012271846303,0.007669903939,75,7.5,26,0
68,2026-09-05T05:44:46.066055+00:00,175847312000000,175847343000000,3.515000000,fixed_trajectory,0,0,2089,2088,0.101242732000,0.099708751213,76,7.6,27,0,2641,2644,0.882038953034,0.886640895398,75,7.5,25,1,2606,2601,0.840621471761,0.832951567822,76,7.6,27,1,2724,2714,0.994019550550,0.978679742671,75,7.5,27,2,2074,2070,0.012271846303,0.006135923152,76,7.6,26,1
69,2026-09-05T05:44:46.112774+00:00,175847359000000,175847390000000,3.562000000,fixed_trajectory,0,0,2089,2088,0.101242732000,0.099708751213,76,7.6,27,0,2641,2645,0.882038953034,0.888174876186,75,7.5,25,1,2606,2601,0.840621471761,0.832951567822,76,7.6,27,1,2722,2713,0.990951588974,0.977145761883,75,7.5,27,1,2074,2070,0.012271846303,0.006135923152,76,7.6,26,1
70,2026-09-05T05:44:46.172579+00:00,175847421000000,175847453000000,3.625000000,fixed_trajectory,0,0,2089,2088,0.101242732000,0.099708751213,76,7.6,27,0,2640,2646,0.880504972246,0.889708856974,75,7.5,25,1,2606,2600,0.840621471761,0.831417587034,76,7.6,27,1,2719,2712,0.986349646610,0.975611781095,75,7.5,27,1,2073,2069,0.010737865515,0.004601942364,75,7.5,26,1
71,2026-09-05T05:44:46.222624+00:00,175847468000000,175847500000000,3.672000000,fixed_trajectory,0,0,2089,2088,0.101242732000,0.099708751213,76,7.6,27,0,2640,2646,0.880504972246,0.889708856974,75,7.5,25,1,2606,2600,0.840621471761,0.831417587034,75,7.5,27,1,2719,2711,0.986349646610,0.974077800307,75,7.5,27,1,2073,2069,0.010737865515,0.004601942364,75,7.5,26,0
72,2026-09-05T05:44:46.267677+00:00,175847515000000,175847546000000,3.718000000,fixed_trajectory,0,0,2089,2088,0.101242732000,0.099708751213,76,7.6,27,0,2640,2647,0.880504972246,0.891242837762,75,7.5,25,1,2606,2599,0.840621471761,0.829883606246,76,7.6,27,1,2719,2710,0.986349646610,0.972543819519,75,7.5,27,1,2073,2068,0.010737865515,0.003067961576,75,7.5,26,1
73,2026-09-05T05:44:46.322212+00:00,175847562000000,175847593000000,3.765000000,fixed_trajectory,0,0,2089,2088,0.101242732000,0.099708751213,76,7.6,27,0,2640,2648,0.880504972246,0.892776818549,75,7.5,25,1,2606,2599,0.840621471761,0.829883606246,76,7.6,27,1,2719,2709,0.986349646610,0.971009838732,75,7.5,27,2,2073,2068,0.010737865515,0.003067961576,75,7.5,26,1
74,2026-09-05T05:44:46.491774+00:00,175847734000000,175847765000000,3.937000000,fixed_trajectory,0,0,2089,2088,0.101242732000,0.099708751213,76,7.6,27,0,2641,2648,0.882038953034,0.892776818549,75,7.5,25,1,2603,2598,0.836019529398,0.828349625458,76,7.6,27,1,2719,2708,0.986349646610,0.969475857944,75,7.5,27,1,2073,2067,0.010737865515,0.001533980788,75,7.5,26,1
75,2026-09-05T05:44:46.529326+00:00,175847781000000,175847796000000,3.968000000,fixed_trajectory,0,0,2089,2088,0.101242732000,0.099708751213,76,7.6,27,0,2641,2649,0.882038953034,0.894310799337,75,7.5,25,1,2603,2598,0.836019529398,0.828349625458,76,7.6,27,0,2719,2707,0.986349646610,0.967941877156,75,7.5,27,2,2073,2067,0.010737865515,0.001533980788,75,7.5,26,1
76,2026-09-05T05:44:46.578823+00:00,175847828000000,175847859000000,4.031000000,fixed_trajectory,0,0,2089,2088,0.101242732000,0.099708751213,76,7.6,27,0,2641,2649,0.882038953034,0.894310799337,75,7.5,25,1,2603,2597,0.836019529398,0.826815644670,76,7.6,27,1,2719,2706,0.986349646610,0.966407896368,75,7.5,27,2,2073,2066,0.010737865515,0.000000000000,75,7.5,26,1
77,2026-09-05T05:44:46.624385+00:00,175847875000000,175847906000000,4.078000000,fixed_trajectory,0,0,2089,2088,0.101242732000,0.099708751213,76,7.6,27,0,2641,2650,0.882038953034,0.895844780125,75,7.5,25,2,2603,2597,0.836019529398,0.826815644670,76,7.6,27,1,2719,2705,0.986349646610,0.964873915580,75,7.5,27,2,2073,2066,0.010737865515,0.000000000000,75,7.5,26,2
78,2026-09-05T05:44:46.678360+00:00,175847921000000,175847953000000,4.125000000,fixed_trajectory,0,0,2089,2088,0.101242732000,0.099708751213,76,7.6,27,0,2641,2651,0.882038953034,0.897378760913,75,7.5,25,1,2603,2596,0.836019529398,0.825281663882,76,7.6,27,1,2718,2704,0.984815665823,0.963339934792,75,7.5,27,2,2073,2066,0.010737865515,0.000000000000,75,7.5,26,1
79,2026-09-05T05:44:46.721402+00:00,175847968000000,175848000000000,4.172000000,fixed_trajectory,0,0,2089,2088,0.101242732000,0.099708751213,76,7.6,27,0,2641,2651,0.882038953034,0.897378760913,75,7.5,25,2,2603,2596,0.836019529398,0.825281663882,75,7.5,27,1,2716,2703,0.981747704247,0.961805954004,75,7.5,27,2,2073,2065,0.010737865515,-0.001533980788,75,7.5,26,0
80,2026-09-05T05:44:46.785364+00:00,175848031000000,175848062000000,4.234000000,fixed_trajectory,0,0,2089,2088,0.101242732000,0.099708751213,76,7.6,27,0,2643,2652,0.885106914610,0.898912741701,75,7.5,25,1,2603,2595,0.836019529398,0.823747683095,76,7.6,27,1,2716,2702,0.981747704247,0.960271973216,75,7.5,27,2,2068,2065,0.003067961576,-0.001533980788,75,7.5,26,0
81,2026-09-05T05:44:46.831508+00:00,175848078000000,175848109000000,4.281000000,fixed_trajectory,0,0,2089,2088,0.101242732000,0.099708751213,76,7.6,27,0,2644,2653,0.886640895398,0.900446722489,75,7.5,25,1,2603,2595,0.836019529398,0.823747683095,76,7.6,27,2,2716,2701,0.981747704247,0.958737992429,75,7.5,27,2,2066,2064,0.000000000000,-0.003067961576,75,7.5,26,0
82,2026-09-05T05:44:46.880120+00:00,175848125000000,175848156000000,4.328000000,fixed_trajectory,0,0,2089,2088,0.101242732000,0.099708751213,76,7.6,27,0,2644,2653,0.886640895398,0.900446722489,75,7.5,25,1,2603,2594,0.836019529398,0.822213702307,76,7.6,27,1,2716,2700,0.981747704247,0.957204011641,75,7.5,27,3,2066,2064,0.000000000000,-0.003067961576,75,7.5,26,1
83,2026-09-05T05:44:46.919981+00:00,175848171000000,175848187000000,4.359000000,fixed_trajectory,0,0,2089,2088,0.101242732000,0.099708751213,76,7.6,27,0,2644,2654,0.886640895398,0.901980703277,75,7.5,25,1,2603,2594,0.836019529398,0.822213702307,75,7.5,27,2,2716,2699,0.981747704247,0.955670030853,75,7.5,27,4,2066,2063,0.000000000000,-0.004601942364,75,7.5,26,0
84,2026-09-05T05:44:47.097847+00:00,175848343000000,175848375000000,4.547000000,fixed_trajectory,0,0,2089,2088,0.101242732000,0.099708751213,76,7.6,27,0,2644,2654,0.886640895398,0.901980703277,75,7.5,25,2,2603,2593,0.836019529398,0.820679721519,76,7.6,27,1,2716,2698,0.981747704247,0.954136050065,75,7.5,27,3,2065,2063,-0.001533980788,-0.004601942364,75,7.5,26,1
85,2026-09-05T05:44:47.142726+00:00,175848390000000,175848421000000,4.593000000,fixed_trajectory,0,0,2089,2088,0.101242732000,0.099708751213,76,7.6,27,0,2644,2655,0.886640895398,0.903514684065,75,7.5,25,2,2603,2593,0.836019529398,0.820679721519,76,7.6,27,2,2716,2697,0.981747704247,0.952602069277,75,7.5,27,3,2065,2062,-0.001533980788,-0.006135923152,75,7.5,26,0
86,2026-09-05T05:44:47.191647+00:00,175848437000000,175848468000000,4.640000000,fixed_trajectory,0,0,2089,2088,0.101242732000,0.099708751213,76,7.6,27,0,2644,2656,0.886640895398,0.905048664853,75,7.5,25,2,2603,2592,0.836019529398,0.819145740731,75,7.5,27,2,2716,2696,0.981747704247,0.951068088489,75,7.5,27,4,2065,2062,-0.001533980788,-0.006135923152,75,7.5,26,1
87,2026-09-05T05:44:47.244361+00:00,175848484000000,175848515000000,4.687000000,fixed_trajectory,0,0,2089,2088,0.101242732000,0.099708751213,76,7.6,27,0,2644,2656,0.886640895398,0.905048664853,75,7.5,25,2,2603,2592,0.836019529398,0.819145740731,76,7.6,27,1,2714,2695,0.978679742671,0.949534107701,75,7.5,27,3,2064,2061,-0.003067961576,-0.007669903939,75,7.5,26,1
88,2026-09-05T05:44:47.285887+00:00,175848531000000,175848562000000,4.734000000,fixed_trajectory,0,0,2089,2088,0.101242732000,0.099708751213,76,7.6,27,0,2644,2657,0.886640895398,0.906582645640,75,7.5,25,2,2601,2591,0.832951567822,0.817611759943,76,7.6,27,2,2714,2694,0.978679742671,0.948000126913,75,7.5,27,3,2063,2061,-0.004601942364,-0.007669903939,75,7.5,26,1
89,2026-09-05T05:44:47.329051+00:00,175848578000000,175848609000000,4.781000000,fixed_trajectory,0,0,2089,2088,0.101242732000,0.099708751213,76,7.6,27,0,2645,2658,0.888174876186,0.908116626428,75,7.5,25,2,2598,2591,0.828349625458,0.817611759943,76,7.6,27,0,2711,2693,0.974077800307,0.946466146125,75,7.5,27,2,2063,2060,-0.004601942364,-0.009203884727,75,7.5,26,0
90,2026-09-05T05:44:47.393986+00:00,175848640000000,175848671000000,4.843000000,fixed_trajectory,0,0,2089,2088,0.101242732000,0.099708751213,76,7.6,27,0,2649,2658,0.894310799337,0.908116626428,75,7.5,25,0,2597,2590,0.826815644670,0.816077779155,76,7.6,27,1,2705,2692,0.964873915580,0.944932165338,75,7.5,27,1,2063,2060,-0.004601942364,-0.009203884727,75,7.5,26,1
91,2026-09-05T05:44:47.439959+00:00,175848687000000,175848718000000,4.890000000,fixed_trajectory,0,0,2089,2088,0.101242732000,0.099708751213,76,7.6,27,0,2650,2659,0.895844780125,0.909650607216,75,7.5,25,1,2597,2590,0.826815644670,0.816077779155,75,7.5,27,1,2703,2691,0.961805954004,0.943398184550,75,7.5,27,1,2063,2059,-0.004601942364,-0.010737865515,75,7.5,26,0
92,2026-09-05T05:44:47.494245+00:00,175848734000000,175848765000000,4.937000000,fixed_trajectory,0,0,2089,2088,0.101242732000,0.099708751213,76,7.6,27,0,2650,2659,0.895844780125,0.909650607216,75,7.5,25,1,2597,2589,0.826815644670,0.814543798367,76,7.6,27,2,2702,2690,0.960271973216,0.941864203762,75,7.5,27,2,2063,2059,-0.004601942364,-0.010737865515,75,7.5,26,1
93,2026-09-05T05:44:47.538406+00:00,175848781000000,175848812000000,4.984000000,fixed_trajectory,0,0,2089,2088,0.101242732000,0.099708751213,76,7.6,27,0,2650,2660,0.895844780125,0.911184588004,75,7.5,25,1,2597,2589,0.826815644670,0.814543798367,76,7.6,27,1,2702,2689,0.960271973216,0.940330222974,75,7.5,27,2,2063,2058,-0.004601942364,-0.012271846303,75,7.5,26,1
94,2026-09-05T05:44:47.722196+00:00,175848953000000,175849000000000,5.172000000,fixed_trajectory,0,0,2089,2088,0.101242732000,0.099708751213,76,7.6,27,0,2650,2661,0.895844780125,0.912718568792,75,7.5,25,2,2597,2588,0.826815644670,0.813009817579,76,7.6,27,1,2698,2688,0.954136050065,0.938796242186,75,7.5,27,1,2064,2058,-0.003067961576,-0.012271846303,75,7.5,26,1
95,2026-09-05T05:44:47.764482+00:00,175849015000000,175849046000000,5.218000000,fixed_trajectory,0,0,2089,2088,0.101242732000,0.099708751213,76,7.6,27,0,2650,2661,0.895844780125,0.912718568792,75,7.5,25,1,2597,2588,0.826815644670,0.813009817579,76,7.6,27,1,2698,2687,0.954136050065,0.937262261398,75,7.5,27,2,2064,2057,-0.003067961576,-0.013805827091,75,7.5,26,1
96,2026-09-05T05:44:47.819081+00:00,175849062000000,175849093000000,5.265000000,fixed_trajectory,0,0,2089,2088,0.101242732000,0.099708751213,76,7.6,27,0,2650,2662,0.895844780125,0.914252549580,75,7.5,25,2,2597,2587,0.826815644670,0.811475836792,76,7.6,27,2,2698,2686,0.954136050065,0.935728280610,75,7.5,27,2,2062,2057,-0.006135923152,-0.013805827091,75,7.5,26,1
97,2026-09-05T05:44:47.856151+00:00,175849109000000,175849125000000,5.297000000,fixed_trajectory,0,0,2089,2088,0.101242732000,0.099708751213,76,7.6,27,0,2650,2663,0.895844780125,0.915786530368,75,7.5,25,2,2597,2587,0.826815644670,0.811475836792,76,7.6,27,1,2698,2685,0.954136050065,0.934194299822,75,7.5,27,2,2060,2057,-0.009203884727,-0.013805827091,75,7.5,26,0
98,2026-09-05T05:44:47.906721+00:00,175849156000000,175849187000000,5.359000000,fixed_trajectory,0,0,2089,2088,0.101242732000,0.099708751213,76,7.6,27,0,2651,2663,0.897378760913,0.915786530368,75,7.5,25,1,2594,2586,0.822213702307,0.809941856004,76,7.6,27,1,2695,2684,0.949534107701,0.932660319034,75,7.5,27,1,2059,2056,-0.010737865515,-0.015339807879,75,7.5,26,1
99,2026-09-05T05:44:47.960509+00:00,175849203000000,175849234000000,5.406000000,fixed_trajectory,0,0,2089,2088,0.101242732000,0.099708751213,76,7.6,27,0,2655,2664,0.903514684065,0.917320511156,75,7.5,25,1,2593,2586,0.820679721519,0.809941856004,76,7.6,27,2,2693,2683,0.946466146125,0.931126338247,75,7.5,27,1,2057,2056,-0.013805827091,-0.015339807879,75,7.5,26,0
100,2026-09-05T05:44:48.013318+00:00,175849265000000,175849281000000,5.453000000,fixed_trajectory,0,0,2089,2088,0.101242732000,0.099708751213,76,7.6,27,0,2655,2664,0.903514684065,0.917320511156,75,7.5,25,2,2593,2585,0.820679721519,0.808407875216,76,7.6,27,1,2692,2682,0.944932165338,0.929592357459,75,7.5,27,2,2057,2055,-0.013805827091,-0.016873788667,75,7.5,26,0
101,2026-09-05T05:44:48.061445+00:00,175849312000000,175849343000000,5.515000000,fixed_trajectory,0,0,2089,2088,0.101242732000,0.099708751213,76,7.6,27,0,2655,2665,0.903514684065,0.918854491943,75,7.5,25,1,2591,2585,0.817611759943,0.808407875216,76,7.6,27,1,2692,2681,0.944932165338,0.928058376671,75,7.5,27,2,2057,2055,-0.013805827091,-0.016873788667,75,7.5,26,0
102,2026-09-05T05:44:48.113010+00:00,175849359000000,175849390000000,5.562000000,fixed_trajectory,0,0,2089,2088,0.101242732000,0.099708751213,76,7.6,27,0,2656,2666,0.905048664853,0.920388472731,75,7.5,25,2,2590,2584,0.816077779155,0.806873894428,76,7.6,27,1,2692,2680,0.944932165338,0.926524395883,75,7.5,27,2,2057,2054,-0.013805827091,-0.018407769455,75,7.5,26,1
103,2026-09-05T05:44:48.154522+00:00,175849406000000,175849421000000,5.593000000,fixed_trajectory,0,0,2089,2088,0.101242732000,0.099708751213,76,7.6,27,0,2656,2666,0.905048664853,0.920388472731,75,7.5,25,1,2589,2584,0.814543798367,0.806873894428,76,7.6,27,1,2692,2679,0.944932165338,0.924990415095,75,7.5,27,2,2057,2054,-0.013805827091,-0.018407769455,75,7.5,26,1
104,2026-09-05T05:44:48.309442+00:00,175849562000000,175849578000000,5.750000000,fixed_trajectory,0,0,2089,2088,0.101242732000,0.099708751213,76,7.6,27,0,2659,2667,0.909650607216,0.921922453519,75,7.5,25,1,2589,2583,0.814543798367,0.805339913640,76,7.6,27,1,2688,2678,0.938796242186,0.923456434307,75,7.5,27,1,2057,2053,-0.013805827091,-0.019941750243,75,7.5,26,1
105,2026-09-05T05:44:48.341490+00:00,175849593000000,175849609000000,5.781000000,fixed_trajectory,0,0,2089,2088,0.101242732000,0.099708751213,76,7.6,27,0,2659,2668,0.909650607216,0.923456434307,75,7.5,25,2,2589,2583,0.814543798367,0.805339913640,76,7.6,27,1,2688,2677,0.938796242186,0.921922453519,75,7.5,27,2,2057,2053,-0.013805827091,-0.019941750243,75,7.5,26,1
106,2026-09-05T05:44:48.391463+00:00,175849640000000,175849671000000,5.843000000,fixed_trajectory,0,0,2089,2088,0.101242732000,0.099708751213,76,7.6,27,0,2659,2668,0.909650607216,0.923456434307,75,7.5,25,2,2589,2582,0.814543798367,0.803805932852,76,7.6,27,1,2686,2676,0.935728280610,0.920388472731,75,7.5,27,1,2057,2052,-0.013805827091,-0.021475731030,75,7.5,26,1
107,2026-09-05T05:44:48.445724+00:00,175849687000000,175849718000000,5.890000000,fixed_trajectory,0,0,2089,2088,0.101242732000,0.099708751213,76,7.6,27,0,2659,2669,0.909650607216,0.924990415095,75,7.5,25,2,2589,2582,0.814543798367,0.803805932852,76,7.6,27,1,2686,2675,0.935728280610,0.918854491943,75,7.5,27,1,2057,2052,-0.013805827091,-0.021475731030,75,7.5,26,1
108,2026-09-05T05:44:48.490536+00:00,175849734000000,175849765000000,5.937000000,fixed_trajectory,0,0,2089,2088,0.101242732000,0.099708751213,76,7.6,27,0,2659,2669,0.909650607216,0.924990415095,75,7.5,25,1,2589,2581,0.814543798367,0.802271952064,76,7.6,27,1,2686,2674,0.935728280610,0.917320511156,75,7.5,27,2,2057,2051,-0.013805827091,-0.023009711818,75,7.5,26,1
109,2026-09-05T05:44:48.533925+00:00,175849781000000,175849812000000,5.984000000,fixed_trajectory,0,0,2089,2088,0.101242732000,0.099708751213,76,7.6,27,0,2660,2670,0.911184588004,0.926524395883,75,7.5,25,1,2587,2581,0.811475836792,0.802271952064,76,7.6,27,1,2686,2673,0.935728280610,0.915786530368,75,7.5,27,2,2057,2051,-0.013805827091,-0.023009711818,75,7.5,26,1
110,2026-09-05T05:44:48.593975+00:00,175849843000000,175849875000000,6.047000000,fixed_trajectory,0,0,2089,2088,0.101242732000,0.099708751213,76,7.6,27,0,2660,2671,0.911184588004,0.928058376671,75,7.5,25,2,2585,2580,0.808407875216,0.800737971276,76,7.6,27,1,2686,2672,0.935728280610,0.914252549580,75,7.5,27,3,2057,2050,-0.013805827091,-0.024543692606,75,7.5,26,0
111,2026-09-05T05:44:48.641982+00:00,175849890000000,175849921000000,6.093000000,fixed_trajectory,0,0,2089,2088,0.101242732000,0.099708751213,76,7.6,27,0,2660,2671,0.911184588004,0.928058376671,75,7.5,25,1,2585,2580,0.808407875216,0.800737971276,76,7.6,27,1,2686,2671,0.935728280610,0.912718568792,75,7.5,27,2,2053,2050,-0.019941750243,-0.024543692606,75,7.5,26,1
112,2026-09-05T05:44:48.691016+00:00,175849937000000,175849968000000,6.140000000,fixed_trajectory,0,0,2089,2088,0.101242732000,0.099708751213,76,7.6,27,0,2660,2672,0.911184588004,0.929592357459,75,7.5,25,2,2585,2579,0.808407875216,0.799203990488,76,7.6,27,2,2683,2670,0.931126338247,0.911184588004,75,7.5,27,2,2052,2049,-0.021475731030,-0.026077673394,75,7.5,26,0
113,2026-09-05T05:44:48.739065+00:00,175849984000000,175850015000000,6.187000000,fixed_trajectory,0,0,2089,2088,0.101242732000,0.099708751213,76,7.6,27,0,2661,2673,0.912718568792,0.931126338247,75,7.5,25,1,2585,2579,0.808407875216,0.799203990488,76,7.6,27,0,2680,2669,0.926524395883,0.909650607216,75,7.5,27,1,2051,2049,-0.023009711818,-0.026077673394,76,7.6,26,1
114,2026-09-05T05:44:48.920899+00:00,175850156000000,175850203000000,6.375000000,fixed_trajectory,0,0,2089,2088,0.101242732000,0.099708751213,76,7.6,27,0,2666,2673,0.920388472731,0.931126338247,75,7.5,25,1,2585,2578,0.808407875216,0.797670009701,76,7.6,27,2,2676,2668,0.920388472731,0.908116626428,75,7.5,27,1,2050,2048,-0.024543692606,-0.027611654182,75,7.5,26,0
115,2026-09-05T05:44:48.967934+00:00,175850218000000,175850250000000,6.422000000,fixed_trajectory,0,0,2089,2088,0.101242732000,0.099708751213,76,7.6,27,0,2666,2674,0.920388472731,0.932660319034,75,7.5,25,1,2585,2578,0.808407875216,0.797670009701,76,7.6,27,1,2676,2667,0.920388472731,0.906582645640,75,7.5,27,2,2049,2048,-0.026077673394,-0.027611654182,76,7.6,26,1
116,2026-09-05T05:44:49.028002+00:00,175850265000000,175850296000000,6.468000000,fixed_trajectory,0,0,2089,2088,0.101242732000,0.099708751213,76,7.6,27,0,2666,2674,0.920388472731,0.932660319034,75,7.5,25,1,2585,2577,0.808407875216,0.796136028913,76,7.6,27,1,2676,2666,0.920388472731,0.905048664853,75,7.5,27,1,2049,2047,-0.026077673394,-0.029145634970,75,7.5,26,0
117,2026-09-05T05:44:49.068007+00:00,175850312000000,175850343000000,6.515000000,online_observation,0,0,2089,2088,0.101242732000,0.099708751213,76,7.6,27,0,2666,2675,0.920388472731,0.934194299822,75,7.5,25,1,2584,2577,0.806873894428,0.796136028913,76,7.6,27,1,2674,2665,0.917320511156,0.903514684065,75,7.5,27,2,2048,2047,-0.027611654182,-0.029145634970,76,7.6,26,0
118,2026-09-05T05:44:49.119064+00:00,175850359000000,175850390000000,6.562000000,online_observation,0,0,2089,2088,0.101242732000,0.099708751213,76,7.6,27,0,2666,2675,0.920388472731,0.934194299822,75,7.5,25,1,2584,2577,0.806873894428,0.796136028913,76,7.6,27,1,2674,2665,0.917320511156,0.903514684065,75,7.5,27,1,2048,2047,-0.027611654182,-0.029145634970,75,7.5,26,0
119,2026-09-05T05:44:49.162953+00:00,175850406000000,175850437000000,6.609000000,online_observation,0,0,2089,2088,0.101242732000,0.099708751213,76,7.6,27,0,2666,2675,0.920388472731,0.934194299822,75,7.5,25,1,2581,2577,0.802271952064,0.796136028913,76,7.6,27,1,2674,2665,0.917320511156,0.903514684065,75,7.5,27,2,2048,2047,-0.027611654182,-0.029145634970,76,7.6,26,0
120,2026-09-05T05:44:49.219817+00:00,175850468000000,175850500000000,6.672000000,online_observation,0,0,2089,2088,0.101242732000,0.099708751213,76,7.6,27,0,2666,2675,0.920388472731,0.934194299822,75,7.5,25,2,2581,2577,0.802271952064,0.796136028913,76,7.6,27,1,2674,2665,0.917320511156,0.903514684065,75,7.5,27,2,2048,2047,-0.027611654182,-0.029145634970,75,7.5,26,0
121,2026-09-05T05:44:49.265152+00:00,175850515000000,175850546000000,6.718000000,online_observation,0,0,2089,2088,0.101242732000,0.099708751213,76,7.6,27,0,2666,2675,0.920388472731,0.934194299822,75,7.5,25,1,2581,2577,0.802271952064,0.796136028913,76,7.6,27,1,2674,2665,0.917320511156,0.903514684065,75,7.5,27,1,2048,2047,-0.027611654182,-0.029145634970,75,7.5,26,0
122,2026-09-05T05:44:49.316345+00:00,175850562000000,175850593000000,6.765000000,online_observation,0,0,2089,2088,0.101242732000,0.099708751213,76,7.6,27,0,2666,2675,0.920388472731,0.934194299822,75,7.5,25,2,2581,2577,0.802271952064,0.796136028913,76,7.6,27,0,2674,2665,0.917320511156,0.903514684065,75,7.5,27,1,2048,2047,-0.027611654182,-0.029145634970,75,7.5,26,0
123,2026-09-05T05:44:49.358538+00:00,175850609000000,175850640000000,6.812000000,online_observation,0,0,2089,2088,0.101242732000,0.099708751213,76,7.6,27,0,2666,2675,0.920388472731,0.934194299822,75,7.5,25,2,2581,2577,0.802271952064,0.796136028913,76,7.6,27,0,2674,2665,0.917320511156,0.903514684065,75,7.5,27,1,2048,2047,-0.027611654182,-0.029145634970,76,7.6,26,0
124,2026-09-05T05:44:49.423601+00:00,175850671000000,175850703000000,6.875000000,online_observation,0,0,2089,2088,0.101242732000,0.099708751213,76,7.6,27,0,2666,2675,0.920388472731,0.934194299822,75,7.5,25,1,2581,2577,0.802271952064,0.796136028913,76,7.6,27,0,2672,2665,0.914252549580,0.903514684065,75,7.5,27,2,2048,2047,-0.027611654182,-0.029145634970,75,7.5,26,0
125,2026-09-05T05:44:49.482548+00:00,175850718000000,175850750000000,6.922000000,online_inference,1,0,2089,2088,0.101242732000,0.099708751213,76,7.6,27,0,2666,2675,0.920388472731,0.934194299822,75,7.5,25,1,2581,2577,0.802271952064,0.796136028913,76,7.6,27,1,2672,2665,0.914252549580,0.903514684065,75,7.5,27,1,2048,2047,-0.027611654182,-0.029145634970,76,7.6,26,0
126,2026-09-05T05:44:49.533117+00:00,175850765000000,175850812000000,6.984000000,online_inference,1,0,2089,2088,0.101242732000,0.099708751213,76,7.6,27,0,2666,2675,0.920388472731,0.934194299822,75,7.5,25,1,2581,2577,0.802271952064,0.796136028913,75,7.5,27,1,2672,2665,0.914252549580,0.903514684065,75,7.5,27,1,2048,2047,-0.027611654182,-0.029145634970,75,7.5,26,0
127,2026-09-05T05:44:49.597072+00:00,175850828000000,175850875000000,7.047000000,online_inference,1,0,2089,2088,0.101242732000,0.099708751213,76,7.6,27,0,2666,2675,0.920388472731,0.934194299822,75,7.5,25,1,2581,2577,0.802271952064,0.796136028913,76,7.6,27,1,2672,2665,0.914252549580,0.903514684065,75,7.5,27,1,2048,2047,-0.027611654182,-0.029145634970,75,7.5,26,0
128,2026-09-05T05:44:49.664198+00:00,175850890000000,175850937000000,7.109000000,online_inference,1,0,2089,2088,0.101242732000,0.099708751213,76,7.6,27,0,2666,2675,0.920388472731,0.934194299822,75,7.5,26,1,2581,2577,0.802271952064,0.796136028913,76,7.6,27,0,2672,2665,0.914252549580,0.903514684065,75,7.5,27,1,2048,2047,-0.027611654182,-0.029145634970,76,7.6,26,0
129,2026-09-05T05:44:49.709150+00:00,175850953000000,175850984000000,7.156000000,online_inference,1,0,2089,2088,0.101242732000,0.099708751213,76,7.6,27,0,2666,2675,0.920388472731,0.934194299822,75,7.5,25,1,2581,2577,0.802271952064,0.796136028913,76,7.6,27,1,2672,2665,0.914252549580,0.903514684065,75,7.5,27,1,2048,2047,-0.027611654182,-0.029145634970,75,7.5,26,0
130,2026-09-05T05:44:49.762666+00:00,175851000000000,175851031000000,7.203000000,online_inference,1,0,2089,2088,0.101242732000,0.099708751213,76,7.6,27,0,2666,2675,0.920388472731,0.934194299822,75,7.5,25,1,2581,2577,0.802271952064,0.796136028913,76,7.6,27,1,2672,2665,0.914252549580,0.903514684065,75,7.5,27,1,2048,2047,-0.027611654182,-0.029145634970,75,7.5,26,0
131,2026-09-05T05:44:49.804637+00:00,175851046000000,175851078000000,7.250000000,online_inference,1,0,2089,2088,0.101242732000,0.099708751213,76,7.6,27,0,2666,2675,0.920388472731,0.934194299822,75,7.5,25,1,2581,2577,0.802271952064,0.796136028913,76,7.6,27,0,2672,2665,0.914252549580,0.903514684065,75,7.5,27,1,2048,2047,-0.027611654182,-0.029145634970,75,7.5,26,0
132,2026-09-05T05:44:49.847335+00:00,175851093000000,175851125000000,7.297000000,online_inference,1,0,2089,2088,0.101242732000,0.099708751213,76,7.6,27,0,2666,2675,0.920388472731,0.934194299822,75,7.5,25,1,2581,2577,0.802271952064,0.796136028913,76,7.6,27,0,2672,2665,0.914252549580,0.903514684065,75,7.5,27,1,2048,2047,-0.027611654182,-0.029145634970,75,7.5,26,0
133,2026-09-05T05:44:49.893306+00:00,175851140000000,175851171000000,7.343000000,online_inference,1,0,2089,2088,0.101242732000,0.099708751213,76,7.6,27,0,2666,2675,0.920388472731,0.934194299822,75,7.5,25,1,2581,2577,0.802271952064,0.796136028913,76,7.6,27,0,2672,2665,0.914252549580,0.903514684065,75,7.5,27,1,2048,2047,-0.027611654182,-0.029145634970,75,7.5,26,0
134,2026-09-05T05:44:49.956274+00:00,175851203000000,175851234000000,7.406000000,online_inference,1,0,2089,2088,0.101242732000,0.099708751213,76,7.6,27,0,2666,2675,0.920388472731,0.934194299822,75,7.5,25,2,2581,2577,0.802271952064,0.796136028913,76,7.6,27,0,2672,2665,0.914252549580,0.903514684065,75,7.5,27,1,2048,2047,-0.027611654182,-0.029145634970,75,7.5,26,0
135,2026-09-05T05:44:50.003504+00:00,175851250000000,175851281000000,7.453000000,online_inference,1,0,2089,2088,0.101242732000,0.099708751213,76,7.6,27,0,2666,2675,0.920388472731,0.934194299822,75,7.5,25,1,2581,2577,0.802271952064,0.796136028913,76,7.6,27,0,2672,2665,0.914252549580,0.903514684065,75,7.5,27,1,2048,2047,-0.027611654182,-0.029145634970,75,7.5,26,0
136,2026-09-05T05:44:50.057344+00:00,175851296000000,175851328000000,7.500000000,online_inference,1,0,2089,2088,0.101242732000,0.099708751213,76,7.6,27,0,2666,2675,0.920388472731,0.934194299822,75,7.5,25,2,2581,2577,0.802271952064,0.796136028913,76,7.6,27,0,2672,2665,0.914252549580,0.903514684065,75,7.5,27,1,2048,2047,-0.027611654182,-0.029145634970,75,7.5,26,0
137,2026-09-05T05:44:50.102701+00:00,175851343000000,175851375000000,7.547000000,online_inference,1,0,2089,2088,0.101242732000,0.099708751213,76,7.6,27,0,2666,2675,0.920388472731,0.934194299822,75,7.5,25,2,2581,2577,0.802271952064,0.796136028913,76,7.6,27,1,2672,2665,0.914252549580,0.903514684065,75,7.5,27,1,2048,2047,-0.027611654182,-0.029145634970,75,7.5,26,0
138,2026-09-05T05:44:50.153960+00:00,175851390000000,175851421000000,7.593000000,online_inference,1,0,2089,2088,0.101242732000,0.099708751213,76,7.6,27,0,2666,2675,0.920388472731,0.934194299822,75,7.5,25,1,2581,2577,0.802271952064,0.796136028913,76,7.6,27,1,2672,2665,0.914252549580,0.903514684065,75,7.5,27,1,2048,2047,-0.027611654182,-0.029145634970,75,7.5,26,0
139,2026-09-05T05:44:50.203812+00:00,175851453000000,175851484000000,7.656000000,online_inference,1,0,2089,2088,0.101242732000,0.099708751213,76,7.6,27,0,2666,2675,0.920388472731,0.934194299822,75,7.5,25,2,2581,2577,0.802271952064,0.796136028913,76,7.6,27,1,2672,2665,0.914252549580,0.903514684065,75,7.5,27,1,2048,2047,-0.027611654182,-0.029145634970,75,7.5,26,0
140,2026-09-05T05:44:50.260443+00:00,175851500000000,175851531000000,7.703000000,online_inference,1,0,2089,2088,0.101242732000,0.099708751213,76,7.6,27,0,2666,2675,0.920388472731,0.934194299822,75,7.5,25,1,2581,2577,0.802271952064,0.796136028913,76,7.6,27,0,2672,2665,0.914252549580,0.903514684065,75,7.5,27,1,2048,2047,-0.027611654182,-0.029145634970,75,7.5,26,0
141,2026-09-05T05:44:50.301807+00:00,175851546000000,175851578000000,7.750000000,online_inference,1,0,2089,2088,0.101242732000,0.099708751213,76,7.6,27,0,2666,2675,0.920388472731,0.934194299822,75,7.5,25,1,2581,2577,0.802271952064,0.796136028913,76,7.6,27,1,2672,2665,0.914252549580,0.903514684065,75,7.5,27,1,2048,2047,-0.027611654182,-0.029145634970,75,7.5,26,0
142,2026-09-05T05:44:50.358594+00:00,175851593000000,175851640000000,7.812000000,online_inference,1,0,2089,2088,0.101242732000,0.099708751213,76,7.6,27,0,2666,2675,0.920388472731,0.934194299822,75,7.5,25,2,2581,2577,0.802271952064,0.796136028913,76,7.6,27,1,2672,2665,0.914252549580,0.903514684065,75,7.5,27,1,2048,2047,-0.027611654182,-0.029145634970,75,7.5,26,0
143,2026-09-05T05:44:50.406047+00:00,175851656000000,175851687000000,7.859000000,online_inference,1,0,2089,2088,0.101242732000,0.099708751213,76,7.6,27,0,2666,2675,0.920388472731,0.934194299822,75,7.5,25,1,2581,2577,0.802271952064,0.796136028913,76,7.6,27,1,2672,2665,0.914252549580,0.903514684065,75,7.5,27,2,2048,2047,-0.027611654182,-0.029145634970,75,7.5,26,0
144,2026-09-05T05:44:50.463275+00:00,175851703000000,175851734000000,7.906000000,online_inference,1,0,2089,2088,0.101242732000,0.099708751213,76,7.6,27,0,2666,2675,0.920388472731,0.934194299822,75,7.5,25,1,2581,2577,0.802271952064,0.796136028913,76,7.6,27,1,2672,2665,0.914252549580,0.903514684065,75,7.5,27,2,2048,2047,-0.027611654182,-0.029145634970,75,7.5,26,0
145,2026-09-05T05:44:50.506615+00:00,175851750000000,175851781000000,7.953000000,online_inference,1,0,2089,2088,0.101242732000,0.099708751213,76,7.6,27,0,2666,2675,0.920388472731,0.934194299822,75,7.5,25,1,2581,2577,0.802271952064,0.796136028913,76,7.6,27,1,2672,2665,0.914252549580,0.903514684065,75,7.5,27,1,2048,2047,-0.027611654182,-0.029145634970,76,7.6,26,0
146,2026-09-05T05:44:50.556913+00:00,175851796000000,175851828000000,8.000000000,online_inference,1,0,2089,2088,0.101242732000,0.099708751213,76,7.6,27,0,2666,2675,0.920388472731,0.934194299822,75,7.5,25,1,2581,2577,0.802271952064,0.796136028913,76,7.6,27,1,2672,2665,0.914252549580,0.903514684065,75,7.5,27,1,2048,2047,-0.027611654182,-0.029145634970,75,7.5,26,0
147,2026-09-05T05:44:50.605358+00:00,175851843000000,175851875000000,8.047000000,online_inference,1,0,2089,2088,0.101242732000,0.099708751213,76,7.6,27,0,2666,2675,0.920388472731,0.934194299822,75,7.5,25,1,2581,2577,0.802271952064,0.796136028913,76,7.6,27,1,2672,2665,0.914252549580,0.903514684065,75,7.5,27,1,2048,2047,-0.027611654182,-0.029145634970,75,7.5,26,0
148,2026-09-05T05:44:50.661335+00:00,175851906000000,175851937000000,8.109000000,online_inference,1,0,2089,2088,0.101242732000,0.099708751213,76,7.6,27,0,2666,2675,0.920388472731,0.934194299822,75,7.5,25,2,2581,2577,0.802271952064,0.796136028913,76,7.6,27,1,2672,2665,0.914252549580,0.903514684065,75,7.5,27,1,2048,2047,-0.027611654182,-0.029145634970,75,7.5,26,0
149,2026-09-05T05:44:50.714888+00:00,175851953000000,175851984000000,8.156000000,online_inference,1,0,2089,2088,0.101242732000,0.099708751213,76,7.6,27,0,2666,2675,0.920388472731,0.934194299822,75,7.5,25,2,2581,2577,0.802271952064,0.796136028913,76,7.6,27,0,2672,2665,0.914252549580,0.903514684065,75,7.5,27,1,2048,2047,-0.027611654182,-0.029145634970,75,7.5,26,0
150,2026-09-05T05:44:50.757812+00:00,175852000000000,175852031000000,8.203000000,online_inference,1,0,2089,2088,0.101242732000,0.099708751213,76,7.6,27,0,2666,2675,0.920388472731,0.934194299822,75,7.5,25,1,2581,2577,0.802271952064,0.796136028913,76,7.6,27,1,2672,2665,0.914252549580,0.903514684065,75,7.5,27,1,2048,2047,-0.027611654182,-0.029145634970,76,7.6,26,0
151,2026-09-05T05:44:50.810313+00:00,175852046000000,175852078000000,8.250000000,online_inference,1,0,2089,2088,0.101242732000,0.099708751213,76,7.6,27,0,2666,2675,0.920388472731,0.934194299822,75,7.5,25,2,2581,2577,0.802271952064,0.796136028913,76,7.6,27,1,2672,2665,0.914252549580,0.903514684065,75,7.5,27,1,2048,2047,-0.027611654182,-0.029145634970,75,7.5,26,0
152,2026-09-05T05:44:50.846150+00:00,175852093000000,175852125000000,8.297000000,online_inference,1,0,2089,2088,0.101242732000,0.099708751213,76,7.6,27,0,2666,2675,0.920388472731,0.934194299822,75,7.5,25,2,2581,2577,0.802271952064,0.796136028913,76,7.6,27,1,2672,2665,0.914252549580,0.903514684065,75,7.5,27,0,2048,2047,-0.027611654182,-0.029145634970,76,7.6,26,0
153,2026-09-05T05:44:50.917707+00:00,175852156000000,175852187000000,8.359000000,online_inference,1,0,2089,2088,0.101242732000,0.099708751213,76,7.6,27,0,2666,2675,0.920388472731,0.934194299822,75,7.5,25,1,2581,2577,0.802271952064,0.796136028913,76,7.6,27,1,2672,2665,0.914252549580,0.903514684065,75,7.5,27,1,2048,2047,-0.027611654182,-0.029145634970,76,7.6,26,0
154,2026-09-05T05:44:50.968300+00:00,175852203000000,175852250000000,8.422000000,online_inference,1,0,2089,2088,0.101242732000,0.099708751213,76,7.6,27,0,2666,2675,0.920388472731,0.934194299822,75,7.5,25,1,2581,2577,0.802271952064,0.796136028913,76,7.6,27,1,2672,2665,0.914252549580,0.903514684065,75,7.5,27,1,2048,2047,-0.027611654182,-0.029145634970,75,7.5,26,0
155,2026-09-05T05:44:51.028124+00:00,175852265000000,175852296000000,8.468000000,online_inference,1,0,2089,2088,0.101242732000,0.099708751213,76,7.6,27,0,2666,2675,0.920388472731,0.934194299822,75,7.5,25,1,2581,2577,0.802271952064,0.796136028913,76,7.6,27,1,2672,2665,0.914252549580,0.903514684065,75,7.5,27,2,2048,2047,-0.027611654182,-0.029145634970,76,7.6,26,0
156,2026-09-05T05:44:51.077303+00:00,175852312000000,175852359000000,8.531000000,online_inference,1,0,2089,2088,0.101242732000,0.099708751213,76,7.6,27,1,2666,2675,0.920388472731,0.934194299822,75,7.5,25,1,2581,2577,0.802271952064,0.796136028913,76,7.6,27,0,2672,2665,0.914252549580,0.903514684065,75,7.5,27,1,2048,2047,-0.027611654182,-0.029145634970,75,7.5,26,0
157,2026-09-05T05:44:51.132315+00:00,175852375000000,175852406000000,8.578000000,online_inference,1,0,2089,2088,0.101242732000,0.099708751213,76,7.6,27,0,2666,2675,0.920388472731,0.934194299822,75,7.5,25,1,2581,2577,0.802271952064,0.796136028913,76,7.6,27,0,2672,2665,0.914252549580,0.903514684065,75,7.5,27,1,2048,2047,-0.027611654182,-0.029145634970,75,7.5,26,0
158,2026-09-05T05:44:51.181679+00:00,175852421000000,175852453000000,8.625000000,online_inference,1,0,2089,2088,0.101242732000,0.099708751213,76,7.6,27,0,2666,2675,0.920388472731,0.934194299822,75,7.5,25,2,2581,2577,0.802271952064,0.796136028913,76,7.6,27,1,2672,2665,0.914252549580,0.903514684065,75,7.5,27,1,2048,2047,-0.027611654182,-0.029145634970,75,7.5,26,0
159,2026-09-05T05:44:51.226920+00:00,175852468000000,175852500000000,8.672000000,online_inference,1,0,2089,2088,0.101242732000,0.099708751213,76,7.6,27,0,2666,2675,0.920388472731,0.934194299822,75,7.5,25,1,2581,2577,0.802271952064,0.796136028913,76,7.6,27,0,2672,2665,0.914252549580,0.903514684065,75,7.5,27,1,2048,2047,-0.027611654182,-0.029145634970,75,7.5,26,0
160,2026-09-05T05:44:51.277433+00:00,175852515000000,175852546000000,8.718000000,online_inference,1,0,2089,2088,0.101242732000,0.099708751213,76,7.6,27,0,2666,2675,0.920388472731,0.934194299822,75,7.5,25,1,2581,2577,0.802271952064,0.796136028913,76,7.6,27,1,2672,2665,0.914252549580,0.903514684065,75,7.5,27,1,2048,2047,-0.027611654182,-0.029145634970,75,7.5,26,0
161,2026-09-05T05:44:51.324587+00:00,175852562000000,175852593000000,8.765000000,online_inference,1,0,2089,2088,0.101242732000,0.099708751213,76,7.6,27,0,2666,2675,0.920388472731,0.934194299822,75,7.5,25,1,2581,2577,0.802271952064,0.796136028913,76,7.6,27,1,2672,2665,0.914252549580,0.903514684065,75,7.5,27,1,2048,2047,-0.027611654182,-0.029145634970,75,7.5,26,0
162,2026-09-05T05:44:51.392368+00:00,175852625000000,175852671000000,8.843000000,online_inference,1,0,2089,2088,0.101242732000,0.099708751213,76,7.6,27,0,2666,2675,0.920388472731,0.934194299822,75,7.5,25,1,2581,2577,0.802271952064,0.796136028913,76,7.6,27,1,2672,2665,0.914252549580,0.903514684065,75,7.5,27,1,2048,2047,-0.027611654182,-0.029145634970,76,7.6,26,0
163,2026-09-05T05:44:51.448737+00:00,175852687000000,175852718000000,8.890000000,online_inference,1,0,2089,2088,0.101242732000,0.099708751213,76,7.6,27,0,2666,2675,0.920388472731,0.934194299822,75,7.5,25,1,2581,2577,0.802271952064,0.796136028913,76,7.6,27,1,2672,2665,0.914252549580,0.903514684065,75,7.5,27,1,2048,2047,-0.027611654182,-0.029145634970,75,7.5,26,0
164,2026-09-05T05:44:51.501742+00:00,175852734000000,175852781000000,8.953000000,online_inference,1,0,2089,2088,0.101242732000,0.099708751213,76,7.6,27,0,2666,2675,0.920388472731,0.934194299822,75,7.5,25,2,2581,2577,0.802271952064,0.796136028913,76,7.6,27,0,2672,2665,0.914252549580,0.903514684065,75,7.5,27,1,2048,2047,-0.027611654182,-0.029145634970,76,7.6,26,0
165,2026-09-05T05:44:51.559113+00:00,175852796000000,175852828000000,9.000000000,online_inference,1,0,2089,2088,0.101242732000,0.099708751213,76,7.6,27,0,2666,2675,0.920388472731,0.934194299822,75,7.5,25,1,2581,2577,0.802271952064,0.796136028913,76,7.6,27,1,2672,2665,0.914252549580,0.903514684065,75,7.5,27,1,2048,2047,-0.027611654182,-0.029145634970,76,7.6,26,0
166,2026-09-05T05:44:51.600373+00:00,175852843000000,175852875000000,9.047000000,online_inference,1,0,2089,2088,0.101242732000,0.099708751213,76,7.6,27,0,2666,2675,0.920388472731,0.934194299822,75,7.5,25,2,2581,2577,0.802271952064,0.796136028913,76,7.6,27,0,2672,2665,0.914252549580,0.903514684065,75,7.5,27,1,2048,2047,-0.027611654182,-0.029145634970,75,7.5,26,0
167,2026-09-05T05:44:51.650209+00:00,175852890000000,175852921000000,9.093000000,online_inference,1,0,2089,2088,0.101242732000,0.099708751213,76,7.6,27,0,2666,2675,0.920388472731,0.934194299822,75,7.5,25,2,2581,2577,0.802271952064,0.796136028913,76,7.6,27,0,2672,2665,0.914252549580,0.903514684065,75,7.5,27,1,2048,2047,-0.027611654182,-0.029145634970,76,7.6,26,0
168,2026-09-05T05:44:51.696080+00:00,175852937000000,175852968000000,9.140000000,online_inference,1,0,2089,2088,0.101242732000,0.099708751213,76,7.6,27,0,2666,2675,0.920388472731,0.934194299822,75,7.5,25,2,2581,2577,0.802271952064,0.796136028913,76,7.6,27,1,2672,2665,0.914252549580,0.903514684065,75,7.5,27,2,2048,2047,-0.027611654182,-0.029145634970,75,7.5,26,0
169,2026-09-05T05:44:51.747199+00:00,175852984000000,175853015000000,9.187000000,online_inference,1,0,2089,2088,0.101242732000,0.099708751213,76,7.6,27,0,2666,2675,0.920388472731,0.934194299822,75,7.5,25,1,2581,2577,0.802271952064,0.796136028913,76,7.6,27,1,2672,2665,0.914252549580,0.903514684065,75,7.5,27,1,2048,2047,-0.027611654182,-0.029145634970,76,7.6,26,0
170,2026-09-05T05:44:51.804238+00:00,175853046000000,175853078000000,9.250000000,online_inference,1,0,2089,2088,0.101242732000,0.099708751213,76,7.6,27,0,2666,2675,0.920388472731,0.934194299822,75,7.5,25,1,2581,2577,0.802271952064,0.796136028913,76,7.6,27,1,2672,2665,0.914252549580,0.903514684065,75,7.5,27,0,2048,2047,-0.027611654182,-0.029145634970,75,7.5,26,0
171,2026-09-05T05:44:51.845895+00:00,175853093000000,175853125000000,9.297000000,online_inference,1,0,2089,2088,0.101242732000,0.099708751213,76,7.6,27,0,2666,2675,0.920388472731,0.934194299822,75,7.5,25,2,2581,2577,0.802271952064,0.796136028913,76,7.6,27,1,2672,2665,0.914252549580,0.903514684065,75,7.5,27,0,2048,2047,-0.027611654182,-0.029145634970,76,7.6,26,0
172,2026-09-05T05:44:51.896076+00:00,175853140000000,175853171000000,9.343000000,online_archive,1,0,2089,2088,0.101242732000,0.099708751213,76,7.6,27,0,2666,2675,0.920388472731,0.934194299822,75,7.5,25,1,2581,2577,0.802271952064,0.796136028913,76,7.6,27,1,2672,2665,0.914252549580,0.903514684065,75,7.5,27,1,2048,2047,-0.027611654182,-0.029145634970,76,7.6,26,0
173,2026-09-05T05:44:51.940913+00:00,175853187000000,175853218000000,9.390000000,online_archive,1,0,2089,2088,0.101242732000,0.099708751213,76,7.6,27,0,2666,2675,0.920388472731,0.934194299822,75,7.5,25,2,2581,2577,0.802271952064,0.796136028913,76,7.6,27,0,2672,2665,0.914252549580,0.903514684065,75,7.5,27,1,2048,2047,-0.027611654182,-0.029145634970,75,7.5,26,0
174,2026-09-05T05:44:52.020346+00:00,175853265000000,175853296000000,9.468000000,fixed_trajectory,1,0,2089,2088,0.101242732000,0.099708751213,76,7.6,27,0,2666,2675,0.920388472731,0.934194299822,75,7.5,25,1,2581,2577,0.802271952064,0.796136028913,76,7.6,27,0,2672,2665,0.914252549580,0.903514684065,75,7.5,27,1,2048,2047,-0.027611654182,-0.029145634970,75,7.5,26,0
175,2026-09-05T05:44:52.059738+00:00,175853312000000,175853328000000,9.500000000,fixed_trajectory,1,0,2089,2088,0.101242732000,0.099708751213,76,7.6,27,0,2666,2675,0.920388472731,0.934194299822,75,7.5,25,1,2581,2577,0.802271952064,0.796136028913,76,7.6,27,1,2672,2664,0.914252549580,0.901980703277,75,7.5,27,1,2048,2046,-0.027611654182,-0.030679615758,75,7.5,26,1
176,2026-09-05T05:44:52.113164+00:00,175853359000000,175853390000000,9.562000000,fixed_trajectory,1,0,2089,2088,0.101242732000,0.099708751213,76,7.6,27,0,2666,2676,0.920388472731,0.935728280610,75,7.5,25,2,2581,2576,0.802271952064,0.794602048125,76,7.6,27,0,2672,2663,0.914252549580,0.900446722489,75,7.5,27,1,2047,2046,-0.029145634970,-0.030679615758,75,7.5,26,0
177,2026-09-05T05:44:52.160710+00:00,175853406000000,175853437000000,9.609000000,fixed_trajectory,1,0,2089,2088,0.101242732000,0.099708751213,76,7.6,27,0,2666,2676,0.920388472731,0.935728280610,75,7.5,25,1,2581,2576,0.802271952064,0.794602048125,76,7.6,27,1,2672,2662,0.914252549580,0.898912741701,75,7.5,27,2,2047,2045,-0.029145634970,-0.032213596546,76,7.6,26,1
178,2026-09-05T05:44:52.208234+00:00,175853453000000,175853484000000,9.656000000,fixed_trajectory,1,0,2089,2088,0.101242732000,0.099708751213,76,7.6,27,0,2666,2677,0.920388472731,0.937262261398,75,7.5,25,2,2581,2575,0.802271952064,0.793068067337,76,7.6,27,2,2672,2661,0.914252549580,0.897378760913,75,7.5,27,2,2047,2045,-0.029145634970,-0.032213596546,75,7.5,26,1
179,2026-09-05T05:44:52.249055+00:00,175853500000000,175853531000000,9.703000000,fixed_trajectory,1,0,2089,2088,0.101242732000,0.099708751213,76,7.6,27,0,2666,2677,0.920388472731,0.937262261398,75,7.5,25,2,2581,2575,0.802271952064,0.793068067337,76,7.6,27,1,2672,2660,0.914252549580,0.895844780125,75,7.5,27,2,2047,2044,-0.029145634970,-0.033747577333,75,7.5,26,0
180,2026-09-05T05:44:52.318595+00:00,175853562000000,175853593000000,9.765000000,fixed_trajectory,1,0,2089,2088,0.101242732000,0.099708751213,76,7.6,27,0,2666,2678,0.920388472731,0.938796242186,75,7.5,25,1,2581,2574,0.802271952064,0.791534086549,76,7.6,27,1,2671,2659,0.912718568792,0.894310799337,75,7.5,27,1,2047,2044,-0.029145634970,-0.033747577333,75,7.5,26,0
181,2026-09-05T05:44:52.360647+00:00,175853609000000,175853640000000,9.812000000,fixed_trajectory,1,0,2089,2088,0.101242732000,0.099708751213,76,7.6,27,0,2667,2678,0.921922453519,0.938796242186,75,7.5,25,1,2581,2574,0.802271952064,0.791534086549,76,7.6,27,1,2669,2658,0.909650607216,0.892776818549,75,7.5,27,1,2047,2043,-0.029145634970,-0.035281558121,75,7.5,26,1
182,2026-09-05T05:44:52.409608+00:00,175853656000000,175853687000000,9.859000000,fixed_trajectory,1,0,2089,2088,0.101242732000,0.099708751213,76,7.6,27,0,2670,2679,0.926524395883,0.940330222974,75,7.5,25,2,2581,2573,0.802271952064,0.790000105761,75,7.5,27,1,2666,2657,0.905048664853,0.891242837762,75,7.5,27,1,2047,2043,-0.029145634970,-0.035281558121,75,7.5,26,1
183,2026-09-05T05:44:52.450406+00:00,175853703000000,175853718000000,9.890000000,fixed_trajectory,1,0,2089,2088,0.101242732000,0.099708751213,76,7.6,27,0,2670,2679,0.926524395883,0.940330222974,75,7.5,25,1,2581,2573,0.802271952064,0.790000105761,76,7.6,27,1,2666,2656,0.905048664853,0.889708856974,75,7.5,27,2,2047,2042,-0.029145634970,-0.036815538909,75,7.5,26,1
184,2026-09-05T05:44:52.616375+00:00,175853859000000,175853890000000,10.062000000,fixed_trajectory,1,0,2089,2088,0.101242732000,0.099708751213,76,7.6,27,0,2670,2680,0.926524395883,0.941864203762,75,7.5,25,1,2581,2572,0.802271952064,0.788466124973,76,7.6,27,1,2662,2655,0.898912741701,0.888174876186,75,7.5,27,1,2047,2042,-0.029145634970,-0.036815538909,75,7.5,26,1
185,2026-09-05T05:44:52.655623+00:00,175853906000000,175853937000000,10.109000000,fixed_trajectory,1,0,2089,2088,0.101242732000,0.099708751213,76,7.6,27,0,2670,2680,0.926524395883,0.941864203762,75,7.5,25,2,2581,2572,0.802271952064,0.788466124973,75,7.5,27,2,2662,2654,0.898912741701,0.886640895398,75,7.5,27,1,2047,2041,-0.029145634970,-0.038349519697,75,7.5,26,1
186,2026-09-05T05:44:52.706237+00:00,175853953000000,175853984000000,10.156000000,fixed_trajectory,1,0,2089,2088,0.101242732000,0.099708751213,76,7.6,27,0,2670,2680,0.926524395883,0.941864203762,75,7.5,25,1,2581,2571,0.802271952064,0.786932144185,76,7.6,27,2,2662,2653,0.898912741701,0.885106914610,75,7.5,27,2,2047,2041,-0.029145634970,-0.038349519697,75,7.5,26,0
187,2026-09-05T05:44:52.758304+00:00,175854000000000,175854031000000,10.203000000,fixed_trajectory,1,0,2089,2088,0.101242732000,0.099708751213,76,7.6,27,0,2670,2681,0.926524395883,0.943398184550,75,7.5,25,2,2579,2571,0.799203990488,0.786932144185,76,7.6,27,1,2662,2652,0.898912741701,0.883572933822,75,7.5,27,2,2044,2040,-0.033747577333,-0.039883500485,75,7.5,26,1
188,2026-09-05T05:44:52.799351+00:00,175854046000000,175854078000000,10.250000000,fixed_trajectory,1,0,2089,2088,0.101242732000,0.099708751213,76,7.6,27,0,2673,2681,0.931126338247,0.943398184550,75,7.5,25,1,2576,2570,0.794602048125,0.785398163397,76,7.6,27,0,2662,2651,0.898912741701,0.882038953034,75,7.5,27,2,2042,2040,-0.036815538909,-0.039883500485,75,7.5,26,0
189,2026-09-05T05:44:52.855200+00:00,175854093000000,175854125000000,10.297000000,fixed_trajectory,1,0,2089,2088,0.101242732000,0.099708751213,76,7.6,27,0,2674,2682,0.932660319034,0.944932165338,75,7.5,25,1,2574,2570,0.791534086549,0.785398163397,76,7.6,27,0,2662,2650,0.898912741701,0.880504972246,75,7.5,27,2,2041,2039,-0.038349519697,-0.041417481273,75,7.5,26,0
190,2026-09-05T05:44:52.904440+00:00,175854156000000,175854171000000,10.343000000,fixed_trajectory,1,0,2089,2088,0.101242732000,0.099708751213,76,7.6,27,0,2674,2682,0.932660319034,0.944932165338,75,7.5,25,2,2574,2569,0.791534086549,0.783864182610,76,7.6,27,1,2662,2649,0.898912741701,0.878970991458,75,7.5,27,2,2041,2039,-0.038349519697,-0.041417481273,75,7.5,26,1
191,2026-09-05T05:44:52.956732+00:00,175854203000000,175854234000000,10.406000000,fixed_trajectory,1,0,2089,2088,0.101242732000,0.099708751213,76,7.6,27,0,2674,2683,0.932660319034,0.946466146125,75,7.5,25,1,2574,2569,0.791534086549,0.783864182610,76,7.6,27,1,2662,2648,0.898912741701,0.877437010671,75,7.5,27,2,2041,2038,-0.038349519697,-0.042951462061,75,7.5,26,1
192,2026-09-05T05:44:53.000998+00:00,175854250000000,175854281000000,10.453000000,fixed_trajectory,1,0,2089,2088,0.101242732000,0.099708751213,76,7.6,27,0,2674,2683,0.932660319034,0.946466146125,75,7.5,25,1,2574,2568,0.791534086549,0.782330201822,76,7.6,27,1,2662,2647,0.898912741701,0.875903029883,75,7.5,27,3,2041,2038,-0.038349519697,-0.042951462061,75,7.5,26,1
193,2026-09-05T05:44:53.057212+00:00,175854296000000,175854328000000,10.500000000,fixed_trajectory,1,0,2089,2088,0.101242732000,0.099708751213,76,7.6,27,0,2674,2684,0.932660319034,0.948000126913,75,7.5,25,2,2574,2568,0.791534086549,0.782330201822,76,7.6,27,1,2660,2646,0.895844780125,0.874369049095,75,7.5,27,2,2041,2037,-0.038349519697,-0.044485442849,75,7.5,26,0
194,2026-09-05T05:44:53.228626+00:00,175854468000000,175854500000000,10.672000000,fixed_trajectory,1,0,2089,2088,0.101242732000,0.099708751213,76,7.6,27,0,2675,2684,0.934194299822,0.948000126913,75,7.5,25,1,2574,2567,0.791534086549,0.780796221034,76,7.6,27,1,2654,2645,0.886640895398,0.872835068307,75,7.5,27,1,2041,2037,-0.038349519697,-0.044485442849,75,7.5,26,0
195,2026-09-05T05:44:53.264164+00:00,175854515000000,175854546000000,10.718000000,fixed_trajectory,1,0,2089,2088,0.101242732000,0.099708751213,76,7.6,27,0,2675,2684,0.934194299822,0.948000126913,75,7.5,25,1,2574,2567,0.791534086549,0.780796221034,76,7.6,27,1,2654,2644,0.886640895398,0.871301087519,75,7.5,27,1,2041,2036,-0.038349519697,-0.046019423637,75,7.5,26,1
196,2026-09-05T05:44:53.312073+00:00,175854562000000,175854593000000,10.765000000,fixed_trajectory,1,0,2089,2088,0.101242732000,0.099708751213,76,7.6,27,0,2675,2685,0.934194299822,0.949534107701,75,7.5,25,1,2574,2567,0.791534086549,0.780796221034,76,7.6,27,2,2654,2643,0.886640895398,0.869767106731,75,7.5,27,2,2041,2036,-0.038349519697,-0.046019423637,75,7.5,26,0
197,2026-09-05T05:44:53.358920+00:00,175854609000000,175854640000000,10.812000000,fixed_trajectory,1,0,2089,2088,0.101242732000,0.099708751213,76,7.6,27,0,2675,2685,0.934194299822,0.949534107701,75,7.5,25,1,2574,2566,0.791534086549,0.779262240246,75,7.5,27,1,2653,2642,0.885106914610,0.868233125943,75,7.5,27,1,2041,2035,-0.038349519697,-0.047553404424,75,7.5,26,0
198,2026-09-05T05:44:53.417721+00:00,175854656000000,175854687000000,10.859000000,fixed_trajectory,1,0,2089,2088,0.101242732000,0.099708751213,76,7.6,27,0,2679,2686,0.940330222974,0.951068088489,75,7.5,25,1,2573,2566,0.790000105761,0.779262240246,76,7.6,27,0,2650,2641,0.880504972246,0.866699145155,75,7.5,27,2,2041,2035,-0.038349519697,-0.047553404424,75,7.5,26,1
199,2026-09-05T05:44:53.458086+00:00,175854703000000,175854734000000,10.906000000,fixed_trajectory,1,0,2089,2088,0.101242732000,0.099708751213,76,7.6,27,0,2679,2686,0.940330222974,0.951068088489,75,7.5,25,1,2573,2565,0.790000105761,0.777728259458,75,7.5,27,1,2649,2640,0.878970991458,0.865165164368,75,7.5,27,1,2041,2034,-0.038349519697,-0.049087385212,76,7.6,26,1
200,2026-09-05T05:44:53.527696+00:00,175854765000000,175854796000000,10.968000000,fixed_trajectory,1,0,2089,2088,0.101242732000,0.099708751213,76,7.6,27,0,2679,2687,0.940330222974,0.952602069277,75,7.5,25,2,2573,2565,0.790000105761,0.777728259458,76,7.6,27,1,2647,2639,0.875903029883,0.863631183580,75,7.5,27,1,2041,2034,-0.038349519697,-0.049087385212,75,7.5,26,1
201,2026-09-05T05:44:53.562398+00:00,175854812000000,175854843000000,11.015000000,fixed_trajectory,1,0,2089,2088,0.101242732000,0.099708751213,76,7.6,27,0,2679,2687,0.940330222974,0.952602069277,75,7.5,25,1,2573,2564,0.790000105761,0.776194278670,75,7.5,27,2,2646,2638,0.874369049095,0.862097202792,75,7.5,27,2,2041,2033,-0.038349519697,-0.050621366000,75,7.5,26,1
202,2026-09-05T05:44:53.617730+00:00,175854859000000,175854890000000,11.062000000,fixed_trajectory,1,0,2089,2088,0.101242732000,0.099708751213,76,7.6,27,0,2679,2688,0.940330222974,0.954136050065,75,7.5,25,2,2573,2564,0.790000105761,0.776194278670,76,7.6,27,2,2646,2637,0.874369049095,0.860563222004,75,7.5,27,1,2039,2033,-0.041417481273,-0.050621366000,75,7.5,26,1
203,2026-09-05T05:44:53.662362+00:00,175854906000000,175854937000000,11.109000000,fixed_trajectory,1,0,2089,2088,0.101242732000,0.099708751213,76,7.6,27,0,2679,2688,0.940330222974,0.954136050065,75,7.5,25,1,2570,2563,0.785398163397,0.774660297882,76,7.6,27,0,2646,2636,0.874369049095,0.859029241216,75,7.5,27,2,2036,2032,-0.046019423637,-0.052155346788,75,7.5,26,0
204,2026-09-05T05:44:53.836853+00:00,175855078000000,175855109000000,11.281000000,fixed_trajectory,1,0,2089,2088,0.101242732000,0.099708751213,76,7.6,27,0,2681,2689,0.943398184550,0.955670030853,75,7.5,25,1,2568,2563,0.782330201822,0.774660297882,76,7.6,27,0,2646,2635,0.874369049095,0.857495260428,75,7.5,27,2,2033,2032,-0.050621366000,-0.052155346788,76,7.6,26,0
205,2026-09-05T05:44:53.872041+00:00,175855125000000,175855140000000,11.312000000,fixed_trajectory,1,0,2089,2088,0.101242732000,0.099708751213,76,7.6,27,0,2681,2689,0.943398184550,0.955670030853,75,7.5,25,1,2568,2562,0.782330201822,0.773126317094,76,7.6,27,1,2646,2634,0.874369049095,0.855961279640,75,7.5,27,2,2033,2031,-0.050621366000,-0.053689327576,76,7.6,26,0
206,2026-09-05T05:44:53.921010+00:00,175855171000000,175855203000000,11.375000000,fixed_trajectory,1,0,2089,2088,0.101242732000,0.099708751213,76,7.6,27,0,2681,2689,0.943398184550,0.955670030853,75,7.5,25,1,2568,2562,0.782330201822,0.773126317094,76,7.6,27,1,2646,2633,0.874369049095,0.854427298852,75,7.5,27,2,2032,2031,-0.052155346788,-0.053689327576,76,7.6,26,0
207,2026-09-05T05:44:53.973741+00:00,175855218000000,175855250000000,11.422000000,fixed_trajectory,1,0,2089,2088,0.101242732000,0.099708751213,76,7.6,27,0,2681,2690,0.943398184550,0.957204011641,75,7.5,25,2,2568,2561,0.782330201822,0.771592336306,76,7.6,27,2,2644,2632,0.871301087519,0.852893318064,75,7.5,27,1,2032,2030,-0.052155346788,-0.055223308364,75,7.5,26,1
208,2026-09-05T05:44:54.020898+00:00,175855265000000,175855296000000,11.468000000,fixed_trajectory,1,0,2089,2088,0.101242732000,0.099708751213,76,7.6,27,0,2682,2690,0.944932165338,0.957204011641,75,7.5,25,1,2568,2561,0.782330201822,0.771592336306,76,7.6,27,1,2640,2631,0.865165164368,0.851359337277,75,7.5,27,1,2032,2030,-0.052155346788,-0.055223308364,76,7.6,26,1
209,2026-09-05T05:44:54.067414+00:00,175855312000000,175855343000000,11.515000000,fixed_trajectory,1,0,2089,2088,0.101242732000,0.099708751213,76,7.6,27,0,2683,2691,0.946466146125,0.958737992429,75,7.5,25,2,2568,2560,0.782330201822,0.770058355519,76,7.6,27,1,2638,2630,0.862097202792,0.849825356489,75,7.5,27,0,2032,2029,-0.052155346788,-0.056757289152,75,7.5,26,1
210,2026-09-05T05:44:54.124788+00:00,175855375000000,175855406000000,11.578000000,fixed_trajectory,1,0,2089,2088,0.101242732000,0.099708751213,76,7.6,27,0,2684,2691,0.948000126913,0.958737992429,75,7.5,25,1,2568,2560,0.782330201822,0.770058355519,76,7.6,27,2,2637,2629,0.860563222004,0.848291375701,75,7.5,27,2,2032,2029,-0.052155346788,-0.056757289152,75,7.5,26,1
211,2026-09-05T05:44:54.176244+00:00,175855421000000,175855453000000,11.625000000,fixed_trajectory,1,0,2089,2088,0.101242732000,0.099708751213,76,7.6,27,0,2684,2692,0.948000126913,0.960271973216,75,7.5,25,2,2567,2559,0.780796221034,0.768524374731,76,7.6,27,2,2636,2628,0.859029241216,0.846757394913,75,7.5,27,1,2032,2028,-0.052155346788,-0.058291269940,75,7.5,26,0
212,2026-09-05T05:44:54.221015+00:00,175855468000000,175855500000000,11.672000000,fixed_trajectory,1,0,2089,2088,0.101242732000,0.099708751213,76,7.6,27,0,2685,2692,0.949534107701,0.960271973216,75,7.5,25,1,2567,2559,0.780796221034,0.768524374731,75,7.5,27,2,2636,2627,0.859029241216,0.845223414125,75,7.5,27,1,2032,2028,-0.052155346788,-0.058291269940,75,7.5,26,1
213,2026-09-05T05:44:54.283712+00:00,175855515000000,175855562000000,11.734000000,fixed_trajectory,1,0,2089,2088,0.101242732000,0.099708751213,76,7.6,27,0,2685,2693,0.949534107701,0.961805954004,75,7.5,25,1,2567,2558,0.780796221034,0.766990393943,76,7.6,27,2,2632,2626,0.852893318064,0.843689433337,75,7.5,27,0,2032,2027,-0.052155346788,-0.059825250728,75,7.5,26,0
214,2026-09-05T05:44:54.462443+00:00,175855703000000,175855734000000,11.906000000,online_observation,1,0,2089,2088,0.101242732000,0.099708751213,76,7.6,27,0,2687,2693,0.952602069277,0.961805954004,75,7.5,25,1,2564,2558,0.776194278670,0.766990393943,76,7.6,27,1,2628,2625,0.846757394913,0.842155452549,75,7.5,27,1,2032,2027,-0.052155346788,-0.059825250728,75,7.5,26,1
215,2026-09-05T05:44:54.501706+00:00,175855750000000,175855781000000,11.953000000,online_observation,1,0,2089,2088,0.101242732000,0.099708751213,76,7.6,27,0,2687,2693,0.952602069277,0.961805954004,75,7.5,25,1,2564,2558,0.776194278670,0.766990393943,76,7.6,27,1,2628,2625,0.846757394913,0.842155452549,75,7.5,27,1,2032,2027,-0.052155346788,-0.059825250728,75,7.5,26,1
216,2026-09-05T05:44:54.550138+00:00,175855796000000,175855828000000,12.000000000,online_observation,1,0,2089,2088,0.101242732000,0.099708751213,76,7.6,27,0,2687,2693,0.952602069277,0.961805954004,75,7.5,25,1,2564,2558,0.776194278670,0.766990393943,76,7.6,27,1,2628,2625,0.846757394913,0.842155452549,75,7.5,27,1,2032,2027,-0.052155346788,-0.059825250728,75,7.5,26,0
217,2026-09-05T05:44:54.595521+00:00,175855843000000,175855875000000,12.047000000,online_observation,1,0,2089,2088,0.101242732000,0.099708751213,76,7.6,27,0,2687,2693,0.952602069277,0.961805954004,75,7.5,25,1,2564,2558,0.776194278670,0.766990393943,76,7.6,27,1,2628,2625,0.846757394913,0.842155452549,75,7.5,27,0,2032,2027,-0.052155346788,-0.059825250728,75,7.5,26,1
218,2026-09-05T05:44:54.650050+00:00,175855890000000,175855921000000,12.093000000,online_observation,1,0,2089,2088,0.101242732000,0.099708751213,76,7.6,27,0,2687,2693,0.952602069277,0.961805954004,75,7.5,25,1,2564,2558,0.776194278670,0.766990393943,75,7.5,27,1,2628,2625,0.846757394913,0.842155452549,75,7.5,27,1,2032,2027,-0.052155346788,-0.059825250728,75,7.5,26,1
219,2026-09-05T05:44:54.690593+00:00,175855937000000,175855968000000,12.140000000,online_observation,1,0,2089,2088,0.101242732000,0.099708751213,76,7.6,27,0,2687,2693,0.952602069277,0.961805954004,75,7.5,25,1,2564,2558,0.776194278670,0.766990393943,76,7.6,27,1,2628,2625,0.846757394913,0.842155452549,75,7.5,27,1,2032,2027,-0.052155346788,-0.059825250728,76,7.6,26,1
220,2026-09-05T05:44:54.751075+00:00,175856000000000,175856031000000,12.203000000,online_observation,1,0,2089,2088,0.101242732000,0.099708751213,76,7.6,27,0,2687,2693,0.952602069277,0.961805954004,75,7.5,25,1,2564,2558,0.776194278670,0.766990393943,76,7.6,27,1,2628,2625,0.846757394913,0.842155452549,75,7.5,27,1,2032,2027,-0.052155346788,-0.059825250728,75,7.5,26,1
221,2026-09-05T05:44:54.793139+00:00,175856046000000,175856062000000,12.234000000,online_observation,1,0,2089,2088,0.101242732000,0.099708751213,76,7.6,27,0,2687,2693,0.952602069277,0.961805954004,75,7.5,25,1,2564,2558,0.776194278670,0.766990393943,76,7.6,27,1,2628,2625,0.846757394913,0.842155452549,75,7.5,27,1,2032,2027,-0.052155346788,-0.059825250728,75,7.5,26,1
222,2026-09-05T05:44:54.868112+00:00,175856093000000,175856140000000,12.312000000,online_inference,2,0,2089,2088,0.101242732000,0.099708751213,76,7.6,27,0,2687,2693,0.952602069277,0.961805954004,75,7.5,25,1,2564,2558,0.776194278670,0.766990393943,76,7.6,27,1,2628,2625,0.846757394913,0.842155452549,75,7.5,27,1,2032,2027,-0.052155346788,-0.059825250728,75,7.5,26,1
223,2026-09-05T05:44:54.919677+00:00,175856156000000,175856187000000,12.359000000,online_inference,2,0,2089,2088,0.101242732000,0.099708751213,76,7.6,27,0,2687,2693,0.952602069277,0.961805954004,75,7.5,25,1,2564,2558,0.776194278670,0.766990393943,76,7.6,27,1,2628,2625,0.846757394913,0.842155452549,75,7.5,27,0,2032,2027,-0.052155346788,-0.059825250728,75,7.5,26,1
224,2026-09-05T05:44:54.994952+00:00,175856218000000,175856265000000,12.437000000,online_inference,2,0,2089,2088,0.101242732000,0.099708751213,76,7.6,27,0,2687,2693,0.952602069277,0.961805954004,75,7.5,25,1,2564,2558,0.776194278670,0.766990393943,76,7.6,27,1,2628,2625,0.846757394913,0.842155452549,75,7.5,27,0,2032,2027,-0.052155346788,-0.059825250728,75,7.5,26,1
225,2026-09-05T05:44:55.049688+00:00,175856281000000,175856328000000,12.500000000,online_inference,2,0,2089,2088,0.101242732000,0.099708751213,76,7.6,27,0,2687,2693,0.952602069277,0.961805954004,75,7.5,25,1,2564,2558,0.776194278670,0.766990393943,76,7.6,27,1,2628,2625,0.846757394913,0.842155452549,75,7.5,27,1,2032,2027,-0.052155346788,-0.059825250728,75,7.5,26,1
226,2026-09-05T05:44:55.099976+00:00,175856343000000,175856375000000,12.547000000,online_inference,2,0,2089,2088,0.101242732000,0.099708751213,76,7.6,27,0,2687,2693,0.952602069277,0.961805954004,75,7.5,25,1,2564,2558,0.776194278670,0.766990393943,76,7.6,27,1,2628,2625,0.846757394913,0.842155452549,75,7.5,27,0,2032,2027,-0.052155346788,-0.059825250728,76,7.6,26,1
227,2026-09-05T05:44:55.145227+00:00,175856390000000,175856421000000,12.593000000,online_inference,2,0,2089,2088,0.101242732000,0.099708751213,76,7.6,27,0,2687,2693,0.952602069277,0.961805954004,75,7.5,25,1,2564,2558,0.776194278670,0.766990393943,76,7.6,27,1,2628,2625,0.846757394913,0.842155452549,75,7.5,27,1,2032,2027,-0.052155346788,-0.059825250728,75,7.5,26,0
228,2026-09-05T05:44:55.206076+00:00,175856437000000,175856484000000,12.656000000,online_inference,2,0,2089,2088,0.101242732000,0.099708751213,76,7.6,27,0,2687,2693,0.952602069277,0.961805954004,75,7.5,25,1,2564,2558,0.776194278670,0.766990393943,76,7.6,27,1,2628,2625,0.846757394913,0.842155452549,75,7.5,27,1,2032,2027,-0.052155346788,-0.059825250728,75,7.5,26,1
229,2026-09-05T05:44:55.254836+00:00,175856500000000,175856531000000,12.703000000,online_inference,2,0,2089,2088,0.101242732000,0.099708751213,76,7.6,27,0,2687,2693,0.952602069277,0.961805954004,75,7.5,25,1,2564,2558,0.776194278670,0.766990393943,76,7.6,27,1,2628,2625,0.846757394913,0.842155452549,75,7.5,27,0,2032,2027,-0.052155346788,-0.059825250728,75,7.5,26,1
230,2026-09-05T05:44:55.305155+00:00,175856546000000,175856578000000,12.750000000,online_inference,2,0,2089,2088,0.101242732000,0.099708751213,76,7.6,27,0,2687,2693,0.952602069277,0.961805954004,75,7.5,25,1,2564,2558,0.776194278670,0.766990393943,76,7.6,27,1,2628,2625,0.846757394913,0.842155452549,75,7.5,27,1,2032,2027,-0.052155346788,-0.059825250728,75,7.5,26,0
231,2026-09-05T05:44:55.346527+00:00,175856593000000,175856625000000,12.797000000,online_inference,2,0,2089,2088,0.101242732000,0.099708751213,76,7.6,27,0,2687,2693,0.952602069277,0.961805954004,75,7.5,25,1,2564,2558,0.776194278670,0.766990393943,76,7.6,27,1,2628,2625,0.846757394913,0.842155452549,75,7.5,27,0,2032,2027,-0.052155346788,-0.059825250728,75,7.5,26,1
232,2026-09-05T05:44:55.402459+00:00,175856640000000,175856671000000,12.843000000,online_inference,2,0,2089,2088,0.101242732000,0.099708751213,76,7.6,27,0,2687,2693,0.952602069277,0.961805954004,75,7.5,25,1,2564,2558,0.776194278670,0.766990393943,76,7.6,27,1,2628,2625,0.846757394913,0.842155452549,75,7.5,27,0,2032,2027,-0.052155346788,-0.059825250728,75,7.5,26,0
233,2026-09-05T05:44:55.454490+00:00,175856687000000,175856734000000,12.906000000,online_inference,2,0,2089,2088,0.101242732000,0.099708751213,76,7.6,27,0,2687,2693,0.952602069277,0.961805954004,75,7.5,25,1,2564,2558,0.776194278670,0.766990393943,76,7.6,27,1,2628,2625,0.846757394913,0.842155452549,75,7.5,27,1,2032,2027,-0.052155346788,-0.059825250728,75,7.5,26,1
234,2026-09-05T05:44:55.518811+00:00,175856750000000,175856796000000,12.968000000,online_inference,2,0,2089,2088,0.101242732000,0.099708751213,76,7.6,27,0,2687,2693,0.952602069277,0.961805954004,75,7.5,25,1,2564,2558,0.776194278670,0.766990393943,76,7.6,27,1,2628,2625,0.846757394913,0.842155452549,75,7.5,27,1,2032,2027,-0.052155346788,-0.059825250728,75,7.5,26,0
235,2026-09-05T05:44:55.576770+00:00,175856812000000,175856859000000,13.031000000,online_inference,2,0,2089,2088,0.101242732000,0.099708751213,76,7.6,27,0,2687,2693,0.952602069277,0.961805954004,75,7.5,25,0,2564,2558,0.776194278670,0.766990393943,76,7.6,27,1,2628,2625,0.846757394913,0.842155452549,75,7.5,27,1,2032,2027,-0.052155346788,-0.059825250728,75,7.5,26,1
236,2026-09-05T05:44:55.638283+00:00,175856875000000,175856906000000,13.078000000,online_inference,2,0,2089,2088,0.101242732000,0.099708751213,76,7.6,27,0,2687,2693,0.952602069277,0.961805954004,75,7.5,25,1,2564,2558,0.776194278670,0.766990393943,76,7.6,27,0,2628,2625,0.846757394913,0.842155452549,75,7.5,27,1,2032,2027,-0.052155346788,-0.059825250728,76,7.6,26,1
237,2026-09-05T05:44:55.690025+00:00,175856921000000,175856968000000,13.140000000,online_inference,2,0,2089,2088,0.101242732000,0.099708751213,76,7.6,27,0,2687,2693,0.952602069277,0.961805954004,75,7.5,25,1,2564,2558,0.776194278670,0.766990393943,76,7.6,27,1,2628,2625,0.846757394913,0.842155452549,75,7.5,27,1,2032,2027,-0.052155346788,-0.059825250728,76,7.6,26,1
238,2026-09-05T05:44:55.752908+00:00,175856984000000,175857031000000,13.203000000,online_inference,2,0,2089,2088,0.101242732000,0.099708751213,76,7.6,27,0,2687,2693,0.952602069277,0.961805954004,75,7.5,25,1,2564,2558,0.776194278670,0.766990393943,76,7.6,27,1,2628,2625,0.846757394913,0.842155452549,75,7.5,27,1,2032,2027,-0.052155346788,-0.059825250728,76,7.6,26,0
239,2026-09-05T05:44:55.804566+00:00,175857046000000,175857078000000,13.250000000,online_inference,2,0,2089,2088,0.101242732000,0.099708751213,76,7.6,27,0,2687,2693,0.952602069277,0.961805954004,75,7.5,25,1,2564,2558,0.776194278670,0.766990393943,76,7.6,27,1,2628,2625,0.846757394913,0.842155452549,75,7.5,27,1,2032,2027,-0.052155346788,-0.059825250728,76,7.6,26,1
240,2026-09-05T05:44:55.859731+00:00,175857093000000,175857140000000,13.312000000,online_inference,2,0,2089,2088,0.101242732000,0.099708751213,76,7.6,27,0,2687,2693,0.952602069277,0.961805954004,75,7.5,25,1,2564,2558,0.776194278670,0.766990393943,76,7.6,27,1,2628,2625,0.846757394913,0.842155452549,75,7.5,27,1,2032,2027,-0.052155346788,-0.059825250728,75,7.5,26,1
241,2026-09-05T05:44:55.911556+00:00,175857156000000,175857187000000,13.359000000,online_inference,2,0,2089,2088,0.101242732000,0.099708751213,76,7.6,27,0,2687,2693,0.952602069277,0.961805954004,75,7.5,25,1,2564,2558,0.776194278670,0.766990393943,76,7.6,27,1,2628,2625,0.846757394913,0.842155452549,75,7.5,27,0,2032,2027,-0.052155346788,-0.059825250728,75,7.5,26,1
242,2026-09-05T05:44:55.963932+00:00,175857203000000,175857234000000,13.406000000,online_inference,2,0,2089,2088,0.101242732000,0.099708751213,76,7.6,27,0,2687,2693,0.952602069277,0.961805954004,75,7.5,25,1,2564,2558,0.776194278670,0.766990393943,76,7.6,27,1,2628,2625,0.846757394913,0.842155452549,75,7.5,27,1,2032,2027,-0.052155346788,-0.059825250728,75,7.5,26,1
243,2026-09-05T05:44:56.023247+00:00,175857265000000,175857296000000,13.468000000,online_inference,2,0,2089,2088,0.101242732000,0.099708751213,76,7.6,27,0,2687,2693,0.952602069277,0.961805954004,75,7.5,25,1,2564,2558,0.776194278670,0.766990393943,76,7.6,27,1,2628,2625,0.846757394913,0.842155452549,75,7.5,27,0,2032,2027,-0.052155346788,-0.059825250728,75,7.5,26,1
244,2026-09-05T05:44:56.077088+00:00,175857312000000,175857359000000,13.531000000,online_inference,2,0,2089,2088,0.101242732000,0.099708751213,76,7.6,27,0,2687,2693,0.952602069277,0.961805954004,75,7.5,25,1,2564,2558,0.776194278670,0.766990393943,76,7.6,27,1,2628,2625,0.846757394913,0.842155452549,75,7.5,27,0,2032,2027,-0.052155346788,-0.059825250728,75,7.5,26,1
245,2026-09-05T05:44:56.131206+00:00,175857375000000,175857406000000,13.578000000,online_inference,2,0,2089,2088,0.101242732000,0.099708751213,76,7.6,27,0,2687,2693,0.952602069277,0.961805954004,75,7.5,25,1,2564,2558,0.776194278670,0.766990393943,76,7.6,27,0,2628,2625,0.846757394913,0.842155452549,75,7.5,27,0,2032,2027,-0.052155346788,-0.059825250728,75,7.5,26,0
246,2026-09-05T05:44:56.179866+00:00,175857421000000,175857453000000,13.625000000,online_inference,2,0,2089,2088,0.101242732000,0.099708751213,76,7.6,27,0,2687,2693,0.952602069277,0.961805954004,75,7.5,25,1,2564,2558,0.776194278670,0.766990393943,76,7.6,27,1,2628,2625,0.846757394913,0.842155452549,75,7.5,27,1,2032,2027,-0.052155346788,-0.059825250728,75,7.5,26,1
247,2026-09-05T05:44:56.225020+00:00,175857468000000,175857500000000,13.672000000,online_inference,2,0,2089,2088,0.101242732000,0.099708751213,76,7.6,27,0,2687,2693,0.952602069277,0.961805954004,75,7.5,25,1,2564,2558,0.776194278670,0.766990393943,76,7.6,27,1,2628,2625,0.846757394913,0.842155452549,75,7.5,27,0,2032,2027,-0.052155346788,-0.059825250728,75,7.5,26,1
248,2026-09-05T05:44:56.275536+00:00,175857515000000,175857546000000,13.718000000,online_inference,2,0,2089,2088,0.101242732000,0.099708751213,76,7.6,27,0,2687,2693,0.952602069277,0.961805954004,75,7.5,25,1,2564,2558,0.776194278670,0.766990393943,76,7.6,27,0,2628,2625,0.846757394913,0.842155452549,75,7.5,27,0,2032,2027,-0.052155346788,-0.059825250728,75,7.5,26,1
249,2026-09-05T05:44:56.326404+00:00,175857562000000,175857593000000,13.765000000,online_inference,2,0,2089,2088,0.101242732000,0.099708751213,76,7.6,27,0,2687,2693,0.952602069277,0.961805954004,75,7.5,25,1,2564,2558,0.776194278670,0.766990393943,76,7.6,27,1,2628,2625,0.846757394913,0.842155452549,75,7.5,27,1,2032,2027,-0.052155346788,-0.059825250728,75,7.5,26,1
250,2026-09-05T05:44:56.384348+00:00,175857625000000,175857656000000,13.828000000,online_inference,2,0,2089,2088,0.101242732000,0.099708751213,76,7.6,27,0,2687,2693,0.952602069277,0.961805954004,75,7.5,25,1,2564,2558,0.776194278670,0.766990393943,76,7.6,27,0,2628,2625,0.846757394913,0.842155452549,75,7.5,27,1,2032,2027,-0.052155346788,-0.059825250728,75,7.5,26,1
251,2026-09-05T05:44:56.434096+00:00,175857671000000,175857703000000,13.875000000,online_inference,2,0,2089,2088,0.101242732000,0.099708751213,76,7.6,27,0,2687,2693,0.952602069277,0.961805954004,75,7.5,25,1,2564,2558,0.776194278670,0.766990393943,76,7.6,27,1,2628,2625,0.846757394913,0.842155452549,75,7.5,27,1,2032,2027,-0.052155346788,-0.059825250728,75,7.5,26,1
252,2026-09-05T05:44:56.476581+00:00,175857718000000,175857750000000,13.922000000,online_inference,2,0,2089,2088,0.101242732000,0.099708751213,76,7.6,27,0,2687,2693,0.952602069277,0.961805954004,75,7.5,25,0,2564,2558,0.776194278670,0.766990393943,76,7.6,27,1,2628,2625,0.846757394913,0.842155452549,75,7.5,27,1,2032,2027,-0.052155346788,-0.059825250728,75,7.5,26,1
253,2026-09-05T05:44:56.543908+00:00,175857781000000,175857812000000,13.984000000,online_inference,2,0,2089,2088,0.101242732000,0.099708751213,76,7.6,27,0,2687,2693,0.952602069277,0.961805954004,75,7.5,25,1,2564,2558,0.776194278670,0.766990393943,76,7.6,27,0,2628,2625,0.846757394913,0.842155452549,75,7.5,27,1,2032,2027,-0.052155346788,-0.059825250728,75,7.5,26,1
254,2026-09-05T05:44:56.580539+00:00,175857828000000,175857859000000,14.031000000,online_inference,2,0,2089,2088,0.101242732000,0.099708751213,76,7.6,27,0,2687,2693,0.952602069277,0.961805954004,75,7.5,25,1,2564,2558,0.776194278670,0.766990393943,76,7.6,27,1,2628,2625,0.846757394913,0.842155452549,75,7.5,27,1,2032,2027,-0.052155346788,-0.059825250728,75,7.5,26,0
255,2026-09-05T05:44:56.636612+00:00,175857875000000,175857906000000,14.078000000,online_inference,2,0,2089,2088,0.101242732000,0.099708751213,76,7.6,27,0,2687,2693,0.952602069277,0.961805954004,75,7.5,25,1,2564,2558,0.776194278670,0.766990393943,76,7.6,27,1,2628,2625,0.846757394913,0.842155452549,75,7.5,27,0,2032,2027,-0.052155346788,-0.059825250728,75,7.5,26,1
256,2026-09-05T05:44:56.683134+00:00,175857921000000,175857953000000,14.125000000,online_inference,2,0,2089,2088,0.101242732000,0.099708751213,76,7.6,27,0,2687,2693,0.952602069277,0.961805954004,75,7.5,25,1,2564,2558,0.776194278670,0.766990393943,76,7.6,27,1,2628,2625,0.846757394913,0.842155452549,75,7.5,27,0,2032,2027,-0.052155346788,-0.059825250728,75,7.5,26,1
257,2026-09-05T05:44:56.740167+00:00,175857968000000,175858015000000,14.187000000,online_inference,2,0,2089,2088,0.101242732000,0.099708751213,76,7.6,27,0,2687,2693,0.952602069277,0.961805954004,75,7.5,25,1,2564,2558,0.776194278670,0.766990393943,76,7.6,27,1,2628,2625,0.846757394913,0.842155452549,75,7.5,27,1,2032,2027,-0.052155346788,-0.059825250728,76,7.6,26,0
258,2026-09-05T05:44:56.789517+00:00,175858031000000,175858062000000,14.234000000,online_inference,2,0,2089,2088,0.101242732000,0.099708751213,76,7.6,27,0,2687,2693,0.952602069277,0.961805954004,75,7.5,25,1,2564,2558,0.776194278670,0.766990393943,76,7.6,27,1,2628,2625,0.846757394913,0.842155452549,75,7.5,27,1,2032,2027,-0.052155346788,-0.059825250728,75,7.5,26,0
259,2026-09-05T05:44:56.837830+00:00,175858078000000,175858109000000,14.281000000,online_inference,2,0,2089,2088,0.101242732000,0.099708751213,76,7.6,27,0,2687,2693,0.952602069277,0.961805954004,75,7.5,25,1,2564,2558,0.776194278670,0.766990393943,76,7.6,27,1,2628,2625,0.846757394913,0.842155452549,75,7.5,27,1,2032,2027,-0.052155346788,-0.059825250728,75,7.5,26,1
260,2026-09-05T05:44:56.886934+00:00,175858125000000,175858156000000,14.328000000,online_inference,2,0,2089,2088,0.101242732000,0.099708751213,76,7.6,27,0,2687,2693,0.952602069277,0.961805954004,75,7.5,25,1,2564,2558,0.776194278670,0.766990393943,76,7.6,27,1,2628,2625,0.846757394913,0.842155452549,75,7.5,27,0,2032,2027,-0.052155346788,-0.059825250728,75,7.5,26,1
261,2026-09-05T05:44:56.938066+00:00,175858171000000,175858218000000,14.390000000,online_inference,2,0,2089,2088,0.101242732000,0.099708751213,76,7.6,27,0,2687,2693,0.952602069277,0.961805954004,75,7.5,25,1,2564,2558,0.776194278670,0.766990393943,76,7.6,27,1,2628,2625,0.846757394913,0.842155452549,75,7.5,27,0,2032,2027,-0.052155346788,-0.059825250728,75,7.5,26,0
262,2026-09-05T05:44:56.994299+00:00,175858234000000,175858265000000,14.437000000,online_inference,2,0,2089,2088,0.101242732000,0.099708751213,76,7.6,27,0,2687,2693,0.952602069277,0.961805954004,75,7.5,25,0,2564,2558,0.776194278670,0.766990393943,76,7.6,27,1,2628,2625,0.846757394913,0.842155452549,75,7.5,27,0,2032,2027,-0.052155346788,-0.059825250728,75,7.5,26,0
263,2026-09-05T05:44:57.052333+00:00,175858281000000,175858328000000,14.500000000,online_inference,2,0,2089,2088,0.101242732000,0.099708751213,76,7.6,27,0,2687,2693,0.952602069277,0.961805954004,75,7.5,25,1,2564,2558,0.776194278670,0.766990393943,76,7.6,27,1,2628,2625,0.846757394913,0.842155452549,75,7.5,27,1,2032,2027,-0.052155346788,-0.059825250728,75,7.5,26,1
264,2026-09-05T05:44:57.106464+00:00,175858343000000,175858375000000,14.547000000,online_inference,2,0,2089,2088,0.101242732000,0.099708751213,76,7.6,27,0,2687,2693,0.952602069277,0.961805954004,75,7.5,25,1,2564,2558,0.776194278670,0.766990393943,76,7.6,27,1,2628,2625,0.846757394913,0.842155452549,75,7.5,27,1,2032,2027,-0.052155346788,-0.059825250728,75,7.5,26,2
265,2026-09-05T05:44:57.153288+00:00,175858390000000,175858421000000,14.593000000,online_inference,2,0,2089,2088,0.101242732000,0.099708751213,76,7.6,27,0,2687,2693,0.952602069277,0.961805954004,75,7.5,25,1,2564,2558,0.776194278670,0.766990393943,76,7.6,27,0,2628,2625,0.846757394913,0.842155452549,75,7.5,27,1,2032,2027,-0.052155346788,-0.059825250728,75,7.5,26,1
266,2026-09-05T05:44:57.202424+00:00,175858437000000,175858484000000,14.656000000,online_inference,2,0,2089,2088,0.101242732000,0.099708751213,76,7.6,27,0,2687,2693,0.952602069277,0.961805954004,75,7.5,25,1,2564,2558,0.776194278670,0.766990393943,76,7.6,27,1,2628,2625,0.846757394913,0.842155452549,75,7.5,27,1,2032,2027,-0.052155346788,-0.059825250728,75,7.5,26,1
267,2026-09-05T05:44:57.260466+00:00,175858500000000,175858531000000,14.703000000,online_inference,2,0,2089,2088,0.101242732000,0.099708751213,76,7.6,27,0,2687,2693,0.952602069277,0.961805954004,75,7.5,25,0,2564,2558,0.776194278670,0.766990393943,76,7.6,27,1,2628,2625,0.846757394913,0.842155452549,75,7.5,27,0,2032,2027,-0.052155346788,-0.059825250728,75,7.5,26,1
268,2026-09-05T05:44:57.301978+00:00,175858546000000,175858578000000,14.750000000,online_inference,2,0,2089,2088,0.101242732000,0.099708751213,76,7.6,27,0,2687,2693,0.952602069277,0.961805954004,75,7.5,25,1,2564,2558,0.776194278670,0.766990393943,76,7.6,27,1,2628,2625,0.846757394913,0.842155452549,75,7.5,27,1,2032,2027,-0.052155346788,-0.059825250728,76,7.6,26,0
269,2026-09-05T05:44:57.356388+00:00,175858593000000,175858625000000,14.797000000,online_inference,2,0,2089,2088,0.101242732000,0.099708751213,76,7.6,27,0,2687,2693,0.952602069277,0.961805954004,75,7.5,25,1,2564,2558,0.776194278670,0.766990393943,76,7.6,27,1,2628,2625,0.846757394913,0.842155452549,75,7.5,27,0,2032,2027,-0.052155346788,-0.059825250728,75,7.5,26,1
270,2026-09-05T05:44:57.405907+00:00,175858640000000,175858687000000,14.859000000,online_inference,2,0,2089,2088,0.101242732000,0.099708751213,76,7.6,27,0,2687,2693,0.952602069277,0.961805954004,75,7.5,25,1,2564,2558,0.776194278670,0.766990393943,76,7.6,27,1,2628,2625,0.846757394913,0.842155452549,75,7.5,27,1,2032,2027,-0.052155346788,-0.059825250728,75,7.5,26,1
271,2026-09-05T05:44:57.455372+00:00,175858703000000,175858734000000,14.906000000,online_inference,2,0,2089,2088,0.101242732000,0.099708751213,76,7.6,27,0,2687,2693,0.952602069277,0.961805954004,75,7.5,25,0,2564,2558,0.776194278670,0.766990393943,75,7.5,27,1,2628,2625,0.846757394913,0.842155452549,75,7.5,27,1,2032,2027,-0.052155346788,-0.059825250728,75,7.5,26,1
272,2026-09-05T05:44:57.503604+00:00,175858750000000,175858781000000,14.953000000,online_archive,2,0,2089,2088,0.101242732000,0.099708751213,76,7.6,27,0,2687,2693,0.952602069277,0.961805954004,75,7.5,25,0,2564,2558,0.776194278670,0.766990393943,76,7.6,27,1,2628,2625,0.846757394913,0.842155452549,75,7.5,27,1,2032,2027,-0.052155346788,-0.059825250728,75,7.5,26,1
273,2026-09-05T05:44:57.549994+00:00,175858796000000,175858828000000,15.000000000,online_archive,2,0,2089,2088,0.101242732000,0.099708751213,76,7.6,27,0,2687,2693,0.952602069277,0.961805954004,75,7.5,26,0,2564,2558,0.776194278670,0.766990393943,75,7.5,27,1,2628,2625,0.846757394913,0.842155452549,75,7.5,27,1,2032,2027,-0.052155346788,-0.059825250728,75,7.5,26,1
274,2026-09-05T05:44:57.611752+00:00,175858859000000,175858890000000,15.062000000,fixed_trajectory,2,0,2089,2088,0.101242732000,0.099708751213,76,7.6,27,0,2687,2693,0.952602069277,0.961805954004,75,7.5,25,0,2564,2558,0.776194278670,0.766990393943,76,7.6,27,1,2628,2625,0.846757394913,0.842155452549,75,7.5,27,1,2032,2027,-0.052155346788,-0.059825250728,76,7.6,26,1
275,2026-09-05T05:44:57.662156+00:00,175858906000000,175858937000000,15.109000000,fixed_trajectory,2,0,2089,2088,0.101242732000,0.099708751213,76,7.6,27,0,2687,2693,0.952602069277,0.961805954004,75,7.5,25,1,2564,2558,0.776194278670,0.766990393943,76,7.6,27,1,2628,2624,0.846757394913,0.840621471761,75,7.5,27,1,2032,2027,-0.052155346788,-0.059825250728,76,7.6,26,1
276,2026-09-05T05:44:57.715236+00:00,175858953000000,175858984000000,15.156000000,fixed_trajectory,2,0,2089,2088,0.101242732000,0.099708751213,76,7.6,27,0,2687,2694,0.952602069277,0.963339934792,75,7.5,25,1,2564,2557,0.776194278670,0.765456413155,76,7.6,27,1,2628,2623,0.846757394913,0.839087490973,75,7.5,27,0,2032,2026,-0.052155346788,-0.061359231515,75,7.5,26,1
277,2026-09-05T05:44:57.755521+00:00,175859000000000,175859031000000,15.203000000,fixed_trajectory,2,0,2089,2088,0.101242732000,0.099708751213,76,7.6,27,0,2687,2694,0.952602069277,0.963339934792,75,7.5,25,1,2564,2557,0.776194278670,0.765456413155,76,7.6,27,1,2628,2622,0.846757394913,0.837553510186,75,7.5,27,1,2032,2026,-0.052155346788,-0.061359231515,76,7.6,26,1
278,2026-09-05T05:44:57.799398+00:00,175859046000000,175859078000000,15.250000000,fixed_trajectory,2,0,2089,2088,0.101242732000,0.099708751213,76,7.6,27,0,2687,2695,0.952602069277,0.964873915580,75,7.5,25,1,2564,2557,0.776194278670,0.765456413155,76,7.6,27,1,2628,2621,0.846757394913,0.836019529398,75,7.5,27,1,2032,2026,-0.052155346788,-0.061359231515,76,7.6,26,1
279,2026-09-05T05:44:57.842796+00:00,175859093000000,175859125000000,15.297000000,fixed_trajectory,2,0,2089,2088,0.101242732000,0.099708751213,76,7.6,27,0,2688,2695,0.954136050065,0.964873915580,75,7.5,25,0,2564,2556,0.776194278670,0.763922432367,76,7.6,27,1,2628,2620,0.846757394913,0.834485548610,75,7.5,27,1,2032,2025,-0.052155346788,-0.062893212303,75,7.5,26,1
280,2026-09-05T05:44:57.915433+00:00,175859156000000,175859187000000,15.359000000,fixed_trajectory,2,0,2089,2088,0.101242732000,0.099708751213,76,7.6,27,0,2689,2696,0.955670030853,0.966407896368,75,7.5,25,0,2564,2556,0.776194278670,0.763922432367,76,7.6,27,1,2628,2619,0.846757394913,0.832951567822,75,7.5,27,1,2028,2025,-0.058291269940,-0.062893212303,75,7.5,26,1
281,2026-09-05T05:44:57.950972+00:00,175859203000000,175859218000000,15.390000000,fixed_trajectory,2,0,2089,2088,0.101242732000,0.099708751213,76,7.6,27,0,2691,2696,0.958737992429,0.966407896368,75,7.5,25,1,2563,2556,0.774660297882,0.763922432367,76,7.6,27,1,2628,2618,0.846757394913,0.831417587034,75,7.5,27,1,2027,2025,-0.059825250728,-0.062893212303,75,7.5,29,1
282,2026-09-05T05:44:58.005388+00:00,175859250000000,175859281000000,15.453000000,fixed_trajectory,2,0,2089,2088,0.101242732000,0.099708751213,76,7.6,27,0,2693,2697,0.961805954004,0.967941877156,75,7.5,25,1,2563,2555,0.774660297882,0.762388451579,76,7.6,27,1,2625,2617,0.842155452549,0.829883606246,75,7.5,27,0,2026,2024,-0.061359231515,-0.064427193091,75,7.5,26,0
283,2026-09-05T05:44:58.062261+00:00,175859312000000,175859343000000,15.515000000,fixed_trajectory,2,0,2089,2088,0.101242732000,0.099708751213,76,7.6,27,0,2694,2697,0.963339934792,0.967941877156,75,7.5,25,1,2563,2555,0.774660297882,0.762388451579,76,7.6,27,1,2621,2616,0.836019529398,0.828349625458,75,7.5,27,1,2026,2024,-0.061359231515,-0.064427193091,75,7.5,26,1
284,2026-09-05T05:44:58.115664+00:00,175859359000000,175859390000000,15.562000000,fixed_trajectory,2,0,2089,2088,0.101242732000,0.099708751213,76,7.6,27,0,2694,2697,0.963339934792,0.967941877156,75,7.5,25,1,2562,2555,0.773126317094,0.762388451579,76,7.6,27,0,2619,2615,0.832951567822,0.826815644670,75,7.5,27,0,2026,2024,-0.061359231515,-0.064427193091,76,7.6,26,1
285,2026-09-05T05:44:58.158894+00:00,175859406000000,175859437000000,15.609000000,fixed_trajectory,2,0,2089,2088,0.101242732000,0.099708751213,76,7.6,27,0,2696,2698,0.966407896368,0.969475857944,75,7.5,25,0,2559,2554,0.768524374731,0.760854470791,76,7.6,27,0,2618,2614,0.831417587034,0.825281663882,75,7.5,27,1,2026,2023,-0.061359231515,-0.065961173879,76,7.6,26,0
286,2026-09-05T05:44:58.208229+00:00,175859453000000,175859484000000,15.656000000,fixed_trajectory,2,0,2089,2088,0.101242732000,0.099708751213,76,7.6,27,0,2697,2698,0.967941877156,0.969475857944,75,7.5,25,0,2557,2554,0.765456413155,0.760854470791,76,7.6,27,1,2618,2613,0.831417587034,0.823747683095,75,7.5,27,1,2026,2023,-0.061359231515,-0.065961173879,75,7.5,26,0
287,2026-09-05T05:44:58.250893+00:00,175859500000000,175859531000000,15.703000000,fixed_trajectory,2,0,2089,2088,0.101242732000,0.099708751213,76,7.6,27,0,2697,2699,0.967941877156,0.971009838732,75,7.5,25,1,2557,2554,0.765456413155,0.760854470791,76,7.6,27,1,2618,2612,0.831417587034,0.822213702307,75,7.5,27,1,2026,2023,-0.061359231515,-0.065961173879,75,7.5,26,0
288,2026-09-05T05:44:58.305433+00:00,175859546000000,175859578000000,15.750000000,fixed_trajectory,2,0,2089,2088,0.101242732000,0.099708751213,76,7.6,27,0,2697,2699,0.967941877156,0.971009838732,75,7.5,25,1,2557,2554,0.765456413155,0.760854470791,76,7.6,27,1,2618,2611,0.831417587034,0.820679721519,75,7.5,27,1,2026,2023,-0.061359231515,-0.065961173879,75,7.5,26,1
289,2026-09-05T05:44:58.357078+00:00,175859609000000,175859625000000,15.797000000,fixed_trajectory,2,0,2089,2088,0.101242732000,0.099708751213,76,7.6,27,0,2697,2700,0.967941877156,0.972543819519,75,7.5,25,1,2557,2553,0.765456413155,0.759320490003,76,7.6,27,0,2618,2610,0.831417587034,0.819145740731,75,7.5,27,1,2026,2022,-0.061359231515,-0.067495154667,75,7.5,26,1
290,2026-09-05T05:44:58.407650+00:00,175859656000000,175859687000000,15.859000000,fixed_trajectory,2,0,2089,2088,0.101242732000,0.099708751213,76,7.6,27,0,2697,2700,0.967941877156,0.972543819519,75,7.5,25,0,2557,2553,0.765456413155,0.759320490003,76,7.6,27,1,2618,2609,0.831417587034,0.817611759943,75,7.5,27,2,2026,2022,-0.061359231515,-0.067495154667,75,7.5,26,1
291,2026-09-05T05:44:58.455211+00:00,175859703000000,175859734000000,15.906000000,fixed_trajectory,2,0,2089,2088,0.101242732000,0.099708751213,76,7.6,27,0,2697,2700,0.967941877156,0.972543819519,75,7.5,25,0,2557,2553,0.765456413155,0.759320490003,76,7.6,27,1,2618,2608,0.831417587034,0.816077779155,75,7.5,27,1,2026,2022,-0.061359231515,-0.067495154667,75,7.5,26,1
292,2026-09-05T05:44:58.507252+00:00,175859750000000,175859781000000,15.953000000,fixed_trajectory,2,0,2089,2088,0.101242732000,0.099708751213,76,7.6,27,0,2698,2701,0.969475857944,0.974077800307,75,7.5,25,1,2557,2552,0.765456413155,0.757786509216,76,7.6,27,1,2614,2607,0.825281663882,0.814543798367,75,7.5,27,1,2026,2021,-0.061359231515,-0.069029135455,75,7.5,26,1
293,2026-09-05T05:44:58.550281+00:00,175859796000000,175859828000000,16.000000000,fixed_trajectory,2,0,2089,2088,0.101242732000,0.099708751213,76,7.6,27,0,2698,2701,0.969475857944,0.974077800307,75,7.5,25,0,2557,2552,0.765456413155,0.757786509216,76,7.6,27,1,2612,2606,0.822213702307,0.813009817579,75,7.5,27,1,2026,2021,-0.061359231515,-0.069029135455,75,7.5,26,1
294,2026-09-05T05:44:58.610192+00:00,175859859000000,175859890000000,16.062000000,fixed_trajectory,2,0,2089,2088,0.101242732000,0.099708751213,76,7.6,27,0,2698,2702,0.969475857944,0.975611781095,75,7.5,25,1,2557,2552,0.765456413155,0.757786509216,76,7.6,27,1,2611,2605,0.820679721519,0.811475836792,75,7.5,27,0,2026,2021,-0.061359231515,-0.069029135455,75,7.5,26,1
295,2026-09-05T05:44:58.655244+00:00,175859906000000,175859937000000,16.109000000,fixed_trajectory,2,0,2089,2088,0.101242732000,0.099708751213,76,7.6,27,0,2698,2702,0.969475857944,0.975611781095,75,7.5,25,0,2557,2551,0.765456413155,0.756252528428,76,7.6,27,1,2611,2604,0.820679721519,0.809941856004,75,7.5,27,1,2026,2020,-0.061359231515,-0.070563116243,75,7.5,26,1
296,2026-09-05T05:44:58.705267+00:00,175859953000000,175859984000000,16.156000000,fixed_trajectory,2,0,2089,2088,0.101242732000,0.099708751213,76,7.6,27,0,2698,2703,0.969475857944,0.977145761883,75,7.5,25,1,2557,2551,0.765456413155,0.756252528428,76,7.6,28,1,2611,2603,0.820679721519,0.808407875216,75,7.5,27,1,2026,2020,-0.061359231515,-0.070563116243,75,7.5,26,2
297,2026-09-05T05:44:58.762064+00:00,175860000000000,175860031000000,16.203000000,fixed_trajectory,2,0,2089,2088,0.101242732000,0.099708751213,76,7.6,27,0,2698,2703,0.969475857944,0.977145761883,75,7.5,25,0,2557,2551,0.765456413155,0.756252528428,76,7.6,27,1,2611,2602,0.820679721519,0.806873894428,75,7.5,27,2,2026,2020,-0.061359231515,-0.070563116243,75,7.5,26,1
298,2026-09-05T05:44:58.804363+00:00,175860046000000,175860078000000,16.250000000,fixed_trajectory,2,0,2089,2088,0.101242732000,0.099708751213,76,7.6,27,0,2698,2704,0.969475857944,0.978679742671,75,7.5,25,1,2557,2550,0.765456413155,0.754718547640,76,7.6,27,1,2611,2601,0.820679721519,0.805339913640,75,7.5,27,2,2026,2019,-0.061359231515,-0.072097097031,76,7.6,26,1
299,2026-09-05T05:44:58.864458+00:00,175860109000000,175860140000000,16.312000000,online_observation,2,0,2089,2088,0.101242732000,0.099708751213,76,7.6,27,0,2699,2704,0.971009838732,0.978679742671,75,7.5,25,1,2557,2550,0.765456413155,0.754718547640,76,7.6,27,1,2609,2600,0.817611759943,0.803805932852,75,7.5,27,1,2026,2019,-0.061359231515,-0.072097097031,75,7.5,26,1
300,2026-09-05T05:44:58.905645+00:00,175860156000000,175860187000000,16.359000000,online_observation,2,0,2089,2088,0.101242732000,0.099708751213,76,7.6,27,0,2700,2704,0.972543819519,0.978679742671,75,7.5,25,1,2557,2550,0.765456413155,0.754718547640,76,7.6,27,1,2606,2600,0.813009817579,0.803805932852,75,7.5,27,1,2026,2019,-0.061359231515,-0.072097097031,75,7.5,26,1
301,2026-09-05T05:44:58.954298+00:00,175860203000000,175860234000000,16.406000000,online_observation,2,0,2089,2088,0.101242732000,0.099708751213,76,7.6,27,0,2700,2704,0.972543819519,0.978679742671,75,7.5,25,1,2557,2550,0.765456413155,0.754718547640,76,7.6,27,1,2604,2600,0.809941856004,0.803805932852,75,7.5,27,0,2026,2019,-0.061359231515,-0.072097097031,75,7.5,26,1
302,2026-09-05T05:44:59.006831+00:00,175860250000000,175860281000000,16.453000000,online_observation,2,0,2089,2088,0.101242732000,0.099708751213,76,7.6,27,0,2700,2704,0.972543819519,0.978679742671,75,7.5,25,0,2557,2550,0.765456413155,0.754718547640,76,7.6,27,1,2603,2600,0.808407875216,0.803805932852,75,7.5,27,1,2026,2019,-0.061359231515,-0.072097097031,75,7.5,26,1
303,2026-09-05T05:44:59.064517+00:00,175860296000000,175860343000000,16.515000000,online_observation,2,0,2089,2088,0.101242732000,0.099708751213,76,7.6,27,0,2700,2704,0.972543819519,0.978679742671,75,7.5,25,1,2557,2550,0.765456413155,0.754718547640,76,7.6,27,1,2603,2600,0.808407875216,0.803805932852,75,7.5,27,1,2026,2019,-0.061359231515,-0.072097097031,75,7.5,26,1
304,2026-09-05T05:44:59.112288+00:00,175860359000000,175860390000000,16.562000000,online_observation,2,0,2089,2088,0.101242732000,0.099708751213,76,7.6,27,0,2700,2704,0.972543819519,0.978679742671,75,7.5,25,1,2557,2550,0.765456413155,0.754718547640,76,7.6,27,1,2603,2600,0.808407875216,0.803805932852,75,7.5,27,0,2026,2019,-0.061359231515,-0.072097097031,75,7.5,26,1
305,2026-09-05T05:44:59.156542+00:00,175860406000000,175860437000000,16.609000000,online_observation,2,0,2089,2088,0.101242732000,0.099708751213,76,7.6,27,0,2700,2704,0.972543819519,0.978679742671,75,7.5,25,0,2557,2550,0.765456413155,0.754718547640,76,7.6,27,1,2603,2600,0.808407875216,0.803805932852,75,7.5,27,1,2026,2019,-0.061359231515,-0.072097097031,75,7.5,26,1
306,2026-09-05T05:44:59.216168+00:00,175860453000000,175860484000000,16.656000000,online_inference,3,0,2089,2088,0.101242732000,0.099708751213,76,7.6,27,0,2700,2704,0.972543819519,0.978679742671,75,7.5,25,1,2557,2550,0.765456413155,0.754718547640,76,7.6,27,1,2603,2600,0.808407875216,0.803805932852,75,7.5,27,1,2026,2019,-0.061359231515,-0.072097097031,75,7.5,26,1
307,2026-09-05T05:44:59.277888+00:00,175860500000000,175860546000000,16.718000000,online_inference,3,0,2089,2088,0.101242732000,0.099708751213,76,7.6,27,0,2700,2704,0.972543819519,0.978679742671,75,7.5,25,1,2557,2550,0.765456413155,0.754718547640,76,7.6,27,1,2603,2600,0.808407875216,0.803805932852,75,7.5,27,1,2026,2019,-0.061359231515,-0.072097097031,75,7.5,26,1
308,2026-09-05T05:44:59.330285+00:00,175860562000000,175860609000000,16.781000000,online_inference,3,0,2089,2088,0.101242732000,0.099708751213,76,7.6,27,0,2700,2704,0.972543819519,0.978679742671,75,7.5,25,1,2557,2550,0.765456413155,0.754718547640,76,7.6,27,1,2603,2600,0.808407875216,0.803805932852,75,7.5,27,1,2026,2019,-0.061359231515,-0.072097097031,75,7.5,26,1
309,2026-09-05T05:44:59.398339+00:00,175860625000000,175860671000000,16.843000000,online_inference,3,0,2089,2088,0.101242732000,0.099708751213,76,7.6,27,0,2701,2704,0.974077800307,0.978679742671,75,7.5,25,1,2557,2550,0.765456413155,0.754718547640,76,7.6,27,1,2603,2600,0.808407875216,0.803805932852,75,7.5,27,1,2026,2019,-0.061359231515,-0.072097097031,75,7.5,26,1
310,2026-09-05T05:44:59.449689+00:00,175860687000000,175860718000000,16.890000000,online_inference,3,0,2089,2088,0.101242732000,0.099708751213,76,7.6,27,0,2701,2704,0.974077800307,0.978679742671,75,7.5,25,0,2557,2550,0.765456413155,0.754718547640,75,7.5,27,1,2603,2600,0.808407875216,0.803805932852,75,7.5,27,1,2026,2019,-0.061359231515,-0.072097097031,76,7.6,26,1
311,2026-09-05T05:44:59.491029+00:00,175860734000000,175860765000000,16.937000000,online_inference,3,0,2089,2088,0.101242732000,0.099708751213,76,7.6,27,0,2701,2704,0.974077800307,0.978679742671,75,7.5,25,1,2557,2550,0.765456413155,0.754718547640,76,7.6,27,1,2603,2600,0.808407875216,0.803805932852,75,7.5,27,1,2026,2019,-0.061359231515,-0.072097097031,75,7.5,26,1
312,2026-09-05T05:44:59.542297+00:00,175860781000000,175860812000000,16.984000000,online_inference,3,0,2089,2088,0.101242732000,0.099708751213,76,7.6,27,0,2701,2704,0.974077800307,0.978679742671,75,7.5,25,0,2557,2550,0.765456413155,0.754718547640,76,7.6,27,1,2603,2600,0.808407875216,0.803805932852,75,7.5,27,1,2026,2019,-0.061359231515,-0.072097097031,75,7.5,26,1
313,2026-09-05T05:44:59.596703+00:00,175860828000000,175860875000000,17.047000000,online_inference,3,0,2089,2088,0.101242732000,0.099708751213,76,7.6,27,0,2701,2704,0.974077800307,0.978679742671,75,7.5,25,1,2557,2550,0.765456413155,0.754718547640,76,7.6,27,1,2603,2600,0.808407875216,0.803805932852,75,7.5,27,1,2026,2019,-0.061359231515,-0.072097097031,75,7.5,26,1
314,2026-09-05T05:44:59.646772+00:00,175860890000000,175860921000000,17.093000000,online_inference,3,0,2089,2088,0.101242732000,0.099708751213,76,7.6,27,0,2701,2704,0.974077800307,0.978679742671,75,7.5,25,1,2557,2550,0.765456413155,0.754718547640,76,7.6,27,1,2603,2600,0.808407875216,0.803805932852,75,7.5,27,1,2026,2019,-0.061359231515,-0.072097097031,75,7.5,26,1
315,2026-09-05T05:44:59.700226+00:00,175860937000000,175860968000000,17.140000000,online_inference,3,0,2089,2088,0.101242732000,0.099708751213,76,7.6,27,0,2701,2704,0.974077800307,0.978679742671,75,7.5,25,1,2557,2550,0.765456413155,0.754718547640,76,7.6,27,1,2603,2600,0.808407875216,0.803805932852,75,7.5,27,0,2026,2019,-0.061359231515,-0.072097097031,76,7.6,26,1
316,2026-09-05T05:44:59.739252+00:00,175860984000000,175861015000000,17.187000000,online_inference,3,0,2089,2088,0.101242732000,0.099708751213,76,7.6,27,0,2701,2704,0.974077800307,0.978679742671,75,7.5,25,1,2557,2550,0.765456413155,0.754718547640,76,7.6,27,1,2603,2600,0.808407875216,0.803805932852,75,7.5,27,1,2026,2019,-0.061359231515,-0.072097097031,75,7.5,26,1
317,2026-09-05T05:44:59.788450+00:00,175861031000000,175861062000000,17.234000000,online_inference,3,0,2089,2088,0.101242732000,0.099708751213,76,7.6,27,0,2701,2704,0.974077800307,0.978679742671,75,7.5,25,1,2557,2550,0.765456413155,0.754718547640,76,7.6,27,0,2603,2600,0.808407875216,0.803805932852,75,7.5,27,1,2026,2019,-0.061359231515,-0.072097097031,75,7.5,26,1
318,2026-09-05T05:44:59.834972+00:00,175861078000000,175861109000000,17.281000000,online_inference,3,0,2089,2088,0.101242732000,0.099708751213,76,7.6,27,0,2701,2704,0.974077800307,0.978679742671,75,7.5,25,1,2557,2550,0.765456413155,0.754718547640,76,7.6,27,1,2603,2600,0.808407875216,0.803805932852,75,7.5,27,1,2026,2019,-0.061359231515,-0.072097097031,75,7.5,26,2
319,2026-09-05T05:44:59.903380+00:00,175861140000000,175861171000000,17.343000000,online_inference,3,0,2089,2088,0.101242732000,0.099708751213,76,7.6,27,0,2701,2704,0.974077800307,0.978679742671,75,7.5,25,1,2557,2550,0.765456413155,0.754718547640,76,7.6,27,1,2603,2600,0.808407875216,0.803805932852,75,7.5,27,1,2026,2019,-0.061359231515,-0.072097097031,76,7.6,26,2
320,2026-09-05T05:44:59.945433+00:00,175861187000000,175861218000000,17.390000000,online_inference,3,0,2089,2088,0.101242732000,0.099708751213,76,7.6,27,0,2701,2704,0.974077800307,0.978679742671,75,7.5,25,0,2557,2550,0.765456413155,0.754718547640,76,7.6,27,1,2603,2600,0.808407875216,0.803805932852,75,7.5,27,1,2026,2019,-0.061359231515,-0.072097097031,76,7.6,26,1
321,2026-09-05T05:44:59.998468+00:00,175861234000000,175861265000000,17.453000000,online_inference,3,0,2089,2088,0.101242732000,0.099708751213,76,7.6,27,0,2701,2704,0.974077800307,0.978679742671,75,7.5,25,1,2557,2550,0.765456413155,0.754718547640,76,7.6,27,2,2603,2600,0.808407875216,0.803805932852,75,7.5,27,1,2026,2019,-0.061359231515,-0.072097097031,75,7.5,26,1
322,2026-09-05T05:45:00.053473+00:00,175861296000000,175861328000000,17.500000000,online_inference,3,0,2089,2088,0.101242732000,0.099708751213,76,7.6,27,0,2701,2704,0.974077800307,0.978679742671,75,7.5,25,1,2557,2550,0.765456413155,0.754718547640,76,7.6,27,1,2603,2600,0.808407875216,0.803805932852,75,7.5,27,1,2026,2019,-0.061359231515,-0.072097097031,75,7.5,26,1
323,2026-09-05T05:45:00.108473+00:00,175861343000000,175861390000000,17.562000000,online_inference,3,0,2089,2088,0.101242732000,0.099708751213,76,7.6,27,0,2701,2704,0.974077800307,0.978679742671,75,7.5,25,0,2557,2550,0.765456413155,0.754718547640,76,7.6,27,1,2603,2600,0.808407875216,0.803805932852,75,7.5,27,1,2026,2019,-0.061359231515,-0.072097097031,75,7.5,26,0
324,2026-09-05T05:45:00.158467+00:00,175861406000000,175861437000000,17.609000000,online_inference,3,0,2089,2088,0.101242732000,0.099708751213,76,7.6,27,0,2701,2704,0.974077800307,0.978679742671,75,7.5,25,0,2557,2550,0.765456413155,0.754718547640,76,7.6,27,1,2603,2600,0.808407875216,0.803805932852,75,7.5,27,0,2026,2019,-0.061359231515,-0.072097097031,75,7.5,26,1
325,2026-09-05T05:45:00.210826+00:00,175861453000000,175861484000000,17.656000000,online_inference,3,0,2089,2088,0.101242732000,0.099708751213,76,7.6,27,0,2701,2704,0.974077800307,0.978679742671,75,7.5,25,1,2557,2550,0.765456413155,0.754718547640,76,7.6,27,2,2603,2600,0.808407875216,0.803805932852,75,7.5,27,1,2026,2019,-0.061359231515,-0.072097097031,75,7.5,26,1
326,2026-09-05T05:45:00.257852+00:00,175861500000000,175861531000000,17.703000000,online_inference,3,0,2089,2088,0.101242732000,0.099708751213,76,7.6,27,0,2701,2704,0.974077800307,0.978679742671,75,7.5,25,0,2557,2550,0.765456413155,0.754718547640,76,7.6,27,1,2603,2600,0.808407875216,0.803805932852,75,7.5,27,1,2026,2019,-0.061359231515,-0.072097097031,75,7.5,26,1
327,2026-09-05T05:45:00.306536+00:00,175861546000000,175861578000000,17.750000000,online_inference,3,0,2089,2088,0.101242732000,0.099708751213,76,7.6,27,0,2701,2704,0.974077800307,0.978679742671,75,7.5,25,1,2557,2550,0.765456413155,0.754718547640,76,7.6,27,1,2603,2600,0.808407875216,0.803805932852,75,7.5,27,1,2026,2019,-0.061359231515,-0.072097097031,75,7.5,26,1
328,2026-09-05T05:45:00.360465+00:00,175861593000000,175861640000000,17.812000000,online_inference,3,0,2089,2088,0.101242732000,0.099708751213,76,7.6,27,0,2701,2704,0.974077800307,0.978679742671,75,7.5,25,0,2557,2550,0.765456413155,0.754718547640,76,7.6,27,1,2603,2600,0.808407875216,0.803805932852,75,7.5,27,1,2026,2019,-0.061359231515,-0.072097097031,75,7.5,26,0
329,2026-09-05T05:45:00.410466+00:00,175861656000000,175861687000000,17.859000000,online_inference,3,0,2089,2088,0.101242732000,0.099708751213,76,7.6,27,0,2701,2704,0.974077800307,0.978679742671,75,7.5,25,1,2557,2550,0.765456413155,0.754718547640,76,7.6,27,1,2603,2600,0.808407875216,0.803805932852,75,7.5,27,1,2026,2019,-0.061359231515,-0.072097097031,75,7.5,26,1
330,2026-09-05T05:45:00.468006+00:00,175861703000000,175861750000000,17.922000000,online_inference,3,0,2089,2088,0.101242732000,0.099708751213,76,7.6,27,0,2701,2704,0.974077800307,0.978679742671,75,7.5,25,1,2557,2550,0.765456413155,0.754718547640,76,7.6,27,1,2603,2600,0.808407875216,0.803805932852,75,7.5,27,0,2026,2019,-0.061359231515,-0.072097097031,75,7.5,26,1
331,2026-09-05T05:45:00.521218+00:00,175861765000000,175861796000000,17.968000000,online_inference,3,0,2089,2088,0.101242732000,0.099708751213,76,7.6,27,0,2701,2704,0.974077800307,0.978679742671,75,7.5,25,0,2557,2550,0.765456413155,0.754718547640,76,7.6,27,1,2603,2600,0.808407875216,0.803805932852,75,7.5,27,1,2026,2019,-0.061359231515,-0.072097097031,76,7.6,26,1
332,2026-09-05T05:45:00.577599+00:00,175861812000000,175861859000000,18.031000000,online_inference,3,0,2089,2088,0.101242732000,0.099708751213,76,7.6,27,0,2701,2704,0.974077800307,0.978679742671,75,7.5,25,1,2557,2550,0.765456413155,0.754718547640,76,7.6,27,1,2603,2600,0.808407875216,0.803805932852,75,7.5,27,1,2026,2019,-0.061359231515,-0.072097097031,76,7.6,27,1
333,2026-09-05T05:45:00.636266+00:00,175861875000000,175861906000000,18.078000000,online_inference,3,0,2089,2088,0.101242732000,0.099708751213,76,7.6,27,0,2701,2704,0.974077800307,0.978679742671,75,7.5,25,1,2557,2550,0.765456413155,0.754718547640,76,7.6,27,2,2603,2600,0.808407875216,0.803805932852,75,7.5,27,1,2026,2019,-0.061359231515,-0.072097097031,75,7.5,26,1
334,2026-09-05T05:45:00.681773+00:00,175861921000000,175861953000000,18.125000000,online_inference,3,0,2089,2088,0.101242732000,0.099708751213,76,7.6,27,0,2701,2704,0.974077800307,0.978679742671,75,7.5,25,0,2557,2550,0.765456413155,0.754718547640,76,7.6,27,1,2603,2600,0.808407875216,0.803805932852,75,7.5,27,0,2026,2019,-0.061359231515,-0.072097097031,75,7.5,26,1
335,2026-09-05T05:45:00.737827+00:00,175861968000000,175862015000000,18.187000000,online_inference,3,0,2089,2088,0.101242732000,0.099708751213,76,7.6,27,0,2701,2704,0.974077800307,0.978679742671,75,7.5,25,0,2557,2550,0.765456413155,0.754718547640,76,7.6,27,1,2603,2600,0.808407875216,0.803805932852,75,7.5,27,0,2026,2019,-0.061359231515,-0.072097097031,76,7.6,26,0
336,2026-09-05T05:45:00.795892+00:00,175862031000000,175862078000000,18.250000000,online_inference,3,0,2089,2088,0.101242732000,0.099708751213,76,7.6,27,0,2701,2704,0.974077800307,0.978679742671,75,7.5,25,1,2557,2550,0.765456413155,0.754718547640,76,7.6,27,1,2603,2600,0.808407875216,0.803805932852,75,7.5,27,1,2026,2019,-0.061359231515,-0.072097097031,75,7.5,26,1
337,2026-09-05T05:45:00.862032+00:00,175862093000000,175862140000000,18.312000000,online_inference,3,0,2089,2088,0.101242732000,0.099708751213,76,7.6,27,0,2701,2704,0.974077800307,0.978679742671,75,7.5,25,0,2557,2550,0.765456413155,0.754718547640,76,7.6,27,1,2603,2600,0.808407875216,0.803805932852,75,7.5,27,0,2026,2019,-0.061359231515,-0.072097097031,75,7.5,26,1
338,2026-09-05T05:45:00.922667+00:00,175862156000000,175862203000000,18.375000000,online_inference,3,0,2089,2088,0.101242732000,0.099708751213,76,7.6,27,0,2701,2704,0.974077800307,0.978679742671,75,7.5,25,1,2557,2550,0.765456413155,0.754718547640,76,7.6,27,1,2603,2600,0.808407875216,0.803805932852,75,7.5,27,0,2026,2019,-0.061359231515,-0.072097097031,75,7.5,26,1
339,2026-09-05T05:45:00.978094+00:00,175862218000000,175862250000000,18.422000000,online_inference,3,0,2089,2088,0.101242732000,0.099708751213,76,7.6,27,0,2701,2704,0.974077800307,0.978679742671,75,7.5,25,1,2557,2550,0.765456413155,0.754718547640,76,7.6,27,1,2603,2600,0.808407875216,0.803805932852,75,7.5,27,0,2026,2019,-0.061359231515,-0.072097097031,76,7.6,26,1
340,2026-09-05T05:45:01.036854+00:00,175862265000000,175862312000000,18.484000000,online_inference,3,0,2089,2088,0.101242732000,0.099708751213,76,7.6,27,0,2701,2704,0.974077800307,0.978679742671,75,7.5,25,1,2557,2550,0.765456413155,0.754718547640,76,7.6,27,1,2603,2600,0.808407875216,0.803805932852,75,7.5,27,1,2026,2019,-0.061359231515,-0.072097097031,75,7.5,26,1
341,2026-09-05T05:45:01.089530+00:00,175862328000000,175862359000000,18.531000000,online_inference,3,0,2089,2088,0.101242732000,0.099708751213,76,7.6,27,0,2701,2704,0.974077800307,0.978679742671,75,7.5,25,1,2557,2550,0.765456413155,0.754718547640,76,7.6,27,1,2603,2600,0.808407875216,0.803805932852,75,7.5,27,1,2026,2019,-0.061359231515,-0.072097097031,76,7.6,26,1
342,2026-09-05T05:45:01.153421+00:00,175862390000000,175862421000000,18.593000000,online_inference,3,0,2089,2088,0.101242732000,0.099708751213,76,7.6,27,0,2701,2704,0.974077800307,0.978679742671,75,7.5,25,1,2557,2550,0.765456413155,0.754718547640,76,7.6,27,0,2603,2600,0.808407875216,0.803805932852,75,7.5,27,1,2026,2019,-0.061359231515,-0.072097097031,76,7.6,26,1
343,2026-09-05T05:45:01.194855+00:00,175862437000000,175862468000000,18.640000000,online_inference,3,0,2089,2088,0.101242732000,0.099708751213,76,7.6,27,0,2701,2704,0.974077800307,0.978679742671,75,7.5,25,1,2557,2550,0.765456413155,0.754718547640,76,7.6,27,1,2603,2600,0.808407875216,0.803805932852,75,7.5,27,1,2026,2019,-0.061359231515,-0.072097097031,75,7.5,26,1
344,2026-09-05T05:45:01.242923+00:00,175862484000000,175862515000000,18.687000000,online_inference,3,0,2089,2088,0.101242732000,0.099708751213,76,7.6,27,0,2701,2704,0.974077800307,0.978679742671,75,7.5,25,1,2557,2550,0.765456413155,0.754718547640,76,7.6,27,1,2603,2600,0.808407875216,0.803805932852,75,7.5,27,0,2026,2019,-0.061359231515,-0.072097097031,75,7.5,26,1
345,2026-09-05T05:45:01.292437+00:00,175862531000000,175862562000000,18.734000000,online_inference,3,0,2089,2088,0.101242732000,0.099708751213,76,7.6,27,0,2701,2704,0.974077800307,0.978679742671,75,7.5,25,0,2557,2550,0.765456413155,0.754718547640,76,7.6,27,1,2603,2600,0.808407875216,0.803805932852,75,7.5,27,0,2026,2019,-0.061359231515,-0.072097097031,75,7.5,26,1
346,2026-09-05T05:45:01.342412+00:00,175862578000000,175862625000000,18.797000000,online_inference,3,0,2089,2088,0.101242732000,0.099708751213,76,7.6,27,0,2701,2704,0.974077800307,0.978679742671,75,7.5,25,1,2557,2550,0.765456413155,0.754718547640,76,7.6,27,1,2603,2600,0.808407875216,0.803805932852,75,7.5,27,1,2026,2019,-0.061359231515,-0.072097097031,75,7.5,26,1
347,2026-09-05T05:45:01.402103+00:00,175862640000000,175862671000000,18.843000000,online_inference,3,0,2089,2088,0.101242732000,0.099708751213,76,7.6,27,0,2701,2704,0.974077800307,0.978679742671,75,7.5,25,1,2557,2550,0.765456413155,0.754718547640,76,7.6,27,1,2603,2600,0.808407875216,0.803805932852,75,7.5,27,1,2026,2019,-0.061359231515,-0.072097097031,75,7.5,26,2
348,2026-09-05T05:45:01.448452+00:00,175862687000000,175862718000000,18.890000000,online_inference,3,0,2089,2088,0.101242732000,0.099708751213,76,7.6,27,0,2701,2704,0.974077800307,0.978679742671,75,7.5,25,1,2557,2550,0.765456413155,0.754718547640,76,7.6,27,1,2603,2600,0.808407875216,0.803805932852,75,7.5,27,0,2026,2019,-0.061359231515,-0.072097097031,76,7.6,26,1
349,2026-09-05T05:45:01.498997+00:00,175862734000000,175862781000000,18.953000000,online_inference,3,0,2089,2088,0.101242732000,0.099708751213,76,7.6,27,0,2701,2704,0.974077800307,0.978679742671,75,7.5,25,1,2557,2550,0.765456413155,0.754718547640,76,7.6,27,1,2603,2600,0.808407875216,0.803805932852,75,7.5,27,1,2026,2019,-0.061359231515,-0.072097097031,75,7.5,26,1
350,2026-09-05T05:45:01.553565+00:00,175862796000000,175862828000000,19.000000000,online_inference,3,0,2089,2088,0.101242732000,0.099708751213,76,7.6,27,0,2701,2704,0.974077800307,0.978679742671,75,7.5,25,0,2557,2550,0.765456413155,0.754718547640,76,7.6,27,1,2603,2600,0.808407875216,0.803805932852,75,7.5,27,0,2026,2019,-0.061359231515,-0.072097097031,76,7.6,26,1
351,2026-09-05T05:45:01.603584+00:00,175862843000000,175862875000000,19.047000000,online_inference,3,0,2089,2088,0.101242732000,0.099708751213,76,7.6,27,0,2701,2704,0.974077800307,0.978679742671,75,7.5,25,1,2557,2550,0.765456413155,0.754718547640,76,7.6,27,2,2603,2600,0.808407875216,0.803805932852,75,7.5,27,0,2026,2019,-0.061359231515,-0.072097097031,75,7.5,26,1
352,2026-09-05T05:45:01.671625+00:00,175862906000000,175862953000000,19.125000000,online_inference,3,0,2089,2088,0.101242732000,0.099708751213,76,7.6,27,0,2701,2704,0.974077800307,0.978679742671,75,7.5,25,0,2557,2550,0.765456413155,0.754718547640,76,7.6,27,1,2603,2600,0.808407875216,0.803805932852,75,7.5,27,1,2026,2019,-0.061359231515,-0.072097097031,75,7.5,27,1
353,2026-09-05T05:45:01.726053+00:00,175862968000000,175863000000000,19.172000000,online_inference,3,0,2089,2088,0.101242732000,0.099708751213,76,7.6,27,0,2701,2704,0.974077800307,0.978679742671,75,7.5,25,0,2557,2550,0.765456413155,0.754718547640,76,7.6,27,1,2603,2600,0.808407875216,0.803805932852,75,7.5,27,0,2026,2019,-0.061359231515,-0.072097097031,75,7.5,26,1
354,2026-09-05T05:45:01.783079+00:00,175863015000000,175863062000000,19.234000000,online_inference,3,0,2089,2088,0.101242732000,0.099708751213,76,7.6,27,0,2701,2704,0.974077800307,0.978679742671,75,7.5,25,1,2557,2550,0.765456413155,0.754718547640,76,7.6,27,1,2603,2600,0.808407875216,0.803805932852,75,7.5,27,1,2026,2019,-0.061359231515,-0.072097097031,75,7.5,26,1
355,2026-09-05T05:45:01.824440+00:00,175863078000000,175863093000000,19.265000000,online_inference,3,0,2089,2088,0.101242732000,0.099708751213,76,7.6,27,0,2701,2704,0.974077800307,0.978679742671,75,7.5,25,0,2557,2550,0.765456413155,0.754718547640,76,7.6,27,1,2603,2600,0.808407875216,0.803805932852,75,7.5,27,0,2026,2019,-0.061359231515,-0.072097097031,75,7.5,26,1
356,2026-09-05T05:45:01.882031+00:00,175863125000000,175863156000000,19.328000000,online_inference,3,0,2089,2088,0.101242732000,0.099708751213,76,7.6,27,0,2701,2704,0.974077800307,0.978679742671,75,7.5,25,1,2557,2550,0.765456413155,0.754718547640,76,7.6,27,1,2603,2600,0.808407875216,0.803805932852,75,7.5,27,1,2026,2019,-0.061359231515,-0.072097097031,76,7.6,26,1
357,2026-09-05T05:45:01.921647+00:00,175863171000000,175863203000000,19.375000000,online_archive,3,0,2089,2088,0.101242732000,0.099708751213,76,7.6,27,0,2701,2704,0.974077800307,0.978679742671,75,7.5,25,1,2557,2550,0.765456413155,0.754718547640,76,7.6,27,1,2603,2600,0.808407875216,0.803805932852,75,7.5,27,1,2026,2019,-0.061359231515,-0.072097097031,75,7.5,26,1
358,2026-09-05T05:45:01.973397+00:00,175863218000000,175863250000000,19.422000000,online_archive,3,0,2089,2088,0.101242732000,0.099708751213,76,7.6,27,0,2701,2704,0.974077800307,0.978679742671,75,7.5,25,0,2557,2550,0.765456413155,0.754718547640,76,7.6,27,1,2603,2600,0.808407875216,0.803805932852,75,7.5,27,1,2026,2019,-0.061359231515,-0.072097097031,75,7.5,26,2
359,2026-09-05T05:45:02.040480+00:00,175863281000000,175863312000000,19.484000000,fixed_trajectory,3,0,2089,2088,0.101242732000,0.099708751213,76,7.6,27,0,2701,2704,0.974077800307,0.978679742671,75,7.5,25,1,2557,2550,0.765456413155,0.754718547640,76,7.6,27,1,2603,2600,0.808407875216,0.803805932852,75,7.5,27,1,2026,2019,-0.061359231515,-0.072097097031,75,7.5,26,1
360,2026-09-05T05:45:02.075819+00:00,175863328000000,175863343000000,19.515000000,online_observation,3,0,2089,2088,0.101242732000,0.099708751213,76,7.6,27,0,2701,2704,0.974077800307,0.978679742671,75,7.5,25,0,2557,2550,0.765456413155,0.754718547640,76,7.6,27,1,2603,2600,0.808407875216,0.803805932852,75,7.5,27,0,2026,2019,-0.061359231515,-0.072097097031,76,7.6,26,1
361,2026-09-05T05:45:02.123658+00:00,175863375000000,175863406000000,19.578000000,online_observation,3,0,2089,2088,0.101242732000,0.099708751213,76,7.6,27,0,2701,2704,0.974077800307,0.978679742671,75,7.5,25,1,2557,2550,0.765456413155,0.754718547640,76,7.6,27,1,2603,2600,0.808407875216,0.803805932852,75,7.5,27,0,2026,2019,-0.061359231515,-0.072097097031,75,7.5,26,1
362,2026-09-05T05:45:02.172532+00:00,175863421000000,175863453000000,19.625000000,online_observation,3,0,2089,2088,0.101242732000,0.099708751213,76,7.6,27,0,2701,2704,0.974077800307,0.978679742671,75,7.5,25,1,2557,2550,0.765456413155,0.754718547640,76,7.6,27,1,2603,2600,0.808407875216,0.803805932852,75,7.5,27,1,2026,2019,-0.061359231515,-0.072097097031,76,7.6,26,1
363,2026-09-05T05:45:02.229101+00:00,175863468000000,175863500000000,19.672000000,online_observation,3,0,2089,2088,0.101242732000,0.099708751213,76,7.6,27,0,2701,2704,0.974077800307,0.978679742671,75,7.5,25,1,2557,2550,0.765456413155,0.754718547640,76,7.6,27,1,2603,2600,0.808407875216,0.803805932852,75,7.5,27,1,2026,2019,-0.061359231515,-0.072097097031,75,7.5,26,1
364,2026-09-05T05:45:02.271026+00:00,175863515000000,175863546000000,19.718000000,online_observation,3,0,2089,2088,0.101242732000,0.099708751213,76,7.6,27,0,2701,2704,0.974077800307,0.978679742671,75,7.5,25,1,2557,2550,0.765456413155,0.754718547640,76,7.6,27,1,2603,2600,0.808407875216,0.803805932852,75,7.5,27,1,2026,2019,-0.061359231515,-0.072097097031,75,7.5,26,1
365,2026-09-05T05:45:02.334067+00:00,175863578000000,175863609000000,19.781000000,online_observation,3,0,2089,2088,0.101242732000,0.099708751213,76,7.6,27,0,2701,2704,0.974077800307,0.978679742671,75,7.5,25,0,2557,2550,0.765456413155,0.754718547640,76,7.6,27,0,2603,2600,0.808407875216,0.803805932852,75,7.5,27,1,2026,2019,-0.061359231515,-0.072097097031,75,7.5,26,1
366,2026-09-05T05:45:02.373126+00:00,175863625000000,175863640000000,19.812000000,online_observation,3,0,2089,2088,0.101242732000,0.099708751213,76,7.6,27,0,2701,2704,0.974077800307,0.978679742671,75,7.5,25,1,2557,2550,0.765456413155,0.754718547640,76,7.6,27,1,2603,2600,0.808407875216,0.803805932852,75,7.5,27,1,2026,2019,-0.061359231515,-0.072097097031,76,7.6,26,1
367,2026-09-05T05:45:02.426668+00:00,175863671000000,175863703000000,19.875000000,online_observation,3,0,2089,2088,0.101242732000,0.099708751213,76,7.6,27,0,2701,2704,0.974077800307,0.978679742671,75,7.5,25,1,2557,2550,0.765456413155,0.754718547640,76,7.6,27,1,2603,2600,0.808407875216,0.803805932852,75,7.5,27,1,2026,2019,-0.061359231515,-0.072097097031,75,7.5,26,1
368,2026-09-05T05:45:02.478649+00:00,175863718000000,175863750000000,19.922000000,post_roll_hold,49,0,2089,2088,0.101242732000,0.099708751213,76,7.6,27,0,2701,2704,0.974077800307,0.978679742671,75,7.5,25,1,2557,2550,0.765456413155,0.754718547640,76,7.6,27,1,2603,2600,0.808407875216,0.803805932852,75,7.5,27,0,2026,2019,-0.061359231515,-0.072097097031,75,7.5,26,1
369,2026-09-05T05:45:02.526200+00:00,175863765000000,175863796000000,19.968000000,post_roll_hold,49,0,2089,2088,0.101242732000,0.099708751213,76,7.6,27,0,2701,2704,0.974077800307,0.978679742671,75,7.5,25,0,2557,2550,0.765456413155,0.754718547640,76,7.6,27,1,2603,2600,0.808407875216,0.803805932852,75,7.5,27,1,2026,2019,-0.061359231515,-0.072097097031,76,7.6,26,2
370,2026-09-05T05:45:02.575866+00:00,175863828000000,175863843000000,20.015000000,post_roll_hold,49,0,2089,2088,0.101242732000,0.099708751213,76,7.6,27,0,2701,2704,0.974077800307,0.978679742671,75,7.5,25,0,2557,2550,0.765456413155,0.754718547640,76,7.6,27,1,2603,2600,0.808407875216,0.803805932852,75,7.5,27,1,2026,2019,-0.061359231515,-0.072097097031,75,7.5,26,1
371,2026-09-05T05:45:02.631966+00:00,175863875000000,175863906000000,20.078000000,post_roll_hold,49,0,2089,2088,0.101242732000,0.099708751213,76,7.6,27,1,2701,2704,0.974077800307,0.978679742671,75,7.5,25,0,2557,2550,0.765456413155,0.754718547640,76,7.6,27,1,2603,2600,0.808407875216,0.803805932852,75,7.5,27,0,2026,2019,-0.061359231515,-0.072097097031,75,7.5,26,1
372,2026-09-05T05:45:02.670481+00:00,175863921000000,175863953000000,20.125000000,post_roll_hold,49,0,2089,2088,0.101242732000,0.099708751213,76,7.6,27,0,2701,2704,0.974077800307,0.978679742671,75,7.5,25,1,2557,2550,0.765456413155,0.754718547640,76,7.6,27,0,2603,2600,0.808407875216,0.803805932852,75,7.5,27,1,2026,2019,-0.061359231515,-0.072097097031,76,7.6,26,1
373,2026-09-05T05:45:02.733060+00:00,175863968000000,175864015000000,20.187000000,post_roll_hold,49,0,2089,2088,0.101242732000,0.099708751213,76,7.6,27,0,2701,2704,0.974077800307,0.978679742671,75,7.5,25,1,2557,2550,0.765456413155,0.754718547640,76,7.6,27,1,2603,2600,0.808407875216,0.803805932852,75,7.5,27,0,2026,2019,-0.061359231515,-0.072097097031,75,7.5,26,1
374,2026-09-05T05:45:02.780339+00:00,175864031000000,175864062000000,20.234000000,post_roll_hold,49,0,2089,2088,0.101242732000,0.099708751213,76,7.6,27,0,2701,2704,0.974077800307,0.978679742671,75,7.5,25,0,2557,2550,0.765456413155,0.754718547640,76,7.6,27,1,2603,2600,0.808407875216,0.803805932852,75,7.5,27,0,2026,2019,-0.061359231515,-0.072097097031,76,7.6,26,1
375,2026-09-05T05:45:02.828242+00:00,175864078000000,175864109000000,20.281000000,post_roll_hold,49,0,2089,2088,0.101242732000,0.099708751213,76,7.6,27,0,2701,2704,0.974077800307,0.978679742671,75,7.5,25,1,2557,2550,0.765456413155,0.754718547640,76,7.6,27,1,2603,2600,0.808407875216,0.803805932852,75,7.5,27,1,2026,2019,-0.061359231515,-0.072097097031,76,7.6,26,1
376,2026-09-05T05:45:02.878892+00:00,175864125000000,175864156000000,20.328000000,post_roll_hold,49,0,2089,2088,0.101242732000,0.099708751213,76,7.6,27,0,2701,2704,0.974077800307,0.978679742671,75,7.5,25,1,2557,2550,0.765456413155,0.754718547640,76,7.6,27,1,2603,2600,0.808407875216,0.803805932852,75,7.5,27,1,2026,2019,-0.061359231515,-0.072097097031,75,7.5,26,1
377,2026-09-05T05:45:02.919987+00:00,175864171000000,175864187000000,20.359000000,post_roll_hold,49,0,2089,2088,0.101242732000,0.099708751213,76,7.6,27,0,2701,2704,0.974077800307,0.978679742671,75,7.5,25,1,2557,2550,0.765456413155,0.754718547640,76,7.6,27,1,2603,2600,0.808407875216,0.803805932852,75,7.5,27,1,2026,2019,-0.061359231515,-0.072097097031,75,7.5,26,1
378,2026-09-05T05:45:03.000887+00:00,175864234000000,175864281000000,20.453000000,post_roll_hold,49,0,2089,2088,0.101242732000,0.099708751213,76,7.6,27,0,2701,2704,0.974077800307,0.978679742671,75,7.5,25,0,2557,2550,0.765456413155,0.754718547640,76,7.6,27,2,2603,2600,0.808407875216,0.803805932852,75,7.5,27,1,2026,2019,-0.061359231515,-0.072097097031,75,7.5,26,1
379,2026-09-05T05:45:03.045245+00:00,175864296000000,175864312000000,20.484000000,post_roll_hold,49,0,2089,2088,0.101242732000,0.099708751213,76,7.6,27,0,2701,2704,0.974077800307,0.978679742671,75,7.5,25,1,2557,2550,0.765456413155,0.754718547640,76,7.6,27,1,2603,2600,0.808407875216,0.803805932852,75,7.5,27,1,2026,2019,-0.061359231515,-0.072097097031,76,7.6,26,1
380,2026-09-05T05:45:03.101594+00:00,175864343000000,175864375000000,20.547000000,post_roll_hold,49,0,2089,2088,0.101242732000,0.099708751213,76,7.6,27,0,2701,2704,0.974077800307,0.978679742671,75,7.5,25,1,2557,2550,0.765456413155,0.754718547640,76,7.6,27,2,2603,2600,0.808407875216,0.803805932852,75,7.5,27,0,2026,2019,-0.061359231515,-0.072097097031,75,7.5,26,2
381,2026-09-05T05:45:03.140361+00:00,175864390000000,175864421000000,20.593000000,post_roll_hold,49,0,2089,2088,0.101242732000,0.099708751213,76,7.6,27,0,2701,2704,0.974077800307,0.978679742671,75,7.5,25,1,2557,2550,0.765456413155,0.754718547640,76,7.6,27,1,2603,2600,0.808407875216,0.803805932852,75,7.5,27,0,2026,2019,-0.061359231515,-0.072097097031,75,7.5,26,1
382,2026-09-05T05:45:03.204552+00:00,175864437000000,175864484000000,20.656000000,post_roll_hold,49,0,2089,2088,0.101242732000,0.099708751213,76,7.6,27,0,2701,2704,0.974077800307,0.978679742671,75,7.5,25,1,2557,2550,0.765456413155,0.754718547640,76,7.6,27,1,2603,2600,0.808407875216,0.803805932852,75,7.5,27,1,2026,2019,-0.061359231515,-0.072097097031,76,7.6,26,1
383,2026-09-05T05:45:03.255374+00:00,175864500000000,175864531000000,20.703000000,post_roll_hold,49,0,2089,2088,0.101242732000,0.099708751213,76,7.6,27,0,2701,2704,0.974077800307,0.978679742671,75,7.5,25,1,2557,2550,0.765456413155,0.754718547640,76,7.6,27,1,2603,2600,0.808407875216,0.803805932852,75,7.5,27,0,2026,2019,-0.061359231515,-0.072097097031,75,7.5,26,1
384,2026-09-05T05:45:03.294133+00:00,175864546000000,175864562000000,20.734000000,post_roll_hold,49,0,2089,2088,0.101242732000,0.099708751213,76,7.6,27,0,2701,2704,0.974077800307,0.978679742671,75,7.5,25,1,2557,2550,0.765456413155,0.754718547640,76,7.6,27,1,2603,2600,0.808407875216,0.803805932852,75,7.5,27,1,2026,2019,-0.061359231515,-0.072097097031,75,7.5,26,1
385,2026-09-05T05:45:03.343078+00:00,175864593000000,175864625000000,20.797000000,post_roll_hold,49,0,2089,2088,0.101242732000,0.099708751213,76,7.6,27,0,2701,2704,0.974077800307,0.978679742671,75,7.5,25,0,2557,2550,0.765456413155,0.754718547640,75,7.5,27,1,2603,2600,0.808407875216,0.803805932852,75,7.5,27,1,2026,2019,-0.061359231515,-0.072097097031,75,7.5,26,1
386,2026-09-05T05:45:03.394395+00:00,175864640000000,175864671000000,20.843000000,post_roll_hold,49,0,2089,2088,0.101242732000,0.099708751213,76,7.6,27,0,2701,2704,0.974077800307,0.978679742671,75,7.5,25,1,2557,2550,0.765456413155,0.754718547640,76,7.6,27,1,2603,2600,0.808407875216,0.803805932852,75,7.5,27,1,2026,2019,-0.061359231515,-0.072097097031,75,7.5,26,1
387,2026-09-05T05:45:03.438124+00:00,175864687000000,175864718000000,20.890000000,post_roll_hold,49,0,2089,2088,0.101242732000,0.099708751213,76,7.6,27,0,2701,2704,0.974077800307,0.978679742671,75,7.5,25,1,2557,2550,0.765456413155,0.754718547640,75,7.5,27,1,2603,2600,0.808407875216,0.803805932852,75,7.5,27,1,2026,2019,-0.061359231515,-0.072097097031,75,7.5,26,1
