sample_index,host_utc,read_start_monotonic_ns,read_end_monotonic_ns,elapsed_s,phase,segment_index,read_retry_count,j1_position_raw,j1_target_raw,j1_position_rad,j1_target_rad,j1_voltage_raw,j1_voltage_v,j1_temperature_c,j1_current_raw,j2_position_raw,j2_target_raw,j2_position_rad,j2_target_rad,j2_voltage_raw,j2_voltage_v,j2_temperature_c,j2_current_raw,j3_position_raw,j3_target_raw,j3_position_rad,j3_target_rad,j3_voltage_raw,j3_voltage_v,j3_temperature_c,j3_current_raw,j4_position_raw,j4_target_raw,j4_position_rad,j4_target_rad,j4_voltage_raw,j4_voltage_v,j4_temperature_c,j4_current_raw,j5_position_raw,j5_target_raw,j5_position_rad,j5_target_rad,j5_voltage_raw,j5_voltage_v,j5_temperature_c,j5_current_raw
0,2026-09-05T05:30:10.364985+00:00,174971609000000,174971640000000,0.047000000,start_alignment,-1,0,2089,2089,0.101242732000,0.101242732000,76,7.6,27,0,2640,2640,0.880504972246,0.880504972246,75,7.5,26,0,2607,2607,0.842155452549,0.842155452549,76,7.6,27,1,2722,2722,0.990951588974,0.990951588974,75,7.5,27,0,2074,2074,0.012271846303,0.012271846303,75,7.5,26,1
1,2026-09-05T05:30:10.578800+00:00,174971796000000,174971859000000,0.266000000,online_inference,0,0,2089,2089,0.101242732000,0.101242732000,76,7.6,27,0,2640,2641,0.880504972246,0.882038953034,75,7.5,26,0,2607,2607,0.842155452549,0.842155452549,76,7.6,27,0,2722,2723,0.990951588974,0.992485569762,75,7.5,27,0,2074,2074,0.012271846303,0.012271846303,76,7.6,26,0
2,2026-09-05T05:30:10.636524+00:00,174971875000000,174971906000000,0.313000000,online_inference,0,0,2089,2089,0.101242732000,0.101242732000,76,7.6,27,0,2640,2641,0.880504972246,0.882038953034,75,7.5,26,0,2607,2607,0.842155452549,0.842155452549,76,7.6,27,0,2722,2723,0.990951588974,0.992485569762,75,7.5,27,0,2074,2074,0.012271846303,0.012271846303,76,7.6,26,0
3,2026-09-05T05:30:10.694608+00:00,174971921000000,174971968000000,0.375000000,online_inference,0,0,2089,2089,0.101242732000,0.101242732000,76,7.6,27,0,2640,2641,0.880504972246,0.882038953034,75,7.5,26,0,2607,2607,0.842155452549,0.842155452549,76,7.6,27,0,2722,2723,0.990951588974,0.992485569762,75,7.5,27,0,2074,2074,0.012271846303,0.012271846303,76,7.6,26,0
4,2026-09-05T05:30:10.750972+00:00,174971984000000,174972031000000,0.438000000,online_inference,0,0,2089,2089,0.101242732000,0.101242732000,76,7.6,27,0,2640,2641,0.880504972246,0.882038953034,75,7.5,26,0,2607,2607,0.842155452549,0.842155452549,76,7.6,27,0,2722,2723,0.990951588974,0.992485569762,75,7.5,27,0,2074,2074,0.012271846303,0.012271846303,76,7.6,26,0
5,2026-09-05T05:30:10.827147+00:00,174972046000000,174972109000000,0.516000000,online_inference,0,0,2089,2089,0.101242732000,0.101242732000,76,7.6,27,0,2640,2641,0.880504972246,0.882038953034,75,7.5,26,0,2607,2607,0.842155452549,0.842155452549,76,7.6,27,0,2722,2723,0.990951588974,0.992485569762,75,7.5,27,0,2074,2074,0.012271846303,0.012271846303,76,7.6,26,0
6,2026-09-05T05:30:10.897199+00:00,174972125000000,174972171000000,0.578000000,online_inference,0,0,2089,2089,0.101242732000,0.101242732000,76,7.6,27,0,2640,2641,0.880504972246,0.882038953034,75,7.5,26,0,2607,2607,0.842155452549,0.842155452549,76,7.6,27,0,2722,2723,0.990951588974,0.992485569762,75,7.5,27,0,2074,2074,0.012271846303,0.012271846303,76,7.6,26,0
7,2026-09-05T05:30:10.965297+00:00,174972187000000,174972234000000,0.641000000,online_inference,0,0,2089,2089,0.101242732000,0.101242732000,76,7.6,27,0,2640,2641,0.880504972246,0.882038953034,75,7.5,25,0,2607,2607,0.842155452549,0.842155452549,76,7.6,27,0,2722,2723,0.990951588974,0.992485569762,75,7.5,27,0,2074,2074,0.012271846303,0.012271846303,76,7.6,26,0
8,2026-09-05T05:30:11.015027+00:00,174972250000000,174972296000000,0.703000000,online_inference,0,0,2089,2089,0.101242732000,0.101242732000,76,7.6,27,0,2640,2641,0.880504972246,0.882038953034,75,7.5,26,0,2607,2607,0.842155452549,0.842155452549,76,7.6,27,0,2722,2723,0.990951588974,0.992485569762,75,7.5,27,0,2074,2074,0.012271846303,0.012271846303,76,7.6,26,0
9,2026-09-05T05:30:11.086836+00:00,174972312000000,174972359000000,0.766000000,online_inference,0,0,2089,2089,0.101242732000,0.101242732000,76,7.6,27,0,2640,2641,0.880504972246,0.882038953034,75,7.5,25,0,2607,2607,0.842155452549,0.842155452549,76,7.6,27,0,2722,2723,0.990951588974,0.992485569762,75,7.5,27,0,2074,2074,0.012271846303,0.012271846303,76,7.6,26,0
10,2026-09-05T05:30:11.137695+00:00,174972375000000,174972406000000,0.813000000,online_inference,0,0,2089,2089,0.101242732000,0.101242732000,76,7.6,27,0,2640,2641,0.880504972246,0.882038953034,75,7.5,26,0,2607,2607,0.842155452549,0.842155452549,76,7.6,27,0,2722,2723,0.990951588974,0.992485569762,75,7.5,27,0,2074,2074,0.012271846303,0.012271846303,76,7.6,26,0
11,2026-09-05T05:30:11.198663+00:00,174972421000000,174972468000000,0.875000000,online_inference,0,0,2089,2089,0.101242732000,0.101242732000,76,7.6,27,0,2640,2641,0.880504972246,0.882038953034,75,7.5,25,0,2607,2607,0.842155452549,0.842155452549,76,7.6,27,0,2722,2723,0.990951588974,0.992485569762,75,7.5,27,0,2074,2074,0.012271846303,0.012271846303,76,7.6,26,0
12,2026-09-05T05:30:11.265694+00:00,174972484000000,174972546000000,0.953000000,online_inference,0,0,2089,2089,0.101242732000,0.101242732000,76,7.6,27,0,2640,2641,0.880504972246,0.882038953034,75,7.5,25,0,2607,2607,0.842155452549,0.842155452549,76,7.6,27,0,2722,2723,0.990951588974,0.992485569762,75,7.5,27,0,2074,2074,0.012271846303,0.012271846303,76,7.6,26,0
13,2026-09-05T05:30:11.324483+00:00,174972562000000,174972593000000,1.000000000,online_inference,0,0,2089,2089,0.101242732000,0.101242732000,76,7.6,27,0,2640,2641,0.880504972246,0.882038953034,75,7.5,26,0,2607,2607,0.842155452549,0.842155452549,76,7.6,27,0,2722,2723,0.990951588974,0.992485569762,75,7.5,27,0,2074,2074,0.012271846303,0.012271846303,76,7.6,26,0
14,2026-09-05T05:30:11.381499+00:00,174972609000000,174972656000000,1.063000000,online_inference,0,0,2089,2089,0.101242732000,0.101242732000,76,7.6,27,0,2640,2641,0.880504972246,0.882038953034,75,7.5,25,0,2607,2607,0.842155452549,0.842155452549,76,7.6,27,0,2722,2723,0.990951588974,0.992485569762,75,7.5,27,0,2074,2074,0.012271846303,0.012271846303,75,7.5,26,0
15,2026-09-05T05:30:11.440419+00:00,174972671000000,174972718000000,1.125000000,online_inference,0,0,2089,2089,0.101242732000,0.101242732000,76,7.6,27,0,2640,2641,0.880504972246,0.882038953034,75,7.5,25,0,2607,2607,0.842155452549,0.842155452549,76,7.6,27,0,2722,2723,0.990951588974,0.992485569762,75,7.5,27,0,2074,2074,0.012271846303,0.012271846303,76,7.6,26,0
16,2026-09-05T05:30:11.508514+00:00,174972734000000,174972781000000,1.188000000,online_inference,0,0,2089,2089,0.101242732000,0.101242732000,76,7.6,27,0,2640,2641,0.880504972246,0.882038953034,75,7.5,26,0,2607,2607,0.842155452549,0.842155452549,76,7.6,27,0,2722,2723,0.990951588974,0.992485569762,75,7.5,27,0,2074,2074,0.012271846303,0.012271846303,76,7.6,26,0
17,2026-09-05T05:30:11.569708+00:00,174972796000000,174972843000000,1.250000000,online_inference,0,0,2089,2089,0.101242732000,0.101242732000,76,7.6,27,0,2640,2641,0.880504972246,0.882038953034,75,7.5,26,0,2607,2607,0.842155452549,0.842155452549,76,7.6,27,0,2722,2723,0.990951588974,0.992485569762,75,7.5,27,0,2074,2074,0.012271846303,0.012271846303,76,7.6,26,0
18,2026-09-05T05:30:11.645514+00:00,174972859000000,174972921000000,1.328000000,online_inference,0,0,2089,2089,0.101242732000,0.101242732000,76,7.6,27,0,2640,2641,0.880504972246,0.882038953034,75,7.5,26,0,2607,2607,0.842155452549,0.842155452549,76,7.6,27,0,2722,2723,0.990951588974,0.992485569762,75,7.5,27,0,2074,2074,0.012271846303,0.012271846303,76,7.6,26,0
19,2026-09-05T05:30:11.713684+00:00,174972937000000,174972984000000,1.391000000,online_inference,0,0,2089,2089,0.101242732000,0.101242732000,76,7.6,27,0,2640,2641,0.880504972246,0.882038953034,75,7.5,25,0,2607,2607,0.842155452549,0.842155452549,76,7.6,27,0,2722,2723,0.990951588974,0.992485569762,75,7.5,27,0,2074,2074,0.012271846303,0.012271846303,75,7.5,26,0
20,2026-09-05T05:30:11.765639+00:00,174973000000000,174973046000000,1.453000000,online_inference,0,0,2089,2089,0.101242732000,0.101242732000,76,7.6,27,0,2640,2641,0.880504972246,0.882038953034,75,7.5,26,0,2607,2607,0.842155452549,0.842155452549,76,7.6,27,0,2722,2723,0.990951588974,0.992485569762,75,7.5,27,0,2074,2074,0.012271846303,0.012271846303,76,7.6,26,0
21,2026-09-05T05:30:11.833966+00:00,174973062000000,174973109000000,1.516000000,online_inference,0,0,2089,2089,0.101242732000,0.101242732000,76,7.6,27,0,2640,2641,0.880504972246,0.882038953034,75,7.5,26,0,2607,2607,0.842155452549,0.842155452549,76,7.6,27,0,2722,2723,0.990951588974,0.992485569762,75,7.5,27,0,2074,2074,0.012271846303,0.012271846303,76,7.6,26,0
22,2026-09-05T05:30:11.884792+00:00,174973125000000,174973156000000,1.563000000,online_inference,0,0,2089,2089,0.101242732000,0.101242732000,76,7.6,27,0,2640,2641,0.880504972246,0.882038953034,75,7.5,25,0,2607,2607,0.842155452549,0.842155452549,76,7.6,27,0,2722,2723,0.990951588974,0.992485569762,75,7.5,27,0,2074,2074,0.012271846303,0.012271846303,76,7.6,26,0
23,2026-09-05T05:30:11.949450+00:00,174973171000000,174973218000000,1.625000000,online_inference,0,0,2089,2089,0.101242732000,0.101242732000,76,7.6,27,0,2640,2641,0.880504972246,0.882038953034,75,7.5,25,0,2607,2607,0.842155452549,0.842155452549,76,7.6,27,0,2722,2723,0.990951588974,0.992485569762,75,7.5,27,0,2074,2074,0.012271846303,0.012271846303,76,7.6,26,0
24,2026-09-05T05:30:12.006846+00:00,174973234000000,174973281000000,1.688000000,online_inference,0,0,2089,2089,0.101242732000,0.101242732000,76,7.6,27,0,2640,2641,0.880504972246,0.882038953034,75,7.5,25,0,2607,2607,0.842155452549,0.842155452549,76,7.6,27,0,2722,2723,0.990951588974,0.992485569762,75,7.5,27,0,2074,2074,0.012271846303,0.012271846303,75,7.5,26,0
25,2026-09-05T05:30:12.069728+00:00,174973296000000,174973343000000,1.750000000,online_inference,0,0,2089,2089,0.101242732000,0.101242732000,76,7.6,27,0,2640,2641,0.880504972246,0.882038953034,75,7.5,26,0,2607,2607,0.842155452549,0.842155452549,76,7.6,27,0,2722,2723,0.990951588974,0.992485569762,75,7.5,27,0,2074,2074,0.012271846303,0.012271846303,75,7.5,26,0
26,2026-09-05T05:30:12.142261+00:00,174973375000000,174973421000000,1.828000000,online_inference,0,0,2089,2089,0.101242732000,0.101242732000,76,7.6,27,0,2640,2641,0.880504972246,0.882038953034,75,7.5,26,0,2607,2607,0.842155452549,0.842155452549,76,7.6,27,0,2722,2723,0.990951588974,0.992485569762,75,7.5,27,0,2074,2074,0.012271846303,0.012271846303,76,7.6,26,0
27,2026-09-05T05:30:12.220501+00:00,174973437000000,174973500000000,1.907000000,online_inference,0,0,2089,2089,0.101242732000,0.101242732000,76,7.6,27,0,2640,2641,0.880504972246,0.882038953034,75,7.5,26,0,2607,2607,0.842155452549,0.842155452549,76,7.6,27,0,2722,2723,0.990951588974,0.992485569762,75,7.5,27,0,2074,2074,0.012271846303,0.012271846303,75,7.5,26,0
28,2026-09-05T05:30:12.281371+00:00,174973515000000,174973562000000,1.969000000,online_inference,0,0,2089,2089,0.101242732000,0.101242732000,76,7.6,27,0,2640,2641,0.880504972246,0.882038953034,75,7.5,26,0,2607,2607,0.842155452549,0.842155452549,76,7.6,27,0,2722,2723,0.990951588974,0.992485569762,75,7.5,27,0,2074,2074,0.012271846303,0.012271846303,76,7.6,26,0
29,2026-09-05T05:30:12.343096+00:00,174973578000000,174973625000000,2.032000000,online_inference,0,0,2089,2089,0.101242732000,0.101242732000,76,7.6,27,0,2640,2641,0.880504972246,0.882038953034,75,7.5,25,0,2607,2607,0.842155452549,0.842155452549,76,7.6,27,0,2722,2723,0.990951588974,0.992485569762,75,7.5,27,0,2074,2074,0.012271846303,0.012271846303,76,7.6,26,0
30,2026-09-05T05:30:12.415334+00:00,174973640000000,174973687000000,2.094000000,online_inference,0,0,2089,2089,0.101242732000,0.101242732000,76,7.6,27,0,2640,2641,0.880504972246,0.882038953034,75,7.5,26,0,2607,2607,0.842155452549,0.842155452549,76,7.6,27,0,2722,2723,0.990951588974,0.992485569762,75,7.5,27,0,2074,2074,0.012271846303,0.012271846303,76,7.6,26,0
31,2026-09-05T05:30:12.485537+00:00,174973703000000,174973765000000,2.172000000,online_inference,0,0,2089,2089,0.101242732000,0.101242732000,76,7.6,27,0,2640,2641,0.880504972246,0.882038953034,75,7.5,26,0,2607,2607,0.842155452549,0.842155452549,76,7.6,27,0,2722,2723,0.990951588974,0.992485569762,75,7.5,27,0,2074,2074,0.012271846303,0.012271846303,75,7.5,26,0
32,2026-09-05T05:30:12.543095+00:00,174973781000000,174973812000000,2.219000000,online_inference,0,0,2089,2089,0.101242732000,0.101242732000,76,7.6,27,0,2640,2641,0.880504972246,0.882038953034,75,7.5,25,0,2607,2607,0.842155452549,0.842155452549,76,7.6,27,0,2722,2723,0.990951588974,0.992485569762,75,7.5,27,0,2074,2074,0.012271846303,0.012271846303,76,7.6,26,0
33,2026-09-05T05:30:12.601794+00:00,174973828000000,174973875000000,2.282000000,online_inference,0,0,2089,2089,0.101242732000,0.101242732000,76,7.6,27,0,2640,2641,0.880504972246,0.882038953034,75,7.5,25,0,2607,2607,0.842155452549,0.842155452549,76,7.6,27,0,2722,2723,0.990951588974,0.992485569762,75,7.5,27,0,2074,2074,0.012271846303,0.012271846303,76,7.6,26,0
34,2026-09-05T05:30:12.674236+00:00,174973890000000,174973953000000,2.360000000,online_inference,0,0,2089,2089,0.101242732000,0.101242732000,76,7.6,27,0,2640,2641,0.880504972246,0.882038953034,75,7.5,26,0,2607,2607,0.842155452549,0.842155452549,76,7.6,27,0,2722,2723,0.990951588974,0.992485569762,75,7.5,27,0,2074,2074,0.012271846303,0.012271846303,76,7.6,26,0
35,2026-09-05T05:30:12.728570+00:00,174973968000000,174974000000000,2.407000000,online_inference,0,0,2089,2089,0.101242732000,0.101242732000,76,7.6,27,0,2640,2641,0.880504972246,0.882038953034,75,7.5,25,0,2607,2607,0.842155452549,0.842155452549,76,7.6,27,0,2722,2723,0.990951588974,0.992485569762,75,7.5,27,0,2074,2074,0.012271846303,0.012271846303,76,7.6,26,0
36,2026-09-05T05:30:12.782380+00:00,174974015000000,174974062000000,2.469000000,online_inference,0,0,2089,2089,0.101242732000,0.101242732000,76,7.6,27,0,2640,2641,0.880504972246,0.882038953034,75,7.5,26,0,2607,2607,0.842155452549,0.842155452549,76,7.6,27,0,2722,2723,0.990951588974,0.992485569762,75,7.5,27,0,2074,2074,0.012271846303,0.012271846303,76,7.6,26,0
37,2026-09-05T05:30:12.838766+00:00,174974078000000,174974109000000,2.516000000,online_inference,0,0,2089,2089,0.101242732000,0.101242732000,76,7.6,27,0,2640,2641,0.880504972246,0.882038953034,75,7.5,26,0,2607,2607,0.842155452549,0.842155452549,76,7.6,27,0,2722,2723,0.990951588974,0.992485569762,75,7.5,27,0,2074,2074,0.012271846303,0.012271846303,76,7.6,26,0
38,2026-09-05T05:30:12.895447+00:00,174974125000000,174974171000000,2.578000000,online_inference,0,0,2089,2089,0.101242732000,0.101242732000,76,7.6,27,0,2640,2641,0.880504972246,0.882038953034,75,7.5,26,0,2607,2607,0.842155452549,0.842155452549,76,7.6,27,0,2722,2723,0.990951588974,0.992485569762,75,7.5,27,0,2074,2074,0.012271846303,0.012271846303,76,7.6,26,0
39,2026-09-05T05:30:12.953715+00:00,174974187000000,174974234000000,2.641000000,online_inference,0,0,2089,2089,0.101242732000,0.101242732000,76,7.6,27,0,2640,2641,0.880504972246,0.882038953034,75,7.5,26,0,2607,2607,0.842155452549,0.842155452549,76,7.6,27,0,2722,2723,0.990951588974,0.992485569762,75,7.5,27,0,2074,2074,0.012271846303,0.012271846303,76,7.6,26,0
40,2026-09-05T05:30:13.031699+00:00,174974250000000,174974312000000,2.719000000,online_inference,0,0,2089,2089,0.101242732000,0.101242732000,76,7.6,27,0,2640,2641,0.880504972246,0.882038953034,75,7.5,25,0,2607,2607,0.842155452549,0.842155452549,76,7.6,27,0,2722,2723,0.990951588974,0.992485569762,75,7.5,27,0,2074,2074,0.012271846303,0.012271846303,76,7.6,26,0
41,2026-09-05T05:30:13.088725+00:00,174974328000000,174974359000000,2.766000000,online_inference,0,0,2089,2089,0.101242732000,0.101242732000,76,7.6,27,0,2640,2641,0.880504972246,0.882038953034,75,7.5,25,0,2607,2607,0.842155452549,0.842155452549,76,7.6,27,0,2722,2723,0.990951588974,0.992485569762,75,7.5,27,0,2074,2074,0.012271846303,0.012271846303,76,7.6,26,0
42,2026-09-05T05:30:13.145648+00:00,174974375000000,174974421000000,2.828000000,online_inference,0,0,2089,2089,0.101242732000,0.101242732000,76,7.6,27,0,2640,2641,0.880504972246,0.882038953034,75,7.5,25,0,2607,2607,0.842155452549,0.842155452549,76,7.6,27,0,2722,2723,0.990951588974,0.992485569762,75,7.5,27,0,2074,2074,0.012271846303,0.012271846303,75,7.5,26,0
43,2026-09-05T05:30:13.201087+00:00,174974437000000,174974468000000,2.875000000,online_inference,0,0,2089,2089,0.101242732000,0.101242732000,76,7.6,27,0,2640,2641,0.880504972246,0.882038953034,75,7.5,26,0,2607,2607,0.842155452549,0.842155452549,76,7.6,27,0,2722,2723,0.990951588974,0.992485569762,75,7.5,27,0,2074,2074,0.012271846303,0.012271846303,76,7.6,26,0
44,2026-09-05T05:30:13.256222+00:00,174974484000000,174974531000000,2.938000000,online_inference,0,0,2089,2089,0.101242732000,0.101242732000,76,7.6,27,0,2640,2641,0.880504972246,0.882038953034,75,7.5,25,0,2607,2607,0.842155452549,0.842155452549,76,7.6,27,0,2722,2723,0.990951588974,0.992485569762,75,7.5,27,0,2074,2074,0.012271846303,0.012271846303,76,7.6,26,0
45,2026-09-05T05:30:13.302544+00:00,174974546000000,174974578000000,2.985000000,online_inference,0,0,2089,2089,0.101242732000,0.101242732000,76,7.6,27,0,2640,2641,0.880504972246,0.882038953034,75,7.5,25,0,2607,2607,0.842155452549,0.842155452549,76,7.6,27,0,2722,2723,0.990951588974,0.992485569762,75,7.5,27,0,2074,2074,0.012271846303,0.012271846303,76,7.6,26,1
46,2026-09-05T05:30:13.361021+00:00,174974593000000,174974640000000,3.047000000,online_inference,0,0,2089,2089,0.101242732000,0.101242732000,76,7.6,27,0,2640,2641,0.880504972246,0.882038953034,75,7.5,25,0,2607,2607,0.842155452549,0.842155452549,76,7.6,27,0,2722,2723,0.990951588974,0.992485569762,75,7.5,27,0,2074,2074,0.012271846303,0.012271846303,76,7.6,26,0
47,2026-09-05T05:30:13.427488+00:00,174974656000000,174974703000000,3.110000000,online_inference,0,0,2089,2089,0.101242732000,0.101242732000,76,7.6,27,0,2640,2641,0.880504972246,0.882038953034,75,7.5,26,0,2607,2607,0.842155452549,0.842155452549,76,7.6,27,0,2722,2723,0.990951588974,0.992485569762,75,7.5,27,0,2074,2074,0.012271846303,0.012271846303,76,7.6,26,0
48,2026-09-05T05:30:13.488036+00:00,174974718000000,174974765000000,3.172000000,online_inference,0,0,2089,2089,0.101242732000,0.101242732000,76,7.6,27,0,2640,2641,0.880504972246,0.882038953034,75,7.5,25,0,2607,2607,0.842155452549,0.842155452549,76,7.6,27,0,2722,2723,0.990951588974,0.992485569762,75,7.5,27,0,2074,2074,0.012271846303,0.012271846303,76,7.6,26,0
49,2026-09-05T05:30:13.543692+00:00,174974781000000,174974812000000,3.219000000,online_inference,0,0,2089,2089,0.101242732000,0.101242732000,76,7.6,27,0,2640,2641,0.880504972246,0.882038953034,75,7.5,26,0,2607,2607,0.842155452549,0.842155452549,76,7.6,27,0,2722,2723,0.990951588974,0.992485569762,75,7.5,27,0,2074,2074,0.012271846303,0.012271846303,76,7.6,26,0
50,2026-09-05T05:30:13.600743+00:00,174974828000000,174974875000000,3.282000000,online_inference,0,0,2089,2089,0.101242732000,0.101242732000,76,7.6,27,0,2640,2641,0.880504972246,0.882038953034,75,7.5,25,0,2607,2607,0.842155452549,0.842155452549,76,7.6,27,0,2722,2723,0.990951588974,0.992485569762,75,7.5,27,0,2074,2074,0.012271846303,0.012271846303,76,7.6,26,0
51,2026-09-05T05:30:13.659271+00:00,174974890000000,174974937000000,3.344000000,online_inference,0,0,2089,2089,0.101242732000,0.101242732000,76,7.6,27,0,2640,2641,0.880504972246,0.882038953034,75,7.5,25,0,2607,2607,0.842155452549,0.842155452549,76,7.6,27,0,2722,2723,0.990951588974,0.992485569762,75,7.5,27,0,2074,2074,0.012271846303,0.012271846303,75,7.5,26,0
52,2026-09-05T05:30:13.732012+00:00,174974953000000,174975000000000,3.407000000,online_inference,0,0,2089,2089,0.101242732000,0.101242732000,76,7.6,27,0,2640,2641,0.880504972246,0.882038953034,75,7.5,25,0,2607,2607,0.842155452549,0.842155452549,76,7.6,27,0,2722,2723,0.990951588974,0.992485569762,75,7.5,27,0,2074,2074,0.012271846303,0.012271846303,76,7.6,26,0
53,2026-09-05T05:30:13.779412+00:00,174975015000000,174975046000000,3.453000000,online_inference,0,0,2089,2089,0.101242732000,0.101242732000,76,7.6,27,0,2640,2641,0.880504972246,0.882038953034,75,7.5,25,0,2607,2607,0.842155452549,0.842155452549,76,7.6,27,0,2722,2723,0.990951588974,0.992485569762,75,7.5,27,0,2074,2074,0.012271846303,0.012271846303,76,7.6,26,0
54,2026-09-05T05:30:13.823885+00:00,174975062000000,174975093000000,3.500000000,online_inference,0,0,2089,2089,0.101242732000,0.101242732000,76,7.6,27,0,2640,2641,0.880504972246,0.882038953034,75,7.5,25,0,2607,2607,0.842155452549,0.842155452549,76,7.6,27,0,2722,2723,0.990951588974,0.992485569762,75,7.5,27,0,2074,2074,0.012271846303,0.012271846303,76,7.6,26,0
55,2026-09-05T05:30:13.887507+00:00,174975109000000,174975156000000,3.563000000,online_inference,0,0,2089,2089,0.101242732000,0.101242732000,76,7.6,27,0,2640,2641,0.880504972246,0.882038953034,75,7.5,25,0,2607,2607,0.842155452549,0.842155452549,76,7.6,27,0,2722,2723,0.990951588974,0.992485569762,75,7.5,27,0,2074,2074,0.012271846303,0.012271846303,76,7.6,26,0
56,2026-09-05T05:30:13.942758+00:00,174975171000000,174975218000000,3.625000000,online_inference,0,0,2089,2089,0.101242732000,0.101242732000,76,7.6,27,0,2640,2641,0.880504972246,0.882038953034,75,7.5,26,0,2607,2607,0.842155452549,0.842155452549,76,7.6,27,0,2722,2723,0.990951588974,0.992485569762,75,7.5,27,0,2074,2074,0.012271846303,0.012271846303,76,7.6,26,0
57,2026-09-05T05:30:14.014686+00:00,174975234000000,174975296000000,3.703000000,online_inference,0,0,2089,2089,0.101242732000,0.101242732000,76,7.6,27,0,2640,2641,0.880504972246,0.882038953034,75,7.5,25,0,2607,2607,0.842155452549,0.842155452549,76,7.6,27,0,2722,2723,0.990951588974,0.992485569762,75,7.5,27,0,2074,2074,0.012271846303,0.012271846303,75,7.5,26,0
58,2026-09-05T05:30:14.084422+00:00,174975312000000,174975359000000,3.766000000,online_inference,0,0,2089,2089,0.101242732000,0.101242732000,76,7.6,27,0,2640,2641,0.880504972246,0.882038953034,75,7.5,25,0,2607,2607,0.842155452549,0.842155452549,76,7.6,27,0,2722,2723,0.990951588974,0.992485569762,75,7.5,27,0,2074,2074,0.012271846303,0.012271846303,76,7.6,26,0
59,2026-09-05T05:30:14.151757+00:00,174975375000000,174975421000000,3.828000000,online_inference,0,0,2089,2089,0.101242732000,0.101242732000,76,7.6,27,0,2640,2641,0.880504972246,0.882038953034,75,7.5,26,0,2607,2607,0.842155452549,0.842155452549,76,7.6,27,0,2722,2723,0.990951588974,0.992485569762,75,7.5,27,0,2074,2074,0.012271846303,0.012271846303,76,7.6,26,0
60,2026-09-05T05:30:14.208705+00:00,174975437000000,174975484000000,3.891000000,online_inference,0,0,2089,2089,0.101242732000,0.101242732000,76,7.6,27,0,2640,2641,0.880504972246,0.882038953034,75,7.5,25,0,2607,2607,0.842155452549,0.842155452549,76,7.6,27,0,2722,2723,0.990951588974,0.992485569762,75,7.5,27,0,2074,2074,0.012271846303,0.012271846303,76,7.6,26,0
61,2026-09-05T05:30:14.292584+00:00,174975500000000,174975562000000,3.969000000,online_inference,0,0,2089,2089,0.101242732000,0.101242732000,76,7.6,27,0,2640,2641,0.880504972246,0.882038953034,75,7.5,25,0,2607,2607,0.842155452549,0.842155452549,76,7.6,27,0,2722,2723,0.990951588974,0.992485569762,75,7.5,27,0,2074,2074,0.012271846303,0.012271846303,76,7.6,26,0
62,2026-09-05T05:30:14.343345+00:00,174975578000000,174975625000000,4.032000000,online_inference,0,0,2089,2089,0.101242732000,0.101242732000,76,7.6,27,0,2640,2641,0.880504972246,0.882038953034,75,7.5,26,0,2607,2607,0.842155452549,0.842155452549,76,7.6,27,0,2722,2723,0.990951588974,0.992485569762,75,7.5,27,0,2074,2074,0.012271846303,0.012271846303,76,7.6,26,0
63,2026-09-05T05:30:14.415168+00:00,174975640000000,174975687000000,4.094000000,online_inference,0,0,2089,2089,0.101242732000,0.101242732000,76,7.6,27,0,2640,2641,0.880504972246,0.882038953034,75,7.5,25,0,2607,2607,0.842155452549,0.842155452549,76,7.6,27,0,2722,2723,0.990951588974,0.992485569762,75,7.5,27,0,2074,2074,0.012271846303,0.012271846303,76,7.6,26,0
64,2026-09-05T05:30:14.480222+00:00,174975703000000,174975750000000,4.157000000,online_inference,0,0,2089,2089,0.101242732000,0.101242732000,76,7.6,27,0,2640,2641,0.880504972246,0.882038953034,75,7.5,26,0,2607,2607,0.842155452549,0.842155452549,76,7.6,27,0,2722,2723,0.990951588974,0.992485569762,75,7.5,27,0,2074,2074,0.012271846303,0.012271846303,76,7.6,26,0
65,2026-09-05T05:30:14.543819+00:00,174975765000000,174975812000000,4.219000000,online_inference,0,0,2089,2089,0.101242732000,0.101242732000,76,7.6,27,0,2640,2641,0.880504972246,0.882038953034,75,7.5,26,0,2607,2607,0.842155452549,0.842155452549,76,7.6,27,0,2722,2723,0.990951588974,0.992485569762,75,7.5,27,0,2074,2074,0.012271846303,0.012271846303,76,7.6,26,0
66,2026-09-05T05:30:14.583274+00:00,174975828000000,174975859000000,4.266000000,online_inference,0,0,2089,2089,0.101242732000,0.101242732000,76,7.6,27,0,2640,2641,0.880504972246,0.882038953034,75,7.5,26,0,2607,2607,0.842155452549,0.842155452549,76,7.6,27,0,2722,2723,0.990951588974,0.992485569762,75,7.5,27,0,2074,2074,0.012271846303,0.012271846303,76,7.6,26,0
67,2026-09-05T05:30:14.644509+00:00,174975875000000,174975921000000,4.328000000,online_archive,0,0,2089,2089,0.101242732000,0.101242732000,76,7.6,27,0,2640,2641,0.880504972246,0.882038953034,75,7.5,26,0,2607,2607,0.842155452549,0.842155452549,76,7.6,27,0,2722,2723,0.990951588974,0.992485569762,75,7.5,27,0,2074,2074,0.012271846303,0.012271846303,76,7.6,26,0
68,2026-09-05T05:30:14.696466+00:00,174975937000000,174975968000000,4.375000000,online_archive,0,0,2089,2089,0.101242732000,0.101242732000,76,7.6,27,0,2640,2641,0.880504972246,0.882038953034,75,7.5,25,0,2607,2607,0.842155452549,0.842155452549,76,7.6,27,0,2722,2723,0.990951588974,0.992485569762,75,7.5,27,0,2074,2074,0.012271846303,0.012271846303,75,7.5,26,0
69,2026-09-05T05:30:14.789020+00:00,174976031000000,174976062000000,4.469000000,fixed_trajectory,0,0,2089,2089,0.101242732000,0.101242732000,76,7.6,27,0,2640,2641,0.880504972246,0.882038953034,75,7.5,25,0,2607,2607,0.842155452549,0.842155452549,76,7.6,27,0,2722,2723,0.990951588974,0.992485569762,75,7.5,27,0,2074,2074,0.012271846303,0.012271846303,76,7.6,26,0
70,2026-09-05T05:30:14.844372+00:00,174976078000000,174976125000000,4.532000000,fixed_trajectory,0,0,2089,2089,0.101242732000,0.101242732000,76,7.6,27,0,2640,2642,0.880504972246,0.883572933822,75,7.5,26,0,2607,2606,0.842155452549,0.840621471761,76,7.6,27,0,2722,2723,0.990951588974,0.992485569762,75,7.5,27,0,2074,2074,0.012271846303,0.012271846303,76,7.6,26,0
71,2026-09-05T05:30:14.903231+00:00,174976140000000,174976171000000,4.578000000,fixed_trajectory,0,0,2089,2089,0.101242732000,0.101242732000,76,7.6,27,0,2640,2642,0.880504972246,0.883572933822,75,7.5,25,1,2607,2605,0.842155452549,0.839087490973,76,7.6,27,1,2722,2723,0.990951588974,0.992485569762,75,7.5,27,0,2074,2074,0.012271846303,0.012271846303,76,7.6,26,0
72,2026-09-05T05:30:14.954913+00:00,174976187000000,174976234000000,4.641000000,fixed_trajectory,0,0,2089,2089,0.101242732000,0.101242732000,76,7.6,27,0,2640,2643,0.880504972246,0.885106914610,75,7.5,25,0,2607,2604,0.842155452549,0.837553510186,76,7.6,27,0,2722,2723,0.990951588974,0.992485569762,75,7.5,27,0,2074,2074,0.012271846303,0.012271846303,75,7.5,26,0
73,2026-09-05T05:30:15.014548+00:00,174976250000000,174976296000000,4.703000000,fixed_trajectory,0,0,2089,2089,0.101242732000,0.101242732000,76,7.6,27,0,2640,2644,0.880504972246,0.886640895398,75,7.5,25,1,2607,2603,0.842155452549,0.836019529398,76,7.6,27,1,2722,2723,0.990951588974,0.992485569762,75,7.5,27,0,2074,2073,0.012271846303,0.010737865515,76,7.6,26,0
74,2026-09-05T05:30:15.070961+00:00,174976312000000,174976343000000,4.750000000,fixed_trajectory,0,0,2089,2089,0.101242732000,0.101242732000,76,7.6,27,0,2640,2644,0.880504972246,0.886640895398,75,7.5,26,0,2607,2602,0.842155452549,0.834485548610,76,7.6,27,1,2722,2723,0.990951588974,0.992485569762,75,7.5,27,0,2074,2073,0.012271846303,0.010737865515,76,7.6,26,0
75,2026-09-05T05:30:15.123076+00:00,174976359000000,174976390000000,4.797000000,fixed_trajectory,0,0,2089,2088,0.101242732000,0.099708751213,76,7.6,27,0,2640,2645,0.880504972246,0.888174876186,75,7.5,25,1,2607,2601,0.842155452549,0.832951567822,76,7.6,27,1,2722,2723,0.990951588974,0.992485569762,75,7.5,27,0,2074,2073,0.012271846303,0.010737865515,75,7.5,26,0
76,2026-09-05T05:30:15.169888+00:00,174976406000000,174976437000000,4.844000000,fixed_trajectory,0,0,2089,2088,0.101242732000,0.099708751213,76,7.6,27,0,2640,2645,0.880504972246,0.888174876186,75,7.5,26,1,2607,2600,0.842155452549,0.831417587034,76,7.6,27,1,2722,2723,0.990951588974,0.992485569762,75,7.5,27,0,2074,2073,0.012271846303,0.010737865515,75,7.5,26,0
77,2026-09-05T05:30:15.337948+00:00,174976453000000,174976609000000,5.016000000,fixed_trajectory,0,1,2089,2088,0.101242732000,0.099708751213,76,7.6,27,0,2640,2646,0.880504972246,0.889708856974,75,7.5,26,1,2602,2599,0.834485548610,0.829883606246,76,7.6,27,1,2723,2723,0.992485569762,0.992485569762,75,7.5,27,0,2074,2073,0.012271846303,0.010737865515,76,7.6,26,0
78,2026-09-05T05:30:15.520894+00:00,174976750000000,174976796000000,5.203000000,fixed_trajectory,0,0,2089,2088,0.101242732000,0.099708751213,76,7.6,27,0,2640,2647,0.880504972246,0.891242837762,75,7.5,26,1,2602,2598,0.834485548610,0.828349625458,76,7.6,27,0,2723,2723,0.992485569762,0.992485569762,75,7.5,27,0,2074,2073,0.012271846303,0.010737865515,76,7.6,26,0
79,2026-09-05T05:30:15.570581+00:00,174976812000000,174976843000000,5.250000000,fixed_trajectory,0,0,2089,2088,0.101242732000,0.099708751213,76,7.6,27,0,2640,2647,0.880504972246,0.891242837762,75,7.5,25,1,2602,2597,0.834485548610,0.826815644670,76,7.6,27,1,2723,2723,0.992485569762,0.992485569762,75,7.5,27,0,2074,2073,0.012271846303,0.010737865515,76,7.6,26,0
80,2026-09-05T05:30:15.614614+00:00,174976859000000,174976890000000,5.297000000,fixed_trajectory,0,0,2089,2088,0.101242732000,0.099708751213,76,7.6,27,0,2640,2648,0.880504972246,0.892776818549,75,7.5,25,1,2602,2596,0.834485548610,0.825281663882,76,7.6,27,1,2723,2723,0.992485569762,0.992485569762,75,7.5,27,0,2074,2072,0.012271846303,0.009203884727,75,7.5,26,1
81,2026-09-05T05:30:15.669632+00:00,174976906000000,174976937000000,5.344000000,fixed_trajectory,0,0,2089,2088,0.101242732000,0.099708751213,76,7.6,27,0,2640,2649,0.880504972246,0.894310799337,75,7.5,26,2,2602,2595,0.834485548610,0.823747683095,76,7.6,27,1,2723,2723,0.992485569762,0.992485569762,75,7.5,27,0,2074,2072,0.012271846303,0.009203884727,76,7.6,26,0
82,2026-09-05T05:30:15.723633+00:00,174976953000000,174977000000000,5.407000000,fixed_trajectory,0,0,2089,2088,0.101242732000,0.099708751213,76,7.6,27,0,2641,2649,0.882038953034,0.894310799337,75,7.5,26,0,2602,2594,0.834485548610,0.822213702307,76,7.6,27,2,2723,2723,0.992485569762,0.992485569762,75,7.5,27,0,2074,2072,0.012271846303,0.009203884727,75,7.5,26,1
83,2026-09-05T05:30:15.770894+00:00,174977015000000,174977046000000,5.453000000,fixed_trajectory,0,0,2089,2088,0.101242732000,0.099708751213,76,7.6,27,0,2642,2650,0.883572933822,0.895844780125,75,7.5,26,0,2600,2593,0.831417587034,0.820679721519,76,7.6,27,0,2723,2723,0.992485569762,0.992485569762,75,7.5,27,0,2074,2072,0.012271846303,0.009203884727,75,7.5,26,1
84,2026-09-05T05:30:15.816609+00:00,174977062000000,174977093000000,5.500000000,fixed_trajectory,0,0,2089,2088,0.101242732000,0.099708751213,76,7.6,27,0,2644,2650,0.886640895398,0.895844780125,75,7.5,25,1,2597,2592,0.826815644670,0.819145740731,76,7.6,27,0,2724,2723,0.994019550550,0.992485569762,75,7.5,27,0,2074,2072,0.012271846303,0.009203884727,75,7.5,26,1
85,2026-09-05T05:30:15.872781+00:00,174977109000000,174977140000000,5.547000000,fixed_trajectory,0,0,2089,2088,0.101242732000,0.099708751213,76,7.6,27,0,2646,2651,0.889708856974,0.897378760913,75,7.5,26,2,2595,2591,0.823747683095,0.817611759943,76,7.6,27,0,2724,2723,0.994019550550,0.992485569762,75,7.5,27,0,2074,2072,0.012271846303,0.009203884727,75,7.5,26,0
86,2026-09-05T05:30:15.911421+00:00,174977156000000,174977187000000,5.594000000,fixed_trajectory,0,0,2089,2088,0.101242732000,0.099708751213,76,7.6,27,0,2646,2652,0.889708856974,0.898912741701,75,7.5,26,1,2593,2590,0.820679721519,0.816077779155,76,7.6,27,1,2724,2723,0.994019550550,0.992485569762,75,7.5,27,0,2074,2072,0.012271846303,0.009203884727,75,7.5,26,0
87,2026-09-05T05:30:15.967617+00:00,174977203000000,174977250000000,5.657000000,fixed_trajectory,0,0,2089,2087,0.101242732000,0.098174770425,76,7.6,27,1,2646,2652,0.889708856974,0.898912741701,75,7.5,26,1,2593,2589,0.820679721519,0.814543798367,76,7.6,27,1,2724,2723,0.994019550550,0.992485569762,75,7.5,27,0,2074,2071,0.012271846303,0.007669903939,76,7.6,26,1
88,2026-09-05T05:30:16.156228+00:00,174977390000000,174977437000000,5.844000000,fixed_trajectory,0,0,2089,2087,0.101242732000,0.098174770425,76,7.6,27,1,2646,2653,0.889708856974,0.900446722489,75,7.5,26,1,2593,2588,0.820679721519,0.813009817579,76,7.6,27,1,2724,2723,0.994019550550,0.992485569762,75,7.5,27,0,2074,2071,0.012271846303,0.007669903939,76,7.6,26,0
89,2026-09-05T05:30:16.210937+00:00,174977453000000,174977484000000,5.891000000,fixed_trajectory,0,0,2089,2087,0.101242732000,0.098174770425,76,7.6,27,0,2646,2654,0.889708856974,0.901980703277,75,7.5,25,1,2593,2587,0.820679721519,0.811475836792,76,7.6,27,1,2724,2723,0.994019550550,0.992485569762,75,7.5,27,0,2074,2071,0.012271846303,0.007669903939,75,7.5,26,1
90,2026-09-05T05:30:16.259366+00:00,174977500000000,174977531000000,5.938000000,fixed_trajectory,0,0,2089,2087,0.101242732000,0.098174770425,76,7.6,27,1,2646,2654,0.889708856974,0.901980703277,75,7.5,26,1,2593,2586,0.820679721519,0.809941856004,76,7.6,27,1,2724,2723,0.994019550550,0.992485569762,75,7.5,27,0,2074,2071,0.012271846303,0.007669903939,75,7.5,26,1
91,2026-09-05T05:30:16.303043+00:00,174977546000000,174977578000000,5.985000000,fixed_trajectory,0,0,2089,2087,0.101242732000,0.098174770425,76,7.6,27,1,2646,2655,0.889708856974,0.903514684065,75,7.5,25,1,2593,2585,0.820679721519,0.808407875216,76,7.6,27,2,2724,2723,0.994019550550,0.992485569762,75,7.5,27,0,2074,2071,0.012271846303,0.007669903939,75,7.5,26,0
92,2026-09-05T05:30:16.354063+00:00,174977593000000,174977625000000,6.032000000,fixed_trajectory,0,0,2089,2087,0.101242732000,0.098174770425,76,7.6,27,0,2646,2655,0.889708856974,0.903514684065,75,7.5,26,1,2593,2584,0.820679721519,0.806873894428,76,7.6,27,1,2724,2723,0.994019550550,0.992485569762,75,7.5,27,0,2074,2071,0.012271846303,0.007669903939,75,7.5,26,1
93,2026-09-05T05:30:16.408446+00:00,174977640000000,174977687000000,6.094000000,fixed_trajectory,0,0,2089,2087,0.101242732000,0.098174770425,76,7.6,27,1,2646,2656,0.889708856974,0.905048664853,75,7.5,26,2,2593,2583,0.820679721519,0.805339913640,76,7.6,27,1,2724,2723,0.994019550550,0.992485569762,75,7.5,27,0,2074,2071,0.012271846303,0.007669903939,75,7.5,26,0
94,2026-09-05T05:30:16.456421+00:00,174977703000000,174977734000000,6.141000000,fixed_trajectory,0,0,2089,2087,0.101242732000,0.098174770425,76,7.6,27,1,2646,2657,0.889708856974,0.906582645640,75,7.5,25,2,2593,2582,0.820679721519,0.803805932852,76,7.6,27,2,2724,2723,0.994019550550,0.992485569762,75,7.5,27,0,2074,2070,0.012271846303,0.006135923152,75,7.5,26,0
95,2026-09-05T05:30:16.517349+00:00,174977750000000,174977796000000,6.203000000,fixed_trajectory,0,0,2089,2087,0.101242732000,0.098174770425,76,7.6,27,0,2647,2657,0.891242837762,0.906582645640,75,7.5,26,0,2591,2581,0.817611759943,0.802271952064,76,7.6,27,0,2724,2723,0.994019550550,0.992485569762,75,7.5,27,1,2074,2070,0.012271846303,0.006135923152,75,7.5,26,0
96,2026-09-05T05:30:16.563382+00:00,174977812000000,174977843000000,6.250000000,fixed_trajectory,0,0,2089,2087,0.101242732000,0.098174770425,76,7.6,27,0,2650,2658,0.895844780125,0.908116626428,75,7.5,25,1,2587,2580,0.811475836792,0.800737971276,76,7.6,27,1,2725,2723,0.995553531338,0.992485569762,75,7.5,27,1,2073,2070,0.010737865515,0.006135923152,75,7.5,26,1
97,2026-09-05T05:30:16.623261+00:00,174977859000000,174977890000000,6.297000000,fixed_trajectory,0,0,2089,2087,0.101242732000,0.098174770425,76,7.6,27,0,2651,2659,0.897378760913,0.909650607216,75,7.5,25,2,2585,2579,0.808407875216,0.799203990488,76,7.6,27,0,2725,2723,0.995553531338,0.992485569762,75,7.5,27,0,2072,2070,0.009203884727,0.006135923152,75,7.5,26,0
98,2026-09-05T05:30:16.674152+00:00,174977921000000,174977953000000,6.360000000,fixed_trajectory,0,0,2089,2087,0.101242732000,0.098174770425,76,7.6,27,1,2651,2659,0.897378760913,0.909650607216,75,7.5,26,1,2585,2578,0.808407875216,0.797670009701,76,7.6,27,1,2725,2723,0.995553531338,0.992485569762,75,7.5,27,1,2072,2070,0.009203884727,0.006135923152,75,7.5,26,1
99,2026-09-05T05:30:16.728510+00:00,174977968000000,174978000000000,6.407000000,fixed_trajectory,0,0,2089,2086,0.101242732000,0.096640789637,76,7.6,27,1,2651,2660,0.897378760913,0.911184588004,75,7.5,25,2,2585,2577,0.808407875216,0.796136028913,76,7.6,27,1,2725,2723,0.995553531338,0.992485569762,75,7.5,27,1,2072,2070,0.009203884727,0.006135923152,75,7.5,26,1
100,2026-09-05T05:30:16.770032+00:00,174978015000000,174978046000000,6.453000000,fixed_trajectory,0,0,2089,2086,0.101242732000,0.096640789637,76,7.6,27,1,2651,2660,0.897378760913,0.911184588004,75,7.5,25,1,2585,2576,0.808407875216,0.794602048125,76,7.6,27,2,2725,2723,0.995553531338,0.992485569762,75,7.5,27,1,2072,2070,0.009203884727,0.006135923152,75,7.5,26,0
101,2026-09-05T05:30:16.823331+00:00,174978062000000,174978093000000,6.500000000,fixed_trajectory,0,0,2089,2086,0.101242732000,0.096640789637,76,7.6,27,1,2651,2661,0.897378760913,0.912718568792,75,7.5,26,2,2585,2575,0.808407875216,0.793068067337,76,7.6,27,2,2725,2723,0.995553531338,0.992485569762,75,7.5,27,0,2072,2069,0.009203884727,0.004601942364,75,7.5,26,1
102,2026-09-05T05:30:16.880400+00:00,174978109000000,174978156000000,6.563000000,fixed_trajectory,0,0,2089,2086,0.101242732000,0.096640789637,76,7.6,27,1,2651,2662,0.897378760913,0.914252549580,75,7.5,26,2,2585,2574,0.808407875216,0.791534086549,76,7.6,27,2,2725,2723,0.995553531338,0.992485569762,75,7.5,27,0,2072,2069,0.009203884727,0.004601942364,75,7.5,26,1
103,2026-09-05T05:30:16.926590+00:00,174978171000000,174978203000000,6.610000000,fixed_trajectory,0,0,2089,2086,0.101242732000,0.096640789637,76,7.6,27,1,2651,2662,0.897378760913,0.914252549580,75,7.5,26,2,2585,2573,0.808407875216,0.790000105761,76,7.6,27,3,2725,2723,0.995553531338,0.992485569762,75,7.5,27,1,2072,2069,0.009203884727,0.004601942364,75,7.5,26,1
104,2026-09-05T05:30:16.974429+00:00,174978218000000,174978250000000,6.657000000,online_observation,0,0,2089,2086,0.101242732000,0.096640789637,76,7.6,27,1,2651,2663,0.897378760913,0.915786530368,75,7.5,26,2,2585,2572,0.808407875216,0.788466124973,76,7.6,27,2,2725,2723,0.995553531338,0.992485569762,75,7.5,27,0,2072,2069,0.009203884727,0.004601942364,75,7.5,26,0
105,2026-09-05T05:30:17.027919+00:00,174978265000000,174978296000000,6.703000000,online_observation,0,0,2089,2086,0.101242732000,0.096640789637,76,7.6,27,1,2651,2663,0.897378760913,0.915786530368,75,7.5,26,2,2582,2572,0.803805932852,0.788466124973,76,7.6,27,0,2725,2723,0.995553531338,0.992485569762,75,7.5,27,1,2073,2069,0.010737865515,0.004601942364,75,7.5,26,0
106,2026-09-05T05:30:17.084466+00:00,174978312000000,174978359000000,6.766000000,online_observation,0,0,2089,2086,0.101242732000,0.096640789637,76,7.6,27,1,2654,2663,0.901980703277,0.915786530368,75,7.5,25,0,2581,2572,0.802271952064,0.788466124973,76,7.6,27,1,2725,2723,0.995553531338,0.992485569762,75,7.5,27,0,2072,2069,0.009203884727,0.004601942364,75,7.5,26,0
107,2026-09-05T05:30:17.131128+00:00,174978375000000,174978406000000,6.813000000,online_observation,0,0,2089,2086,0.101242732000,0.096640789637,76,7.6,27,1,2655,2663,0.903514684065,0.915786530368,75,7.5,26,1,2581,2572,0.802271952064,0.788466124973,76,7.6,27,1,2725,2723,0.995553531338,0.992485569762,75,7.5,27,0,2072,2069,0.009203884727,0.004601942364,75,7.5,26,1
108,2026-09-05T05:30:17.200189+00:00,174978437000000,174978468000000,6.875000000,online_observation,0,0,2089,2086,0.101242732000,0.096640789637,76,7.6,27,1,2656,2663,0.905048664853,0.915786530368,75,7.5,25,1,2580,2572,0.800737971276,0.788466124973,76,7.6,27,0,2725,2723,0.995553531338,0.992485569762,75,7.5,27,1,2072,2069,0.009203884727,0.004601942364,75,7.5,26,0
109,2026-09-05T05:30:17.229766+00:00,174978484000000,174978500000000,6.907000000,online_observation,0,0,2089,2086,0.101242732000,0.096640789637,76,7.6,27,1,2656,2663,0.905048664853,0.915786530368,75,7.5,25,0,2577,2572,0.796136028913,0.788466124973,76,7.6,27,0,2725,2723,0.995553531338,0.992485569762,75,7.5,27,0,2072,2069,0.009203884727,0.004601942364,75,7.5,26,1
110,2026-09-05T05:30:17.291346+00:00,174978531000000,174978562000000,6.969000000,online_observation,0,0,2089,2086,0.101242732000,0.096640789637,76,7.6,27,0,2656,2663,0.905048664853,0.915786530368,75,7.5,26,1,2577,2572,0.796136028913,0.788466124973,76,7.6,27,0,2725,2723,0.995553531338,0.992485569762,75,7.5,27,0,2072,2069,0.009203884727,0.004601942364,75,7.5,26,1
111,2026-09-05T05:30:17.347859+00:00,174978578000000,174978625000000,7.032000000,online_inference,1,0,2089,2086,0.101242732000,0.096640789637,76,7.6,27,1,2656,2663,0.905048664853,0.915786530368,75,7.5,26,1,2576,2572,0.794602048125,0.788466124973,76,7.6,27,1,2725,2723,0.995553531338,0.992485569762,75,7.5,27,1,2071,2069,0.007669903939,0.004601942364,76,7.6,26,1
112,2026-09-05T05:30:17.412212+00:00,174978640000000,174978687000000,7.094000000,online_inference,1,0,2089,2086,0.101242732000,0.096640789637,76,7.6,27,0,2656,2663,0.905048664853,0.915786530368,75,7.5,26,1,2576,2572,0.794602048125,0.788466124973,76,7.6,27,0,2725,2723,0.995553531338,0.992485569762,75,7.5,27,1,2071,2069,0.007669903939,0.004601942364,76,7.6,26,1
113,2026-09-05T05:30:17.475221+00:00,174978703000000,174978750000000,7.157000000,online_inference,1,0,2089,2086,0.101242732000,0.096640789637,76,7.6,27,0,2656,2663,0.905048664853,0.915786530368,75,7.5,25,1,2576,2572,0.794602048125,0.788466124973,76,7.6,27,1,2725,2723,0.995553531338,0.992485569762,75,7.5,27,1,2071,2069,0.007669903939,0.004601942364,75,7.5,26,0
114,2026-09-05T05:30:17.549857+00:00,174978765000000,174978828000000,7.235000000,online_inference,1,0,2089,2086,0.101242732000,0.096640789637,76,7.6,27,0,2656,2663,0.905048664853,0.915786530368,75,7.5,25,1,2576,2572,0.794602048125,0.788466124973,76,7.6,27,1,2725,2723,0.995553531338,0.992485569762,75,7.5,27,1,2071,2069,0.007669903939,0.004601942364,76,7.6,26,0
115,2026-09-05T05:30:17.604455+00:00,174978843000000,174978875000000,7.282000000,online_inference,1,0,2089,2086,0.101242732000,0.096640789637,76,7.6,27,0,2656,2663,0.905048664853,0.915786530368,75,7.5,25,0,2576,2572,0.794602048125,0.788466124973,76,7.6,27,1,2725,2723,0.995553531338,0.992485569762,75,7.5,27,0,2071,2069,0.007669903939,0.004601942364,75,7.5,26,1
116,2026-09-05T05:30:17.670071+00:00,174978890000000,174978937000000,7.344000000,online_inference,1,0,2089,2086,0.101242732000,0.096640789637,76,7.6,27,1,2656,2663,0.905048664853,0.915786530368,75,7.5,25,1,2576,2572,0.794602048125,0.788466124973,76,7.6,27,0,2725,2723,0.995553531338,0.992485569762,75,7.5,27,1,2071,2069,0.007669903939,0.004601942364,75,7.5,26,0
117,2026-09-05T05:30:17.733942+00:00,174978968000000,174979015000000,7.422000000,online_inference,1,0,2089,2086,0.101242732000,0.096640789637,76,7.6,27,1,2656,2663,0.905048664853,0.915786530368,75,7.5,25,1,2576,2572,0.794602048125,0.788466124973,76,7.6,27,1,2725,2723,0.995553531338,0.992485569762,75,7.5,27,1,2071,2069,0.007669903939,0.004601942364,75,7.5,26,1
118,2026-09-05T05:30:17.789302+00:00,174979031000000,174979062000000,7.469000000,online_inference,1,0,2089,2086,0.101242732000,0.096640789637,76,7.6,27,1,2656,2663,0.905048664853,0.915786530368,75,7.5,26,0,2576,2572,0.794602048125,0.788466124973,76,7.6,27,1,2725,2723,0.995553531338,0.992485569762,75,7.5,27,1,2071,2069,0.007669903939,0.004601942364,75,7.5,26,1
119,2026-09-05T05:30:17.858825+00:00,174979078000000,174979140000000,7.547000000,online_inference,1,0,2089,2086,0.101242732000,0.096640789637,76,7.6,27,0,2656,2663,0.905048664853,0.915786530368,75,7.5,25,1,2576,2572,0.794602048125,0.788466124973,76,7.6,27,1,2725,2723,0.995553531338,0.992485569762,75,7.5,27,1,2071,2069,0.007669903939,0.004601942364,75,7.5,26,1
120,2026-09-05T05:30:17.932734+00:00,174979156000000,174979203000000,7.610000000,online_inference,1,0,2089,2086,0.101242732000,0.096640789637,76,7.6,27,1,2656,2663,0.905048664853,0.915786530368,75,7.5,26,1,2576,2572,0.794602048125,0.788466124973,76,7.6,27,1,2725,2723,0.995553531338,0.992485569762,75,7.5,27,0,2071,2069,0.007669903939,0.004601942364,75,7.5,26,1
121,2026-09-05T05:30:17.991180+00:00,174979218000000,174979265000000,7.672000000,online_inference,1,0,2089,2086,0.101242732000,0.096640789637,76,7.6,27,1,2656,2663,0.905048664853,0.915786530368,75,7.5,26,1,2576,2572,0.794602048125,0.788466124973,76,7.6,27,1,2725,2723,0.995553531338,0.992485569762,75,7.5,27,0,2071,2069,0.007669903939,0.004601942364,75,7.5,26,1
122,2026-09-05T05:30:18.051260+00:00,174979281000000,174979328000000,7.735000000,online_inference,1,0,2089,2086,0.101242732000,0.096640789637,76,7.6,27,0,2656,2663,0.905048664853,0.915786530368,75,7.5,26,1,2576,2572,0.794602048125,0.788466124973,76,7.6,27,1,2725,2723,0.995553531338,0.992485569762,75,7.5,27,0,2071,2069,0.007669903939,0.004601942364,75,7.5,26,0
123,2026-09-05T05:30:18.123983+00:00,174979343000000,174979406000000,7.813000000,online_inference,1,0,2089,2086,0.101242732000,0.096640789637,76,7.6,27,0,2656,2663,0.905048664853,0.915786530368,75,7.5,25,1,2576,2572,0.794602048125,0.788466124973,76,7.6,27,1,2725,2723,0.995553531338,0.992485569762,75,7.5,27,0,2071,2069,0.007669903939,0.004601942364,76,7.6,26,0
124,2026-09-05T05:30:18.182030+00:00,174979421000000,174979453000000,7.860000000,online_inference,1,0,2089,2086,0.101242732000,0.096640789637,76,7.6,27,1,2656,2663,0.905048664853,0.915786530368,75,7.5,26,0,2576,2572,0.794602048125,0.788466124973,76,7.6,27,1,2725,2723,0.995553531338,0.992485569762,75,7.5,27,1,2071,2069,0.007669903939,0.004601942364,75,7.5,26,0
125,2026-09-05T05:30:18.257282+00:00,174979484000000,174979531000000,7.938000000,online_inference,1,0,2089,2086,0.101242732000,0.096640789637,76,7.6,27,0,2656,2663,0.905048664853,0.915786530368,75,7.5,25,1,2576,2572,0.794602048125,0.788466124973,76,7.6,27,1,2725,2723,0.995553531338,0.992485569762,75,7.5,27,1,2071,2069,0.007669903939,0.004601942364,76,7.6,26,1
126,2026-09-05T05:30:18.335526+00:00,174979546000000,174979609000000,8.016000000,online_inference,1,0,2089,2086,0.101242732000,0.096640789637,76,7.6,27,1,2656,2663,0.905048664853,0.915786530368,75,7.5,25,1,2576,2572,0.794602048125,0.788466124973,76,7.6,27,1,2725,2723,0.995553531338,0.992485569762,75,7.5,27,0,2071,2069,0.007669903939,0.004601942364,75,7.5,26,0
127,2026-09-05T05:30:18.400124+00:00,174979625000000,174979671000000,8.078000000,online_inference,1,0,2089,2086,0.101242732000,0.096640789637,76,7.6,27,1,2656,2663,0.905048664853,0.915786530368,75,7.5,25,1,2576,2572,0.794602048125,0.788466124973,76,7.6,27,1,2725,2723,0.995553531338,0.992485569762,75,7.5,27,1,2071,2069,0.007669903939,0.004601942364,75,7.5,26,0
128,2026-09-05T05:30:18.455446+00:00,174979687000000,174979734000000,8.141000000,online_inference,1,0,2089,2086,0.101242732000,0.096640789637,76,7.6,27,0,2656,2663,0.905048664853,0.915786530368,75,7.5,26,1,2576,2572,0.794602048125,0.788466124973,76,7.6,27,0,2725,2723,0.995553531338,0.992485569762,75,7.5,27,0,2071,2069,0.007669903939,0.004601942364,75,7.5,26,1
129,2026-09-05T05:30:18.523990+00:00,174979750000000,174979796000000,8.203000000,online_inference,1,0,2089,2086,0.101242732000,0.096640789637,76,7.6,27,0,2656,2663,0.905048664853,0.915786530368,75,7.5,25,1,2576,2572,0.794602048125,0.788466124973,76,7.6,27,1,2725,2723,0.995553531338,0.992485569762,75,7.5,27,1,2071,2069,0.007669903939,0.004601942364,75,7.5,26,1
130,2026-09-05T05:30:18.588340+00:00,174979812000000,174979859000000,8.266000000,online_inference,1,0,2089,2086,0.101242732000,0.096640789637,76,7.6,27,1,2656,2663,0.905048664853,0.915786530368,75,7.5,25,1,2576,2572,0.794602048125,0.788466124973,76,7.6,27,1,2725,2723,0.995553531338,0.992485569762,75,7.5,27,1,2071,2069,0.007669903939,0.004601942364,75,7.5,26,0
131,2026-09-05T05:30:18.637645+00:00,174979875000000,174979906000000,8.313000000,online_inference,1,0,2089,2086,0.101242732000,0.096640789637,76,7.6,27,1,2656,2663,0.905048664853,0.915786530368,75,7.5,26,1,2576,2572,0.794602048125,0.788466124973,76,7.6,27,1,2725,2723,0.995553531338,0.992485569762,75,7.5,27,1,2071,2069,0.007669903939,0.004601942364,75,7.5,26,0
132,2026-09-05T05:30:18.697410+00:00,174979921000000,174979968000000,8.375000000,online_inference,1,0,2089,2086,0.101242732000,0.096640789637,76,7.6,27,1,2656,2663,0.905048664853,0.915786530368,75,7.5,26,1,2576,2572,0.794602048125,0.788466124973,75,7.5,27,1,2725,2723,0.995553531338,0.992485569762,75,7.5,27,1,2071,2069,0.007669903939,0.004601942364,75,7.5,26,1
133,2026-09-05T05:30:18.769906+00:00,174979984000000,174980046000000,8.453000000,online_inference,1,0,2089,2086,0.101242732000,0.096640789637,76,7.6,27,0,2656,2663,0.905048664853,0.915786530368,75,7.5,26,1,2576,2572,0.794602048125,0.788466124973,76,7.6,27,0,2725,2723,0.995553531338,0.992485569762,75,7.5,27,1,2071,2069,0.007669903939,0.004601942364,75,7.5,26,0
134,2026-09-05T05:30:18.825765+00:00,174980062000000,174980093000000,8.500000000,online_inference,1,0,2089,2086,0.101242732000,0.096640789637,76,7.6,27,1,2656,2663,0.905048664853,0.915786530368,75,7.5,26,0,2576,2572,0.794602048125,0.788466124973,76,7.6,27,1,2725,2723,0.995553531338,0.992485569762,75,7.5,27,1,2071,2069,0.007669903939,0.004601942364,76,7.6,26,1
135,2026-09-05T05:30:18.883911+00:00,174980109000000,174980156000000,8.563000000,online_inference,1,0,2089,2086,0.101242732000,0.096640789637,76,7.6,27,1,2656,2663,0.905048664853,0.915786530368,75,7.5,26,1,2576,2572,0.794602048125,0.788466124973,76,7.6,27,1,2725,2723,0.995553531338,0.992485569762,75,7.5,27,1,2071,2069,0.007669903939,0.004601942364,75,7.5,26,1
136,2026-09-05T05:30:18.941499+00:00,174980171000000,174980218000000,8.625000000,online_inference,1,0,2089,2086,0.101242732000,0.096640789637,76,7.6,27,1,2656,2663,0.905048664853,0.915786530368,75,7.5,25,1,2576,2572,0.794602048125,0.788466124973,76,7.6,27,0,2725,2723,0.995553531338,0.992485569762,75,7.5,27,0,2071,2069,0.007669903939,0.004601942364,75,7.5,26,1
137,2026-09-05T05:30:19.008829+00:00,174980234000000,174980281000000,8.688000000,online_inference,1,0,2089,2086,0.101242732000,0.096640789637,76,7.6,27,1,2656,2663,0.905048664853,0.915786530368,75,7.5,25,1,2576,2572,0.794602048125,0.788466124973,76,7.6,27,1,2725,2723,0.995553531338,0.992485569762,75,7.5,27,1,2071,2069,0.007669903939,0.004601942364,76,7.6,26,1
138,2026-09-05T05:30:19.069724+00:00,174980296000000,174980343000000,8.750000000,online_inference,1,0,2089,2086,0.101242732000,0.096640789637,76,7.6,27,0,2656,2663,0.905048664853,0.915786530368,75,7.5,26,1,2576,2572,0.794602048125,0.788466124973,76,7.6,27,0,2725,2723,0.995553531338,0.992485569762,75,7.5,27,1,2071,2069,0.007669903939,0.004601942364,75,7.5,26,0
139,2026-09-05T05:30:19.124719+00:00,174980359000000,174980406000000,8.813000000,online_inference,1,0,2089,2086,0.101242732000,0.096640789637,76,7.6,27,1,2656,2663,0.905048664853,0.915786530368,75,7.5,25,1,2576,2572,0.794602048125,0.788466124973,76,7.6,27,1,2725,2723,0.995553531338,0.992485569762,75,7.5,27,1,2071,2069,0.007669903939,0.004601942364,75,7.5,26,1
140,2026-09-05T05:30:19.186965+00:00,174980421000000,174980468000000,8.875000000,online_inference,1,0,2089,2086,0.101242732000,0.096640789637,76,7.6,27,1,2656,2663,0.905048664853,0.915786530368,75,7.5,26,1,2576,2572,0.794602048125,0.788466124973,76,7.6,27,0,2725,2723,0.995553531338,0.992485569762,75,7.5,27,0,2071,2069,0.007669903939,0.004601942364,75,7.5,26,0
141,2026-09-05T05:30:19.279736+00:00,174980500000000,174980562000000,8.969000000,online_inference,1,0,2089,2086,0.101242732000,0.096640789637,76,7.6,27,0,2656,2663,0.905048664853,0.915786530368,75,7.5,25,1,2576,2572,0.794602048125,0.788466124973,76,7.6,27,1,2725,2723,0.995553531338,0.992485569762,75,7.5,27,1,2071,2069,0.007669903939,0.004601942364,75,7.5,26,1
142,2026-09-05T05:30:19.350939+00:00,174980578000000,174980625000000,9.032000000,online_inference,1,0,2089,2086,0.101242732000,0.096640789637,76,7.6,27,1,2656,2663,0.905048664853,0.915786530368,75,7.5,26,2,2576,2572,0.794602048125,0.788466124973,76,7.6,27,0,2725,2723,0.995553531338,0.992485569762,75,7.5,27,0,2071,2069,0.007669903939,0.004601942364,75,7.5,26,0
143,2026-09-05T05:30:19.404599+00:00,174980640000000,174980671000000,9.078000000,online_inference,1,0,2089,2086,0.101242732000,0.096640789637,76,7.6,27,0,2656,2663,0.905048664853,0.915786530368,75,7.5,26,1,2576,2572,0.794602048125,0.788466124973,76,7.6,27,1,2725,2723,0.995553531338,0.992485569762,75,7.5,27,0,2071,2069,0.007669903939,0.004601942364,76,7.6,26,0
144,2026-09-05T05:30:19.451707+00:00,174980687000000,174980734000000,9.141000000,online_inference,1,0,2089,2086,0.101242732000,0.096640789637,76,7.6,27,1,2656,2663,0.905048664853,0.915786530368,75,7.5,26,1,2576,2572,0.794602048125,0.788466124973,76,7.6,27,1,2725,2723,0.995553531338,0.992485569762,75,7.5,27,1,2071,2069,0.007669903939,0.004601942364,76,7.6,26,1
145,2026-09-05T05:30:19.533549+00:00,174980750000000,174980812000000,9.219000000,online_inference,1,0,2089,2086,0.101242732000,0.096640789637,76,7.6,27,0,2656,2663,0.905048664853,0.915786530368,75,7.5,25,2,2576,2572,0.794602048125,0.788466124973,76,7.6,27,1,2725,2723,0.995553531338,0.992485569762,75,7.5,27,1,2071,2069,0.007669903939,0.004601942364,75,7.5,26,1
146,2026-09-05T05:30:19.610261+00:00,174980828000000,174980890000000,9.297000000,online_inference,1,0,2089,2086,0.101242732000,0.096640789637,76,7.6,27,1,2656,2663,0.905048664853,0.915786530368,75,7.5,26,1,2576,2572,0.794602048125,0.788466124973,76,7.6,27,1,2725,2723,0.995553531338,0.992485569762,75,7.5,27,0,2071,2069,0.007669903939,0.004601942364,75,7.5,26,0
147,2026-09-05T05:30:19.668627+00:00,174980906000000,174980937000000,9.344000000,online_inference,1,0,2089,2086,0.101242732000,0.096640789637,76,7.6,27,0,2656,2663,0.905048664853,0.915786530368,75,7.5,26,1,2576,2572,0.794602048125,0.788466124973,76,7.6,27,0,2725,2723,0.995553531338,0.992485569762,75,7.5,27,1,2071,2069,0.007669903939,0.004601942364,76,7.6,26,0
148,2026-09-05T05:30:19.726636+00:00,174980953000000,174981000000000,9.407000000,online_inference,1,0,2089,2086,0.101242732000,0.096640789637,76,7.6,27,1,2656,2663,0.905048664853,0.915786530368,75,7.5,25,1,2576,2572,0.794602048125,0.788466124973,76,7.6,27,1,2725,2723,0.995553531338,0.992485569762,75,7.5,27,0,2071,2069,0.007669903939,0.004601942364,75,7.5,26,1
149,2026-09-05T05:30:19.796738+00:00,174981015000000,174981078000000,9.485000000,online_inference,1,0,2089,2086,0.101242732000,0.096640789637,76,7.6,27,0,2656,2663,0.905048664853,0.915786530368,75,7.5,26,1,2576,2572,0.794602048125,0.788466124973,76,7.6,27,1,2725,2723,0.995553531338,0.992485569762,75,7.5,27,0,2071,2069,0.007669903939,0.004601942364,76,7.6,26,1
150,2026-09-05T05:30:19.855348+00:00,174981093000000,174981125000000,9.532000000,online_inference,1,0,2089,2086,0.101242732000,0.096640789637,76,7.6,27,1,2656,2663,0.905048664853,0.915786530368,75,7.5,25,1,2576,2572,0.794602048125,0.788466124973,76,7.6,27,1,2725,2723,0.995553531338,0.992485569762,75,7.5,27,1,2071,2069,0.007669903939,0.004601942364,75,7.5,26,0
151,2026-09-05T05:30:19.918671+00:00,174981140000000,174981187000000,9.594000000,online_inference,1,0,2089,2086,0.101242732000,0.096640789637,76,7.6,27,1,2656,2663,0.905048664853,0.915786530368,75,7.5,25,1,2576,2572,0.794602048125,0.788466124973,76,7.6,27,1,2725,2723,0.995553531338,0.992485569762,75,7.5,27,1,2071,2069,0.007669903939,0.004601942364,76,7.6,26,0
152,2026-09-05T05:30:19.972796+00:00,174981203000000,174981250000000,9.657000000,online_inference,1,0,2089,2086,0.101242732000,0.096640789637,76,7.6,27,1,2656,2663,0.905048664853,0.915786530368,75,7.5,26,1,2576,2572,0.794602048125,0.788466124973,76,7.6,27,1,2725,2723,0.995553531338,0.992485569762,75,7.5,27,0,2071,2069,0.007669903939,0.004601942364,75,7.5,26,1
153,2026-09-05T05:30:20.046506+00:00,174981265000000,174981328000000,9.735000000,online_inference,1,0,2089,2086,0.101242732000,0.096640789637,76,7.6,27,0,2656,2663,0.905048664853,0.915786530368,75,7.5,26,1,2576,2572,0.794602048125,0.788466124973,76,7.6,27,1,2725,2723,0.995553531338,0.992485569762,75,7.5,27,1,2071,2069,0.007669903939,0.004601942364,76,7.6,26,1
154,2026-09-05T05:30:20.111281+00:00,174981343000000,174981390000000,9.797000000,online_inference,1,0,2089,2086,0.101242732000,0.096640789637,76,7.6,27,0,2656,2663,0.905048664853,0.915786530368,75,7.5,25,1,2576,2572,0.794602048125,0.788466124973,76,7.6,27,1,2725,2723,0.995553531338,0.992485569762,75,7.5,27,1,2071,2069,0.007669903939,0.004601942364,76,7.6,26,0
155,2026-09-05T05:30:20.192624+00:00,174981406000000,174981468000000,9.875000000,online_inference,1,0,2089,2086,0.101242732000,0.096640789637,76,7.6,27,0,2656,2663,0.905048664853,0.915786530368,75,7.5,25,1,2576,2572,0.794602048125,0.788466124973,76,7.6,27,1,2725,2723,0.995553531338,0.992485569762,75,7.5,27,1,2071,2069,0.007669903939,0.004601942364,75,7.5,26,0
156,2026-09-05T05:30:20.252017+00:00,174981484000000,174981531000000,9.938000000,online_inference,1,0,2089,2086,0.101242732000,0.096640789637,76,7.6,27,1,2656,2663,0.905048664853,0.915786530368,75,7.5,25,1,2576,2572,0.794602048125,0.788466124973,76,7.6,27,2,2725,2723,0.995553531338,0.992485569762,75,7.5,27,0,2071,2069,0.007669903939,0.004601942364,75,7.5,26,1
157,2026-09-05T05:30:20.315816+00:00,174981546000000,174981593000000,10.000000000,online_inference,1,0,2089,2086,0.101242732000,0.096640789637,76,7.6,27,1,2656,2663,0.905048664853,0.915786530368,75,7.5,26,1,2576,2572,0.794602048125,0.788466124973,76,7.6,27,1,2725,2723,0.995553531338,0.992485569762,75,7.5,27,1,2071,2069,0.007669903939,0.004601942364,75,7.5,26,0
158,2026-09-05T05:30:20.382699+00:00,174981609000000,174981656000000,10.063000000,online_inference,1,0,2089,2086,0.101242732000,0.096640789637,76,7.6,27,0,2656,2663,0.905048664853,0.915786530368,75,7.5,26,1,2576,2572,0.794602048125,0.788466124973,76,7.6,27,1,2725,2723,0.995553531338,0.992485569762,75,7.5,27,0,2071,2069,0.007669903939,0.004601942364,75,7.5,26,0
159,2026-09-05T05:30:20.433123+00:00,174981671000000,174981703000000,10.110000000,online_inference,1,0,2089,2086,0.101242732000,0.096640789637,76,7.6,27,1,2656,2663,0.905048664853,0.915786530368,75,7.5,26,1,2576,2572,0.794602048125,0.788466124973,76,7.6,27,1,2725,2723,0.995553531338,0.992485569762,75,7.5,27,1,2071,2069,0.007669903939,0.004601942364,75,7.5,26,0
160,2026-09-05T05:30:20.488071+00:00,174981718000000,174981765000000,10.172000000,online_inference,1,0,2089,2086,0.101242732000,0.096640789637,76,7.6,27,1,2656,2663,0.905048664853,0.915786530368,75,7.5,26,1,2576,2572,0.794602048125,0.788466124973,76,7.6,27,1,2725,2723,0.995553531338,0.992485569762,75,7.5,27,1,2071,2069,0.007669903939,0.004601942364,75,7.5,26,0
161,2026-09-05T05:30:20.547489+00:00,174981781000000,174981828000000,10.235000000,online_inference,1,0,2089,2086,0.101242732000,0.096640789637,76,7.6,27,0,2656,2663,0.905048664853,0.915786530368,75,7.5,26,1,2576,2572,0.794602048125,0.788466124973,76,7.6,27,1,2725,2723,0.995553531338,0.992485569762,75,7.5,27,1,2071,2069,0.007669903939,0.004601942364,75,7.5,26,1
162,2026-09-05T05:30:20.617679+00:00,174981843000000,174981890000000,10.297000000,online_inference,1,0,2089,2086,0.101242732000,0.096640789637,76,7.6,27,1,2656,2663,0.905048664853,0.915786530368,75,7.5,25,1,2576,2572,0.794602048125,0.788466124973,76,7.6,27,0,2725,2723,0.995553531338,0.992485569762,75,7.5,27,0,2071,2069,0.007669903939,0.004601942364,76,7.6,26,1
163,2026-09-05T05:30:20.674295+00:00,174981906000000,174981953000000,10.360000000,online_inference,1,0,2089,2086,0.101242732000,0.096640789637,76,7.6,27,0,2656,2663,0.905048664853,0.915786530368,75,7.5,26,1,2576,2572,0.794602048125,0.788466124973,76,7.6,27,0,2725,2723,0.995553531338,0.992485569762,75,7.5,27,0,2071,2069,0.007669903939,0.004601942364,75,7.5,26,0
164,2026-09-05T05:30:20.737623+00:00,174981968000000,174982015000000,10.422000000,online_inference,1,0,2089,2086,0.101242732000,0.096640789637,76,7.6,27,0,2656,2663,0.905048664853,0.915786530368,75,7.5,25,1,2576,2572,0.794602048125,0.788466124973,76,7.6,27,1,2725,2723,0.995553531338,0.992485569762,75,7.5,27,0,2071,2069,0.007669903939,0.004601942364,76,7.6,26,0
165,2026-09-05T05:30:20.789627+00:00,174982031000000,174982062000000,10.469000000,online_inference,1,0,2089,2086,0.101242732000,0.096640789637,76,7.6,27,1,2656,2663,0.905048664853,0.915786530368,75,7.5,25,0,2576,2572,0.794602048125,0.788466124973,76,7.6,27,1,2725,2723,0.995553531338,0.992485569762,75,7.5,27,1,2071,2069,0.007669903939,0.004601942364,75,7.5,26,1
166,2026-09-05T05:30:20.862393+00:00,174982078000000,174982140000000,10.547000000,online_inference,1,0,2089,2086,0.101242732000,0.096640789637,76,7.6,27,1,2656,2663,0.905048664853,0.915786530368,75,7.5,26,2,2576,2572,0.794602048125,0.788466124973,76,7.6,27,1,2725,2723,0.995553531338,0.992485569762,75,7.5,27,1,2071,2069,0.007669903939,0.004601942364,75,7.5,26,1
167,2026-09-05T05:30:20.923260+00:00,174982156000000,174982203000000,10.610000000,online_inference,1,0,2089,2086,0.101242732000,0.096640789637,76,7.6,27,1,2656,2663,0.905048664853,0.915786530368,75,7.5,25,1,2576,2572,0.794602048125,0.788466124973,76,7.6,27,1,2725,2723,0.995553531338,0.992485569762,75,7.5,27,0,2071,2069,0.007669903939,0.004601942364,76,7.6,26,0
168,2026-09-05T05:30:20.983475+00:00,174982218000000,174982265000000,10.672000000,online_inference,1,0,2089,2086,0.101242732000,0.096640789637,76,7.6,27,0,2656,2663,0.905048664853,0.915786530368,75,7.5,26,1,2576,2572,0.794602048125,0.788466124973,76,7.6,27,1,2725,2723,0.995553531338,0.992485569762,75,7.5,27,1,2071,2069,0.007669903939,0.004601942364,76,7.6,26,1
169,2026-09-05T05:30:21.050804+00:00,174982281000000,174982328000000,10.735000000,online_inference,1,0,2089,2086,0.101242732000,0.096640789637,76,7.6,27,0,2656,2663,0.905048664853,0.915786530368,75,7.5,25,0,2576,2572,0.794602048125,0.788466124973,76,7.6,27,1,2725,2723,0.995553531338,0.992485569762,75,7.5,27,1,2071,2069,0.007669903939,0.004601942364,75,7.5,26,1
170,2026-09-05T05:30:21.119979+00:00,174982343000000,174982390000000,10.797000000,online_inference,1,0,2089,2086,0.101242732000,0.096640789637,76,7.6,27,1,2656,2663,0.905048664853,0.915786530368,75,7.5,26,1,2576,2572,0.794602048125,0.788466124973,76,7.6,27,0,2725,2723,0.995553531338,0.992485569762,75,7.5,27,1,2071,2069,0.007669903939,0.004601942364,75,7.5,26,1
171,2026-09-05T05:30:21.167529+00:00,174982406000000,174982437000000,10.844000000,online_inference,1,0,2089,2086,0.101242732000,0.096640789637,76,7.6,27,0,2656,2663,0.905048664853,0.915786530368,75,7.5,26,2,2576,2572,0.794602048125,0.788466124973,76,7.6,27,0,2725,2723,0.995553531338,0.992485569762,75,7.5,27,0,2071,2069,0.007669903939,0.004601942364,75,7.5,26,0
172,2026-09-05T05:30:21.222263+00:00,174982453000000,174982500000000,10.907000000,online_inference,1,0,2089,2086,0.101242732000,0.096640789637,76,7.6,27,1,2656,2663,0.905048664853,0.915786530368,75,7.5,26,1,2576,2572,0.794602048125,0.788466124973,76,7.6,27,0,2725,2723,0.995553531338,0.992485569762,75,7.5,27,0,2071,2069,0.007669903939,0.004601942364,76,7.6,26,0
173,2026-09-05T05:30:21.286900+00:00,174982515000000,174982562000000,10.969000000,online_inference,1,0,2089,2086,0.101242732000,0.096640789637,76,7.6,27,0,2656,2663,0.905048664853,0.915786530368,75,7.5,25,1,2576,2572,0.794602048125,0.788466124973,76,7.6,27,1,2725,2723,0.995553531338,0.992485569762,75,7.5,27,1,2071,2069,0.007669903939,0.004601942364,75,7.5,26,0
174,2026-09-05T05:30:21.359205+00:00,174982593000000,174982640000000,11.047000000,online_inference,1,0,2089,2086,0.101242732000,0.096640789637,76,7.6,27,0,2656,2663,0.905048664853,0.915786530368,75,7.5,26,2,2576,2572,0.794602048125,0.788466124973,76,7.6,27,1,2725,2723,0.995553531338,0.992485569762,75,7.5,27,1,2071,2069,0.007669903939,0.004601942364,76,7.6,26,0
175,2026-09-05T05:30:21.417010+00:00,174982656000000,174982687000000,11.094000000,online_inference,1,0,2089,2086,0.101242732000,0.096640789637,76,7.6,27,0,2656,2663,0.905048664853,0.915786530368,75,7.5,25,1,2576,2572,0.794602048125,0.788466124973,76,7.6,27,0,2725,2723,0.995553531338,0.992485569762,75,7.5,27,1,2071,2069,0.007669903939,0.004601942364,75,7.5,26,1
176,2026-09-05T05:30:21.470531+00:00,174982703000000,174982750000000,11.157000000,online_archive,1,0,2089,2086,0.101242732000,0.096640789637,76,7.6,27,1,2656,2663,0.905048664853,0.915786530368,75,7.5,25,1,2576,2572,0.794602048125,0.788466124973,76,7.6,27,1,2725,2723,0.995553531338,0.992485569762,75,7.5,27,1,2071,2069,0.007669903939,0.004601942364,76,7.6,26,0
177,2026-09-05T05:30:21.520866+00:00,174982765000000,174982796000000,11.203000000,online_archive,1,0,2089,2086,0.101242732000,0.096640789637,76,7.6,27,1,2656,2663,0.905048664853,0.915786530368,75,7.5,25,2,2576,2572,0.794602048125,0.788466124973,76,7.6,27,1,2725,2723,0.995553531338,0.992485569762,75,7.5,27,0,2071,2069,0.007669903939,0.004601942364,76,7.6,26,0
178,2026-09-05T05:30:21.597368+00:00,174982828000000,174982875000000,11.282000000,fixed_trajectory,1,0,2089,2086,0.101242732000,0.096640789637,76,7.6,27,1,2656,2663,0.905048664853,0.915786530368,75,7.5,25,1,2576,2572,0.794602048125,0.788466124973,76,7.6,27,1,2725,2723,0.995553531338,0.992485569762,75,7.5,27,1,2071,2069,0.007669903939,0.004601942364,75,7.5,26,0
179,2026-09-05T05:30:21.656354+00:00,174982890000000,174982937000000,11.344000000,fixed_trajectory,1,0,2089,2086,0.101242732000,0.096640789637,76,7.6,27,1,2656,2664,0.905048664853,0.917320511156,75,7.5,26,1,2576,2571,0.794602048125,0.786932144185,76,7.6,27,1,2725,2723,0.995553531338,0.992485569762,75,7.5,27,0,2071,2069,0.007669903939,0.004601942364,76,7.6,26,1
180,2026-09-05T05:30:21.719615+00:00,174982953000000,174983000000000,11.407000000,fixed_trajectory,1,0,2089,2086,0.101242732000,0.096640789637,76,7.6,27,1,2656,2664,0.905048664853,0.917320511156,75,7.5,26,1,2576,2570,0.794602048125,0.785398163397,76,7.6,27,1,2725,2723,0.995553531338,0.992485569762,75,7.5,27,0,2071,2069,0.007669903939,0.004601942364,75,7.5,26,0
181,2026-09-05T05:30:21.782623+00:00,174983015000000,174983062000000,11.469000000,fixed_trajectory,1,0,2089,2086,0.101242732000,0.096640789637,76,7.6,27,0,2656,2665,0.905048664853,0.918854491943,75,7.5,25,2,2576,2569,0.794602048125,0.783864182610,76,7.6,27,1,2725,2723,0.995553531338,0.992485569762,75,7.5,27,1,2071,2069,0.007669903939,0.004601942364,76,7.6,26,1
182,2026-09-05T05:30:21.833567+00:00,174983078000000,174983109000000,11.516000000,fixed_trajectory,1,0,2089,2086,0.101242732000,0.096640789637,76,7.6,27,0,2656,2665,0.905048664853,0.918854491943,75,7.5,26,1,2576,2568,0.794602048125,0.782330201822,76,7.6,27,2,2725,2723,0.995553531338,0.992485569762,75,7.5,27,1,2071,2069,0.007669903939,0.004601942364,75,7.5,26,1
183,2026-09-05T05:30:22.018733+00:00,174983265000000,174983296000000,11.703000000,fixed_trajectory,1,0,2089,2086,0.101242732000,0.096640789637,76,7.6,27,1,2657,2666,0.906582645640,0.920388472731,75,7.5,25,1,2576,2567,0.794602048125,0.780796221034,76,7.6,27,1,2725,2723,0.995553531338,0.992485569762,75,7.5,27,0,2071,2069,0.007669903939,0.004601942364,75,7.5,26,0
184,2026-09-05T05:30:22.074182+00:00,174983312000000,174983343000000,11.750000000,fixed_trajectory,1,0,2089,2086,0.101242732000,0.096640789637,76,7.6,27,1,2657,2666,0.906582645640,0.920388472731,75,7.5,26,1,2576,2566,0.794602048125,0.779262240246,76,7.6,27,1,2725,2723,0.995553531338,0.992485569762,75,7.5,27,0,2071,2069,0.007669903939,0.004601942364,75,7.5,26,0
185,2026-09-05T05:30:22.117508+00:00,174983359000000,174983390000000,11.797000000,fixed_trajectory,1,0,2089,2086,0.101242732000,0.096640789637,76,7.6,27,1,2657,2667,0.906582645640,0.921922453519,75,7.5,25,1,2576,2565,0.794602048125,0.777728259458,76,7.6,27,2,2725,2723,0.995553531338,0.992485569762,75,7.5,27,1,2071,2069,0.007669903939,0.004601942364,75,7.5,26,1
186,2026-09-05T05:30:22.182632+00:00,174983406000000,174983453000000,11.860000000,fixed_trajectory,1,0,2089,2086,0.101242732000,0.096640789637,76,7.6,27,1,2657,2667,0.906582645640,0.921922453519,75,7.5,25,2,2576,2564,0.794602048125,0.776194278670,76,7.6,27,1,2725,2723,0.995553531338,0.992485569762,75,7.5,27,1,2071,2069,0.007669903939,0.004601942364,75,7.5,26,0
187,2026-09-05T05:30:22.235480+00:00,174983468000000,174983515000000,11.922000000,fixed_trajectory,1,0,2089,2086,0.101242732000,0.096640789637,76,7.6,27,1,2657,2668,0.906582645640,0.923456434307,75,7.5,25,2,2576,2563,0.794602048125,0.774660297882,76,7.6,27,2,2725,2723,0.995553531338,0.992485569762,75,7.5,27,1,2071,2068,0.007669903939,0.003067961576,75,7.5,26,1
188,2026-09-05T05:30:22.290239+00:00,174983531000000,174983562000000,11.969000000,fixed_trajectory,1,0,2089,2086,0.101242732000,0.096640789637,76,7.6,27,0,2657,2668,0.906582645640,0.923456434307,75,7.5,25,2,2573,2562,0.790000105761,0.773126317094,76,7.6,27,1,2725,2723,0.995553531338,0.992485569762,75,7.5,27,1,2071,2068,0.007669903939,0.003067961576,75,7.5,26,0
189,2026-09-05T05:30:22.338284+00:00,174983578000000,174983609000000,12.016000000,fixed_trajectory,1,0,2089,2086,0.101242732000,0.096640789637,76,7.6,27,1,2659,2669,0.909650607216,0.924990415095,75,7.5,25,1,2569,2561,0.783864182610,0.771592336306,76,7.6,27,1,2725,2723,0.995553531338,0.992485569762,75,7.5,27,1,2071,2068,0.007669903939,0.003067961576,75,7.5,26,1
190,2026-09-05T05:30:22.382567+00:00,174983625000000,174983656000000,12.063000000,fixed_trajectory,1,0,2089,2086,0.101242732000,0.096640789637,76,7.6,27,1,2662,2670,0.914252549580,0.926524395883,75,7.5,26,1,2569,2560,0.783864182610,0.770058355519,76,7.6,27,1,2725,2723,0.995553531338,0.992485569762,75,7.5,27,1,2071,2068,0.007669903939,0.003067961576,75,7.5,26,1
191,2026-09-05T05:30:22.439604+00:00,174983671000000,174983718000000,12.125000000,fixed_trajectory,1,0,2089,2086,0.101242732000,0.096640789637,76,7.6,27,0,2662,2670,0.914252549580,0.926524395883,75,7.5,25,1,2567,2559,0.780796221034,0.768524374731,76,7.6,27,1,2725,2723,0.995553531338,0.992485569762,75,7.5,27,0,2071,2068,0.007669903939,0.003067961576,75,7.5,26,1
192,2026-09-05T05:30:22.496930+00:00,174983734000000,174983765000000,12.172000000,fixed_trajectory,1,0,2089,2086,0.101242732000,0.096640789637,76,7.6,27,1,2663,2671,0.915786530368,0.928058376671,75,7.5,25,1,2564,2558,0.776194278670,0.766990393943,76,7.6,27,0,2725,2723,0.995553531338,0.992485569762,75,7.5,27,0,2072,2068,0.009203884727,0.003067961576,75,7.5,26,1
193,2026-09-05T05:30:22.556540+00:00,174983796000000,174983828000000,12.235000000,fixed_trajectory,1,0,2089,2086,0.101242732000,0.096640789637,76,7.6,27,1,2664,2671,0.917320511156,0.928058376671,75,7.5,26,0,2563,2557,0.774660297882,0.765456413155,76,7.6,27,1,2725,2723,0.995553531338,0.992485569762,75,7.5,27,1,2072,2068,0.009203884727,0.003067961576,75,7.5,26,1
194,2026-09-05T05:30:22.595074+00:00,174983843000000,174983875000000,12.282000000,fixed_trajectory,1,0,2089,2086,0.101242732000,0.096640789637,76,7.6,27,0,2664,2672,0.917320511156,0.929592357459,75,7.5,26,1,2563,2556,0.774660297882,0.763922432367,76,7.6,27,1,2725,2723,0.995553531338,0.992485569762,75,7.5,27,0,2072,2068,0.009203884727,0.003067961576,75,7.5,26,0
195,2026-09-05T05:30:22.650351+00:00,174983890000000,174983921000000,12.328000000,fixed_trajectory,1,0,2089,2086,0.101242732000,0.096640789637,76,7.6,27,0,2664,2672,0.917320511156,0.929592357459,75,7.5,25,1,2563,2555,0.774660297882,0.762388451579,76,7.6,27,1,2725,2723,0.995553531338,0.992485569762,75,7.5,27,1,2072,2068,0.009203884727,0.003067961576,75,7.5,26,1
196,2026-09-05T05:30:22.693860+00:00,174983937000000,174983968000000,12.375000000,fixed_trajectory,1,0,2089,2086,0.101242732000,0.096640789637,77,7.7,27,1,2664,2673,0.917320511156,0.931126338247,75,7.5,26,1,2563,2554,0.774660297882,0.760854470791,76,7.6,27,1,2725,2723,0.995553531338,0.992485569762,75,7.5,27,1,2072,2068,0.009203884727,0.003067961576,75,7.5,26,0
197,2026-09-05T05:30:22.749819+00:00,174983984000000,174984031000000,12.438000000,fixed_trajectory,1,0,2089,2086,0.101242732000,0.096640789637,76,7.6,27,0,2664,2673,0.917320511156,0.931126338247,75,7.5,26,1,2563,2553,0.774660297882,0.759320490003,76,7.6,27,1,2725,2723,0.995553531338,0.992485569762,75,7.5,27,1,2072,2068,0.009203884727,0.003067961576,76,7.6,26,0
198,2026-09-05T05:30:22.813656+00:00,174984046000000,174984093000000,12.500000000,fixed_trajectory,1,0,2089,2086,0.101242732000,0.096640789637,76,7.6,27,1,2664,2674,0.917320511156,0.932660319034,75,7.5,26,2,2563,2552,0.774660297882,0.757786509216,76,7.6,27,1,2725,2723,0.995553531338,0.992485569762,75,7.5,27,0,2072,2068,0.009203884727,0.003067961576,75,7.5,26,1
199,2026-09-05T05:30:22.871886+00:00,174984109000000,174984140000000,12.547000000,fixed_trajectory,1,0,2089,2086,0.101242732000,0.096640789637,76,7.6,27,0,2664,2674,0.917320511156,0.932660319034,75,7.5,25,1,2563,2551,0.774660297882,0.756252528428,76,7.6,27,2,2725,2723,0.995553531338,0.992485569762,75,7.5,27,1,2072,2068,0.009203884727,0.003067961576,75,7.5,26,1
200,2026-09-05T05:30:22.912447+00:00,174984156000000,174984187000000,12.594000000,fixed_trajectory,1,0,2089,2086,0.101242732000,0.096640789637,76,7.6,27,0,2667,2675,0.921922453519,0.934194299822,75,7.5,25,0,2560,2550,0.770058355519,0.754718547640,76,7.6,27,0,2725,2723,0.995553531338,0.992485569762,75,7.5,27,0,2072,2068,0.009203884727,0.003067961576,75,7.5,26,1
201,2026-09-05T05:30:22.962394+00:00,174984203000000,174984234000000,12.641000000,fixed_trajectory,1,0,2089,2086,0.101242732000,0.096640789637,76,7.6,27,1,2669,2676,0.924990415095,0.935728280610,75,7.5,26,1,2556,2549,0.763922432367,0.753184566852,76,7.6,27,1,2725,2723,0.995553531338,0.992485569762,75,7.5,27,0,2072,2068,0.009203884727,0.003067961576,75,7.5,26,1
202,2026-09-05T05:30:23.014920+00:00,174984250000000,174984296000000,12.703000000,fixed_trajectory,1,0,2089,2086,0.101242732000,0.096640789637,76,7.6,27,1,2671,2676,0.928058376671,0.935728280610,75,7.5,25,1,2554,2548,0.760854470791,0.751650586064,76,7.6,27,1,2725,2723,0.995553531338,0.992485569762,75,7.5,27,0,2072,2068,0.009203884727,0.003067961576,75,7.5,26,1
203,2026-09-05T05:30:23.229177+00:00,174984453000000,174984500000000,12.907000000,fixed_trajectory,1,0,2089,2086,0.101242732000,0.096640789637,76,7.6,27,0,2672,2677,0.929592357459,0.937262261398,75,7.5,25,1,2552,2547,0.757786509216,0.750116605276,75,7.5,27,1,2725,2723,0.995553531338,0.992485569762,75,7.5,27,1,2072,2067,0.009203884727,0.001533980788,75,7.5,26,1
204,2026-09-05T05:30:23.280454+00:00,174984515000000,174984562000000,12.969000000,fixed_trajectory,1,0,2089,2086,0.101242732000,0.096640789637,76,7.6,27,0,2672,2677,0.929592357459,0.937262261398,75,7.5,26,0,2552,2546,0.757786509216,0.748582624488,76,7.6,27,0,2725,2723,0.995553531338,0.992485569762,75,7.5,27,1,2072,2067,0.009203884727,0.001533980788,75,7.5,26,1
205,2026-09-05T05:30:23.339441+00:00,174984578000000,174984609000000,13.016000000,fixed_trajectory,1,0,2089,2086,0.101242732000,0.096640789637,76,7.6,27,1,2672,2678,0.929592357459,0.938796242186,75,7.5,26,1,2552,2545,0.757786509216,0.747048643700,76,7.6,27,1,2725,2723,0.995553531338,0.992485569762,75,7.5,27,1,2072,2067,0.009203884727,0.001533980788,75,7.5,26,1
206,2026-09-05T05:30:23.387105+00:00,174984625000000,174984656000000,13.063000000,fixed_trajectory,1,0,2089,2086,0.101242732000,0.096640789637,76,7.6,27,0,2672,2678,0.929592357459,0.938796242186,75,7.5,25,1,2552,2544,0.757786509216,0.745514662912,76,7.6,27,1,2725,2723,0.995553531338,0.992485569762,75,7.5,27,0,2072,2067,0.009203884727,0.001533980788,76,7.6,26,0
207,2026-09-05T05:30:23.453764+00:00,174984671000000,174984734000000,13.141000000,fixed_trajectory,1,0,2089,2086,0.101242732000,0.096640789637,76,7.6,27,0,2672,2679,0.929592357459,0.940330222974,75,7.5,26,1,2552,2543,0.757786509216,0.743980682125,76,7.6,27,1,2725,2723,0.995553531338,0.992485569762,75,7.5,27,0,2072,2067,0.009203884727,0.001533980788,75,7.5,26,1
208,2026-09-05T05:30:23.526913+00:00,174984750000000,174984796000000,13.203000000,fixed_trajectory,1,0,2089,2086,0.101242732000,0.096640789637,76,7.6,27,1,2672,2679,0.929592357459,0.940330222974,75,7.5,25,1,2552,2542,0.757786509216,0.742446701337,76,7.6,27,2,2725,2723,0.995553531338,0.992485569762,75,7.5,27,0,2072,2067,0.009203884727,0.001533980788,75,7.5,26,1
209,2026-09-05T05:30:23.573767+00:00,174984812000000,174984843000000,13.250000000,fixed_trajectory,1,0,2089,2086,0.101242732000,0.096640789637,76,7.6,27,0,2672,2680,0.929592357459,0.941864203762,75,7.5,26,1,2552,2541,0.757786509216,0.740912720549,75,7.5,27,2,2725,2723,0.995553531338,0.992485569762,75,7.5,27,1,2072,2067,0.009203884727,0.001533980788,75,7.5,26,1
210,2026-09-05T05:30:23.622589+00:00,174984859000000,174984890000000,13.297000000,fixed_trajectory,1,0,2089,2086,0.101242732000,0.096640789637,76,7.6,27,1,2672,2680,0.929592357459,0.941864203762,75,7.5,26,1,2552,2540,0.757786509216,0.739378739761,76,7.6,27,2,2725,2723,0.995553531338,0.992485569762,75,7.5,27,1,2072,2067,0.009203884727,0.001533980788,75,7.5,26,0
211,2026-09-05T05:30:23.680154+00:00,174984906000000,174984953000000,13.360000000,online_observation,1,0,2089,2086,0.101242732000,0.096640789637,76,7.6,27,0,2672,2681,0.929592357459,0.943398184550,75,7.5,25,2,2549,2539,0.753184566852,0.737844758973,76,7.6,27,1,2725,2723,0.995553531338,0.992485569762,75,7.5,27,0,2072,2067,0.009203884727,0.001533980788,75,7.5,26,0
212,2026-09-05T05:30:23.743195+00:00,174984968000000,174985015000000,13.422000000,online_observation,1,0,2089,2086,0.101242732000,0.096640789637,76,7.6,27,0,2675,2681,0.934194299822,0.943398184550,75,7.5,26,1,2546,2539,0.748582624488,0.737844758973,76,7.6,27,1,2725,2723,0.995553531338,0.992485569762,75,7.5,27,1,2072,2067,0.009203884727,0.001533980788,76,7.6,26,1
213,2026-09-05T05:30:23.790076+00:00,174985031000000,174985062000000,13.469000000,online_observation,1,0,2089,2086,0.101242732000,0.096640789637,76,7.6,27,1,2676,2681,0.935728280610,0.943398184550,75,7.5,25,1,2546,2539,0.748582624488,0.737844758973,76,7.6,27,1,2725,2723,0.995553531338,0.992485569762,75,7.5,27,1,2072,2067,0.009203884727,0.001533980788,76,7.6,26,1
214,2026-09-05T05:30:23.847998+00:00,174985078000000,174985125000000,13.532000000,online_observation,1,0,2089,2086,0.101242732000,0.096640789637,76,7.6,27,1,2676,2681,0.935728280610,0.943398184550,75,7.5,25,1,2546,2539,0.748582624488,0.737844758973,76,7.6,27,1,2725,2723,0.995553531338,0.992485569762,75,7.5,27,0,2072,2067,0.009203884727,0.001533980788,75,7.5,26,2
215,2026-09-05T05:30:23.907616+00:00,174985140000000,174985187000000,13.594000000,online_observation,1,0,2089,2086,0.101242732000,0.096640789637,76,7.6,27,1,2676,2681,0.935728280610,0.943398184550,75,7.5,26,1,2546,2539,0.748582624488,0.737844758973,76,7.6,27,1,2725,2723,0.995553531338,0.992485569762,75,7.5,27,0,2072,2067,0.009203884727,0.001533980788,76,7.6,26,1
216,2026-09-05T05:30:23.957114+00:00,174985203000000,174985234000000,13.641000000,online_observation,1,0,2089,2086,0.101242732000,0.096640789637,76,7.6,27,1,2676,2681,0.935728280610,0.943398184550,75,7.5,25,1,2546,2539,0.748582624488,0.737844758973,76,7.6,27,1,2725,2723,0.995553531338,0.992485569762,75,7.5,27,1,2072,2067,0.009203884727,0.001533980788,75,7.5,26,1
217,2026-09-05T05:30:24.018030+00:00,174985250000000,174985296000000,13.703000000,online_observation,1,0,2089,2086,0.101242732000,0.096640789637,76,7.6,27,1,2676,2681,0.935728280610,0.943398184550,75,7.5,25,1,2546,2539,0.748582624488,0.737844758973,76,7.6,27,1,2725,2723,0.995553531338,0.992485569762,75,7.5,27,0,2072,2067,0.009203884727,0.001533980788,75,7.5,26,1
218,2026-09-05T05:30:24.075215+00:00,174985312000000,174985343000000,13.750000000,online_inference,2,0,2089,2086,0.101242732000,0.096640789637,76,7.6,27,1,2676,2681,0.935728280610,0.943398184550,75,7.5,25,1,2546,2539,0.748582624488,0.737844758973,76,7.6,27,1,2725,2723,0.995553531338,0.992485569762,75,7.5,27,1,2072,2067,0.009203884727,0.001533980788,76,7.6,26,0
219,2026-09-05T05:30:24.131235+00:00,174985359000000,174985406000000,13.813000000,online_inference,2,0,2089,2086,0.101242732000,0.096640789637,76,7.6,27,0,2676,2681,0.935728280610,0.943398184550,75,7.5,26,0,2546,2539,0.748582624488,0.737844758973,76,7.6,27,1,2725,2723,0.995553531338,0.992485569762,75,7.5,27,1,2072,2067,0.009203884727,0.001533980788,75,7.5,26,1
220,2026-09-05T05:30:24.195965+00:00,174985421000000,174985468000000,13.875000000,online_inference,2,0,2089,2086,0.101242732000,0.096640789637,76,7.6,27,1,2676,2681,0.935728280610,0.943398184550,75,7.5,25,1,2546,2539,0.748582624488,0.737844758973,76,7.6,27,1,2725,2723,0.995553531338,0.992485569762,75,7.5,27,1,2072,2067,0.009203884727,0.001533980788,75,7.5,26,1
221,2026-09-05T05:30:24.285256+00:00,174985500000000,174985562000000,13.969000000,online_inference,2,0,2089,2086,0.101242732000,0.096640789637,76,7.6,27,1,2676,2681,0.935728280610,0.943398184550,75,7.5,26,1,2546,2539,0.748582624488,0.737844758973,76,7.6,27,1,2725,2723,0.995553531338,0.992485569762,75,7.5,27,1,2072,2067,0.009203884727,0.001533980788,75,7.5,26,1
222,2026-09-05T05:30:24.354904+00:00,174985578000000,174985625000000,14.032000000,online_inference,2,0,2089,2086,0.101242732000,0.096640789637,76,7.6,27,0,2676,2681,0.935728280610,0.943398184550,75,7.5,26,1,2546,2539,0.748582624488,0.737844758973,76,7.6,27,1,2725,2723,0.995553531338,0.992485569762,75,7.5,27,1,2072,2067,0.009203884727,0.001533980788,75,7.5,26,1
223,2026-09-05T05:30:24.417076+00:00,174985640000000,174985687000000,14.094000000,online_inference,2,0,2089,2086,0.101242732000,0.096640789637,76,7.6,27,0,2676,2681,0.935728280610,0.943398184550,75,7.5,25,1,2546,2539,0.748582624488,0.737844758973,76,7.6,27,1,2725,2723,0.995553531338,0.992485569762,75,7.5,27,1,2072,2067,0.009203884727,0.001533980788,75,7.5,26,2
224,2026-09-05T05:30:24.468302+00:00,174985703000000,174985750000000,14.157000000,online_inference,2,0,2089,2086,0.101242732000,0.096640789637,76,7.6,27,1,2676,2681,0.935728280610,0.943398184550,75,7.5,25,1,2546,2539,0.748582624488,0.737844758973,76,7.6,27,1,2725,2723,0.995553531338,0.992485569762,75,7.5,27,0,2072,2067,0.009203884727,0.001533980788,75,7.5,26,0
225,2026-09-05T05:30:24.539589+00:00,174985765000000,174985812000000,14.219000000,online_inference,2,0,2089,2086,0.101242732000,0.096640789637,76,7.6,27,1,2676,2681,0.935728280610,0.943398184550,75,7.5,25,1,2546,2539,0.748582624488,0.737844758973,76,7.6,27,1,2725,2723,0.995553531338,0.992485569762,75,7.5,27,1,2072,2067,0.009203884727,0.001533980788,75,7.5,26,1
226,2026-09-05T05:30:24.598421+00:00,174985828000000,174985875000000,14.282000000,online_inference,2,0,2089,2086,0.101242732000,0.096640789637,76,7.6,27,1,2676,2681,0.935728280610,0.943398184550,75,7.5,26,1,2546,2539,0.748582624488,0.737844758973,76,7.6,27,0,2725,2723,0.995553531338,0.992485569762,75,7.5,27,1,2072,2067,0.009203884727,0.001533980788,75,7.5,26,1
227,2026-09-05T05:30:24.643303+00:00,174985890000000,174985921000000,14.328000000,online_inference,2,0,2089,2086,0.101242732000,0.096640789637,76,7.6,27,1,2676,2681,0.935728280610,0.943398184550,75,7.5,26,0,2546,2539,0.748582624488,0.737844758973,76,7.6,27,1,2725,2723,0.995553531338,0.992485569762,75,7.5,27,0,2072,2067,0.009203884727,0.001533980788,75,7.5,26,1
228,2026-09-05T05:30:24.705327+00:00,174985937000000,174985984000000,14.391000000,online_inference,2,0,2089,2086,0.101242732000,0.096640789637,76,7.6,27,1,2676,2681,0.935728280610,0.943398184550,75,7.5,25,0,2546,2539,0.748582624488,0.737844758973,76,7.6,27,1,2725,2723,0.995553531338,0.992485569762,75,7.5,27,1,2072,2067,0.009203884727,0.001533980788,75,7.5,26,1
229,2026-09-05T05:30:24.786083+00:00,174986000000000,174986062000000,14.469000000,online_inference,2,0,2089,2086,0.101242732000,0.096640789637,76,7.6,27,1,2676,2681,0.935728280610,0.943398184550,75,7.5,25,1,2546,2539,0.748582624488,0.737844758973,76,7.6,27,1,2725,2723,0.995553531338,0.992485569762,75,7.5,27,1,2072,2067,0.009203884727,0.001533980788,75,7.5,26,1
230,2026-09-05T05:30:24.844829+00:00,174986078000000,174986125000000,14.532000000,online_inference,2,0,2089,2086,0.101242732000,0.096640789637,76,7.6,27,1,2676,2681,0.935728280610,0.943398184550,75,7.5,26,1,2546,2539,0.748582624488,0.737844758973,76,7.6,27,2,2725,2723,0.995553531338,0.992485569762,75,7.5,27,1,2073,2067,0.010737865515,0.001533980788,75,7.5,26,1
231,2026-09-05T05:30:24.901341+00:00,174986140000000,174986171000000,14.578000000,online_inference,2,0,2089,2086,0.101242732000,0.096640789637,76,7.6,27,0,2676,2681,0.935728280610,0.943398184550,75,7.5,25,1,2546,2539,0.748582624488,0.737844758973,76,7.6,27,2,2725,2723,0.995553531338,0.992485569762,75,7.5,27,1,2073,2067,0.010737865515,0.001533980788,75,7.5,26,1
232,2026-09-05T05:30:24.957754+00:00,174986187000000,174986234000000,14.641000000,online_inference,2,0,2089,2086,0.101242732000,0.096640789637,76,7.6,27,0,2676,2681,0.935728280610,0.943398184550,75,7.5,26,1,2546,2539,0.748582624488,0.737844758973,76,7.6,27,2,2725,2723,0.995553531338,0.992485569762,75,7.5,27,1,2073,2067,0.010737865515,0.001533980788,75,7.5,26,1
233,2026-09-05T05:30:25.008526+00:00,174986250000000,174986281000000,14.688000000,online_inference,2,0,2089,2086,0.101242732000,0.096640789637,76,7.6,27,1,2676,2681,0.935728280610,0.943398184550,75,7.5,26,1,2546,2539,0.748582624488,0.737844758973,76,7.6,27,1,2725,2723,0.995553531338,0.992485569762,75,7.5,27,1,2073,2067,0.010737865515,0.001533980788,76,7.6,26,1
234,2026-09-05T05:30:25.077196+00:00,174986296000000,174986359000000,14.766000000,online_inference,2,0,2089,2086,0.101242732000,0.096640789637,76,7.6,27,0,2676,2681,0.935728280610,0.943398184550,75,7.5,25,0,2546,2539,0.748582624488,0.737844758973,76,7.6,27,1,2725,2723,0.995553531338,0.992485569762,75,7.5,27,1,2073,2067,0.010737865515,0.001533980788,75,7.5,26,1
235,2026-09-05T05:30:25.153075+00:00,174986375000000,174986421000000,14.828000000,online_inference,2,0,2089,2086,0.101242732000,0.096640789637,76,7.6,27,0,2676,2681,0.935728280610,0.943398184550,75,7.5,25,1,2546,2539,0.748582624488,0.737844758973,76,7.6,27,1,2725,2723,0.995553531338,0.992485569762,75,7.5,27,1,2073,2067,0.010737865515,0.001533980788,75,7.5,26,1
236,2026-09-05T05:30:25.194658+00:00,174986437000000,174986468000000,14.875000000,online_inference,2,0,2089,2086,0.101242732000,0.096640789637,76,7.6,27,1,2676,2681,0.935728280610,0.943398184550,75,7.5,25,1,2546,2539,0.748582624488,0.737844758973,76,7.6,27,1,2725,2723,0.995553531338,0.992485569762,75,7.5,27,1,2073,2067,0.010737865515,0.001533980788,75,7.5,26,1
237,2026-09-05T05:30:25.255752+00:00,174986484000000,174986531000000,14.938000000,online_inference,2,0,2089,2086,0.101242732000,0.096640789637,76,7.6,27,1,2676,2681,0.935728280610,0.943398184550,75,7.5,25,1,2546,2539,0.748582624488,0.737844758973,75,7.5,27,2,2725,2723,0.995553531338,0.992485569762,75,7.5,27,0,2073,2067,0.010737865515,0.001533980788,76,7.6,26,1
238,2026-09-05T05:30:25.333078+00:00,174986546000000,174986609000000,15.016000000,online_inference,2,0,2089,2086,0.101242732000,0.096640789637,76,7.6,27,1,2676,2681,0.935728280610,0.943398184550,75,7.5,26,0,2546,2539,0.748582624488,0.737844758973,76,7.6,27,1,2725,2723,0.995553531338,0.992485569762,75,7.5,27,0,2073,2067,0.010737865515,0.001533980788,75,7.5,26,1
239,2026-09-05T05:30:25.397804+00:00,174986625000000,174986671000000,15.078000000,online_inference,2,0,2089,2086,0.101242732000,0.096640789637,76,7.6,27,1,2676,2681,0.935728280610,0.943398184550,75,7.5,25,1,2546,2539,0.748582624488,0.737844758973,76,7.6,27,1,2725,2723,0.995553531338,0.992485569762,75,7.5,27,0,2073,2067,0.010737865515,0.001533980788,75,7.5,26,1
240,2026-09-05T05:30:25.453274+00:00,174986687000000,174986734000000,15.141000000,online_inference,2,0,2089,2086,0.101242732000,0.096640789637,76,7.6,27,0,2676,2681,0.935728280610,0.943398184550,75,7.5,25,1,2546,2539,0.748582624488,0.737844758973,76,7.6,27,1,2725,2723,0.995553531338,0.992485569762,75,7.5,27,1,2073,2067,0.010737865515,0.001533980788,75,7.5,26,0
241,2026-09-05T05:30:25.516830+00:00,174986750000000,174986796000000,15.203000000,online_inference,2,0,2089,2086,0.101242732000,0.096640789637,76,7.6,27,1,2676,2681,0.935728280610,0.943398184550,75,7.5,26,1,2546,2539,0.748582624488,0.737844758973,76,7.6,27,1,2725,2723,0.995553531338,0.992485569762,75,7.5,27,1,2073,2067,0.010737865515,0.001533980788,75,7.5,26,1
242,2026-09-05T05:30:25.575422+00:00,174986812000000,174986843000000,15.250000000,online_inference,2,0,2089,2086,0.101242732000,0.096640789637,76,7.6,27,1,2676,2681,0.935728280610,0.943398184550,75,7.5,25,1,2546,2539,0.748582624488,0.737844758973,75,7.5,27,1,2725,2723,0.995553531338,0.992485569762,75,7.5,27,1,2073,2067,0.010737865515,0.001533980788,76,7.6,26,1
243,2026-09-05T05:30:25.634459+00:00,174986859000000,174986906000000,15.313000000,online_inference,2,0,2089,2086,0.101242732000,0.096640789637,76,7.6,27,1,2676,2681,0.935728280610,0.943398184550,75,7.5,25,1,2546,2539,0.748582624488,0.737844758973,76,7.6,27,1,2725,2723,0.995553531338,0.992485569762,75,7.5,27,1,2073,2067,0.010737865515,0.001533980788,76,7.6,26,1
244,2026-09-05T05:30:25.673656+00:00,174986921000000,174986953000000,15.360000000,online_inference,2,0,2089,2086,0.101242732000,0.096640789637,76,7.6,27,1,2676,2681,0.935728280610,0.943398184550,75,7.5,26,1,2546,2539,0.748582624488,0.737844758973,76,7.6,27,2,2725,2723,0.995553531338,0.992485569762,75,7.5,27,1,2073,2067,0.010737865515,0.001533980788,75,7.5,26,1
245,2026-09-05T05:30:25.740427+00:00,174986968000000,174987015000000,15.422000000,online_inference,2,0,2089,2086,0.101242732000,0.096640789637,76,7.6,27,0,2676,2681,0.935728280610,0.943398184550,75,7.5,26,1,2546,2539,0.748582624488,0.737844758973,76,7.6,27,1,2725,2723,0.995553531338,0.992485569762,75,7.5,27,1,2073,2067,0.010737865515,0.001533980788,75,7.5,26,1
246,2026-09-05T05:30:25.797209+00:00,174987031000000,174987078000000,15.485000000,online_inference,2,0,2089,2086,0.101242732000,0.096640789637,76,7.6,27,1,2676,2681,0.935728280610,0.943398184550,75,7.5,26,1,2546,2539,0.748582624488,0.737844758973,76,7.6,27,1,2725,2723,0.995553531338,0.992485569762,75,7.5,27,0,2073,2067,0.010737865515,0.001533980788,75,7.5,26,1
247,2026-09-05T05:30:25.868263+00:00,174987093000000,174987140000000,15.547000000,online_inference,2,0,2089,2086,0.101242732000,0.096640789637,76,7.6,27,1,2676,2681,0.935728280610,0.943398184550,75,7.5,26,1,2546,2539,0.748582624488,0.737844758973,76,7.6,27,2,2725,2723,0.995553531338,0.992485569762,75,7.5,27,1,2073,2067,0.010737865515,0.001533980788,75,7.5,26,0
248,2026-09-05T05:30:25.920166+00:00,174987156000000,174987187000000,15.594000000,online_inference,2,0,2089,2086,0.101242732000,0.096640789637,76,7.6,27,0,2676,2681,0.935728280610,0.943398184550,75,7.5,26,1,2546,2539,0.748582624488,0.737844758973,76,7.6,27,1,2725,2723,0.995553531338,0.992485569762,75,7.5,27,1,2073,2067,0.010737865515,0.001533980788,75,7.5,26,1
249,2026-09-05T05:30:25.975213+00:00,174987203000000,174987250000000,15.657000000,online_inference,2,0,2089,2086,0.101242732000,0.096640789637,76,7.6,27,0,2676,2681,0.935728280610,0.943398184550,75,7.5,26,1,2546,2539,0.748582624488,0.737844758973,76,7.6,27,1,2725,2723,0.995553531338,0.992485569762,75,7.5,27,0,2073,2067,0.010737865515,0.001533980788,75,7.5,26,1
250,2026-09-05T05:30:26.029138+00:00,174987265000000,174987296000000,15.703000000,online_inference,2,0,2089,2086,0.101242732000,0.096640789637,76,7.6,27,1,2676,2681,0.935728280610,0.943398184550,75,7.5,25,1,2546,2539,0.748582624488,0.737844758973,76,7.6,27,1,2725,2723,0.995553531338,0.992485569762,75,7.5,27,0,2073,2067,0.010737865515,0.001533980788,75,7.5,26,1
251,2026-09-05T05:30:26.088159+00:00,174987312000000,174987359000000,15.766000000,online_inference,2,0,2089,2086,0.101242732000,0.096640789637,76,7.6,27,0,2676,2681,0.935728280610,0.943398184550,75,7.5,26,1,2546,2539,0.748582624488,0.737844758973,76,7.6,27,1,2725,2723,0.995553531338,0.992485569762,75,7.5,27,1,2073,2067,0.010737865515,0.001533980788,75,7.5,26,1
252,2026-09-05T05:30:26.141228+00:00,174987375000000,174987421000000,15.828000000,online_inference,2,0,2089,2086,0.101242732000,0.096640789637,76,7.6,27,0,2676,2681,0.935728280610,0.943398184550,75,7.5,25,0,2546,2539,0.748582624488,0.737844758973,76,7.6,27,1,2725,2723,0.995553531338,0.992485569762,75,7.5,27,1,2073,2067,0.010737865515,0.001533980788,75,7.5,26,1
253,2026-09-05T05:30:26.206143+00:00,174987437000000,174987484000000,15.891000000,online_inference,2,0,2089,2086,0.101242732000,0.096640789637,76,7.6,27,1,2676,2681,0.935728280610,0.943398184550,75,7.5,26,1,2546,2539,0.748582624488,0.737844758973,76,7.6,27,1,2725,2723,0.995553531338,0.992485569762,75,7.5,27,1,2073,2067,0.010737865515,0.001533980788,75,7.5,26,1
254,2026-09-05T05:30:26.268152+00:00,174987500000000,174987546000000,15.953000000,online_inference,2,0,2089,2086,0.101242732000,0.096640789637,76,7.6,27,1,2676,2681,0.935728280610,0.943398184550,75,7.5,26,1,2546,2539,0.748582624488,0.737844758973,75,7.5,27,1,2725,2723,0.995553531338,0.992485569762,75,7.5,27,0,2073,2067,0.010737865515,0.001533980788,75,7.5,26,1
255,2026-09-05T05:30:26.349523+00:00,174987562000000,174987625000000,16.032000000,online_inference,2,0,2089,2086,0.101242732000,0.096640789637,76,7.6,27,1,2676,2681,0.935728280610,0.943398184550,75,7.5,25,1,2546,2539,0.748582624488,0.737844758973,76,7.6,27,1,2725,2723,0.995553531338,0.992485569762,75,7.5,27,1,2073,2067,0.010737865515,0.001533980788,75,7.5,26,1
256,2026-09-05T05:30:26.420529+00:00,174987640000000,174987703000000,16.110000000,online_inference,2,0,2089,2086,0.101242732000,0.096640789637,76,7.6,27,1,2676,2681,0.935728280610,0.943398184550,75,7.5,26,1,2546,2539,0.748582624488,0.737844758973,76,7.6,27,1,2725,2723,0.995553531338,0.992485569762,75,7.5,27,1,2073,2067,0.010737865515,0.001533980788,75,7.5,26,1
257,2026-09-05T05:30:26.487241+00:00,174987718000000,174987765000000,16.172000000,online_inference,2,0,2089,2086,0.101242732000,0.096640789637,76,7.6,27,1,2676,2681,0.935728280610,0.943398184550,75,7.5,26,1,2546,2539,0.748582624488,0.737844758973,76,7.6,27,1,2725,2723,0.995553531338,0.992485569762,75,7.5,27,1,2073,2067,0.010737865515,0.001533980788,75,7.5,26,1
258,2026-09-05T05:30:26.550024+00:00,174987781000000,174987828000000,16.235000000,online_inference,2,0,2089,2086,0.101242732000,0.096640789637,76,7.6,27,0,2676,2681,0.935728280610,0.943398184550,75,7.5,25,1,2546,2539,0.748582624488,0.737844758973,76,7.6,27,1,2725,2723,0.995553531338,0.992485569762,75,7.5,27,1,2073,2067,0.010737865515,0.001533980788,75,7.5,26,1
259,2026-09-05T05:30:26.611669+00:00,174987843000000,174987890000000,16.297000000,online_inference,2,0,2089,2086,0.101242732000,0.096640789637,76,7.6,27,1,2676,2681,0.935728280610,0.943398184550,75,7.5,26,1,2546,2539,0.748582624488,0.737844758973,76,7.6,27,1,2725,2723,0.995553531338,0.992485569762,75,7.5,27,0,2073,2067,0.010737865515,0.001533980788,75,7.5,26,1
260,2026-09-05T05:30:26.672172+00:00,174987906000000,174987953000000,16.360000000,online_inference,2,0,2089,2086,0.101242732000,0.096640789637,76,7.6,27,1,2676,2681,0.935728280610,0.943398184550,75,7.5,25,1,2546,2539,0.748582624488,0.737844758973,76,7.6,27,1,2725,2723,0.995553531338,0.992485569762,75,7.5,27,1,2073,2067,0.010737865515,0.001533980788,75,7.5,26,1
261,2026-09-05T05:30:26.745006+00:00,174987968000000,174988015000000,16.422000000,online_inference,2,0,2089,2086,0.101242732000,0.096640789637,76,7.6,27,0,2676,2681,0.935728280610,0.943398184550,75,7.5,26,1,2546,2539,0.748582624488,0.737844758973,76,7.6,27,1,2725,2723,0.995553531338,0.992485569762,75,7.5,27,0,2073,2067,0.010737865515,0.001533980788,75,7.5,26,0
262,2026-09-05T05:30:26.802525+00:00,174988031000000,174988078000000,16.485000000,online_inference,2,0,2089,2086,0.101242732000,0.096640789637,76,7.6,27,1,2676,2681,0.935728280610,0.943398184550,75,7.5,25,0,2546,2539,0.748582624488,0.737844758973,76,7.6,27,1,2725,2723,0.995553531338,0.992485569762,75,7.5,27,0,2073,2067,0.010737865515,0.001533980788,75,7.5,26,1
263,2026-09-05T05:30:26.865913+00:00,174988093000000,174988140000000,16.547000000,online_inference,2,0,2089,2086,0.101242732000,0.096640789637,76,7.6,27,1,2676,2681,0.935728280610,0.943398184550,75,7.5,26,1,2546,2539,0.748582624488,0.737844758973,76,7.6,27,1,2725,2723,0.995553531338,0.992485569762,75,7.5,27,0,2073,2067,0.010737865515,0.001533980788,75,7.5,26,0
264,2026-09-05T05:30:26.940447+00:00,174988156000000,174988218000000,16.625000000,online_inference,2,0,2089,2086,0.101242732000,0.096640789637,76,7.6,27,0,2676,2681,0.935728280610,0.943398184550,75,7.5,25,1,2546,2539,0.748582624488,0.737844758973,76,7.6,27,1,2725,2723,0.995553531338,0.992485569762,75,7.5,27,0,2073,2067,0.010737865515,0.001533980788,75,7.5,26,1
265,2026-09-05T05:30:27.004191+00:00,174988234000000,174988281000000,16.688000000,online_inference,2,0,2089,2086,0.101242732000,0.096640789637,76,7.6,27,1,2676,2681,0.935728280610,0.943398184550,75,7.5,26,1,2546,2539,0.748582624488,0.737844758973,76,7.6,27,1,2725,2723,0.995553531338,0.992485569762,75,7.5,27,0,2073,2067,0.010737865515,0.001533980788,75,7.5,26,1
266,2026-09-05T05:30:27.062916+00:00,174988296000000,174988343000000,16.750000000,online_inference,2,0,2089,2086,0.101242732000,0.096640789637,76,7.6,27,1,2676,2681,0.935728280610,0.943398184550,75,7.5,26,1,2546,2539,0.748582624488,0.737844758973,76,7.6,27,1,2725,2723,0.995553531338,0.992485569762,75,7.5,27,0,2073,2067,0.010737865515,0.001533980788,75,7.5,26,1
267,2026-09-05T05:30:27.137253+00:00,174988359000000,174988406000000,16.813000000,online_inference,2,0,2089,2086,0.101242732000,0.096640789637,76,7.6,27,1,2676,2681,0.935728280610,0.943398184550,75,7.5,26,0,2546,2539,0.748582624488,0.737844758973,76,7.6,27,1,2725,2723,0.995553531338,0.992485569762,75,7.5,27,0,2073,2067,0.010737865515,0.001533980788,76,7.6,26,1
268,2026-09-05T05:30:27.186772+00:00,174988421000000,174988468000000,16.875000000,online_inference,2,0,2089,2086,0.101242732000,0.096640789637,76,7.6,27,0,2676,2681,0.935728280610,0.943398184550,75,7.5,26,1,2546,2539,0.748582624488,0.737844758973,76,7.6,27,1,2725,2723,0.995553531338,0.992485569762,75,7.5,27,0,2073,2067,0.010737865515,0.001533980788,76,7.6,26,1
269,2026-09-05T05:30:27.256891+00:00,174988484000000,174988531000000,16.938000000,online_inference,2,0,2089,2086,0.101242732000,0.096640789637,76,7.6,27,0,2676,2681,0.935728280610,0.943398184550,75,7.5,26,0,2546,2539,0.748582624488,0.737844758973,76,7.6,27,1,2725,2723,0.995553531338,0.992485569762,75,7.5,27,1,2073,2067,0.010737865515,0.001533980788,75,7.5,26,1
270,2026-09-05T05:30:27.331199+00:00,174988546000000,174988609000000,17.016000000,online_inference,2,0,2089,2086,0.101242732000,0.096640789637,76,7.6,27,0,2676,2681,0.935728280610,0.943398184550,75,7.5,26,1,2546,2539,0.748582624488,0.737844758973,76,7.6,27,2,2725,2723,0.995553531338,0.992485569762,75,7.5,27,0,2073,2067,0.010737865515,0.001533980788,75,7.5,26,1
271,2026-09-05T05:30:27.408125+00:00,174988625000000,174988687000000,17.094000000,online_inference,2,0,2089,2086,0.101242732000,0.096640789637,76,7.6,27,0,2676,2681,0.935728280610,0.943398184550,75,7.5,26,0,2546,2539,0.748582624488,0.737844758973,76,7.6,27,1,2725,2723,0.995553531338,0.992485569762,75,7.5,29,1,2073,2067,0.010737865515,0.001533980788,75,7.5,26,1
272,2026-09-05T05:30:27.495615+00:00,174988703000000,174988765000000,17.172000000,online_inference,2,0,2089,2086,0.101242732000,0.096640789637,76,7.6,27,1,2676,2681,0.935728280610,0.943398184550,75,7.5,25,1,2546,2539,0.748582624488,0.737844758973,76,7.6,27,1,2725,2723,0.995553531338,0.992485569762,75,7.5,27,0,2073,2067,0.010737865515,0.001533980788,76,7.6,26,0
273,2026-09-05T05:30:27.562495+00:00,174988781000000,174988843000000,17.250000000,online_inference,2,0,2089,2086,0.101242732000,0.096640789637,76,7.6,27,1,2676,2681,0.935728280610,0.943398184550,75,7.5,26,1,2546,2539,0.748582624488,0.737844758973,76,7.6,27,1,2725,2723,0.995553531338,0.992485569762,75,7.5,27,0,2073,2067,0.010737865515,0.001533980788,75,7.5,26,1
274,2026-09-05T05:30:27.632728+00:00,174988859000000,174988906000000,17.313000000,online_inference,2,0,2089,2086,0.101242732000,0.096640789637,76,7.6,27,1,2676,2681,0.935728280610,0.943398184550,75,7.5,26,1,2546,2539,0.748582624488,0.737844758973,76,7.6,27,0,2725,2723,0.995553531338,0.992485569762,75,7.5,27,0,2073,2067,0.010737865515,0.001533980788,76,7.6,26,1
275,2026-09-05T05:30:27.714475+00:00,174988921000000,174988984000000,17.391000000,online_inference,2,0,2089,2086,0.101242732000,0.096640789637,76,7.6,27,1,2676,2681,0.935728280610,0.943398184550,75,7.5,25,1,2546,2539,0.748582624488,0.737844758973,76,7.6,27,0,2725,2723,0.995553531338,0.992485569762,75,7.5,27,0,2073,2067,0.010737865515,0.001533980788,75,7.5,26,1
276,2026-09-05T05:30:27.790247+00:00,174989000000000,174989062000000,17.469000000,online_inference,2,0,2089,2086,0.101242732000,0.096640789637,76,7.6,27,1,2676,2681,0.935728280610,0.943398184550,75,7.5,25,1,2546,2539,0.748582624488,0.737844758973,76,7.6,27,1,2725,2723,0.995553531338,0.992485569762,75,7.5,27,1,2073,2067,0.010737865515,0.001533980788,75,7.5,26,1
277,2026-09-05T05:30:27.867790+00:00,174989078000000,174989140000000,17.547000000,online_inference,2,0,2089,2086,0.101242732000,0.096640789637,76,7.6,27,0,2676,2681,0.935728280610,0.943398184550,75,7.5,26,2,2546,2539,0.748582624488,0.737844758973,76,7.6,27,1,2725,2723,0.995553531338,0.992485569762,75,7.5,27,0,2073,2067,0.010737865515,0.001533980788,76,7.6,26,1
278,2026-09-05T05:30:27.947130+00:00,174989156000000,174989218000000,17.625000000,online_inference,2,0,2089,2086,0.101242732000,0.096640789637,76,7.6,27,0,2676,2681,0.935728280610,0.943398184550,75,7.5,26,1,2546,2539,0.748582624488,0.737844758973,76,7.6,27,1,2725,2723,0.995553531338,0.992485569762,75,7.5,27,1,2073,2067,0.010737865515,0.001533980788,75,7.5,26,0
279,2026-09-05T05:30:28.046575+00:00,174989250000000,174989328000000,17.735000000,online_inference,2,0,2089,2086,0.101242732000,0.096640789637,76,7.6,27,0,2676,2681,0.935728280610,0.943398184550,75,7.5,25,1,2546,2539,0.748582624488,0.737844758973,75,7.5,27,1,2725,2723,0.995553531338,0.992485569762,75,7.5,27,0,2073,2067,0.010737865515,0.001533980788,75,7.5,26,1
280,2026-09-05T05:30:28.126352+00:00,174989343000000,174989406000000,17.813000000,online_inference,2,0,2089,2086,0.101242732000,0.096640789637,76,7.6,27,1,2676,2681,0.935728280610,0.943398184550,75,7.5,25,0,2546,2539,0.748582624488,0.737844758973,76,7.6,27,1,2725,2723,0.995553531338,0.992485569762,75,7.5,27,1,2073,2067,0.010737865515,0.001533980788,76,7.6,26,1
281,2026-09-05T05:30:28.196475+00:00,174989421000000,174989468000000,17.875000000,online_inference,2,0,2089,2086,0.101242732000,0.096640789637,76,7.6,27,1,2676,2681,0.935728280610,0.943398184550,75,7.5,26,0,2546,2539,0.748582624488,0.737844758973,76,7.6,27,1,2725,2723,0.995553531338,0.992485569762,75,7.5,27,0,2073,2067,0.010737865515,0.001533980788,75,7.5,26,1
282,2026-09-05T05:30:28.262091+00:00,174989484000000,174989531000000,17.938000000,online_inference,2,0,2089,2086,0.101242732000,0.096640789637,76,7.6,27,1,2676,2681,0.935728280610,0.943398184550,75,7.5,26,0,2546,2539,0.748582624488,0.737844758973,76,7.6,27,1,2725,2723,0.995553531338,0.992485569762,75,7.5,27,1,2073,2067,0.010737865515,0.001533980788,76,7.6,26,1
283,2026-09-05T05:30:28.313139+00:00,174989546000000,174989593000000,18.000000000,online_inference,2,0,2089,2086,0.101242732000,0.096640789637,76,7.6,27,0,2676,2681,0.935728280610,0.943398184550,75,7.5,25,1,2546,2539,0.748582624488,0.737844758973,76,7.6,27,1,2725,2723,0.995553531338,0.992485569762,75,7.5,27,1,2073,2067,0.010737865515,0.001533980788,75,7.5,26,1
284,2026-09-05T05:30:28.380460+00:00,174989609000000,174989656000000,18.063000000,online_archive,2,0,2089,2086,0.101242732000,0.096640789637,76,7.6,27,1,2676,2681,0.935728280610,0.943398184550,75,7.5,25,1,2546,2539,0.748582624488,0.737844758973,76,7.6,27,1,2725,2723,0.995553531338,0.992485569762,75,7.5,27,0,2073,2067,0.010737865515,0.001533980788,75,7.5,26,0
285,2026-09-05T05:30:28.441853+00:00,174989671000000,174989718000000,18.125000000,online_archive,2,0,2089,2086,0.101242732000,0.096640789637,76,7.6,27,1,2676,2681,0.935728280610,0.943398184550,75,7.5,26,1,2546,2539,0.748582624488,0.737844758973,76,7.6,27,0,2725,2723,0.995553531338,0.992485569762,75,7.5,27,1,2073,2067,0.010737865515,0.001533980788,75,7.5,26,1
286,2026-09-05T05:30:28.559461+00:00,174989796000000,174989828000000,18.235000000,fixed_trajectory,2,0,2089,2086,0.101242732000,0.096640789637,76,7.6,27,0,2676,2681,0.935728280610,0.943398184550,75,7.5,26,1,2546,2539,0.748582624488,0.737844758973,76,7.6,27,1,2725,2723,0.995553531338,0.992485569762,75,7.5,27,0,2073,2067,0.010737865515,0.001533980788,75,7.5,26,0
287,2026-09-05T05:30:28.611877+00:00,174989843000000,174989890000000,18.297000000,fixed_trajectory,2,0,2089,2086,0.101242732000,0.096640789637,76,7.6,27,1,2676,2682,0.935728280610,0.944932165338,75,7.5,26,1,2546,2538,0.748582624488,0.736310778185,75,7.5,27,2,2725,2723,0.995553531338,0.992485569762,75,7.5,27,1,2073,2067,0.010737865515,0.001533980788,75,7.5,26,1
288,2026-09-05T05:30:28.663542+00:00,174989906000000,174989937000000,18.344000000,fixed_trajectory,2,0,2089,2086,0.101242732000,0.096640789637,76,7.6,27,1,2676,2682,0.935728280610,0.944932165338,75,7.5,25,1,2546,2537,0.748582624488,0.734776797397,75,7.5,27,2,2725,2723,0.995553531338,0.992485569762,75,7.5,27,1,2073,2067,0.010737865515,0.001533980788,75,7.5,26,0
289,2026-09-05T05:30:28.725259+00:00,174989953000000,174990000000000,18.407000000,fixed_trajectory,2,0,2089,2086,0.101242732000,0.096640789637,76,7.6,27,0,2676,2683,0.935728280610,0.946466146125,75,7.5,25,1,2546,2536,0.748582624488,0.733242816609,76,7.6,27,2,2725,2723,0.995553531338,0.992485569762,75,7.5,27,1,2073,2067,0.010737865515,0.001533980788,75,7.5,26,1
290,2026-09-05T05:30:28.771404+00:00,174990015000000,174990046000000,18.453000000,fixed_trajectory,2,0,2089,2086,0.101242732000,0.096640789637,76,7.6,27,1,2676,2684,0.935728280610,0.948000126913,75,7.5,25,1,2546,2535,0.748582624488,0.731708835821,76,7.6,27,2,2725,2723,0.995553531338,0.992485569762,75,7.5,27,1,2073,2067,0.010737865515,0.001533980788,75,7.5,26,1
291,2026-09-05T05:30:28.833052+00:00,174990062000000,174990109000000,18.516000000,fixed_trajectory,2,0,2089,2086,0.101242732000,0.096640789637,76,7.6,27,1,2676,2684,0.935728280610,0.948000126913,75,7.5,26,1,2545,2534,0.747048643700,0.730174855034,76,7.6,27,1,2725,2723,0.995553531338,0.992485569762,75,7.5,27,0,2073,2067,0.010737865515,0.001533980788,75,7.5,26,0
292,2026-09-05T05:30:28.892714+00:00,174990125000000,174990171000000,18.578000000,fixed_trajectory,2,0,2089,2086,0.101242732000,0.096640789637,76,7.6,27,1,2677,2685,0.937262261398,0.949534107701,75,7.5,26,1,2542,2533,0.742446701337,0.728640874246,76,7.6,27,1,2725,2723,0.995553531338,0.992485569762,75,7.5,27,0,2072,2067,0.009203884727,0.001533980788,75,7.5,26,1
293,2026-09-05T05:30:28.943053+00:00,174990187000000,174990218000000,18.625000000,fixed_trajectory,2,0,2089,2086,0.101242732000,0.096640789637,76,7.6,27,1,2678,2686,0.938796242186,0.951068088489,75,7.5,26,1,2540,2532,0.739378739761,0.727106893458,76,7.6,27,1,2725,2723,0.995553531338,0.992485569762,75,7.5,27,0,2071,2067,0.007669903939,0.001533980788,75,7.5,26,0
294,2026-09-05T05:30:29.003954+00:00,174990234000000,174990281000000,18.688000000,fixed_trajectory,2,0,2089,2086,0.101242732000,0.096640789637,76,7.6,27,0,2678,2686,0.938796242186,0.951068088489,75,7.5,26,1,2540,2531,0.739378739761,0.725572912670,76,7.6,27,2,2725,2723,0.995553531338,0.992485569762,75,7.5,27,1,2071,2067,0.007669903939,0.001533980788,75,7.5,26,1
295,2026-09-05T05:30:29.076267+00:00,174990296000000,174990343000000,18.750000000,fixed_trajectory,2,0,2089,2086,0.101242732000,0.096640789637,76,7.6,27,1,2678,2687,0.938796242186,0.952602069277,75,7.5,26,2,2540,2530,0.739378739761,0.724038931882,76,7.6,27,1,2725,2723,0.995553531338,0.992485569762,75,7.5,27,1,2071,2067,0.007669903939,0.001533980788,75,7.5,26,0
296,2026-09-05T05:30:29.248483+00:00,174990359000000,174990531000000,18.938000000,fixed_trajectory,2,1,2089,2086,0.101242732000,0.096640789637,76,7.6,27,1,2680,2688,0.941864203762,0.954136050065,75,7.5,26,0,2540,2529,0.739378739761,0.722504951094,76,7.6,27,2,2725,2723,0.995553531338,0.992485569762,75,7.5,27,0,2071,2067,0.007669903939,0.001533980788,75,7.5,26,0
297,2026-09-05T05:30:29.312251+00:00,174990546000000,174990593000000,19.000000000,fixed_trajectory,2,0,2089,2086,0.101242732000,0.096640789637,76,7.6,27,1,2682,2688,0.944932165338,0.954136050065,75,7.5,26,1,2537,2528,0.734776797397,0.720970970306,76,7.6,27,0,2725,2723,0.995553531338,0.992485569762,75,7.5,27,1,2071,2067,0.007669903939,0.001533980788,76,7.6,26,1
298,2026-09-05T05:30:29.368949+00:00,174990609000000,174990640000000,19.047000000,fixed_trajectory,2,0,2089,2086,0.101242732000,0.096640789637,76,7.6,27,1,2683,2689,0.946466146125,0.955670030853,75,7.5,26,0,2533,2527,0.728640874246,0.719436989518,76,7.6,27,0,2725,2723,0.995553531338,0.992485569762,75,7.5,27,1,2071,2067,0.007669903939,0.001533980788,75,7.5,26,1
299,2026-09-05T05:30:29.427177+00:00,174990656000000,174990703000000,19.110000000,fixed_trajectory,2,0,2089,2086,0.101242732000,0.096640789637,76,7.6,27,0,2683,2690,0.946466146125,0.957204011641,75,7.5,25,0,2532,2526,0.727106893458,0.717903008730,76,7.6,27,2,2725,2723,0.995553531338,0.992485569762,75,7.5,27,0,2071,2067,0.007669903939,0.001533980788,75,7.5,26,0
300,2026-09-05T05:30:29.480276+00:00,174990718000000,174990750000000,19.157000000,fixed_trajectory,2,0,2089,2086,0.101242732000,0.096640789637,76,7.6,27,1,2684,2690,0.948000126913,0.957204011641,75,7.5,26,1,2532,2525,0.727106893458,0.716369027943,76,7.6,27,2,2725,2723,0.995553531338,0.992485569762,75,7.5,27,1,2071,2067,0.007669903939,0.001533980788,75,7.5,26,1
301,2026-09-05T05:30:29.542149+00:00,174990765000000,174990812000000,19.219000000,fixed_trajectory,2,0,2089,2086,0.101242732000,0.096640789637,76,7.6,27,1,2684,2691,0.948000126913,0.958737992429,75,7.5,25,0,2532,2524,0.727106893458,0.714835047155,76,7.6,27,2,2725,2723,0.995553531338,0.992485569762,75,7.5,27,0,2071,2067,0.007669903939,0.001533980788,75,7.5,26,1
302,2026-09-05T05:30:29.720555+00:00,174990953000000,174991000000000,19.407000000,fixed_trajectory,2,0,2089,2087,0.101242732000,0.098174770425,76,7.6,27,0,2687,2692,0.952602069277,0.960271973216,75,7.5,26,1,2531,2523,0.725572912670,0.713301066367,76,7.6,27,0,2725,2723,0.995553531338,0.992485569762,75,7.5,27,1,2071,2067,0.007669903939,0.001533980788,76,7.6,26,0
303,2026-09-05T05:30:29.772740+00:00,174991015000000,174991046000000,19.453000000,fixed_trajectory,2,0,2089,2087,0.101242732000,0.098174770425,76,7.6,27,1,2688,2692,0.954136050065,0.960271973216,75,7.5,25,0,2527,2522,0.719436989518,0.711767085579,76,7.6,27,1,2725,2723,0.995553531338,0.992485569762,75,7.5,27,0,2071,2067,0.007669903939,0.001533980788,75,7.5,26,0
304,2026-09-05T05:30:29.828415+00:00,174991062000000,174991109000000,19.516000000,fixed_trajectory,2,0,2089,2087,0.101242732000,0.098174770425,76,7.6,27,1,2688,2693,0.954136050065,0.961805954004,75,7.5,25,1,2527,2521,0.719436989518,0.710233104791,76,7.6,27,1,2725,2723,0.995553531338,0.992485569762,75,7.5,27,0,2071,2067,0.007669903939,0.001533980788,75,7.5,26,1
305,2026-09-05T05:30:29.882128+00:00,174991125000000,174991156000000,19.563000000,fixed_trajectory,2,0,2089,2087,0.101242732000,0.098174770425,76,7.6,27,1,2688,2693,0.954136050065,0.961805954004,75,7.5,25,1,2527,2520,0.719436989518,0.708699124003,76,7.6,27,1,2725,2723,0.995553531338,0.992485569762,75,7.5,27,1,2071,2067,0.007669903939,0.001533980788,75,7.5,26,0
306,2026-09-05T05:30:29.938082+00:00,174991171000000,174991218000000,19.625000000,fixed_trajectory,2,0,2089,2087,0.101242732000,0.098174770425,76,7.6,27,0,2688,2694,0.954136050065,0.963339934792,75,7.5,26,1,2527,2519,0.719436989518,0.707165143215,76,7.6,27,1,2725,2723,0.995553531338,0.992485569762,75,7.5,27,1,2071,2067,0.007669903939,0.001533980788,75,7.5,26,1
307,2026-09-05T05:30:30.004037+00:00,174991234000000,174991281000000,19.688000000,fixed_trajectory,2,0,2089,2087,0.101242732000,0.098174770425,76,7.6,27,1,2688,2695,0.954136050065,0.964873915580,75,7.5,26,1,2527,2518,0.719436989518,0.705631162427,76,7.6,27,2,2725,2723,0.995553531338,0.992485569762,75,7.5,27,0,2072,2067,0.009203884727,0.001533980788,76,7.6,26,1
308,2026-09-05T05:30:30.057067+00:00,174991296000000,174991328000000,19.735000000,fixed_trajectory,2,0,2089,2087,0.101242732000,0.098174770425,76,7.6,27,0,2688,2695,0.954136050065,0.964873915580,75,7.5,25,1,2527,2517,0.719436989518,0.704097181640,76,7.6,27,2,2725,2723,0.995553531338,0.992485569762,75,7.5,27,1,2072,2067,0.009203884727,0.001533980788,75,7.5,26,1
309,2026-09-05T05:30:30.109849+00:00,174991343000000,174991390000000,19.797000000,fixed_trajectory,2,0,2089,2087,0.101242732000,0.098174770425,76,7.6,27,0,2688,2696,0.954136050065,0.966407896368,75,7.5,25,2,2527,2516,0.719436989518,0.702563200852,75,7.5,27,2,2725,2723,0.995553531338,0.992485569762,75,7.5,27,0,2072,2067,0.009203884727,0.001533980788,75,7.5,26,1
310,2026-09-05T05:30:30.157683+00:00,174991406000000,174991437000000,19.844000000,fixed_trajectory,2,0,2089,2087,0.101242732000,0.098174770425,76,7.6,27,0,2688,2697,0.954136050065,0.967941877156,75,7.5,26,2,2526,2515,0.717903008730,0.701029220064,76,7.6,27,1,2725,2723,0.995553531338,0.992485569762,75,7.5,27,0,2072,2067,0.009203884727,0.001533980788,75,7.5,26,1
311,2026-09-05T05:30:30.239170+00:00,174991468000000,174991515000000,19.922000000,fixed_trajectory,2,0,2089,2087,0.101242732000,0.098174770425,76,7.6,27,1,2692,2697,0.960271973216,0.967941877156,75,7.5,25,0,2520,2514,0.708699124003,0.699495239276,76,7.6,27,1,2725,2723,0.995553531338,0.992485569762,75,7.5,27,0,2072,2067,0.009203884727,0.001533980788,76,7.6,26,1
312,2026-09-05T05:30:30.291466+00:00,174991531000000,174991562000000,19.969000000,fixed_trajectory,2,0,2089,2087,0.101242732000,0.098174770425,76,7.6,27,1,2694,2698,0.963339934792,0.969475857944,75,7.5,26,0,2519,2513,0.707165143215,0.697961258488,76,7.6,27,1,2725,2723,0.995553531338,0.992485569762,75,7.5,27,1,2072,2067,0.009203884727,0.001533980788,75,7.5,26,1
313,2026-09-05T05:30:30.338946+00:00,174991578000000,174991609000000,20.016000000,fixed_trajectory,2,0,2089,2087,0.101242732000,0.098174770425,76,7.6,27,1,2694,2699,0.963339934792,0.971009838732,75,7.5,26,1,2518,2512,0.705631162427,0.696427277700,76,7.6,27,0,2725,2723,0.995553531338,0.992485569762,75,7.5,27,1,2072,2067,0.009203884727,0.001533980788,75,7.5,26,0
314,2026-09-05T05:30:30.388751+00:00,174991625000000,174991656000000,20.063000000,fixed_trajectory,2,0,2089,2087,0.101242732000,0.098174770425,76,7.6,27,0,2695,2699,0.964873915580,0.971009838732,75,7.5,26,1,2515,2511,0.701029220064,0.694893296912,76,7.6,27,1,2725,2723,0.995553531338,0.992485569762,75,7.5,27,0,2072,2067,0.009203884727,0.001533980788,75,7.5,26,0
315,2026-09-05T05:30:30.447808+00:00,174991671000000,174991718000000,20.125000000,fixed_trajectory,2,0,2089,2087,0.101242732000,0.098174770425,76,7.6,27,0,2695,2700,0.964873915580,0.972543819519,75,7.5,25,1,2515,2510,0.701029220064,0.693359316124,76,7.6,27,1,2725,2723,0.995553531338,0.992485569762,75,7.5,27,0,2072,2067,0.009203884727,0.001533980788,75,7.5,26,1
316,2026-09-05T05:30:30.496097+00:00,174991734000000,174991765000000,20.172000000,fixed_trajectory,2,0,2089,2087,0.101242732000,0.098174770425,76,7.6,27,0,2695,2701,0.964873915580,0.974077800307,75,7.5,25,1,2515,2509,0.701029220064,0.691825335336,76,7.6,27,1,2725,2723,0.995553531338,0.992485569762,75,7.5,27,0,2072,2067,0.009203884727,0.001533980788,75,7.5,26,1
317,2026-09-05T05:30:30.544145+00:00,174991781000000,174991812000000,20.219000000,fixed_trajectory,2,0,2089,2087,0.101242732000,0.098174770425,76,7.6,27,0,2695,2701,0.964873915580,0.974077800307,75,7.5,25,1,2515,2508,0.701029220064,0.690291354549,76,7.6,27,1,2725,2723,0.995553531338,0.992485569762,75,7.5,27,0,2072,2067,0.009203884727,0.001533980788,75,7.5,26,1
318,2026-09-05T05:30:30.599721+00:00,174991828000000,174991875000000,20.282000000,online_observation,2,0,2089,2087,0.101242732000,0.098174770425,76,7.6,27,0,2697,2702,0.967941877156,0.975611781095,75,7.5,26,1,2515,2507,0.701029220064,0.688757373761,76,7.6,27,2,2725,2723,0.995553531338,0.992485569762,75,7.5,27,1,2072,2067,0.009203884727,0.001533980788,75,7.5,26,1
319,2026-09-05T05:30:30.653605+00:00,174991890000000,174991921000000,20.328000000,online_observation,2,0,2089,2087,0.101242732000,0.098174770425,76,7.6,27,1,2697,2702,0.967941877156,0.975611781095,75,7.5,26,0,2515,2507,0.701029220064,0.688757373761,76,7.6,27,1,2725,2723,0.995553531338,0.992485569762,75,7.5,27,1,2072,2067,0.009203884727,0.001533980788,75,7.5,26,1
320,2026-09-05T05:30:30.703160+00:00,174991937000000,174991984000000,20.391000000,online_observation,2,0,2089,2087,0.101242732000,0.098174770425,76,7.6,27,1,2697,2702,0.967941877156,0.975611781095,75,7.5,25,1,2515,2507,0.701029220064,0.688757373761,76,7.6,27,1,2725,2723,0.995553531338,0.992485569762,75,7.5,27,0,2072,2067,0.009203884727,0.001533980788,75,7.5,26,1
321,2026-09-05T05:30:30.760824+00:00,174992000000000,174992031000000,20.438000000,online_observation,2,0,2089,2087,0.101242732000,0.098174770425,76,7.6,27,1,2697,2702,0.967941877156,0.975611781095,75,7.5,25,1,2515,2507,0.701029220064,0.688757373761,76,7.6,27,1,2725,2723,0.995553531338,0.992485569762,75,7.5,27,1,2072,2067,0.009203884727,0.001533980788,75,7.5,26,0
322,2026-09-05T05:30:30.805406+00:00,174992046000000,174992078000000,20.485000000,online_observation,2,0,2089,2087,0.101242732000,0.098174770425,76,7.6,27,1,2697,2702,0.967941877156,0.975611781095,75,7.5,25,1,2515,2507,0.701029220064,0.688757373761,76,7.6,27,2,2725,2723,0.995553531338,0.992485569762,75,7.5,27,1,2072,2067,0.009203884727,0.001533980788,75,7.5,26,1
323,2026-09-05T05:30:30.858328+00:00,174992093000000,174992140000000,20.547000000,online_observation,2,0,2089,2087,0.101242732000,0.098174770425,76,7.6,27,1,2697,2702,0.967941877156,0.975611781095,75,7.5,26,0,2515,2507,0.701029220064,0.688757373761,76,7.6,27,1,2725,2723,0.995553531338,0.992485569762,75,7.5,27,0,2072,2067,0.009203884727,0.001533980788,75,7.5,26,1
324,2026-09-05T05:30:30.913453+00:00,174992156000000,174992187000000,20.594000000,online_observation,2,0,2089,2087,0.101242732000,0.098174770425,76,7.6,27,1,2697,2702,0.967941877156,0.975611781095,75,7.5,25,1,2515,2507,0.701029220064,0.688757373761,76,7.6,27,2,2725,2723,0.995553531338,0.992485569762,75,7.5,27,0,2072,2067,0.009203884727,0.001533980788,75,7.5,26,1
325,2026-09-05T05:30:30.990712+00:00,174992203000000,174992265000000,20.672000000,online_inference,3,0,2089,2087,0.101242732000,0.098174770425,76,7.6,27,1,2697,2702,0.967941877156,0.975611781095,75,7.5,26,1,2515,2507,0.701029220064,0.688757373761,76,7.6,27,1,2725,2723,0.995553531338,0.992485569762,75,7.5,27,1,2072,2067,0.009203884727,0.001533980788,76,7.6,26,1
326,2026-09-05T05:30:31.065761+00:00,174992281000000,174992343000000,20.750000000,online_inference,3,0,2089,2087,0.101242732000,0.098174770425,76,7.6,27,1,2697,2702,0.967941877156,0.975611781095,75,7.5,26,0,2515,2507,0.701029220064,0.688757373761,76,7.6,27,1,2725,2723,0.995553531338,0.992485569762,75,7.5,27,1,2072,2067,0.009203884727,0.001533980788,75,7.5,26,1
327,2026-09-05T05:30:31.146479+00:00,174992359000000,174992421000000,20.828000000,online_inference,3,0,2089,2087,0.101242732000,0.098174770425,76,7.6,27,0,2697,2702,0.967941877156,0.975611781095,75,7.5,25,0,2515,2507,0.701029220064,0.688757373761,76,7.6,27,1,2725,2723,0.995553531338,0.992485569762,75,7.5,27,0,2072,2067,0.009203884727,0.001533980788,75,7.5,26,1
328,2026-09-05T05:30:31.244582+00:00,174992437000000,174992515000000,20.922000000,online_inference,3,0,2089,2087,0.101242732000,0.098174770425,76,7.6,27,1,2697,2702,0.967941877156,0.975611781095,75,7.5,25,0,2515,2507,0.701029220064,0.688757373761,76,7.6,27,1,2725,2723,0.995553531338,0.992485569762,75,7.5,27,0,2072,2067,0.009203884727,0.001533980788,75,7.5,26,1
329,2026-09-05T05:30:31.357747+00:00,174992546000000,174992625000000,21.032000000,online_inference,3,0,2089,2087,0.101242732000,0.098174770425,76,7.6,27,1,2697,2702,0.967941877156,0.975611781095,75,7.5,26,1,2515,2507,0.701029220064,0.688757373761,76,7.6,27,1,2725,2723,0.995553531338,0.992485569762,75,7.5,27,0,2072,2067,0.009203884727,0.001533980788,76,7.6,26,1
330,2026-09-05T05:30:31.427471+00:00,174992640000000,174992703000000,21.110000000,online_inference,3,0,2089,2087,0.101242732000,0.098174770425,76,7.6,27,0,2697,2702,0.967941877156,0.975611781095,75,7.5,26,1,2515,2507,0.701029220064,0.688757373761,76,7.6,27,1,2725,2723,0.995553531338,0.992485569762,75,7.5,27,0,2072,2067,0.009203884727,0.001533980788,75,7.5,26,1
331,2026-09-05T05:30:31.509852+00:00,174992718000000,174992781000000,21.188000000,online_inference,3,0,2089,2087,0.101242732000,0.098174770425,76,7.6,27,1,2697,2702,0.967941877156,0.975611781095,75,7.5,26,1,2515,2507,0.701029220064,0.688757373761,76,7.6,27,0,2725,2723,0.995553531338,0.992485569762,75,7.5,27,1,2072,2067,0.009203884727,0.001533980788,75,7.5,26,1
332,2026-09-05T05:30:31.585435+00:00,174992796000000,174992859000000,21.266000000,online_inference,3,0,2089,2087,0.101242732000,0.098174770425,76,7.6,27,0,2697,2702,0.967941877156,0.975611781095,75,7.5,25,0,2515,2507,0.701029220064,0.688757373761,76,7.6,27,1,2725,2723,0.995553531338,0.992485569762,75,7.5,27,0,2072,2067,0.009203884727,0.001533980788,75,7.5,26,1
333,2026-09-05T05:30:31.657430+00:00,174992875000000,174992937000000,21.344000000,online_inference,3,0,2089,2087,0.101242732000,0.098174770425,76,7.6,27,1,2697,2702,0.967941877156,0.975611781095,75,7.5,25,1,2515,2507,0.701029220064,0.688757373761,76,7.6,27,1,2725,2723,0.995553531338,0.992485569762,75,7.5,27,0,2072,2067,0.009203884727,0.001533980788,75,7.5,26,1
334,2026-09-05T05:30:31.737757+00:00,174992953000000,174993015000000,21.422000000,online_inference,3,0,2089,2087,0.101242732000,0.098174770425,76,7.6,27,0,2697,2702,0.967941877156,0.975611781095,75,7.5,25,1,2515,2507,0.701029220064,0.688757373761,76,7.6,27,1,2725,2723,0.995553531338,0.992485569762,75,7.5,27,0,2072,2067,0.009203884727,0.001533980788,75,7.5,26,1
335,2026-09-05T05:30:31.834732+00:00,174993031000000,174993109000000,21.516000000,online_inference,3,0,2089,2087,0.101242732000,0.098174770425,76,7.6,27,1,2697,2702,0.967941877156,0.975611781095,75,7.5,25,1,2515,2507,0.701029220064,0.688757373761,76,7.6,27,1,2725,2723,0.995553531338,0.992485569762,75,7.5,27,1,2072,2067,0.009203884727,0.001533980788,75,7.5,26,0
336,2026-09-05T05:30:31.954630+00:00,174993156000000,174993234000000,21.641000000,online_inference,3,0,2089,2087,0.101242732000,0.098174770425,76,7.6,27,0,2697,2702,0.967941877156,0.975611781095,75,7.5,26,1,2515,2507,0.701029220064,0.688757373761,76,7.6,27,2,2725,2723,0.995553531338,0.992485569762,75,7.5,27,0,2072,2067,0.009203884727,0.001533980788,75,7.5,26,1
337,2026-09-05T05:30:32.067904+00:00,174993250000000,174993343000000,21.750000000,online_inference,3,0,2089,2087,0.101242732000,0.098174770425,76,7.6,27,1,2697,2702,0.967941877156,0.975611781095,75,7.5,25,1,2515,2507,0.701029220064,0.688757373761,76,7.6,27,1,2725,2723,0.995553531338,0.992485569762,75,7.5,27,0,2072,2067,0.009203884727,0.001533980788,75,7.5,26,0
338,2026-09-05T05:30:32.142404+00:00,174993359000000,174993421000000,21.828000000,online_inference,3,0,2089,2087,0.101242732000,0.098174770425,76,7.6,27,1,2697,2702,0.967941877156,0.975611781095,75,7.5,25,1,2515,2507,0.701029220064,0.688757373761,76,7.6,27,1,2725,2723,0.995553531338,0.992485569762,75,7.5,27,0,2072,2067,0.009203884727,0.001533980788,75,7.5,26,1
339,2026-09-05T05:30:32.249459+00:00,174993437000000,174993531000000,21.938000000,online_inference,3,0,2089,2087,0.101242732000,0.098174770425,76,7.6,27,0,2697,2702,0.967941877156,0.975611781095,75,7.5,26,1,2515,2507,0.701029220064,0.688757373761,76,7.6,27,1,2725,2723,0.995553531338,0.992485569762,75,7.5,27,1,2072,2067,0.009203884727,0.001533980788,75,7.5,26,1
340,2026-09-05T05:30:32.364602+00:00,174993546000000,174993640000000,22.047000000,online_inference,3,0,2089,2087,0.101242732000,0.098174770425,76,7.6,27,1,2697,2702,0.967941877156,0.975611781095,75,7.5,25,1,2515,2507,0.701029220064,0.688757373761,76,7.6,27,2,2725,2723,0.995553531338,0.992485569762,75,7.5,27,1,2072,2067,0.009203884727,0.001533980788,75,7.5,26,1
341,2026-09-05T05:30:32.501856+00:00,174993687000000,174993781000000,22.188000000,online_inference,3,0,2089,2087,0.101242732000,0.098174770425,76,7.6,27,1,2697,2702,0.967941877156,0.975611781095,75,7.5,26,1,2515,2507,0.701029220064,0.688757373761,76,7.6,27,2,2725,2723,0.995553531338,0.992485569762,75,7.5,27,1,2072,2067,0.009203884727,0.001533980788,75,7.5,26,1
342,2026-09-05T05:30:32.614565+00:00,174993796000000,174993890000000,22.297000000,online_inference,3,0,2089,2087,0.101242732000,0.098174770425,76,7.6,27,1,2697,2702,0.967941877156,0.975611781095,75,7.5,26,1,2515,2507,0.701029220064,0.688757373761,76,7.6,27,1,2725,2723,0.995553531338,0.992485569762,75,7.5,27,1,2072,2067,0.009203884727,0.001533980788,75,7.5,26,0
343,2026-09-05T05:30:32.698421+00:00,174993906000000,174993968000000,22.375000000,online_inference,3,0,2089,2087,0.101242732000,0.098174770425,76,7.6,27,0,2697,2702,0.967941877156,0.975611781095,75,7.5,25,1,2515,2507,0.701029220064,0.688757373761,76,7.6,27,2,2725,2723,0.995553531338,0.992485569762,75,7.5,27,1,2072,2067,0.009203884727,0.001533980788,75,7.5,26,1
344,2026-09-05T05:30:32.791937+00:00,174993984000000,174994062000000,22.469000000,online_inference,3,0,2089,2087,0.101242732000,0.098174770425,76,7.6,27,0,2697,2702,0.967941877156,0.975611781095,75,7.5,26,1,2515,2507,0.701029220064,0.688757373761,76,7.6,27,1,2725,2723,0.995553531338,0.992485569762,75,7.5,27,1,2072,2067,0.009203884727,0.001533980788,75,7.5,26,1
345,2026-09-05T05:30:32.871583+00:00,174994078000000,174994140000000,22.547000000,online_inference,3,0,2089,2087,0.101242732000,0.098174770425,76,7.6,27,1,2697,2702,0.967941877156,0.975611781095,75,7.5,25,1,2515,2507,0.701029220064,0.688757373761,76,7.6,27,1,2725,2723,0.995553531338,0.992485569762,75,7.5,27,0,2072,2067,0.009203884727,0.001533980788,76,7.6,26,1
346,2026-09-05T05:30:32.963407+00:00,174994156000000,174994234000000,22.641000000,online_inference,3,0,2089,2087,0.101242732000,0.098174770425,76,7.6,27,1,2697,2702,0.967941877156,0.975611781095,75,7.5,26,1,2515,2507,0.701029220064,0.688757373761,76,7.6,27,1,2725,2723,0.995553531338,0.992485569762,75,7.5,27,1,2072,2067,0.009203884727,0.001533980788,75,7.5,26,1
347,2026-09-05T05:30:33.073613+00:00,174994281000000,174994343000000,22.750000000,online_inference,3,0,2089,2087,0.101242732000,0.098174770425,76,7.6,27,0,2697,2702,0.967941877156,0.975611781095,75,7.5,26,1,2515,2507,0.701029220064,0.688757373761,75,7.5,27,2,2725,2723,0.995553531338,0.992485569762,75,7.5,27,1,2072,2067,0.009203884727,0.001533980788,75,7.5,26,1
348,2026-09-05T05:30:33.165690+00:00,174994359000000,174994437000000,22.844000000,online_inference,3,0,2089,2087,0.101242732000,0.098174770425,76,7.6,27,0,2697,2702,0.967941877156,0.975611781095,75,7.5,25,1,2515,2507,0.701029220064,0.688757373761,76,7.6,27,1,2725,2723,0.995553531338,0.992485569762,75,7.5,27,1,2072,2067,0.009203884727,0.001533980788,76,7.6,26,0
349,2026-09-05T05:30:33.250624+00:00,174994453000000,174994531000000,22.938000000,online_inference,3,0,2089,2087,0.101242732000,0.098174770425,76,7.6,27,1,2697,2702,0.967941877156,0.975611781095,75,7.5,25,0,2515,2507,0.701029220064,0.688757373761,75,7.5,27,1,2725,2723,0.995553531338,0.992485569762,75,7.5,27,1,2072,2067,0.009203884727,0.001533980788,75,7.5,26,1
350,2026-09-05T05:30:33.340411+00:00,174994546000000,174994609000000,23.016000000,online_inference,3,0,2089,2087,0.101242732000,0.098174770425,76,7.6,27,0,2697,2702,0.967941877156,0.975611781095,75,7.5,25,1,2515,2507,0.701029220064,0.688757373761,76,7.6,27,1,2725,2723,0.995553531338,0.992485569762,75,7.5,27,0,2072,2067,0.009203884727,0.001533980788,75,7.5,26,1
351,2026-09-05T05:30:33.407090+00:00,174994625000000,174994687000000,23.094000000,online_inference,3,0,2089,2087,0.101242732000,0.098174770425,76,7.6,27,1,2697,2702,0.967941877156,0.975611781095,75,7.5,25,1,2515,2507,0.701029220064,0.688757373761,76,7.6,27,1,2725,2723,0.995553531338,0.992485569762,75,7.5,27,0,2072,2067,0.009203884727,0.001533980788,75,7.5,26,1
352,2026-09-05T05:30:33.483764+00:00,174994703000000,174994765000000,23.172000000,online_inference,3,0,2089,2087,0.101242732000,0.098174770425,76,7.6,27,1,2697,2702,0.967941877156,0.975611781095,75,7.5,26,1,2515,2507,0.701029220064,0.688757373761,76,7.6,27,2,2725,2723,0.995553531338,0.992485569762,75,7.5,27,1,2072,2067,0.009203884727,0.001533980788,75,7.5,26,1
353,2026-09-05T05:30:33.596344+00:00,174994796000000,174994875000000,23.282000000,online_inference,3,0,2089,2087,0.101242732000,0.098174770425,76,7.6,27,0,2697,2702,0.967941877156,0.975611781095,75,7.5,25,1,2515,2507,0.701029220064,0.688757373761,76,7.6,27,1,2725,2723,0.995553531338,0.992485569762,75,7.5,27,1,2072,2067,0.009203884727,0.001533980788,75,7.5,26,0
354,2026-09-05T05:30:33.671385+00:00,174994890000000,174994953000000,23.360000000,online_inference,3,0,2089,2087,0.101242732000,0.098174770425,76,7.6,27,0,2697,2702,0.967941877156,0.975611781095,75,7.5,25,1,2515,2507,0.701029220064,0.688757373761,76,7.6,27,1,2725,2723,0.995553531338,0.992485569762,75,7.5,27,1,2072,2067,0.009203884727,0.001533980788,75,7.5,26,1
355,2026-09-05T05:30:33.761182+00:00,174994968000000,174995031000000,23.438000000,online_inference,3,0,2089,2087,0.101242732000,0.098174770425,76,7.6,27,0,2697,2702,0.967941877156,0.975611781095,75,7.5,25,1,2515,2507,0.701029220064,0.688757373761,76,7.6,27,2,2725,2723,0.995553531338,0.992485569762,75,7.5,27,1,2072,2067,0.009203884727,0.001533980788,76,7.6,26,1
356,2026-09-05T05:30:33.843444+00:00,174995046000000,174995125000000,23.532000000,online_inference,3,0,2089,2087,0.101242732000,0.098174770425,76,7.6,27,1,2697,2702,0.967941877156,0.975611781095,75,7.5,26,1,2515,2507,0.701029220064,0.688757373761,76,7.6,27,2,2725,2723,0.995553531338,0.992485569762,75,7.5,27,0,2072,2067,0.009203884727,0.001533980788,75,7.5,26,1
357,2026-09-05T05:30:33.909605+00:00,174995140000000,174995187000000,23.594000000,online_inference,3,0,2089,2087,0.101242732000,0.098174770425,76,7.6,27,1,2697,2702,0.967941877156,0.975611781095,75,7.5,25,1,2515,2507,0.701029220064,0.688757373761,76,7.6,27,1,2725,2723,0.995553531338,0.992485569762,75,7.5,27,1,2072,2067,0.009203884727,0.001533980788,75,7.5,26,1
358,2026-09-05T05:30:33.992387+00:00,174995203000000,174995265000000,23.672000000,online_inference,3,0,2089,2087,0.101242732000,0.098174770425,76,7.6,27,0,2697,2702,0.967941877156,0.975611781095,75,7.5,26,1,2515,2507,0.701029220064,0.688757373761,76,7.6,27,1,2725,2723,0.995553531338,0.992485569762,75,7.5,27,1,2072,2067,0.009203884727,0.001533980788,75,7.5,26,1
359,2026-09-05T05:30:34.068143+00:00,174995281000000,174995343000000,23.750000000,online_inference,3,0,2089,2087,0.101242732000,0.098174770425,76,7.6,27,1,2697,2702,0.967941877156,0.975611781095,75,7.5,25,1,2515,2507,0.701029220064,0.688757373761,75,7.5,27,1,2725,2723,0.995553531338,0.992485569762,75,7.5,27,0,2072,2067,0.009203884727,0.001533980788,75,7.5,26,1
360,2026-09-05T05:30:34.163457+00:00,174995375000000,174995437000000,23.844000000,online_inference,3,0,2089,2087,0.101242732000,0.098174770425,76,7.6,27,0,2697,2702,0.967941877156,0.975611781095,75,7.5,26,0,2515,2507,0.701029220064,0.688757373761,76,7.6,27,1,2725,2723,0.995553531338,0.992485569762,75,7.5,27,0,2072,2067,0.009203884727,0.001533980788,75,7.5,26,1
361,2026-09-05T05:30:34.237981+00:00,174995453000000,174995515000000,23.922000000,online_inference,3,0,2089,2087,0.101242732000,0.098174770425,76,7.6,27,1,2697,2702,0.967941877156,0.975611781095,75,7.5,26,1,2515,2507,0.701029220064,0.688757373761,76,7.6,27,1,2725,2723,0.995553531338,0.992485569762,75,7.5,27,0,2072,2067,0.009203884727,0.001533980788,75,7.5,26,1
362,2026-09-05T05:30:34.316110+00:00,174995531000000,174995593000000,24.000000000,online_inference,3,0,2089,2087,0.101242732000,0.098174770425,76,7.6,27,0,2697,2702,0.967941877156,0.975611781095,75,7.5,26,1,2515,2507,0.701029220064,0.688757373761,76,7.6,27,2,2725,2723,0.995553531338,0.992485569762,75,7.5,27,0,2072,2067,0.009203884727,0.001533980788,75,7.5,26,1
363,2026-09-05T05:30:34.378699+00:00,174995609000000,174995656000000,24.063000000,online_inference,3,0,2089,2087,0.101242732000,0.098174770425,76,7.6,27,0,2697,2702,0.967941877156,0.975611781095,75,7.5,25,1,2515,2507,0.701029220064,0.688757373761,76,7.6,27,1,2725,2723,0.995553531338,0.992485569762,75,7.5,27,1,2072,2067,0.009203884727,0.001533980788,75,7.5,26,1
364,2026-09-05T05:30:34.453838+00:00,174995671000000,174995734000000,24.141000000,online_inference,3,0,2089,2087,0.101242732000,0.098174770425,76,7.6,27,1,2697,2702,0.967941877156,0.975611781095,75,7.5,26,1,2515,2507,0.701029220064,0.688757373761,76,7.6,27,1,2725,2723,0.995553531338,0.992485569762,75,7.5,27,1,2072,2067,0.009203884727,0.001533980788,75,7.5,26,1
365,2026-09-05T05:30:34.542325+00:00,174995750000000,174995812000000,24.219000000,online_inference,3,0,2089,2087,0.101242732000,0.098174770425,76,7.6,27,0,2697,2702,0.967941877156,0.975611781095,75,7.5,26,1,2515,2507,0.701029220064,0.688757373761,76,7.6,27,2,2725,2723,0.995553531338,0.992485569762,75,7.5,27,0,2072,2067,0.009203884727,0.001533980788,75,7.5,26,2
366,2026-09-05T05:30:34.601436+00:00,174995828000000,174995875000000,24.282000000,online_inference,3,0,2089,2087,0.101242732000,0.098174770425,76,7.6,27,1,2697,2702,0.967941877156,0.975611781095,75,7.5,26,1,2515,2507,0.701029220064,0.688757373761,76,7.6,27,1,2725,2723,0.995553531338,0.992485569762,75,7.5,27,1,2072,2067,0.009203884727,0.001533980788,75,7.5,26,0
367,2026-09-05T05:30:34.700001+00:00,174995906000000,174995968000000,24.375000000,online_inference,3,0,2089,2087,0.101242732000,0.098174770425,76,7.6,27,1,2697,2702,0.967941877156,0.975611781095,75,7.5,26,1,2515,2507,0.701029220064,0.688757373761,76,7.6,27,1,2725,2723,0.995553531338,0.992485569762,75,7.5,27,0,2072,2067,0.009203884727,0.001533980788,75,7.5,26,1
368,2026-09-05T05:30:34.779277+00:00,174995984000000,174996046000000,24.453000000,online_inference,3,0,2089,2087,0.101242732000,0.098174770425,76,7.6,27,1,2697,2702,0.967941877156,0.975611781095,75,7.5,26,2,2515,2507,0.701029220064,0.688757373761,76,7.6,27,2,2725,2723,0.995553531338,0.992485569762,75,7.5,27,1,2072,2067,0.009203884727,0.001533980788,75,7.5,26,1
369,2026-09-05T05:30:34.835659+00:00,174996062000000,174996109000000,24.516000000,online_inference,3,0,2089,2087,0.101242732000,0.098174770425,76,7.6,27,1,2697,2702,0.967941877156,0.975611781095,75,7.5,26,1,2515,2507,0.701029220064,0.688757373761,76,7.6,27,1,2725,2723,0.995553531338,0.992485569762,75,7.5,27,0,2072,2067,0.009203884727,0.001533980788,75,7.5,26,0
370,2026-09-05T05:30:34.927723+00:00,174996125000000,174996203000000,24.610000000,online_inference,3,0,2089,2087,0.101242732000,0.098174770425,76,7.6,27,1,2697,2702,0.967941877156,0.975611781095,75,7.5,25,1,2515,2507,0.701029220064,0.688757373761,76,7.6,27,0,2725,2723,0.995553531338,0.992485569762,75,7.5,27,1,2072,2067,0.009203884727,0.001533980788,75,7.5,26,1
371,2026-09-05T05:30:35.012411+00:00,174996218000000,174996281000000,24.688000000,online_inference,3,0,2089,2087,0.101242732000,0.098174770425,76,7.6,27,1,2697,2702,0.967941877156,0.975611781095,75,7.5,26,0,2515,2507,0.701029220064,0.688757373761,76,7.6,27,1,2725,2723,0.995553531338,0.992485569762,75,7.5,27,0,2072,2067,0.009203884727,0.001533980788,75,7.5,26,0
372,2026-09-05T05:30:35.103349+00:00,174996296000000,174996375000000,24.782000000,online_inference,3,0,2089,2087,0.101242732000,0.098174770425,76,7.6,27,0,2697,2702,0.967941877156,0.975611781095,75,7.5,25,1,2515,2507,0.701029220064,0.688757373761,76,7.6,27,1,2725,2723,0.995553531338,0.992485569762,75,7.5,27,0,2072,2067,0.009203884727,0.001533980788,75,7.5,26,1
373,2026-09-05T05:30:35.200900+00:00,174996390000000,174996468000000,24.875000000,online_inference,3,0,2089,2087,0.101242732000,0.098174770425,76,7.6,27,1,2697,2702,0.967941877156,0.975611781095,75,7.5,25,1,2515,2507,0.701029220064,0.688757373761,76,7.6,27,1,2725,2723,0.995553531338,0.992485569762,75,7.5,27,1,2072,2067,0.009203884727,0.001533980788,75,7.5,26,1
374,2026-09-05T05:30:35.315277+00:00,174996500000000,174996593000000,25.000000000,online_inference,3,0,2089,2087,0.101242732000,0.098174770425,76,7.6,27,0,2697,2702,0.967941877156,0.975611781095,75,7.5,26,1,2515,2507,0.701029220064,0.688757373761,76,7.6,27,0,2725,2723,0.995553531338,0.992485569762,75,7.5,27,0,2072,2067,0.009203884727,0.001533980788,75,7.5,26,1
375,2026-09-05T05:30:35.415474+00:00,174996609000000,174996687000000,25.094000000,online_inference,3,0,2089,2087,0.101242732000,0.098174770425,76,7.6,27,1,2697,2702,0.967941877156,0.975611781095,75,7.5,26,1,2515,2507,0.701029220064,0.688757373761,76,7.6,27,2,2725,2723,0.995553531338,0.992485569762,75,7.5,27,1,2072,2067,0.009203884727,0.001533980788,75,7.5,26,1
376,2026-09-05T05:30:35.511423+00:00,174996703000000,174996781000000,25.188000000,online_inference,3,0,2089,2087,0.101242732000,0.098174770425,76,7.6,27,0,2697,2702,0.967941877156,0.975611781095,75,7.5,25,0,2515,2507,0.701029220064,0.688757373761,76,7.6,27,1,2725,2723,0.995553531338,0.992485569762,75,7.5,27,0,2072,2067,0.009203884727,0.001533980788,75,7.5,26,1
377,2026-09-05T05:30:35.597931+00:00,174996796000000,174996875000000,25.282000000,online_inference,3,0,2089,2087,0.101242732000,0.098174770425,76,7.6,27,1,2697,2702,0.967941877156,0.975611781095,75,7.5,25,1,2515,2507,0.701029220064,0.688757373761,76,7.6,27,2,2725,2723,0.995553531338,0.992485569762,75,7.5,27,1,2072,2067,0.009203884727,0.001533980788,75,7.5,26,1
378,2026-09-05T05:30:35.691709+00:00,174996890000000,174996968000000,25.375000000,online_inference,3,0,2089,2087,0.101242732000,0.098174770425,76,7.6,27,1,2697,2702,0.967941877156,0.975611781095,75,7.5,26,0,2515,2507,0.701029220064,0.688757373761,76,7.6,27,1,2725,2723,0.995553531338,0.992485569762,75,7.5,27,1,2072,2067,0.009203884727,0.001533980788,75,7.5,26,1
379,2026-09-05T05:30:35.794770+00:00,174996984000000,174997062000000,25.469000000,online_inference,3,0,2089,2087,0.101242732000,0.098174770425,76,7.6,27,1,2697,2702,0.967941877156,0.975611781095,75,7.5,26,1,2515,2507,0.701029220064,0.688757373761,76,7.6,27,1,2725,2723,0.995553531338,0.992485569762,75,7.5,27,1,2072,2067,0.009203884727,0.001533980788,76,7.6,26,1
380,2026-09-05T05:30:35.923756+00:00,174997109000000,174997203000000,25.610000000,online_inference,3,0,2089,2087,0.101242732000,0.098174770425,76,7.6,27,1,2697,2702,0.967941877156,0.975611781095,75,7.5,25,1,2515,2507,0.701029220064,0.688757373761,76,7.6,27,1,2725,2723,0.995553531338,0.992485569762,75,7.5,27,1,2072,2067,0.009203884727,0.001533980788,75,7.5,26,1
381,2026-09-05T05:30:36.011413+00:00,174997218000000,174997281000000,25.688000000,online_inference,3,0,2089,2087,0.101242732000,0.098174770425,76,7.6,27,0,2697,2702,0.967941877156,0.975611781095,75,7.5,25,0,2515,2507,0.701029220064,0.688757373761,76,7.6,27,1,2725,2723,0.995553531338,0.992485569762,75,7.5,27,0,2072,2067,0.009203884727,0.001533980788,75,7.5,26,1
382,2026-09-05T05:30:36.099062+00:00,174997296000000,174997375000000,25.782000000,online_inference,3,0,2089,2087,0.101242732000,0.098174770425,76,7.6,27,0,2697,2702,0.967941877156,0.975611781095,75,7.5,26,1,2515,2507,0.701029220064,0.688757373761,75,7.5,27,1,2725,2723,0.995553531338,0.992485569762,75,7.5,27,1,2072,2067,0.009203884727,0.001533980788,75,7.5,26,1
383,2026-09-05T05:30:36.173704+00:00,174997390000000,174997453000000,25.860000000,online_inference,3,0,2089,2087,0.101242732000,0.098174770425,76,7.6,27,1,2697,2702,0.967941877156,0.975611781095,75,7.5,26,1,2515,2507,0.701029220064,0.688757373761,76,7.6,27,1,2725,2723,0.995553531338,0.992485569762,75,7.5,27,0,2072,2067,0.009203884727,0.001533980788,75,7.5,26,0
384,2026-09-05T05:30:36.252208+00:00,174997468000000,174997531000000,25.938000000,online_inference,3,0,2089,2087,0.101242732000,0.098174770425,76,7.6,27,0,2697,2702,0.967941877156,0.975611781095,75,7.5,25,1,2515,2507,0.701029220064,0.688757373761,76,7.6,27,2,2725,2723,0.995553531338,0.992485569762,75,7.5,27,1,2072,2067,0.009203884727,0.001533980788,75,7.5,26,1
385,2026-09-05T05:30:36.338485+00:00,174997546000000,174997609000000,26.016000000,online_inference,3,0,2089,2087,0.101242732000,0.098174770425,76,7.6,27,1,2697,2702,0.967941877156,0.975611781095,75,7.5,25,1,2515,2507,0.701029220064,0.688757373761,76,7.6,27,1,2725,2723,0.995553531338,0.992485569762,75,7.5,27,0,2072,2067,0.009203884727,0.001533980788,76,7.6,26,1
386,2026-09-05T05:30:36.433904+00:00,174997640000000,174997703000000,26.110000000,online_inference,3,0,2089,2087,0.101242732000,0.098174770425,76,7.6,27,1,2697,2702,0.967941877156,0.975611781095,75,7.5,25,1,2515,2507,0.701029220064,0.688757373761,76,7.6,27,1,2725,2723,0.995553531338,0.992485569762,75,7.5,27,1,2072,2067,0.009203884727,0.001533980788,75,7.5,26,0
387,2026-09-05T05:30:36.510411+00:00,174997718000000,174997781000000,26.188000000,online_inference,3,0,2089,2087,0.101242732000,0.098174770425,76,7.6,27,0,2697,2702,0.967941877156,0.975611781095,75,7.5,25,1,2515,2507,0.701029220064,0.688757373761,76,7.6,27,1,2725,2723,0.995553531338,0.992485569762,75,7.5,27,0,2072,2067,0.009203884727,0.001533980788,75,7.5,26,1
388,2026-09-05T05:30:36.579944+00:00,174997796000000,174997859000000,26.266000000,online_inference,3,0,2089,2087,0.101242732000,0.098174770425,76,7.6,27,1,2697,2702,0.967941877156,0.975611781095,75,7.5,25,1,2515,2507,0.701029220064,0.688757373761,75,7.5,27,1,2725,2723,0.995553531338,0.992485569762,75,7.5,27,1,2072,2067,0.009203884727,0.001533980788,75,7.5,26,1
389,2026-09-05T05:30:36.651162+00:00,174997875000000,174997921000000,26.328000000,online_inference,3,0,2089,2087,0.101242732000,0.098174770425,76,7.6,27,1,2697,2702,0.967941877156,0.975611781095,75,7.5,25,1,2515,2507,0.701029220064,0.688757373761,76,7.6,27,1,2725,2723,0.995553531338,0.992485569762,75,7.5,27,0,2072,2067,0.009203884727,0.001533980788,75,7.5,26,1
390,2026-09-05T05:30:36.723238+00:00,174997937000000,174998000000000,26.407000000,online_inference,3,0,2089,2087,0.101242732000,0.098174770425,76,7.6,27,0,2697,2702,0.967941877156,0.975611781095,75,7.5,26,1,2515,2507,0.701029220064,0.688757373761,76,7.6,27,1,2725,2723,0.995553531338,0.992485569762,75,7.5,27,1,2072,2067,0.009203884727,0.001533980788,75,7.5,26,1
391,2026-09-05T05:30:36.790425+00:00,174998015000000,174998062000000,26.469000000,online_inference,3,0,2089,2087,0.101242732000,0.098174770425,76,7.6,27,0,2697,2702,0.967941877156,0.975611781095,75,7.5,25,1,2515,2507,0.701029220064,0.688757373761,76,7.6,27,1,2725,2723,0.995553531338,0.992485569762,75,7.5,27,1,2072,2067,0.009203884727,0.001533980788,75,7.5,26,1
392,2026-09-05T05:30:36.874880+00:00,174998078000000,174998156000000,26.563000000,online_inference,3,0,2089,2087,0.101242732000,0.098174770425,76,7.6,27,1,2697,2702,0.967941877156,0.975611781095,75,7.5,26,0,2515,2507,0.701029220064,0.688757373761,76,7.6,27,1,2725,2723,0.995553531338,0.992485569762,75,7.5,27,1,2072,2067,0.009203884727,0.001533980788,75,7.5,26,1
393,2026-09-05T05:30:36.981967+00:00,174998171000000,174998250000000,26.657000000,online_inference,3,0,2089,2087,0.101242732000,0.098174770425,76,7.6,27,0,2697,2702,0.967941877156,0.975611781095,75,7.5,25,0,2515,2507,0.701029220064,0.688757373761,76,7.6,27,1,2725,2723,0.995553531338,0.992485569762,75,7.5,27,1,2072,2067,0.009203884727,0.001533980788,75,7.5,26,0
394,2026-09-05T05:30:37.054893+00:00,174998265000000,174998328000000,26.735000000,online_inference,3,0,2089,2087,0.101242732000,0.098174770425,76,7.6,27,1,2697,2702,0.967941877156,0.975611781095,75,7.5,26,1,2515,2507,0.701029220064,0.688757373761,76,7.6,27,1,2725,2723,0.995553531338,0.992485569762,75,7.5,27,0,2072,2067,0.009203884727,0.001533980788,75,7.5,26,1
395,2026-09-05T05:30:37.143453+00:00,174998343000000,174998421000000,26.828000000,online_inference,3,0,2089,2087,0.101242732000,0.098174770425,76,7.6,27,1,2697,2702,0.967941877156,0.975611781095,75,7.5,26,0,2515,2507,0.701029220064,0.688757373761,76,7.6,27,1,2725,2723,0.995553531338,0.992485569762,75,7.5,27,1,2072,2067,0.009203884727,0.001533980788,75,7.5,26,1
396,2026-09-05T05:30:37.223205+00:00,174998437000000,174998500000000,26.907000000,online_inference,3,0,2089,2087,0.101242732000,0.098174770425,76,7.6,27,1,2697,2702,0.967941877156,0.975611781095,75,7.5,25,0,2515,2507,0.701029220064,0.688757373761,76,7.6,27,1,2725,2723,0.995553531338,0.992485569762,75,7.5,27,1,2072,2067,0.009203884727,0.001533980788,75,7.5,26,1
397,2026-09-05T05:30:37.317422+00:00,174998515000000,174998593000000,27.000000000,online_inference,3,0,2089,2087,0.101242732000,0.098174770425,76,7.6,27,1,2697,2702,0.967941877156,0.975611781095,75,7.5,25,1,2515,2507,0.701029220064,0.688757373761,76,7.6,27,1,2725,2723,0.995553531338,0.992485569762,75,7.5,27,1,2072,2067,0.009203884727,0.001533980788,75,7.5,26,1
398,2026-09-05T05:30:37.409163+00:00,174998609000000,174998687000000,27.094000000,online_inference,3,0,2089,2087,0.101242732000,0.098174770425,76,7.6,27,0,2697,2702,0.967941877156,0.975611781095,75,7.5,25,1,2515,2507,0.701029220064,0.688757373761,76,7.6,27,1,2725,2723,0.995553531338,0.992485569762,75,7.5,27,0,2072,2067,0.009203884727,0.001533980788,75,7.5,26,1
399,2026-09-05T05:30:37.543993+00:00,174998718000000,174998812000000,27.219000000,online_inference,3,0,2089,2087,0.101242732000,0.098174770425,76,7.6,27,1,2697,2702,0.967941877156,0.975611781095,75,7.5,25,1,2515,2507,0.701029220064,0.688757373761,76,7.6,27,1,2725,2723,0.995553531338,0.992485569762,75,7.5,27,0,2072,2067,0.009203884727,0.001533980788,76,7.6,26,1
400,2026-09-05T05:30:37.639992+00:00,174998828000000,174998921000000,27.328000000,online_inference,3,0,2089,2087,0.101242732000,0.098174770425,76,7.6,27,1,2697,2702,0.967941877156,0.975611781095,75,7.5,25,1,2515,2507,0.701029220064,0.688757373761,76,7.6,27,2,2725,2723,0.995553531338,0.992485569762,75,7.5,27,1,2072,2067,0.009203884727,0.001533980788,75,7.5,26,0
401,2026-09-05T05:30:37.741748+00:00,174998937000000,174999015000000,27.422000000,online_inference,3,0,2089,2087,0.101242732000,0.098174770425,76,7.6,27,1,2697,2702,0.967941877156,0.975611781095,75,7.5,26,1,2515,2507,0.701029220064,0.688757373761,76,7.6,27,1,2725,2723,0.995553531338,0.992485569762,75,7.5,27,1,2072,2067,0.009203884727,0.001533980788,75,7.5,26,1
402,2026-09-05T05:30:37.833516+00:00,174999031000000,174999109000000,27.516000000,online_inference,3,0,2089,2087,0.101242732000,0.098174770425,76,7.6,27,1,2697,2702,0.967941877156,0.975611781095,75,7.5,25,1,2515,2507,0.701029220064,0.688757373761,76,7.6,27,1,2725,2723,0.995553531338,0.992485569762,75,7.5,27,0,2072,2067,0.009203884727,0.001533980788,75,7.5,26,1
403,2026-09-05T05:30:37.928195+00:00,174999125000000,174999203000000,27.610000000,online_inference,3,0,2089,2087,0.101242732000,0.098174770425,76,7.6,27,0,2697,2702,0.967941877156,0.975611781095,75,7.5,25,1,2515,2507,0.701029220064,0.688757373761,76,7.6,27,1,2725,2723,0.995553531338,0.992485569762,75,7.5,27,1,2072,2067,0.009203884727,0.001533980788,75,7.5,26,1
404,2026-09-05T05:30:38.044571+00:00,174999250000000,174999312000000,27.719000000,online_inference,3,0,2089,2087,0.101242732000,0.098174770425,76,7.6,27,0,2697,2702,0.967941877156,0.975611781095,75,7.5,26,1,2515,2507,0.701029220064,0.688757373761,76,7.6,27,1,2725,2723,0.995553531338,0.992485569762,75,7.5,27,1,2072,2067,0.009203884727,0.001533980788,75,7.5,26,1
405,2026-09-05T05:30:38.131682+00:00,174999328000000,174999406000000,27.813000000,online_inference,3,0,2089,2087,0.101242732000,0.098174770425,76,7.6,27,0,2697,2702,0.967941877156,0.975611781095,75,7.5,25,1,2515,2507,0.701029220064,0.688757373761,76,7.6,27,2,2725,2723,0.995553531338,0.992485569762,75,7.5,27,0,2072,2067,0.009203884727,0.001533980788,75,7.5,26,1
406,2026-09-05T05:30:38.214359+00:00,174999421000000,174999484000000,27.891000000,online_inference,3,0,2089,2087,0.101242732000,0.098174770425,76,7.6,27,1,2697,2702,0.967941877156,0.975611781095,75,7.5,26,1,2515,2507,0.701029220064,0.688757373761,76,7.6,27,1,2725,2723,0.995553531338,0.992485569762,75,7.5,27,1,2072,2067,0.009203884727,0.001533980788,75,7.5,26,0
407,2026-09-05T05:30:38.301635+00:00,174999500000000,174999578000000,27.985000000,online_inference,3,0,2089,2087,0.101242732000,0.098174770425,76,7.6,27,1,2697,2702,0.967941877156,0.975611781095,75,7.5,26,0,2515,2507,0.701029220064,0.688757373761,76,7.6,27,1,2725,2723,0.995553531338,0.992485569762,75,7.5,27,0,2072,2067,0.009203884727,0.001533980788,75,7.5,26,1
408,2026-09-05T05:30:38.388857+00:00,174999593000000,174999656000000,28.063000000,online_inference,3,0,2089,2087,0.101242732000,0.098174770425,76,7.6,27,1,2697,2702,0.967941877156,0.975611781095,75,7.5,26,1,2515,2507,0.701029220064,0.688757373761,76,7.6,27,2,2725,2723,0.995553531338,0.992485569762,75,7.5,27,0,2072,2067,0.009203884727,0.001533980788,75,7.5,26,1
409,2026-09-05T05:30:38.469599+00:00,174999671000000,174999750000000,28.157000000,online_inference,3,0,2089,2087,0.101242732000,0.098174770425,76,7.6,27,1,2697,2702,0.967941877156,0.975611781095,75,7.5,26,1,2515,2507,0.701029220064,0.688757373761,76,7.6,27,1,2725,2723,0.995553531338,0.992485569762,75,7.5,27,1,2072,2067,0.009203884727,0.001533980788,76,7.6,26,0
410,2026-09-05T05:30:38.560712+00:00,174999765000000,174999828000000,28.235000000,online_inference,3,0,2089,2087,0.101242732000,0.098174770425,76,7.6,27,1,2697,2702,0.967941877156,0.975611781095,75,7.5,25,0,2515,2507,0.701029220064,0.688757373761,76,7.6,27,1,2725,2723,0.995553531338,0.992485569762,75,7.5,27,1,2072,2067,0.009203884727,0.001533980788,76,7.6,26,0
411,2026-09-05T05:30:38.627129+00:00,174999843000000,174999906000000,28.313000000,online_inference,3,0,2089,2087,0.101242732000,0.098174770425,76,7.6,27,1,2697,2702,0.967941877156,0.975611781095,75,7.5,25,1,2515,2507,0.701029220064,0.688757373761,76,7.6,27,1,2725,2723,0.995553531338,0.992485569762,75,7.5,27,1,2072,2067,0.009203884727,0.001533980788,75,7.5,26,0
412,2026-09-05T05:30:38.707862+00:00,174999921000000,174999984000000,28.391000000,online_archive,3,0,2089,2087,0.101242732000,0.098174770425,76,7.6,27,1,2697,2702,0.967941877156,0.975611781095,75,7.5,25,1,2515,2507,0.701029220064,0.688757373761,76,7.6,27,1,2725,2723,0.995553531338,0.992485569762,75,7.5,27,1,2072,2067,0.009203884727,0.001533980788,75,7.5,26,1
413,2026-09-05T05:30:38.772582+00:00,175000000000000,175000046000000,28.453000000,online_archive,3,0,2089,2087,0.101242732000,0.098174770425,76,7.6,27,1,2697,2702,0.967941877156,0.975611781095,75,7.5,26,1,2515,2507,0.701029220064,0.688757373761,76,7.6,27,1,2725,2723,0.995553531338,0.992485569762,75,7.5,27,1,2072,2067,0.009203884727,0.001533980788,75,7.5,26,1
414,2026-09-05T05:30:38.884779+00:00,175000109000000,175000156000000,28.563000000,fixed_trajectory,3,0,2089,2087,0.101242732000,0.098174770425,76,7.6,27,1,2697,2702,0.967941877156,0.975611781095,75,7.5,26,1,2515,2507,0.701029220064,0.688757373761,76,7.6,27,1,2725,2723,0.995553531338,0.992485569762,75,7.5,27,1,2072,2067,0.009203884727,0.001533980788,75,7.5,26,1
415,2026-09-05T05:30:38.952843+00:00,175000171000000,175000234000000,28.641000000,fixed_trajectory,3,0,2089,2087,0.101242732000,0.098174770425,76,7.6,27,0,2697,2703,0.967941877156,0.977145761883,75,7.5,25,1,2515,2506,0.701029220064,0.687223392973,76,7.6,27,1,2725,2723,0.995553531338,0.992485569762,75,7.5,27,0,2072,2067,0.009203884727,0.001533980788,75,7.5,26,1
416,2026-09-05T05:30:39.026225+00:00,175000250000000,175000296000000,28.703000000,fixed_trajectory,3,0,2089,2087,0.101242732000,0.098174770425,76,7.6,27,0,2697,2703,0.967941877156,0.977145761883,75,7.5,26,1,2513,2505,0.697961258488,0.685689412185,76,7.6,27,1,2725,2723,0.995553531338,0.992485569762,75,7.5,27,0,2072,2067,0.009203884727,0.001533980788,76,7.6,26,0
417,2026-09-05T05:30:39.233964+00:00,175000468000000,175000515000000,28.922000000,fixed_trajectory,3,0,2089,2087,0.101242732000,0.098174770425,76,7.6,27,1,2698,2704,0.969475857944,0.978679742671,75,7.5,25,1,2510,2504,0.693359316124,0.684155431397,76,7.6,27,1,2725,2723,0.995553531338,0.992485569762,75,7.5,27,0,2072,2067,0.009203884727,0.001533980788,75,7.5,26,1
418,2026-09-05T05:30:39.298053+00:00,175000531000000,175000578000000,28.985000000,fixed_trajectory,3,0,2089,2087,0.101242732000,0.098174770425,76,7.6,27,0,2698,2705,0.969475857944,0.980213723459,75,7.5,26,1,2510,2503,0.693359316124,0.682621450609,76,7.6,27,2,2725,2723,0.995553531338,0.992485569762,75,7.5,27,1,2072,2067,0.009203884727,0.001533980788,75,7.5,26,1
419,2026-09-05T05:30:39.350196+00:00,175000593000000,175000625000000,29.032000000,fixed_trajectory,3,0,2089,2087,0.101242732000,0.098174770425,76,7.6,27,0,2698,2705,0.969475857944,0.980213723459,75,7.5,25,1,2510,2502,0.693359316124,0.681087469821,76,7.6,27,1,2725,2723,0.995553531338,0.992485569762,75,7.5,27,1,2072,2067,0.009203884727,0.001533980788,76,7.6,26,1
420,2026-09-05T05:30:39.414806+00:00,175000640000000,175000687000000,29.094000000,fixed_trajectory,3,0,2089,2087,0.101242732000,0.098174770425,76,7.6,27,1,2698,2706,0.969475857944,0.981747704247,75,7.5,25,1,2510,2501,0.693359316124,0.679553489033,76,7.6,27,1,2725,2723,0.995553531338,0.992485569762,75,7.5,27,0,2072,2067,0.009203884727,0.001533980788,75,7.5,26,2
421,2026-09-05T05:30:39.464438+00:00,175000703000000,175000734000000,29.141000000,fixed_trajectory,3,0,2089,2087,0.101242732000,0.098174770425,76,7.6,27,0,2698,2707,0.969475857944,0.983281685035,75,7.5,25,2,2510,2500,0.693359316124,0.678019508245,75,7.5,27,2,2725,2723,0.995553531338,0.992485569762,75,7.5,27,1,2072,2067,0.009203884727,0.001533980788,75,7.5,26,1
422,2026-09-05T05:30:39.522519+00:00,175000750000000,175000796000000,29.203000000,fixed_trajectory,3,0,2089,2087,0.101242732000,0.098174770425,76,7.6,27,1,2698,2707,0.969475857944,0.983281685035,75,7.5,25,1,2510,2499,0.693359316124,0.676485527458,76,7.6,27,2,2725,2723,0.995553531338,0.992485569762,75,7.5,27,1,2072,2067,0.009203884727,0.001533980788,75,7.5,26,1
423,2026-09-05T05:30:39.580664+00:00,175000812000000,175000859000000,29.266000000,fixed_trajectory,3,0,2089,2087,0.101242732000,0.098174770425,76,7.6,27,0,2698,2708,0.969475857944,0.984815665823,75,7.5,26,2,2510,2498,0.693359316124,0.674951546670,76,7.6,27,2,2725,2723,0.995553531338,0.992485569762,75,7.5,27,0,2072,2067,0.009203884727,0.001533980788,75,7.5,26,1
424,2026-09-05T05:30:39.653369+00:00,175000875000000,175000921000000,29.328000000,fixed_trajectory,3,0,2089,2087,0.101242732000,0.098174770425,76,7.6,27,1,2700,2709,0.972543819519,0.986349646610,75,7.5,26,2,2506,2497,0.687223392973,0.673417565882,76,7.6,27,0,2725,2723,0.995553531338,0.992485569762,75,7.5,27,1,2072,2067,0.009203884727,0.001533980788,75,7.5,26,1
425,2026-09-05T05:30:39.700613+00:00,175000937000000,175000968000000,29.375000000,fixed_trajectory,3,0,2089,2087,0.101242732000,0.098174770425,76,7.6,27,1,2702,2709,0.975611781095,0.986349646610,75,7.5,26,1,2504,2496,0.684155431397,0.671883585094,75,7.5,27,2,2725,2723,0.995553531338,0.992485569762,75,7.5,27,0,2072,2067,0.009203884727,0.001533980788,75,7.5,26,1
426,2026-09-05T05:30:39.901497+00:00,175001125000000,175001171000000,29.578000000,fixed_trajectory,3,0,2089,2087,0.101242732000,0.098174770425,76,7.6,27,1,2703,2710,0.977145761883,0.987883627398,75,7.5,26,1,2502,2495,0.681087469821,0.670349604306,76,7.6,27,1,2725,2723,0.995553531338,0.992485569762,75,7.5,27,1,2072,2067,0.009203884727,0.001533980788,75,7.5,26,1
427,2026-09-05T05:30:39.951666+00:00,175001187000000,175001234000000,29.641000000,fixed_trajectory,3,0,2089,2087,0.101242732000,0.098174770425,76,7.6,27,1,2703,2711,0.977145761883,0.989417608186,75,7.5,25,1,2502,2494,0.681087469821,0.668815623518,76,7.6,27,2,2725,2723,0.995553531338,0.992485569762,75,7.5,27,0,2072,2067,0.009203884727,0.001533980788,75,7.5,26,0
428,2026-09-05T05:30:40.012320+00:00,175001250000000,175001281000000,29.688000000,fixed_trajectory,3,0,2089,2087,0.101242732000,0.098174770425,76,7.6,28,0,2703,2711,0.977145761883,0.989417608186,75,7.5,25,2,2502,2493,0.681087469821,0.667281642730,75,7.5,27,2,2725,2723,0.995553531338,0.992485569762,75,7.5,27,1,2072,2067,0.009203884727,0.001533980788,76,7.6,26,1
429,2026-09-05T05:30:40.066076+00:00,175001296000000,175001343000000,29.750000000,fixed_trajectory,3,0,2089,2087,0.101242732000,0.098174770425,76,7.6,27,1,2703,2712,0.977145761883,0.990951588974,75,7.5,25,1,2502,2492,0.681087469821,0.665747661942,76,7.6,27,1,2725,2723,0.995553531338,0.992485569762,75,7.5,27,0,2072,2067,0.009203884727,0.001533980788,75,7.5,26,0
430,2026-09-05T05:30:40.134509+00:00,175001359000000,175001406000000,29.813000000,fixed_trajectory,3,0,2089,2087,0.101242732000,0.098174770425,76,7.6,27,1,2703,2713,0.977145761883,0.992485569762,75,7.5,26,1,2502,2491,0.681087469821,0.664213681154,76,7.6,27,2,2725,2723,0.995553531338,0.992485569762,75,7.5,27,1,2072,2067,0.009203884727,0.001533980788,75,7.5,26,1
431,2026-09-05T05:30:40.189924+00:00,175001421000000,175001468000000,29.875000000,fixed_trajectory,3,0,2089,2087,0.101242732000,0.098174770425,76,7.6,27,1,2704,2714,0.978679742671,0.994019550550,75,7.5,25,1,2501,2490,0.679553489033,0.662679700367,76,7.6,27,1,2725,2723,0.995553531338,0.992485569762,75,7.5,27,1,2072,2066,0.009203884727,0.000000000000,75,7.5,26,1
432,2026-09-05T05:30:40.253964+00:00,175001484000000,175001531000000,29.938000000,fixed_trajectory,3,0,2089,2087,0.101242732000,0.098174770425,76,7.6,27,1,2707,2714,0.983281685035,0.994019550550,75,7.5,25,1,2496,2489,0.671883585094,0.661145719579,76,7.6,27,1,2725,2723,0.995553531338,0.992485569762,75,7.5,27,1,2072,2066,0.009203884727,0.000000000000,75,7.5,26,1
433,2026-09-05T05:30:40.309780+00:00,175001546000000,175001578000000,29.985000000,fixed_trajectory,3,0,2089,2087,0.101242732000,0.098174770425,76,7.6,27,1,2710,2715,0.987883627398,0.995553531338,75,7.5,25,0,2494,2488,0.668815623518,0.659611738791,76,7.6,27,0,2725,2723,0.995553531338,0.992485569762,75,7.5,27,1,2072,2066,0.009203884727,0.000000000000,76,7.6,26,1
434,2026-09-05T05:30:40.362231+00:00,175001593000000,175001640000000,30.047000000,fixed_trajectory,3,0,2089,2087,0.101242732000,0.098174770425,76,7.6,27,0,2710,2716,0.987883627398,0.997087512126,75,7.5,25,1,2492,2487,0.665747661942,0.658077758003,76,7.6,27,0,2725,2723,0.995553531338,0.992485569762,75,7.5,27,1,2072,2066,0.009203884727,0.000000000000,75,7.5,26,1
435,2026-09-05T05:30:40.431400+00:00,175001656000000,175001703000000,30.110000000,fixed_trajectory,3,0,2089,2087,0.101242732000,0.098174770425,76,7.6,27,1,2710,2716,0.987883627398,0.997087512126,75,7.5,26,0,2492,2486,0.665747661942,0.656543777215,76,7.6,27,0,2725,2723,0.995553531338,0.992485569762,75,7.5,27,1,2072,2066,0.009203884727,0.000000000000,75,7.5,26,1
436,2026-09-05T05:30:40.481315+00:00,175001718000000,175001750000000,30.157000000,fixed_trajectory,3,0,2089,2087,0.101242732000,0.098174770425,76,7.6,27,1,2710,2717,0.987883627398,0.998621492914,75,7.5,25,1,2492,2485,0.665747661942,0.655009796427,76,7.6,27,1,2725,2723,0.995553531338,0.992485569762,75,7.5,27,1,2072,2066,0.009203884727,0.000000000000,75,7.5,26,1
437,2026-09-05T05:30:40.540093+00:00,175001765000000,175001812000000,30.219000000,fixed_trajectory,3,0,2089,2087,0.101242732000,0.098174770425,76,7.6,27,1,2710,2718,0.987883627398,1.000155473701,75,7.5,26,1,2492,2484,0.665747661942,0.653475815639,76,7.6,27,1,2725,2723,0.995553531338,0.992485569762,75,7.5,27,0,2072,2066,0.009203884727,0.000000000000,75,7.5,26,0
438,2026-09-05T05:30:40.590326+00:00,175001828000000,175001859000000,30.266000000,fixed_trajectory,3,0,2089,2087,0.101242732000,0.098174770425,76,7.6,27,1,2710,2718,0.987883627398,1.000155473701,75,7.5,25,2,2492,2483,0.665747661942,0.651941834851,75,7.5,27,1,2725,2723,0.995553531338,0.992485569762,75,7.5,27,1,2073,2066,0.010737865515,0.000000000000,75,7.5,26,1
439,2026-09-05T05:30:40.640483+00:00,175001875000000,175001921000000,30.328000000,fixed_trajectory,3,0,2089,2087,0.101242732000,0.098174770425,76,7.6,27,1,2710,2719,0.987883627398,1.001689454489,75,7.5,25,1,2492,2482,0.665747661942,0.650407854064,76,7.6,27,2,2725,2723,0.995553531338,0.992485569762,75,7.5,27,1,2073,2066,0.010737865515,0.000000000000,75,7.5,26,1
440,2026-09-05T05:30:40.705378+00:00,175001937000000,175001984000000,30.391000000,fixed_trajectory,3,0,2089,2087,0.101242732000,0.098174770425,76,7.6,27,0,2710,2720,0.987883627398,1.003223435277,75,7.5,26,2,2492,2481,0.665747661942,0.648873873276,76,7.6,27,2,2725,2723,0.995553531338,0.992485569762,75,7.5,27,0,2073,2066,0.010737865515,0.000000000000,76,7.6,26,1
441,2026-09-05T05:30:40.771662+00:00,175002000000000,175002046000000,30.453000000,fixed_trajectory,3,0,2089,2087,0.101242732000,0.098174770425,76,7.6,27,1,2712,2720,0.990951588974,1.003223435277,75,7.5,25,1,2492,2480,0.665747661942,0.647339892488,76,7.6,27,1,2725,2723,0.995553531338,0.992485569762,75,7.5,27,1,2073,2066,0.010737865515,0.000000000000,76,7.6,26,1
442,2026-09-05T05:30:40.826551+00:00,175002062000000,175002109000000,30.516000000,fixed_trajectory,3,0,2089,2087,0.101242732000,0.098174770425,76,7.6,27,1,2713,2721,0.992485569762,1.004757416065,75,7.5,26,1,2486,2479,0.656543777215,0.645805911700,76,7.6,27,1,2725,2723,0.995553531338,0.992485569762,75,7.5,27,0,2073,2066,0.010737865515,0.000000000000,75,7.5,26,1
443,2026-09-05T05:30:40.893760+00:00,175002125000000,175002171000000,30.578000000,fixed_trajectory,3,0,2089,2087,0.101242732000,0.098174770425,76,7.6,27,1,2715,2722,0.995553531338,1.006291396853,75,7.5,26,1,2485,2478,0.655009796427,0.644271930912,76,7.6,27,1,2725,2723,0.995553531338,0.992485569762,75,7.5,27,0,2073,2066,0.010737865515,0.000000000000,75,7.5,26,1
444,2026-09-05T05:30:40.970156+00:00,175002187000000,175002250000000,30.657000000,fixed_trajectory,3,0,2089,2087,0.101242732000,0.098174770425,76,7.6,27,1,2715,2722,0.995553531338,1.006291396853,75,7.5,25,1,2485,2477,0.655009796427,0.642737950124,76,7.6,27,2,2725,2723,0.995553531338,0.992485569762,75,7.5,27,1,2073,2066,0.010737865515,0.000000000000,75,7.5,26,1
445,2026-09-05T05:30:41.039124+00:00,175002265000000,175002312000000,30.719000000,fixed_trajectory,3,0,2089,2087,0.101242732000,0.098174770425,76,7.6,27,1,2715,2723,0.995553531338,1.007825377641,75,7.5,25,2,2485,2476,0.655009796427,0.641203969336,76,7.6,27,2,2725,2723,0.995553531338,0.992485569762,75,7.5,27,0,2073,2066,0.010737865515,0.000000000000,75,7.5,26,1
446,2026-09-05T05:30:41.095161+00:00,175002328000000,175002375000000,30.782000000,fixed_trajectory,3,0,2089,2087,0.101242732000,0.098174770425,76,7.6,27,0,2715,2724,0.995553531338,1.009359358429,75,7.5,25,1,2485,2475,0.655009796427,0.639669988548,76,7.6,27,2,2725,2723,0.995553531338,0.992485569762,75,7.5,27,0,2073,2066,0.010737865515,0.000000000000,75,7.5,26,1
447,2026-09-05T05:30:41.170030+00:00,175002390000000,175002437000000,30.844000000,fixed_trajectory,3,0,2089,2087,0.101242732000,0.098174770425,76,7.6,27,1,2715,2724,0.995553531338,1.009359358429,75,7.5,25,1,2484,2474,0.653475815639,0.638136007760,76,7.6,27,1,2725,2723,0.995553531338,0.992485569762,75,7.5,27,1,2073,2066,0.010737865515,0.000000000000,75,7.5,26,1
448,2026-09-05T05:30:41.226502+00:00,175002453000000,175002500000000,30.907000000,online_observation,3,0,2089,2087,0.101242732000,0.098174770425,76,7.6,27,1,2719,2725,1.001689454489,1.010893339217,75,7.5,25,1,2479,2473,0.645805911700,0.636602026973,76,7.6,27,1,2725,2723,0.995553531338,0.992485569762,75,7.5,27,0,2073,2066,0.010737865515,0.000000000000,75,7.5,26,2
449,2026-09-05T05:30:41.287865+00:00,175002515000000,175002562000000,30.969000000,online_observation,3,0,2089,2087,0.101242732000,0.098174770425,76,7.6,27,0,2719,2725,1.001689454489,1.010893339217,75,7.5,26,1,2478,2473,0.644271930912,0.636602026973,76,7.6,27,1,2725,2723,0.995553531338,0.992485569762,75,7.5,27,0,2073,2066,0.010737865515,0.000000000000,75,7.5,26,1
450,2026-09-05T05:30:41.339234+00:00,175002578000000,175002609000000,31.016000000,online_observation,3,0,2089,2087,0.101242732000,0.098174770425,76,7.6,27,0,2719,2725,1.001689454489,1.010893339217,75,7.5,26,1,2478,2473,0.644271930912,0.636602026973,76,7.6,27,1,2725,2723,0.995553531338,0.992485569762,75,7.5,27,1,2073,2066,0.010737865515,0.000000000000,75,7.5,26,1
451,2026-09-05T05:30:41.388272+00:00,175002625000000,175002656000000,31.063000000,online_observation,3,0,2089,2087,0.101242732000,0.098174770425,76,7.6,27,0,2719,2725,1.001689454489,1.010893339217,75,7.5,26,1,2478,2473,0.644271930912,0.636602026973,76,7.6,27,1,2725,2723,0.995553531338,0.992485569762,75,7.5,27,1,2073,2066,0.010737865515,0.000000000000,75,7.5,26,0
452,2026-09-05T05:30:41.446584+00:00,175002671000000,175002718000000,31.125000000,online_observation,3,0,2089,2087,0.101242732000,0.098174770425,76,7.6,27,1,2719,2725,1.001689454489,1.010893339217,75,7.5,25,1,2478,2473,0.644271930912,0.636602026973,76,7.6,27,1,2725,2723,0.995553531338,0.992485569762,75,7.5,27,0,2073,2066,0.010737865515,0.000000000000,75,7.5,26,0
453,2026-09-05T05:30:41.518479+00:00,175002750000000,175002796000000,31.203000000,online_observation,3,0,2089,2087,0.101242732000,0.098174770425,76,7.6,27,0,2719,2725,1.001689454489,1.010893339217,75,7.5,25,1,2478,2473,0.644271930912,0.636602026973,75,7.5,27,0,2725,2723,0.995553531338,0.992485569762,75,7.5,27,1,2073,2066,0.010737865515,0.000000000000,75,7.5,26,2
454,2026-09-05T05:30:41.578000+00:00,175002812000000,175002859000000,31.266000000,online_observation,3,0,2089,2087,0.101242732000,0.098174770425,76,7.6,27,0,2719,2725,1.001689454489,1.010893339217,75,7.5,26,1,2478,2473,0.644271930912,0.636602026973,76,7.6,27,1,2725,2723,0.995553531338,0.992485569762,75,7.5,27,0,2073,2066,0.010737865515,0.000000000000,75,7.5,26,1
455,2026-09-05T05:30:41.657013+00:00,175002875000000,175002937000000,31.344000000,online_inference,4,0,2089,2087,0.101242732000,0.098174770425,76,7.6,27,1,2719,2725,1.001689454489,1.010893339217,75,7.5,25,1,2478,2473,0.644271930912,0.636602026973,76,7.6,27,1,2725,2723,0.995553531338,0.992485569762,75,7.5,27,0,2073,2066,0.010737865515,0.000000000000,75,7.5,26,1
456,2026-09-05T05:30:41.729864+00:00,175002953000000,175003000000000,31.407000000,online_inference,4,0,2089,2087,0.101242732000,0.098174770425,76,7.6,27,0,2719,2725,1.001689454489,1.010893339217,75,7.5,26,1,2478,2473,0.644271930912,0.636602026973,76,7.6,27,0,2725,2723,0.995553531338,0.992485569762,75,7.5,27,1,2073,2066,0.010737865515,0.000000000000,75,7.5,26,1
457,2026-09-05T05:30:41.790623+00:00,175003015000000,175003062000000,31.469000000,online_inference,4,0,2089,2087,0.101242732000,0.098174770425,76,7.6,27,1,2719,2725,1.001689454489,1.010893339217,75,7.5,25,1,2478,2473,0.644271930912,0.636602026973,76,7.6,27,1,2725,2723,0.995553531338,0.992485569762,75,7.5,27,0,2073,2066,0.010737865515,0.000000000000,75,7.5,26,1
458,2026-09-05T05:30:41.881753+00:00,175003078000000,175003156000000,31.563000000,online_inference,4,0,2089,2087,0.101242732000,0.098174770425,76,7.6,27,1,2719,2725,1.001689454489,1.010893339217,75,7.5,25,1,2478,2473,0.644271930912,0.636602026973,76,7.6,27,1,2725,2723,0.995553531338,0.992485569762,75,7.5,27,1,2073,2066,0.010737865515,0.000000000000,75,7.5,26,2
459,2026-09-05T05:30:41.973274+00:00,175003171000000,175003250000000,31.657000000,online_inference,4,0,2089,2087,0.101242732000,0.098174770425,76,7.6,27,1,2719,2725,1.001689454489,1.010893339217,75,7.5,26,1,2478,2473,0.644271930912,0.636602026973,76,7.6,27,1,2725,2723,0.995553531338,0.992485569762,75,7.5,27,0,2073,2066,0.010737865515,0.000000000000,75,7.5,26,0
460,2026-09-05T05:30:42.104242+00:00,175003281000000,175003375000000,31.782000000,online_inference,4,0,2089,2087,0.101242732000,0.098174770425,76,7.6,27,1,2719,2725,1.001689454489,1.010893339217,75,7.5,26,1,2478,2473,0.644271930912,0.636602026973,76,7.6,27,1,2725,2723,0.995553531338,0.992485569762,75,7.5,27,1,2073,2066,0.010737865515,0.000000000000,75,7.5,26,1
461,2026-09-05T05:30:42.195432+00:00,175003390000000,175003468000000,31.875000000,online_inference,4,0,2089,2087,0.101242732000,0.098174770425,76,7.6,27,1,2719,2725,1.001689454489,1.010893339217,75,7.5,26,1,2478,2473,0.644271930912,0.636602026973,76,7.6,27,1,2725,2723,0.995553531338,0.992485569762,75,7.5,27,0,2073,2066,0.010737865515,0.000000000000,75,7.5,26,1
462,2026-09-05T05:30:42.291200+00:00,175003484000000,175003562000000,31.969000000,online_inference,4,0,2089,2087,0.101242732000,0.098174770425,76,7.6,27,0,2719,2725,1.001689454489,1.010893339217,75,7.5,25,1,2478,2473,0.644271930912,0.636602026973,76,7.6,27,1,2725,2723,0.995553531338,0.992485569762,75,7.5,27,1,2073,2066,0.010737865515,0.000000000000,75,7.5,26,1
463,2026-09-05T05:30:42.385951+00:00,175003578000000,175003656000000,32.063000000,online_inference,4,0,2089,2087,0.101242732000,0.098174770425,76,7.6,27,1,2719,2725,1.001689454489,1.010893339217,75,7.5,25,1,2478,2473,0.644271930912,0.636602026973,76,7.6,27,1,2725,2723,0.995553531338,0.992485569762,75,7.5,27,1,2073,2066,0.010737865515,0.000000000000,76,7.6,26,1
464,2026-09-05T05:30:42.486173+00:00,175003671000000,175003765000000,32.172000000,online_inference,4,0,2089,2087,0.101242732000,0.098174770425,76,7.6,27,0,2719,2725,1.001689454489,1.010893339217,75,7.5,26,1,2478,2473,0.644271930912,0.636602026973,76,7.6,27,1,2725,2723,0.995553531338,0.992485569762,75,7.5,27,0,2073,2066,0.010737865515,0.000000000000,75,7.5,26,1
465,2026-09-05T05:30:42.632127+00:00,175003812000000,175003906000000,32.313000000,online_inference,4,0,2089,2087,0.101242732000,0.098174770425,76,7.6,27,1,2719,2725,1.001689454489,1.010893339217,75,7.5,26,1,2478,2473,0.644271930912,0.636602026973,76,7.6,27,1,2725,2723,0.995553531338,0.992485569762,75,7.5,27,0,2073,2066,0.010737865515,0.000000000000,76,7.6,26,0
466,2026-09-05T05:30:42.728792+00:00,175003921000000,175004000000000,32.407000000,online_inference,4,0,2089,2087,0.101242732000,0.098174770425,76,7.6,27,1,2719,2725,1.001689454489,1.010893339217,75,7.5,25,1,2478,2473,0.644271930912,0.636602026973,76,7.6,27,1,2725,2723,0.995553531338,0.992485569762,75,7.5,27,1,2073,2066,0.010737865515,0.000000000000,75,7.5,26,1
467,2026-09-05T05:30:42.833788+00:00,175004015000000,175004109000000,32.516000000,online_inference,4,0,2089,2087,0.101242732000,0.098174770425,76,7.6,27,1,2719,2725,1.001689454489,1.010893339217,75,7.5,26,1,2478,2473,0.644271930912,0.636602026973,76,7.6,27,1,2725,2723,0.995553531338,0.992485569762,75,7.5,27,1,2073,2066,0.010737865515,0.000000000000,75,7.5,26,1
468,2026-09-05T05:30:42.932013+00:00,175004125000000,175004203000000,32.610000000,online_inference,4,0,2089,2087,0.101242732000,0.098174770425,76,7.6,27,1,2719,2725,1.001689454489,1.010893339217,75,7.5,25,1,2478,2473,0.644271930912,0.636602026973,76,7.6,27,1,2725,2723,0.995553531338,0.992485569762,75,7.5,27,1,2073,2066,0.010737865515,0.000000000000,75,7.5,26,1
469,2026-09-05T05:30:43.008201+00:00,175004218000000,175004281000000,32.688000000,online_inference,4,0,2089,2087,0.101242732000,0.098174770425,76,7.6,27,1,2719,2725,1.001689454489,1.010893339217,75,7.5,25,1,2478,2473,0.644271930912,0.636602026973,76,7.6,27,1,2725,2723,0.995553531338,0.992485569762,75,7.5,27,0,2073,2066,0.010737865515,0.000000000000,75,7.5,26,1
470,2026-09-05T05:30:43.102129+00:00,175004296000000,175004375000000,32.782000000,online_inference,4,0,2089,2087,0.101242732000,0.098174770425,76,7.6,27,1,2719,2725,1.001689454489,1.010893339217,75,7.5,26,1,2478,2473,0.644271930912,0.636602026973,76,7.6,27,1,2725,2723,0.995553531338,0.992485569762,75,7.5,27,0,2073,2066,0.010737865515,0.000000000000,75,7.5,26,1
471,2026-09-05T05:30:43.227376+00:00,175004421000000,175004500000000,32.907000000,online_inference,4,0,2089,2087,0.101242732000,0.098174770425,76,7.6,27,1,2719,2725,1.001689454489,1.010893339217,75,7.5,25,1,2478,2473,0.644271930912,0.636602026973,76,7.6,27,1,2725,2723,0.995553531338,0.992485569762,75,7.5,27,0,2073,2066,0.010737865515,0.000000000000,76,7.6,26,1
472,2026-09-05T05:30:43.317330+00:00,175004515000000,175004593000000,33.000000000,online_inference,4,0,2089,2087,0.101242732000,0.098174770425,76,7.6,27,0,2719,2725,1.001689454489,1.010893339217,75,7.5,25,1,2478,2473,0.644271930912,0.636602026973,76,7.6,27,1,2725,2723,0.995553531338,0.992485569762,75,7.5,27,1,2073,2066,0.010737865515,0.000000000000,75,7.5,26,1
473,2026-09-05T05:30:43.400240+00:00,175004609000000,175004671000000,33.078000000,online_inference,4,0,2089,2087,0.101242732000,0.098174770425,76,7.6,27,1,2719,2725,1.001689454489,1.010893339217,75,7.5,26,1,2478,2473,0.644271930912,0.636602026973,76,7.6,27,1,2725,2723,0.995553531338,0.992485569762,75,7.5,27,1,2073,2066,0.010737865515,0.000000000000,75,7.5,26,1
474,2026-09-05T05:30:43.470188+00:00,175004687000000,175004750000000,33.157000000,online_inference,4,0,2089,2087,0.101242732000,0.098174770425,76,7.6,27,1,2719,2725,1.001689454489,1.010893339217,75,7.5,26,1,2478,2473,0.644271930912,0.636602026973,76,7.6,27,1,2725,2723,0.995553531338,0.992485569762,75,7.5,27,1,2073,2066,0.010737865515,0.000000000000,76,7.6,26,1
475,2026-09-05T05:30:43.561742+00:00,175004765000000,175004843000000,33.250000000,online_inference,4,0,2089,2087,0.101242732000,0.098174770425,76,7.6,27,1,2719,2725,1.001689454489,1.010893339217,75,7.5,26,1,2478,2473,0.644271930912,0.636602026973,76,7.6,27,1,2725,2723,0.995553531338,0.992485569762,75,7.5,27,1,2073,2066,0.010737865515,0.000000000000,75,7.5,26,1
476,2026-09-05T05:30:43.660044+00:00,175004859000000,175004937000000,33.344000000,online_inference,4,0,2089,2087,0.101242732000,0.098174770425,76,7.6,27,0,2719,2725,1.001689454489,1.010893339217,75,7.5,25,0,2478,2473,0.644271930912,0.636602026973,76,7.6,27,0,2725,2723,0.995553531338,0.992485569762,75,7.5,27,0,2073,2066,0.010737865515,0.000000000000,76,7.6,26,1
477,2026-09-05T05:30:43.778632+00:00,175004968000000,175005046000000,33.453000000,online_inference,4,0,2089,2087,0.101242732000,0.098174770425,76,7.6,27,0,2719,2725,1.001689454489,1.010893339217,75,7.5,26,1,2478,2473,0.644271930912,0.636602026973,76,7.6,27,1,2725,2723,0.995553531338,0.992485569762,75,7.5,27,1,2073,2066,0.010737865515,0.000000000000,75,7.5,26,1
478,2026-09-05T05:30:43.848226+00:00,175005062000000,175005125000000,33.532000000,online_inference,4,0,2089,2087,0.101242732000,0.098174770425,76,7.6,27,1,2719,2725,1.001689454489,1.010893339217,75,7.5,25,1,2478,2473,0.644271930912,0.636602026973,76,7.6,27,1,2725,2723,0.995553531338,0.992485569762,75,7.5,27,1,2073,2066,0.010737865515,0.000000000000,75,7.5,26,1
479,2026-09-05T05:30:43.937575+00:00,175005140000000,175005218000000,33.625000000,online_inference,4,0,2089,2087,0.101242732000,0.098174770425,76,7.6,27,0,2719,2725,1.001689454489,1.010893339217,75,7.5,25,0,2478,2473,0.644271930912,0.636602026973,75,7.5,27,1,2725,2723,0.995553531338,0.992485569762,75,7.5,27,0,2073,2066,0.010737865515,0.000000000000,75,7.5,26,1
480,2026-09-05T05:30:44.025406+00:00,175005234000000,175005296000000,33.703000000,online_inference,4,0,2089,2087,0.101242732000,0.098174770425,76,7.6,27,0,2719,2725,1.001689454489,1.010893339217,75,7.5,26,1,2478,2473,0.644271930912,0.636602026973,76,7.6,27,1,2725,2723,0.995553531338,0.992485569762,75,7.5,27,1,2073,2066,0.010737865515,0.000000000000,76,7.6,26,1
481,2026-09-05T05:30:44.104404+00:00,175005312000000,175005375000000,33.782000000,online_inference,4,0,2089,2087,0.101242732000,0.098174770425,76,7.6,27,0,2719,2725,1.001689454489,1.010893339217,75,7.5,26,0,2478,2473,0.644271930912,0.636602026973,76,7.6,27,1,2725,2723,0.995553531338,0.992485569762,75,7.5,27,1,2073,2066,0.010737865515,0.000000000000,75,7.5,26,2
482,2026-09-05T05:30:44.194926+00:00,175005390000000,175005468000000,33.875000000,online_inference,4,0,2089,2087,0.101242732000,0.098174770425,76,7.6,27,1,2719,2725,1.001689454489,1.010893339217,75,7.5,26,1,2478,2473,0.644271930912,0.636602026973,76,7.6,27,1,2725,2723,0.995553531338,0.992485569762,75,7.5,27,1,2073,2066,0.010737865515,0.000000000000,75,7.5,26,1
483,2026-09-05T05:30:44.320989+00:00,175005515000000,175005593000000,34.000000000,online_inference,4,0,2089,2087,0.101242732000,0.098174770425,76,7.6,27,1,2719,2725,1.001689454489,1.010893339217,75,7.5,25,1,2478,2473,0.644271930912,0.636602026973,76,7.6,27,1,2725,2723,0.995553531338,0.992485569762,75,7.5,27,0,2073,2066,0.010737865515,0.000000000000,75,7.5,26,1
484,2026-09-05T05:30:44.412472+00:00,175005609000000,175005687000000,34.094000000,online_inference,4,0,2089,2087,0.101242732000,0.098174770425,76,7.6,27,0,2719,2725,1.001689454489,1.010893339217,75,7.5,25,1,2478,2473,0.644271930912,0.636602026973,76,7.6,27,1,2725,2723,0.995553531338,0.992485569762,75,7.5,27,0,2073,2066,0.010737865515,0.000000000000,75,7.5,26,1
485,2026-09-05T05:30:44.514391+00:00,175005703000000,175005796000000,34.203000000,online_inference,4,0,2089,2087,0.101242732000,0.098174770425,76,7.6,27,1,2719,2725,1.001689454489,1.010893339217,75,7.5,25,1,2478,2473,0.644271930912,0.636602026973,76,7.6,27,1,2725,2723,0.995553531338,0.992485569762,75,7.5,27,1,2073,2066,0.010737865515,0.000000000000,75,7.5,26,1
486,2026-09-05T05:30:44.607050+00:00,175005812000000,175005875000000,34.282000000,online_inference,4,0,2089,2087,0.101242732000,0.098174770425,76,7.6,27,1,2719,2725,1.001689454489,1.010893339217,75,7.5,25,1,2478,2473,0.644271930912,0.636602026973,76,7.6,27,1,2725,2723,0.995553531338,0.992485569762,75,7.5,27,1,2073,2066,0.010737865515,0.000000000000,75,7.5,26,1
487,2026-09-05T05:30:44.690740+00:00,175005890000000,175005968000000,34.375000000,online_inference,4,0,2089,2087,0.101242732000,0.098174770425,76,7.6,27,0,2719,2725,1.001689454489,1.010893339217,75,7.5,25,1,2478,2473,0.644271930912,0.636602026973,76,7.6,27,1,2725,2723,0.995553531338,0.992485569762,75,7.5,27,1,2073,2066,0.010737865515,0.000000000000,75,7.5,26,0
488,2026-09-05T05:30:44.789621+00:00,175005984000000,175006062000000,34.469000000,online_inference,4,0,2089,2087,0.101242732000,0.098174770425,76,7.6,27,0,2719,2725,1.001689454489,1.010893339217,75,7.5,25,1,2478,2473,0.644271930912,0.636602026973,76,7.6,27,0,2725,2723,0.995553531338,0.992485569762,75,7.5,27,0,2073,2066,0.010737865515,0.000000000000,75,7.5,26,1
489,2026-09-05T05:30:44.932628+00:00,175006109000000,175006203000000,34.610000000,online_inference,4,0,2089,2087,0.101242732000,0.098174770425,76,7.6,27,1,2719,2725,1.001689454489,1.010893339217,75,7.5,25,1,2478,2473,0.644271930912,0.636602026973,76,7.6,27,1,2725,2723,0.995553531338,0.992485569762,75,7.5,27,0,2073,2066,0.010737865515,0.000000000000,75,7.5,26,1
490,2026-09-05T05:30:45.015488+00:00,175006218000000,175006296000000,34.703000000,online_inference,4,0,2089,2087,0.101242732000,0.098174770425,76,7.6,27,0,2719,2725,1.001689454489,1.010893339217,75,7.5,25,1,2478,2473,0.644271930912,0.636602026973,76,7.6,27,1,2725,2723,0.995553531338,0.992485569762,75,7.5,27,0,2073,2066,0.010737865515,0.000000000000,75,7.5,26,1
491,2026-09-05T05:30:45.121027+00:00,175006312000000,175006390000000,34.797000000,online_inference,4,0,2089,2087,0.101242732000,0.098174770425,76,7.6,27,1,2719,2725,1.001689454489,1.010893339217,75,7.5,25,2,2478,2473,0.644271930912,0.636602026973,76,7.6,27,1,2725,2723,0.995553531338,0.992485569762,75,7.5,27,0,2073,2066,0.010737865515,0.000000000000,75,7.5,26,0
492,2026-09-05T05:30:45.186428+00:00,175006406000000,175006468000000,34.875000000,online_inference,4,0,2089,2087,0.101242732000,0.098174770425,76,7.6,27,0,2719,2725,1.001689454489,1.010893339217,75,7.5,25,1,2478,2473,0.644271930912,0.636602026973,76,7.6,27,1,2725,2723,0.995553531338,0.992485569762,75,7.5,27,0,2073,2066,0.010737865515,0.000000000000,75,7.5,26,1
493,2026-09-05T05:30:45.283750+00:00,175006484000000,175006562000000,34.969000000,online_inference,4,0,2089,2087,0.101242732000,0.098174770425,76,7.6,27,1,2719,2725,1.001689454489,1.010893339217,75,7.5,25,1,2478,2473,0.644271930912,0.636602026973,76,7.6,27,0,2725,2723,0.995553531338,0.992485569762,75,7.5,27,1,2073,2066,0.010737865515,0.000000000000,75,7.5,26,0
494,2026-09-05T05:30:45.380495+00:00,175006578000000,175006656000000,35.063000000,online_inference,4,0,2089,2087,0.101242732000,0.098174770425,76,7.6,27,1,2719,2725,1.001689454489,1.010893339217,75,7.5,25,1,2478,2473,0.644271930912,0.636602026973,76,7.6,27,1,2725,2723,0.995553531338,0.992485569762,75,7.5,27,0,2073,2066,0.010737865515,0.000000000000,75,7.5,26,1
495,2026-09-05T05:30:45.482333+00:00,175006687000000,175006750000000,35.157000000,online_inference,4,0,2089,2087,0.101242732000,0.098174770425,76,7.6,27,1,2719,2725,1.001689454489,1.010893339217,75,7.5,25,1,2478,2473,0.644271930912,0.636602026973,76,7.6,27,1,2725,2723,0.995553531338,0.992485569762,75,7.5,27,0,2073,2066,0.010737865515,0.000000000000,75,7.5,26,2
496,2026-09-05T05:30:45.569595+00:00,175006781000000,175006843000000,35.250000000,online_inference,4,0,2089,2087,0.101242732000,0.098174770425,76,7.6,27,1,2719,2725,1.001689454489,1.010893339217,75,7.5,26,1,2478,2473,0.644271930912,0.636602026973,76,7.6,27,1,2725,2723,0.995553531338,0.992485569762,75,7.5,27,0,2073,2066,0.010737865515,0.000000000000,75,7.5,26,1
497,2026-09-05T05:30:45.659938+00:00,175006859000000,175006937000000,35.344000000,online_inference,4,0,2089,2087,0.101242732000,0.098174770425,76,7.6,27,0,2719,2725,1.001689454489,1.010893339217,75,7.5,25,1,2478,2473,0.644271930912,0.636602026973,76,7.6,27,1,2725,2723,0.995553531338,0.992485569762,75,7.5,27,0,2073,2066,0.010737865515,0.000000000000,76,7.6,26,1
498,2026-09-05T05:30:45.753340+00:00,175006953000000,175007031000000,35.438000000,online_inference,4,0,2089,2087,0.101242732000,0.098174770425,76,7.6,27,1,2719,2725,1.001689454489,1.010893339217,75,7.5,26,1,2478,2473,0.644271930912,0.636602026973,76,7.6,27,0,2725,2723,0.995553531338,0.992485569762,75,7.5,27,1,2073,2066,0.010737865515,0.000000000000,75,7.5,26,1
499,2026-09-05T05:30:45.853538+00:00,175007046000000,175007125000000,35.532000000,online_inference,4,0,2089,2087,0.101242732000,0.098174770425,76,7.6,27,1,2719,2725,1.001689454489,1.010893339217,75,7.5,26,1,2478,2473,0.644271930912,0.636602026973,76,7.6,27,1,2725,2723,0.995553531338,0.992485569762,75,7.5,27,1,2073,2066,0.010737865515,0.000000000000,75,7.5,26,2
500,2026-09-05T05:30:45.938533+00:00,175007140000000,175007218000000,35.625000000,online_inference,4,0,2089,2087,0.101242732000,0.098174770425,76,7.6,27,0,2719,2725,1.001689454489,1.010893339217,75,7.5,26,1,2478,2473,0.644271930912,0.636602026973,76,7.6,27,1,2725,2723,0.995553531338,0.992485569762,75,7.5,27,1,2073,2066,0.010737865515,0.000000000000,75,7.5,26,2
501,2026-09-05T05:30:46.043652+00:00,175007250000000,175007312000000,35.719000000,online_inference,4,0,2089,2087,0.101242732000,0.098174770425,76,7.6,27,1,2719,2725,1.001689454489,1.010893339217,75,7.5,25,1,2478,2473,0.644271930912,0.636602026973,76,7.6,27,1,2725,2723,0.995553531338,0.992485569762,75,7.5,27,0,2073,2066,0.010737865515,0.000000000000,75,7.5,26,1
502,2026-09-05T05:30:46.121706+00:00,175007328000000,175007390000000,35.797000000,online_inference,4,0,2089,2087,0.101242732000,0.098174770425,76,7.6,27,0,2719,2725,1.001689454489,1.010893339217,75,7.5,25,1,2478,2473,0.644271930912,0.636602026973,76,7.6,27,1,2725,2723,0.995553531338,0.992485569762,75,7.5,27,1,2073,2066,0.010737865515,0.000000000000,75,7.5,26,1
503,2026-09-05T05:30:46.184240+00:00,175007406000000,175007453000000,35.860000000,online_inference,4,0,2089,2087,0.101242732000,0.098174770425,76,7.6,27,1,2719,2725,1.001689454489,1.010893339217,75,7.5,26,1,2478,2473,0.644271930912,0.636602026973,76,7.6,27,1,2725,2723,0.995553531338,0.992485569762,75,7.5,27,0,2073,2066,0.010737865515,0.000000000000,75,7.5,26,1
504,2026-09-05T05:30:46.260710+00:00,175007468000000,175007531000000,35.938000000,online_inference,4,0,2089,2087,0.101242732000,0.098174770425,76,7.6,27,0,2719,2725,1.001689454489,1.010893339217,75,7.5,25,1,2478,2473,0.644271930912,0.636602026973,76,7.6,27,1,2725,2723,0.995553531338,0.992485569762,75,7.5,27,1,2073,2066,0.010737865515,0.000000000000,75,7.5,26,1
505,2026-09-05T05:30:46.328417+00:00,175007546000000,175007609000000,36.016000000,online_inference,4,0,2089,2087,0.101242732000,0.098174770425,76,7.6,27,1,2719,2725,1.001689454489,1.010893339217,75,7.5,25,1,2478,2473,0.644271930912,0.636602026973,76,7.6,27,1,2725,2723,0.995553531338,0.992485569762,75,7.5,27,0,2073,2066,0.010737865515,0.000000000000,75,7.5,26,1
506,2026-09-05T05:30:46.418357+00:00,175007625000000,175007687000000,36.094000000,online_inference,4,0,2089,2087,0.101242732000,0.098174770425,76,7.6,27,1,2719,2725,1.001689454489,1.010893339217,75,7.5,26,1,2478,2473,0.644271930912,0.636602026973,76,7.6,27,1,2725,2723,0.995553531338,0.992485569762,75,7.5,27,0,2073,2066,0.010737865515,0.000000000000,75,7.5,26,1
507,2026-09-05T05:30:46.479555+00:00,175007703000000,175007750000000,36.157000000,online_inference,4,0,2089,2087,0.101242732000,0.098174770425,76,7.6,27,1,2719,2725,1.001689454489,1.010893339217,75,7.5,26,1,2478,2473,0.644271930912,0.636602026973,76,7.6,27,1,2725,2723,0.995553531338,0.992485569762,75,7.5,27,1,2073,2066,0.010737865515,0.000000000000,75,7.5,26,1
508,2026-09-05T05:30:46.575649+00:00,175007796000000,175007843000000,36.250000000,online_inference,4,0,2089,2087,0.101242732000,0.098174770425,76,7.6,27,0,2719,2725,1.001689454489,1.010893339217,75,7.5,26,1,2478,2473,0.644271930912,0.636602026973,76,7.6,27,1,2725,2723,0.995553531338,0.992485569762,75,7.5,27,0,2073,2066,0.010737865515,0.000000000000,75,7.5,26,1
509,2026-09-05T05:30:46.641526+00:00,175007859000000,175007921000000,36.328000000,online_inference,4,0,2089,2087,0.101242732000,0.098174770425,76,7.6,27,0,2719,2725,1.001689454489,1.010893339217,75,7.5,25,1,2478,2473,0.644271930912,0.636602026973,76,7.6,27,1,2725,2723,0.995553531338,0.992485569762,75,7.5,27,0,2073,2066,0.010737865515,0.000000000000,76,7.6,26,1
510,2026-09-05T05:30:46.716334+00:00,175007937000000,175007984000000,36.391000000,online_inference,4,0,2089,2087,0.101242732000,0.098174770425,76,7.6,27,0,2719,2725,1.001689454489,1.010893339217,75,7.5,26,1,2478,2473,0.644271930912,0.636602026973,76,7.6,27,1,2725,2723,0.995553531338,0.992485569762,75,7.5,27,0,2073,2066,0.010737865515,0.000000000000,75,7.5,26,1
511,2026-09-05T05:30:46.791645+00:00,175008000000000,175008062000000,36.469000000,online_inference,4,0,2089,2087,0.101242732000,0.098174770425,76,7.6,27,0,2719,2725,1.001689454489,1.010893339217,75,7.5,25,1,2478,2473,0.644271930912,0.636602026973,76,7.6,27,1,2725,2723,0.995553531338,0.992485569762,75,7.5,27,1,2073,2066,0.010737865515,0.000000000000,75,7.5,26,1
512,2026-09-05T05:30:46.847119+00:00,175008078000000,175008125000000,36.532000000,online_inference,4,0,2089,2087,0.101242732000,0.098174770425,76,7.6,27,1,2719,2725,1.001689454489,1.010893339217,75,7.5,26,1,2478,2473,0.644271930912,0.636602026973,76,7.6,27,0,2725,2723,0.995553531338,0.992485569762,75,7.5,27,1,2073,2066,0.010737865515,0.000000000000,75,7.5,26,1
513,2026-09-05T05:30:46.939333+00:00,175008140000000,175008218000000,36.625000000,online_inference,4,0,2089,2087,0.101242732000,0.098174770425,76,7.6,27,1,2719,2725,1.001689454489,1.010893339217,75,7.5,25,1,2478,2473,0.644271930912,0.636602026973,76,7.6,27,1,2725,2723,0.995553531338,0.992485569762,75,7.5,27,1,2073,2066,0.010737865515,0.000000000000,75,7.5,26,1
514,2026-09-05T05:30:47.030558+00:00,175008234000000,175008312000000,36.719000000,online_inference,4,0,2089,2087,0.101242732000,0.098174770425,76,7.6,27,1,2719,2725,1.001689454489,1.010893339217,75,7.5,25,1,2478,2473,0.644271930912,0.636602026973,76,7.6,27,0,2725,2723,0.995553531338,0.992485569762,75,7.5,27,0,2073,2066,0.010737865515,0.000000000000,75,7.5,26,1
515,2026-09-05T05:30:47.134101+00:00,175008343000000,175008406000000,36.813000000,online_inference,4,0,2089,2087,0.101242732000,0.098174770425,76,7.6,27,1,2719,2725,1.001689454489,1.010893339217,75,7.5,25,1,2478,2473,0.644271930912,0.636602026973,76,7.6,27,1,2725,2723,0.995553531338,0.992485569762,75,7.5,27,0,2073,2066,0.010737865515,0.000000000000,75,7.5,26,1
516,2026-09-05T05:30:47.217749+00:00,175008421000000,175008500000000,36.907000000,online_inference,4,0,2089,2087,0.101242732000,0.098174770425,76,7.6,27,1,2719,2725,1.001689454489,1.010893339217,75,7.5,25,1,2478,2473,0.644271930912,0.636602026973,76,7.6,27,0,2725,2723,0.995553531338,0.992485569762,75,7.5,27,0,2073,2066,0.010737865515,0.000000000000,75,7.5,26,1
517,2026-09-05T05:30:47.310730+00:00,175008515000000,175008578000000,36.985000000,online_inference,4,0,2089,2087,0.101242732000,0.098174770425,76,7.6,27,0,2719,2725,1.001689454489,1.010893339217,75,7.5,25,1,2478,2473,0.644271930912,0.636602026973,76,7.6,27,0,2725,2723,0.995553531338,0.992485569762,75,7.5,27,1,2073,2066,0.010737865515,0.000000000000,75,7.5,26,1
518,2026-09-05T05:30:47.391361+00:00,175008593000000,175008671000000,37.078000000,online_inference,4,0,2089,2087,0.101242732000,0.098174770425,76,7.6,27,1,2719,2725,1.001689454489,1.010893339217,75,7.5,26,1,2478,2473,0.644271930912,0.636602026973,76,7.6,27,1,2725,2723,0.995553531338,0.992485569762,75,7.5,27,1,2073,2066,0.010737865515,0.000000000000,75,7.5,26,1
519,2026-09-05T05:30:47.498286+00:00,175008687000000,175008765000000,37.172000000,online_inference,4,0,2089,2087,0.101242732000,0.098174770425,76,7.6,27,1,2719,2725,1.001689454489,1.010893339217,75,7.5,25,1,2478,2473,0.644271930912,0.636602026973,76,7.6,27,1,2725,2723,0.995553531338,0.992485569762,75,7.5,27,1,2073,2066,0.010737865515,0.000000000000,75,7.5,26,1
520,2026-09-05T05:30:47.576273+00:00,175008781000000,175008843000000,37.250000000,online_inference,4,0,2089,2087,0.101242732000,0.098174770425,76,7.6,27,1,2719,2725,1.001689454489,1.010893339217,75,7.5,25,1,2478,2473,0.644271930912,0.636602026973,76,7.6,27,1,2725,2723,0.995553531338,0.992485569762,75,7.5,28,0,2073,2066,0.010737865515,0.000000000000,75,7.5,26,1
521,2026-09-05T05:30:47.717766+00:00,175008890000000,175009000000000,37.407000000,online_inference,4,0,2089,2087,0.101242732000,0.098174770425,76,7.6,27,1,2719,2725,1.001689454489,1.010893339217,75,7.5,26,1,2478,2473,0.644271930912,0.636602026973,76,7.6,27,1,2725,2723,0.995553531338,0.992485569762,75,7.5,27,0,2073,2066,0.010737865515,0.000000000000,75,7.5,26,1
522,2026-09-05T05:30:47.812443+00:00,175009015000000,175009093000000,37.500000000,online_inference,4,0,2089,2087,0.101242732000,0.098174770425,76,7.6,27,1,2719,2725,1.001689454489,1.010893339217,75,7.5,25,1,2478,2473,0.644271930912,0.636602026973,76,7.6,27,0,2725,2723,0.995553531338,0.992485569762,75,7.5,27,1,2073,2066,0.010737865515,0.000000000000,75,7.5,26,1
523,2026-09-05T05:30:47.924835+00:00,175009109000000,175009203000000,37.610000000,online_inference,4,0,2089,2087,0.101242732000,0.098174770425,76,7.6,27,1,2719,2725,1.001689454489,1.010893339217,75,7.5,26,1,2478,2473,0.644271930912,0.636602026973,76,7.6,27,1,2725,2723,0.995553531338,0.992485569762,75,7.5,27,0,2073,2066,0.010737865515,0.000000000000,75,7.5,26,2
524,2026-09-05T05:30:48.030842+00:00,175009218000000,175009312000000,37.719000000,online_inference,4,0,2089,2087,0.101242732000,0.098174770425,76,7.6,27,1,2719,2725,1.001689454489,1.010893339217,75,7.5,26,1,2478,2473,0.644271930912,0.636602026973,76,7.6,27,0,2725,2723,0.995553531338,0.992485569762,75,7.5,27,0,2073,2066,0.010737865515,0.000000000000,74,7.4,26,1
525,2026-09-05T05:30:48.118178+00:00,175009328000000,175009390000000,37.797000000,online_inference,4,0,2089,2087,0.101242732000,0.098174770425,76,7.6,27,1,2719,2725,1.001689454489,1.010893339217,75,7.5,25,1,2478,2473,0.644271930912,0.636602026973,76,7.6,27,1,2725,2723,0.995553531338,0.992485569762,75,7.5,27,1,2073,2066,0.010737865515,0.000000000000,75,7.5,26,1
526,2026-09-05T05:30:48.232739+00:00,175009421000000,175009500000000,37.907000000,online_inference,4,0,2089,2087,0.101242732000,0.098174770425,76,7.6,27,1,2719,2725,1.001689454489,1.010893339217,75,7.5,25,1,2478,2473,0.644271930912,0.636602026973,76,7.6,27,1,2725,2723,0.995553531338,0.992485569762,75,7.5,27,0,2073,2066,0.010737865515,0.000000000000,76,7.6,26,1
527,2026-09-05T05:30:48.321196+00:00,175009531000000,175009593000000,38.000000000,online_inference,4,0,2089,2087,0.101242732000,0.098174770425,76,7.6,27,0,2719,2725,1.001689454489,1.010893339217,75,7.5,25,1,2478,2473,0.644271930912,0.636602026973,76,7.6,27,1,2725,2723,0.995553531338,0.992485569762,75,7.5,27,0,2073,2066,0.010737865515,0.000000000000,75,7.5,26,1
528,2026-09-05T05:30:48.395932+00:00,175009609000000,175009671000000,38.078000000,online_inference,4,0,2089,2087,0.101242732000,0.098174770425,76,7.6,27,1,2719,2725,1.001689454489,1.010893339217,75,7.5,25,1,2478,2473,0.644271930912,0.636602026973,76,7.6,27,1,2725,2723,0.995553531338,0.992485569762,75,7.5,27,1,2073,2066,0.010737865515,0.000000000000,75,7.5,26,1
529,2026-09-05T05:30:48.475672+00:00,175009687000000,175009750000000,38.157000000,online_inference,4,0,2089,2087,0.101242732000,0.098174770425,76,7.6,27,1,2719,2725,1.001689454489,1.010893339217,75,7.5,25,1,2478,2473,0.644271930912,0.636602026973,76,7.6,27,0,2725,2723,0.995553531338,0.992485569762,75,7.5,27,0,2073,2066,0.010737865515,0.000000000000,75,7.5,26,1
530,2026-09-05T05:30:48.557691+00:00,175009765000000,175009828000000,38.235000000,online_inference,4,0,2089,2087,0.101242732000,0.098174770425,76,7.6,27,0,2719,2725,1.001689454489,1.010893339217,75,7.5,25,0,2478,2473,0.644271930912,0.636602026973,76,7.6,27,1,2725,2723,0.995553531338,0.992485569762,75,7.5,27,1,2073,2066,0.010737865515,0.000000000000,75,7.5,26,1
531,2026-09-05T05:30:48.621606+00:00,175009843000000,175009890000000,38.297000000,online_inference,4,0,2089,2087,0.101242732000,0.098174770425,76,7.6,27,0,2719,2725,1.001689454489,1.010893339217,75,7.5,26,1,2478,2473,0.644271930912,0.636602026973,76,7.6,27,0,2725,2723,0.995553531338,0.992485569762,75,7.5,27,1,2073,2066,0.010737865515,0.000000000000,75,7.5,26,1
532,2026-09-05T05:30:48.712942+00:00,175009906000000,175009984000000,38.391000000,online_inference,4,0,2089,2087,0.101242732000,0.098174770425,76,7.6,27,1,2719,2725,1.001689454489,1.010893339217,75,7.5,26,1,2478,2473,0.644271930912,0.636602026973,76,7.6,27,0,2725,2723,0.995553531338,0.992485569762,75,7.5,27,1,2073,2066,0.010737865515,0.000000000000,75,7.5,26,1
533,2026-09-05T05:30:48.839588+00:00,175010015000000,175010109000000,38.516000000,online_inference,4,0,2089,2087,0.101242732000,0.098174770425,76,7.6,27,0,2719,2725,1.001689454489,1.010893339217,75,7.5,25,1,2478,2473,0.644271930912,0.636602026973,76,7.6,27,1,2725,2723,0.995553531338,0.992485569762,75,7.5,27,1,2073,2066,0.010737865515,0.000000000000,75,7.5,26,1
534,2026-09-05T05:30:48.919877+00:00,175010125000000,175010187000000,38.594000000,online_inference,4,0,2089,2087,0.101242732000,0.098174770425,76,7.6,27,1,2719,2725,1.001689454489,1.010893339217,75,7.5,25,0,2478,2473,0.644271930912,0.636602026973,76,7.6,27,1,2725,2723,0.995553531338,0.992485569762,75,7.5,27,1,2073,2066,0.010737865515,0.000000000000,75,7.5,26,1
535,2026-09-05T05:30:49.002345+00:00,175010203000000,175010281000000,38.688000000,online_inference,4,0,2089,2087,0.101242732000,0.098174770425,76,7.6,27,0,2719,2725,1.001689454489,1.010893339217,75,7.5,26,1,2478,2473,0.644271930912,0.636602026973,76,7.6,27,1,2725,2723,0.995553531338,0.992485569762,75,7.5,27,1,2073,2066,0.010737865515,0.000000000000,75,7.5,26,0
536,2026-09-05T05:30:49.099387+00:00,175010296000000,175010375000000,38.782000000,online_inference,4,0,2089,2087,0.101242732000,0.098174770425,76,7.6,27,1,2719,2725,1.001689454489,1.010893339217,75,7.5,26,1,2478,2473,0.644271930912,0.636602026973,76,7.6,27,0,2725,2723,0.995553531338,0.992485569762,75,7.5,27,1,2073,2066,0.010737865515,0.000000000000,76,7.6,26,1
537,2026-09-05T05:30:49.192904+00:00,175010390000000,175010468000000,38.875000000,online_inference,4,0,2089,2087,0.101242732000,0.098174770425,76,7.6,27,1,2719,2725,1.001689454489,1.010893339217,75,7.5,25,1,2478,2473,0.644271930912,0.636602026973,76,7.6,27,1,2725,2723,0.995553531338,0.992485569762,75,7.5,27,1,2073,2066,0.010737865515,0.000000000000,75,7.5,26,1
538,2026-09-05T05:30:49.279245+00:00,175010484000000,175010546000000,38.953000000,online_inference,4,0,2089,2087,0.101242732000,0.098174770425,76,7.6,27,1,2719,2725,1.001689454489,1.010893339217,75,7.5,26,1,2478,2473,0.644271930912,0.636602026973,76,7.6,27,1,2725,2723,0.995553531338,0.992485569762,75,7.5,27,0,2073,2066,0.010737865515,0.000000000000,76,7.6,26,2
539,2026-09-05T05:30:49.365986+00:00,175010578000000,175010640000000,39.047000000,online_inference,4,0,2089,2087,0.101242732000,0.098174770425,76,7.6,27,0,2719,2725,1.001689454489,1.010893339217,75,7.5,25,1,2478,2473,0.644271930912,0.636602026973,76,7.6,27,1,2725,2723,0.995553531338,0.992485569762,75,7.5,27,1,2073,2066,0.010737865515,0.000000000000,76,7.6,26,1
540,2026-09-05T05:30:49.446880+00:00,175010656000000,175010718000000,39.125000000,online_archive,4,0,2089,2087,0.101242732000,0.098174770425,76,7.6,27,1,2719,2725,1.001689454489,1.010893339217,75,7.5,26,1,2478,2473,0.644271930912,0.636602026973,76,7.6,27,1,2725,2723,0.995553531338,0.992485569762,75,7.5,27,0,2073,2066,0.010737865515,0.000000000000,75,7.5,26,1
541,2026-09-05T05:30:49.505673+00:00,175010734000000,175010781000000,39.188000000,online_archive,4,0,2089,2087,0.101242732000,0.098174770425,76,7.6,27,1,2719,2725,1.001689454489,1.010893339217,75,7.5,25,1,2478,2473,0.644271930912,0.636602026973,76,7.6,27,1,2725,2723,0.995553531338,0.992485569762,75,7.5,27,0,2073,2066,0.010737865515,0.000000000000,76,7.6,26,1
542,2026-09-05T05:30:49.640959+00:00,175010843000000,175010921000000,39.328000000,fixed_trajectory,4,0,2089,2087,0.101242732000,0.098174770425,76,7.6,27,0,2719,2725,1.001689454489,1.010893339217,75,7.5,26,1,2478,2473,0.644271930912,0.636602026973,76,7.6,27,0,2725,2723,0.995553531338,0.992485569762,75,7.5,27,1,2073,2066,0.010737865515,0.000000000000,75,7.5,26,1
543,2026-09-05T05:30:49.710845+00:00,175010937000000,175010984000000,39.391000000,fixed_trajectory,4,0,2089,2087,0.101242732000,0.098174770425,76,7.6,27,1,2719,2726,1.001689454489,1.012427320005,75,7.5,26,1,2478,2472,0.644271930912,0.635068046185,76,7.6,27,0,2725,2723,0.995553531338,0.992485569762,75,7.5,27,1,2073,2066,0.010737865515,0.000000000000,75,7.5,26,1
544,2026-09-05T05:30:49.765178+00:00,175011000000000,175011046000000,39.453000000,fixed_trajectory,4,0,2089,2087,0.101242732000,0.098174770425,76,7.6,27,1,2719,2726,1.001689454489,1.012427320005,75,7.5,26,1,2478,2471,0.644271930912,0.633534065397,76,7.6,27,1,2725,2723,0.995553531338,0.992485569762,75,7.5,27,0,2073,2066,0.010737865515,0.000000000000,75,7.5,26,2
545,2026-09-05T05:30:49.831446+00:00,175011062000000,175011109000000,39.516000000,fixed_trajectory,4,0,2089,2087,0.101242732000,0.098174770425,76,7.6,27,1,2719,2727,1.001689454489,1.013961300792,75,7.5,25,1,2478,2470,0.644271930912,0.632000084609,76,7.6,27,1,2725,2723,0.995553531338,0.992485569762,75,7.5,27,1,2073,2066,0.010737865515,0.000000000000,75,7.5,26,1
546,2026-09-05T05:30:49.917408+00:00,175011125000000,175011187000000,39.594000000,fixed_trajectory,4,0,2089,2087,0.101242732000,0.098174770425,76,7.6,27,0,2719,2727,1.001689454489,1.013961300792,75,7.5,26,1,2478,2469,0.644271930912,0.630466103821,76,7.6,27,1,2725,2723,0.995553531338,0.992485569762,75,7.5,27,0,2073,2066,0.010737865515,0.000000000000,75,7.5,26,1
547,2026-09-05T05:30:49.971882+00:00,175011203000000,175011250000000,39.657000000,fixed_trajectory,4,0,2089,2087,0.101242732000,0.098174770425,76,7.6,27,0,2719,2728,1.001689454489,1.015495281580,75,7.5,25,1,2478,2468,0.644271930912,0.628932123033,76,7.6,27,1,2725,2723,0.995553531338,0.992485569762,75,7.5,27,0,2073,2066,0.010737865515,0.000000000000,75,7.5,26,1
548,2026-09-05T05:30:50.042366+00:00,175011265000000,175011312000000,39.719000000,fixed_trajectory,4,0,2089,2087,0.101242732000,0.098174770425,76,7.6,27,0,2719,2728,1.001689454489,1.015495281580,75,7.5,25,1,2478,2467,0.644271930912,0.627398142245,76,7.6,27,1,2725,2723,0.995553531338,0.992485569762,75,7.5,27,1,2073,2066,0.010737865515,0.000000000000,75,7.5,26,1
549,2026-09-05T05:30:50.098738+00:00,175011328000000,175011375000000,39.782000000,fixed_trajectory,4,0,2089,2087,0.101242732000,0.098174770425,76,7.6,27,1,2722,2729,1.006291396853,1.017029262368,75,7.5,25,1,2474,2466,0.638136007760,0.625864161457,76,7.6,27,1,2725,2723,0.995553531338,0.992485569762,75,7.5,27,1,2073,2066,0.010737865515,0.000000000000,75,7.5,26,1
550,2026-09-05T05:30:50.169173+00:00,175011390000000,175011437000000,39.844000000,fixed_trajectory,4,0,2089,2087,0.101242732000,0.098174770425,76,7.6,27,0,2723,2730,1.007825377641,1.018563243156,75,7.5,25,1,2471,2465,0.633534065397,0.624330180669,76,7.6,27,0,2725,2723,0.995553531338,0.992485569762,75,7.5,27,1,2073,2066,0.010737865515,0.000000000000,76,7.6,26,1
551,2026-09-05T05:30:50.213721+00:00,175011453000000,175011484000000,39.891000000,fixed_trajectory,4,0,2089,2087,0.101242732000,0.098174770425,76,7.6,27,0,2725,2730,1.010893339217,1.018563243156,75,7.5,25,0,2469,2464,0.630466103821,0.622796199882,76,7.6,27,0,2725,2723,0.995553531338,0.992485569762,75,7.5,27,0,2073,2066,0.010737865515,0.000000000000,75,7.5,26,1
552,2026-09-05T05:30:50.277395+00:00,175011500000000,175011546000000,39.953000000,fixed_trajectory,4,0,2089,2087,0.101242732000,0.098174770425,76,7.6,27,1,2725,2731,1.010893339217,1.020097223944,75,7.5,26,1,2469,2463,0.630466103821,0.621262219094,76,7.6,27,1,2725,2723,0.995553531338,0.992485569762,75,7.5,27,1,2073,2066,0.010737865515,0.000000000000,76,7.6,26,1
553,2026-09-05T05:30:50.319491+00:00,175011562000000,175011593000000,40.000000000,fixed_trajectory,4,0,2089,2087,0.101242732000,0.098174770425,76,7.6,27,1,2725,2731,1.010893339217,1.020097223944,75,7.5,26,1,2469,2462,0.630466103821,0.619728238306,76,7.6,27,1,2725,2723,0.995553531338,0.992485569762,75,7.5,27,1,2073,2066,0.010737865515,0.000000000000,75,7.5,26,1
554,2026-09-05T05:30:50.381917+00:00,175011609000000,175011656000000,40.063000000,fixed_trajectory,4,0,2089,2087,0.101242732000,0.098174770425,76,7.6,27,1,2725,2732,1.010893339217,1.021631204732,75,7.5,25,1,2469,2461,0.630466103821,0.618194257518,76,7.6,27,1,2725,2723,0.995553531338,0.992485569762,75,7.5,27,1,2073,2066,0.010737865515,0.000000000000,75,7.5,26,2
555,2026-09-05T05:30:50.454318+00:00,175011687000000,175011734000000,40.141000000,fixed_trajectory,4,0,2089,2087,0.101242732000,0.098174770425,76,7.6,27,1,2725,2732,1.010893339217,1.021631204732,75,7.5,26,1,2469,2460,0.630466103821,0.616660276730,76,7.6,27,1,2725,2723,0.995553531338,0.992485569762,75,7.5,27,1,2073,2066,0.010737865515,0.000000000000,75,7.5,26,1
556,2026-09-05T05:30:50.520648+00:00,175011750000000,175011796000000,40.203000000,fixed_trajectory,4,0,2089,2087,0.101242732000,0.098174770425,76,7.6,27,1,2725,2733,1.010893339217,1.023165185520,75,7.5,26,1,2469,2459,0.630466103821,0.615126295942,76,7.6,27,2,2725,2723,0.995553531338,0.992485569762,75,7.5,27,0,2073,2066,0.010737865515,0.000000000000,75,7.5,26,1
557,2026-09-05T05:30:50.583104+00:00,175011812000000,175011859000000,40.266000000,fixed_trajectory,4,0,2089,2087,0.101242732000,0.098174770425,76,7.6,27,0,2725,2734,1.010893339217,1.024699166308,75,7.5,25,2,2469,2458,0.630466103821,0.613592315154,76,7.6,27,2,2725,2723,0.995553531338,0.992485569762,75,7.5,27,0,2073,2066,0.010737865515,0.000000000000,75,7.5,26,1
558,2026-09-05T05:30:50.643298+00:00,175011875000000,175011921000000,40.328000000,fixed_trajectory,4,0,2089,2087,0.101242732000,0.098174770425,76,7.6,27,0,2725,2734,1.010893339217,1.024699166308,75,7.5,26,1,2468,2457,0.628932123033,0.612058334366,76,7.6,27,1,2725,2723,0.995553531338,0.992485569762,75,7.5,27,1,2073,2066,0.010737865515,0.000000000000,75,7.5,26,1
559,2026-09-05T05:30:50.694693+00:00,175011937000000,175011968000000,40.375000000,fixed_trajectory,4,0,2089,2087,0.101242732000,0.098174770425,76,7.6,27,0,2726,2735,1.012427320005,1.026233147095,75,7.5,25,2,2466,2456,0.625864161457,0.610524353578,76,7.6,27,1,2725,2723,0.995553531338,0.992485569762,75,7.5,27,0,2073,2066,0.010737865515,0.000000000000,75,7.5,26,1
560,2026-09-05T05:30:50.754620+00:00,175011984000000,175012031000000,40.438000000,fixed_trajectory,4,0,2089,2087,0.101242732000,0.098174770425,76,7.6,27,1,2729,2735,1.017029262368,1.026233147095,75,7.5,26,1,2462,2455,0.619728238306,0.608990372791,76,7.6,27,0,2725,2723,0.995553531338,0.992485569762,75,7.5,27,0,2073,2067,0.010737865515,0.001533980788,75,7.5,26,1
561,2026-09-05T05:30:50.805271+00:00,175012046000000,175012078000000,40.485000000,fixed_trajectory,4,0,2089,2087,0.101242732000,0.098174770425,76,7.6,27,1,2730,2736,1.018563243156,1.027767127883,75,7.5,26,0,2461,2454,0.618194257518,0.607456392003,76,7.6,27,1,2725,2723,0.995553531338,0.992485569762,75,7.5,27,1,2073,2067,0.010737865515,0.001533980788,75,7.5,26,1
562,2026-09-05T05:30:50.866355+00:00,175012093000000,175012140000000,40.547000000,fixed_trajectory,4,0,2089,2087,0.101242732000,0.098174770425,76,7.6,27,1,2731,2736,1.020097223944,1.027767127883,75,7.5,26,0,2460,2453,0.616660276730,0.605922411215,76,7.6,27,1,2725,2723,0.995553531338,0.992485569762,75,7.5,27,1,2073,2067,0.010737865515,0.001533980788,75,7.5,26,0
563,2026-09-05T05:30:50.928837+00:00,175012156000000,175012203000000,40.610000000,fixed_trajectory,4,0,2089,2087,0.101242732000,0.098174770425,76,7.6,27,1,2733,2737,1.023165185520,1.029301108671,75,7.5,26,1,2460,2452,0.616660276730,0.604388430427,76,7.6,27,1,2725,2723,0.995553531338,0.992485569762,75,7.5,27,0,2073,2067,0.010737865515,0.001533980788,75,7.5,26,1
564,2026-09-05T05:30:51.148027+00:00,175012375000000,175012421000000,40.828000000,fixed_trajectory,4,0,2089,2087,0.101242732000,0.098174770425,76,7.6,27,1,2735,2738,1.026233147095,1.030835089459,75,7.5,26,1,2454,2451,0.607456392003,0.602854449639,76,7.6,27,0,2725,2723,0.995553531338,0.992485569762,75,7.5,27,1,2073,2067,0.010737865515,0.001533980788,75,7.5,26,1
565,2026-09-05T05:30:51.205815+00:00,175012437000000,175012484000000,40.891000000,fixed_trajectory,4,0,2089,2087,0.101242732000,0.098174770425,76,7.6,27,1,2735,2738,1.026233147095,1.030835089459,75,7.5,26,0,2454,2450,0.607456392003,0.601320468851,76,7.6,27,1,2725,2723,0.995553531338,0.992485569762,75,7.5,27,1,2073,2067,0.010737865515,0.001533980788,75,7.5,26,1
566,2026-09-05T05:30:51.253915+00:00,175012500000000,175012531000000,40.938000000,fixed_trajectory,4,0,2089,2087,0.101242732000,0.098174770425,76,7.6,27,0,2735,2739,1.026233147095,1.032369070247,75,7.5,25,1,2454,2449,0.607456392003,0.599786488063,76,7.6,27,1,2725,2723,0.995553531338,0.992485569762,75,7.5,27,1,2073,2067,0.010737865515,0.001533980788,75,7.5,26,1
567,2026-09-05T05:30:51.319897+00:00,175012546000000,175012593000000,41.000000000,fixed_trajectory,4,0,2089,2087,0.101242732000,0.098174770425,76,7.6,27,1,2735,2739,1.026233147095,1.032369070247,75,7.5,25,1,2454,2448,0.607456392003,0.598252507275,76,7.6,27,1,2725,2723,0.995553531338,0.992485569762,75,7.5,27,0,2073,2067,0.010737865515,0.001533980788,75,7.5,26,1
568,2026-09-05T05:30:51.376245+00:00,175012609000000,175012656000000,41.063000000,fixed_trajectory,4,0,2089,2087,0.101242732000,0.098174770425,76,7.6,27,1,2735,2740,1.026233147095,1.033903051035,75,7.5,26,1,2454,2447,0.607456392003,0.596718526488,76,7.6,27,2,2725,2723,0.995553531338,0.992485569762,75,7.5,27,0,2073,2067,0.010737865515,0.001533980788,75,7.5,26,1
569,2026-09-05T05:30:51.439718+00:00,175012671000000,175012718000000,41.125000000,fixed_trajectory,4,0,2089,2087,0.101242732000,0.098174770425,76,7.6,27,1,2735,2740,1.026233147095,1.033903051035,75,7.5,25,1,2454,2446,0.607456392003,0.595184545700,76,7.6,27,1,2725,2723,0.995553531338,0.992485569762,75,7.5,27,0,2073,2067,0.010737865515,0.001533980788,75,7.5,26,1
570,2026-09-05T05:30:51.504158+00:00,175012734000000,175012781000000,41.188000000,fixed_trajectory,4,0,2089,2087,0.101242732000,0.098174770425,76,7.6,27,1,2735,2741,1.026233147095,1.035437031823,75,7.5,25,1,2454,2445,0.607456392003,0.593650564912,76,7.6,27,1,2725,2723,0.995553531338,0.992485569762,75,7.5,27,0,2073,2067,0.010737865515,0.001533980788,75,7.5,26,1
571,2026-09-05T05:30:51.564390+00:00,175012796000000,175012843000000,41.250000000,fixed_trajectory,4,0,2089,2087,0.101242732000,0.098174770425,76,7.6,27,0,2735,2742,1.026233147095,1.036971012611,75,7.5,26,1,2452,2444,0.604388430427,0.592116584124,76,7.6,27,1,2725,2723,0.995553531338,0.992485569762,75,7.5,27,0,2073,2067,0.010737865515,0.001533980788,76,7.6,26,1
572,2026-09-05T05:30:51.623134+00:00,175012859000000,175012890000000,41.297000000,fixed_trajectory,4,0,2089,2087,0.101242732000,0.098174770425,76,7.6,27,1,2738,2742,1.030835089459,1.036971012611,75,7.5,26,0,2448,2443,0.598252507275,0.590582603336,76,7.6,27,0,2725,2723,0.995553531338,0.992485569762,75,7.5,27,1,2073,2067,0.010737865515,0.001533980788,75,7.5,26,0
573,2026-09-05T05:30:51.816494+00:00,175013046000000,175013093000000,41.500000000,fixed_trajectory,4,0,2089,2087,0.101242732000,0.098174770425,76,7.6,27,1,2739,2743,1.032369070247,1.038504993399,75,7.5,26,1,2446,2442,0.595184545700,0.589048622548,76,7.6,27,1,2725,2723,0.995553531338,0.992485569762,75,7.5,27,1,2073,2067,0.010737865515,0.001533980788,75,7.5,26,1
574,2026-09-05T05:30:51.878294+00:00,175013109000000,175013156000000,41.563000000,fixed_trajectory,4,0,2089,2087,0.101242732000,0.098174770425,76,7.6,27,1,2739,2743,1.032369070247,1.038504993399,75,7.5,26,1,2446,2441,0.595184545700,0.587514641760,76,7.6,27,1,2725,2723,0.995553531338,0.992485569762,75,7.5,27,0,2073,2067,0.010737865515,0.001533980788,75,7.5,26,0
575,2026-09-05T05:30:51.932632+00:00,175013171000000,175013203000000,41.610000000,fixed_trajectory,4,0,2089,2087,0.101242732000,0.098174770425,76,7.6,27,0,2739,2744,1.032369070247,1.040038974186,75,7.5,25,0,2446,2440,0.595184545700,0.585980660972,76,7.6,27,1,2725,2723,0.995553531338,0.992485569762,75,7.5,27,1,2073,2067,0.010737865515,0.001533980788,75,7.5,26,1
576,2026-09-05T05:30:51.982914+00:00,175013218000000,175013265000000,41.672000000,fixed_trajectory,4,0,2089,2087,0.101242732000,0.098174770425,76,7.6,27,0,2739,2744,1.032369070247,1.040038974186,75,7.5,25,1,2446,2439,0.595184545700,0.584446680184,76,7.6,27,1,2725,2723,0.995553531338,0.992485569762,75,7.5,27,0,2073,2067,0.010737865515,0.001533980788,76,7.6,26,1
577,2026-09-05T05:30:52.047634+00:00,175013281000000,175013328000000,41.735000000,online_observation,4,0,2089,2087,0.101242732000,0.098174770425,76,7.6,27,0,2740,2745,1.033903051035,1.041572954974,75,7.5,25,1,2445,2438,0.593650564912,0.582912699397,76,7.6,27,1,2725,2723,0.995553531338,0.992485569762,75,7.5,27,0,2073,2067,0.010737865515,0.001533980788,75,7.5,26,1
578,2026-09-05T05:30:52.098702+00:00,175013343000000,175013375000000,41.782000000,online_observation,4,0,2089,2087,0.101242732000,0.098174770425,76,7.6,27,1,2740,2745,1.033903051035,1.041572954974,75,7.5,26,1,2445,2438,0.593650564912,0.582912699397,76,7.6,27,1,2725,2723,0.995553531338,0.992485569762,75,7.5,27,1,2073,2067,0.010737865515,0.001533980788,76,7.6,26,1
579,2026-09-05T05:30:52.160302+00:00,175013390000000,175013437000000,41.844000000,online_observation,4,0,2089,2087,0.101242732000,0.098174770425,76,7.6,27,0,2740,2745,1.033903051035,1.041572954974,75,7.5,25,1,2445,2438,0.593650564912,0.582912699397,76,7.6,27,1,2725,2723,0.995553531338,0.992485569762,75,7.5,27,1,2073,2067,0.010737865515,0.001533980788,75,7.5,26,1
580,2026-09-05T05:30:52.215163+00:00,175013453000000,175013484000000,41.891000000,online_observation,4,0,2089,2087,0.101242732000,0.098174770425,76,7.6,27,1,2740,2745,1.033903051035,1.041572954974,75,7.5,25,1,2445,2438,0.593650564912,0.582912699397,76,7.6,27,1,2725,2723,0.995553531338,0.992485569762,75,7.5,27,1,2073,2067,0.010737865515,0.001533980788,75,7.5,26,1
581,2026-09-05T05:30:52.269227+00:00,175013500000000,175013546000000,41.953000000,online_observation,4,0,2089,2087,0.101242732000,0.098174770425,76,7.6,27,1,2740,2745,1.033903051035,1.041572954974,75,7.5,25,1,2445,2438,0.593650564912,0.582912699397,76,7.6,27,1,2725,2723,0.995553531338,0.992485569762,75,7.5,27,1,2073,2067,0.010737865515,0.001533980788,76,7.6,26,1
582,2026-09-05T05:30:52.348582+00:00,175013562000000,175013625000000,42.032000000,online_observation,4,0,2089,2087,0.101242732000,0.098174770425,76,7.6,27,1,2740,2745,1.033903051035,1.041572954974,75,7.5,25,1,2445,2438,0.593650564912,0.582912699397,76,7.6,27,1,2725,2723,0.995553531338,0.992485569762,75,7.5,27,1,2073,2067,0.010737865515,0.001533980788,75,7.5,26,1
583,2026-09-05T05:30:52.436029+00:00,175013640000000,175013718000000,42.125000000,online_inference,5,0,2089,2087,0.101242732000,0.098174770425,76,7.6,27,0,2740,2745,1.033903051035,1.041572954974,75,7.5,25,0,2445,2438,0.593650564912,0.582912699397,76,7.6,27,1,2725,2723,0.995553531338,0.992485569762,75,7.5,27,0,2073,2067,0.010737865515,0.001533980788,76,7.6,26,1
584,2026-09-05T05:30:52.511370+00:00,175013734000000,175013781000000,42.188000000,online_inference,5,0,2089,2087,0.101242732000,0.098174770425,76,7.6,27,1,2740,2745,1.033903051035,1.041572954974,75,7.5,26,1,2445,2438,0.593650564912,0.582912699397,76,7.6,27,1,2725,2723,0.995553531338,0.992485569762,75,7.5,27,1,2073,2067,0.010737865515,0.001533980788,75,7.5,26,1
585,2026-09-05T05:30:52.572638+00:00,175013796000000,175013843000000,42.250000000,online_inference,5,0,2089,2087,0.101242732000,0.098174770425,76,7.6,27,0,2740,2745,1.033903051035,1.041572954974,75,7.5,26,0,2445,2438,0.593650564912,0.582912699397,76,7.6,27,1,2725,2723,0.995553531338,0.992485569762,75,7.5,27,0,2073,2067,0.010737865515,0.001533980788,76,7.6,26,1
586,2026-09-05T05:30:52.658554+00:00,175013859000000,175013937000000,42.344000000,online_inference,5,0,2089,2087,0.101242732000,0.098174770425,76,7.6,27,1,2740,2745,1.033903051035,1.041572954974,75,7.5,25,1,2445,2438,0.593650564912,0.582912699397,76,7.6,27,1,2725,2723,0.995553531338,0.992485569762,75,7.5,27,1,2073,2067,0.010737865515,0.001533980788,75,7.5,26,1
587,2026-09-05T05:30:52.780297+00:00,175013953000000,175014062000000,42.469000000,online_inference,5,0,2089,2087,0.101242732000,0.098174770425,76,7.6,27,1,2740,2745,1.033903051035,1.041572954974,75,7.5,25,1,2445,2438,0.593650564912,0.582912699397,76,7.6,27,1,2725,2723,0.995553531338,0.992485569762,75,7.5,27,0,2073,2067,0.010737865515,0.001533980788,75,7.5,26,1
588,2026-09-05T05:30:52.924484+00:00,175014093000000,175014203000000,42.610000000,online_inference,5,0,2089,2087,0.101242732000,0.098174770425,76,7.6,27,0,2740,2745,1.033903051035,1.041572954974,75,7.5,26,1,2445,2438,0.593650564912,0.582912699397,76,7.6,27,1,2725,2723,0.995553531338,0.992485569762,75,7.5,27,0,2073,2067,0.010737865515,0.001533980788,75,7.5,26,0
589,2026-09-05T05:30:53.030037+00:00,175014218000000,175014312000000,42.719000000,online_inference,5,0,2089,2087,0.101242732000,0.098174770425,76,7.6,27,1,2740,2745,1.033903051035,1.041572954974,75,7.5,26,0,2445,2438,0.593650564912,0.582912699397,76,7.6,27,1,2725,2723,0.995553531338,0.992485569762,75,7.5,27,0,2073,2067,0.010737865515,0.001533980788,75,7.5,26,1
590,2026-09-05T05:30:53.158086+00:00,175014328000000,175014437000000,42.844000000,online_inference,5,0,2089,2087,0.101242732000,0.098174770425,76,7.6,27,1,2740,2745,1.033903051035,1.041572954974,75,7.5,26,1,2445,2438,0.593650564912,0.582912699397,76,7.6,27,1,2725,2723,0.995553531338,0.992485569762,75,7.5,27,1,2073,2067,0.010737865515,0.001533980788,75,7.5,26,1
591,2026-09-05T05:30:53.269924+00:00,175014453000000,175014546000000,42.953000000,online_inference,5,0,2089,2087,0.101242732000,0.098174770425,76,7.6,27,1,2740,2745,1.033903051035,1.041572954974,75,7.5,25,0,2445,2438,0.593650564912,0.582912699397,76,7.6,27,1,2725,2723,0.995553531338,0.992485569762,75,7.5,27,0,2073,2067,0.010737865515,0.001533980788,75,7.5,26,1
592,2026-09-05T05:30:53.359626+00:00,175014562000000,175014640000000,43.047000000,online_inference,5,0,2089,2087,0.101242732000,0.098174770425,76,7.6,27,0,2740,2745,1.033903051035,1.041572954974,75,7.5,26,1,2445,2438,0.593650564912,0.582912699397,76,7.6,27,1,2725,2723,0.995553531338,0.992485569762,75,7.5,27,0,2073,2067,0.010737865515,0.001533980788,75,7.5,26,1
593,2026-09-05T05:30:53.490024+00:00,175014671000000,175014765000000,43.172000000,online_inference,5,0,2089,2087,0.101242732000,0.098174770425,76,7.6,27,1,2740,2745,1.033903051035,1.041572954974,75,7.5,26,1,2445,2438,0.593650564912,0.582912699397,76,7.6,27,1,2725,2723,0.995553531338,0.992485569762,75,7.5,27,0,2073,2067,0.010737865515,0.001533980788,75,7.5,26,1
594,2026-09-05T05:30:53.588854+00:00,175014781000000,175014859000000,43.266000000,online_inference,5,0,2089,2087,0.101242732000,0.098174770425,76,7.6,27,1,2740,2745,1.033903051035,1.041572954974,75,7.5,26,0,2445,2438,0.593650564912,0.582912699397,76,7.6,27,1,2725,2723,0.995553531338,0.992485569762,75,7.5,27,0,2073,2067,0.010737865515,0.001533980788,76,7.6,26,1
595,2026-09-05T05:30:53.675388+00:00,175014875000000,175014953000000,43.360000000,online_inference,5,0,2089,2087,0.101242732000,0.098174770425,76,7.6,27,1,2740,2745,1.033903051035,1.041572954974,75,7.5,26,0,2445,2438,0.593650564912,0.582912699397,76,7.6,27,1,2725,2723,0.995553531338,0.992485569762,75,7.5,27,0,2073,2067,0.010737865515,0.001533980788,76,7.6,26,1
596,2026-09-05T05:30:53.778571+00:00,175014968000000,175015046000000,43.453000000,online_inference,5,0,2089,2087,0.101242732000,0.098174770425,76,7.6,27,1,2740,2745,1.033903051035,1.041572954974,75,7.5,25,1,2445,2438,0.593650564912,0.582912699397,76,7.6,27,1,2725,2723,0.995553531338,0.992485569762,75,7.5,27,1,2073,2067,0.010737865515,0.001533980788,75,7.5,26,1
597,2026-09-05T05:30:53.865189+00:00,175015062000000,175015140000000,43.547000000,online_inference,5,0,2089,2087,0.101242732000,0.098174770425,76,7.6,27,1,2740,2745,1.033903051035,1.041572954974,75,7.5,26,1,2445,2438,0.593650564912,0.582912699397,76,7.6,27,1,2725,2723,0.995553531338,0.992485569762,75,7.5,27,0,2073,2067,0.010737865515,0.001533980788,75,7.5,26,1
598,2026-09-05T05:30:53.953484+00:00,175015156000000,175015234000000,43.641000000,online_inference,5,0,2089,2087,0.101242732000,0.098174770425,76,7.6,27,1,2740,2745,1.033903051035,1.041572954974,75,7.5,26,1,2445,2438,0.593650564912,0.582912699397,76,7.6,27,1,2725,2723,0.995553531338,0.992485569762,75,7.5,27,0,2073,2067,0.010737865515,0.001533980788,75,7.5,26,1
599,2026-09-05T05:30:54.069487+00:00,175015281000000,175015343000000,43.750000000,online_inference,5,0,2089,2087,0.101242732000,0.098174770425,76,7.6,27,1,2740,2745,1.033903051035,1.041572954974,75,7.5,25,1,2445,2438,0.593650564912,0.582912699397,76,7.6,27,1,2725,2723,0.995553531338,0.992485569762,75,7.5,27,1,2073,2067,0.010737865515,0.001533980788,76,7.6,26,0
600,2026-09-05T05:30:54.151502+00:00,175015359000000,175015421000000,43.828000000,online_inference,5,0,2089,2087,0.101242732000,0.098174770425,76,7.6,27,0,2740,2745,1.033903051035,1.041572954974,75,7.5,25,1,2445,2438,0.593650564912,0.582912699397,76,7.6,27,1,2725,2723,0.995553531338,0.992485569762,75,7.5,27,1,2073,2067,0.010737865515,0.001533980788,75,7.5,26,1
601,2026-09-05T05:30:54.220054+00:00,175015437000000,175015500000000,43.907000000,online_inference,5,0,2089,2087,0.101242732000,0.098174770425,76,7.6,27,0,2740,2745,1.033903051035,1.041572954974,75,7.5,25,0,2445,2438,0.593650564912,0.582912699397,76,7.6,27,1,2725,2723,0.995553531338,0.992485569762,75,7.5,27,0,2073,2067,0.010737865515,0.001533980788,75,7.5,26,1
602,2026-09-05T05:30:54.305153+00:00,175015515000000,175015578000000,43.985000000,online_inference,5,0,2089,2087,0.101242732000,0.098174770425,76,7.6,27,0,2740,2745,1.033903051035,1.041572954974,75,7.5,26,1,2445,2438,0.593650564912,0.582912699397,76,7.6,27,2,2725,2723,0.995553531338,0.992485569762,75,7.5,27,1,2073,2067,0.010737865515,0.001533980788,75,7.5,26,1
603,2026-09-05T05:30:54.385927+00:00,175015593000000,175015656000000,44.063000000,online_inference,5,0,2089,2087,0.101242732000,0.098174770425,76,7.6,27,0,2740,2745,1.033903051035,1.041572954974,75,7.5,25,1,2445,2438,0.593650564912,0.582912699397,76,7.6,27,1,2725,2723,0.995553531338,0.992485569762,75,7.5,27,1,2073,2067,0.010737865515,0.001533980788,76,7.6,26,1
604,2026-09-05T05:30:54.452376+00:00,175015671000000,175015734000000,44.141000000,online_inference,5,0,2089,2087,0.101242732000,0.098174770425,76,7.6,27,0,2740,2745,1.033903051035,1.041572954974,75,7.5,25,0,2445,2438,0.593650564912,0.582912699397,76,7.6,27,1,2725,2723,0.995553531338,0.992485569762,75,7.5,27,0,2073,2067,0.010737865515,0.001533980788,75,7.5,26,1
605,2026-09-05T05:30:54.532350+00:00,175015750000000,175015812000000,44.219000000,online_inference,5,0,2089,2087,0.101242732000,0.098174770425,76,7.6,27,1,2740,2745,1.033903051035,1.041572954974,75,7.5,25,1,2445,2438,0.593650564912,0.582912699397,76,7.6,27,1,2725,2723,0.995553531338,0.992485569762,75,7.5,27,1,2073,2067,0.010737865515,0.001533980788,75,7.5,26,1
606,2026-09-05T05:30:54.633313+00:00,175015843000000,175015906000000,44.313000000,online_inference,5,0,2089,2087,0.101242732000,0.098174770425,76,7.6,27,0,2740,2745,1.033903051035,1.041572954974,75,7.5,25,1,2445,2438,0.593650564912,0.582912699397,76,7.6,27,1,2725,2723,0.995553531338,0.992485569762,75,7.5,27,0,2073,2067,0.010737865515,0.001533980788,75,7.5,26,1
607,2026-09-05T05:30:54.715176+00:00,175015921000000,175015984000000,44.391000000,online_inference,5,0,2089,2087,0.101242732000,0.098174770425,76,7.6,27,1,2740,2745,1.033903051035,1.041572954974,75,7.5,25,0,2445,2438,0.593650564912,0.582912699397,76,7.6,27,2,2725,2723,0.995553531338,0.992485569762,75,7.5,27,0,2073,2067,0.010737865515,0.001533980788,75,7.5,26,1
608,2026-09-05T05:30:54.792215+00:00,175016000000000,175016062000000,44.469000000,online_inference,5,0,2089,2087,0.101242732000,0.098174770425,76,7.6,27,1,2740,2745,1.033903051035,1.041572954974,75,7.5,26,1,2445,2438,0.593650564912,0.582912699397,76,7.6,27,1,2725,2723,0.995553531338,0.992485569762,75,7.5,27,1,2073,2067,0.010737865515,0.001533980788,75,7.5,26,1
609,2026-09-05T05:30:54.873099+00:00,175016078000000,175016140000000,44.547000000,online_inference,5,0,2089,2087,0.101242732000,0.098174770425,76,7.6,27,1,2740,2745,1.033903051035,1.041572954974,75,7.5,25,1,2445,2438,0.593650564912,0.582912699397,75,7.5,27,2,2725,2723,0.995553531338,0.992485569762,75,7.5,27,1,2073,2067,0.010737865515,0.001533980788,76,7.6,26,1
610,2026-09-05T05:30:54.937119+00:00,175016156000000,175016218000000,44.625000000,online_inference,5,0,2089,2087,0.101242732000,0.098174770425,76,7.6,27,0,2740,2745,1.033903051035,1.041572954974,75,7.5,25,0,2445,2438,0.593650564912,0.582912699397,76,7.6,27,1,2725,2723,0.995553531338,0.992485569762,75,7.5,27,1,2073,2067,0.010737865515,0.001533980788,75,7.5,26,0
611,2026-09-05T05:30:55.019186+00:00,175016234000000,175016296000000,44.703000000,online_inference,5,0,2089,2087,0.101242732000,0.098174770425,76,7.6,27,0,2740,2745,1.033903051035,1.041572954974,75,7.5,25,1,2445,2438,0.593650564912,0.582912699397,76,7.6,27,1,2725,2723,0.995553531338,0.992485569762,75,7.5,27,0,2073,2067,0.010737865515,0.001533980788,76,7.6,26,1
612,2026-09-05T05:30:55.103232+00:00,175016312000000,175016375000000,44.782000000,online_inference,5,0,2089,2087,0.101242732000,0.098174770425,76,7.6,27,0,2740,2745,1.033903051035,1.041572954974,75,7.5,25,1,2445,2438,0.593650564912,0.582912699397,76,7.6,27,1,2725,2723,0.995553531338,0.992485569762,75,7.5,27,1,2073,2067,0.010737865515,0.001533980788,76,7.6,26,1
613,2026-09-05T05:30:55.222116+00:00,175016421000000,175016500000000,44.907000000,online_inference,5,0,2089,2087,0.101242732000,0.098174770425,76,7.6,27,0,2740,2745,1.033903051035,1.041572954974,75,7.5,26,1,2445,2438,0.593650564912,0.582912699397,76,7.6,27,1,2725,2723,0.995553531338,0.992485569762,75,7.5,27,1,2073,2067,0.010737865515,0.001533980788,75,7.5,26,1
614,2026-09-05T05:30:55.319834+00:00,175016515000000,175016593000000,45.000000000,online_inference,5,0,2089,2087,0.101242732000,0.098174770425,76,7.6,27,0,2740,2745,1.033903051035,1.041572954974,75,7.5,25,1,2445,2438,0.593650564912,0.582912699397,76,7.6,27,2,2725,2723,0.995553531338,0.992485569762,75,7.5,27,0,2073,2067,0.010737865515,0.001533980788,75,7.5,26,1
615,2026-09-05T05:30:55.392026+00:00,175016609000000,175016671000000,45.078000000,online_inference,5,0,2089,2087,0.101242732000,0.098174770425,76,7.6,27,0,2740,2745,1.033903051035,1.041572954974,75,7.5,26,1,2445,2438,0.593650564912,0.582912699397,76,7.6,27,1,2725,2723,0.995553531338,0.992485569762,75,7.5,27,1,2073,2067,0.010737865515,0.001533980788,75,7.5,26,1
616,2026-09-05T05:30:55.476703+00:00,175016687000000,175016750000000,45.157000000,online_inference,5,0,2089,2087,0.101242732000,0.098174770425,76,7.6,27,1,2740,2745,1.033903051035,1.041572954974,75,7.5,26,1,2445,2438,0.593650564912,0.582912699397,76,7.6,27,1,2725,2723,0.995553531338,0.992485569762,75,7.5,27,1,2073,2067,0.010737865515,0.001533980788,75,7.5,26,1
617,2026-09-05T05:30:55.557702+00:00,175016765000000,175016828000000,45.235000000,online_inference,5,0,2089,2087,0.101242732000,0.098174770425,76,7.6,27,1,2740,2745,1.033903051035,1.041572954974,75,7.5,25,1,2445,2438,0.593650564912,0.582912699397,76,7.6,27,1,2725,2723,0.995553531338,0.992485569762,75,7.5,27,0,2073,2067,0.010737865515,0.001533980788,75,7.5,26,1
618,2026-09-05T05:30:55.636336+00:00,175016843000000,175016906000000,45.313000000,online_inference,5,0,2089,2087,0.101242732000,0.098174770425,76,7.6,27,0,2740,2745,1.033903051035,1.041572954974,75,7.5,25,1,2445,2438,0.593650564912,0.582912699397,76,7.6,27,1,2725,2723,0.995553531338,0.992485569762,75,7.5,27,0,2073,2067,0.010737865515,0.001533980788,75,7.5,26,1
619,2026-09-05T05:30:55.739780+00:00,175016937000000,175017015000000,45.422000000,online_inference,5,0,2089,2087,0.101242732000,0.098174770425,76,7.6,27,1,2740,2745,1.033903051035,1.041572954974,75,7.5,25,0,2445,2438,0.593650564912,0.582912699397,76,7.6,27,0,2725,2723,0.995553531338,0.992485569762,75,7.5,27,1,2073,2067,0.010737865515,0.001533980788,75,7.5,26,1
620,2026-09-05T05:30:55.815313+00:00,175017031000000,175017093000000,45.500000000,online_inference,5,0,2089,2087,0.101242732000,0.098174770425,76,7.6,27,0,2740,2745,1.033903051035,1.041572954974,75,7.5,25,1,2445,2438,0.593650564912,0.582912699397,76,7.6,27,1,2725,2723,0.995553531338,0.992485569762,75,7.5,27,1,2073,2067,0.010737865515,0.001533980788,75,7.5,26,1
621,2026-09-05T05:30:55.893570+00:00,175017109000000,175017171000000,45.578000000,online_inference,5,0,2089,2087,0.101242732000,0.098174770425,76,7.6,27,0,2740,2745,1.033903051035,1.041572954974,75,7.5,26,0,2445,2438,0.593650564912,0.582912699397,76,7.6,27,1,2725,2723,0.995553531338,0.992485569762,75,7.5,27,1,2073,2067,0.010737865515,0.001533980788,75,7.5,26,1
622,2026-09-05T05:30:55.984806+00:00,175017187000000,175017265000000,45.672000000,online_inference,5,0,2089,2087,0.101242732000,0.098174770425,76,7.6,27,0,2740,2745,1.033903051035,1.041572954974,75,7.5,25,1,2445,2438,0.593650564912,0.582912699397,75,7.5,27,1,2725,2723,0.995553531338,0.992485569762,75,7.5,27,1,2073,2067,0.010737865515,0.001533980788,75,7.5,26,1
623,2026-09-05T05:30:56.066683+00:00,175017281000000,175017343000000,45.750000000,online_inference,5,0,2089,2087,0.101242732000,0.098174770425,76,7.6,27,1,2740,2745,1.033903051035,1.041572954974,75,7.5,25,1,2445,2438,0.593650564912,0.582912699397,76,7.6,27,1,2725,2723,0.995553531338,0.992485569762,75,7.5,27,0,2073,2067,0.010737865515,0.001533980788,75,7.5,26,1
624,2026-09-05T05:30:56.135752+00:00,175017359000000,175017406000000,45.813000000,online_inference,5,0,2089,2087,0.101242732000,0.098174770425,76,7.6,27,1,2740,2745,1.033903051035,1.041572954974,75,7.5,25,1,2445,2438,0.593650564912,0.582912699397,76,7.6,27,2,2725,2723,0.995553531338,0.992485569762,75,7.5,27,1,2073,2067,0.010737865515,0.001533980788,75,7.5,26,1
625,2026-09-05T05:30:56.220812+00:00,175017421000000,175017500000000,45.907000000,online_inference,5,0,2089,2087,0.101242732000,0.098174770425,76,7.6,27,0,2740,2745,1.033903051035,1.041572954974,75,7.5,26,1,2445,2438,0.593650564912,0.582912699397,76,7.6,27,0,2725,2723,0.995553531338,0.992485569762,75,7.5,27,1,2073,2067,0.010737865515,0.001533980788,75,7.5,26,1
626,2026-09-05T05:30:56.342584+00:00,175017531000000,175017625000000,46.032000000,online_inference,5,0,2089,2087,0.101242732000,0.098174770425,76,7.6,27,0,2740,2745,1.033903051035,1.041572954974,75,7.5,26,1,2445,2438,0.593650564912,0.582912699397,76,7.6,27,1,2725,2723,0.995553531338,0.992485569762,75,7.5,27,1,2073,2067,0.010737865515,0.001533980788,75,7.5,26,1
627,2026-09-05T05:30:56.447554+00:00,175017640000000,175017718000000,46.125000000,online_inference,5,0,2089,2087,0.101242732000,0.098174770425,76,7.6,27,1,2740,2745,1.033903051035,1.041572954974,75,7.5,26,1,2445,2438,0.593650564912,0.582912699397,76,7.6,27,1,2725,2723,0.995553531338,0.992485569762,75,7.5,27,1,2073,2067,0.010737865515,0.001533980788,75,7.5,26,0
628,2026-09-05T05:30:56.514208+00:00,175017734000000,175017796000000,46.203000000,online_inference,5,0,2089,2087,0.101242732000,0.098174770425,76,7.6,27,1,2740,2745,1.033903051035,1.041572954974,75,7.5,25,1,2445,2438,0.593650564912,0.582912699397,76,7.6,27,1,2725,2723,0.995553531338,0.992485569762,75,7.5,27,0,2073,2067,0.010737865515,0.001533980788,75,7.5,26,1
629,2026-09-05T05:30:56.593546+00:00,175017812000000,175017875000000,46.282000000,online_inference,5,0,2089,2087,0.101242732000,0.098174770425,76,7.6,27,1,2740,2745,1.033903051035,1.041572954974,75,7.5,25,1,2445,2438,0.593650564912,0.582912699397,76,7.6,27,1,2725,2723,0.995553531338,0.992485569762,75,7.5,27,1,2073,2067,0.010737865515,0.001533980788,75,7.5,26,1
630,2026-09-05T05:30:56.689848+00:00,175017890000000,175017968000000,46.375000000,online_inference,5,0,2089,2087,0.101242732000,0.098174770425,76,7.6,27,1,2740,2745,1.033903051035,1.041572954974,75,7.5,26,1,2445,2438,0.593650564912,0.582912699397,75,7.5,27,1,2725,2723,0.995553531338,0.992485569762,75,7.5,27,1,2073,2067,0.010737865515,0.001533980788,76,7.6,26,1
631,2026-09-05T05:30:56.775548+00:00,175017984000000,175018046000000,46.453000000,online_inference,5,0,2089,2087,0.101242732000,0.098174770425,76,7.6,27,1,2740,2745,1.033903051035,1.041572954974,75,7.5,25,1,2445,2438,0.593650564912,0.582912699397,76,7.6,27,0,2725,2723,0.995553531338,0.992485569762,75,7.5,27,1,2073,2067,0.010737865515,0.001533980788,75,7.5,26,1
632,2026-09-05T05:30:56.872979+00:00,175018078000000,175018140000000,46.547000000,online_inference,5,0,2089,2087,0.101242732000,0.098174770425,76,7.6,27,0,2740,2745,1.033903051035,1.041572954974,75,7.5,26,0,2445,2438,0.593650564912,0.582912699397,76,7.6,27,1,2725,2723,0.995553531338,0.992485569762,75,7.5,27,0,2073,2067,0.010737865515,0.001533980788,75,7.5,25,1
633,2026-09-05T05:30:56.947989+00:00,175018156000000,175018218000000,46.625000000,online_inference,5,0,2089,2087,0.101242732000,0.098174770425,76,7.6,27,0,2740,2745,1.033903051035,1.041572954974,75,7.5,25,1,2445,2438,0.593650564912,0.582912699397,76,7.6,27,1,2725,2723,0.995553531338,0.992485569762,75,7.5,27,0,2073,2067,0.010737865515,0.001533980788,75,7.5,26,1
634,2026-09-05T05:30:57.026814+00:00,175018234000000,175018296000000,46.703000000,online_inference,5,0,2089,2087,0.101242732000,0.098174770425,76,7.6,27,0,2740,2745,1.033903051035,1.041572954974,75,7.5,26,0,2445,2438,0.593650564912,0.582912699397,76,7.6,27,2,2725,2723,0.995553531338,0.992485569762,75,7.5,27,0,2073,2067,0.010737865515,0.001533980788,76,7.6,26,1
635,2026-09-05T05:30:57.096213+00:00,175018312000000,175018375000000,46.782000000,online_inference,5,0,2089,2087,0.101242732000,0.098174770425,76,7.6,27,1,2740,2745,1.033903051035,1.041572954974,75,7.5,26,1,2445,2438,0.593650564912,0.582912699397,76,7.6,27,1,2725,2723,0.995553531338,0.992485569762,75,7.5,27,0,2073,2067,0.010737865515,0.001533980788,75,7.5,26,1
636,2026-09-05T05:30:57.191668+00:00,175018390000000,175018468000000,46.875000000,online_inference,5,0,2089,2087,0.101242732000,0.098174770425,76,7.6,27,1,2740,2745,1.033903051035,1.041572954974,75,7.5,26,1,2445,2438,0.593650564912,0.582912699397,76,7.6,27,1,2725,2723,0.995553531338,0.992485569762,75,7.5,27,1,2073,2067,0.010737865515,0.001533980788,75,7.5,26,1
637,2026-09-05T05:30:57.262682+00:00,175018484000000,175018531000000,46.938000000,online_inference,5,0,2089,2087,0.101242732000,0.098174770425,76,7.6,27,0,2740,2745,1.033903051035,1.041572954974,75,7.5,26,0,2445,2438,0.593650564912,0.582912699397,76,7.6,27,1,2725,2723,0.995553531338,0.992485569762,75,7.5,27,1,2073,2067,0.010737865515,0.001533980788,76,7.6,26,1
638,2026-09-05T05:30:57.331818+00:00,175018546000000,175018609000000,47.016000000,online_inference,5,0,2089,2087,0.101242732000,0.098174770425,76,7.6,27,1,2740,2745,1.033903051035,1.041572954974,75,7.5,25,1,2445,2438,0.593650564912,0.582912699397,76,7.6,27,1,2725,2723,0.995553531338,0.992485569762,75,7.5,27,1,2073,2067,0.010737865515,0.001533980788,75,7.5,26,1
639,2026-09-05T05:30:57.434221+00:00,175018640000000,175018703000000,47.110000000,online_inference,5,0,2089,2087,0.101242732000,0.098174770425,76,7.6,27,1,2740,2745,1.033903051035,1.041572954974,75,7.5,25,1,2445,2438,0.593650564912,0.582912699397,76,7.6,27,1,2725,2723,0.995553531338,0.992485569762,75,7.5,27,1,2073,2067,0.010737865515,0.001533980788,75,7.5,26,0
640,2026-09-05T05:30:57.491376+00:00,175018718000000,175018765000000,47.172000000,online_inference,5,0,2089,2087,0.101242732000,0.098174770425,76,7.6,27,1,2740,2745,1.033903051035,1.041572954974,75,7.5,25,1,2445,2438,0.593650564912,0.582912699397,75,7.5,27,1,2725,2723,0.995553531338,0.992485569762,75,7.5,27,0,2073,2067,0.010737865515,0.001533980788,75,7.5,26,1
641,2026-09-05T05:30:57.556209+00:00,175018781000000,175018828000000,47.235000000,online_inference,5,0,2089,2087,0.101242732000,0.098174770425,76,7.6,27,1,2740,2745,1.033903051035,1.041572954974,75,7.5,26,1,2445,2438,0.593650564912,0.582912699397,76,7.6,27,1,2725,2723,0.995553531338,0.992485569762,75,7.5,27,1,2073,2067,0.010737865515,0.001533980788,75,7.5,26,1
642,2026-09-05T05:30:57.621365+00:00,175018843000000,175018890000000,47.297000000,online_inference,5,0,2089,2087,0.101242732000,0.098174770425,76,7.6,27,0,2740,2745,1.033903051035,1.041572954974,75,7.5,26,1,2445,2438,0.593650564912,0.582912699397,76,7.6,27,1,2725,2723,0.995553531338,0.992485569762,75,7.5,27,1,2073,2067,0.010737865515,0.001533980788,75,7.5,26,0
643,2026-09-05T05:30:57.685853+00:00,175018906000000,175018953000000,47.360000000,online_inference,5,0,2089,2087,0.101242732000,0.098174770425,76,7.6,27,1,2740,2745,1.033903051035,1.041572954974,75,7.5,25,1,2445,2438,0.593650564912,0.582912699397,75,7.5,27,1,2725,2723,0.995553531338,0.992485569762,75,7.5,27,0,2073,2067,0.010737865515,0.001533980788,76,7.6,26,1
644,2026-09-05T05:30:57.754802+00:00,175018968000000,175019031000000,47.438000000,online_inference,5,0,2089,2087,0.101242732000,0.098174770425,76,7.6,27,0,2740,2745,1.033903051035,1.041572954974,75,7.5,26,1,2445,2438,0.593650564912,0.582912699397,76,7.6,27,1,2725,2723,0.995553531338,0.992485569762,75,7.5,27,1,2073,2067,0.010737865515,0.001533980788,75,7.5,26,1
645,2026-09-05T05:30:57.816377+00:00,175019046000000,175019093000000,47.500000000,online_inference,5,0,2089,2087,0.101242732000,0.098174770425,76,7.6,27,1,2740,2745,1.033903051035,1.041572954974,75,7.5,25,1,2445,2438,0.593650564912,0.582912699397,76,7.6,27,1,2725,2723,0.995553531338,0.992485569762,75,7.5,27,0,2073,2067,0.010737865515,0.001533980788,76,7.6,26,0
646,2026-09-05T05:30:57.908178+00:00,175019109000000,175019187000000,47.594000000,online_inference,5,0,2089,2087,0.101242732000,0.098174770425,76,7.6,27,1,2740,2745,1.033903051035,1.041572954974,75,7.5,26,1,2445,2438,0.593650564912,0.582912699397,76,7.6,27,1,2725,2723,0.995553531338,0.992485569762,75,7.5,27,0,2073,2067,0.010737865515,0.001533980788,75,7.5,26,1
647,2026-09-05T05:30:58.017055+00:00,175019218000000,175019296000000,47.703000000,online_inference,5,0,2089,2087,0.101242732000,0.098174770425,76,7.6,27,1,2740,2745,1.033903051035,1.041572954974,75,7.5,26,1,2445,2438,0.593650564912,0.582912699397,76,7.6,27,1,2725,2723,0.995553531338,0.992485569762,75,7.5,27,0,2073,2067,0.010737865515,0.001533980788,75,7.5,26,1
648,2026-09-05T05:30:58.096179+00:00,175019312000000,175019375000000,47.782000000,online_inference,5,0,2089,2087,0.101242732000,0.098174770425,76,7.6,27,0,2740,2745,1.033903051035,1.041572954974,75,7.5,25,1,2445,2438,0.593650564912,0.582912699397,76,7.6,27,1,2725,2723,0.995553531338,0.992485569762,75,7.5,27,1,2073,2067,0.010737865515,0.001533980788,75,7.5,26,1
649,2026-09-05T05:30:58.187973+00:00,175019390000000,175019468000000,47.875000000,online_inference,5,0,2089,2087,0.101242732000,0.098174770425,76,7.6,27,1,2740,2745,1.033903051035,1.041572954974,75,7.5,25,1,2445,2438,0.593650564912,0.582912699397,76,7.6,27,1,2725,2723,0.995553531338,0.992485569762,75,7.5,27,0,2073,2067,0.010737865515,0.001533980788,75,7.5,26,1
650,2026-09-05T05:30:58.294596+00:00,175019484000000,175019562000000,47.969000000,online_inference,5,0,2089,2087,0.101242732000,0.098174770425,76,7.6,27,0,2740,2745,1.033903051035,1.041572954974,75,7.5,26,1,2445,2438,0.593650564912,0.582912699397,76,7.6,27,1,2725,2723,0.995553531338,0.992485569762,75,7.5,27,1,2073,2067,0.010737865515,0.001533980788,75,7.5,26,1
651,2026-09-05T05:30:58.390660+00:00,175019578000000,175019671000000,48.078000000,online_inference,5,0,2089,2087,0.101242732000,0.098174770425,76,7.6,27,0,2740,2745,1.033903051035,1.041572954974,75,7.5,26,1,2445,2438,0.593650564912,0.582912699397,76,7.6,27,1,2725,2723,0.995553531338,0.992485569762,75,7.5,27,1,2073,2067,0.010737865515,0.001533980788,75,7.5,26,1
652,2026-09-05T05:30:58.507514+00:00,175019687000000,175019781000000,48.188000000,online_inference,5,0,2089,2087,0.101242732000,0.098174770425,76,7.6,27,1,2740,2745,1.033903051035,1.041572954974,75,7.5,26,1,2445,2438,0.593650564912,0.582912699397,76,7.6,27,1,2725,2723,0.995553531338,0.992485569762,75,7.5,27,1,2073,2067,0.010737865515,0.001533980788,75,7.5,26,1
653,2026-09-05T05:30:58.645039+00:00,175019828000000,175019921000000,48.328000000,online_inference,5,0,2089,2087,0.101242732000,0.098174770425,76,7.6,27,1,2740,2745,1.033903051035,1.041572954974,75,7.5,26,1,2445,2438,0.593650564912,0.582912699397,76,7.6,27,1,2725,2723,0.995553531338,0.992485569762,75,7.5,27,1,2073,2067,0.010737865515,0.001533980788,75,7.5,26,1
654,2026-09-05T05:30:58.746471+00:00,175019937000000,175020015000000,48.422000000,online_inference,5,0,2089,2087,0.101242732000,0.098174770425,76,7.6,27,1,2740,2745,1.033903051035,1.041572954974,75,7.5,25,1,2445,2438,0.593650564912,0.582912699397,76,7.6,27,1,2725,2723,0.995553531338,0.992485569762,75,7.5,27,1,2073,2067,0.010737865515,0.001533980788,75,7.5,26,1
655,2026-09-05T05:30:58.834047+00:00,175020031000000,175020109000000,48.516000000,online_inference,5,0,2089,2087,0.101242732000,0.098174770425,76,7.6,27,1,2740,2745,1.033903051035,1.041572954974,75,7.5,25,1,2445,2438,0.593650564912,0.582912699397,76,7.6,27,1,2725,2723,0.995553531338,0.992485569762,75,7.5,27,0,2073,2067,0.010737865515,0.001533980788,75,7.5,26,1
656,2026-09-05T05:30:58.931775+00:00,175020125000000,175020203000000,48.610000000,online_inference,5,0,2089,2087,0.101242732000,0.098174770425,76,7.6,27,1,2740,2745,1.033903051035,1.041572954974,75,7.5,26,1,2445,2438,0.593650564912,0.582912699397,76,7.6,27,1,2725,2723,0.995553531338,0.992485569762,75,7.5,27,1,2073,2067,0.010737865515,0.001533980788,75,7.5,26,1
657,2026-09-05T05:30:59.013214+00:00,175020218000000,175020281000000,48.688000000,online_inference,5,0,2089,2087,0.101242732000,0.098174770425,76,7.6,27,1,2740,2745,1.033903051035,1.041572954974,75,7.5,26,1,2445,2438,0.593650564912,0.582912699397,76,7.6,27,1,2725,2723,0.995553531338,0.992485569762,75,7.5,27,1,2073,2067,0.010737865515,0.001533980788,75,7.5,26,1
658,2026-09-05T05:30:59.082601+00:00,175020296000000,175020359000000,48.766000000,online_inference,5,0,2089,2087,0.101242732000,0.098174770425,76,7.6,27,1,2740,2745,1.033903051035,1.041572954974,75,7.5,25,0,2445,2438,0.593650564912,0.582912699397,76,7.6,27,1,2725,2723,0.995553531338,0.992485569762,75,7.5,27,1,2073,2067,0.010737865515,0.001533980788,75,7.5,26,1
659,2026-09-05T05:30:59.203464+00:00,175020406000000,175020484000000,48.891000000,online_inference,5,0,2089,2087,0.101242732000,0.098174770425,76,7.6,27,1,2740,2745,1.033903051035,1.041572954974,75,7.5,25,1,2445,2438,0.593650564912,0.582912699397,76,7.6,27,2,2725,2723,0.995553531338,0.992485569762,75,7.5,27,1,2073,2067,0.010737865515,0.001533980788,75,7.5,26,1
660,2026-09-05T05:30:59.296227+00:00,175020500000000,175020578000000,48.985000000,online_inference,5,0,2089,2087,0.101242732000,0.098174770425,76,7.6,27,1,2740,2745,1.033903051035,1.041572954974,75,7.5,26,1,2445,2438,0.593650564912,0.582912699397,76,7.6,27,1,2725,2723,0.995553531338,0.992485569762,75,7.5,27,0,2073,2067,0.010737865515,0.001533980788,75,7.5,26,1
661,2026-09-05T05:30:59.375012+00:00,175020593000000,175020656000000,49.063000000,online_inference,5,0,2089,2087,0.101242732000,0.098174770425,76,7.6,27,1,2740,2745,1.033903051035,1.041572954974,75,7.5,26,0,2445,2438,0.593650564912,0.582912699397,76,7.6,27,1,2725,2723,0.995553531338,0.992485569762,75,7.5,27,1,2073,2067,0.010737865515,0.001533980788,75,7.5,26,1
662,2026-09-05T05:30:59.466335+00:00,175020671000000,175020734000000,49.141000000,online_inference,5,0,2089,2087,0.101242732000,0.098174770425,76,7.6,27,0,2740,2745,1.033903051035,1.041572954974,75,7.5,26,1,2445,2438,0.593650564912,0.582912699397,76,7.6,27,1,2725,2723,0.995553531338,0.992485569762,75,7.5,27,0,2073,2067,0.010737865515,0.001533980788,75,7.5,26,1
663,2026-09-05T05:30:59.529549+00:00,175020750000000,175020796000000,49.203000000,online_inference,5,0,2089,2087,0.101242732000,0.098174770425,76,7.6,27,1,2740,2745,1.033903051035,1.041572954974,75,7.5,26,1,2445,2438,0.593650564912,0.582912699397,76,7.6,27,0,2725,2723,0.995553531338,0.992485569762,75,7.5,27,1,2073,2067,0.010737865515,0.001533980788,75,7.5,26,1
664,2026-09-05T05:30:59.594901+00:00,175020828000000,175020875000000,49.282000000,online_inference,5,0,2089,2087,0.101242732000,0.098174770425,76,7.6,27,1,2740,2745,1.033903051035,1.041572954974,75,7.5,26,1,2445,2438,0.593650564912,0.582912699397,76,7.6,27,2,2725,2723,0.995553531338,0.992485569762,75,7.5,27,1,2073,2067,0.010737865515,0.001533980788,75,7.5,26,1
665,2026-09-05T05:30:59.668564+00:00,175020890000000,175020937000000,49.344000000,online_archive,5,0,2089,2087,0.101242732000,0.098174770425,76,7.6,27,1,2740,2745,1.033903051035,1.041572954974,75,7.5,26,0,2445,2438,0.593650564912,0.582912699397,76,7.6,27,1,2725,2723,0.995553531338,0.992485569762,75,7.5,27,1,2073,2067,0.010737865515,0.001533980788,75,7.5,26,1
666,2026-09-05T05:30:59.740643+00:00,175020968000000,175021015000000,49.422000000,online_archive,5,0,2089,2087,0.101242732000,0.098174770425,76,7.6,27,1,2740,2745,1.033903051035,1.041572954974,75,7.5,25,0,2445,2438,0.593650564912,0.582912699397,76,7.6,27,1,2725,2723,0.995553531338,0.992485569762,75,7.5,27,0,2073,2067,0.010737865515,0.001533980788,75,7.5,26,1
667,2026-09-05T05:30:59.844243+00:00,175021062000000,175021125000000,49.532000000,fixed_trajectory,5,0,2089,2087,0.101242732000,0.098174770425,76,7.6,27,1,2740,2745,1.033903051035,1.041572954974,75,7.5,26,0,2445,2438,0.593650564912,0.582912699397,76,7.6,27,1,2725,2723,0.995553531338,0.992485569762,75,7.5,27,1,2073,2067,0.010737865515,0.001533980788,75,7.5,26,1
668,2026-09-05T05:30:59.910757+00:00,175021140000000,175021187000000,49.594000000,fixed_trajectory,5,0,2089,2087,0.101242732000,0.098174770425,76,7.6,27,0,2740,2746,1.033903051035,1.043106935762,75,7.5,25,1,2445,2437,0.593650564912,0.581378718609,76,7.6,27,2,2725,2723,0.995553531338,0.992485569762,75,7.5,27,1,2073,2067,0.010737865515,0.001533980788,76,7.6,26,1
669,2026-09-05T05:30:59.967527+00:00,175021203000000,175021250000000,49.657000000,fixed_trajectory,5,0,2089,2087,0.101242732000,0.098174770425,76,7.6,27,1,2740,2746,1.033903051035,1.043106935762,75,7.5,25,1,2445,2436,0.593650564912,0.579844737821,76,7.6,27,2,2725,2723,0.995553531338,0.992485569762,75,7.5,27,0,2073,2067,0.010737865515,0.001533980788,75,7.5,26,1
670,2026-09-05T05:31:00.034439+00:00,175021265000000,175021312000000,49.719000000,fixed_trajectory,5,0,2089,2087,0.101242732000,0.098174770425,76,7.6,27,1,2740,2747,1.033903051035,1.044640916550,75,7.5,25,1,2445,2435,0.593650564912,0.578310757033,76,7.6,27,2,2725,2723,0.995553531338,0.992485569762,75,7.5,27,1,2073,2067,0.010737865515,0.001533980788,75,7.5,26,1
671,2026-09-05T05:31:00.093992+00:00,175021328000000,175021375000000,49.782000000,fixed_trajectory,5,0,2089,2087,0.101242732000,0.098174770425,76,7.6,27,0,2740,2748,1.033903051035,1.046174897338,75,7.5,26,1,2445,2434,0.593650564912,0.576776776245,75,7.5,27,2,2725,2723,0.995553531338,0.992485569762,75,7.5,27,0,2073,2067,0.010737865515,0.001533980788,75,7.5,26,1
672,2026-09-05T05:31:00.154328+00:00,175021390000000,175021421000000,49.828000000,fixed_trajectory,5,0,2089,2087,0.101242732000,0.098174770425,76,7.6,27,1,2740,2748,1.033903051035,1.046174897338,75,7.5,26,1,2443,2433,0.590582603336,0.575242795457,75,7.5,27,1,2725,2723,0.995553531338,0.992485569762,75,7.5,27,0,2073,2067,0.010737865515,0.001533980788,75,7.5,26,1
673,2026-09-05T05:31:00.202803+00:00,175021437000000,175021484000000,49.891000000,fixed_trajectory,5,0,2089,2087,0.101242732000,0.098174770425,76,7.6,27,0,2743,2749,1.038504993399,1.047708878126,75,7.5,26,0,2440,2432,0.585980660972,0.573708814669,76,7.6,27,1,2725,2723,0.995553531338,0.992485569762,75,7.5,27,1,2073,2067,0.010737865515,0.001533980788,75,7.5,26,1
674,2026-09-05T05:31:00.413958+00:00,175021640000000,175021687000000,50.094000000,fixed_trajectory,5,0,2089,2087,0.101242732000,0.098174770425,76,7.6,27,0,2749,2750,1.047708878126,1.049242858914,75,7.5,26,0,2433,2431,0.575242795457,0.572174833881,76,7.6,27,1,2725,2723,0.995553531338,0.992485569762,75,7.5,27,1,2073,2067,0.010737865515,0.001533980788,76,7.6,26,1
675,2026-09-05T05:31:00.480300+00:00,175021703000000,175021750000000,50.157000000,fixed_trajectory,5,0,2089,2087,0.101242732000,0.098174770425,76,7.6,27,1,2749,2750,1.047708878126,1.049242858914,75,7.5,25,0,2433,2430,0.575242795457,0.570640853093,76,7.6,27,1,2725,2723,0.995553531338,0.992485569762,75,7.5,27,1,2073,2067,0.010737865515,0.001533980788,75,7.5,26,1
676,2026-09-05T05:31:00.525499+00:00,175021765000000,175021796000000,50.203000000,fixed_trajectory,5,0,2089,2087,0.101242732000,0.098174770425,76,7.6,27,1,2749,2751,1.047708878126,1.050776839702,75,7.5,26,0,2433,2429,0.575242795457,0.569106872306,76,7.6,27,0,2725,2723,0.995553531338,0.992485569762,75,7.5,27,1,2073,2067,0.010737865515,0.001533980788,75,7.5,26,1
677,2026-09-05T05:31:00.576033+00:00,175021812000000,175021843000000,50.250000000,fixed_trajectory,5,0,2089,2087,0.101242732000,0.098174770425,76,7.6,27,1,2749,2752,1.047708878126,1.052310820490,75,7.5,25,0,2433,2428,0.575242795457,0.567572891518,76,7.6,27,1,2725,2723,0.995553531338,0.992485569762,75,7.5,27,1,2073,2067,0.010737865515,0.001533980788,75,7.5,26,1
678,2026-09-05T05:31:00.619544+00:00,175021859000000,175021890000000,50.297000000,fixed_trajectory,5,0,2089,2087,0.101242732000,0.098174770425,76,7.6,27,0,2749,2752,1.047708878126,1.052310820490,75,7.5,25,1,2433,2427,0.575242795457,0.566038910730,76,7.6,27,1,2725,2723,0.995553531338,0.992485569762,75,7.5,27,1,2073,2067,0.010737865515,0.001533980788,75,7.5,26,2
679,2026-09-05T05:31:00.678074+00:00,175021906000000,175021953000000,50.360000000,fixed_trajectory,5,0,2089,2087,0.101242732000,0.098174770425,76,7.6,27,0,2749,2753,1.047708878126,1.053844801277,75,7.5,26,1,2433,2426,0.575242795457,0.564504929942,76,7.6,27,1,2725,2723,0.995553531338,0.992485569762,75,7.5,27,1,2073,2067,0.010737865515,0.001533980788,75,7.5,26,1
680,2026-09-05T05:31:00.724899+00:00,175021968000000,175022000000000,50.407000000,fixed_trajectory,5,0,2089,2088,0.101242732000,0.099708751213,76,7.6,27,1,2749,2754,1.047708878126,1.055378782065,75,7.5,26,1,2433,2425,0.575242795457,0.562970949154,75,7.5,27,0,2725,2723,0.995553531338,0.992485569762,75,7.5,27,0,2073,2068,0.010737865515,0.003067961576,75,7.5,26,1
681,2026-09-05T05:31:00.791472+00:00,175022015000000,175022062000000,50.469000000,fixed_trajectory,5,0,2089,2088,0.101242732000,0.099708751213,76,7.6,27,0,2749,2754,1.047708878126,1.055378782065,75,7.5,26,1,2433,2424,0.575242795457,0.561436968366,76,7.6,27,2,2725,2723,0.995553531338,0.992485569762,75,7.5,27,1,2073,2068,0.010737865515,0.003067961576,76,7.6,26,0
682,2026-09-05T05:31:00.842600+00:00,175022078000000,175022125000000,50.532000000,fixed_trajectory,5,0,2089,2088,0.101242732000,0.099708751213,76,7.6,27,0,2749,2755,1.047708878126,1.056912762853,75,7.5,25,1,2433,2423,0.575242795457,0.559902987578,76,7.6,27,1,2725,2723,0.995553531338,0.992485569762,75,7.5,27,1,2073,2068,0.010737865515,0.003067961576,75,7.5,26,1
683,2026-09-05T05:31:00.940787+00:00,175022156000000,175022218000000,50.625000000,fixed_trajectory,5,0,2089,2088,0.101242732000,0.099708751213,76,7.6,27,0,2749,2755,1.047708878126,1.056912762853,75,7.5,26,1,2429,2422,0.569106872306,0.558369006790,76,7.6,27,1,2725,2723,0.995553531338,0.992485569762,75,7.5,27,0,2073,2068,0.010737865515,0.003067961576,76,7.6,26,1
684,2026-09-05T05:31:00.996227+00:00,175022234000000,175022265000000,50.672000000,fixed_trajectory,5,0,2089,2088,0.101242732000,0.099708751213,76,7.6,27,0,2750,2756,1.049242858914,1.058446743641,75,7.5,25,1,2427,2421,0.566038910730,0.556835026002,76,7.6,27,0,2725,2723,0.995553531338,0.992485569762,75,7.5,27,0,2073,2068,0.010737865515,0.003067961576,76,7.6,26,1
685,2026-09-05T05:31:01.065529+00:00,175022281000000,175022343000000,50.750000000,fixed_trajectory,5,0,2089,2088,0.101242732000,0.099708751213,76,7.6,27,0,2750,2757,1.049242858914,1.059980724429,75,7.5,25,1,2427,2420,0.566038910730,0.555301045215,76,7.6,27,1,2725,2723,0.995553531338,0.992485569762,75,7.5,27,0,2073,2068,0.010737865515,0.003067961576,76,7.6,26,0
686,2026-09-05T05:31:01.134339+00:00,175022359000000,175022406000000,50.813000000,fixed_trajectory,5,0,2089,2088,0.101242732000,0.099708751213,76,7.6,27,0,2752,2757,1.052310820490,1.059980724429,75,7.5,25,1,2427,2419,0.566038910730,0.553767064427,76,7.6,27,1,2725,2723,0.995553531338,0.992485569762,75,7.5,27,1,2073,2068,0.010737865515,0.003067961576,75,7.5,26,1
687,2026-09-05T05:31:01.185598+00:00,175022421000000,175022453000000,50.860000000,fixed_trajectory,5,0,2089,2088,0.101242732000,0.099708751213,76,7.6,27,0,2753,2758,1.053844801277,1.061514705217,75,7.5,25,0,2427,2418,0.566038910730,0.552233083639,76,7.6,27,1,2725,2723,0.995553531338,0.992485569762,75,7.5,27,0,2073,2068,0.010737865515,0.003067961576,75,7.5,26,1
688,2026-09-05T05:31:01.243147+00:00,175022468000000,175022515000000,50.922000000,fixed_trajectory,5,0,2089,2088,0.101242732000,0.099708751213,76,7.6,27,0,2755,2759,1.056912762853,1.063048686005,75,7.5,25,1,2426,2417,0.564504929942,0.550699102851,75,7.5,27,0,2725,2723,0.995553531338,0.992485569762,75,7.5,27,0,2073,2068,0.010737865515,0.003067961576,76,7.6,26,0
689,2026-09-05T05:31:01.289218+00:00,175022531000000,175022562000000,50.969000000,fixed_trajectory,5,0,2089,2088,0.101242732000,0.099708751213,76,7.6,27,0,2755,2759,1.056912762853,1.063048686005,75,7.5,26,1,2422,2416,0.558369006790,0.549165122063,76,7.6,27,1,2725,2723,0.995553531338,0.992485569762,75,7.5,27,1,2073,2068,0.010737865515,0.003067961576,76,7.6,26,1
690,2026-09-05T05:31:01.353069+00:00,175022578000000,175022625000000,51.032000000,fixed_trajectory,5,0,2089,2088,0.101242732000,0.099708751213,76,7.6,27,0,2757,2760,1.059980724429,1.064582666793,75,7.5,26,0,2420,2415,0.555301045215,0.547631141275,76,7.6,27,1,2725,2723,0.995553531338,0.992485569762,75,7.5,27,1,2073,2068,0.010737865515,0.003067961576,75,7.5,26,1
691,2026-09-05T05:31:01.411078+00:00,175022640000000,175022687000000,51.094000000,fixed_trajectory,5,0,2089,2088,0.101242732000,0.099708751213,76,7.6,27,0,2758,2761,1.061514705217,1.066116647581,75,7.5,25,1,2419,2414,0.553767064427,0.546097160487,76,7.6,27,1,2725,2723,0.995553531338,0.992485569762,75,7.5,27,0,2073,2068,0.010737865515,0.003067961576,76,7.6,26,1
692,2026-09-05T05:31:01.620865+00:00,175022843000000,175022890000000,51.297000000,fixed_trajectory,5,0,2089,2088,0.101242732000,0.099708751213,76,7.6,27,0,2759,2761,1.063048686005,1.066116647581,75,7.5,26,1,2419,2413,0.553767064427,0.544563179699,76,7.6,27,1,2725,2723,0.995553531338,0.992485569762,75,7.5,27,1,2073,2068,0.010737865515,0.003067961576,75,7.5,26,2
693,2026-09-05T05:31:01.664600+00:00,175022906000000,175022937000000,51.344000000,online_observation,5,0,2089,2088,0.101242732000,0.099708751213,76,7.6,27,0,2759,2762,1.063048686005,1.067650628368,75,7.5,25,1,2419,2412,0.553767064427,0.543029198912,76,7.6,27,1,2725,2723,0.995553531338,0.992485569762,75,7.5,27,1,2073,2068,0.010737865515,0.003067961576,75,7.5,26,1
694,2026-09-05T05:31:01.728449+00:00,175022953000000,175023000000000,51.407000000,online_observation,5,0,2089,2088,0.101242732000,0.099708751213,76,7.6,27,0,2759,2762,1.063048686005,1.067650628368,75,7.5,26,1,2419,2412,0.553767064427,0.543029198912,76,7.6,27,1,2725,2723,0.995553531338,0.992485569762,75,7.5,27,0,2073,2068,0.010737865515,0.003067961576,75,7.5,26,1
695,2026-09-05T05:31:01.781631+00:00,175023015000000,175023062000000,51.469000000,online_observation,5,0,2089,2088,0.101242732000,0.099708751213,76,7.6,27,0,2759,2762,1.063048686005,1.067650628368,75,7.5,25,1,2418,2412,0.552233083639,0.543029198912,76,7.6,27,1,2725,2723,0.995553531338,0.992485569762,75,7.5,27,0,2073,2068,0.010737865515,0.003067961576,76,7.6,26,1
696,2026-09-05T05:31:01.847784+00:00,175023078000000,175023125000000,51.532000000,online_observation,5,0,2089,2088,0.101242732000,0.099708751213,76,7.6,27,0,2759,2762,1.063048686005,1.067650628368,75,7.5,25,0,2418,2412,0.552233083639,0.543029198912,76,7.6,27,1,2725,2723,0.995553531338,0.992485569762,75,7.5,27,0,2073,2068,0.010737865515,0.003067961576,76,7.6,26,1
697,2026-09-05T05:31:01.911465+00:00,175023140000000,175023187000000,51.594000000,online_observation,5,0,2089,2088,0.101242732000,0.099708751213,76,7.6,27,0,2759,2762,1.063048686005,1.067650628368,75,7.5,26,1,2418,2412,0.552233083639,0.543029198912,76,7.6,27,1,2725,2723,0.995553531338,0.992485569762,75,7.5,27,0,2073,2068,0.010737865515,0.003067961576,75,7.5,26,1
698,2026-09-05T05:31:01.975688+00:00,175023203000000,175023250000000,51.657000000,online_observation,5,0,2089,2088,0.101242732000,0.099708751213,76,7.6,27,0,2759,2762,1.063048686005,1.067650628368,75,7.5,25,0,2418,2412,0.552233083639,0.543029198912,76,7.6,27,1,2725,2723,0.995553531338,0.992485569762,75,7.5,27,1,2073,2068,0.010737865515,0.003067961576,75,7.5,26,1
699,2026-09-05T05:31:02.027727+00:00,175023265000000,175023296000000,51.703000000,online_observation,5,0,2089,2088,0.101242732000,0.099708751213,76,7.6,27,0,2759,2762,1.063048686005,1.067650628368,75,7.5,25,1,2418,2412,0.552233083639,0.543029198912,76,7.6,27,1,2725,2723,0.995553531338,0.992485569762,75,7.5,27,1,2073,2068,0.010737865515,0.003067961576,76,7.6,26,0
700,2026-09-05T05:31:02.099330+00:00,175023312000000,175023375000000,51.782000000,online_inference,6,0,2089,2088,0.101242732000,0.099708751213,76,7.6,27,0,2759,2762,1.063048686005,1.067650628368,75,7.5,26,1,2418,2412,0.552233083639,0.543029198912,76,7.6,27,1,2725,2723,0.995553531338,0.992485569762,75,7.5,27,0,2073,2068,0.010737865515,0.003067961576,75,7.5,26,1
701,2026-09-05T05:31:02.199525+00:00,175023406000000,175023468000000,51.875000000,online_inference,6,0,2089,2088,0.101242732000,0.099708751213,76,7.6,27,0,2759,2762,1.063048686005,1.067650628368,75,7.5,25,1,2418,2412,0.552233083639,0.543029198912,76,7.6,27,1,2725,2723,0.995553531338,0.992485569762,75,7.5,27,1,2073,2068,0.010737865515,0.003067961576,75,7.5,26,1
702,2026-09-05T05:31:02.263683+00:00,175023484000000,175023531000000,51.938000000,online_inference,6,0,2089,2088,0.101242732000,0.099708751213,76,7.6,27,0,2759,2762,1.063048686005,1.067650628368,75,7.5,26,1,2418,2412,0.552233083639,0.543029198912,76,7.6,27,1,2725,2723,0.995553531338,0.992485569762,75,7.5,27,1,2073,2068,0.010737865515,0.003067961576,75,7.5,26,1
703,2026-09-05T05:31:02.359379+00:00,175023546000000,175023640000000,52.047000000,online_inference,6,0,2089,2088,0.101242732000,0.099708751213,76,7.6,27,0,2759,2762,1.063048686005,1.067650628368,75,7.5,26,1,2418,2412,0.552233083639,0.543029198912,76,7.6,27,1,2725,2723,0.995553531338,0.992485569762,75,7.5,27,1,2073,2068,0.010737865515,0.003067961576,75,7.5,26,1
704,2026-09-05T05:31:02.459181+00:00,175023656000000,175023734000000,52.141000000,online_inference,6,0,2089,2088,0.101242732000,0.099708751213,76,7.6,27,0,2759,2762,1.063048686005,1.067650628368,75,7.5,26,0,2418,2412,0.552233083639,0.543029198912,76,7.6,27,1,2725,2723,0.995553531338,0.992485569762,75,7.5,27,0,2073,2068,0.010737865515,0.003067961576,75,7.5,26,0
705,2026-09-05T05:31:02.548570+00:00,175023750000000,175023828000000,52.235000000,online_inference,6,0,2089,2088,0.101242732000,0.099708751213,76,7.6,27,0,2759,2762,1.063048686005,1.067650628368,75,7.5,26,1,2418,2412,0.552233083639,0.543029198912,76,7.6,27,1,2725,2723,0.995553531338,0.992485569762,75,7.5,27,1,2073,2068,0.010737865515,0.003067961576,75,7.5,26,1
706,2026-09-05T05:31:02.648216+00:00,175023843000000,175023921000000,52.328000000,online_inference,6,0,2089,2088,0.101242732000,0.099708751213,76,7.6,27,0,2759,2762,1.063048686005,1.067650628368,75,7.5,25,1,2418,2412,0.552233083639,0.543029198912,76,7.6,27,1,2725,2723,0.995553531338,0.992485569762,75,7.5,27,1,2073,2068,0.010737865515,0.003067961576,75,7.5,26,1
707,2026-09-05T05:31:02.764347+00:00,175023968000000,175024046000000,52.453000000,online_inference,6,0,2089,2088,0.101242732000,0.099708751213,76,7.6,27,0,2759,2762,1.063048686005,1.067650628368,75,7.5,25,1,2418,2412,0.552233083639,0.543029198912,76,7.6,27,0,2725,2723,0.995553531338,0.992485569762,75,7.5,27,1,2073,2068,0.010737865515,0.003067961576,76,7.6,26,1
708,2026-09-05T05:31:02.856367+00:00,175024062000000,175024125000000,52.532000000,online_inference,6,0,2089,2088,0.101242732000,0.099708751213,76,7.6,27,0,2759,2762,1.063048686005,1.067650628368,75,7.5,25,0,2418,2412,0.552233083639,0.543029198912,76,7.6,27,2,2725,2723,0.995553531338,0.992485569762,75,7.5,27,0,2073,2068,0.010737865515,0.003067961576,75,7.5,26,1
709,2026-09-05T05:31:02.936227+00:00,175024140000000,175024218000000,52.625000000,online_inference,6,0,2089,2088,0.101242732000,0.099708751213,76,7.6,27,0,2759,2762,1.063048686005,1.067650628368,75,7.5,26,0,2418,2412,0.552233083639,0.543029198912,76,7.6,27,1,2725,2723,0.995553531338,0.992485569762,75,7.5,27,1,2073,2068,0.010737865515,0.003067961576,75,7.5,26,1
710,2026-09-05T05:31:03.025231+00:00,175024234000000,175024296000000,52.703000000,online_inference,6,0,2089,2088,0.101242732000,0.099708751213,76,7.6,27,0,2759,2762,1.063048686005,1.067650628368,75,7.5,26,1,2418,2412,0.552233083639,0.543029198912,76,7.6,27,1,2725,2723,0.995553531338,0.992485569762,75,7.5,27,0,2073,2068,0.010737865515,0.003067961576,75,7.5,26,1
711,2026-09-05T05:31:03.112249+00:00,175024312000000,175024390000000,52.797000000,online_inference,6,0,2089,2088,0.101242732000,0.099708751213,76,7.6,27,0,2759,2762,1.063048686005,1.067650628368,75,7.5,25,1,2418,2412,0.552233083639,0.543029198912,76,7.6,27,1,2725,2723,0.995553531338,0.992485569762,75,7.5,27,0,2073,2068,0.010737865515,0.003067961576,76,7.6,26,1
712,2026-09-05T05:31:03.210322+00:00,175024406000000,175024484000000,52.891000000,online_inference,6,0,2089,2088,0.101242732000,0.099708751213,76,7.6,27,0,2759,2762,1.063048686005,1.067650628368,75,7.5,25,1,2418,2412,0.552233083639,0.543029198912,76,7.6,27,1,2725,2723,0.995553531338,0.992485569762,75,7.5,27,1,2073,2068,0.010737865515,0.003067961576,75,7.5,26,1
713,2026-09-05T05:31:03.334256+00:00,175024531000000,175024609000000,53.016000000,online_inference,6,0,2089,2088,0.101242732000,0.099708751213,76,7.6,27,0,2759,2762,1.063048686005,1.067650628368,75,7.5,25,0,2418,2412,0.552233083639,0.543029198912,76,7.6,27,1,2725,2723,0.995553531338,0.992485569762,75,7.5,27,1,2073,2068,0.010737865515,0.003067961576,75,7.5,26,1
714,2026-09-05T05:31:03.416906+00:00,175024625000000,175024687000000,53.094000000,online_inference,6,0,2089,2088,0.101242732000,0.099708751213,76,7.6,27,0,2759,2762,1.063048686005,1.067650628368,75,7.5,25,1,2418,2412,0.552233083639,0.543029198912,76,7.6,27,1,2725,2723,0.995553531338,0.992485569762,75,7.5,27,1,2073,2068,0.010737865515,0.003067961576,75,7.5,26,1
715,2026-09-05T05:31:03.509093+00:00,175024703000000,175024781000000,53.188000000,online_inference,6,0,2089,2088,0.101242732000,0.099708751213,76,7.6,27,0,2759,2762,1.063048686005,1.067650628368,75,7.5,25,1,2418,2412,0.552233083639,0.543029198912,76,7.6,28,1,2725,2723,0.995553531338,0.992485569762,75,7.5,27,0,2073,2068,0.010737865515,0.003067961576,75,7.5,26,1
716,2026-09-05T05:31:03.606502+00:00,175024796000000,175024875000000,53.282000000,online_inference,6,0,2089,2088,0.101242732000,0.099708751213,76,7.6,27,0,2759,2762,1.063048686005,1.067650628368,75,7.5,25,1,2418,2412,0.552233083639,0.543029198912,76,7.6,27,0,2725,2723,0.995553531338,0.992485569762,75,7.5,27,1,2073,2068,0.010737865515,0.003067961576,75,7.5,26,1
717,2026-09-05T05:31:03.701900+00:00,175024890000000,175024984000000,53.391000000,online_inference,6,0,2089,2088,0.101242732000,0.099708751213,76,7.6,27,0,2759,2762,1.063048686005,1.067650628368,75,7.5,25,1,2418,2412,0.552233083639,0.543029198912,75,7.5,27,1,2725,2723,0.995553531338,0.992485569762,75,7.5,27,0,2073,2068,0.010737865515,0.003067961576,75,7.5,26,1
718,2026-09-05T05:31:03.815595+00:00,175025000000000,175025093000000,53.500000000,online_inference,6,0,2089,2088,0.101242732000,0.099708751213,76,7.6,27,0,2759,2762,1.063048686005,1.067650628368,75,7.5,25,1,2418,2412,0.552233083639,0.543029198912,76,7.6,27,0,2725,2723,0.995553531338,0.992485569762,75,7.5,27,0,2073,2068,0.010737865515,0.003067961576,75,7.5,26,1
719,2026-09-05T05:31:03.969936+00:00,175025156000000,175025250000000,53.657000000,online_inference,6,0,2089,2088,0.101242732000,0.099708751213,76,7.6,27,0,2759,2762,1.063048686005,1.067650628368,75,7.5,25,0,2418,2412,0.552233083639,0.543029198912,76,7.6,27,1,2725,2723,0.995553531338,0.992485569762,75,7.5,27,1,2073,2068,0.010737865515,0.003067961576,75,7.5,26,1
720,2026-09-05T05:31:04.066242+00:00,175025265000000,175025343000000,53.750000000,online_inference,6,0,2089,2088,0.101242732000,0.099708751213,76,7.6,27,0,2759,2762,1.063048686005,1.067650628368,75,7.5,25,1,2418,2412,0.552233083639,0.543029198912,76,7.6,27,1,2725,2723,0.995553531338,0.992485569762,75,7.5,27,1,2073,2068,0.010737865515,0.003067961576,75,7.5,26,1
721,2026-09-05T05:31:04.160095+00:00,175025359000000,175025437000000,53.844000000,online_inference,6,0,2089,2088,0.101242732000,0.099708751213,76,7.6,27,0,2759,2762,1.063048686005,1.067650628368,75,7.5,25,0,2418,2412,0.552233083639,0.543029198912,76,7.6,27,0,2725,2723,0.995553531338,0.992485569762,75,7.5,27,0,2073,2068,0.010737865515,0.003067961576,75,7.5,26,1
722,2026-09-05T05:31:04.253884+00:00,175025453000000,175025531000000,53.938000000,online_inference,6,0,2089,2088,0.101242732000,0.099708751213,76,7.6,27,0,2759,2762,1.063048686005,1.067650628368,75,7.5,26,1,2418,2412,0.552233083639,0.543029198912,76,7.6,27,1,2725,2723,0.995553531338,0.992485569762,75,7.5,27,1,2073,2068,0.010737865515,0.003067961576,75,7.5,26,1
723,2026-09-05T05:31:04.348837+00:00,175025546000000,175025625000000,54.032000000,online_inference,6,0,2089,2088,0.101242732000,0.099708751213,76,7.6,27,0,2759,2762,1.063048686005,1.067650628368,75,7.5,26,1,2418,2412,0.552233083639,0.543029198912,76,7.6,27,1,2725,2723,0.995553531338,0.992485569762,75,7.5,27,1,2073,2068,0.010737865515,0.003067961576,75,7.5,26,1
724,2026-09-05T05:31:04.440429+00:00,175025640000000,175025718000000,54.125000000,online_inference,6,0,2089,2088,0.101242732000,0.099708751213,76,7.6,27,0,2759,2762,1.063048686005,1.067650628368,75,7.5,26,1,2418,2412,0.552233083639,0.543029198912,76,7.6,27,1,2725,2723,0.995553531338,0.992485569762,75,7.5,27,1,2073,2068,0.010737865515,0.003067961576,76,7.6,26,1
725,2026-09-05T05:31:04.576224+00:00,175025781000000,175025843000000,54.250000000,online_inference,6,0,2089,2088,0.101242732000,0.099708751213,76,7.6,27,0,2759,2762,1.063048686005,1.067650628368,75,7.5,26,1,2418,2412,0.552233083639,0.543029198912,76,7.6,27,0,2725,2723,0.995553531338,0.992485569762,75,7.5,27,0,2073,2068,0.010737865515,0.003067961576,75,7.5,26,1
726,2026-09-05T05:31:04.666375+00:00,175025875000000,175025937000000,54.344000000,online_inference,6,0,2089,2088,0.101242732000,0.099708751213,76,7.6,27,0,2759,2762,1.063048686005,1.067650628368,75,7.5,26,0,2418,2412,0.552233083639,0.543029198912,76,7.6,27,1,2725,2723,0.995553531338,0.992485569762,75,7.5,27,1,2073,2068,0.010737865515,0.003067961576,75,7.5,26,1
727,2026-09-05T05:31:04.753514+00:00,175025953000000,175026031000000,54.438000000,online_inference,6,0,2089,2088,0.101242732000,0.099708751213,76,7.6,27,0,2759,2762,1.063048686005,1.067650628368,75,7.5,25,1,2418,2412,0.552233083639,0.543029198912,76,7.6,27,1,2725,2723,0.995553531338,0.992485569762,75,7.5,27,0,2073,2068,0.010737865515,0.003067961576,75,7.5,26,1
728,2026-09-05T05:31:04.833597+00:00,175026046000000,175026109000000,54.516000000,online_inference,6,0,2089,2088,0.101242732000,0.099708751213,76,7.6,27,0,2759,2762,1.063048686005,1.067650628368,75,7.5,25,1,2418,2412,0.552233083639,0.543029198912,76,7.6,27,1,2725,2723,0.995553531338,0.992485569762,75,7.5,27,1,2073,2068,0.010737865515,0.003067961576,75,7.5,26,0
729,2026-09-05T05:31:04.909707+00:00,175026125000000,175026187000000,54.594000000,online_inference,6,0,2089,2088,0.101242732000,0.099708751213,76,7.6,27,0,2759,2762,1.063048686005,1.067650628368,75,7.5,25,0,2418,2412,0.552233083639,0.543029198912,76,7.6,27,1,2725,2723,0.995553531338,0.992485569762,75,7.5,27,1,2073,2068,0.010737865515,0.003067961576,75,7.5,26,1
730,2026-09-05T05:31:04.999588+00:00,175026203000000,175026281000000,54.688000000,online_inference,6,0,2089,2088,0.101242732000,0.099708751213,76,7.6,27,0,2759,2762,1.063048686005,1.067650628368,75,7.5,25,0,2418,2412,0.552233083639,0.543029198912,76,7.6,27,1,2725,2723,0.995553531338,0.992485569762,75,7.5,27,0,2073,2068,0.010737865515,0.003067961576,76,7.6,26,1
731,2026-09-05T05:31:05.107284+00:00,175026312000000,175026375000000,54.782000000,online_inference,6,0,2089,2088,0.101242732000,0.099708751213,76,7.6,27,0,2759,2762,1.063048686005,1.067650628368,75,7.5,26,1,2418,2412,0.552233083639,0.543029198912,76,7.6,27,1,2725,2723,0.995553531338,0.992485569762,75,7.5,27,0,2073,2068,0.010737865515,0.003067961576,75,7.5,26,1
732,2026-09-05T05:31:05.195067+00:00,175026406000000,175026468000000,54.875000000,online_inference,6,0,2089,2088,0.101242732000,0.099708751213,76,7.6,27,0,2759,2762,1.063048686005,1.067650628368,75,7.5,25,0,2418,2412,0.552233083639,0.543029198912,76,7.6,27,1,2725,2723,0.995553531338,0.992485569762,75,7.5,27,1,2073,2068,0.010737865515,0.003067961576,75,7.5,26,0
733,2026-09-05T05:31:05.275453+00:00,175026484000000,175026546000000,54.953000000,online_inference,6,0,2089,2088,0.101242732000,0.099708751213,76,7.6,27,0,2759,2762,1.063048686005,1.067650628368,75,7.5,26,1,2418,2412,0.552233083639,0.543029198912,76,7.6,27,1,2725,2723,0.995553531338,0.992485569762,75,7.5,27,1,2073,2068,0.010737865515,0.003067961576,75,7.5,26,1
734,2026-09-05T05:31:05.364837+00:00,175026562000000,175026640000000,55.047000000,online_inference,6,0,2089,2088,0.101242732000,0.099708751213,76,7.6,27,0,2759,2762,1.063048686005,1.067650628368,75,7.5,26,1,2418,2412,0.552233083639,0.543029198912,76,7.6,27,1,2725,2723,0.995553531338,0.992485569762,75,7.5,27,0,2073,2068,0.010737865515,0.003067961576,75,7.5,26,1
735,2026-09-05T05:31:05.446757+00:00,175026656000000,175026718000000,55.125000000,online_inference,6,0,2089,2088,0.101242732000,0.099708751213,76,7.6,27,0,2759,2762,1.063048686005,1.067650628368,75,7.5,25,1,2418,2412,0.552233083639,0.543029198912,76,7.6,27,1,2725,2723,0.995553531338,0.992485569762,75,7.5,27,1,2073,2068,0.010737865515,0.003067961576,75,7.5,26,1
736,2026-09-05T05:31:05.513611+00:00,175026734000000,175026781000000,55.188000000,online_inference,6,0,2089,2088,0.101242732000,0.099708751213,76,7.6,27,0,2759,2762,1.063048686005,1.067650628368,75,7.5,25,0,2418,2412,0.552233083639,0.543029198912,76,7.6,27,1,2725,2723,0.995553531338,0.992485569762,75,7.5,27,1,2073,2068,0.010737865515,0.003067961576,75,7.5,26,1
737,2026-09-05T05:31:05.588829+00:00,175026796000000,175026859000000,55.266000000,online_inference,6,0,2089,2088,0.101242732000,0.099708751213,76,7.6,27,0,2759,2762,1.063048686005,1.067650628368,75,7.5,25,0,2418,2412,0.552233083639,0.543029198912,76,7.6,27,1,2725,2723,0.995553531338,0.992485569762,75,7.5,27,0,2073,2068,0.010737865515,0.003067961576,75,7.5,26,1
738,2026-09-05T05:31:05.688319+00:00,175026890000000,175026968000000,55.375000000,online_inference,6,0,2089,2088,0.101242732000,0.099708751213,76,7.6,27,0,2759,2762,1.063048686005,1.067650628368,75,7.5,26,0,2418,2412,0.552233083639,0.543029198912,76,7.6,27,1,2725,2723,0.995553531338,0.992485569762,75,7.5,27,0,2073,2068,0.010737865515,0.003067961576,75,7.5,26,2
739,2026-09-05T05:31:05.774780+00:00,175026984000000,175027046000000,55.453000000,online_inference,6,0,2089,2088,0.101242732000,0.099708751213,76,7.6,27,0,2759,2762,1.063048686005,1.067650628368,75,7.5,26,1,2418,2412,0.552233083639,0.543029198912,76,7.6,27,1,2725,2723,0.995553531338,0.992485569762,75,7.5,27,1,2073,2068,0.010737865515,0.003067961576,75,7.5,26,1
740,2026-09-05T05:31:05.853106+00:00,175027062000000,175027125000000,55.532000000,online_inference,6,0,2089,2088,0.101242732000,0.099708751213,76,7.6,27,0,2759,2762,1.063048686005,1.067650628368,75,7.5,25,1,2418,2412,0.552233083639,0.543029198912,76,7.6,27,1,2725,2723,0.995553531338,0.992485569762,75,7.5,27,0,2073,2068,0.010737865515,0.003067961576,75,7.5,26,1
741,2026-09-05T05:31:05.924959+00:00,175027140000000,175027203000000,55.610000000,online_inference,6,0,2089,2088,0.101242732000,0.099708751213,76,7.6,27,0,2759,2762,1.063048686005,1.067650628368,75,7.5,25,1,2418,2412,0.552233083639,0.543029198912,76,7.6,27,1,2725,2723,0.995553531338,0.992485569762,75,7.5,27,1,2073,2068,0.010737865515,0.003067961576,75,7.5,26,0
742,2026-09-05T05:31:06.006912+00:00,175027218000000,175027281000000,55.688000000,online_inference,6,0,2089,2088,0.101242732000,0.099708751213,76,7.6,27,0,2759,2762,1.063048686005,1.067650628368,75,7.5,25,1,2418,2412,0.552233083639,0.543029198912,76,7.6,27,1,2725,2723,0.995553531338,0.992485569762,75,7.5,27,1,2073,2068,0.010737865515,0.003067961576,75,7.5,26,1
743,2026-09-05T05:31:06.075883+00:00,175027296000000,175027343000000,55.750000000,online_inference,6,0,2089,2088,0.101242732000,0.099708751213,76,7.6,27,0,2759,2762,1.063048686005,1.067650628368,75,7.5,25,1,2418,2412,0.552233083639,0.543029198912,76,7.6,27,1,2725,2723,0.995553531338,0.992485569762,75,7.5,27,0,2073,2068,0.010737865515,0.003067961576,76,7.6,26,1
744,2026-09-05T05:31:06.137992+00:00,175027359000000,175027406000000,55.813000000,online_inference,6,0,2089,2088,0.101242732000,0.099708751213,76,7.6,27,0,2759,2762,1.063048686005,1.067650628368,75,7.5,25,1,2418,2412,0.552233083639,0.543029198912,76,7.6,27,1,2725,2723,0.995553531338,0.992485569762,75,7.5,27,1,2073,2068,0.010737865515,0.003067961576,75,7.5,26,1
745,2026-09-05T05:31:06.227780+00:00,175027437000000,175027500000000,55.907000000,online_inference,6,0,2089,2088,0.101242732000,0.099708751213,76,7.6,27,0,2759,2762,1.063048686005,1.067650628368,75,7.5,26,1,2418,2412,0.552233083639,0.543029198912,76,7.6,27,1,2725,2723,0.995553531338,0.992485569762,75,7.5,27,1,2073,2068,0.010737865515,0.003067961576,75,7.5,26,1
746,2026-09-05T05:31:06.302714+00:00,175027515000000,175027578000000,55.985000000,online_inference,6,0,2089,2088,0.101242732000,0.099708751213,76,7.6,27,0,2759,2762,1.063048686005,1.067650628368,75,7.5,25,1,2418,2412,0.552233083639,0.543029198912,76,7.6,27,1,2725,2723,0.995553531338,0.992485569762,75,7.5,27,1,2073,2068,0.010737865515,0.003067961576,76,7.6,26,1
747,2026-09-05T05:31:06.379057+00:00,175027593000000,175027656000000,56.063000000,online_inference,6,0,2089,2088,0.101242732000,0.099708751213,76,7.6,27,0,2759,2762,1.063048686005,1.067650628368,75,7.5,26,1,2418,2412,0.552233083639,0.543029198912,76,7.6,27,1,2725,2723,0.995553531338,0.992485569762,75,7.5,27,1,2073,2068,0.010737865515,0.003067961576,76,7.6,26,0
748,2026-09-05T05:31:06.453240+00:00,175027671000000,175027734000000,56.141000000,online_inference,6,0,2089,2088,0.101242732000,0.099708751213,76,7.6,27,0,2759,2762,1.063048686005,1.067650628368,75,7.5,25,1,2418,2412,0.552233083639,0.543029198912,76,7.6,27,1,2725,2723,0.995553531338,0.992485569762,75,7.5,27,1,2073,2068,0.010737865515,0.003067961576,75,7.5,26,1
749,2026-09-05T05:31:06.532060+00:00,175027750000000,175027812000000,56.219000000,online_inference,6,0,2089,2088,0.101242732000,0.099708751213,76,7.6,27,0,2759,2762,1.063048686005,1.067650628368,75,7.5,25,0,2418,2412,0.552233083639,0.543029198912,76,7.6,27,1,2725,2723,0.995553531338,0.992485569762,75,7.5,27,0,2073,2068,0.010737865515,0.003067961576,76,7.6,26,1
750,2026-09-05T05:31:06.610763+00:00,175027828000000,175027890000000,56.297000000,online_inference,6,0,2089,2088,0.101242732000,0.099708751213,76,7.6,27,0,2759,2762,1.063048686005,1.067650628368,75,7.5,26,0,2418,2412,0.552233083639,0.543029198912,76,7.6,27,1,2725,2723,0.995553531338,0.992485569762,75,7.5,27,0,2073,2068,0.010737865515,0.003067961576,75,7.5,26,0
751,2026-09-05T05:31:06.680403+00:00,175027906000000,175027953000000,56.360000000,online_inference,6,0,2089,2088,0.101242732000,0.099708751213,76,7.6,27,0,2759,2762,1.063048686005,1.067650628368,75,7.5,26,0,2418,2412,0.552233083639,0.543029198912,76,7.6,27,1,2725,2723,0.995553531338,0.992485569762,75,7.5,27,1,2073,2068,0.010737865515,0.003067961576,75,7.5,26,0
752,2026-09-05T05:31:06.782059+00:00,175027984000000,175028062000000,56.469000000,online_inference,6,0,2089,2088,0.101242732000,0.099708751213,76,7.6,27,0,2759,2762,1.063048686005,1.067650628368,75,7.5,25,1,2418,2412,0.552233083639,0.543029198912,76,7.6,27,1,2725,2723,0.995553531338,0.992485569762,75,7.5,27,1,2073,2068,0.010737865515,0.003067961576,75,7.5,26,1
753,2026-09-05T05:31:06.867101+00:00,175028078000000,175028140000000,56.547000000,online_inference,6,0,2089,2088,0.101242732000,0.099708751213,76,7.6,27,0,2759,2762,1.063048686005,1.067650628368,75,7.5,26,1,2418,2412,0.552233083639,0.543029198912,76,7.6,27,1,2725,2723,0.995553531338,0.992485569762,75,7.5,27,1,2073,2068,0.010737865515,0.003067961576,75,7.5,26,1
754,2026-09-05T05:31:06.933991+00:00,175028156000000,175028203000000,56.610000000,online_inference,6,0,2089,2088,0.101242732000,0.099708751213,76,7.6,27,0,2759,2762,1.063048686005,1.067650628368,75,7.5,25,1,2418,2412,0.552233083639,0.543029198912,76,7.6,27,1,2725,2723,0.995553531338,0.992485569762,75,7.5,27,1,2073,2068,0.010737865515,0.003067961576,75,7.5,26,2
755,2026-09-05T05:31:06.989506+00:00,175028218000000,175028265000000,56.672000000,online_inference,6,0,2089,2088,0.101242732000,0.099708751213,76,7.6,27,0,2759,2762,1.063048686005,1.067650628368,75,7.5,26,1,2418,2412,0.552233083639,0.543029198912,76,7.6,27,1,2725,2723,0.995553531338,0.992485569762,75,7.5,27,0,2073,2068,0.010737865515,0.003067961576,76,7.6,26,1
756,2026-09-05T05:31:07.055528+00:00,175028281000000,175028328000000,56.735000000,online_inference,6,0,2089,2088,0.101242732000,0.099708751213,76,7.6,27,0,2759,2762,1.063048686005,1.067650628368,75,7.5,26,1,2418,2412,0.552233083639,0.543029198912,76,7.6,27,1,2725,2723,0.995553531338,0.992485569762,75,7.5,27,1,2073,2068,0.010737865515,0.003067961576,75,7.5,26,0
757,2026-09-05T05:31:07.095333+00:00,175028343000000,175028375000000,56.782000000,online_inference,6,0,2089,2088,0.101242732000,0.099708751213,76,7.6,27,0,2759,2762,1.063048686005,1.067650628368,75,7.5,26,1,2418,2412,0.552233083639,0.543029198912,76,7.6,27,1,2725,2723,0.995553531338,0.992485569762,75,7.5,27,0,2073,2068,0.010737865515,0.003067961576,75,7.5,26,1
758,2026-09-05T05:31:07.150877+00:00,175028390000000,175028421000000,56.828000000,online_inference,6,0,2089,2088,0.101242732000,0.099708751213,76,7.6,27,0,2759,2762,1.063048686005,1.067650628368,75,7.5,25,1,2418,2412,0.552233083639,0.543029198912,76,7.6,27,0,2725,2723,0.995553531338,0.992485569762,75,7.5,27,1,2073,2068,0.010737865515,0.003067961576,75,7.5,26,0
759,2026-09-05T05:31:07.197898+00:00,175028437000000,175028468000000,56.875000000,online_inference,6,0,2089,2088,0.101242732000,0.099708751213,76,7.6,27,0,2759,2762,1.063048686005,1.067650628368,75,7.5,25,1,2418,2412,0.552233083639,0.543029198912,76,7.6,27,1,2725,2723,0.995553531338,0.992485569762,75,7.5,27,1,2073,2068,0.010737865515,0.003067961576,75,7.5,26,1
760,2026-09-05T05:31:07.282914+00:00,175028500000000,175028562000000,56.969000000,online_inference,6,0,2089,2088,0.101242732000,0.099708751213,76,7.6,27,0,2759,2762,1.063048686005,1.067650628368,75,7.5,26,1,2418,2412,0.552233083639,0.543029198912,76,7.6,27,1,2725,2723,0.995553531338,0.992485569762,75,7.5,27,1,2073,2068,0.010737865515,0.003067961576,75,7.5,26,1
761,2026-09-05T05:31:07.349581+00:00,175028578000000,175028625000000,57.032000000,online_inference,6,0,2089,2088,0.101242732000,0.099708751213,76,7.6,27,0,2759,2762,1.063048686005,1.067650628368,75,7.5,26,1,2418,2412,0.552233083639,0.543029198912,76,7.6,27,1,2725,2723,0.995553531338,0.992485569762,75,7.5,27,1,2073,2068,0.010737865515,0.003067961576,75,7.5,26,1
762,2026-09-05T05:31:07.414578+00:00,175028640000000,175028687000000,57.094000000,online_inference,6,0,2089,2088,0.101242732000,0.099708751213,76,7.6,27,0,2759,2762,1.063048686005,1.067650628368,75,7.5,26,1,2418,2412,0.552233083639,0.543029198912,76,7.6,27,1,2725,2723,0.995553531338,0.992485569762,75,7.5,27,0,2073,2068,0.010737865515,0.003067961576,75,7.5,26,1
763,2026-09-05T05:31:07.464760+00:00,175028703000000,175028734000000,57.141000000,online_inference,6,0,2089,2088,0.101242732000,0.099708751213,76,7.6,27,0,2759,2762,1.063048686005,1.067650628368,75,7.5,25,1,2418,2412,0.552233083639,0.543029198912,76,7.6,27,0,2725,2723,0.995553531338,0.992485569762,75,7.5,27,0,2073,2068,0.010737865515,0.003067961576,75,7.5,26,1
764,2026-09-05T05:31:07.517794+00:00,175028750000000,175028796000000,57.203000000,online_inference,6,0,2089,2088,0.101242732000,0.099708751213,76,7.6,27,0,2759,2762,1.063048686005,1.067650628368,75,7.5,25,1,2418,2412,0.552233083639,0.543029198912,76,7.6,27,1,2725,2723,0.995553531338,0.992485569762,75,7.5,27,1,2073,2068,0.010737865515,0.003067961576,75,7.5,26,1
765,2026-09-05T05:31:07.586543+00:00,175028812000000,175028859000000,57.266000000,online_inference,6,0,2089,2088,0.101242732000,0.099708751213,76,7.6,27,0,2759,2762,1.063048686005,1.067650628368,75,7.5,26,1,2418,2412,0.552233083639,0.543029198912,75,7.5,27,0,2725,2723,0.995553531338,0.992485569762,75,7.5,27,1,2073,2068,0.010737865515,0.003067961576,75,7.5,26,1
766,2026-09-05T05:31:07.640110+00:00,175028875000000,175028921000000,57.328000000,online_inference,6,0,2089,2088,0.101242732000,0.099708751213,76,7.6,27,0,2759,2762,1.063048686005,1.067650628368,75,7.5,26,0,2418,2412,0.552233083639,0.543029198912,76,7.6,27,1,2725,2723,0.995553531338,0.992485569762,75,7.5,27,0,2073,2068,0.010737865515,0.003067961576,75,7.5,26,1
767,2026-09-05T05:31:07.709752+00:00,175028937000000,175028984000000,57.391000000,online_inference,6,0,2089,2088,0.101242732000,0.099708751213,76,7.6,27,0,2759,2762,1.063048686005,1.067650628368,75,7.5,26,1,2418,2412,0.552233083639,0.543029198912,76,7.6,27,1,2725,2723,0.995553531338,0.992485569762,75,7.5,27,1,2073,2068,0.010737865515,0.003067961576,75,7.5,26,1
768,2026-09-05T05:31:07.784734+00:00,175029015000000,175029062000000,57.469000000,online_inference,6,0,2089,2088,0.101242732000,0.099708751213,76,7.6,27,0,2759,2762,1.063048686005,1.067650628368,75,7.5,26,0,2418,2412,0.552233083639,0.543029198912,76,7.6,27,0,2725,2723,0.995553531338,0.992485569762,75,7.5,27,1,2073,2068,0.010737865515,0.003067961576,76,7.6,26,1
769,2026-09-05T05:31:07.841691+00:00,175029078000000,175029109000000,57.516000000,online_inference,6,0,2089,2088,0.101242732000,0.099708751213,76,7.6,27,0,2759,2762,1.063048686005,1.067650628368,75,7.5,26,1,2418,2412,0.552233083639,0.543029198912,76,7.6,27,1,2725,2723,0.995553531338,0.992485569762,75,7.5,27,0,2073,2068,0.010737865515,0.003067961576,75,7.5,26,0
770,2026-09-05T05:31:07.893809+00:00,175029125000000,175029171000000,57.578000000,online_inference,6,0,2089,2088,0.101242732000,0.099708751213,76,7.6,27,0,2759,2762,1.063048686005,1.067650628368,75,7.5,26,1,2418,2412,0.552233083639,0.543029198912,76,7.6,27,0,2725,2723,0.995553531338,0.992485569762,75,7.5,27,0,2073,2068,0.010737865515,0.003067961576,75,7.5,26,1
771,2026-09-05T05:31:07.961531+00:00,175029187000000,175029234000000,57.641000000,online_inference,6,0,2089,2088,0.101242732000,0.099708751213,76,7.6,27,0,2759,2762,1.063048686005,1.067650628368,75,7.5,26,1,2418,2412,0.552233083639,0.543029198912,76,7.6,27,1,2725,2723,0.995553531338,0.992485569762,75,7.5,27,1,2073,2068,0.010737865515,0.003067961576,75,7.5,26,1
772,2026-09-05T05:31:08.012339+00:00,175029250000000,175029281000000,57.688000000,online_inference,6,0,2089,2088,0.101242732000,0.099708751213,76,7.6,27,0,2759,2762,1.063048686005,1.067650628368,75,7.5,25,0,2418,2412,0.552233083639,0.543029198912,76,7.6,27,1,2725,2723,0.995553531338,0.992485569762,75,7.5,27,1,2073,2068,0.010737865515,0.003067961576,76,7.6,26,0
773,2026-09-05T05:31:08.060547+00:00,175029296000000,175029328000000,57.735000000,online_inference,6,0,2089,2088,0.101242732000,0.099708751213,76,7.6,27,0,2759,2762,1.063048686005,1.067650628368,75,7.5,26,1,2418,2412,0.552233083639,0.543029198912,76,7.6,27,1,2725,2723,0.995553531338,0.992485569762,75,7.5,27,0,2073,2068,0.010737865515,0.003067961576,75,7.5,26,1
774,2026-09-05T05:31:08.111983+00:00,175029343000000,175029390000000,57.797000000,online_archive,6,0,2089,2088,0.101242732000,0.099708751213,76,7.6,27,0,2759,2762,1.063048686005,1.067650628368,75,7.5,26,0,2418,2412,0.552233083639,0.543029198912,76,7.6,27,1,2725,2723,0.995553531338,0.992485569762,75,7.5,27,0,2073,2068,0.010737865515,0.003067961576,75,7.5,26,1
775,2026-09-05T05:31:08.163149+00:00,175029406000000,175029437000000,57.844000000,online_archive,6,0,2089,2088,0.101242732000,0.099708751213,76,7.6,27,0,2759,2762,1.063048686005,1.067650628368,75,7.5,26,1,2418,2412,0.552233083639,0.543029198912,76,7.6,27,1,2725,2723,0.995553531338,0.992485569762,75,7.5,27,1,2073,2068,0.010737865515,0.003067961576,75,7.5,26,1
776,2026-09-05T05:31:08.240334+00:00,175029484000000,175029515000000,57.922000000,fixed_trajectory,6,0,2089,2088,0.101242732000,0.099708751213,76,7.6,27,0,2759,2762,1.063048686005,1.067650628368,75,7.5,25,1,2418,2412,0.552233083639,0.543029198912,76,7.6,27,1,2725,2723,0.995553531338,0.992485569762,75,7.5,27,1,2073,2068,0.010737865515,0.003067961576,75,7.5,26,0
777,2026-09-05T05:31:08.300563+00:00,175029531000000,175029578000000,57.985000000,online_observation,6,0,2089,2088,0.101242732000,0.099708751213,76,7.6,27,0,2759,2762,1.063048686005,1.067650628368,75,7.5,26,0,2418,2412,0.552233083639,0.543029198912,76,7.6,27,1,2725,2723,0.995553531338,0.992485569762,75,7.5,27,1,2073,2068,0.010737865515,0.003067961576,75,7.5,26,1
778,2026-09-05T05:31:08.355004+00:00,175029593000000,175029625000000,58.032000000,online_observation,6,0,2089,2088,0.101242732000,0.099708751213,76,7.6,27,0,2759,2762,1.063048686005,1.067650628368,75,7.5,25,1,2418,2412,0.552233083639,0.543029198912,76,7.6,27,1,2725,2723,0.995553531338,0.992485569762,75,7.5,27,0,2073,2068,0.010737865515,0.003067961576,75,7.5,26,0
779,2026-09-05T05:31:08.396595+00:00,175029640000000,175029671000000,58.078000000,online_observation,6,0,2089,2088,0.101242732000,0.099708751213,76,7.6,27,0,2759,2762,1.063048686005,1.067650628368,75,7.5,26,0,2418,2412,0.552233083639,0.543029198912,76,7.6,27,0,2725,2723,0.995553531338,0.992485569762,75,7.5,27,0,2073,2068,0.010737865515,0.003067961576,75,7.5,26,0
780,2026-09-05T05:31:08.441629+00:00,175029687000000,175029718000000,58.125000000,online_observation,6,0,2089,2088,0.101242732000,0.099708751213,76,7.6,27,0,2759,2762,1.063048686005,1.067650628368,75,7.5,26,0,2418,2412,0.552233083639,0.543029198912,76,7.6,27,0,2725,2723,0.995553531338,0.992485569762,75,7.5,27,0,2073,2068,0.010737865515,0.003067961576,76,7.6,26,1
781,2026-09-05T05:31:08.494153+00:00,175029734000000,175029765000000,58.172000000,online_observation,6,0,2089,2088,0.101242732000,0.099708751213,76,7.6,27,0,2759,2762,1.063048686005,1.067650628368,75,7.5,26,0,2418,2412,0.552233083639,0.543029198912,76,7.6,27,1,2725,2723,0.995553531338,0.992485569762,75,7.5,27,1,2073,2068,0.010737865515,0.003067961576,75,7.5,26,1
782,2026-09-05T05:31:08.543203+00:00,175029781000000,175029812000000,58.219000000,online_observation,6,0,2089,2088,0.101242732000,0.099708751213,76,7.6,27,0,2759,2762,1.063048686005,1.067650628368,75,7.5,25,1,2418,2412,0.552233083639,0.543029198912,76,7.6,27,1,2725,2723,0.995553531338,0.992485569762,75,7.5,27,1,2073,2068,0.010737865515,0.003067961576,75,7.5,26,1
783,2026-09-05T05:31:08.604616+00:00,175029843000000,175029875000000,58.282000000,online_observation,6,0,2089,2088,0.101242732000,0.099708751213,76,7.6,27,0,2759,2762,1.063048686005,1.067650628368,75,7.5,25,1,2418,2412,0.552233083639,0.543029198912,76,7.6,27,1,2725,2723,0.995553531338,0.992485569762,75,7.5,27,1,2073,2068,0.010737865515,0.003067961576,75,7.5,26,1
784,2026-09-05T05:31:08.691675+00:00,175029921000000,175029968000000,58.375000000,post_roll_hold,49,0,2089,2088,0.101242732000,0.099708751213,76,7.6,27,0,2759,2762,1.063048686005,1.067650628368,75,7.5,26,1,2418,2412,0.552233083639,0.543029198912,76,7.6,27,2,2725,2723,0.995553531338,0.992485569762,75,7.5,27,0,2073,2068,0.010737865515,0.003067961576,76,7.6,26,1
785,2026-09-05T05:31:08.747971+00:00,175029984000000,175030015000000,58.422000000,post_roll_hold,49,0,2089,2088,0.101242732000,0.099708751213,76,7.6,27,0,2759,2762,1.063048686005,1.067650628368,75,7.5,25,1,2418,2412,0.552233083639,0.543029198912,76,7.6,27,1,2725,2723,0.995553531338,0.992485569762,75,7.5,27,1,2073,2068,0.010737865515,0.003067961576,76,7.6,26,1
786,2026-09-05T05:31:08.793289+00:00,175030031000000,175030062000000,58.469000000,post_roll_hold,49,0,2089,2088,0.101242732000,0.099708751213,76,7.6,27,0,2759,2762,1.063048686005,1.067650628368,75,7.5,25,0,2418,2412,0.552233083639,0.543029198912,76,7.6,27,0,2725,2723,0.995553531338,0.992485569762,75,7.5,27,1,2073,2068,0.010737865515,0.003067961576,75,7.5,26,1
787,2026-09-05T05:31:08.845189+00:00,175030078000000,175030125000000,58.532000000,post_roll_hold,49,0,2089,2088,0.101242732000,0.099708751213,76,7.6,27,0,2759,2762,1.063048686005,1.067650628368,75,7.5,26,1,2418,2412,0.552233083639,0.543029198912,76,7.6,27,1,2725,2723,0.995553531338,0.992485569762,75,7.5,27,0,2073,2068,0.010737865515,0.003067961576,76,7.6,26,1
788,2026-09-05T05:31:08.904265+00:00,175030140000000,175030171000000,58.578000000,post_roll_hold,49,0,2089,2088,0.101242732000,0.099708751213,76,7.6,27,0,2759,2762,1.063048686005,1.067650628368,75,7.5,26,0,2418,2412,0.552233083639,0.543029198912,76,7.6,27,1,2725,2723,0.995553531338,0.992485569762,75,7.5,27,0,2073,2068,0.010737865515,0.003067961576,75,7.5,26,1
789,2026-09-05T05:31:08.953388+00:00,175030187000000,175030234000000,58.641000000,post_roll_hold,49,0,2089,2088,0.101242732000,0.099708751213,76,7.6,27,0,2759,2762,1.063048686005,1.067650628368,75,7.5,25,1,2418,2412,0.552233083639,0.543029198912,76,7.6,27,1,2725,2723,0.995553531338,0.992485569762,75,7.5,27,0,2073,2068,0.010737865515,0.003067961576,75,7.5,26,1
790,2026-09-05T05:31:09.011887+00:00,175030250000000,175030281000000,58.688000000,post_roll_hold,49,0,2089,2088,0.101242732000,0.099708751213,76,7.6,27,0,2759,2762,1.063048686005,1.067650628368,75,7.5,25,1,2418,2412,0.552233083639,0.543029198912,76,7.6,27,1,2725,2723,0.995553531338,0.992485569762,75,7.5,27,1,2073,2068,0.010737865515,0.003067961576,75,7.5,26,1
791,2026-09-05T05:31:09.057571+00:00,175030296000000,175030328000000,58.735000000,post_roll_hold,49,0,2089,2088,0.101242732000,0.099708751213,76,7.6,27,0,2759,2762,1.063048686005,1.067650628368,75,7.5,25,1,2418,2412,0.552233083639,0.543029198912,76,7.6,27,1,2725,2723,0.995553531338,0.992485569762,75,7.5,27,0,2073,2068,0.010737865515,0.003067961576,75,7.5,26,0
792,2026-09-05T05:31:09.105362+00:00,175030343000000,175030375000000,58.782000000,post_roll_hold,49,0,2089,2088,0.101242732000,0.099708751213,76,7.6,27,0,2759,2762,1.063048686005,1.067650628368,75,7.5,25,1,2418,2412,0.552233083639,0.543029198912,76,7.6,27,1,2725,2723,0.995553531338,0.992485569762,75,7.5,27,1,2073,2068,0.010737865515,0.003067961576,75,7.5,26,0
793,2026-09-05T05:31:09.159573+00:00,175030390000000,175030437000000,58.844000000,post_roll_hold,49,0,2089,2088,0.101242732000,0.099708751213,76,7.6,27,0,2759,2762,1.063048686005,1.067650628368,75,7.5,25,1,2418,2412,0.552233083639,0.543029198912,76,7.6,27,1,2725,2723,0.995553531338,0.992485569762,75,7.5,27,1,2073,2068,0.010737865515,0.003067961576,75,7.5,26,1
794,2026-09-05T05:31:09.224859+00:00,175030453000000,175030500000000,58.907000000,post_roll_hold,49,0,2089,2088,0.101242732000,0.099708751213,76,7.6,27,0,2759,2762,1.063048686005,1.067650628368,75,7.5,25,1,2418,2412,0.552233083639,0.543029198912,76,7.6,27,1,2725,2723,0.995553531338,0.992485569762,75,7.5,27,1,2073,2068,0.010737865515,0.003067961576,75,7.5,26,1
795,2026-09-05T05:31:09.280069+00:00,175030515000000,175030562000000,58.969000000,post_roll_hold,49,0,2089,2088,0.101242732000,0.099708751213,76,7.6,27,0,2759,2762,1.063048686005,1.067650628368,75,7.5,25,1,2418,2412,0.552233083639,0.543029198912,76,7.6,27,2,2725,2723,0.995553531338,0.992485569762,75,7.5,27,0,2073,2068,0.010737865515,0.003067961576,75,7.5,26,1
796,2026-09-05T05:31:09.330136+00:00,175030578000000,175030609000000,59.016000000,post_roll_hold,49,0,2089,2088,0.101242732000,0.099708751213,76,7.6,27,0,2759,2762,1.063048686005,1.067650628368,75,7.5,25,0,2418,2412,0.552233083639,0.543029198912,76,7.6,27,1,2725,2723,0.995553531338,0.992485569762,75,7.5,27,0,2073,2068,0.010737865515,0.003067961576,76,7.6,26,1
797,2026-09-05T05:31:09.385893+00:00,175030625000000,175030656000000,59.063000000,post_roll_hold,49,0,2089,2088,0.101242732000,0.099708751213,76,7.6,27,0,2759,2762,1.063048686005,1.067650628368,75,7.5,25,1,2418,2412,0.552233083639,0.543029198912,76,7.6,27,1,2725,2723,0.995553531338,0.992485569762,75,7.5,27,1,2073,2068,0.010737865515,0.003067961576,75,7.5,26,1
798,2026-09-05T05:31:09.428926+00:00,175030671000000,175030703000000,59.110000000,post_roll_hold,49,0,2089,2088,0.101242732000,0.099708751213,76,7.6,27,0,2759,2762,1.063048686005,1.067650628368,75,7.5,26,0,2418,2412,0.552233083639,0.543029198912,76,7.6,27,1,2725,2723,0.995553531338,0.992485569762,75,7.5,27,1,2073,2068,0.010737865515,0.003067961576,75,7.5,26,1
799,2026-09-05T05:31:09.478444+00:00,175030718000000,175030750000000,59.157000000,post_roll_hold,49,0,2089,2088,0.101242732000,0.099708751213,76,7.6,27,0,2759,2762,1.063048686005,1.067650628368,75,7.5,25,1,2418,2412,0.552233083639,0.543029198912,76,7.6,27,1,2725,2723,0.995553531338,0.992485569762,75,7.5,27,0,2073,2068,0.010737865515,0.003067961576,75,7.5,26,1
800,2026-09-05T05:31:09.528651+00:00,175030765000000,175030796000000,59.203000000,post_roll_hold,49,0,2089,2088,0.101242732000,0.099708751213,76,7.6,27,0,2759,2762,1.063048686005,1.067650628368,75,7.5,25,1,2418,2412,0.552233083639,0.543029198912,76,7.6,27,1,2725,2723,0.995553531338,0.992485569762,75,7.5,27,1,2073,2068,0.010737865515,0.003067961576,75,7.5,26,1
801,2026-09-05T05:31:09.589340+00:00,175030828000000,175030859000000,59.266000000,post_roll_hold,49,0,2089,2088,0.101242732000,0.099708751213,76,7.6,27,0,2759,2762,1.063048686005,1.067650628368,75,7.5,26,0,2418,2412,0.552233083639,0.543029198912,76,7.6,27,1,2725,2723,0.995553531338,0.992485569762,75,7.5,27,0,2073,2068,0.010737865515,0.003067961576,75,7.5,26,1
802,2026-09-05T05:31:09.633273+00:00,175030875000000,175030906000000,59.313000000,post_roll_hold,49,0,2089,2088,0.101242732000,0.099708751213,76,7.6,27,0,2759,2762,1.063048686005,1.067650628368,75,7.5,25,1,2418,2412,0.552233083639,0.543029198912,76,7.6,27,1,2725,2723,0.995553531338,0.992485569762,75,7.5,27,0,2073,2068,0.010737865515,0.003067961576,75,7.5,26,1
803,2026-09-05T05:31:09.687439+00:00,175030921000000,175030968000000,59.375000000,post_roll_hold,49,0,2089,2088,0.101242732000,0.099708751213,76,7.6,27,0,2759,2762,1.063048686005,1.067650628368,75,7.5,25,1,2418,2412,0.552233083639,0.543029198912,76,7.6,27,1,2725,2723,0.995553531338,0.992485569762,75,7.5,27,1,2073,2068,0.010737865515,0.003067961576,76,7.6,35,1
