camera,frame_index,grab_start_monotonic_ns,grab_end_monotonic_ns,capture_mid_monotonic_ns,host_utc,device_frame_id,device_timestamp,width,height
directshow_index_1,0,174143406000000,174143671000000,174143538500000,2026-09-05T05:16:22.484392+00:00,,,640,480
directshow_index_1,1,174143765000000,174143765000000,174143765000000,2026-09-05T05:16:22.491924+00:00,,,640,480
directshow_index_1,2,174143859000000,174143859000000,174143859000000,2026-09-05T05:16:22.581411+00:00,,,640,480
directshow_index_1,3,174143953000000,174143953000000,174143953000000,2026-09-05T05:16:22.674933+00:00,,,640,480
directshow_index_1,4,174144046000000,174144046000000,174144046000000,2026-09-05T05:16:22.770382+00:00,,,640,480
directshow_index_1,5,174144140000000,174144140000000,174144140000000,2026-09-05T05:16:22.862514+00:00,,,640,480
directshow_index_1,6,174144234000000,174144234000000,174144234000000,2026-09-05T05:16:22.957247+00:00,,,640,480
directshow_index_1,7,174144328000000,174144328000000,174144328000000,2026-09-05T05:16:23.054740+00:00,,,640,480
directshow_index_1,8,174144421000000,174144421000000,174144421000000,2026-09-05T05:16:23.143424+00:00,,,640,480
directshow_index_1,9,174144515000000,174144515000000,174144515000000,2026-09-05T05:16:23.237130+00:00,,,640,480
directshow_index_1,10,174144609000000,174144609000000,174144609000000,2026-09-05T05:16:23.335180+00:00,,,640,480
directshow_index_1,11,174144703000000,174144703000000,174144703000000,2026-09-05T05:16:23.430917+00:00,,,640,480
daheng_sn_FDE23080341,0,174144734000000,174144750000000,174144742000000,2026-09-05T05:16:23.515757+00:00,0,8493099788625,1920,1200
directshow_index_1,12,174144796000000,174144796000000,174144796000000,2026-09-05T05:16:23.517752+00:00,,,640,480
daheng_sn_FDE23080341,1,174144828000000,174144828000000,174144828000000,2026-09-05T05:16:23.581864+00:00,1,8493107473425,1920,1200
directshow_index_1,13,174144890000000,174144890000000,174144890000000,2026-09-05T05:16:23.611099+00:00,,,640,480
daheng_sn_FDE23080341,2,174144921000000,174144921000000,174144921000000,2026-09-05T05:16:23.676322+00:00,2,8493115158225,1920,1200
directshow_index_1,14,174144984000000,174144984000000,174144984000000,2026-09-05T05:16:23.705029+00:00,,,640,480
daheng_sn_FDE23080341,3,174145015000000,174145015000000,174145015000000,2026-09-05T05:16:23.762705+00:00,3,8493122843025,1920,1200
directshow_index_1,15,174145078000000,174145078000000,174145078000000,2026-09-05T05:16:23.799205+00:00,,,640,480
daheng_sn_FDE23080341,4,174145109000000,174145109000000,174145109000000,2026-09-05T05:16:23.874330+00:00,4,8493130527825,1920,1200
directshow_index_1,16,174145171000000,174145171000000,174145171000000,2026-09-05T05:16:23.897907+00:00,,,640,480
daheng_sn_FDE23080341,5,174145203000000,174145203000000,174145203000000,2026-09-05T05:16:23.953890+00:00,5,8493138212625,1920,1200
directshow_index_1,17,174145265000000,174145265000000,174145265000000,2026-09-05T05:16:23.986976+00:00,,,640,480
daheng_sn_FDE23080341,6,174145296000000,174145296000000,174145296000000,2026-09-05T05:16:24.049703+00:00,6,8493145897425,1920,1200
directshow_index_1,18,174145359000000,174145359000000,174145359000000,2026-09-05T05:16:24.083410+00:00,,,640,480
daheng_sn_FDE23080341,7,174145390000000,174145390000000,174145390000000,2026-09-05T05:16:24.167125+00:00,7,8493153582225,1920,1200
directshow_index_1,19,174145453000000,174145453000000,174145453000000,2026-09-05T05:16:24.176663+00:00,,,640,480
daheng_sn_FDE23080341,8,174145484000000,174145484000000,174145484000000,2026-09-05T05:16:24.237771+00:00,8,8493161267025,1920,1200
directshow_index_1,20,174145546000000,174145546000000,174145546000000,2026-09-05T05:16:24.271842+00:00,,,640,480
daheng_sn_FDE23080341,9,174145578000000,174145578000000,174145578000000,2026-09-05T05:16:24.341727+00:00,9,8493168951825,1920,1200
directshow_index_1,21,174145640000000,174145640000000,174145640000000,2026-09-05T05:16:24.365647+00:00,,,640,480
daheng_sn_FDE23080341,10,174145671000000,174145671000000,174145671000000,2026-09-05T05:16:24.432211+00:00,10,8493176636625,1920,1200
directshow_index_1,22,174145734000000,174145734000000,174145734000000,2026-09-05T05:16:24.458369+00:00,,,640,480
daheng_sn_FDE23080341,11,174145765000000,174145765000000,174145765000000,2026-09-05T05:16:24.514262+00:00,11,8493184321425,1920,1200
directshow_index_1,23,174145828000000,174145828000000,174145828000000,2026-09-05T05:16:24.551792+00:00,,,640,480
daheng_sn_FDE23080341,12,174145859000000,174145859000000,174145859000000,2026-09-05T05:16:24.605605+00:00,12,8493192006225,1920,1200
directshow_index_1,24,174145921000000,174145921000000,174145921000000,2026-09-05T05:16:24.646582+00:00,,,640,480
daheng_sn_FDE23080341,13,174145953000000,174145953000000,174145953000000,2026-09-05T05:16:24.707839+00:00,23,8493276539025,1920,1200
directshow_index_1,25,174146015000000,174146015000000,174146015000000,2026-09-05T05:16:24.739426+00:00,,,640,480
daheng_sn_FDE23080341,14,174146046000000,174146046000000,174146046000000,2026-09-05T05:16:24.802841+00:00,35,8493368756625,1920,1200
directshow_index_1,26,174146109000000,174146109000000,174146109000000,2026-09-05T05:16:24.834888+00:00,,,640,480
daheng_sn_FDE23080341,15,174146140000000,174146140000000,174146140000000,2026-09-05T05:16:24.900099+00:00,48,8493468659025,1920,1200
directshow_index_1,27,174146203000000,174146203000000,174146203000000,2026-09-05T05:16:24.928553+00:00,,,640,480
daheng_sn_FDE23080341,16,174146234000000,174146234000000,174146234000000,2026-09-05T05:16:25.002862+00:00,60,8493560876625,1920,1200
directshow_index_1,28,174146296000000,174146296000000,174146296000000,2026-09-05T05:16:25.022888+00:00,,,640,480
daheng_sn_FDE23080341,17,174146328000000,174146328000000,174146328000000,2026-09-05T05:16:25.094684+00:00,72,8493653094225,1920,1200
directshow_index_1,29,174146390000000,174146390000000,174146390000000,2026-09-05T05:16:25.116193+00:00,,,640,480
daheng_sn_FDE23080341,18,174146421000000,174146421000000,174146421000000,2026-09-05T05:16:25.175306+00:00,84,8493745311825,1920,1200
directshow_index_1,30,174146484000000,174146484000000,174146484000000,2026-09-05T05:16:25.212926+00:00,,,640,480
daheng_sn_FDE23080341,19,174146515000000,174146515000000,174146515000000,2026-09-05T05:16:25.270286+00:00,96,8493837529425,1920,1200
directshow_index_1,31,174146578000000,174146578000000,174146578000000,2026-09-05T05:16:25.299921+00:00,,,640,480
daheng_sn_FDE23080341,20,174146609000000,174146609000000,174146609000000,2026-09-05T05:16:25.363486+00:00,109,8493937431825,1920,1200
directshow_index_1,32,174146671000000,174146671000000,174146671000000,2026-09-05T05:16:25.393487+00:00,,,640,480
daheng_sn_FDE23080341,21,174146703000000,174146703000000,174146703000000,2026-09-05T05:16:25.452440+00:00,120,8494021964625,1920,1200
directshow_index_1,33,174146765000000,174146765000000,174146765000000,2026-09-05T05:16:25.485963+00:00,,,640,480
daheng_sn_FDE23080341,22,174146796000000,174146796000000,174146796000000,2026-09-05T05:16:25.553262+00:00,133,8494121867025,1920,1200
directshow_index_1,34,174146859000000,174146859000000,174146859000000,2026-09-05T05:16:25.585115+00:00,,,640,480
daheng_sn_FDE23080341,23,174146890000000,174146890000000,174146890000000,2026-09-05T05:16:25.636546+00:00,145,8494214084625,1920,1200
directshow_index_1,35,174146953000000,174146953000000,174146953000000,2026-09-05T05:16:25.676120+00:00,,,640,480
daheng_sn_FDE23080341,24,174146984000000,174146984000000,174146984000000,2026-09-05T05:16:25.738096+00:00,157,8494306302225,1920,1200
directshow_index_1,36,174147046000000,174147046000000,174147046000000,2026-09-05T05:16:25.769028+00:00,,,640,480
daheng_sn_FDE23080341,25,174147078000000,174147078000000,174147078000000,2026-09-05T05:16:25.830888+00:00,169,8494398519825,1920,1200
directshow_index_1,37,174147140000000,174147140000000,174147140000000,2026-09-05T05:16:25.861918+00:00,,,640,480
daheng_sn_FDE23080341,26,174147171000000,174147171000000,174147171000000,2026-09-05T05:16:25.921596+00:00,182,8494498422225,1920,1200
directshow_index_1,38,174147234000000,174147234000000,174147234000000,2026-09-05T05:16:25.955307+00:00,,,640,480
daheng_sn_FDE23080341,27,174147265000000,174147265000000,174147265000000,2026-09-05T05:16:26.014068+00:00,194,8494590639825,1920,1200
directshow_index_1,39,174147328000000,174147328000000,174147328000000,2026-09-05T05:16:26.048009+00:00,,,640,480
daheng_sn_FDE23080341,28,174147359000000,174147359000000,174147359000000,2026-09-05T05:16:26.113685+00:00,207,8494690542225,1920,1200
directshow_index_1,40,174147421000000,174147421000000,174147421000000,2026-09-05T05:16:26.145610+00:00,,,640,480
daheng_sn_FDE23080341,29,174147453000000,174147453000000,174147453000000,2026-09-05T05:16:26.203594+00:00,219,8494782759825,1920,1200
directshow_index_1,41,174147515000000,174147515000000,174147515000000,2026-09-05T05:16:26.240052+00:00,,,640,480
daheng_sn_FDE23080341,30,174147546000000,174147546000000,174147546000000,2026-09-05T05:16:26.301024+00:00,230,8494867292625,1920,1200
directshow_index_1,42,174147609000000,174147609000000,174147609000000,2026-09-05T05:16:26.332850+00:00,,,640,480
daheng_sn_FDE23080341,31,174147640000000,174147640000000,174147640000000,2026-09-05T05:16:26.393282+00:00,243,8494967195025,1920,1200
directshow_index_1,43,174147703000000,174147703000000,174147703000000,2026-09-05T05:16:26.426241+00:00,,,640,480
daheng_sn_FDE23080341,32,174147734000000,174147734000000,174147734000000,2026-09-05T05:16:26.484643+00:00,255,8495059412625,1920,1200
directshow_index_1,44,174147796000000,174147796000000,174147796000000,2026-09-05T05:16:26.516160+00:00,,,640,480
daheng_sn_FDE23080341,33,174147828000000,174147828000000,174147828000000,2026-09-05T05:16:26.580225+00:00,267,8495151630225,1920,1200
directshow_index_1,45,174147890000000,174147890000000,174147890000000,2026-09-05T05:16:26.614859+00:00,,,640,480
daheng_sn_FDE23080341,34,174147921000000,174147921000000,174147921000000,2026-09-05T05:16:26.677185+00:00,279,8495243847825,1920,1200
directshow_index_1,46,174147984000000,174147984000000,174147984000000,2026-09-05T05:16:26.709520+00:00,,,640,480
daheng_sn_FDE23080341,35,174148015000000,174148015000000,174148015000000,2026-09-05T05:16:26.764433+00:00,292,8495343750225,1920,1200
directshow_index_1,47,174148078000000,174148078000000,174148078000000,2026-09-05T05:16:26.804411+00:00,,,640,480
daheng_sn_FDE23080341,36,174148109000000,174148109000000,174148109000000,2026-09-05T05:16:26.859729+00:00,304,8495435967825,1920,1200
directshow_index_1,48,174148171000000,174148171000000,174148171000000,2026-09-05T05:16:26.896729+00:00,,,640,480
daheng_sn_FDE23080341,37,174148203000000,174148203000000,174148203000000,2026-09-05T05:16:26.950114+00:00,315,8495520500625,1920,1200
directshow_index_1,49,174148265000000,174148265000000,174148265000000,2026-09-05T05:16:26.988889+00:00,,,640,480
daheng_sn_FDE23080341,38,174148296000000,174148296000000,174148296000000,2026-09-05T05:16:27.049024+00:00,328,8495620403025,1920,1200
directshow_index_1,50,174148359000000,174148359000000,174148359000000,2026-09-05T05:16:27.082057+00:00,,,640,480
daheng_sn_FDE23080341,39,174148390000000,174148390000000,174148390000000,2026-09-05T05:16:27.145682+00:00,340,8495712620625,1920,1200
directshow_index_1,51,174148453000000,174148453000000,174148453000000,2026-09-05T05:16:27.175798+00:00,,,640,480
daheng_sn_FDE23080341,40,174148484000000,174148484000000,174148484000000,2026-09-05T05:16:27.264583+00:00,352,8495804838225,1920,1200
directshow_index_1,52,174148546000000,174148546000000,174148546000000,2026-09-05T05:16:27.268576+00:00,,,640,480
daheng_sn_FDE23080341,41,174148578000000,174148578000000,174148578000000,2026-09-05T05:16:27.330377+00:00,365,8495904740625,1920,1200
directshow_index_1,53,174148640000000,174148640000000,174148640000000,2026-09-05T05:16:27.362835+00:00,,,640,480
daheng_sn_FDE23080341,42,174148671000000,174148671000000,174148671000000,2026-09-05T05:16:27.422482+00:00,377,8495996958225,1920,1200
directshow_index_1,54,174148734000000,174148734000000,174148734000000,2026-09-05T05:16:27.457742+00:00,,,640,480
daheng_sn_FDE23080341,43,174148765000000,174148765000000,174148765000000,2026-09-05T05:16:27.516773+00:00,389,8496089175825,1920,1200
directshow_index_1,55,174148828000000,174148828000000,174148828000000,2026-09-05T05:16:27.551278+00:00,,,640,480
daheng_sn_FDE23080341,44,174148859000000,174148859000000,174148859000000,2026-09-05T05:16:27.611224+00:00,401,8496181393425,1920,1200
directshow_index_1,56,174148921000000,174148921000000,174148921000000,2026-09-05T05:16:27.647988+00:00,,,640,480
daheng_sn_FDE23080341,45,174148953000000,174148953000000,174148953000000,2026-09-05T05:16:27.704049+00:00,414,8496281295825,1920,1200
directshow_index_1,57,174149015000000,174149015000000,174149015000000,2026-09-05T05:16:27.740354+00:00,,,640,480
daheng_sn_FDE23080341,46,174149046000000,174149046000000,174149046000000,2026-09-05T05:16:27.796431+00:00,426,8496373513425,1920,1200
directshow_index_1,58,174149109000000,174149109000000,174149109000000,2026-09-05T05:16:27.835630+00:00,,,640,480
daheng_sn_FDE23080341,47,174149140000000,174149140000000,174149140000000,2026-09-05T05:16:27.888811+00:00,438,8496465731025,1920,1200
directshow_index_1,59,174149203000000,174149203000000,174149203000000,2026-09-05T05:16:27.931982+00:00,,,640,480
daheng_sn_FDE23080341,48,174149234000000,174149234000000,174149234000000,2026-09-05T05:16:27.987070+00:00,450,8496557948625,1920,1200
directshow_index_1,60,174149296000000,174149296000000,174149296000000,2026-09-05T05:16:28.018014+00:00,,,640,480
daheng_sn_FDE23080341,49,174149328000000,174149328000000,174149328000000,2026-09-05T05:16:28.078542+00:00,463,8496657851025,1920,1200
directshow_index_1,61,174149390000000,174149390000000,174149390000000,2026-09-05T05:16:28.115247+00:00,,,640,480
daheng_sn_FDE23080341,50,174149421000000,174149421000000,174149421000000,2026-09-05T05:16:28.169198+00:00,474,8496742383825,1920,1200
directshow_index_1,62,174149484000000,174149484000000,174149484000000,2026-09-05T05:16:28.210913+00:00,,,640,480
daheng_sn_FDE23080341,51,174149515000000,174149515000000,174149515000000,2026-09-05T05:16:28.269350+00:00,487,8496842286225,1920,1200
directshow_index_1,63,174149578000000,174149578000000,174149578000000,2026-09-05T05:16:28.302972+00:00,,,640,480
daheng_sn_FDE23080341,52,174149609000000,174149609000000,174149609000000,2026-09-05T05:16:28.362054+00:00,499,8496934503825,1920,1200
directshow_index_1,64,174149671000000,174149671000000,174149671000000,2026-09-05T05:16:28.398091+00:00,,,640,480
daheng_sn_FDE23080341,53,174149703000000,174149703000000,174149703000000,2026-09-05T05:16:28.460221+00:00,511,8497026721425,1920,1200
directshow_index_1,65,174149765000000,174149765000000,174149765000000,2026-09-05T05:16:28.484829+00:00,,,640,480
daheng_sn_FDE23080341,54,174149796000000,174149796000000,174149796000000,2026-09-05T05:16:28.549466+00:00,523,8497118939025,1920,1200
directshow_index_1,66,174149859000000,174149859000000,174149859000000,2026-09-05T05:16:28.580372+00:00,,,640,480
daheng_sn_FDE23080341,55,174149890000000,174149890000000,174149890000000,2026-09-05T05:16:28.644036+00:00,536,8497218841425,1920,1200
directshow_index_1,67,174149953000000,174149953000000,174149953000000,2026-09-05T05:16:28.680957+00:00,,,640,480
daheng_sn_FDE23080341,56,174149984000000,174149984000000,174149984000000,2026-09-05T05:16:28.735355+00:00,548,8497311059025,1920,1200
directshow_index_1,68,174150046000000,174150046000000,174150046000000,2026-09-05T05:16:28.767355+00:00,,,640,480
daheng_sn_FDE23080341,57,174150078000000,174150078000000,174150078000000,2026-09-05T05:16:28.826943+00:00,560,8497403276625,1920,1200
directshow_index_1,69,174150140000000,174150140000000,174150140000000,2026-09-05T05:16:28.865726+00:00,,,640,480
daheng_sn_FDE23080341,58,174150171000000,174150171000000,174150171000000,2026-09-05T05:16:28.931217+00:00,572,8497495494225,1920,1200
directshow_index_1,70,174150234000000,174150234000000,174150234000000,2026-09-05T05:16:28.959209+00:00,,,640,480
daheng_sn_FDE23080341,59,174150265000000,174150265000000,174150265000000,2026-09-05T05:16:29.033817+00:00,584,8497587711825,1920,1200
directshow_index_1,71,174150328000000,174150328000000,174150328000000,2026-09-05T05:16:29.049819+00:00,,,640,480
daheng_sn_FDE23080341,60,174150359000000,174150359000000,174150359000000,2026-09-05T05:16:29.111357+00:00,596,8497679929425,1920,1200
directshow_index_1,72,174150421000000,174150421000000,174150421000000,2026-09-05T05:16:29.145927+00:00,,,640,480
daheng_sn_FDE23080341,61,174150453000000,174150453000000,174150453000000,2026-09-05T05:16:29.201837+00:00,608,8497772147025,1920,1200
directshow_index_1,73,174150515000000,174150515000000,174150515000000,2026-09-05T05:16:29.237369+00:00,,,640,480
daheng_sn_FDE23080341,62,174150546000000,174150546000000,174150546000000,2026-09-05T05:16:29.296325+00:00,621,8497872049425,1920,1200
directshow_index_1,74,174150609000000,174150609000000,174150609000000,2026-09-05T05:16:29.329844+00:00,,,640,480
daheng_sn_FDE23080341,63,174150640000000,174150640000000,174150640000000,2026-09-05T05:16:29.388544+00:00,633,8497964267025,1920,1200
directshow_index_1,75,174150703000000,174150703000000,174150703000000,2026-09-05T05:16:29.423540+00:00,,,640,480
daheng_sn_FDE23080341,64,174150734000000,174150734000000,174150734000000,2026-09-05T05:16:29.484918+00:00,646,8498064169425,1920,1200
directshow_index_1,76,174150796000000,174150796000000,174150796000000,2026-09-05T05:16:29.521431+00:00,,,640,480
daheng_sn_FDE23080341,65,174150828000000,174150828000000,174150828000000,2026-09-05T05:16:29.586702+00:00,657,8498148702225,1920,1200
directshow_index_1,77,174150890000000,174150890000000,174150890000000,2026-09-05T05:16:29.615814+00:00,,,640,480
daheng_sn_FDE23080341,66,174150921000000,174150921000000,174150921000000,2026-09-05T05:16:29.670778+00:00,670,8498248604625,1920,1200
directshow_index_1,78,174150984000000,174150984000000,174150984000000,2026-09-05T05:16:29.711439+00:00,,,640,480
daheng_sn_FDE23080341,67,174151015000000,174151015000000,174151015000000,2026-09-05T05:16:29.764150+00:00,682,8498340822225,1920,1200
directshow_index_1,79,174151078000000,174151078000000,174151078000000,2026-09-05T05:16:29.804356+00:00,,,640,480
daheng_sn_FDE23080341,68,174151109000000,174151109000000,174151109000000,2026-09-05T05:16:29.863732+00:00,694,8498433039825,1920,1200
directshow_index_1,80,174151171000000,174151171000000,174151171000000,2026-09-05T05:16:29.898716+00:00,,,640,480
daheng_sn_FDE23080341,69,174151203000000,174151203000000,174151203000000,2026-09-05T05:16:29.960961+00:00,707,8498532942225,1920,1200
directshow_index_1,81,174151265000000,174151265000000,174151265000000,2026-09-05T05:16:29.991496+00:00,,,640,480
daheng_sn_FDE23080341,70,174151296000000,174151296000000,174151296000000,2026-09-05T05:16:30.051793+00:00,718,8498617475025,1920,1200
directshow_index_1,82,174151359000000,174151359000000,174151359000000,2026-09-05T05:16:30.079792+00:00,,,640,480
daheng_sn_FDE23080341,71,174151390000000,174151390000000,174151390000000,2026-09-05T05:16:30.142622+00:00,731,8498717377425,1920,1200
directshow_index_1,83,174151453000000,174151453000000,174151453000000,2026-09-05T05:16:30.179708+00:00,,,640,480
daheng_sn_FDE23080341,72,174151484000000,174151484000000,174151484000000,2026-09-05T05:16:30.235712+00:00,743,8498809595025,1920,1200
directshow_index_1,84,174151546000000,174151546000000,174151546000000,2026-09-05T05:16:30.267712+00:00,,,640,480
daheng_sn_FDE23080341,73,174151578000000,174151578000000,174151578000000,2026-09-05T05:16:30.327223+00:00,755,8498901812625,1920,1200
directshow_index_1,85,174151640000000,174151640000000,174151640000000,2026-09-05T05:16:30.365878+00:00,,,640,480
daheng_sn_FDE23080341,74,174151671000000,174151671000000,174151671000000,2026-09-05T05:16:30.424875+00:00,767,8498994030225,1920,1200
directshow_index_1,86,174151734000000,174151734000000,174151734000000,2026-09-05T05:16:30.460225+00:00,,,640,480
daheng_sn_FDE23080341,75,174151765000000,174151765000000,174151765000000,2026-09-05T05:16:30.521970+00:00,779,8499086247825,1920,1200
directshow_index_1,87,174151828000000,174151828000000,174151828000000,2026-09-05T05:16:30.559822+00:00,,,640,480
daheng_sn_FDE23080341,76,174151859000000,174151859000000,174151859000000,2026-09-05T05:16:30.620350+00:00,792,8499186150225,1920,1200
directshow_index_1,88,174151921000000,174151921000000,174151921000000,2026-09-05T05:16:30.646458+00:00,,,640,480
daheng_sn_FDE23080341,77,174151953000000,174151953000000,174151953000000,2026-09-05T05:16:30.712216+00:00,804,8499278367825,1920,1200
directshow_index_1,89,174152015000000,174152015000000,174152015000000,2026-09-05T05:16:30.740682+00:00,,,640,480
daheng_sn_FDE23080341,78,174152046000000,174152046000000,174152046000000,2026-09-05T05:16:30.803414+00:00,816,8499370585425,1920,1200
directshow_index_1,90,174152109000000,174152109000000,174152109000000,2026-09-05T05:16:30.834721+00:00,,,640,480
daheng_sn_FDE23080341,79,174152140000000,174152140000000,174152140000000,2026-09-05T05:16:30.894304+00:00,828,8499462803025,1920,1200
directshow_index_1,91,174152203000000,174152203000000,174152203000000,2026-09-05T05:16:30.932379+00:00,,,640,480
daheng_sn_FDE23080341,80,174152234000000,174152234000000,174152234000000,2026-09-05T05:16:30.990350+00:00,840,8499555020625,1920,1200
directshow_index_1,92,174152296000000,174152296000000,174152296000000,2026-09-05T05:16:31.021657+00:00,,,640,480
daheng_sn_FDE23080341,81,174152328000000,174152328000000,174152328000000,2026-09-05T05:16:31.090999+00:00,853,8499654923025,1920,1200
directshow_index_1,93,174152390000000,174152390000000,174152390000000,2026-09-05T05:16:31.112993+00:00,,,640,480
daheng_sn_FDE23080341,82,174152421000000,174152421000000,174152421000000,2026-09-05T05:16:31.186943+00:00,865,8499747140625,1920,1200
directshow_index_1,94,174152484000000,174152484000000,174152484000000,2026-09-05T05:16:31.208194+00:00,,,640,480
daheng_sn_FDE23080341,83,174152515000000,174152515000000,174152515000000,2026-09-05T05:16:31.264738+00:00,877,8499839358225,1920,1200
directshow_index_1,95,174152578000000,174152578000000,174152578000000,2026-09-05T05:16:31.300646+00:00,,,640,480
daheng_sn_FDE23080341,84,174152609000000,174152609000000,174152609000000,2026-09-05T05:16:31.363388+00:00,889,8499931575825,1920,1200
directshow_index_1,96,174152671000000,174152671000000,174152671000000,2026-09-05T05:16:31.396087+00:00,,,640,480
daheng_sn_FDE23080341,85,174152703000000,174152703000000,174152703000000,2026-09-05T05:16:31.470714+00:00,901,8500023793425,1920,1200
directshow_index_1,97,174152765000000,174152765000000,174152765000000,2026-09-05T05:16:31.488439+00:00,,,640,480
daheng_sn_FDE23080341,86,174152796000000,174152796000000,174152796000000,2026-09-05T05:16:31.555416+00:00,914,8500123695825,1920,1200
directshow_index_1,98,174152859000000,174152859000000,174152859000000,2026-09-05T05:16:31.581417+00:00,,,640,480
daheng_sn_FDE23080341,87,174152890000000,174152890000000,174152890000000,2026-09-05T05:16:31.655319+00:00,925,8500208228625,1920,1200
directshow_index_1,99,174152953000000,174152953000000,174152953000000,2026-09-05T05:16:31.676204+00:00,,,640,480
daheng_sn_FDE23080341,88,174152984000000,174152984000000,174152984000000,2026-09-05T05:16:31.738329+00:00,938,8500308131025,1920,1200
directshow_index_1,100,174153046000000,174153046000000,174153046000000,2026-09-05T05:16:31.769337+00:00,,,640,480
daheng_sn_FDE23080341,89,174153078000000,174153078000000,174153078000000,2026-09-05T05:16:31.844185+00:00,951,8500408033425,1920,1200
directshow_index_1,101,174153140000000,174153140000000,174153140000000,2026-09-05T05:16:31.861833+00:00,,,640,480
daheng_sn_FDE23080341,90,174153171000000,174153171000000,174153171000000,2026-09-05T05:16:31.925825+00:00,963,8500500251025,1920,1200
directshow_index_1,102,174153234000000,174153234000000,174153234000000,2026-09-05T05:16:31.958029+00:00,,,640,480
daheng_sn_FDE23080341,91,174153265000000,174153265000000,174153265000000,2026-09-05T05:16:32.023283+00:00,975,8500592468625,1920,1200
directshow_index_1,103,174153328000000,174153328000000,174153328000000,2026-09-05T05:16:32.051904+00:00,,,640,480
daheng_sn_FDE23080341,92,174153359000000,174153359000000,174153359000000,2026-09-05T05:16:32.112489+00:00,987,8500684686225,1920,1200
directshow_index_1,104,174153421000000,174153421000000,174153421000000,2026-09-05T05:16:32.145074+00:00,,,640,480
daheng_sn_FDE23080341,93,174153453000000,174153453000000,174153453000000,2026-09-05T05:16:32.209467+00:00,999,8500776903825,1920,1200
directshow_index_1,105,174153515000000,174153515000000,174153515000000,2026-09-05T05:16:32.239953+00:00,,,640,480
daheng_sn_FDE23080341,94,174153546000000,174153546000000,174153546000000,2026-09-05T05:16:32.310645+00:00,1011,8500869121425,1920,1200
directshow_index_1,106,174153609000000,174153609000000,174153609000000,2026-09-05T05:16:32.333154+00:00,,,640,480
daheng_sn_FDE23080341,95,174153640000000,174153640000000,174153640000000,2026-09-05T05:16:32.405681+00:00,1023,8500961339025,1920,1200
directshow_index_1,107,174153703000000,174153703000000,174153703000000,2026-09-05T05:16:32.426277+00:00,,,640,480
daheng_sn_FDE23080341,96,174153734000000,174153734000000,174153734000000,2026-09-05T05:16:32.491439+00:00,1036,8501061241425,1920,1200
directshow_index_1,108,174153796000000,174153796000000,174153796000000,2026-09-05T05:16:32.521952+00:00,,,640,480
daheng_sn_FDE23080341,97,174153828000000,174153828000000,174153828000000,2026-09-05T05:16:32.583099+00:00,1048,8501153459025,1920,1200
directshow_index_1,109,174153890000000,174153890000000,174153890000000,2026-09-05T05:16:32.615607+00:00,,,640,480
daheng_sn_FDE23080341,98,174153921000000,174153921000000,174153921000000,2026-09-05T05:16:32.676926+00:00,1060,8501245676625,1920,1200
directshow_index_1,110,174153984000000,174153984000000,174153984000000,2026-09-05T05:16:32.709921+00:00,,,640,480
daheng_sn_FDE23080341,99,174154015000000,174154015000000,174154015000000,2026-09-05T05:16:32.772693+00:00,1072,8501337894225,1920,1200
directshow_index_1,111,174154078000000,174154078000000,174154078000000,2026-09-05T05:16:32.802116+00:00,,,640,480
daheng_sn_FDE23080341,100,174154109000000,174154109000000,174154109000000,2026-09-05T05:16:32.862842+00:00,1085,8501437796625,1920,1200
directshow_index_1,112,174154171000000,174154171000000,174154171000000,2026-09-05T05:16:32.898364+00:00,,,640,480
daheng_sn_FDE23080341,101,174154203000000,174154203000000,174154203000000,2026-09-05T05:16:32.956491+00:00,1097,8501530014225,1920,1200
directshow_index_1,113,174154265000000,174154265000000,174154265000000,2026-09-05T05:16:32.989822+00:00,,,640,480
daheng_sn_FDE23080341,102,174154296000000,174154296000000,174154296000000,2026-09-05T05:16:33.070059+00:00,1109,8501622231825,1920,1200
directshow_index_1,114,174154359000000,174154359000000,174154359000000,2026-09-05T05:16:33.084508+00:00,,,640,480
daheng_sn_FDE23080341,103,174154390000000,174154390000000,174154390000000,2026-09-05T05:16:33.155617+00:00,1121,8501714449425,1920,1200
directshow_index_1,115,174154453000000,174154453000000,174154453000000,2026-09-05T05:16:33.178784+00:00,,,640,480
daheng_sn_FDE23080341,104,174154484000000,174154484000000,174154484000000,2026-09-05T05:16:33.242063+00:00,1133,8501806667025,1920,1200
directshow_index_1,116,174154546000000,174154546000000,174154546000000,2026-09-05T05:16:33.274068+00:00,,,640,480
daheng_sn_FDE23080341,105,174154578000000,174154578000000,174154578000000,2026-09-05T05:16:33.333815+00:00,1145,8501898884625,1920,1200
directshow_index_1,117,174154640000000,174154640000000,174154640000000,2026-09-05T05:16:33.367049+00:00,,,640,480
daheng_sn_FDE23080341,106,174154671000000,174154671000000,174154671000000,2026-09-05T05:16:33.424385+00:00,1157,8501991102225,1920,1200
directshow_index_1,118,174154734000000,174154734000000,174154734000000,2026-09-05T05:16:33.461813+00:00,,,640,480
daheng_sn_FDE23080341,107,174154765000000,174154765000000,174154765000000,2026-09-05T05:16:33.528010+00:00,1170,8502091004625,1920,1200
directshow_index_1,119,174154828000000,174154828000000,174154828000000,2026-09-05T05:16:33.557127+00:00,,,640,480
daheng_sn_FDE23080341,108,174154859000000,174154859000000,174154859000000,2026-09-05T05:16:33.616181+00:00,1182,8502183222225,1920,1200
directshow_index_1,120,174154921000000,174154921000000,174154921000000,2026-09-05T05:16:33.644151+00:00,,,640,480
daheng_sn_FDE23080341,109,174154953000000,174154953000000,174154953000000,2026-09-05T05:16:33.707399+00:00,1194,8502275439825,1920,1200
directshow_index_1,121,174155015000000,174155015000000,174155015000000,2026-09-05T05:16:33.738744+00:00,,,640,480
daheng_sn_FDE23080341,110,174155046000000,174155046000000,174155046000000,2026-09-05T05:16:33.799761+00:00,1206,8502367657425,1920,1200
directshow_index_1,122,174155109000000,174155109000000,174155109000000,2026-09-05T05:16:33.830838+00:00,,,640,480
daheng_sn_FDE23080341,111,174155140000000,174155140000000,174155140000000,2026-09-05T05:16:33.892626+00:00,1219,8502467559825,1920,1200
directshow_index_1,123,174155203000000,174155203000000,174155203000000,2026-09-05T05:16:33.927470+00:00,,,640,480
daheng_sn_FDE23080341,112,174155234000000,174155234000000,174155234000000,2026-09-05T05:16:33.991387+00:00,1231,8502559777425,1920,1200
directshow_index_1,124,174155296000000,174155296000000,174155296000000,2026-09-05T05:16:34.021954+00:00,,,640,480
daheng_sn_FDE23080341,113,174155328000000,174155328000000,174155328000000,2026-09-05T05:16:34.084922+00:00,1243,8502651995025,1920,1200
directshow_index_1,125,174155390000000,174155390000000,174155390000000,2026-09-05T05:16:34.116016+00:00,,,640,480
daheng_sn_FDE23080341,114,174155421000000,174155421000000,174155421000000,2026-09-05T05:16:34.175096+00:00,1255,8502744212625,1920,1200
directshow_index_1,126,174155484000000,174155484000000,174155484000000,2026-09-05T05:16:34.210581+00:00,,,640,480
daheng_sn_FDE23080341,115,174155515000000,174155515000000,174155515000000,2026-09-05T05:16:34.272386+00:00,1267,8502836430225,1920,1200
directshow_index_1,127,174155578000000,174155578000000,174155578000000,2026-09-05T05:16:34.304623+00:00,,,640,480
daheng_sn_FDE23080341,116,174155609000000,174155609000000,174155609000000,2026-09-05T05:16:34.361750+00:00,1279,8502928647825,1920,1200
directshow_index_1,128,174155671000000,174155671000000,174155671000000,2026-09-05T05:16:34.398607+00:00,,,640,480
daheng_sn_FDE23080341,117,174155703000000,174155703000000,174155703000000,2026-09-05T05:16:34.468045+00:00,1291,8503020865425,1920,1200
directshow_index_1,129,174155765000000,174155765000000,174155765000000,2026-09-05T05:16:34.486056+00:00,,,640,480
daheng_sn_FDE23080341,118,174155796000000,174155796000000,174155796000000,2026-09-05T05:16:34.549961+00:00,1304,8503120767825,1920,1200
directshow_index_1,130,174155859000000,174155859000000,174155859000000,2026-09-05T05:16:34.581016+00:00,,,640,480
daheng_sn_FDE23080341,119,174155890000000,174155890000000,174155890000000,2026-09-05T05:16:34.650539+00:00,1316,8503212985425,1920,1200
directshow_index_1,131,174155953000000,174155953000000,174155953000000,2026-09-05T05:16:34.673973+00:00,,,640,480
daheng_sn_FDE23080341,120,174155984000000,174155984000000,174155984000000,2026-09-05T05:16:34.745548+00:00,1328,8503305203025,1920,1200
directshow_index_1,132,174156046000000,174156046000000,174156046000000,2026-09-05T05:16:34.773520+00:00,,,640,480
daheng_sn_FDE23080341,121,174156078000000,174156078000000,174156078000000,2026-09-05T05:16:34.832586+00:00,1340,8503397420625,1920,1200
directshow_index_1,133,174156140000000,174156140000000,174156140000000,2026-09-05T05:16:34.861824+00:00,,,640,480
daheng_sn_FDE23080341,122,174156171000000,174156171000000,174156171000000,2026-09-05T05:16:34.931356+00:00,1352,8503489638225,1920,1200
directshow_index_1,134,174156234000000,174156234000000,174156234000000,2026-09-05T05:16:34.955564+00:00,,,640,480
daheng_sn_FDE23080341,123,174156265000000,174156265000000,174156265000000,2026-09-05T05:16:35.025107+00:00,1365,8503589540625,1920,1200
directshow_index_1,135,174156328000000,174156328000000,174156328000000,2026-09-05T05:16:35.049339+00:00,,,640,480
daheng_sn_FDE23080341,124,174156359000000,174156359000000,174156359000000,2026-09-05T05:16:35.115241+00:00,1377,8503681758225,1920,1200
directshow_index_1,136,174156421000000,174156421000000,174156421000000,2026-09-05T05:16:35.143785+00:00,,,640,480
daheng_sn_FDE23080341,125,174156453000000,174156453000000,174156453000000,2026-09-05T05:16:35.210908+00:00,1389,8503773975825,1920,1200
directshow_index_1,137,174156515000000,174156515000000,174156515000000,2026-09-05T05:16:35.247575+00:00,,,640,480
daheng_sn_FDE23080341,126,174156546000000,174156546000000,174156546000000,2026-09-05T05:16:35.305783+00:00,1402,8503873878225,1920,1200
directshow_index_1,138,174156609000000,174156609000000,174156609000000,2026-09-05T05:16:35.333322+00:00,,,640,480
daheng_sn_FDE23080341,127,174156640000000,174156640000000,174156640000000,2026-09-05T05:16:35.395725+00:00,1414,8503966095825,1920,1200
directshow_index_1,139,174156703000000,174156703000000,174156703000000,2026-09-05T05:16:35.429195+00:00,,,640,480
daheng_sn_FDE23080341,128,174156734000000,174156734000000,174156734000000,2026-09-05T05:16:35.495754+00:00,1427,8504065998225,1920,1200
directshow_index_1,140,174156796000000,174156796000000,174156796000000,2026-09-05T05:16:35.519625+00:00,,,640,480
daheng_sn_FDE23080341,129,174156828000000,174156828000000,174156828000000,2026-09-05T05:16:35.588829+00:00,1438,8504150531025,1920,1200
directshow_index_1,141,174156890000000,174156890000000,174156890000000,2026-09-05T05:16:35.615896+00:00,,,640,480
daheng_sn_FDE23080341,130,174156921000000,174156921000000,174156921000000,2026-09-05T05:16:35.682422+00:00,1451,8504250433425,1920,1200
directshow_index_1,142,174156984000000,174156984000000,174156984000000,2026-09-05T05:16:35.708381+00:00,,,640,480
daheng_sn_FDE23080341,131,174157015000000,174157015000000,174157015000000,2026-09-05T05:16:35.769491+00:00,1462,8504334966225,1920,1200
directshow_index_1,143,174157078000000,174157078000000,174157078000000,2026-09-05T05:16:35.798909+00:00,,,640,480
daheng_sn_FDE23080341,132,174157109000000,174157109000000,174157109000000,2026-09-05T05:16:35.859056+00:00,1475,8504434868625,1920,1200
directshow_index_1,144,174157171000000,174157171000000,174157171000000,2026-09-05T05:16:35.897468+00:00,,,640,480
daheng_sn_FDE23080341,133,174157203000000,174157203000000,174157203000000,2026-09-05T05:16:35.945997+00:00,1487,8504527086225,1920,1200
directshow_index_1,145,174157265000000,174157265000000,174157265000000,2026-09-05T05:16:35.987870+00:00,,,640,480
daheng_sn_FDE23080341,134,174157296000000,174157296000000,174157296000000,2026-09-05T05:16:36.043222+00:00,1499,8504619303825,1920,1200
directshow_index_1,146,174157359000000,174157359000000,174157359000000,2026-09-05T05:16:36.084774+00:00,,,640,480
daheng_sn_FDE23080341,135,174157390000000,174157390000000,174157390000000,2026-09-05T05:16:36.134553+00:00,1511,8504711521425,1920,1200
directshow_index_1,147,174157453000000,174157453000000,174157453000000,2026-09-05T05:16:36.174997+00:00,,,640,480
daheng_sn_FDE23080341,136,174157484000000,174157484000000,174157484000000,2026-09-05T05:16:36.232043+00:00,1524,8504811423825,1920,1200
directshow_index_1,148,174157546000000,174157546000000,174157546000000,2026-09-05T05:16:36.270746+00:00,,,640,480
daheng_sn_FDE23080341,137,174157578000000,174157578000000,174157578000000,2026-09-05T05:16:36.331528+00:00,1536,8504903641425,1920,1200
directshow_index_1,149,174157640000000,174157640000000,174157640000000,2026-09-05T05:16:36.360812+00:00,,,640,480
daheng_sn_FDE23080341,138,174157671000000,174157671000000,174157671000000,2026-09-05T05:16:36.422386+00:00,1548,8504995859025,1920,1200
directshow_index_1,150,174157734000000,174157734000000,174157734000000,2026-09-05T05:16:36.456874+00:00,,,640,480
daheng_sn_FDE23080341,139,174157765000000,174157765000000,174157765000000,2026-09-05T05:16:36.515267+00:00,1560,8505088076625,1920,1200
directshow_index_1,151,174157828000000,174157828000000,174157828000000,2026-09-05T05:16:36.547560+00:00,,,640,480
daheng_sn_FDE23080341,140,174157859000000,174157859000000,174157859000000,2026-09-05T05:16:36.615884+00:00,1573,8505187979025,1920,1200
directshow_index_1,152,174157921000000,174157921000000,174157921000000,2026-09-05T05:16:36.643613+00:00,,,640,480
daheng_sn_FDE23080341,141,174157953000000,174157953000000,174157953000000,2026-09-05T05:16:36.700359+00:00,1585,8505280196625,1920,1200
directshow_index_1,153,174158015000000,174158015000000,174158015000000,2026-09-05T05:16:36.737086+00:00,,,640,480
daheng_sn_FDE23080341,142,174158046000000,174158046000000,174158046000000,2026-09-05T05:16:36.791176+00:00,1597,8505372414225,1920,1200
directshow_index_1,154,174158109000000,174158109000000,174158109000000,2026-09-05T05:16:36.835811+00:00,,,640,480
daheng_sn_FDE23080341,143,174158140000000,174158140000000,174158140000000,2026-09-05T05:16:36.885038+00:00,1609,8505464631825,1920,1200
directshow_index_1,155,174158203000000,174158203000000,174158203000000,2026-09-05T05:16:36.925780+00:00,,,640,480
daheng_sn_FDE23080341,144,174158234000000,174158234000000,174158234000000,2026-09-05T05:16:36.976934+00:00,1621,8505556849425,1920,1200
directshow_index_1,156,174158296000000,174158296000000,174158296000000,2026-09-05T05:16:37.016769+00:00,,,640,480
daheng_sn_FDE23080341,145,174158328000000,174158328000000,174158328000000,2026-09-05T05:16:37.075150+00:00,1633,8505649067025,1920,1200
directshow_index_1,157,174158390000000,174158390000000,174158390000000,2026-09-05T05:16:37.111798+00:00,,,640,480
daheng_sn_FDE23080341,146,174158421000000,174158421000000,174158421000000,2026-09-05T05:16:37.167206+00:00,1646,8505748969425,1920,1200
directshow_index_1,158,174158484000000,174158484000000,174158484000000,2026-09-05T05:16:37.210363+00:00,,,640,480
daheng_sn_FDE23080341,147,174158515000000,174158515000000,174158515000000,2026-09-05T05:16:37.253674+00:00,1658,8505841187025,1920,1200
directshow_index_1,159,174158578000000,174158578000000,174158578000000,2026-09-05T05:16:37.301763+00:00,,,640,480
daheng_sn_FDE23080341,148,174158609000000,174158609000000,174158609000000,2026-09-05T05:16:37.350653+00:00,1670,8505933404625,1920,1200
directshow_index_1,160,174158671000000,174158671000000,174158671000000,2026-09-05T05:16:37.392146+00:00,,,640,480
daheng_sn_FDE23080341,149,174158703000000,174158703000000,174158703000000,2026-09-05T05:16:37.442525+00:00,1682,8506025622225,1920,1200
directshow_index_1,161,174158765000000,174158765000000,174158765000000,2026-09-05T05:16:37.487200+00:00,,,640,480
daheng_sn_FDE23080341,150,174158796000000,174158796000000,174158796000000,2026-09-05T05:16:37.537751+00:00,1695,8506125524625,1920,1200
directshow_index_1,162,174158859000000,174158859000000,174158859000000,2026-09-05T05:16:37.584753+00:00,,,640,480
daheng_sn_FDE23080341,151,174158890000000,174158890000000,174158890000000,2026-09-05T05:16:37.632564+00:00,1707,8506217742225,1920,1200
directshow_index_1,163,174158953000000,174158953000000,174158953000000,2026-09-05T05:16:37.677316+00:00,,,640,480
daheng_sn_FDE23080341,152,174158984000000,174158984000000,174158984000000,2026-09-05T05:16:37.742111+00:00,1719,8506309959825,1920,1200
directshow_index_1,164,174159046000000,174159046000000,174159046000000,2026-09-05T05:16:37.768435+00:00,,,640,480
daheng_sn_FDE23080341,153,174159078000000,174159078000000,174159078000000,2026-09-05T05:16:37.818206+00:00,1731,8506402177425,1920,1200
directshow_index_1,165,174159140000000,174159140000000,174159140000000,2026-09-05T05:16:37.862629+00:00,,,640,480
daheng_sn_FDE23080341,154,174159171000000,174159171000000,174159171000000,2026-09-05T05:16:37.918148+00:00,1743,8506494395025,1920,1200
directshow_index_1,166,174159234000000,174159234000000,174159234000000,2026-09-05T05:16:37.960482+00:00,,,640,480
daheng_sn_FDE23080341,155,174159265000000,174159265000000,174159265000000,2026-09-05T05:16:38.004924+00:00,1755,8506586612625,1920,1200
directshow_index_1,167,174159328000000,174159328000000,174159328000000,2026-09-05T05:16:38.049667+00:00,,,640,480
daheng_sn_FDE23080341,156,174159359000000,174159359000000,174159359000000,2026-09-05T05:16:38.099335+00:00,1768,8506686515025,1920,1200
directshow_index_1,168,174159421000000,174159421000000,174159421000000,2026-09-05T05:16:38.146450+00:00,,,640,480
daheng_sn_FDE23080341,157,174159453000000,174159453000000,174159453000000,2026-09-05T05:16:38.192551+00:00,1780,8506778732625,1920,1200
directshow_index_1,169,174159515000000,174159515000000,174159515000000,2026-09-05T05:16:38.236951+00:00,,,640,480
daheng_sn_FDE23080341,158,174159546000000,174159546000000,174159546000000,2026-09-05T05:16:38.299037+00:00,1792,8506870950225,1920,1200
directshow_index_1,170,174159609000000,174159609000000,174159609000000,2026-09-05T05:16:38.334360+00:00,,,640,480
daheng_sn_FDE23080341,159,174159640000000,174159640000000,174159640000000,2026-09-05T05:16:38.403441+00:00,1804,8506963167825,1920,1200
directshow_index_1,171,174159703000000,174159703000000,174159703000000,2026-09-05T05:16:38.425455+00:00,,,640,480
daheng_sn_FDE23080341,160,174159734000000,174159734000000,174159734000000,2026-09-05T05:16:38.496748+00:00,1816,8507055385425,1920,1200
directshow_index_1,172,174159796000000,174159796000000,174159796000000,2026-09-05T05:16:38.522293+00:00,,,640,480
daheng_sn_FDE23080341,161,174159828000000,174159828000000,174159828000000,2026-09-05T05:16:38.578328+00:00,1829,8507155287825,1920,1200
directshow_index_1,173,174159890000000,174159890000000,174159890000000,2026-09-05T05:16:38.613107+00:00,,,640,480
daheng_sn_FDE23080341,162,174159921000000,174159921000000,174159921000000,2026-09-05T05:16:38.665500+00:00,1841,8507247505425,1920,1200
directshow_index_1,174,174159984000000,174159984000000,174159984000000,2026-09-05T05:16:38.706812+00:00,,,640,480
daheng_sn_FDE23080341,163,174160015000000,174160015000000,174160015000000,2026-09-05T05:16:38.762957+00:00,1853,8507339723025,1920,1200
directshow_index_1,175,174160078000000,174160078000000,174160078000000,2026-09-05T05:16:38.802696+00:00,,,640,480
daheng_sn_FDE23080341,164,174160109000000,174160109000000,174160109000000,2026-09-05T05:16:38.856706+00:00,1865,8507431940625,1920,1200
directshow_index_1,176,174160171000000,174160171000000,174160171000000,2026-09-05T05:16:38.893473+00:00,,,640,480
daheng_sn_FDE23080341,165,174160203000000,174160203000000,174160203000000,2026-09-05T05:16:38.951067+00:00,1878,8507531843025,1920,1200
directshow_index_1,177,174160265000000,174160265000000,174160265000000,2026-09-05T05:16:38.986018+00:00,,,640,480
daheng_sn_FDE23080341,166,174160296000000,174160296000000,174160296000000,2026-09-05T05:16:39.046595+00:00,1889,8507616375825,1920,1200
directshow_index_1,178,174160359000000,174160359000000,174160359000000,2026-09-05T05:16:39.083356+00:00,,,640,480
daheng_sn_FDE23080341,167,174160390000000,174160390000000,174160390000000,2026-09-05T05:16:39.137300+00:00,1902,8507716278225,1920,1200
directshow_index_1,179,174160453000000,174160453000000,174160453000000,2026-09-05T05:16:39.172948+00:00,,,640,480
daheng_sn_FDE23080341,168,174160484000000,174160484000000,174160484000000,2026-09-05T05:16:39.232514+00:00,1914,8507808495825,1920,1200
directshow_index_1,180,174160546000000,174160546000000,174160546000000,2026-09-05T05:16:39.268954+00:00,,,640,480
daheng_sn_FDE23080341,169,174160578000000,174160578000000,174160578000000,2026-09-05T05:16:39.321016+00:00,1926,8507900713425,1920,1200
directshow_index_1,181,174160640000000,174160640000000,174160640000000,2026-09-05T05:16:39.363820+00:00,,,640,480
daheng_sn_FDE23080341,170,174160671000000,174160671000000,174160671000000,2026-09-05T05:16:39.421342+00:00,1939,8508000615825,1920,1200
directshow_index_1,182,174160734000000,174160734000000,174160734000000,2026-09-05T05:16:39.455472+00:00,,,640,480
daheng_sn_FDE23080341,171,174160765000000,174160765000000,174160765000000,2026-09-05T05:16:39.507416+00:00,1951,8508092833425,1920,1200
directshow_index_1,183,174160828000000,174160828000000,174160828000000,2026-09-05T05:16:39.554364+00:00,,,640,480
daheng_sn_FDE23080341,172,174160859000000,174160859000000,174160859000000,2026-09-05T05:16:39.605676+00:00,1963,8508185051025,1920,1200
directshow_index_1,184,174160921000000,174160921000000,174160921000000,2026-09-05T05:16:39.646261+00:00,,,640,480
daheng_sn_FDE23080341,173,174160953000000,174160953000000,174160953000000,2026-09-05T05:16:39.700549+00:00,1975,8508277268625,1920,1200
directshow_index_1,185,174161015000000,174161015000000,174161015000000,2026-09-05T05:16:39.738258+00:00,,,640,480
daheng_sn_FDE23080341,174,174161046000000,174161046000000,174161046000000,2026-09-05T05:16:39.796447+00:00,1987,8508369486225,1920,1200
directshow_index_1,186,174161109000000,174161109000000,174161109000000,2026-09-05T05:16:39.836840+00:00,,,640,480
daheng_sn_FDE23080341,175,174161140000000,174161140000000,174161140000000,2026-09-05T05:16:39.888398+00:00,1999,8508461703825,1920,1200
directshow_index_1,187,174161203000000,174161203000000,174161203000000,2026-09-05T05:16:39.928783+00:00,,,640,480
daheng_sn_FDE23080341,176,174161234000000,174161234000000,174161234000000,2026-09-05T05:16:39.986880+00:00,2012,8508561606225,1920,1200
directshow_index_1,188,174161296000000,174161296000000,174161296000000,2026-09-05T05:16:40.021744+00:00,,,640,480
daheng_sn_FDE23080341,177,174161328000000,174161328000000,174161328000000,2026-09-05T05:16:40.075270+00:00,2024,8508653823825,1920,1200
directshow_index_1,189,174161390000000,174161390000000,174161390000000,2026-09-05T05:16:40.110936+00:00,,,640,480
daheng_sn_FDE23080341,178,174161421000000,174161421000000,174161421000000,2026-09-05T05:16:40.170724+00:00,2036,8508746041425,1920,1200
directshow_index_1,190,174161484000000,174161484000000,174161484000000,2026-09-05T05:16:40.209986+00:00,,,640,480
daheng_sn_FDE23080341,179,174161515000000,174161515000000,174161515000000,2026-09-05T05:16:40.260008+00:00,2048,8508838259025,1920,1200
directshow_index_1,191,174161578000000,174161578000000,174161578000000,2026-09-05T05:16:40.299745+00:00,,,640,480
daheng_sn_FDE23080341,180,174161609000000,174161609000000,174161609000000,2026-09-05T05:16:40.361479+00:00,2060,8508930476625,1920,1200
directshow_index_1,192,174161671000000,174161671000000,174161671000000,2026-09-05T05:16:40.394481+00:00,,,640,480
daheng_sn_FDE23080341,181,174161703000000,174161703000000,174161703000000,2026-09-05T05:16:40.462608+00:00,2073,8509030379025,1920,1200
directshow_index_1,193,174161765000000,174161765000000,174161765000000,2026-09-05T05:16:40.486153+00:00,,,640,480
daheng_sn_FDE23080341,182,174161796000000,174161796000000,174161796000000,2026-09-05T05:16:40.564537+00:00,2084,8509114911825,1920,1200
directshow_index_1,194,174161859000000,174161859000000,174161859000000,2026-09-05T05:16:40.584536+00:00,,,640,480
daheng_sn_FDE23080341,183,174161890000000,174161890000000,174161890000000,2026-09-05T05:16:40.645830+00:00,2097,8509214814225,1920,1200
directshow_index_1,195,174161953000000,174161953000000,174161953000000,2026-09-05T05:16:40.677463+00:00,,,640,480
daheng_sn_FDE23080341,184,174161984000000,174161984000000,174161984000000,2026-09-05T05:16:40.744889+00:00,2109,8509307031825,1920,1200
directshow_index_1,196,174162046000000,174162046000000,174162046000000,2026-09-05T05:16:40.767906+00:00,,,640,480
daheng_sn_FDE23080341,185,174162078000000,174162078000000,174162078000000,2026-09-05T05:16:40.829640+00:00,2121,8509399249425,1920,1200
directshow_index_1,197,174162140000000,174162140000000,174162140000000,2026-09-05T05:16:40.862689+00:00,,,640,480
daheng_sn_FDE23080341,186,174162171000000,174162171000000,174162171000000,2026-09-05T05:16:40.925268+00:00,2133,8509491467025,1920,1200
directshow_index_1,198,174162234000000,174162234000000,174162234000000,2026-09-05T05:16:40.960268+00:00,,,640,480
daheng_sn_FDE23080341,187,174162265000000,174162265000000,174162265000000,2026-09-05T05:16:41.014270+00:00,2146,8509591369425,1920,1200
directshow_index_1,199,174162328000000,174162328000000,174162328000000,2026-09-05T05:16:41.054119+00:00,,,640,480
daheng_sn_FDE23080341,188,174162359000000,174162359000000,174162359000000,2026-09-05T05:16:41.101431+00:00,2158,8509683587025,1920,1200
directshow_index_1,200,174162421000000,174162421000000,174162421000000,2026-09-05T05:16:41.144809+00:00,,,640,480
daheng_sn_FDE23080341,189,174162453000000,174162453000000,174162453000000,2026-09-05T05:16:41.198350+00:00,2170,8509775804625,1920,1200
directshow_index_1,201,174162515000000,174162515000000,174162515000000,2026-09-05T05:16:41.239690+00:00,,,640,480
daheng_sn_FDE23080341,190,174162546000000,174162546000000,174162546000000,2026-09-05T05:16:41.288538+00:00,2182,8509868022225,1920,1200
directshow_index_1,202,174162609000000,174162609000000,174162609000000,2026-09-05T05:16:41.330344+00:00,,,640,480
daheng_sn_FDE23080341,191,174162640000000,174162640000000,174162640000000,2026-09-05T05:16:41.388900+00:00,2194,8509960239825,1920,1200
directshow_index_1,203,174162703000000,174162703000000,174162703000000,2026-09-05T05:16:41.428527+00:00,,,640,480
daheng_sn_FDE23080341,192,174162734000000,174162734000000,174162734000000,2026-09-05T05:16:41.492597+00:00,2207,8510060142225,1920,1200
directshow_index_1,204,174162796000000,174162796000000,174162796000000,2026-09-05T05:16:41.522557+00:00,,,640,480
daheng_sn_FDE23080341,193,174162828000000,174162828000000,174162828000000,2026-09-05T05:16:41.577506+00:00,2219,8510152359825,1920,1200
directshow_index_1,205,174162890000000,174162890000000,174162890000000,2026-09-05T05:16:41.613285+00:00,,,640,480
daheng_sn_FDE23080341,194,174162921000000,174162921000000,174162921000000,2026-09-05T05:16:41.673538+00:00,2231,8510244577425,1920,1200
directshow_index_1,206,174162984000000,174162984000000,174162984000000,2026-09-05T05:16:41.707695+00:00,,,640,480
daheng_sn_FDE23080341,195,174163015000000,174163015000000,174163015000000,2026-09-05T05:16:41.763156+00:00,2244,8510344479825,1920,1200
directshow_index_1,207,174163078000000,174163078000000,174163078000000,2026-09-05T05:16:41.798027+00:00,,,640,480
daheng_sn_FDE23080341,196,174163109000000,174163109000000,174163109000000,2026-09-05T05:16:41.859486+00:00,2256,8510436697425,1920,1200
directshow_index_1,208,174163171000000,174163171000000,174163171000000,2026-09-05T05:16:41.894488+00:00,,,640,480
daheng_sn_FDE23080341,197,174163203000000,174163203000000,174163203000000,2026-09-05T05:16:41.948537+00:00,2268,8510528915025,1920,1200
directshow_index_1,209,174163265000000,174163265000000,174163265000000,2026-09-05T05:16:41.986288+00:00,,,640,480
daheng_sn_FDE23080341,198,174163296000000,174163296000000,174163296000000,2026-09-05T05:16:42.057815+00:00,2280,8510621132625,1920,1200
directshow_index_1,210,174163359000000,174163359000000,174163359000000,2026-09-05T05:16:42.083493+00:00,,,640,480
daheng_sn_FDE23080341,199,174163390000000,174163390000000,174163390000000,2026-09-05T05:16:42.132333+00:00,2292,8510713350225,1920,1200
directshow_index_1,211,174163453000000,174163453000000,174163453000000,2026-09-05T05:16:42.173384+00:00,,,640,480
daheng_sn_FDE23080341,200,174163484000000,174163484000000,174163484000000,2026-09-05T05:16:42.231928+00:00,2304,8510805567825,1920,1200
directshow_index_1,212,174163546000000,174163546000000,174163546000000,2026-09-05T05:16:42.269512+00:00,,,640,480
daheng_sn_FDE23080341,201,174163578000000,174163578000000,174163578000000,2026-09-05T05:16:42.330563+00:00,2316,8510897785425,1920,1200
directshow_index_1,213,174163640000000,174163640000000,174163640000000,2026-09-05T05:16:42.364814+00:00,,,640,480
daheng_sn_FDE23080341,202,174163671000000,174163671000000,174163671000000,2026-09-05T05:16:42.423247+00:00,2329,8510997687825,1920,1200
directshow_index_1,214,174163734000000,174163734000000,174163734000000,2026-09-05T05:16:42.457931+00:00,,,640,480
daheng_sn_FDE23080341,203,174163765000000,174163765000000,174163765000000,2026-09-05T05:16:42.507946+00:00,2341,8511089905425,1920,1200
directshow_index_1,215,174163828000000,174163828000000,174163828000000,2026-09-05T05:16:42.550981+00:00,,,640,480
daheng_sn_FDE23080341,204,174163859000000,174163859000000,174163859000000,2026-09-05T05:16:42.603753+00:00,2353,8511182123025,1920,1200
directshow_index_1,216,174163921000000,174163921000000,174163921000000,2026-09-05T05:16:42.648717+00:00,,,640,480
daheng_sn_FDE23080341,205,174163953000000,174163953000000,174163953000000,2026-09-05T05:16:42.699409+00:00,2366,8511282025425,1920,1200
directshow_index_1,217,174164015000000,174164015000000,174164015000000,2026-09-05T05:16:42.737766+00:00,,,640,480
daheng_sn_FDE23080341,206,174164046000000,174164046000000,174164046000000,2026-09-05T05:16:42.796246+00:00,2377,8511366558225,1920,1200
directshow_index_1,218,174164109000000,174164109000000,174164109000000,2026-09-05T05:16:42.834937+00:00,,,640,480
daheng_sn_FDE23080341,207,174164140000000,174164140000000,174164140000000,2026-09-05T05:16:42.891369+00:00,2390,8511466460625,1920,1200
directshow_index_1,219,174164203000000,174164203000000,174164203000000,2026-09-05T05:16:42.925251+00:00,,,640,480
daheng_sn_FDE23080341,208,174164234000000,174164234000000,174164234000000,2026-09-05T05:16:42.979090+00:00,2402,8511558678225,1920,1200
directshow_index_1,220,174164296000000,174164296000000,174164296000000,2026-09-05T05:16:43.022840+00:00,,,640,480
daheng_sn_FDE23080341,209,174164328000000,174164328000000,174164328000000,2026-09-05T05:16:43.074620+00:00,2414,8511650895825,1920,1200
directshow_index_1,221,174164390000000,174164390000000,174164390000000,2026-09-05T05:16:43.113633+00:00,,,640,480
daheng_sn_FDE23080341,210,174164421000000,174164421000000,174164421000000,2026-09-05T05:16:43.172519+00:00,2426,8511743113425,1920,1200
directshow_index_1,222,174164484000000,174164484000000,174164484000000,2026-09-05T05:16:43.205962+00:00,,,640,480
daheng_sn_FDE23080341,211,174164515000000,174164515000000,174164515000000,2026-09-05T05:16:43.258687+00:00,2439,8511843015825,1920,1200
directshow_index_1,223,174164578000000,174164578000000,174164578000000,2026-09-05T05:16:43.300676+00:00,,,640,480
daheng_sn_FDE23080341,212,174164609000000,174164609000000,174164609000000,2026-09-05T05:16:43.354962+00:00,2451,8511935233425,1920,1200
directshow_index_1,224,174164671000000,174164671000000,174164671000000,2026-09-05T05:16:43.391227+00:00,,,640,480
daheng_sn_FDE23080341,213,174164703000000,174164703000000,174164703000000,2026-09-05T05:16:43.452912+00:00,2463,8512027451025,1920,1200
directshow_index_1,225,174164765000000,174164765000000,174164765000000,2026-09-05T05:16:43.486785+00:00,,,640,480
daheng_sn_FDE23080341,214,174164796000000,174164796000000,174164796000000,2026-09-05T05:16:43.542632+00:00,2475,8512119668625,1920,1200
directshow_index_1,226,174164859000000,174164859000000,174164859000000,2026-09-05T05:16:43.582636+00:00,,,640,480
daheng_sn_FDE23080341,215,174164890000000,174164890000000,174164890000000,2026-09-05T05:16:43.638410+00:00,2487,8512211886225,1920,1200
directshow_index_1,227,174164953000000,174164953000000,174164953000000,2026-09-05T05:16:43.674934+00:00,,,640,480
daheng_sn_FDE23080341,216,174164984000000,174164984000000,174164984000000,2026-09-05T05:16:43.735408+00:00,2499,8512304103825,1920,1200
directshow_index_1,228,174165046000000,174165046000000,174165046000000,2026-09-05T05:16:43.767083+00:00,,,640,480
daheng_sn_FDE23080341,217,174165078000000,174165078000000,174165078000000,2026-09-05T05:16:43.823119+00:00,2512,8512404006225,1920,1200
directshow_index_1,229,174165140000000,174165140000000,174165140000000,2026-09-05T05:16:43.862249+00:00,,,640,480
daheng_sn_FDE23080341,218,174165171000000,174165171000000,174165171000000,2026-09-05T05:16:43.920084+00:00,2524,8512496223825,1920,1200
directshow_index_1,230,174165234000000,174165234000000,174165234000000,2026-09-05T05:16:43.956351+00:00,,,640,480
daheng_sn_FDE23080341,219,174165265000000,174165265000000,174165265000000,2026-09-05T05:16:44.018640+00:00,2536,8512588441425,1920,1200
directshow_index_1,231,174165328000000,174165328000000,174165328000000,2026-09-05T05:16:44.054437+00:00,,,640,480
daheng_sn_FDE23080341,220,174165359000000,174165359000000,174165359000000,2026-09-05T05:16:44.115910+00:00,2548,8512680659025,1920,1200
directshow_index_1,232,174165421000000,174165421000000,174165421000000,2026-09-05T05:16:44.144188+00:00,,,640,480
daheng_sn_FDE23080341,221,174165453000000,174165453000000,174165453000000,2026-09-05T05:16:44.204752+00:00,2561,8512780561425,1920,1200
directshow_index_1,233,174165515000000,174165515000000,174165515000000,2026-09-05T05:16:44.239825+00:00,,,640,480
daheng_sn_FDE23080341,222,174165546000000,174165546000000,174165546000000,2026-09-05T05:16:44.298502+00:00,2572,8512865094225,1920,1200
directshow_index_1,234,174165609000000,174165609000000,174165609000000,2026-09-05T05:16:44.334340+00:00,,,640,480
daheng_sn_FDE23080341,223,174165640000000,174165640000000,174165640000000,2026-09-05T05:16:44.388570+00:00,2585,8512964996625,1920,1200
directshow_index_1,235,174165703000000,174165703000000,174165703000000,2026-09-05T05:16:44.427718+00:00,,,640,480
daheng_sn_FDE23080341,224,174165734000000,174165734000000,174165734000000,2026-09-05T05:16:44.498145+00:00,2597,8513057214225,1920,1200
directshow_index_1,236,174165796000000,174165796000000,174165796000000,2026-09-05T05:16:44.518660+00:00,,,640,480
daheng_sn_FDE23080341,225,174165828000000,174165828000000,174165828000000,2026-09-05T05:16:44.577183+00:00,2609,8513149431825,1920,1200
directshow_index_1,237,174165890000000,174165890000000,174165890000000,2026-09-05T05:16:44.615966+00:00,,,640,480
daheng_sn_FDE23080341,226,174165921000000,174165921000000,174165921000000,2026-09-05T05:16:44.668712+00:00,2621,8513241649425,1920,1200
directshow_index_1,238,174165984000000,174165984000000,174165984000000,2026-09-05T05:16:44.708015+00:00,,,640,480
daheng_sn_FDE23080341,227,174166015000000,174166015000000,174166015000000,2026-09-05T05:16:44.762597+00:00,2634,8513341551825,1920,1200
directshow_index_1,239,174166078000000,174166078000000,174166078000000,2026-09-05T05:16:44.803515+00:00,,,640,480
daheng_sn_FDE23080341,228,174166109000000,174166109000000,174166109000000,2026-09-05T05:16:44.856931+00:00,2646,8513433769425,1920,1200
directshow_index_1,240,174166171000000,174166171000000,174166171000000,2026-09-05T05:16:44.897092+00:00,,,640,480
daheng_sn_FDE23080341,229,174166203000000,174166203000000,174166203000000,2026-09-05T05:16:44.953851+00:00,2658,8513525987025,1920,1200
directshow_index_1,241,174166265000000,174166265000000,174166265000000,2026-09-05T05:16:44.986681+00:00,,,640,480
daheng_sn_FDE23080341,230,174166296000000,174166296000000,174166296000000,2026-09-05T05:16:45.043449+00:00,2670,8513618204625,1920,1200
directshow_index_1,242,174166359000000,174166359000000,174166359000000,2026-09-05T05:16:45.079941+00:00,,,640,480
daheng_sn_FDE23080341,231,174166390000000,174166390000000,174166390000000,2026-09-05T05:16:45.137638+00:00,2683,8513718107025,1920,1200
directshow_index_1,243,174166453000000,174166453000000,174166453000000,2026-09-05T05:16:45.177117+00:00,,,640,480
daheng_sn_FDE23080341,232,174166484000000,174166484000000,174166484000000,2026-09-05T05:16:45.239786+00:00,2694,8513802639825,1920,1200
directshow_index_1,244,174166546000000,174166546000000,174166546000000,2026-09-05T05:16:45.267875+00:00,,,640,480
daheng_sn_FDE23080341,233,174166578000000,174166578000000,174166578000000,2026-09-05T05:16:45.328741+00:00,2707,8513902542225,1920,1200
directshow_index_1,245,174166640000000,174166640000000,174166640000000,2026-09-05T05:16:45.363422+00:00,,,640,480
daheng_sn_FDE23080341,234,174166671000000,174166671000000,174166671000000,2026-09-05T05:16:45.430912+00:00,2719,8513994759825,1920,1200
directshow_index_1,246,174166734000000,174166734000000,174166734000000,2026-09-05T05:16:45.459313+00:00,,,640,480
daheng_sn_FDE23080341,235,174166765000000,174166765000000,174166765000000,2026-09-05T05:16:45.512562+00:00,2731,8514086977425,1920,1200
directshow_index_1,247,174166828000000,174166828000000,174166828000000,2026-09-05T05:16:45.551429+00:00,,,640,480
daheng_sn_FDE23080341,236,174166859000000,174166859000000,174166859000000,2026-09-05T05:16:45.616206+00:00,2743,8514179195025,1920,1200
directshow_index_1,248,174166921000000,174166921000000,174166921000000,2026-09-05T05:16:45.647233+00:00,,,640,480
daheng_sn_FDE23080341,237,174166953000000,174166953000000,174166953000000,2026-09-05T05:16:45.706705+00:00,2755,8514271412625,1920,1200
directshow_index_1,249,174167015000000,174167015000000,174167015000000,2026-09-05T05:16:45.737891+00:00,,,640,480
daheng_sn_FDE23080341,238,174167046000000,174167046000000,174167046000000,2026-09-05T05:16:45.800232+00:00,2768,8514371315025,1920,1200
directshow_index_1,250,174167109000000,174167109000000,174167109000000,2026-09-05T05:16:45.833839+00:00,,,640,480
daheng_sn_FDE23080341,239,174167140000000,174167140000000,174167140000000,2026-09-05T05:16:45.888052+00:00,2780,8514463532625,1920,1200
directshow_index_1,251,174167203000000,174167203000000,174167203000000,2026-09-05T05:16:45.927671+00:00,,,640,480
daheng_sn_FDE23080341,240,174167234000000,174167234000000,174167234000000,2026-09-05T05:16:45.983786+00:00,2792,8514555750225,1920,1200
directshow_index_1,252,174167296000000,174167296000000,174167296000000,2026-09-05T05:16:46.019246+00:00,,,640,480
daheng_sn_FDE23080341,241,174167328000000,174167328000000,174167328000000,2026-09-05T05:16:46.077103+00:00,2804,8514647967825,1920,1200
directshow_index_1,253,174167390000000,174167390000000,174167390000000,2026-09-05T05:16:46.114695+00:00,,,640,480
daheng_sn_FDE23080341,242,174167421000000,174167421000000,174167421000000,2026-09-05T05:16:46.171908+00:00,2817,8514747870225,1920,1200
directshow_index_1,254,174167484000000,174167484000000,174167484000000,2026-09-05T05:16:46.206078+00:00,,,640,480
daheng_sn_FDE23080341,243,174167515000000,174167515000000,174167515000000,2026-09-05T05:16:46.263851+00:00,2829,8514840087825,1920,1200
directshow_index_1,255,174167578000000,174167578000000,174167578000000,2026-09-05T05:16:46.302613+00:00,,,640,480
daheng_sn_FDE23080341,244,174167609000000,174167609000000,174167609000000,2026-09-05T05:16:46.363027+00:00,2841,8514932305425,1920,1200
directshow_index_1,256,174167671000000,174167671000000,174167671000000,2026-09-05T05:16:46.393221+00:00,,,640,480
daheng_sn_FDE23080341,245,174167703000000,174167703000000,174167703000000,2026-09-05T05:16:46.453117+00:00,2853,8515024523025,1920,1200
directshow_index_1,257,174167765000000,174167765000000,174167765000000,2026-09-05T05:16:46.488985+00:00,,,640,480
daheng_sn_FDE23080341,246,174167796000000,174167796000000,174167796000000,2026-09-05T05:16:46.547893+00:00,2865,8515116740625,1920,1200
directshow_index_1,258,174167859000000,174167859000000,174167859000000,2026-09-05T05:16:46.580045+00:00,,,640,480
daheng_sn_FDE23080341,247,174167890000000,174167890000000,174167890000000,2026-09-05T05:16:46.643714+00:00,2878,8515216643025,1920,1200
directshow_index_1,259,174167953000000,174167953000000,174167953000000,2026-09-05T05:16:46.676912+00:00,,,640,480
daheng_sn_FDE23080341,248,174167984000000,174167984000000,174167984000000,2026-09-05T05:16:46.754641+00:00,2889,8515301175825,1920,1200
directshow_index_1,260,174168046000000,174168046000000,174168046000000,2026-09-05T05:16:46.769644+00:00,,,640,480
daheng_sn_FDE23080341,249,174168078000000,174168078000000,174168078000000,2026-09-05T05:16:46.828420+00:00,2902,8515401078225,1920,1200
directshow_index_1,261,174168140000000,174168140000000,174168140000000,2026-09-05T05:16:46.865822+00:00,,,640,480
daheng_sn_FDE23080341,250,174168171000000,174168171000000,174168171000000,2026-09-05T05:16:46.924281+00:00,2914,8515493295825,1920,1200
directshow_index_1,262,174168234000000,174168234000000,174168234000000,2026-09-05T05:16:46.960885+00:00,,,640,480
daheng_sn_FDE23080341,251,174168265000000,174168265000000,174168265000000,2026-09-05T05:16:47.023499+00:00,2927,8515593198225,1920,1200
directshow_index_1,263,174168328000000,174168328000000,174168328000000,2026-09-05T05:16:47.055983+00:00,,,640,480
daheng_sn_FDE23080341,252,174168359000000,174168359000000,174168359000000,2026-09-05T05:16:47.116157+00:00,2938,8515677731025,1920,1200
directshow_index_1,264,174168421000000,174168421000000,174168421000000,2026-09-05T05:16:47.146386+00:00,,,640,480
daheng_sn_FDE23080341,253,174168453000000,174168453000000,174168453000000,2026-09-05T05:16:47.195064+00:00,2951,8515777633425,1920,1200
directshow_index_1,265,174168515000000,174168515000000,174168515000000,2026-09-05T05:16:47.236325+00:00,,,640,480
daheng_sn_FDE23080341,254,174168546000000,174168546000000,174168546000000,2026-09-05T05:16:47.289973+00:00,2963,8515869851025,1920,1200
directshow_index_1,266,174168609000000,174168609000000,174168609000000,2026-09-05T05:16:47.333607+00:00,,,640,480
daheng_sn_FDE23080341,255,174168640000000,174168640000000,174168640000000,2026-09-05T05:16:47.383483+00:00,2976,8515969753425,1920,1200
directshow_index_1,267,174168703000000,174168703000000,174168703000000,2026-09-05T05:16:47.424506+00:00,,,640,480
daheng_sn_FDE23080341,256,174168734000000,174168734000000,174168734000000,2026-09-05T05:16:47.474343+00:00,2988,8516061971025,1920,1200
directshow_index_1,268,174168796000000,174168796000000,174168796000000,2026-09-05T05:16:47.523346+00:00,,,640,480
daheng_sn_FDE23080341,257,174168828000000,174168828000000,174168828000000,2026-09-05T05:16:47.570831+00:00,3000,8516154188625,1920,1200
directshow_index_1,269,174168890000000,174168890000000,174168890000000,2026-09-05T05:16:47.612284+00:00,,,640,480
daheng_sn_FDE23080341,258,174168921000000,174168921000000,174168921000000,2026-09-05T05:16:47.664905+00:00,3012,8516246406225,1920,1200
directshow_index_1,270,174168984000000,174168984000000,174168984000000,2026-09-05T05:16:47.707730+00:00,,,640,480
daheng_sn_FDE23080341,259,174169015000000,174169015000000,174169015000000,2026-09-05T05:16:47.758210+00:00,3024,8516338623825,1920,1200
directshow_index_1,271,174169078000000,174169078000000,174169078000000,2026-09-05T05:16:47.798370+00:00,,,640,480
daheng_sn_FDE23080341,260,174169109000000,174169109000000,174169109000000,2026-09-05T05:16:47.849585+00:00,3036,8516430841425,1920,1200
directshow_index_1,272,174169171000000,174169171000000,174169171000000,2026-09-05T05:16:47.894942+00:00,,,640,480
daheng_sn_FDE23080341,261,174169203000000,174169203000000,174169203000000,2026-09-05T05:16:47.943066+00:00,3048,8516523059025,1920,1200
directshow_index_1,273,174169265000000,174169265000000,174169265000000,2026-09-05T05:16:47.992912+00:00,,,640,480
daheng_sn_FDE23080341,262,174169296000000,174169296000000,174169296000000,2026-09-05T05:16:48.042730+00:00,3061,8516622961425,1920,1200
directshow_index_1,274,174169359000000,174169359000000,174169359000000,2026-09-05T05:16:48.085664+00:00,,,640,480
daheng_sn_FDE23080341,263,174169390000000,174169390000000,174169390000000,2026-09-05T05:16:48.133049+00:00,3073,8516715179025,1920,1200
directshow_index_1,275,174169453000000,174169453000000,174169453000000,2026-09-05T05:16:48.178095+00:00,,,640,480
daheng_sn_FDE23080341,264,174169484000000,174169484000000,174169484000000,2026-09-05T05:16:48.225110+00:00,3085,8516807396625,1920,1200
directshow_index_1,276,174169546000000,174169546000000,174169546000000,2026-09-05T05:16:48.268632+00:00,,,640,480
daheng_sn_FDE23080341,265,174169578000000,174169578000000,174169578000000,2026-09-05T05:16:48.316660+00:00,3098,8516907299025,1920,1200
directshow_index_1,277,174169640000000,174169640000000,174169640000000,2026-09-05T05:16:48.362114+00:00,,,640,480
daheng_sn_FDE23080341,266,174169671000000,174169671000000,174169671000000,2026-09-05T05:16:48.413176+00:00,3110,8516999516625,1920,1200
directshow_index_1,278,174169734000000,174169734000000,174169734000000,2026-09-05T05:16:48.458218+00:00,,,640,480
daheng_sn_FDE23080341,267,174169765000000,174169765000000,174169765000000,2026-09-05T05:16:48.501747+00:00,3121,8517084049425,1920,1200
directshow_index_1,279,174169828000000,174169828000000,174169828000000,2026-09-05T05:16:48.547277+00:00,,,640,480
daheng_sn_FDE23080341,268,174169859000000,174169859000000,174169859000000,2026-09-05T05:16:48.598550+00:00,3134,8517183951825,1920,1200
directshow_index_1,280,174169921000000,174169921000000,174169921000000,2026-09-05T05:16:48.643893+00:00,,,640,480
daheng_sn_FDE23080341,269,174169953000000,174169953000000,174169953000000,2026-09-05T05:16:48.694259+00:00,3146,8517276169425,1920,1200
directshow_index_1,281,174170015000000,174170015000000,174170015000000,2026-09-05T05:16:48.738443+00:00,,,640,480
daheng_sn_FDE23080341,270,174170046000000,174170046000000,174170046000000,2026-09-05T05:16:48.788341+00:00,3158,8517368387025,1920,1200
directshow_index_1,282,174170109000000,174170109000000,174170109000000,2026-09-05T05:16:48.834157+00:00,,,640,480
daheng_sn_FDE23080341,271,174170140000000,174170140000000,174170140000000,2026-09-05T05:16:48.878766+00:00,3170,8517460604625,1920,1200
directshow_index_1,283,174170203000000,174170203000000,174170203000000,2026-09-05T05:16:48.923535+00:00,,,640,480
daheng_sn_FDE23080341,272,174170234000000,174170234000000,174170234000000,2026-09-05T05:16:48.975249+00:00,3183,8517560507025,1920,1200
directshow_index_1,284,174170296000000,174170296000000,174170296000000,2026-09-05T05:16:49.019781+00:00,,,640,480
daheng_sn_FDE23080341,273,174170328000000,174170328000000,174170328000000,2026-09-05T05:16:49.071366+00:00,3195,8517652724625,1920,1200
directshow_index_1,285,174170390000000,174170390000000,174170390000000,2026-09-05T05:16:49.108883+00:00,,,640,480
daheng_sn_FDE23080341,274,174170421000000,174170421000000,174170421000000,2026-09-05T05:16:49.165015+00:00,3207,8517744942225,1920,1200
directshow_index_1,286,174170484000000,174170484000000,174170484000000,2026-09-05T05:16:49.207020+00:00,,,640,480
daheng_sn_FDE23080341,275,174170515000000,174170515000000,174170515000000,2026-09-05T05:16:49.253120+00:00,3219,8517837159825,1920,1200
directshow_index_1,287,174170578000000,174170578000000,174170578000000,2026-09-05T05:16:49.303108+00:00,,,640,480
daheng_sn_FDE23080341,276,174170609000000,174170609000000,174170609000000,2026-09-05T05:16:49.345388+00:00,3231,8517929377425,1920,1200
directshow_index_1,288,174170671000000,174170671000000,174170671000000,2026-09-05T05:16:49.392961+00:00,,,640,480
daheng_sn_FDE23080341,277,174170703000000,174170703000000,174170703000000,2026-09-05T05:16:49.443038+00:00,3244,8518029279825,1920,1200
directshow_index_1,289,174170765000000,174170765000000,174170765000000,2026-09-05T05:16:49.486672+00:00,,,640,480
daheng_sn_FDE23080341,278,174170796000000,174170796000000,174170796000000,2026-09-05T05:16:49.536746+00:00,3256,8518121497425,1920,1200
directshow_index_1,290,174170859000000,174170859000000,174170859000000,2026-09-05T05:16:49.582506+00:00,,,640,480
daheng_sn_FDE23080341,279,174170890000000,174170890000000,174170890000000,2026-09-05T05:16:49.632486+00:00,3268,8518213715025,1920,1200
directshow_index_1,291,174170953000000,174170953000000,174170953000000,2026-09-05T05:16:49.674532+00:00,,,640,480
daheng_sn_FDE23080341,280,174170984000000,174170984000000,174170984000000,2026-09-05T05:16:49.725288+00:00,3280,8518305932625,1920,1200
directshow_index_1,292,174171046000000,174171046000000,174171046000000,2026-09-05T05:16:49.770864+00:00,,,640,480
daheng_sn_FDE23080341,281,174171078000000,174171078000000,174171078000000,2026-09-05T05:16:49.833113+00:00,3293,8518405835025,1920,1200
directshow_index_1,293,174171140000000,174171140000000,174171140000000,2026-09-05T05:16:49.865237+00:00,,,640,480
daheng_sn_FDE23080341,282,174171171000000,174171171000000,174171171000000,2026-09-05T05:16:49.925020+00:00,3304,8518490367825,1920,1200
directshow_index_1,294,174171234000000,174171234000000,174171234000000,2026-09-05T05:16:49.957206+00:00,,,640,480
daheng_sn_FDE23080341,283,174171265000000,174171265000000,174171265000000,2026-09-05T05:16:50.020698+00:00,3317,8518590270225,1920,1200
directshow_index_1,295,174171328000000,174171328000000,174171328000000,2026-09-05T05:16:50.053729+00:00,,,640,480
daheng_sn_FDE23080341,284,174171359000000,174171359000000,174171359000000,2026-09-05T05:16:50.116735+00:00,3329,8518682487825,1920,1200
directshow_index_1,296,174171421000000,174171421000000,174171421000000,2026-09-05T05:16:50.144679+00:00,,,640,480
daheng_sn_FDE23080341,285,174171453000000,174171453000000,174171453000000,2026-09-05T05:16:50.200965+00:00,3342,8518782390225,1920,1200
directshow_index_1,297,174171515000000,174171515000000,174171515000000,2026-09-05T05:16:50.240449+00:00,,,640,480
daheng_sn_FDE23080341,286,174171546000000,174171546000000,174171546000000,2026-09-05T05:16:50.297091+00:00,3353,8518866923025,1920,1200
directshow_index_1,298,174171609000000,174171609000000,174171609000000,2026-09-05T05:16:50.331092+00:00,,,640,480
daheng_sn_FDE23080341,287,174171640000000,174171640000000,174171640000000,2026-09-05T05:16:50.383136+00:00,3365,8518959140625,1920,1200
directshow_index_1,299,174171703000000,174171703000000,174171703000000,2026-09-05T05:16:50.427837+00:00,,,640,480
daheng_sn_FDE23080341,288,174171734000000,174171734000000,174171734000000,2026-09-05T05:16:50.480155+00:00,3378,8519059043025,1920,1200
directshow_index_1,300,174171796000000,174171796000000,174171796000000,2026-09-05T05:16:50.518617+00:00,,,640,480
daheng_sn_FDE23080341,289,174171828000000,174171828000000,174171828000000,2026-09-05T05:16:50.573817+00:00,3390,8519151260625,1920,1200
directshow_index_1,301,174171890000000,174171890000000,174171890000000,2026-09-05T05:16:50.616179+00:00,,,640,480
daheng_sn_FDE23080341,290,174171921000000,174171921000000,174171921000000,2026-09-05T05:16:50.680546+00:00,3403,8519251163025,1920,1200
directshow_index_1,302,174171984000000,174171984000000,174171984000000,2026-09-05T05:16:50.708831+00:00,,,640,480
daheng_sn_FDE23080341,291,174172015000000,174172015000000,174172015000000,2026-09-05T05:16:50.759917+00:00,3414,8519335695825,1920,1200
directshow_index_1,303,174172078000000,174172078000000,174172078000000,2026-09-05T05:16:50.798028+00:00,,,640,480
daheng_sn_FDE23080341,292,174172109000000,174172109000000,174172109000000,2026-09-05T05:16:50.852074+00:00,3427,8519435598225,1920,1200
directshow_index_1,304,174172171000000,174172171000000,174172171000000,2026-09-05T05:16:50.894074+00:00,,,640,480
daheng_sn_FDE23080341,293,174172203000000,174172203000000,174172203000000,2026-09-05T05:16:50.952030+00:00,3439,8519527815825,1920,1200
directshow_index_1,305,174172265000000,174172265000000,174172265000000,2026-09-05T05:16:50.985624+00:00,,,640,480
daheng_sn_FDE23080341,294,174172296000000,174172296000000,174172296000000,2026-09-05T05:16:51.043152+00:00,3451,8519620033425,1920,1200
directshow_index_1,306,174172359000000,174172359000000,174172359000000,2026-09-05T05:16:51.080709+00:00,,,640,480
daheng_sn_FDE23080341,295,174172390000000,174172390000000,174172390000000,2026-09-05T05:16:51.139063+00:00,3464,8519719935825,1920,1200
directshow_index_1,307,174172453000000,174172453000000,174172453000000,2026-09-05T05:16:51.178340+00:00,,,640,480
daheng_sn_FDE23080341,296,174172484000000,174172484000000,174172484000000,2026-09-05T05:16:51.227678+00:00,3475,8519804468625,1920,1200
directshow_index_1,308,174172546000000,174172546000000,174172546000000,2026-09-05T05:16:51.266495+00:00,,,640,480
daheng_sn_FDE23080341,297,174172578000000,174172578000000,174172578000000,2026-09-05T05:16:51.323144+00:00,3488,8519904371025,1920,1200
directshow_index_1,309,174172640000000,174172640000000,174172640000000,2026-09-05T05:16:51.361555+00:00,,,640,480
daheng_sn_FDE23080341,298,174172671000000,174172671000000,174172671000000,2026-09-05T05:16:51.415565+00:00,3500,8519996588625,1920,1200
directshow_index_1,310,174172734000000,174172734000000,174172734000000,2026-09-05T05:16:51.458729+00:00,,,640,480
daheng_sn_FDE23080341,299,174172765000000,174172765000000,174172765000000,2026-09-05T05:16:51.509486+00:00,3512,8520088806225,1920,1200
directshow_index_1,311,174172828000000,174172828000000,174172828000000,2026-09-05T05:16:51.548028+00:00,,,640,480
daheng_sn_FDE23080341,300,174172859000000,174172859000000,174172859000000,2026-09-05T05:16:51.602618+00:00,3525,8520188708625,1920,1200
directshow_index_1,312,174172921000000,174172921000000,174172921000000,2026-09-05T05:16:51.649299+00:00,,,640,480
daheng_sn_FDE23080341,301,174172953000000,174172953000000,174172953000000,2026-09-05T05:16:51.699592+00:00,3537,8520280926225,1920,1200
directshow_index_1,313,174173015000000,174173015000000,174173015000000,2026-09-05T05:16:51.739882+00:00,,,640,480
daheng_sn_FDE23080341,302,174173046000000,174173046000000,174173046000000,2026-09-05T05:16:51.793049+00:00,3548,8520365459025,1920,1200
directshow_index_1,314,174173109000000,174173109000000,174173109000000,2026-09-05T05:16:51.831908+00:00,,,640,480
daheng_sn_FDE23080341,303,174173140000000,174173140000000,174173140000000,2026-09-05T05:16:51.893168+00:00,3561,8520465361425,1920,1200
directshow_index_1,315,174173203000000,174173203000000,174173203000000,2026-09-05T05:16:51.928976+00:00,,,640,480
daheng_sn_FDE23080341,304,174173234000000,174173234000000,174173234000000,2026-09-05T05:16:51.979088+00:00,3573,8520557579025,1920,1200
directshow_index_1,316,174173296000000,174173296000000,174173296000000,2026-09-05T05:16:52.018305+00:00,,,640,480
daheng_sn_FDE23080341,305,174173328000000,174173328000000,174173328000000,2026-09-05T05:16:52.078998+00:00,3585,8520649796625,1920,1200
directshow_index_1,317,174173390000000,174173390000000,174173390000000,2026-09-05T05:16:52.113617+00:00,,,640,480
daheng_sn_FDE23080341,306,174173421000000,174173421000000,174173421000000,2026-09-05T05:16:52.164779+00:00,3597,8520742014225,1920,1200
directshow_index_1,318,174173484000000,174173484000000,174173484000000,2026-09-05T05:16:52.205473+00:00,,,640,480
daheng_sn_FDE23080341,307,174173515000000,174173515000000,174173515000000,2026-09-05T05:16:52.258845+00:00,3610,8520841916625,1920,1200
directshow_index_1,319,174173578000000,174173578000000,174173578000000,2026-09-05T05:16:52.303876+00:00,,,640,480
daheng_sn_FDE23080341,308,174173609000000,174173609000000,174173609000000,2026-09-05T05:16:52.352199+00:00,3622,8520934134225,1920,1200
directshow_index_1,320,174173671000000,174173671000000,174173671000000,2026-09-05T05:16:52.394078+00:00,,,640,480
daheng_sn_FDE23080341,309,174173703000000,174173703000000,174173703000000,2026-09-05T05:16:52.448675+00:00,3634,8521026351825,1920,1200
directshow_index_1,321,174173765000000,174173765000000,174173765000000,2026-09-05T05:16:52.494106+00:00,,,640,480
daheng_sn_FDE23080341,310,174173796000000,174173796000000,174173796000000,2026-09-05T05:16:52.545898+00:00,3647,8521126254225,1920,1200
directshow_index_1,322,174173859000000,174173859000000,174173859000000,2026-09-05T05:16:52.584060+00:00,,,640,480
daheng_sn_FDE23080341,311,174173890000000,174173890000000,174173890000000,2026-09-05T05:16:52.635530+00:00,3658,8521210787025,1920,1200
directshow_index_1,323,174173953000000,174173953000000,174173953000000,2026-09-05T05:16:52.675036+00:00,,,640,480
daheng_sn_FDE23080341,312,174173984000000,174173984000000,174173984000000,2026-09-05T05:16:52.724756+00:00,3670,8521303004625,1920,1200
directshow_index_1,324,174174046000000,174174046000000,174174046000000,2026-09-05T05:16:52.771064+00:00,,,640,480
daheng_sn_FDE23080341,313,174174078000000,174174078000000,174174078000000,2026-09-05T05:16:52.822124+00:00,3683,8521402907025,1920,1200
directshow_index_1,325,174174140000000,174174140000000,174174140000000,2026-09-05T05:16:52.859814+00:00,,,640,480
daheng_sn_FDE23080341,314,174174171000000,174174171000000,174174171000000,2026-09-05T05:16:52.912291+00:00,3695,8521495124625,1920,1200
directshow_index_1,326,174174234000000,174174234000000,174174234000000,2026-09-05T05:16:52.958020+00:00,,,640,480
daheng_sn_FDE23080341,315,174174265000000,174174265000000,174174265000000,2026-09-05T05:16:53.007527+00:00,3707,8521587342225,1920,1200
directshow_index_1,327,174174328000000,174174328000000,174174328000000,2026-09-05T05:16:53.048479+00:00,,,640,480
daheng_sn_FDE23080341,316,174174359000000,174174359000000,174174359000000,2026-09-05T05:16:53.107373+00:00,3719,8521679559825,1920,1200
directshow_index_1,328,174174421000000,174174421000000,174174421000000,2026-09-05T05:16:53.147626+00:00,,,640,480
daheng_sn_FDE23080341,317,174174453000000,174174453000000,174174453000000,2026-09-05T05:16:53.197188+00:00,3731,8521771777425,1920,1200
directshow_index_1,329,174174515000000,174174515000000,174174515000000,2026-09-05T05:16:53.235811+00:00,,,640,480
daheng_sn_FDE23080341,318,174174546000000,174174546000000,174174546000000,2026-09-05T05:16:53.288887+00:00,3744,8521871679825,1920,1200
directshow_index_1,330,174174609000000,174174609000000,174174609000000,2026-09-05T05:16:53.334206+00:00,,,640,480
daheng_sn_FDE23080341,319,174174640000000,174174640000000,174174640000000,2026-09-05T05:16:53.391988+00:00,3756,8521963897425,1920,1200
directshow_index_1,331,174174703000000,174174703000000,174174703000000,2026-09-05T05:16:53.425344+00:00,,,640,480
daheng_sn_FDE23080341,320,174174734000000,174174734000000,174174734000000,2026-09-05T05:16:53.481623+00:00,3768,8522056115025,1920,1200
directshow_index_1,332,174174796000000,174174796000000,174174796000000,2026-09-05T05:16:53.521523+00:00,,,640,480
daheng_sn_FDE23080341,321,174174828000000,174174828000000,174174828000000,2026-09-05T05:16:53.575181+00:00,3780,8522148332625,1920,1200
directshow_index_1,333,174174890000000,174174890000000,174174890000000,2026-09-05T05:16:53.611649+00:00,,,640,480
daheng_sn_FDE23080341,322,174174921000000,174174921000000,174174921000000,2026-09-05T05:16:53.667885+00:00,3793,8522248235025,1920,1200
directshow_index_1,334,174174984000000,174174984000000,174174984000000,2026-09-05T05:16:53.707523+00:00,,,640,480
daheng_sn_FDE23080341,323,174175015000000,174175015000000,174175015000000,2026-09-05T05:16:53.754587+00:00,3805,8522340452625,1920,1200
directshow_index_1,335,174175078000000,174175078000000,174175078000000,2026-09-05T05:16:53.798019+00:00,,,640,480
daheng_sn_FDE23080341,324,174175109000000,174175109000000,174175109000000,2026-09-05T05:16:53.858537+00:00,3817,8522432670225,1920,1200
directshow_index_1,336,174175171000000,174175171000000,174175171000000,2026-09-05T05:16:53.893572+00:00,,,640,480
daheng_sn_FDE23080341,325,174175203000000,174175203000000,174175203000000,2026-09-05T05:16:53.943268+00:00,3829,8522524887825,1920,1200
directshow_index_1,337,174175265000000,174175265000000,174175265000000,2026-09-05T05:16:53.988030+00:00,,,640,480
daheng_sn_FDE23080341,326,174175296000000,174175296000000,174175296000000,2026-09-05T05:16:54.040211+00:00,3841,8522617105425,1920,1200
directshow_index_1,338,174175359000000,174175359000000,174175359000000,2026-09-05T05:16:54.080924+00:00,,,640,480
daheng_sn_FDE23080341,327,174175390000000,174175390000000,174175390000000,2026-09-05T05:16:54.132919+00:00,3854,8522717007825,1920,1200
directshow_index_1,339,174175453000000,174175453000000,174175453000000,2026-09-05T05:16:54.177949+00:00,,,640,480
daheng_sn_FDE23080341,328,174175484000000,174175484000000,174175484000000,2026-09-05T05:16:54.227735+00:00,3866,8522809225425,1920,1200
directshow_index_1,340,174175546000000,174175546000000,174175546000000,2026-09-05T05:16:54.267541+00:00,,,640,480
daheng_sn_FDE23080341,329,174175578000000,174175578000000,174175578000000,2026-09-05T05:16:54.317583+00:00,3878,8522901443025,1920,1200
directshow_index_1,341,174175640000000,174175640000000,174175640000000,2026-09-05T05:16:54.360957+00:00,,,640,480
daheng_sn_FDE23080341,330,174175671000000,174175671000000,174175671000000,2026-09-05T05:16:54.412870+00:00,3890,8522993660625,1920,1200
directshow_index_1,342,174175734000000,174175734000000,174175734000000,2026-09-05T05:16:54.459247+00:00,,,640,480
daheng_sn_FDE23080341,331,174175765000000,174175765000000,174175765000000,2026-09-05T05:16:54.503757+00:00,3902,8523085878225,1920,1200
directshow_index_1,343,174175828000000,174175828000000,174175828000000,2026-09-05T05:16:54.547674+00:00,,,640,480
daheng_sn_FDE23080341,332,174175859000000,174175859000000,174175859000000,2026-09-05T05:16:54.600218+00:00,3915,8523185780625,1920,1200
directshow_index_1,344,174175921000000,174175921000000,174175921000000,2026-09-05T05:16:54.646655+00:00,,,640,480
daheng_sn_FDE23080341,333,174175953000000,174175953000000,174175953000000,2026-09-05T05:16:54.694403+00:00,3927,8523277998225,1920,1200
directshow_index_1,345,174176015000000,174176015000000,174176015000000,2026-09-05T05:16:54.736802+00:00,,,640,480
daheng_sn_FDE23080341,334,174176046000000,174176046000000,174176046000000,2026-09-05T05:16:54.785165+00:00,3939,8523370215825,1920,1200
directshow_index_1,346,174176109000000,174176109000000,174176109000000,2026-09-05T05:16:54.833036+00:00,,,640,480
daheng_sn_FDE23080341,335,174176140000000,174176140000000,174176140000000,2026-09-05T05:16:54.880480+00:00,3951,8523462433425,1920,1200
directshow_index_1,347,174176203000000,174176203000000,174176203000000,2026-09-05T05:16:54.922255+00:00,,,640,480
daheng_sn_FDE23080341,336,174176234000000,174176234000000,174176234000000,2026-09-05T05:16:54.974499+00:00,3963,8523554651025,1920,1200
directshow_index_1,348,174176296000000,174176296000000,174176296000000,2026-09-05T05:16:55.018820+00:00,,,640,480
daheng_sn_FDE23080341,337,174176328000000,174176328000000,174176328000000,2026-09-05T05:16:55.076457+00:00,3976,8523654553425,1920,1200
directshow_index_1,349,174176390000000,174176390000000,174176390000000,2026-09-05T05:16:55.110963+00:00,,,640,480
daheng_sn_FDE23080341,338,174176421000000,174176421000000,174176421000000,2026-09-05T05:16:55.177857+00:00,3988,8523746771025,1920,1200
directshow_index_1,350,174176484000000,174176484000000,174176484000000,2026-09-05T05:16:55.209562+00:00,,,640,480
daheng_sn_FDE23080341,339,174176515000000,174176515000000,174176515000000,2026-09-05T05:16:55.267529+00:00,4000,8523838988625,1920,1200
directshow_index_1,351,174176578000000,174176578000000,174176578000000,2026-09-05T05:16:55.299999+00:00,,,640,480
daheng_sn_FDE23080341,340,174176609000000,174176609000000,174176609000000,2026-09-05T05:16:55.358716+00:00,4012,8523931206225,1920,1200
directshow_index_1,352,174176671000000,174176671000000,174176671000000,2026-09-05T05:16:55.396479+00:00,,,640,480
daheng_sn_FDE23080341,341,174176703000000,174176703000000,174176703000000,2026-09-05T05:16:55.447988+00:00,4024,8524023423825,1920,1200
directshow_index_1,353,174176765000000,174176765000000,174176765000000,2026-09-05T05:16:55.486807+00:00,,,640,480
daheng_sn_FDE23080341,342,174176796000000,174176796000000,174176796000000,2026-09-05T05:16:55.537986+00:00,4037,8524123326225,1920,1200
directshow_index_1,354,174176859000000,174176859000000,174176859000000,2026-09-05T05:16:55.582513+00:00,,,640,480
daheng_sn_FDE23080341,343,174176890000000,174176890000000,174176890000000,2026-09-05T05:16:55.634898+00:00,4049,8524215543825,1920,1200
directshow_index_1,355,174176953000000,174176953000000,174176953000000,2026-09-05T05:16:55.678984+00:00,,,640,480
daheng_sn_FDE23080341,344,174176984000000,174176984000000,174176984000000,2026-09-05T05:16:55.727032+00:00,4061,8524307761425,1920,1200
directshow_index_1,356,174177046000000,174177046000000,174177046000000,2026-09-05T05:16:55.769594+00:00,,,640,480
daheng_sn_FDE23080341,345,174177078000000,174177078000000,174177078000000,2026-09-05T05:16:55.820311+00:00,4073,8524399979025,1920,1200
directshow_index_1,357,174177140000000,174177140000000,174177140000000,2026-09-05T05:16:55.861042+00:00,,,640,480
daheng_sn_FDE23080341,346,174177171000000,174177171000000,174177171000000,2026-09-05T05:16:55.921881+00:00,4085,8524492196625,1920,1200
directshow_index_1,358,174177234000000,174177234000000,174177234000000,2026-09-05T05:16:55.958721+00:00,,,640,480
daheng_sn_FDE23080341,347,174177265000000,174177265000000,174177265000000,2026-09-05T05:16:56.011641+00:00,4098,8524592099025,1920,1200
directshow_index_1,359,174177328000000,174177328000000,174177328000000,2026-09-05T05:16:56.051613+00:00,,,640,480
daheng_sn_FDE23080341,348,174177359000000,174177359000000,174177359000000,2026-09-05T05:16:56.101940+00:00,4110,8524684316625,1920,1200
directshow_index_1,360,174177421000000,174177421000000,174177421000000,2026-09-05T05:16:56.142242+00:00,,,640,480
daheng_sn_FDE23080341,349,174177453000000,174177453000000,174177453000000,2026-09-05T05:16:56.192282+00:00,4122,8524776534225,1920,1200
directshow_index_1,361,174177515000000,174177515000000,174177515000000,2026-09-05T05:16:56.235797+00:00,,,640,480
daheng_sn_FDE23080341,350,174177546000000,174177546000000,174177546000000,2026-09-05T05:16:56.286995+00:00,4134,8524868751825,1920,1200
directshow_index_1,362,174177609000000,174177609000000,174177609000000,2026-09-05T05:16:56.333505+00:00,,,640,480
daheng_sn_FDE23080341,351,174177640000000,174177640000000,174177640000000,2026-09-05T05:16:56.379989+00:00,4146,8524960969425,1920,1200
directshow_index_1,363,174177703000000,174177703000000,174177703000000,2026-09-05T05:16:56.425505+00:00,,,640,480
daheng_sn_FDE23080341,352,174177734000000,174177734000000,174177734000000,2026-09-05T05:16:56.475788+00:00,4158,8525053187025,1920,1200
directshow_index_1,364,174177796000000,174177796000000,174177796000000,2026-09-05T05:16:56.517552+00:00,,,640,480
daheng_sn_FDE23080341,353,174177828000000,174177828000000,174177828000000,2026-09-05T05:16:56.570789+00:00,4171,8525153089425,1920,1200
directshow_index_1,365,174177890000000,174177890000000,174177890000000,2026-09-05T05:16:56.613265+00:00,,,640,480
daheng_sn_FDE23080341,354,174177921000000,174177921000000,174177921000000,2026-09-05T05:16:56.663902+00:00,4183,8525245307025,1920,1200
directshow_index_1,366,174177984000000,174177984000000,174177984000000,2026-09-05T05:16:56.704426+00:00,,,640,480
daheng_sn_FDE23080341,355,174178015000000,174178015000000,174178015000000,2026-09-05T05:16:56.762321+00:00,4195,8525337524625,1920,1200
directshow_index_1,367,174178078000000,174178078000000,174178078000000,2026-09-05T05:16:56.802347+00:00,,,640,480
daheng_sn_FDE23080341,356,174178109000000,174178109000000,174178109000000,2026-09-05T05:16:56.854414+00:00,4208,8525437427025,1920,1200
directshow_index_1,368,174178171000000,174178171000000,174178171000000,2026-09-05T05:16:56.893216+00:00,,,640,480
daheng_sn_FDE23080341,357,174178203000000,174178203000000,174178203000000,2026-09-05T05:16:56.947111+00:00,4220,8525529644625,1920,1200
directshow_index_1,369,174178265000000,174178265000000,174178265000000,2026-09-05T05:16:56.989249+00:00,,,640,480
daheng_sn_FDE23080341,358,174178296000000,174178296000000,174178296000000,2026-09-05T05:16:57.036918+00:00,4232,8525621862225,1920,1200
directshow_index_1,370,174178359000000,174178359000000,174178359000000,2026-09-05T05:16:57.080064+00:00,,,640,480
daheng_sn_FDE23080341,359,174178390000000,174178390000000,174178390000000,2026-09-05T05:16:57.132225+00:00,4244,8525714079825,1920,1200
directshow_index_1,371,174178453000000,174178453000000,174178453000000,2026-09-05T05:16:57.175663+00:00,,,640,480
daheng_sn_FDE23080341,360,174178484000000,174178484000000,174178484000000,2026-09-05T05:16:57.236710+00:00,4256,8525806297425,1920,1200
directshow_index_1,372,174178546000000,174178546000000,174178546000000,2026-09-05T05:16:57.266776+00:00,,,640,480
daheng_sn_FDE23080341,361,174178578000000,174178578000000,174178578000000,2026-09-05T05:16:57.330741+00:00,4268,8525898515025,1920,1200
directshow_index_1,373,174178640000000,174178640000000,174178640000000,2026-09-05T05:16:57.362723+00:00,,,640,480
daheng_sn_FDE23080341,362,174178671000000,174178671000000,174178671000000,2026-09-05T05:16:57.416360+00:00,4280,8525990732625,1920,1200
directshow_index_1,374,174178734000000,174178734000000,174178734000000,2026-09-05T05:16:57.459795+00:00,,,640,480
daheng_sn_FDE23080341,363,174178765000000,174178765000000,174178765000000,2026-09-05T05:16:57.513164+00:00,4293,8526090635025,1920,1200
directshow_index_1,375,174178828000000,174178828000000,174178828000000,2026-09-05T05:16:57.548905+00:00,,,640,480
daheng_sn_FDE23080341,364,174178859000000,174178859000000,174178859000000,2026-09-05T05:16:57.605231+00:00,4305,8526182852625,1920,1200
directshow_index_1,376,174178921000000,174178921000000,174178921000000,2026-09-05T05:16:57.646438+00:00,,,640,480
daheng_sn_FDE23080341,365,174178953000000,174178953000000,174178953000000,2026-09-05T05:16:57.700904+00:00,4317,8526275070225,1920,1200
directshow_index_1,377,174179015000000,174179015000000,174179015000000,2026-09-05T05:16:57.736507+00:00,,,640,480
daheng_sn_FDE23080341,366,174179046000000,174179046000000,174179046000000,2026-09-05T05:16:57.796903+00:00,4330,8526374972625,1920,1200
directshow_index_1,378,174179109000000,174179109000000,174179109000000,2026-09-05T05:16:57.832680+00:00,,,640,480
daheng_sn_FDE23080341,367,174179140000000,174179140000000,174179140000000,2026-09-05T05:16:57.894693+00:00,4342,8526467190225,1920,1200
directshow_index_1,379,174179203000000,174179203000000,174179203000000,2026-09-05T05:16:57.927810+00:00,,,640,480
daheng_sn_FDE23080341,368,174179234000000,174179234000000,174179234000000,2026-09-05T05:16:57.984324+00:00,4354,8526559407825,1920,1200
directshow_index_1,380,174179296000000,174179296000000,174179296000000,2026-09-05T05:16:58.018987+00:00,,,640,480
daheng_sn_FDE23080341,369,174179328000000,174179328000000,174179328000000,2026-09-05T05:16:58.074341+00:00,4366,8526651625425,1920,1200
directshow_index_1,381,174179390000000,174179390000000,174179390000000,2026-09-05T05:16:58.113968+00:00,,,640,480
daheng_sn_FDE23080341,370,174179421000000,174179421000000,174179421000000,2026-09-05T05:16:58.171023+00:00,4378,8526743843025,1920,1200
directshow_index_1,382,174179484000000,174179484000000,174179484000000,2026-09-05T05:16:58.204741+00:00,,,640,480
daheng_sn_FDE23080341,371,174179515000000,174179515000000,174179515000000,2026-09-05T05:16:58.257175+00:00,4391,8526843745425,1920,1200
directshow_index_1,383,174179578000000,174179578000000,174179578000000,2026-09-05T05:16:58.303441+00:00,,,640,480
daheng_sn_FDE23080341,372,174179609000000,174179609000000,174179609000000,2026-09-05T05:16:58.357789+00:00,4403,8526935963025,1920,1200
directshow_index_1,384,174179671000000,174179671000000,174179671000000,2026-09-05T05:16:58.393386+00:00,,,640,480
daheng_sn_FDE23080341,373,174179703000000,174179703000000,174179703000000,2026-09-05T05:16:58.452786+00:00,4415,8527028180625,1920,1200
directshow_index_1,385,174179765000000,174179765000000,174179765000000,2026-09-05T05:16:58.490293+00:00,,,640,480
daheng_sn_FDE23080341,374,174179796000000,174179796000000,174179796000000,2026-09-05T05:16:58.535234+00:00,4427,8527120398225,1920,1200
directshow_index_1,386,174179859000000,174179859000000,174179859000000,2026-09-05T05:16:58.582769+00:00,,,640,480
daheng_sn_FDE23080341,375,174179890000000,174179890000000,174179890000000,2026-09-05T05:16:58.631897+00:00,4439,8527212615825,1920,1200
directshow_index_1,387,174179953000000,174179953000000,174179953000000,2026-09-05T05:16:58.674923+00:00,,,640,480
daheng_sn_FDE23080341,376,174179984000000,174179984000000,174179984000000,2026-09-05T05:16:58.726589+00:00,4451,8527304833425,1920,1200
directshow_index_1,388,174180046000000,174180046000000,174180046000000,2026-09-05T05:16:58.767256+00:00,,,640,480
daheng_sn_FDE23080341,377,174180078000000,174180078000000,174180078000000,2026-09-05T05:16:58.821326+00:00,4464,8527404735825,1920,1200
directshow_index_1,389,174180140000000,174180140000000,174180140000000,2026-09-05T05:16:58.861208+00:00,,,640,480
daheng_sn_FDE23080341,378,174180171000000,174180171000000,174180171000000,2026-09-05T05:16:58.915817+00:00,4476,8527496953425,1920,1200
directshow_index_1,390,174180234000000,174180234000000,174180234000000,2026-09-05T05:16:58.957171+00:00,,,640,480
daheng_sn_FDE23080341,379,174180265000000,174180265000000,174180265000000,2026-09-05T05:16:59.005338+00:00,4488,8527589171025,1920,1200
directshow_index_1,391,174180328000000,174180328000000,174180328000000,2026-09-05T05:16:59.053265+00:00,,,640,480
daheng_sn_FDE23080341,380,174180359000000,174180359000000,174180359000000,2026-09-05T05:16:59.099114+00:00,4500,8527681388625,1920,1200
directshow_index_1,392,174180421000000,174180421000000,174180421000000,2026-09-05T05:16:59.145122+00:00,,,640,480
daheng_sn_FDE23080341,381,174180453000000,174180453000000,174180453000000,2026-09-05T05:16:59.194466+00:00,4512,8527773606225,1920,1200
directshow_index_1,393,174180515000000,174180515000000,174180515000000,2026-09-05T05:16:59.238628+00:00,,,640,480
daheng_sn_FDE23080341,382,174180546000000,174180546000000,174180546000000,2026-09-05T05:16:59.291188+00:00,4524,8527865823825,1920,1200
directshow_index_1,394,174180609000000,174180609000000,174180609000000,2026-09-05T05:16:59.328846+00:00,,,640,480
daheng_sn_FDE23080341,383,174180640000000,174180640000000,174180640000000,2026-09-05T05:16:59.378522+00:00,4537,8527965726225,1920,1200
directshow_index_1,395,174180703000000,174180703000000,174180703000000,2026-09-05T05:16:59.424907+00:00,,,640,480
daheng_sn_FDE23080341,384,174180734000000,174180734000000,174180734000000,2026-09-05T05:16:59.474481+00:00,4549,8528057943825,1920,1200
directshow_index_1,396,174180796000000,174180796000000,174180796000000,2026-09-05T05:16:59.522486+00:00,,,640,480
daheng_sn_FDE23080341,385,174180828000000,174180828000000,174180828000000,2026-09-05T05:16:59.575031+00:00,4561,8528150161425,1920,1200
directshow_index_1,397,174180890000000,174180890000000,174180890000000,2026-09-05T05:16:59.613023+00:00,,,640,480
daheng_sn_FDE23080341,386,174180921000000,174180921000000,174180921000000,2026-09-05T05:16:59.663030+00:00,4574,8528250063825,1920,1200
directshow_index_1,398,174180984000000,174180984000000,174180984000000,2026-09-05T05:16:59.708409+00:00,,,640,480
daheng_sn_FDE23080341,387,174181015000000,174181015000000,174181015000000,2026-09-05T05:16:59.763745+00:00,4586,8528342281425,1920,1200
directshow_index_1,399,174181078000000,174181078000000,174181078000000,2026-09-05T05:16:59.800115+00:00,,,640,480
daheng_sn_FDE23080341,388,174181109000000,174181109000000,174181109000000,2026-09-05T05:16:59.852687+00:00,4598,8528434499025,1920,1200
directshow_index_1,400,174181171000000,174181171000000,174181171000000,2026-09-05T05:16:59.897889+00:00,,,640,480
daheng_sn_FDE23080341,389,174181203000000,174181203000000,174181203000000,2026-09-05T05:16:59.943525+00:00,4610,8528526716625,1920,1200
directshow_index_1,401,174181265000000,174181265000000,174181265000000,2026-09-05T05:16:59.986632+00:00,,,640,480
daheng_sn_FDE23080341,390,174181296000000,174181296000000,174181296000000,2026-09-05T05:17:00.043547+00:00,4622,8528618934225,1920,1200
directshow_index_1,402,174181359000000,174181359000000,174181359000000,2026-09-05T05:17:00.088513+00:00,,,640,480
daheng_sn_FDE23080341,391,174181390000000,174181390000000,174181390000000,2026-09-05T05:17:00.138726+00:00,4634,8528711151825,1920,1200
directshow_index_1,403,174181453000000,174181453000000,174181453000000,2026-09-05T05:17:00.189691+00:00,,,640,480
daheng_sn_FDE23080341,392,174181484000000,174181484000000,174181484000000,2026-09-05T05:17:00.242309+00:00,4647,8528811054225,1920,1200
directshow_index_1,404,174181546000000,174181546000000,174181546000000,2026-09-05T05:17:00.273786+00:00,,,640,480
daheng_sn_FDE23080341,393,174181578000000,174181578000000,174181578000000,2026-09-05T05:17:00.333480+00:00,4659,8528903271825,1920,1200
directshow_index_1,405,174181640000000,174181640000000,174181640000000,2026-09-05T05:17:00.363103+00:00,,,640,480
daheng_sn_FDE23080341,394,174181671000000,174181671000000,174181671000000,2026-09-05T05:17:00.423620+00:00,4671,8528995489425,1920,1200
directshow_index_1,406,174181734000000,174181734000000,174181734000000,2026-09-05T05:17:00.453240+00:00,,,640,480
daheng_sn_FDE23080341,395,174181765000000,174181765000000,174181765000000,2026-09-05T05:17:00.511319+00:00,4683,8529087707025,1920,1200
directshow_index_1,407,174181828000000,174181828000000,174181828000000,2026-09-05T05:17:00.550859+00:00,,,640,480
daheng_sn_FDE23080341,396,174181859000000,174181859000000,174181859000000,2026-09-05T05:17:00.605766+00:00,4695,8529179924625,1920,1200
directshow_index_1,408,174181921000000,174181921000000,174181921000000,2026-09-05T05:17:00.644451+00:00,,,640,480
daheng_sn_FDE23080341,397,174181953000000,174181953000000,174181953000000,2026-09-05T05:17:00.703123+00:00,4708,8529279827025,1920,1200
directshow_index_1,409,174182015000000,174182015000000,174182015000000,2026-09-05T05:17:00.735122+00:00,,,640,480
daheng_sn_FDE23080341,398,174182046000000,174182046000000,174182046000000,2026-09-05T05:17:00.794649+00:00,4720,8529372044625,1920,1200
directshow_index_1,410,174182109000000,174182109000000,174182109000000,2026-09-05T05:17:00.831673+00:00,,,640,480
daheng_sn_FDE23080341,399,174182140000000,174182140000000,174182140000000,2026-09-05T05:17:00.887587+00:00,4732,8529464262225,1920,1200
directshow_index_1,411,174182203000000,174182203000000,174182203000000,2026-09-05T05:17:00.928711+00:00,,,640,480
daheng_sn_FDE23080341,400,174182234000000,174182234000000,174182234000000,2026-09-05T05:17:00.982203+00:00,4745,8529564164625,1920,1200
directshow_index_1,412,174182296000000,174182296000000,174182296000000,2026-09-05T05:17:01.018328+00:00,,,640,480
daheng_sn_FDE23080341,401,174182328000000,174182328000000,174182328000000,2026-09-05T05:17:01.073661+00:00,4757,8529656382225,1920,1200
directshow_index_1,413,174182390000000,174182390000000,174182390000000,2026-09-05T05:17:01.113551+00:00,,,640,480
daheng_sn_FDE23080341,402,174182421000000,174182421000000,174182421000000,2026-09-05T05:17:01.167848+00:00,4769,8529748599825,1920,1200
directshow_index_1,414,174182484000000,174182484000000,174182484000000,2026-09-05T05:17:01.211319+00:00,,,640,480
daheng_sn_FDE23080341,403,174182515000000,174182515000000,174182515000000,2026-09-05T05:17:01.270090+00:00,4781,8529840817425,1920,1200
directshow_index_1,415,174182578000000,174182578000000,174182578000000,2026-09-05T05:17:01.300720+00:00,,,640,480
daheng_sn_FDE23080341,404,174182609000000,174182609000000,174182609000000,2026-09-05T05:17:01.357258+00:00,4793,8529933035025,1920,1200
directshow_index_1,416,174182671000000,174182671000000,174182671000000,2026-09-05T05:17:01.391594+00:00,,,640,480
daheng_sn_FDE23080341,405,174182703000000,174182703000000,174182703000000,2026-09-05T05:17:01.450660+00:00,4805,8530025252625,1920,1200
directshow_index_1,417,174182765000000,174182765000000,174182765000000,2026-09-05T05:17:01.487999+00:00,,,640,480
daheng_sn_FDE23080341,406,174182796000000,174182796000000,174182796000000,2026-09-05T05:17:01.542772+00:00,4817,8530117470225,1920,1200
directshow_index_1,418,174182859000000,174182859000000,174182859000000,2026-09-05T05:17:01.584397+00:00,,,640,480
daheng_sn_FDE23080341,407,174182890000000,174182890000000,174182890000000,2026-09-05T05:17:01.632750+00:00,4829,8530209687825,1920,1200
directshow_index_1,419,174182953000000,174182953000000,174182953000000,2026-09-05T05:17:01.673544+00:00,,,640,480
daheng_sn_FDE23080341,408,174182984000000,174182984000000,174182984000000,2026-09-05T05:17:01.733652+00:00,4842,8530309590225,1920,1200
directshow_index_1,420,174183046000000,174183046000000,174183046000000,2026-09-05T05:17:01.771667+00:00,,,640,480
daheng_sn_FDE23080341,409,174183078000000,174183078000000,174183078000000,2026-09-05T05:17:01.823253+00:00,4854,8530401807825,1920,1200
directshow_index_1,421,174183140000000,174183140000000,174183140000000,2026-09-05T05:17:01.861911+00:00,,,640,480
daheng_sn_FDE23080341,410,174183171000000,174183171000000,174183171000000,2026-09-05T05:17:01.924599+00:00,4866,8530494025425,1920,1200
directshow_index_1,422,174183234000000,174183234000000,174183234000000,2026-09-05T05:17:01.957727+00:00,,,640,480
daheng_sn_FDE23080341,411,174183265000000,174183265000000,174183265000000,2026-09-05T05:17:02.019319+00:00,4879,8530593927825,1920,1200
directshow_index_1,423,174183328000000,174183328000000,174183328000000,2026-09-05T05:17:02.050321+00:00,,,640,480
daheng_sn_FDE23080341,412,174183359000000,174183359000000,174183359000000,2026-09-05T05:17:02.109695+00:00,4891,8530686145425,1920,1200
directshow_index_1,424,174183421000000,174183421000000,174183421000000,2026-09-05T05:17:02.143845+00:00,,,640,480
daheng_sn_FDE23080341,413,174183453000000,174183453000000,174183453000000,2026-09-05T05:17:02.197020+00:00,4903,8530778363025,1920,1200
directshow_index_1,425,174183515000000,174183515000000,174183515000000,2026-09-05T05:17:02.241089+00:00,,,640,480
daheng_sn_FDE23080341,414,174183546000000,174183546000000,174183546000000,2026-09-05T05:17:02.301863+00:00,4915,8530870580625,1920,1200
directshow_index_1,426,174183609000000,174183609000000,174183609000000,2026-09-05T05:17:02.338859+00:00,,,640,480
daheng_sn_FDE23080341,415,174183640000000,174183640000000,174183640000000,2026-09-05T05:17:02.394125+00:00,4927,8530962798225,1920,1200
directshow_index_1,427,174183703000000,174183703000000,174183703000000,2026-09-05T05:17:02.428923+00:00,,,640,480
daheng_sn_FDE23080341,416,174183734000000,174183734000000,174183734000000,2026-09-05T05:17:02.494342+00:00,4940,8531062700625,1920,1200
directshow_index_1,428,174183796000000,174183796000000,174183796000000,2026-09-05T05:17:02.519737+00:00,,,640,480
daheng_sn_FDE23080341,417,174183828000000,174183828000000,174183828000000,2026-09-05T05:17:02.580050+00:00,4952,8531154918225,1920,1200
directshow_index_1,429,174183890000000,174183890000000,174183890000000,2026-09-05T05:17:02.610964+00:00,,,640,480
daheng_sn_FDE23080341,418,174183921000000,174183921000000,174183921000000,2026-09-05T05:17:02.674693+00:00,4964,8531247135825,1920,1200
directshow_index_1,430,174183984000000,174183984000000,174183984000000,2026-09-05T05:17:02.708471+00:00,,,640,480
daheng_sn_FDE23080341,419,174184015000000,174184015000000,174184015000000,2026-09-05T05:17:02.765286+00:00,4976,8531339353425,1920,1200
directshow_index_1,431,174184078000000,174184078000000,174184078000000,2026-09-05T05:17:02.800939+00:00,,,640,480
daheng_sn_FDE23080341,420,174184109000000,174184109000000,174184109000000,2026-09-05T05:17:02.856262+00:00,4988,8531431571025,1920,1200
directshow_index_1,432,174184171000000,174184171000000,174184171000000,2026-09-05T05:17:02.892781+00:00,,,640,480
daheng_sn_FDE23080341,421,174184203000000,174184203000000,174184203000000,2026-09-05T05:17:02.954999+00:00,5000,8531523788625,1920,1200
directshow_index_1,433,174184265000000,174184265000000,174184265000000,2026-09-05T05:17:02.988637+00:00,,,640,480
daheng_sn_FDE23080341,422,174184296000000,174184296000000,174184296000000,2026-09-05T05:17:03.052442+00:00,5013,8531623691025,1920,1200
directshow_index_1,434,174184359000000,174184359000000,174184359000000,2026-09-05T05:17:03.078528+00:00,,,640,480
daheng_sn_FDE23080341,423,174184390000000,174184390000000,174184390000000,2026-09-05T05:17:03.142459+00:00,5025,8531715908625,1920,1200
directshow_index_1,435,174184453000000,174184453000000,174184453000000,2026-09-05T05:17:03.176947+00:00,,,640,480
daheng_sn_FDE23080341,424,174184484000000,174184484000000,174184484000000,2026-09-05T05:17:03.233541+00:00,5037,8531808126225,1920,1200
directshow_index_1,436,174184546000000,174184546000000,174184546000000,2026-09-05T05:17:03.269786+00:00,,,640,480
daheng_sn_FDE23080341,425,174184578000000,174184578000000,174184578000000,2026-09-05T05:17:03.333419+00:00,5049,8531900343825,1920,1200
directshow_index_1,437,174184640000000,174184640000000,174184640000000,2026-09-05T05:17:03.362294+00:00,,,640,480
daheng_sn_FDE23080341,426,174184671000000,174184671000000,174184671000000,2026-09-05T05:17:03.430018+00:00,5061,8531992561425,1920,1200
directshow_index_1,438,174184734000000,174184734000000,174184734000000,2026-09-05T05:17:03.457041+00:00,,,640,480
daheng_sn_FDE23080341,427,174184765000000,174184765000000,174184765000000,2026-09-05T05:17:03.515407+00:00,5074,8532092463825,1920,1200
directshow_index_1,439,174184828000000,174184828000000,174184828000000,2026-09-05T05:17:03.553218+00:00,,,640,480
daheng_sn_FDE23080341,428,174184859000000,174184859000000,174184859000000,2026-09-05T05:17:03.614643+00:00,5086,8532184681425,1920,1200
directshow_index_1,440,174184921000000,174184921000000,174184921000000,2026-09-05T05:17:03.644642+00:00,,,640,480
daheng_sn_FDE23080341,429,174184953000000,174184953000000,174184953000000,2026-09-05T05:17:03.706451+00:00,5098,8532276899025,1920,1200
directshow_index_1,441,174185015000000,174185015000000,174185015000000,2026-09-05T05:17:03.740170+00:00,,,640,480
daheng_sn_FDE23080341,430,174185046000000,174185046000000,174185046000000,2026-09-05T05:17:03.796011+00:00,5110,8532369116625,1920,1200
directshow_index_1,442,174185109000000,174185109000000,174185109000000,2026-09-05T05:17:03.832042+00:00,,,640,480
daheng_sn_FDE23080341,431,174185140000000,174185140000000,174185140000000,2026-09-05T05:17:03.891071+00:00,5122,8532461334225,1920,1200
directshow_index_1,443,174185203000000,174185203000000,174185203000000,2026-09-05T05:17:03.922318+00:00,,,640,480
daheng_sn_FDE23080341,432,174185234000000,174185234000000,174185234000000,2026-09-05T05:17:03.994470+00:00,5135,8532561236625,1920,1200
directshow_index_1,444,174185296000000,174185296000000,174185296000000,2026-09-05T05:17:04.021423+00:00,,,640,480
daheng_sn_FDE23080341,433,174185328000000,174185328000000,174185328000000,2026-09-05T05:17:04.080699+00:00,5147,8532653454225,1920,1200
directshow_index_1,445,174185390000000,174185390000000,174185390000000,2026-09-05T05:17:04.111009+00:00,,,640,480
daheng_sn_FDE23080341,434,174185421000000,174185421000000,174185421000000,2026-09-05T05:17:04.176005+00:00,5159,8532745671825,1920,1200
directshow_index_1,446,174185484000000,174185484000000,174185484000000,2026-09-05T05:17:04.207135+00:00,,,640,480
daheng_sn_FDE23080341,435,174185515000000,174185515000000,174185515000000,2026-09-05T05:17:04.262921+00:00,5171,8532837889425,1920,1200
directshow_index_1,447,174185578000000,174185578000000,174185578000000,2026-09-05T05:17:04.299222+00:00,,,640,480
daheng_sn_FDE23080341,436,174185609000000,174185609000000,174185609000000,2026-09-05T05:17:04.364247+00:00,5184,8532937791825,1920,1200
directshow_index_1,448,174185671000000,174185671000000,174185671000000,2026-09-05T05:17:04.392764+00:00,,,640,480
daheng_sn_FDE23080341,437,174185703000000,174185703000000,174185703000000,2026-09-05T05:17:04.461267+00:00,5196,8533030009425,1920,1200
directshow_index_1,449,174185765000000,174185765000000,174185765000000,2026-09-05T05:17:04.488977+00:00,,,640,480
daheng_sn_FDE23080341,438,174185796000000,174185796000000,174185796000000,2026-09-05T05:17:04.546300+00:00,5208,8533122227025,1920,1200
directshow_index_1,450,174185859000000,174185859000000,174185859000000,2026-09-05T05:17:04.580180+00:00,,,640,480
daheng_sn_FDE23080341,439,174185890000000,174185890000000,174185890000000,2026-09-05T05:17:04.645330+00:00,5220,8533214444625,1920,1200
directshow_index_1,451,174185953000000,174185953000000,174185953000000,2026-09-05T05:17:04.673856+00:00,,,640,480
daheng_sn_FDE23080341,440,174185984000000,174185984000000,174185984000000,2026-09-05T05:17:04.737122+00:00,5232,8533306662225,1920,1200
directshow_index_1,452,174186046000000,174186046000000,174186046000000,2026-09-05T05:17:04.770688+00:00,,,640,480
daheng_sn_FDE23080341,441,174186078000000,174186078000000,174186078000000,2026-09-05T05:17:04.825456+00:00,5245,8533406564625,1920,1200
directshow_index_1,453,174186140000000,174186140000000,174186140000000,2026-09-05T05:17:04.860078+00:00,,,640,480
daheng_sn_FDE23080341,442,174186171000000,174186171000000,174186171000000,2026-09-05T05:17:04.919123+00:00,5256,8533491097425,1920,1200
directshow_index_1,454,174186234000000,174186234000000,174186234000000,2026-09-05T05:17:04.958741+00:00,,,640,480
daheng_sn_FDE23080341,443,174186265000000,174186265000000,174186265000000,2026-09-05T05:17:05.016872+00:00,5269,8533590999825,1920,1200
directshow_index_1,455,174186328000000,174186328000000,174186328000000,2026-09-05T05:17:05.050715+00:00,,,640,480
daheng_sn_FDE23080341,444,174186359000000,174186359000000,174186359000000,2026-09-05T05:17:05.111336+00:00,5281,8533683217425,1920,1200
directshow_index_1,456,174186421000000,174186421000000,174186421000000,2026-09-05T05:17:05.147041+00:00,,,640,480
daheng_sn_FDE23080341,445,174186453000000,174186453000000,174186453000000,2026-09-05T05:17:05.204418+00:00,5293,8533775435025,1920,1200
directshow_index_1,457,174186515000000,174186515000000,174186515000000,2026-09-05T05:17:05.237644+00:00,,,640,480
daheng_sn_FDE23080341,446,174186546000000,174186546000000,174186546000000,2026-09-05T05:17:05.303333+00:00,5305,8533867652625,1920,1200
directshow_index_1,458,174186609000000,174186609000000,174186609000000,2026-09-05T05:17:05.335449+00:00,,,640,480
daheng_sn_FDE23080341,447,174186640000000,174186640000000,174186640000000,2026-09-05T05:17:05.404061+00:00,5318,8533967555025,1920,1200
directshow_index_1,459,174186703000000,174186703000000,174186703000000,2026-09-05T05:17:05.426368+00:00,,,640,480
daheng_sn_FDE23080341,448,174186734000000,174186734000000,174186734000000,2026-09-05T05:17:05.483932+00:00,5330,8534059772625,1920,1200
directshow_index_1,460,174186796000000,174186796000000,174186796000000,2026-09-05T05:17:05.526722+00:00,,,640,480
daheng_sn_FDE23080341,449,174186828000000,174186828000000,174186828000000,2026-09-05T05:17:05.581250+00:00,5342,8534151990225,1920,1200
directshow_index_1,461,174186890000000,174186890000000,174186890000000,2026-09-05T05:17:05.615024+00:00,,,640,480
daheng_sn_FDE23080341,450,174186921000000,174186921000000,174186921000000,2026-09-05T05:17:05.680662+00:00,5354,8534244207825,1920,1200
directshow_index_1,462,174186984000000,174186984000000,174186984000000,2026-09-05T05:17:05.707782+00:00,,,640,480
daheng_sn_FDE23080341,451,174187015000000,174187015000000,174187015000000,2026-09-05T05:17:05.782837+00:00,5367,8534344110225,1920,1200
directshow_index_1,463,174187078000000,174187078000000,174187078000000,2026-09-05T05:17:05.798853+00:00,,,640,480
daheng_sn_FDE23080341,452,174187109000000,174187109000000,174187109000000,2026-09-05T05:17:05.869317+00:00,5379,8534436327825,1920,1200
directshow_index_1,464,174187171000000,174187171000000,174187171000000,2026-09-05T05:17:05.894523+00:00,,,640,480
daheng_sn_FDE23080341,453,174187203000000,174187203000000,174187203000000,2026-09-05T05:17:05.968680+00:00,5391,8534528545425,1920,1200
directshow_index_1,465,174187265000000,174187265000000,174187265000000,2026-09-05T05:17:05.993559+00:00,,,640,480
daheng_sn_FDE23080341,454,174187296000000,174187296000000,174187296000000,2026-09-05T05:17:06.062565+00:00,5403,8534620763025,1920,1200
directshow_index_1,466,174187359000000,174187375000000,174187367000000,2026-09-05T05:17:06.099940+00:00,,,640,480
daheng_sn_FDE23080341,455,174187390000000,174187390000000,174187390000000,2026-09-05T05:17:06.168129+00:00,5415,8534712980625,1920,1200
directshow_index_1,467,174187453000000,174187453000000,174187453000000,2026-09-05T05:17:06.180734+00:00,,,640,480
daheng_sn_FDE23080341,456,174187484000000,174187484000000,174187484000000,2026-09-05T05:17:06.250551+00:00,5427,8534805198225,1920,1200
directshow_index_1,468,174187546000000,174187546000000,174187546000000,2026-09-05T05:17:06.277511+00:00,,,640,480
daheng_sn_FDE23080341,457,174187578000000,174187578000000,174187578000000,2026-09-05T05:17:06.340355+00:00,5439,8534897415825,1920,1200
directshow_index_1,469,174187640000000,174187640000000,174187640000000,2026-09-05T05:17:06.365611+00:00,,,640,480
daheng_sn_FDE23080341,458,174187671000000,174187671000000,174187671000000,2026-09-05T05:17:06.437903+00:00,5452,8534997318225,1920,1200
directshow_index_1,470,174187734000000,174187734000000,174187734000000,2026-09-05T05:17:06.459061+00:00,,,640,480
daheng_sn_FDE23080341,459,174187765000000,174187765000000,174187765000000,2026-09-05T05:17:06.534418+00:00,5464,8535089535825,1920,1200
directshow_index_1,471,174187828000000,174187828000000,174187828000000,2026-09-05T05:17:06.551982+00:00,,,640,480
daheng_sn_FDE23080341,460,174187859000000,174187859000000,174187859000000,2026-09-05T05:17:06.625520+00:00,5476,8535181753425,1920,1200
directshow_index_1,472,174187921000000,174187921000000,174187921000000,2026-09-05T05:17:06.662576+00:00,,,640,480
daheng_sn_FDE23080341,461,174187953000000,174187953000000,174187953000000,2026-09-05T05:17:06.717798+00:00,5489,8535281655825,1920,1200
directshow_index_1,473,174188015000000,174188015000000,174188015000000,2026-09-05T05:17:06.740427+00:00,,,640,480
daheng_sn_FDE23080341,462,174188046000000,174188046000000,174188046000000,2026-09-05T05:17:06.811707+00:00,5501,8535373873425,1920,1200
directshow_index_1,474,174188109000000,174188109000000,174188109000000,2026-09-05T05:17:06.835071+00:00,,,640,480
daheng_sn_FDE23080341,463,174188140000000,174188140000000,174188140000000,2026-09-05T05:17:06.909677+00:00,5513,8535466091025,1920,1200
directshow_index_1,475,174188203000000,174188203000000,174188203000000,2026-09-05T05:17:06.928739+00:00,,,640,480
daheng_sn_FDE23080341,464,174188234000000,174188234000000,174188234000000,2026-09-05T05:17:07.005360+00:00,5525,8535558308625,1920,1200
directshow_index_1,476,174188296000000,174188296000000,174188296000000,2026-09-05T05:17:07.022383+00:00,,,640,480
daheng_sn_FDE23080341,465,174188328000000,174188328000000,174188328000000,2026-09-05T05:17:07.088891+00:00,5537,8535650526225,1920,1200
directshow_index_1,477,174188390000000,174188390000000,174188390000000,2026-09-05T05:17:07.115789+00:00,,,640,480
daheng_sn_FDE23080341,466,174188421000000,174188421000000,174188421000000,2026-09-05T05:17:07.188738+00:00,5549,8535742743825,1920,1200
directshow_index_1,478,174188484000000,174188484000000,174188484000000,2026-09-05T05:17:07.209294+00:00,,,640,480
daheng_sn_FDE23080341,467,174188515000000,174188515000000,174188515000000,2026-09-05T05:17:07.285706+00:00,5561,8535834961425,1920,1200
directshow_index_1,479,174188578000000,174188578000000,174188578000000,2026-09-05T05:17:07.303090+00:00,,,640,480
daheng_sn_FDE23080341,468,174188609000000,174188609000000,174188609000000,2026-09-05T05:17:07.376689+00:00,5574,8535934863825,1920,1200
directshow_index_1,480,174188671000000,174188671000000,174188671000000,2026-09-05T05:17:07.396478+00:00,,,640,480
daheng_sn_FDE23080341,469,174188703000000,174188703000000,174188703000000,2026-09-05T05:17:07.476614+00:00,5586,8536027081425,1920,1200
directshow_index_1,481,174188765000000,174188765000000,174188765000000,2026-09-05T05:17:07.488778+00:00,,,640,480
daheng_sn_FDE23080341,470,174188796000000,174188796000000,174188796000000,2026-09-05T05:17:07.567156+00:00,5598,8536119299025,1920,1200
directshow_index_1,482,174188859000000,174188859000000,174188859000000,2026-09-05T05:17:07.588347+00:00,,,640,480
daheng_sn_FDE23080341,471,174188890000000,174188890000000,174188890000000,2026-09-05T05:17:07.656809+00:00,5611,8536219201425,1920,1200
directshow_index_1,483,174188953000000,174188953000000,174188953000000,2026-09-05T05:17:07.681771+00:00,,,640,480
daheng_sn_FDE23080341,472,174188984000000,174188984000000,174188984000000,2026-09-05T05:17:07.752126+00:00,5622,8536303734225,1920,1200
directshow_index_1,484,174189046000000,174189046000000,174189046000000,2026-09-05T05:17:07.769656+00:00,,,640,480
daheng_sn_FDE23080341,473,174189078000000,174189078000000,174189078000000,2026-09-05T05:17:07.855749+00:00,5635,8536403636625,1920,1200
directshow_index_1,485,174189140000000,174189140000000,174189140000000,2026-09-05T05:17:07.867938+00:00,,,640,480
daheng_sn_FDE23080341,474,174189171000000,174189171000000,174189171000000,2026-09-05T05:17:07.941807+00:00,5647,8536495854225,1920,1200
directshow_index_1,486,174189234000000,174189234000000,174189234000000,2026-09-05T05:17:07.960928+00:00,,,640,480
daheng_sn_FDE23080341,475,174189265000000,174189265000000,174189265000000,2026-09-05T05:17:08.033894+00:00,5660,8536595756625,1920,1200
directshow_index_1,487,174189328000000,174189328000000,174189328000000,2026-09-05T05:17:08.056978+00:00,,,640,480
daheng_sn_FDE23080341,476,174189359000000,174189359000000,174189359000000,2026-09-05T05:17:08.134186+00:00,5671,8536680289425,1920,1200
directshow_index_1,488,174189421000000,174189421000000,174189421000000,2026-09-05T05:17:08.143189+00:00,,,640,480
daheng_sn_FDE23080341,477,174189453000000,174189453000000,174189453000000,2026-09-05T05:17:08.224858+00:00,5684,8536780191825,1920,1200
directshow_index_1,489,174189515000000,174189515000000,174189515000000,2026-09-05T05:17:08.243635+00:00,,,640,480
daheng_sn_FDE23080341,478,174189546000000,174189546000000,174189546000000,2026-09-05T05:17:08.314341+00:00,5696,8536872409425,1920,1200
directshow_index_1,490,174189609000000,174189609000000,174189609000000,2026-09-05T05:17:08.335335+00:00,,,640,480
daheng_sn_FDE23080341,479,174189640000000,174189640000000,174189640000000,2026-09-05T05:17:08.400460+00:00,5708,8536964627025,1920,1200
directshow_index_1,491,174189703000000,174189703000000,174189703000000,2026-09-05T05:17:08.426459+00:00,,,640,480
daheng_sn_FDE23080341,480,174189734000000,174189734000000,174189734000000,2026-09-05T05:17:08.499284+00:00,5720,8537056844625,1920,1200
directshow_index_1,492,174189796000000,174189796000000,174189796000000,2026-09-05T05:17:08.520417+00:00,,,640,480
daheng_sn_FDE23080341,481,174189828000000,174189828000000,174189828000000,2026-09-05T05:17:08.596144+00:00,5733,8537156747025,1920,1200
directshow_index_1,493,174189890000000,174189890000000,174189890000000,2026-09-05T05:17:08.618067+00:00,,,640,480
daheng_sn_FDE23080341,482,174189921000000,174189921000000,174189921000000,2026-09-05T05:17:08.697872+00:00,5744,8537241279825,1920,1200
directshow_index_1,494,174189984000000,174189984000000,174189984000000,2026-09-05T05:17:08.715457+00:00,,,640,480
daheng_sn_FDE23080341,483,174190015000000,174190015000000,174190015000000,2026-09-05T05:17:08.781403+00:00,5757,8537341182225,1920,1200
directshow_index_1,495,174190078000000,174190078000000,174190078000000,2026-09-05T05:17:08.800661+00:00,,,640,480
daheng_sn_FDE23080341,484,174190109000000,174190109000000,174190109000000,2026-09-05T05:17:08.872863+00:00,5770,8537441084625,1920,1200
directshow_index_1,496,174190171000000,174190171000000,174190171000000,2026-09-05T05:17:08.894964+00:00,,,640,480
daheng_sn_FDE23080341,485,174190203000000,174190203000000,174190203000000,2026-09-05T05:17:08.969194+00:00,5781,8537525617425,1920,1200
directshow_index_1,497,174190265000000,174190265000000,174190265000000,2026-09-05T05:17:08.988450+00:00,,,640,480
daheng_sn_FDE23080341,486,174190296000000,174190296000000,174190296000000,2026-09-05T05:17:09.059386+00:00,5793,8537617835025,1920,1200
directshow_index_1,498,174190359000000,174190359000000,174190359000000,2026-09-05T05:17:09.082188+00:00,,,640,480
daheng_sn_FDE23080341,487,174190390000000,174190390000000,174190390000000,2026-09-05T05:17:09.159998+00:00,5806,8537717737425,1920,1200
directshow_index_1,499,174190453000000,174190453000000,174190453000000,2026-09-05T05:17:09.176246+00:00,,,640,480
daheng_sn_FDE23080341,488,174190484000000,174190484000000,174190484000000,2026-09-05T05:17:09.255451+00:00,5818,8537809955025,1920,1200
directshow_index_1,500,174190546000000,174190546000000,174190546000000,2026-09-05T05:17:09.269449+00:00,,,640,480
daheng_sn_FDE23080341,489,174190578000000,174190578000000,174190578000000,2026-09-05T05:17:09.339203+00:00,5830,8537902172625,1920,1200
directshow_index_1,501,174190640000000,174190640000000,174190640000000,2026-09-05T05:17:09.366798+00:00,,,640,480
daheng_sn_FDE23080341,490,174190671000000,174190671000000,174190671000000,2026-09-05T05:17:09.437468+00:00,5842,8537994390225,1920,1200
directshow_index_1,502,174190734000000,174190734000000,174190734000000,2026-09-05T05:17:09.460592+00:00,,,640,480
daheng_sn_FDE23080341,491,174190765000000,174190765000000,174190765000000,2026-09-05T05:17:09.538285+00:00,5854,8538086607825,1920,1200
directshow_index_1,503,174190828000000,174190828000000,174190828000000,2026-09-05T05:17:09.551289+00:00,,,640,480
daheng_sn_FDE23080341,492,174190859000000,174190859000000,174190859000000,2026-09-05T05:17:09.622905+00:00,5866,8538178825425,1920,1200
directshow_index_1,504,174190921000000,174190921000000,174190921000000,2026-09-05T05:17:09.644907+00:00,,,640,480
daheng_sn_FDE23080341,493,174190953000000,174190953000000,174190953000000,2026-09-05T05:17:09.708807+00:00,5879,8538278727825,1920,1200
directshow_index_1,505,174191015000000,174191015000000,174191015000000,2026-09-05T05:17:09.739983+00:00,,,640,480
daheng_sn_FDE23080341,494,174191046000000,174191046000000,174191046000000,2026-09-05T05:17:09.809880+00:00,5891,8538370945425,1920,1200
directshow_index_1,506,174191109000000,174191109000000,174191109000000,2026-09-05T05:17:09.832811+00:00,,,640,480
daheng_sn_FDE23080341,495,174191140000000,174191140000000,174191140000000,2026-09-05T05:17:09.902179+00:00,5903,8538463163025,1920,1200
directshow_index_1,507,174191203000000,174191203000000,174191203000000,2026-09-05T05:17:09.924287+00:00,,,640,480
daheng_sn_FDE23080341,496,174191234000000,174191234000000,174191234000000,2026-09-05T05:17:09.986947+00:00,5915,8538555380625,1920,1200
directshow_index_1,508,174191296000000,174191296000000,174191296000000,2026-09-05T05:17:10.023064+00:00,,,640,480
daheng_sn_FDE23080341,497,174191328000000,174191328000000,174191328000000,2026-09-05T05:17:10.086892+00:00,5928,8538655283025,1920,1200
directshow_index_1,509,174191390000000,174191390000000,174191390000000,2026-09-05T05:17:10.114042+00:00,,,640,480
daheng_sn_FDE23080341,498,174191421000000,174191421000000,174191421000000,2026-09-05T05:17:10.180951+00:00,5940,8538747500625,1920,1200
directshow_index_1,510,174191484000000,174191484000000,174191484000000,2026-09-05T05:17:10.205524+00:00,,,640,480
daheng_sn_FDE23080341,499,174191515000000,174191515000000,174191515000000,2026-09-05T05:17:10.272726+00:00,5952,8538839718225,1920,1200
directshow_index_1,511,174191578000000,174191578000000,174191578000000,2026-09-05T05:17:10.303904+00:00,,,640,480
daheng_sn_FDE23080341,500,174191609000000,174191609000000,174191609000000,2026-09-05T05:17:10.366432+00:00,5964,8538931935825,1920,1200
directshow_index_1,512,174191671000000,174191671000000,174191671000000,2026-09-05T05:17:10.394933+00:00,,,640,480
daheng_sn_FDE23080341,501,174191703000000,174191703000000,174191703000000,2026-09-05T05:17:10.464532+00:00,5977,8539031838225,1920,1200
directshow_index_1,513,174191765000000,174191765000000,174191765000000,2026-09-05T05:17:10.488438+00:00,,,640,480
daheng_sn_FDE23080341,502,174191796000000,174191796000000,174191796000000,2026-09-05T05:17:10.552980+00:00,5988,8539116371025,1920,1200
directshow_index_1,514,174191859000000,174191859000000,174191859000000,2026-09-05T05:17:10.584618+00:00,,,640,480
daheng_sn_FDE23080341,503,174191890000000,174191890000000,174191890000000,2026-09-05T05:17:10.648618+00:00,6001,8539216273425,1920,1200
directshow_index_1,515,174191953000000,174191953000000,174191953000000,2026-09-05T05:17:10.677063+00:00,,,640,480
daheng_sn_FDE23080341,504,174191984000000,174191984000000,174191984000000,2026-09-05T05:17:10.742496+00:00,6013,8539308491025,1920,1200
directshow_index_1,516,174192046000000,174192046000000,174192046000000,2026-09-05T05:17:10.768504+00:00,,,640,480
daheng_sn_FDE23080341,505,174192078000000,174192078000000,174192078000000,2026-09-05T05:17:10.831503+00:00,6026,8539408393425,1920,1200
directshow_index_1,517,174192140000000,174192140000000,174192140000000,2026-09-05T05:17:10.863234+00:00,,,640,480
daheng_sn_FDE23080341,506,174192171000000,174192171000000,174192171000000,2026-09-05T05:17:10.925098+00:00,6038,8539500611025,1920,1200
directshow_index_1,518,174192234000000,174192234000000,174192234000000,2026-09-05T05:17:10.961772+00:00,,,640,480
daheng_sn_FDE23080341,507,174192265000000,174192265000000,174192265000000,2026-09-05T05:17:11.017441+00:00,6050,8539592828625,1920,1200
directshow_index_1,519,174192328000000,174192328000000,174192328000000,2026-09-05T05:17:11.053441+00:00,,,640,480
daheng_sn_FDE23080341,508,174192359000000,174192359000000,174192359000000,2026-09-05T05:17:11.115444+00:00,6062,8539685046225,1920,1200
directshow_index_1,520,174192421000000,174192421000000,174192421000000,2026-09-05T05:17:11.145735+00:00,,,640,480
daheng_sn_FDE23080341,509,174192453000000,174192453000000,174192453000000,2026-09-05T05:17:11.210930+00:00,6074,8539777263825,1920,1200
directshow_index_1,521,174192515000000,174192515000000,174192515000000,2026-09-05T05:17:11.240640+00:00,,,640,480
daheng_sn_FDE23080341,510,174192546000000,174192546000000,174192546000000,2026-09-05T05:17:11.305476+00:00,6086,8539869481425,1920,1200
directshow_index_1,522,174192609000000,174192609000000,174192609000000,2026-09-05T05:17:11.333731+00:00,,,640,480
daheng_sn_FDE23080341,511,174192640000000,174192640000000,174192640000000,2026-09-05T05:17:11.389255+00:00,6099,8539969383825,1920,1200
directshow_index_1,523,174192703000000,174192703000000,174192703000000,2026-09-05T05:17:11.423771+00:00,,,640,480
daheng_sn_FDE23080341,512,174192734000000,174192734000000,174192734000000,2026-09-05T05:17:11.489113+00:00,6111,8540061601425,1920,1200
directshow_index_1,524,174192796000000,174192796000000,174192796000000,2026-09-05T05:17:11.521359+00:00,,,640,480
daheng_sn_FDE23080341,513,174192828000000,174192828000000,174192828000000,2026-09-05T05:17:11.586888+00:00,6123,8540153819025,1920,1200
directshow_index_1,525,174192890000000,174192890000000,174192890000000,2026-09-05T05:17:11.611886+00:00,,,640,480
daheng_sn_FDE23080341,514,174192921000000,174192921000000,174192921000000,2026-09-05T05:17:11.687990+00:00,6135,8540246036625,1920,1200
directshow_index_1,526,174192984000000,174192984000000,174192984000000,2026-09-05T05:17:11.711998+00:00,,,640,480
daheng_sn_FDE23080341,515,174193015000000,174193015000000,174193015000000,2026-09-05T05:17:11.773050+00:00,6148,8540345939025,1920,1200
directshow_index_1,527,174193078000000,174193078000000,174193078000000,2026-09-05T05:17:11.803209+00:00,,,640,480
daheng_sn_FDE23080341,516,174193109000000,174193109000000,174193109000000,2026-09-05T05:17:11.866108+00:00,6159,8540430471825,1920,1200
directshow_index_1,528,174193171000000,174193171000000,174193171000000,2026-09-05T05:17:11.893526+00:00,,,640,480
daheng_sn_FDE23080341,517,174193203000000,174193203000000,174193203000000,2026-09-05T05:17:11.955775+00:00,6172,8540530374225,1920,1200
directshow_index_1,529,174193265000000,174193265000000,174193265000000,2026-09-05T05:17:11.989887+00:00,,,640,480
daheng_sn_FDE23080341,518,174193296000000,174193296000000,174193296000000,2026-09-05T05:17:12.052158+00:00,6184,8540622591825,1920,1200
directshow_index_1,530,174193359000000,174193359000000,174193359000000,2026-09-05T05:17:12.081309+00:00,,,640,480
daheng_sn_FDE23080341,519,174193390000000,174193390000000,174193390000000,2026-09-05T05:17:12.146165+00:00,6196,8540714809425,1920,1200
directshow_index_1,531,174193453000000,174193468000000,174193460500000,2026-09-05T05:17:12.191451+00:00,,,640,480
daheng_sn_FDE23080341,520,174193484000000,174193484000000,174193484000000,2026-09-05T05:17:12.244554+00:00,6209,8540814711825,1920,1200
directshow_index_1,532,174193546000000,174193546000000,174193546000000,2026-09-05T05:17:12.270074+00:00,,,640,480
daheng_sn_FDE23080341,521,174193578000000,174193578000000,174193578000000,2026-09-05T05:17:12.336596+00:00,6221,8540906929425,1920,1200
directshow_index_1,533,174193640000000,174193640000000,174193640000000,2026-09-05T05:17:12.360782+00:00,,,640,480
daheng_sn_FDE23080341,522,174193671000000,174193671000000,174193671000000,2026-09-05T05:17:12.428368+00:00,6232,8540991462225,1920,1200
directshow_index_1,534,174193734000000,174193734000000,174193734000000,2026-09-05T05:17:12.459937+00:00,,,640,480
daheng_sn_FDE23080341,523,174193765000000,174193765000000,174193765000000,2026-09-05T05:17:12.523975+00:00,6245,8541091364625,1920,1200
directshow_index_1,535,174193828000000,174193828000000,174193828000000,2026-09-05T05:17:12.553562+00:00,,,640,480
daheng_sn_FDE23080341,524,174193859000000,174193859000000,174193859000000,2026-09-05T05:17:12.617605+00:00,6257,8541183582225,1920,1200
directshow_index_1,536,174193921000000,174193921000000,174193921000000,2026-09-05T05:17:12.645130+00:00,,,640,480
daheng_sn_FDE23080341,525,174193953000000,174193953000000,174193953000000,2026-09-05T05:17:12.710099+00:00,6269,8541275799825,1920,1200
directshow_index_1,537,174194015000000,174194015000000,174194015000000,2026-09-05T05:17:12.742553+00:00,,,640,480
daheng_sn_FDE23080341,526,174194046000000,174194046000000,174194046000000,2026-09-05T05:17:12.801909+00:00,6281,8541368017425,1920,1200
directshow_index_1,538,174194109000000,174194109000000,174194109000000,2026-09-05T05:17:12.830225+00:00,,,640,480
daheng_sn_FDE23080341,527,174194140000000,174194140000000,174194140000000,2026-09-05T05:17:12.891571+00:00,6293,8541460235025,1920,1200
directshow_index_1,539,174194203000000,174194203000000,174194203000000,2026-09-05T05:17:12.928235+00:00,,,640,480
daheng_sn_FDE23080341,528,174194234000000,174194234000000,174194234000000,2026-09-05T05:17:12.985741+00:00,6305,8541552452625,1920,1200
directshow_index_1,540,174194296000000,174194296000000,174194296000000,2026-09-05T05:17:13.019480+00:00,,,640,480
daheng_sn_FDE23080341,529,174194328000000,174194328000000,174194328000000,2026-09-05T05:17:13.085903+00:00,6318,8541652355025,1920,1200
directshow_index_1,541,174194390000000,174194390000000,174194390000000,2026-09-05T05:17:13.114611+00:00,,,640,480
daheng_sn_FDE23080341,530,174194421000000,174194421000000,174194421000000,2026-09-05T05:17:13.182566+00:00,6330,8541744572625,1920,1200
directshow_index_1,542,174194484000000,174194484000000,174194484000000,2026-09-05T05:17:13.207576+00:00,,,640,480
daheng_sn_FDE23080341,531,174194515000000,174194515000000,174194515000000,2026-09-05T05:17:13.277806+00:00,6343,8541844475025,1920,1200
directshow_index_1,543,174194578000000,174194578000000,174194578000000,2026-09-05T05:17:13.302806+00:00,,,640,480
daheng_sn_FDE23080341,532,174194609000000,174194609000000,174194609000000,2026-09-05T05:17:13.362586+00:00,6355,8541936692625,1920,1200
directshow_index_1,544,174194671000000,174194671000000,174194671000000,2026-09-05T05:17:13.398095+00:00,,,640,480
daheng_sn_FDE23080341,533,174194703000000,174194703000000,174194703000000,2026-09-05T05:17:13.454721+00:00,6367,8542028910225,1920,1200
directshow_index_1,545,174194765000000,174194765000000,174194765000000,2026-09-05T05:17:13.489861+00:00,,,640,480
daheng_sn_FDE23080341,534,174194796000000,174194796000000,174194796000000,2026-09-05T05:17:13.547358+00:00,6379,8542121127825,1920,1200
directshow_index_1,546,174194859000000,174194859000000,174194859000000,2026-09-05T05:17:13.584878+00:00,,,640,480
daheng_sn_FDE23080341,535,174194890000000,174194890000000,174194890000000,2026-09-05T05:17:13.635518+00:00,6391,8542213345425,1920,1200
directshow_index_1,547,174194953000000,174194953000000,174194953000000,2026-09-05T05:17:13.676051+00:00,,,640,480
daheng_sn_FDE23080341,536,174194984000000,174194984000000,174194984000000,2026-09-05T05:17:13.733743+00:00,6403,8542305563025,1920,1200
directshow_index_1,548,174195046000000,174195046000000,174195046000000,2026-09-05T05:17:13.772767+00:00,,,640,480
daheng_sn_FDE23080341,537,174195078000000,174195078000000,174195078000000,2026-09-05T05:17:13.832450+00:00,6415,8542397780625,1920,1200
directshow_index_1,549,174195140000000,174195140000000,174195140000000,2026-09-05T05:17:13.862230+00:00,,,640,480
daheng_sn_FDE23080341,538,174195171000000,174195171000000,174195171000000,2026-09-05T05:17:13.918037+00:00,6428,8542497683025,1920,1200
directshow_index_1,550,174195234000000,174195234000000,174195234000000,2026-09-05T05:17:13.961031+00:00,,,640,480
daheng_sn_FDE23080341,539,174195265000000,174195265000000,174195265000000,2026-09-05T05:17:14.010752+00:00,6440,8542589900625,1920,1200
directshow_index_1,551,174195328000000,174195328000000,174195328000000,2026-09-05T05:17:14.052665+00:00,,,640,480
daheng_sn_FDE23080341,540,174195359000000,174195359000000,174195359000000,2026-09-05T05:17:14.101587+00:00,6452,8542682118225,1920,1200
directshow_index_1,552,174195421000000,174195421000000,174195421000000,2026-09-05T05:17:14.144116+00:00,,,640,480
daheng_sn_FDE23080341,541,174195453000000,174195453000000,174195453000000,2026-09-05T05:17:14.202566+00:00,6464,8542774335825,1920,1200
directshow_index_1,553,174195515000000,174195515000000,174195515000000,2026-09-05T05:17:14.238575+00:00,,,640,480
daheng_sn_FDE23080341,542,174195546000000,174195546000000,174195546000000,2026-09-05T05:17:14.299945+00:00,6477,8542874238225,1920,1200
directshow_index_1,554,174195609000000,174195609000000,174195609000000,2026-09-05T05:17:14.329939+00:00,,,640,480
daheng_sn_FDE23080341,543,174195640000000,174195640000000,174195640000000,2026-09-05T05:17:14.393275+00:00,6489,8542966455825,1920,1200
directshow_index_1,555,174195703000000,174195703000000,174195703000000,2026-09-05T05:17:14.423147+00:00,,,640,480
daheng_sn_FDE23080341,544,174195734000000,174195734000000,174195734000000,2026-09-05T05:17:14.482854+00:00,6501,8543058673425,1920,1200
directshow_index_1,556,174195796000000,174195796000000,174195796000000,2026-09-05T05:17:14.520038+00:00,,,640,480
daheng_sn_FDE23080341,545,174195828000000,174195828000000,174195828000000,2026-09-05T05:17:14.575169+00:00,6513,8543150891025,1920,1200
directshow_index_1,557,174195890000000,174195890000000,174195890000000,2026-09-05T05:17:14.615218+00:00,,,640,480
daheng_sn_FDE23080341,546,174195921000000,174195921000000,174195921000000,2026-09-05T05:17:14.671982+00:00,6525,8543243108625,1920,1200
directshow_index_1,558,174195984000000,174195984000000,174195984000000,2026-09-05T05:17:14.708880+00:00,,,640,480
daheng_sn_FDE23080341,547,174196015000000,174196015000000,174196015000000,2026-09-05T05:17:14.777635+00:00,6537,8543335326225,1920,1200
directshow_index_1,559,174196078000000,174196078000000,174196078000000,2026-09-05T05:17:14.801882+00:00,,,640,480
daheng_sn_FDE23080341,548,174196109000000,174196109000000,174196109000000,2026-09-05T05:17:14.876942+00:00,6549,8543427543825,1920,1200
directshow_index_1,560,174196171000000,174196171000000,174196171000000,2026-09-05T05:17:14.896325+00:00,,,640,480
daheng_sn_FDE23080341,549,174196203000000,174196203000000,174196203000000,2026-09-05T05:17:14.965998+00:00,6562,8543527446225,1920,1200
directshow_index_1,561,174196265000000,174196265000000,174196265000000,2026-09-05T05:17:14.989517+00:00,,,640,480
daheng_sn_FDE23080341,550,174196296000000,174196296000000,174196296000000,2026-09-05T05:17:15.056304+00:00,6574,8543619663825,1920,1200
directshow_index_1,562,174196359000000,174196359000000,174196359000000,2026-09-05T05:17:15.083203+00:00,,,640,480
daheng_sn_FDE23080341,551,174196390000000,174196390000000,174196390000000,2026-09-05T05:17:15.140118+00:00,6586,8543711881425,1920,1200
directshow_index_1,563,174196453000000,174196453000000,174196453000000,2026-09-05T05:17:15.174981+00:00,,,640,480
daheng_sn_FDE23080341,552,174196484000000,174196484000000,174196484000000,2026-09-05T05:17:15.237513+00:00,6599,8543811783825,1920,1200
directshow_index_1,564,174196546000000,174196546000000,174196546000000,2026-09-05T05:17:15.271848+00:00,,,640,480
daheng_sn_FDE23080341,553,174196578000000,174196578000000,174196578000000,2026-09-05T05:17:15.334983+00:00,6611,8543904001425,1920,1200
directshow_index_1,565,174196640000000,174196640000000,174196640000000,2026-09-05T05:17:15.362053+00:00,,,640,480
daheng_sn_FDE23080341,554,174196671000000,174196671000000,174196671000000,2026-09-05T05:17:15.425719+00:00,6624,8544003903825,1920,1200
directshow_index_1,566,174196734000000,174196734000000,174196734000000,2026-09-05T05:17:15.460104+00:00,,,640,480
daheng_sn_FDE23080341,555,174196765000000,174196765000000,174196765000000,2026-09-05T05:17:15.515362+00:00,6635,8544088436625,1920,1200
directshow_index_1,567,174196828000000,174196828000000,174196828000000,2026-09-05T05:17:15.551678+00:00,,,640,480
daheng_sn_FDE23080341,556,174196859000000,174196859000000,174196859000000,2026-09-05T05:17:15.617638+00:00,6647,8544180654225,1920,1200
directshow_index_1,568,174196921000000,174196921000000,174196921000000,2026-09-05T05:17:15.642683+00:00,,,640,480
daheng_sn_FDE23080341,557,174196953000000,174196953000000,174196953000000,2026-09-05T05:17:15.704583+00:00,6660,8544280556625,1920,1200
directshow_index_1,569,174197015000000,174197015000000,174197015000000,2026-09-05T05:17:15.742101+00:00,,,640,480
daheng_sn_FDE23080341,558,174197046000000,174197046000000,174197046000000,2026-09-05T05:17:15.800493+00:00,6672,8544372774225,1920,1200
directshow_index_1,570,174197109000000,174197109000000,174197109000000,2026-09-05T05:17:15.833205+00:00,,,640,480
daheng_sn_FDE23080341,559,174197140000000,174197140000000,174197140000000,2026-09-05T05:17:15.901929+00:00,6684,8544464991825,1920,1200
directshow_index_1,571,174197203000000,174197203000000,174197203000000,2026-09-05T05:17:15.926484+00:00,,,640,480
daheng_sn_FDE23080341,560,174197234000000,174197234000000,174197234000000,2026-09-05T05:17:15.993506+00:00,6696,8544557209425,1920,1200
directshow_index_1,572,174197296000000,174197296000000,174197296000000,2026-09-05T05:17:16.019840+00:00,,,640,480
daheng_sn_FDE23080341,561,174197328000000,174197328000000,174197328000000,2026-09-05T05:17:16.078875+00:00,6709,8544657111825,1920,1200
directshow_index_1,573,174197390000000,174197390000000,174197390000000,2026-09-05T05:17:16.111048+00:00,,,640,480
daheng_sn_FDE23080341,562,174197421000000,174197421000000,174197421000000,2026-09-05T05:17:16.177153+00:00,6720,8544741644625,1920,1200
directshow_index_1,574,174197484000000,174197484000000,174197484000000,2026-09-05T05:17:16.208317+00:00,,,640,480
daheng_sn_FDE23080341,563,174197515000000,174197515000000,174197515000000,2026-09-05T05:17:16.267838+00:00,6732,8544833862225,1920,1200
directshow_index_1,575,174197578000000,174197578000000,174197578000000,2026-09-05T05:17:16.299668+00:00,,,640,480
daheng_sn_FDE23080341,564,174197609000000,174197609000000,174197609000000,2026-09-05T05:17:16.358923+00:00,6745,8544933764625,1920,1200
directshow_index_1,576,174197671000000,174197671000000,174197671000000,2026-09-05T05:17:16.398294+00:00,,,640,480
daheng_sn_FDE23080341,565,174197703000000,174197703000000,174197703000000,2026-09-05T05:17:16.463132+00:00,6758,8545033667025,1920,1200
directshow_index_1,577,174197765000000,174197765000000,174197765000000,2026-09-05T05:17:16.490281+00:00,,,640,480
daheng_sn_FDE23080341,566,174197796000000,174197796000000,174197796000000,2026-09-05T05:17:16.556764+00:00,6769,8545118199825,1920,1200
directshow_index_1,578,174197859000000,174197859000000,174197859000000,2026-09-05T05:17:16.587284+00:00,,,640,480
daheng_sn_FDE23080341,567,174197890000000,174197890000000,174197890000000,2026-09-05T05:17:16.654833+00:00,6782,8545218102225,1920,1200
directshow_index_1,579,174197953000000,174197953000000,174197953000000,2026-09-05T05:17:16.683148+00:00,,,640,480
daheng_sn_FDE23080341,568,174197984000000,174197984000000,174197984000000,2026-09-05T05:17:16.748912+00:00,6794,8545310319825,1920,1200
directshow_index_1,580,174198046000000,174198046000000,174198046000000,2026-09-05T05:17:16.769366+00:00,,,640,480
daheng_sn_FDE23080341,569,174198078000000,174198078000000,174198078000000,2026-09-05T05:17:16.835790+00:00,6806,8545402537425,1920,1200
directshow_index_1,581,174198140000000,174198140000000,174198140000000,2026-09-05T05:17:16.865394+00:00,,,640,480
daheng_sn_FDE23080341,570,174198171000000,174198171000000,174198171000000,2026-09-05T05:17:16.931448+00:00,6818,8545494755025,1920,1200
directshow_index_1,582,174198234000000,174198234000000,174198234000000,2026-09-05T05:17:16.958271+00:00,,,640,480
daheng_sn_FDE23080341,571,174198265000000,174198265000000,174198265000000,2026-09-05T05:17:17.021843+00:00,6831,8545594657425,1920,1200
directshow_index_1,583,174198328000000,174198328000000,174198328000000,2026-09-05T05:17:17.051043+00:00,,,640,480
daheng_sn_FDE23080341,572,174198359000000,174198359000000,174198359000000,2026-09-05T05:17:17.126229+00:00,6843,8545686875025,1920,1200
directshow_index_1,584,174198421000000,174198421000000,174198421000000,2026-09-05T05:17:17.147230+00:00,,,640,480
daheng_sn_FDE23080341,573,174198453000000,174198453000000,174198453000000,2026-09-05T05:17:17.218161+00:00,6855,8545779092625,1920,1200
directshow_index_1,585,174198515000000,174198515000000,174198515000000,2026-09-05T05:17:17.241155+00:00,,,640,480
daheng_sn_FDE23080341,574,174198546000000,174198546000000,174198546000000,2026-09-05T05:17:17.308352+00:00,6867,8545871310225,1920,1200
directshow_index_1,586,174198609000000,174198609000000,174198609000000,2026-09-05T05:17:17.334189+00:00,,,640,480
daheng_sn_FDE23080341,575,174198640000000,174198640000000,174198640000000,2026-09-05T05:17:17.406453+00:00,6879,8545963527825,1920,1200
directshow_index_1,587,174198703000000,174198703000000,174198703000000,2026-09-05T05:17:17.428418+00:00,,,640,480
daheng_sn_FDE23080341,576,174198734000000,174198734000000,174198734000000,2026-09-05T05:17:17.500411+00:00,6891,8546055745425,1920,1200
directshow_index_1,588,174198796000000,174198796000000,174198796000000,2026-09-05T05:17:17.522906+00:00,,,640,480
daheng_sn_FDE23080341,577,174198828000000,174198828000000,174198828000000,2026-09-05T05:17:17.594865+00:00,6903,8546147963025,1920,1200
directshow_index_1,589,174198890000000,174198890000000,174198890000000,2026-09-05T05:17:17.617867+00:00,,,640,480
daheng_sn_FDE23080341,578,174198921000000,174198937000000,174198929000000,2026-09-05T05:17:17.704552+00:00,6916,8546247865425,1920,1200
directshow_index_1,590,174198984000000,174198984000000,174198984000000,2026-09-05T05:17:17.710421+00:00,,,640,480
daheng_sn_FDE23080341,579,174199015000000,174199015000000,174199015000000,2026-09-05T05:17:17.786532+00:00,6928,8546340083025,1920,1200
directshow_index_1,591,174199078000000,174199078000000,174199078000000,2026-09-05T05:17:17.805548+00:00,,,640,480
daheng_sn_FDE23080341,580,174199109000000,174199109000000,174199109000000,2026-09-05T05:17:17.877704+00:00,6940,8546432300625,1920,1200
directshow_index_1,592,174199171000000,174199171000000,174199171000000,2026-09-05T05:17:17.896230+00:00,,,640,480
daheng_sn_FDE23080341,581,174199203000000,174199203000000,174199203000000,2026-09-05T05:17:17.976436+00:00,6952,8546524518225,1920,1200
directshow_index_1,593,174199265000000,174199265000000,174199265000000,2026-09-05T05:17:17.989279+00:00,,,640,480
daheng_sn_FDE23080341,582,174199296000000,174199296000000,174199296000000,2026-09-05T05:17:18.068645+00:00,6964,8546616735825,1920,1200
directshow_index_1,594,174199359000000,174199359000000,174199359000000,2026-09-05T05:17:18.084160+00:00,,,640,480
daheng_sn_FDE23080341,583,174199390000000,174199390000000,174199390000000,2026-09-05T05:17:18.159600+00:00,6977,8546716638225,1920,1200
directshow_index_1,595,174199453000000,174199453000000,174199453000000,2026-09-05T05:17:18.176604+00:00,,,640,480
daheng_sn_FDE23080341,584,174199484000000,174199484000000,174199484000000,2026-09-05T05:17:18.242501+00:00,6989,8546808855825,1920,1200
directshow_index_1,596,174199546000000,174199546000000,174199546000000,2026-09-05T05:17:18.274515+00:00,,,640,480
daheng_sn_FDE23080341,585,174199578000000,174199578000000,174199578000000,2026-09-05T05:17:18.341422+00:00,7001,8546901073425,1920,1200
directshow_index_1,597,174199640000000,174199640000000,174199640000000,2026-09-05T05:17:18.365421+00:00,,,640,480
daheng_sn_FDE23080341,586,174199671000000,174199671000000,174199671000000,2026-09-05T05:17:18.437833+00:00,7013,8546993291025,1920,1200
directshow_index_1,598,174199734000000,174199734000000,174199734000000,2026-09-05T05:17:18.458831+00:00,,,640,480
daheng_sn_FDE23080341,587,174199765000000,174199765000000,174199765000000,2026-09-05T05:17:18.533800+00:00,7026,8547093193425,1920,1200
directshow_index_1,599,174199828000000,174199828000000,174199828000000,2026-09-05T05:17:18.553803+00:00,,,640,480
daheng_sn_FDE23080341,588,174199859000000,174199859000000,174199859000000,2026-09-05T05:17:18.631658+00:00,7038,8547185411025,1920,1200
directshow_index_1,600,174199921000000,174199921000000,174199921000000,2026-09-05T05:17:18.650230+00:00,,,640,480
daheng_sn_FDE23080341,589,174199953000000,174199953000000,174199953000000,2026-09-05T05:17:18.720804+00:00,7051,8547285313425,1920,1200
directshow_index_1,601,174200015000000,174200015000000,174200015000000,2026-09-05T05:17:18.737802+00:00,,,640,480
daheng_sn_FDE23080341,590,174200046000000,174200046000000,174200046000000,2026-09-05T05:17:18.811510+00:00,7062,8547369846225,1920,1200
directshow_index_1,602,174200109000000,174200109000000,174200109000000,2026-09-05T05:17:18.837171+00:00,,,640,480
daheng_sn_FDE23080341,591,174200140000000,174200140000000,174200140000000,2026-09-05T05:17:18.904393+00:00,7074,8547462063825,1920,1200
directshow_index_1,603,174200203000000,174200203000000,174200203000000,2026-09-05T05:17:18.932126+00:00,,,640,480
daheng_sn_FDE23080341,592,174200234000000,174200234000000,174200234000000,2026-09-05T05:17:19.006530+00:00,7087,8547561966225,1920,1200
directshow_index_1,604,174200296000000,174200296000000,174200296000000,2026-09-05T05:17:19.020529+00:00,,,640,480
daheng_sn_FDE23080341,593,174200328000000,174200328000000,174200328000000,2026-09-05T05:17:19.102059+00:00,7099,8547654183825,1920,1200
directshow_index_1,605,174200390000000,174200390000000,174200390000000,2026-09-05T05:17:19.115053+00:00,,,640,480
daheng_sn_FDE23080341,594,174200421000000,174200421000000,174200421000000,2026-09-05T05:17:19.190109+00:00,7111,8547746401425,1920,1200
directshow_index_1,606,174200484000000,174200484000000,174200484000000,2026-09-05T05:17:19.209377+00:00,,,640,480
daheng_sn_FDE23080341,595,174200515000000,174200515000000,174200515000000,2026-09-05T05:17:19.281966+00:00,7123,8547838619025,1920,1200
directshow_index_1,607,174200578000000,174200578000000,174200578000000,2026-09-05T05:17:19.301481+00:00,,,640,480
daheng_sn_FDE23080341,596,174200609000000,174200609000000,174200609000000,2026-09-05T05:17:19.392020+00:00,7135,8547930836625,1920,1200
directshow_index_1,608,174200671000000,174200671000000,174200671000000,2026-09-05T05:17:19.397434+00:00,,,640,480
daheng_sn_FDE23080341,597,174200703000000,174200703000000,174200703000000,2026-09-05T05:17:19.476809+00:00,7148,8548030739025,1920,1200
directshow_index_1,609,174200765000000,174200765000000,174200765000000,2026-09-05T05:17:19.490335+00:00,,,640,480
daheng_sn_FDE23080341,598,174200796000000,174200796000000,174200796000000,2026-09-05T05:17:19.563839+00:00,7159,8548115271825,1920,1200
directshow_index_1,610,174200859000000,174200859000000,174200859000000,2026-09-05T05:17:19.582850+00:00,,,640,480
daheng_sn_FDE23080341,599,174200890000000,174200890000000,174200890000000,2026-09-05T05:17:19.658232+00:00,7172,8548215174225,1920,1200
directshow_index_1,611,174200953000000,174200953000000,174200953000000,2026-09-05T05:17:19.676227+00:00,,,640,480
daheng_sn_FDE23080341,600,174200984000000,174200984000000,174200984000000,2026-09-05T05:17:19.753115+00:00,7184,8548307391825,1920,1200
directshow_index_1,612,174201046000000,174201046000000,174201046000000,2026-09-05T05:17:19.771117+00:00,,,640,480
daheng_sn_FDE23080341,601,174201078000000,174201078000000,174201078000000,2026-09-05T05:17:19.850124+00:00,7197,8548407294225,1920,1200
directshow_index_1,613,174201140000000,174201140000000,174201140000000,2026-09-05T05:17:19.865122+00:00,,,640,480
daheng_sn_FDE23080341,602,174201171000000,174201171000000,174201171000000,2026-09-05T05:17:19.941555+00:00,7208,8548491827025,1920,1200
directshow_index_1,614,174201234000000,174201234000000,174201234000000,2026-09-05T05:17:19.959557+00:00,,,640,480
daheng_sn_FDE23080341,603,174201265000000,174201265000000,174201265000000,2026-09-05T05:17:20.031476+00:00,7221,8548591729425,1920,1200
directshow_index_1,615,174201328000000,174201328000000,174201328000000,2026-09-05T05:17:20.052464+00:00,,,640,480
daheng_sn_FDE23080341,604,174201359000000,174201359000000,174201359000000,2026-09-05T05:17:20.129090+00:00,7233,8548683947025,1920,1200
directshow_index_1,616,174201421000000,174201421000000,174201421000000,2026-09-05T05:17:20.145087+00:00,,,640,480
daheng_sn_FDE23080341,605,174201453000000,174201453000000,174201453000000,2026-09-05T05:17:20.224312+00:00,7245,8548776164625,1920,1200
directshow_index_1,617,174201515000000,174201515000000,174201515000000,2026-09-05T05:17:20.237309+00:00,,,640,480
daheng_sn_FDE23080341,606,174201546000000,174201546000000,174201546000000,2026-09-05T05:17:20.308056+00:00,7258,8548876067025,1920,1200
directshow_index_1,618,174201609000000,174201609000000,174201609000000,2026-09-05T05:17:20.338056+00:00,,,640,480
daheng_sn_FDE23080341,607,174201640000000,174201640000000,174201640000000,2026-09-05T05:17:20.404209+00:00,7270,8548968284625,1920,1200
directshow_index_1,619,174201703000000,174201703000000,174201703000000,2026-09-05T05:17:20.431793+00:00,,,640,480
daheng_sn_FDE23080341,608,174201734000000,174201734000000,174201734000000,2026-09-05T05:17:20.500999+00:00,7282,8549060502225,1920,1200
directshow_index_1,620,174201796000000,174201796000000,174201796000000,2026-09-05T05:17:20.519994+00:00,,,640,480
daheng_sn_FDE23080341,609,174201828000000,174201828000000,174201828000000,2026-09-05T05:17:20.592203+00:00,7294,8549152719825,1920,1200
directshow_index_1,621,174201890000000,174201890000000,174201890000000,2026-09-05T05:17:20.618211+00:00,,,640,480
daheng_sn_FDE23080341,610,174201921000000,174201921000000,174201921000000,2026-09-05T05:17:20.683191+00:00,7306,8549244937425,1920,1200
directshow_index_1,622,174201984000000,174201984000000,174201984000000,2026-09-05T05:17:20.712898+00:00,,,640,480
daheng_sn_FDE23080341,611,174202015000000,174202015000000,174202015000000,2026-09-05T05:17:20.783983+00:00,7319,8549344839825,1920,1200
directshow_index_1,623,174202078000000,174202078000000,174202078000000,2026-09-05T05:17:20.799497+00:00,,,640,480
daheng_sn_FDE23080341,612,174202109000000,174202109000000,174202109000000,2026-09-05T05:17:20.881895+00:00,7331,8549437057425,1920,1200
directshow_index_1,624,174202171000000,174202171000000,174202171000000,2026-09-05T05:17:20.899440+00:00,,,640,480
daheng_sn_FDE23080341,613,174202203000000,174202203000000,174202203000000,2026-09-05T05:17:20.968294+00:00,7343,8549529275025,1920,1200
directshow_index_1,625,174202265000000,174202265000000,174202265000000,2026-09-05T05:17:20.991606+00:00,,,640,480
daheng_sn_FDE23080341,614,174202296000000,174202296000000,174202296000000,2026-09-05T05:17:21.057342+00:00,7355,8549621492625,1920,1200
directshow_index_1,626,174202359000000,174202359000000,174202359000000,2026-09-05T05:17:21.081345+00:00,,,640,480
daheng_sn_FDE23080341,615,174202390000000,174202390000000,174202390000000,2026-09-05T05:17:21.152141+00:00,7367,8549713710225,1920,1200
directshow_index_1,627,174202453000000,174202453000000,174202453000000,2026-09-05T05:17:21.176139+00:00,,,640,480
daheng_sn_FDE23080341,616,174202484000000,174202484000000,174202484000000,2026-09-05T05:17:21.243468+00:00,7380,8549813612625,1920,1200
directshow_index_1,628,174202546000000,174202546000000,174202546000000,2026-09-05T05:17:21.274335+00:00,,,640,480
daheng_sn_FDE23080341,617,174202578000000,174202578000000,174202578000000,2026-09-05T05:17:21.331771+00:00,7392,8549905830225,1920,1200
directshow_index_1,629,174202640000000,174202640000000,174202640000000,2026-09-05T05:17:21.362315+00:00,,,640,480
daheng_sn_FDE23080341,618,174202671000000,174202671000000,174202671000000,2026-09-05T05:17:21.423245+00:00,7404,8549998047825,1920,1200
directshow_index_1,630,174202734000000,174202734000000,174202734000000,2026-09-05T05:17:21.460242+00:00,,,640,480
daheng_sn_FDE23080341,619,174202765000000,174202765000000,174202765000000,2026-09-05T05:17:21.518767+00:00,7416,8550090265425,1920,1200
directshow_index_1,631,174202828000000,174202828000000,174202828000000,2026-09-05T05:17:21.555012+00:00,,,640,480
daheng_sn_FDE23080341,620,174202859000000,174202859000000,174202859000000,2026-09-05T05:17:21.616597+00:00,7428,8550182483025,1920,1200
directshow_index_1,632,174202921000000,174202921000000,174202921000000,2026-09-05T05:17:21.653599+00:00,,,640,480
daheng_sn_FDE23080341,621,174202953000000,174202953000000,174202953000000,2026-09-05T05:17:21.707045+00:00,7440,8550274700625,1920,1200
directshow_index_1,633,174203015000000,174203015000000,174203015000000,2026-09-05T05:17:21.738789+00:00,,,640,480
daheng_sn_FDE23080341,622,174203046000000,174203046000000,174203046000000,2026-09-05T05:17:21.813926+00:00,7453,8550374603025,1920,1200
directshow_index_1,634,174203109000000,174203109000000,174203109000000,2026-09-05T05:17:21.831708+00:00,,,640,480
daheng_sn_FDE23080341,623,174203140000000,174203140000000,174203140000000,2026-09-05T05:17:21.899504+00:00,7465,8550466820625,1920,1200
directshow_index_1,635,174203203000000,174203203000000,174203203000000,2026-09-05T05:17:21.929688+00:00,,,640,480
daheng_sn_FDE23080341,624,174203234000000,174203234000000,174203234000000,2026-09-05T05:17:21.984642+00:00,7477,8550559038225,1920,1200
directshow_index_1,636,174203296000000,174203296000000,174203296000000,2026-09-05T05:17:22.022831+00:00,,,640,480
daheng_sn_FDE23080341,625,174203328000000,174203328000000,174203328000000,2026-09-05T05:17:22.081797+00:00,7489,8550651255825,1920,1200
directshow_index_1,637,174203390000000,174203390000000,174203390000000,2026-09-05T05:17:22.112253+00:00,,,640,480
daheng_sn_FDE23080341,626,174203421000000,174203421000000,174203421000000,2026-09-05T05:17:22.195549+00:00,7501,8550743473425,1920,1200
directshow_index_1,638,174203484000000,174203484000000,174203484000000,2026-09-05T05:17:22.211546+00:00,,,640,480
daheng_sn_FDE23080341,627,174203515000000,174203515000000,174203515000000,2026-09-05T05:17:22.270956+00:00,7514,8550843375825,1920,1200
directshow_index_1,639,174203578000000,174203578000000,174203578000000,2026-09-05T05:17:22.301811+00:00,,,640,480
daheng_sn_FDE23080341,628,174203609000000,174203609000000,174203609000000,2026-09-05T05:17:22.369096+00:00,7526,8550935593425,1920,1200
directshow_index_1,640,174203671000000,174203671000000,174203671000000,2026-09-05T05:17:22.392427+00:00,,,640,480
daheng_sn_FDE23080341,629,174203703000000,174203703000000,174203703000000,2026-09-05T05:17:22.452985+00:00,7538,8551027811025,1920,1200
directshow_index_1,641,174203765000000,174203765000000,174203765000000,2026-09-05T05:17:22.487754+00:00,,,640,480
daheng_sn_FDE23080341,630,174203796000000,174203796000000,174203796000000,2026-09-05T05:17:22.546214+00:00,7550,8551120028625,1920,1200
directshow_index_1,642,174203859000000,174203859000000,174203859000000,2026-09-05T05:17:22.585816+00:00,,,640,480
daheng_sn_FDE23080341,631,174203890000000,174203890000000,174203890000000,2026-09-05T05:17:22.637331+00:00,7563,8551219931025,1920,1200
directshow_index_1,643,174203953000000,174203953000000,174203953000000,2026-09-05T05:17:22.677261+00:00,,,640,480
daheng_sn_FDE23080341,632,174203984000000,174203984000000,174203984000000,2026-09-05T05:17:22.736478+00:00,7574,8551304463825,1920,1200
directshow_index_1,644,174204046000000,174204046000000,174204046000000,2026-09-05T05:17:22.769597+00:00,,,640,480
daheng_sn_FDE23080341,633,174204078000000,174204078000000,174204078000000,2026-09-05T05:17:22.828438+00:00,7587,8551404366225,1920,1200
directshow_index_1,645,174204140000000,174204140000000,174204140000000,2026-09-05T05:17:22.864330+00:00,,,640,480
daheng_sn_FDE23080341,634,174204171000000,174204171000000,174204171000000,2026-09-05T05:17:22.922693+00:00,7599,8551496583825,1920,1200
directshow_index_1,646,174204234000000,174204234000000,174204234000000,2026-09-05T05:17:22.955172+00:00,,,640,480
daheng_sn_FDE23080341,635,174204265000000,174204265000000,174204265000000,2026-09-05T05:17:23.010679+00:00,7611,8551588801425,1920,1200
directshow_index_1,647,174204328000000,174204328000000,174204328000000,2026-09-05T05:17:23.053508+00:00,,,640,480
daheng_sn_FDE23080341,636,174204359000000,174204359000000,174204359000000,2026-09-05T05:17:23.102572+00:00,7623,8551681019025,1920,1200
directshow_index_1,648,174204421000000,174204421000000,174204421000000,2026-09-05T05:17:23.143190+00:00,,,640,480
daheng_sn_FDE23080341,637,174204453000000,174204453000000,174204453000000,2026-09-05T05:17:23.198391+00:00,7636,8551780921425,1920,1200
directshow_index_1,649,174204515000000,174204515000000,174204515000000,2026-09-05T05:17:23.240024+00:00,,,640,480
daheng_sn_FDE23080341,638,174204546000000,174204546000000,174204546000000,2026-09-05T05:17:23.301203+00:00,7647,8551865454225,1920,1200
directshow_index_1,650,174204609000000,174204609000000,174204609000000,2026-09-05T05:17:23.331099+00:00,,,640,480
daheng_sn_FDE23080341,639,174204640000000,174204640000000,174204640000000,2026-09-05T05:17:23.388609+00:00,7660,8551965356625,1920,1200
directshow_index_1,651,174204703000000,174204703000000,174204703000000,2026-09-05T05:17:23.437049+00:00,,,640,480
daheng_sn_FDE23080341,640,174204734000000,174204734000000,174204734000000,2026-09-05T05:17:23.494462+00:00,7672,8552057574225,1920,1200
directshow_index_1,652,174204796000000,174204796000000,174204796000000,2026-09-05T05:17:23.524180+00:00,,,640,480
daheng_sn_FDE23080341,641,174204828000000,174204828000000,174204828000000,2026-09-05T05:17:23.596817+00:00,7684,8552149791825,1920,1200
directshow_index_1,653,174204890000000,174204890000000,174204890000000,2026-09-05T05:17:23.617538+00:00,,,640,480
daheng_sn_FDE23080341,642,174204921000000,174204921000000,174204921000000,2026-09-05T05:17:23.693106+00:00,7696,8552242009425,1920,1200
directshow_index_1,654,174204984000000,174204984000000,174204984000000,2026-09-05T05:17:23.712106+00:00,,,640,480
daheng_sn_FDE23080341,643,174205015000000,174205015000000,174205015000000,2026-09-05T05:17:23.776896+00:00,7709,8552341911825,1920,1200
directshow_index_1,655,174205078000000,174205078000000,174205078000000,2026-09-05T05:17:23.807424+00:00,,,640,480
daheng_sn_FDE23080341,644,174205109000000,174205109000000,174205109000000,2026-09-05T05:17:23.870330+00:00,7721,8552434129425,1920,1200
directshow_index_1,656,174205171000000,174205171000000,174205171000000,2026-09-05T05:17:23.892230+00:00,,,640,480
daheng_sn_FDE23080341,645,174205203000000,174205203000000,174205203000000,2026-09-05T05:17:23.959582+00:00,7733,8552526347025,1920,1200
directshow_index_1,657,174205265000000,174205265000000,174205265000000,2026-09-05T05:17:23.988747+00:00,,,640,480
daheng_sn_FDE23080341,646,174205296000000,174205296000000,174205296000000,2026-09-05T05:17:24.052195+00:00,7745,8552618564625,1920,1200
directshow_index_1,658,174205359000000,174205359000000,174205359000000,2026-09-05T05:17:24.081718+00:00,,,640,480
daheng_sn_FDE23080341,647,174205390000000,174205390000000,174205390000000,2026-09-05T05:17:24.141597+00:00,7757,8552710782225,1920,1200
directshow_index_1,659,174205453000000,174205453000000,174205453000000,2026-09-05T05:17:24.174559+00:00,,,640,480
daheng_sn_FDE23080341,648,174205484000000,174205484000000,174205484000000,2026-09-05T05:17:24.241105+00:00,7770,8552810684625,1920,1200
directshow_index_1,660,174205546000000,174205546000000,174205546000000,2026-09-05T05:17:24.270840+00:00,,,640,480
daheng_sn_FDE23080341,649,174205578000000,174205578000000,174205578000000,2026-09-05T05:17:24.331459+00:00,7782,8552902902225,1920,1200
directshow_index_1,661,174205640000000,174205640000000,174205640000000,2026-09-05T05:17:24.363458+00:00,,,640,480
daheng_sn_FDE23080341,650,174205671000000,174205671000000,174205671000000,2026-09-05T05:17:24.424243+00:00,7794,8552995119825,1920,1200
directshow_index_1,662,174205734000000,174205734000000,174205734000000,2026-09-05T05:17:24.455013+00:00,,,640,480
daheng_sn_FDE23080341,651,174205765000000,174205765000000,174205765000000,2026-09-05T05:17:24.523763+00:00,7806,8553087337425,1920,1200
directshow_index_1,663,174205828000000,174205828000000,174205828000000,2026-09-05T05:17:24.548938+00:00,,,640,480
daheng_sn_FDE23080341,652,174205859000000,174205859000000,174205859000000,2026-09-05T05:17:24.612801+00:00,7819,8553187239825,1920,1200
directshow_index_1,664,174205921000000,174205921000000,174205921000000,2026-09-05T05:17:24.646611+00:00,,,640,480
daheng_sn_FDE23080341,653,174205953000000,174205953000000,174205953000000,2026-09-05T05:17:24.709894+00:00,7831,8553279457425,1920,1200
directshow_index_1,665,174206015000000,174206015000000,174206015000000,2026-09-05T05:17:24.737489+00:00,,,640,480
daheng_sn_FDE23080341,654,174206046000000,174206046000000,174206046000000,2026-09-05T05:17:24.803423+00:00,7843,8553371675025,1920,1200
directshow_index_1,666,174206109000000,174206109000000,174206109000000,2026-09-05T05:17:24.837068+00:00,,,640,480
daheng_sn_FDE23080341,655,174206140000000,174206140000000,174206140000000,2026-09-05T05:17:24.893164+00:00,7855,8553463892625,1920,1200
directshow_index_1,667,174206203000000,174206203000000,174206203000000,2026-09-05T05:17:24.928003+00:00,,,640,480
daheng_sn_FDE23080341,656,174206234000000,174206234000000,174206234000000,2026-09-05T05:17:24.989503+00:00,7868,8553563795025,1920,1200
directshow_index_1,668,174206296000000,174206296000000,174206296000000,2026-09-05T05:17:25.020029+00:00,,,640,480
daheng_sn_FDE23080341,657,174206328000000,174206343000000,174206335500000,2026-09-05T05:17:25.097464+00:00,7879,8553648327825,1920,1200
directshow_index_1,669,174206390000000,174206390000000,174206390000000,2026-09-05T05:17:25.116474+00:00,,,640,480
daheng_sn_FDE23080341,658,174206421000000,174206421000000,174206421000000,2026-09-05T05:17:25.177474+00:00,7892,8553748230225,1920,1200
directshow_index_1,670,174206484000000,174206484000000,174206484000000,2026-09-05T05:17:25.210228+00:00,,,640,480
daheng_sn_FDE23080341,659,174206515000000,174206515000000,174206515000000,2026-09-05T05:17:25.270554+00:00,7904,8553840447825,1920,1200
directshow_index_1,671,174206578000000,174206578000000,174206578000000,2026-09-05T05:17:25.301874+00:00,,,640,480
daheng_sn_FDE23080341,660,174206609000000,174206609000000,174206609000000,2026-09-05T05:17:25.364022+00:00,7916,8553932665425,1920,1200
directshow_index_1,672,174206671000000,174206671000000,174206671000000,2026-09-05T05:17:25.391742+00:00,,,640,480
daheng_sn_FDE23080341,661,174206703000000,174206703000000,174206703000000,2026-09-05T05:17:25.457211+00:00,7928,8554024883025,1920,1200
directshow_index_1,673,174206765000000,174206765000000,174206765000000,2026-09-05T05:17:25.489342+00:00,,,640,480
daheng_sn_FDE23080341,662,174206796000000,174206796000000,174206796000000,2026-09-05T05:17:25.553387+00:00,7941,8554124785425,1920,1200
directshow_index_1,674,174206859000000,174206859000000,174206859000000,2026-09-05T05:17:25.582396+00:00,,,640,480
daheng_sn_FDE23080341,663,174206890000000,174206890000000,174206890000000,2026-09-05T05:17:25.646193+00:00,7953,8554217003025,1920,1200
directshow_index_1,675,174206953000000,174206953000000,174206953000000,2026-09-05T05:17:25.674738+00:00,,,640,480
daheng_sn_FDE23080341,664,174206984000000,174206984000000,174206984000000,2026-09-05T05:17:25.749834+00:00,7965,8554309220625,1920,1200
directshow_index_1,676,174207046000000,174207046000000,174207046000000,2026-09-05T05:17:25.774534+00:00,,,640,480
daheng_sn_FDE23080341,665,174207078000000,174207078000000,174207078000000,2026-09-05T05:17:25.838368+00:00,7978,8554409123025,1920,1200
directshow_index_1,677,174207140000000,174207140000000,174207140000000,2026-09-05T05:17:25.864348+00:00,,,640,480
daheng_sn_FDE23080341,666,174207171000000,174207171000000,174207171000000,2026-09-05T05:17:25.931838+00:00,7989,8554493655825,1920,1200
directshow_index_1,678,174207234000000,174207234000000,174207234000000,2026-09-05T05:17:25.956408+00:00,,,640,480
daheng_sn_FDE23080341,667,174207265000000,174207265000000,174207265000000,2026-09-05T05:17:26.022026+00:00,8002,8554593558225,1920,1200
directshow_index_1,679,174207328000000,174207328000000,174207328000000,2026-09-05T05:17:26.050200+00:00,,,640,480
daheng_sn_FDE23080341,668,174207359000000,174207359000000,174207359000000,2026-09-05T05:17:26.121556+00:00,8015,8554693460625,1920,1200
directshow_index_1,680,174207421000000,174207421000000,174207421000000,2026-09-05T05:17:26.156627+00:00,,,640,480
daheng_sn_FDE23080341,669,174207453000000,174207453000000,174207453000000,2026-09-05T05:17:26.218477+00:00,8026,8554777993425,1920,1200
directshow_index_1,681,174207515000000,174207515000000,174207515000000,2026-09-05T05:17:26.236477+00:00,,,640,480
daheng_sn_FDE23080341,670,174207546000000,174207546000000,174207546000000,2026-09-05T05:17:26.314384+00:00,8038,8554870211025,1920,1200
directshow_index_1,682,174207609000000,174207609000000,174207609000000,2026-09-05T05:17:26.337077+00:00,,,640,480
daheng_sn_FDE23080341,671,174207640000000,174207640000000,174207640000000,2026-09-05T05:17:26.407362+00:00,8050,8554962428625,1920,1200
directshow_index_1,683,174207703000000,174207703000000,174207703000000,2026-09-05T05:17:26.430041+00:00,,,640,480
daheng_sn_FDE23080341,672,174207734000000,174207734000000,174207734000000,2026-09-05T05:17:26.496646+00:00,8063,8555062331025,1920,1200
directshow_index_1,684,174207796000000,174207796000000,174207796000000,2026-09-05T05:17:26.525007+00:00,,,640,480
daheng_sn_FDE23080341,673,174207828000000,174207828000000,174207828000000,2026-09-05T05:17:26.594753+00:00,8075,8555154548625,1920,1200
directshow_index_1,685,174207890000000,174207890000000,174207890000000,2026-09-05T05:17:26.615553+00:00,,,640,480
daheng_sn_FDE23080341,674,174207921000000,174207921000000,174207921000000,2026-09-05T05:17:26.687699+00:00,8087,8555246766225,1920,1200
directshow_index_1,686,174207984000000,174207984000000,174207984000000,2026-09-05T05:17:26.719756+00:00,,,640,480
daheng_sn_FDE23080341,675,174208015000000,174208015000000,174208015000000,2026-09-05T05:17:26.781771+00:00,8100,8555346668625,1920,1200
directshow_index_1,687,174208078000000,174208078000000,174208078000000,2026-09-05T05:17:26.804176+00:00,,,640,480
daheng_sn_FDE23080341,676,174208109000000,174208109000000,174208109000000,2026-09-05T05:17:26.878651+00:00,8111,8555431201425,1920,1200
directshow_index_1,688,174208171000000,174208171000000,174208171000000,2026-09-05T05:17:26.897966+00:00,,,640,480
daheng_sn_FDE23080341,677,174208203000000,174208203000000,174208203000000,2026-09-05T05:17:26.973499+00:00,8124,8555531103825,1920,1200
directshow_index_1,689,174208265000000,174208265000000,174208265000000,2026-09-05T05:17:26.989580+00:00,,,640,480
daheng_sn_FDE23080341,678,174208296000000,174208296000000,174208296000000,2026-09-05T05:17:27.058027+00:00,8135,8555615636625,1920,1200
directshow_index_1,690,174208359000000,174208359000000,174208359000000,2026-09-05T05:17:27.084049+00:00,,,640,480
daheng_sn_FDE23080341,679,174208390000000,174208390000000,174208390000000,2026-09-05T05:17:27.157749+00:00,8148,8555715539025,1920,1200
directshow_index_1,691,174208453000000,174208453000000,174208453000000,2026-09-05T05:17:27.176529+00:00,,,640,480
daheng_sn_FDE23080341,680,174208484000000,174208484000000,174208484000000,2026-09-05T05:17:27.249741+00:00,8161,8555815441425,1920,1200
directshow_index_1,692,174208546000000,174208546000000,174208546000000,2026-09-05T05:17:27.284413+00:00,,,640,480
daheng_sn_FDE23080341,681,174208578000000,174208578000000,174208578000000,2026-09-05T05:17:27.344503+00:00,8173,8555907659025,1920,1200
directshow_index_1,693,174208640000000,174208640000000,174208640000000,2026-09-05T05:17:27.363584+00:00,,,640,480
daheng_sn_FDE23080341,682,174208671000000,174208671000000,174208671000000,2026-09-05T05:17:27.434843+00:00,8185,8555999876625,1920,1200
directshow_index_1,694,174208734000000,174208734000000,174208734000000,2026-09-05T05:17:27.455837+00:00,,,640,480
daheng_sn_FDE23080341,683,174208765000000,174208765000000,174208765000000,2026-09-05T05:17:27.532464+00:00,8197,8556092094225,1920,1200
directshow_index_1,695,174208828000000,174208828000000,174208828000000,2026-09-05T05:17:27.551468+00:00,,,640,480
daheng_sn_FDE23080341,684,174208859000000,174208859000000,174208859000000,2026-09-05T05:17:27.628819+00:00,8209,8556184311825,1920,1200
directshow_index_1,696,174208921000000,174208921000000,174208921000000,2026-09-05T05:17:27.645523+00:00,,,640,480
daheng_sn_FDE23080341,685,174208953000000,174208953000000,174208953000000,2026-09-05T05:17:27.714018+00:00,8221,8556276529425,1920,1200
directshow_index_1,697,174209015000000,174209015000000,174209015000000,2026-09-05T05:17:27.743595+00:00,,,640,480
daheng_sn_FDE23080341,686,174209046000000,174209046000000,174209046000000,2026-09-05T05:17:27.816127+00:00,8233,8556368747025,1920,1200
directshow_index_1,698,174209109000000,174209109000000,174209109000000,2026-09-05T05:17:27.834770+00:00,,,640,480
daheng_sn_FDE23080341,687,174209140000000,174209140000000,174209140000000,2026-09-05T05:17:27.908350+00:00,8246,8556468649425,1920,1200
directshow_index_1,699,174209203000000,174209203000000,174209203000000,2026-09-05T05:17:27.928006+00:00,,,640,480
daheng_sn_FDE23080341,688,174209234000000,174209234000000,174209234000000,2026-09-05T05:17:28.001274+00:00,8258,8556560867025,1920,1200
directshow_index_1,700,174209296000000,174209296000000,174209296000000,2026-09-05T05:17:28.022618+00:00,,,640,480
daheng_sn_FDE23080341,689,174209328000000,174209328000000,174209328000000,2026-09-05T05:17:28.096791+00:00,8270,8556653084625,1920,1200
directshow_index_1,701,174209390000000,174209390000000,174209390000000,2026-09-05T05:17:28.117317+00:00,,,640,480
daheng_sn_FDE23080341,690,174209421000000,174209421000000,174209421000000,2026-09-05T05:17:28.190873+00:00,8282,8556745302225,1920,1200
directshow_index_1,702,174209484000000,174209484000000,174209484000000,2026-09-05T05:17:28.210387+00:00,,,640,480
daheng_sn_FDE23080341,691,174209515000000,174209515000000,174209515000000,2026-09-05T05:17:28.276868+00:00,8295,8556845204625,1920,1200
directshow_index_1,703,174209578000000,174209578000000,174209578000000,2026-09-05T05:17:28.302399+00:00,,,640,480
daheng_sn_FDE23080341,692,174209609000000,174209609000000,174209609000000,2026-09-05T05:17:28.373359+00:00,8307,8556937422225,1920,1200
directshow_index_1,704,174209671000000,174209671000000,174209671000000,2026-09-05T05:17:28.396367+00:00,,,640,480
daheng_sn_FDE23080341,693,174209703000000,174209703000000,174209703000000,2026-09-05T05:17:28.465498+00:00,8319,8557029639825,1920,1200
directshow_index_1,705,174209765000000,174209765000000,174209765000000,2026-09-05T05:17:28.491143+00:00,,,640,480
daheng_sn_FDE23080341,694,174209796000000,174209796000000,174209796000000,2026-09-05T05:17:28.567135+00:00,8331,8557121857425,1920,1200
directshow_index_1,706,174209859000000,174209859000000,174209859000000,2026-09-05T05:17:28.588394+00:00,,,640,480
daheng_sn_FDE23080341,695,174209890000000,174209890000000,174209890000000,2026-09-05T05:17:28.653921+00:00,8343,8557214075025,1920,1200
directshow_index_1,707,174209953000000,174209953000000,174209953000000,2026-09-05T05:17:28.682809+00:00,,,640,480
daheng_sn_FDE23080341,696,174209984000000,174209984000000,174209984000000,2026-09-05T05:17:28.761081+00:00,8355,8557306292625,1920,1200
directshow_index_1,708,174210046000000,174210046000000,174210046000000,2026-09-05T05:17:28.771882+00:00,,,640,480
daheng_sn_FDE23080341,697,174210078000000,174210078000000,174210078000000,2026-09-05T05:17:28.855834+00:00,8368,8557406195025,1920,1200
directshow_index_1,709,174210140000000,174210140000000,174210140000000,2026-09-05T05:17:28.865843+00:00,,,640,480
daheng_sn_FDE23080341,698,174210171000000,174210171000000,174210171000000,2026-09-05T05:17:28.946362+00:00,8380,8557498412625,1920,1200
directshow_index_1,710,174210234000000,174210234000000,174210234000000,2026-09-05T05:17:28.962528+00:00,,,640,480
daheng_sn_FDE23080341,699,174210265000000,174210265000000,174210265000000,2026-09-05T05:17:29.037734+00:00,8392,8557590630225,1920,1200
directshow_index_1,711,174210328000000,174210328000000,174210328000000,2026-09-05T05:17:29.050728+00:00,,,640,480
daheng_sn_FDE23080341,700,174210359000000,174210359000000,174210359000000,2026-09-05T05:17:29.132319+00:00,8404,8557682847825,1920,1200
directshow_index_1,712,174210421000000,174210421000000,174210421000000,2026-09-05T05:17:29.151257+00:00,,,640,480
daheng_sn_FDE23080341,701,174210453000000,174210453000000,174210453000000,2026-09-05T05:17:29.224649+00:00,8417,8557782750225,1920,1200
directshow_index_1,713,174210515000000,174210515000000,174210515000000,2026-09-05T05:17:29.237327+00:00,,,640,480
daheng_sn_FDE23080341,702,174210546000000,174210546000000,174210546000000,2026-09-05T05:17:29.312448+00:00,8428,8557867283025,1920,1200
directshow_index_1,714,174210609000000,174210609000000,174210609000000,2026-09-05T05:17:29.333622+00:00,,,640,480
daheng_sn_FDE23080341,703,174210640000000,174210640000000,174210640000000,2026-09-05T05:17:29.409760+00:00,8441,8557967185425,1920,1200
directshow_index_1,715,174210703000000,174210703000000,174210703000000,2026-09-05T05:17:29.428834+00:00,,,640,480
daheng_sn_FDE23080341,704,174210734000000,174210734000000,174210734000000,2026-09-05T05:17:29.505331+00:00,8453,8558059403025,1920,1200
directshow_index_1,716,174210796000000,174210796000000,174210796000000,2026-09-05T05:17:29.526351+00:00,,,640,480
daheng_sn_FDE23080341,705,174210828000000,174210828000000,174210828000000,2026-09-05T05:17:29.594663+00:00,8465,8558151620625,1920,1200
directshow_index_1,717,174210890000000,174210890000000,174210890000000,2026-09-05T05:17:29.615001+00:00,,,640,480
daheng_sn_FDE23080341,706,174210921000000,174210937000000,174210929000000,2026-09-05T05:17:29.703862+00:00,8477,8558243838225,1920,1200
directshow_index_1,718,174210984000000,174210984000000,174210984000000,2026-09-05T05:17:29.710239+00:00,,,640,480
daheng_sn_FDE23080341,707,174211015000000,174211015000000,174211015000000,2026-09-05T05:17:29.787677+00:00,8490,8558343740625,1920,1200
directshow_index_1,719,174211078000000,174211078000000,174211078000000,2026-09-05T05:17:29.802869+00:00,,,640,480
daheng_sn_FDE23080341,708,174211109000000,174211109000000,174211109000000,2026-09-05T05:17:29.878268+00:00,8502,8558435958225,1920,1200
directshow_index_1,720,174211171000000,174211171000000,174211171000000,2026-09-05T05:17:29.897863+00:00,,,640,480
daheng_sn_FDE23080341,709,174211203000000,174211203000000,174211203000000,2026-09-05T05:17:29.971049+00:00,8514,8558528175825,1920,1200
directshow_index_1,721,174211265000000,174211265000000,174211265000000,2026-09-05T05:17:29.990028+00:00,,,640,480
daheng_sn_FDE23080341,710,174211296000000,174211296000000,174211296000000,2026-09-05T05:17:30.064072+00:00,8526,8558620393425,1920,1200
directshow_index_1,722,174211359000000,174211359000000,174211359000000,2026-09-05T05:17:30.082903+00:00,,,640,480
daheng_sn_FDE23080341,711,174211390000000,174211390000000,174211390000000,2026-09-05T05:17:30.148883+00:00,8538,8558712611025,1920,1200
directshow_index_1,723,174211453000000,174211453000000,174211453000000,2026-09-05T05:17:30.176887+00:00,,,640,480
daheng_sn_FDE23080341,712,174211484000000,174211484000000,174211484000000,2026-09-05T05:17:30.246980+00:00,8551,8558812513425,1920,1200
directshow_index_1,724,174211546000000,174211546000000,174211546000000,2026-09-05T05:17:30.273983+00:00,,,640,480
daheng_sn_FDE23080341,713,174211578000000,174211578000000,174211578000000,2026-09-05T05:17:30.334888+00:00,8563,8558904731025,1920,1200
directshow_index_1,725,174211640000000,174211640000000,174211640000000,2026-09-05T05:17:30.367062+00:00,,,640,480
daheng_sn_FDE23080341,714,174211671000000,174211671000000,174211671000000,2026-09-05T05:17:30.439718+00:00,8575,8558996948625,1920,1200
directshow_index_1,726,174211734000000,174211734000000,174211734000000,2026-09-05T05:17:30.463592+00:00,,,640,480
daheng_sn_FDE23080341,715,174211765000000,174211765000000,174211765000000,2026-09-05T05:17:30.529017+00:00,8588,8559096851025,1920,1200
directshow_index_1,727,174211828000000,174211828000000,174211828000000,2026-09-05T05:17:30.555153+00:00,,,640,480
daheng_sn_FDE23080341,716,174211859000000,174211859000000,174211859000000,2026-09-05T05:17:30.628742+00:00,8599,8559181383825,1920,1200
directshow_index_1,728,174211921000000,174211921000000,174211921000000,2026-09-05T05:17:30.648742+00:00,,,640,480
daheng_sn_FDE23080341,717,174211953000000,174211953000000,174211953000000,2026-09-05T05:17:30.722623+00:00,8613,8559288971025,1920,1200
directshow_index_1,729,174212015000000,174212015000000,174212015000000,2026-09-05T05:17:30.741238+00:00,,,640,480
daheng_sn_FDE23080341,718,174212046000000,174212046000000,174212046000000,2026-09-05T05:17:30.814074+00:00,8624,8559373503825,1920,1200
directshow_index_1,730,174212109000000,174212109000000,174212109000000,2026-09-05T05:17:30.831106+00:00,,,640,480
daheng_sn_FDE23080341,719,174212140000000,174212140000000,174212140000000,2026-09-05T05:17:30.904988+00:00,8636,8559465721425,1920,1200
directshow_index_1,731,174212203000000,174212203000000,174212203000000,2026-09-05T05:17:30.932063+00:00,,,640,480
daheng_sn_FDE23080341,720,174212234000000,174212234000000,174212234000000,2026-09-05T05:17:30.986036+00:00,8648,8559557939025,1920,1200
directshow_index_1,732,174212296000000,174212296000000,174212296000000,2026-09-05T05:17:31.022225+00:00,,,640,480
daheng_sn_FDE23080341,721,174212328000000,174212328000000,174212328000000,2026-09-05T05:17:31.088967+00:00,8661,8559657841425,1920,1200
directshow_index_1,733,174212390000000,174212390000000,174212390000000,2026-09-05T05:17:31.113604+00:00,,,640,480
daheng_sn_FDE23080341,722,174212421000000,174212421000000,174212421000000,2026-09-05T05:17:31.170446+00:00,8673,8559750059025,1920,1200
directshow_index_1,734,174212484000000,174212484000000,174212484000000,2026-09-05T05:17:31.205214+00:00,,,640,480
daheng_sn_FDE23080341,723,174212515000000,174212515000000,174212515000000,2026-09-05T05:17:31.264073+00:00,8685,8559842276625,1920,1200
directshow_index_1,735,174212578000000,174212578000000,174212578000000,2026-09-05T05:17:31.305034+00:00,,,640,480
daheng_sn_FDE23080341,724,174212609000000,174212609000000,174212609000000,2026-09-05T05:17:31.359147+00:00,8697,8559934494225,1920,1200
directshow_index_1,736,174212671000000,174212671000000,174212671000000,2026-09-05T05:17:31.394168+00:00,,,640,480
daheng_sn_FDE23080341,725,174212703000000,174212703000000,174212703000000,2026-09-05T05:17:31.458381+00:00,8709,8560026711825,1920,1200
directshow_index_1,737,174212765000000,174212765000000,174212765000000,2026-09-05T05:17:31.489245+00:00,,,640,480
daheng_sn_FDE23080341,726,174212796000000,174212796000000,174212796000000,2026-09-05T05:17:31.544244+00:00,8721,8560118929425,1920,1200
directshow_index_1,738,174212859000000,174212859000000,174212859000000,2026-09-05T05:17:31.580176+00:00,,,640,480
daheng_sn_FDE23080341,727,174212890000000,174212890000000,174212890000000,2026-09-05T05:17:31.642606+00:00,8734,8560218831825,1920,1200
directshow_index_1,739,174212953000000,174212953000000,174212953000000,2026-09-05T05:17:31.677231+00:00,,,640,480
daheng_sn_FDE23080341,728,174212984000000,174212984000000,174212984000000,2026-09-05T05:17:31.731276+00:00,8746,8560311049425,1920,1200
directshow_index_1,740,174213046000000,174213046000000,174213046000000,2026-09-05T05:17:31.766284+00:00,,,640,480
daheng_sn_FDE23080341,729,174213078000000,174213078000000,174213078000000,2026-09-05T05:17:31.828231+00:00,8758,8560403267025,1920,1200
directshow_index_1,741,174213140000000,174213140000000,174213140000000,2026-09-05T05:17:31.861198+00:00,,,640,480
daheng_sn_FDE23080341,730,174213171000000,174213171000000,174213171000000,2026-09-05T05:17:31.918342+00:00,8770,8560495484625,1920,1200
directshow_index_1,742,174213234000000,174213234000000,174213234000000,2026-09-05T05:17:31.958909+00:00,,,640,480
daheng_sn_FDE23080341,731,174213265000000,174213265000000,174213265000000,2026-09-05T05:17:32.018106+00:00,8782,8560587702225,1920,1200
directshow_index_1,743,174213328000000,174213328000000,174213328000000,2026-09-05T05:17:32.060788+00:00,,,640,480
daheng_sn_FDE23080341,732,174213359000000,174213359000000,174213359000000,2026-09-05T05:17:32.104988+00:00,8794,8560679919825,1920,1200
directshow_index_1,744,174213421000000,174213421000000,174213421000000,2026-09-05T05:17:32.145220+00:00,,,640,480
daheng_sn_FDE23080341,733,174213453000000,174213453000000,174213453000000,2026-09-05T05:17:32.199878+00:00,8807,8560779822225,1920,1200
directshow_index_1,745,174213515000000,174213515000000,174213515000000,2026-09-05T05:17:32.235078+00:00,,,640,480
daheng_sn_FDE23080341,734,174213546000000,174213546000000,174213546000000,2026-09-05T05:17:32.298928+00:00,8819,8560872039825,1920,1200
directshow_index_1,746,174213609000000,174213609000000,174213609000000,2026-09-05T05:17:32.332314+00:00,,,640,480
daheng_sn_FDE23080341,735,174213640000000,174213640000000,174213640000000,2026-09-05T05:17:32.390647+00:00,8831,8560964257425,1920,1200
directshow_index_1,747,174213703000000,174213703000000,174213703000000,2026-09-05T05:17:32.426773+00:00,,,640,480
daheng_sn_FDE23080341,736,174213734000000,174213734000000,174213734000000,2026-09-05T05:17:32.482573+00:00,8844,8561064159825,1920,1200
directshow_index_1,748,174213796000000,174213796000000,174213796000000,2026-09-05T05:17:32.519758+00:00,,,640,480
daheng_sn_FDE23080341,737,174213828000000,174213828000000,174213828000000,2026-09-05T05:17:32.589792+00:00,8855,8561148692625,1920,1200
directshow_index_1,749,174213890000000,174213890000000,174213890000000,2026-09-05T05:17:32.627320+00:00,,,640,480
daheng_sn_FDE23080341,738,174213921000000,174213921000000,174213921000000,2026-09-05T05:17:32.690789+00:00,8868,8561248595025,1920,1200
directshow_index_1,750,174213984000000,174213984000000,174213984000000,2026-09-05T05:17:32.712111+00:00,,,640,480
daheng_sn_FDE23080341,739,174214015000000,174214015000000,174214015000000,2026-09-05T05:17:32.775844+00:00,8880,8561340812625,1920,1200
directshow_index_1,751,174214078000000,174214078000000,174214078000000,2026-09-05T05:17:32.805227+00:00,,,640,480
daheng_sn_FDE23080341,740,174214109000000,174214109000000,174214109000000,2026-09-05T05:17:32.869418+00:00,8892,8561433030225,1920,1200
directshow_index_1,752,174214171000000,174214171000000,174214171000000,2026-09-05T05:17:32.895969+00:00,,,640,480
daheng_sn_FDE23080341,741,174214203000000,174214203000000,174214203000000,2026-09-05T05:17:32.955067+00:00,8904,8561525247825,1920,1200
directshow_index_1,753,174214265000000,174214265000000,174214265000000,2026-09-05T05:17:32.986777+00:00,,,640,480
daheng_sn_FDE23080341,742,174214296000000,174214296000000,174214296000000,2026-09-05T05:17:33.060646+00:00,8917,8561625150225,1920,1200
directshow_index_1,754,174214359000000,174214359000000,174214359000000,2026-09-05T05:17:33.085356+00:00,,,640,480
daheng_sn_FDE23080341,743,174214390000000,174214390000000,174214390000000,2026-09-05T05:17:33.150803+00:00,8929,8561717367825,1920,1200
directshow_index_1,755,174214453000000,174214453000000,174214453000000,2026-09-05T05:17:33.177937+00:00,,,640,480
daheng_sn_FDE23080341,744,174214484000000,174214484000000,174214484000000,2026-09-05T05:17:33.238423+00:00,8941,8561809585425,1920,1200
directshow_index_1,756,174214546000000,174214546000000,174214546000000,2026-09-05T05:17:33.270230+00:00,,,640,480
daheng_sn_FDE23080341,745,174214578000000,174214578000000,174214578000000,2026-09-05T05:17:33.331882+00:00,8953,8561901803025,1920,1200
directshow_index_1,757,174214640000000,174214640000000,174214640000000,2026-09-05T05:17:33.365194+00:00,,,640,480
daheng_sn_FDE23080341,746,174214671000000,174214671000000,174214671000000,2026-09-05T05:17:33.415641+00:00,8965,8561994020625,1920,1200
directshow_index_1,758,174214734000000,174214734000000,174214734000000,2026-09-05T05:17:33.455655+00:00,,,640,480
daheng_sn_FDE23080341,747,174214765000000,174214765000000,174214765000000,2026-09-05T05:17:33.510891+00:00,8977,8562086238225,1920,1200
directshow_index_1,759,174214828000000,174214828000000,174214828000000,2026-09-05T05:17:33.553689+00:00,,,640,480
daheng_sn_FDE23080341,748,174214859000000,174214859000000,174214859000000,2026-09-05T05:17:33.601458+00:00,8990,8562186140625,1920,1200
directshow_index_1,760,174214921000000,174214921000000,174214921000000,2026-09-05T05:17:33.642763+00:00,,,640,480
daheng_sn_FDE23080341,749,174214953000000,174214953000000,174214953000000,2026-09-05T05:17:33.693789+00:00,9002,8562278358225,1920,1200
directshow_index_1,761,174215015000000,174215015000000,174215015000000,2026-09-05T05:17:33.741414+00:00,,,640,480
daheng_sn_FDE23080341,750,174215046000000,174215046000000,174215046000000,2026-09-05T05:17:33.792859+00:00,9014,8562370575825,1920,1200
directshow_index_1,762,174215109000000,174215109000000,174215109000000,2026-09-05T05:17:33.832274+00:00,,,640,480
daheng_sn_FDE23080341,751,174215140000000,174215140000000,174215140000000,2026-09-05T05:17:33.882314+00:00,9026,8562462793425,1920,1200
directshow_index_1,763,174215203000000,174215203000000,174215203000000,2026-09-05T05:17:33.928674+00:00,,,640,480
daheng_sn_FDE23080341,752,174215234000000,174215234000000,174215234000000,2026-09-05T05:17:33.972125+00:00,9038,8562555011025,1920,1200
directshow_index_1,764,174215296000000,174215296000000,174215296000000,2026-09-05T05:17:34.020638+00:00,,,640,480
daheng_sn_FDE23080341,753,174215328000000,174215328000000,174215328000000,2026-09-05T05:17:34.073001+00:00,9051,8562654913425,1920,1200
directshow_index_1,765,174215390000000,174215390000000,174215390000000,2026-09-05T05:17:34.115514+00:00,,,640,480
daheng_sn_FDE23080341,754,174215421000000,174215421000000,174215421000000,2026-09-05T05:17:34.166090+00:00,9063,8562747131025,1920,1200
directshow_index_1,766,174215484000000,174215484000000,174215484000000,2026-09-05T05:17:34.204384+00:00,,,640,480
daheng_sn_FDE23080341,755,174215515000000,174215515000000,174215515000000,2026-09-05T05:17:34.258211+00:00,9075,8562839348625,1920,1200
directshow_index_1,767,174215578000000,174215578000000,174215578000000,2026-09-05T05:17:34.300125+00:00,,,640,480
daheng_sn_FDE23080341,756,174215609000000,174215609000000,174215609000000,2026-09-05T05:17:34.349804+00:00,9088,8562939251025,1920,1200
directshow_index_1,768,174215671000000,174215671000000,174215671000000,2026-09-05T05:17:34.396257+00:00,,,640,480
daheng_sn_FDE23080341,757,174215703000000,174215703000000,174215703000000,2026-09-05T05:17:34.446866+00:00,9100,8563031468625,1920,1200
directshow_index_1,769,174215765000000,174215765000000,174215765000000,2026-09-05T05:17:34.485335+00:00,,,640,480
daheng_sn_FDE23080341,758,174215796000000,174215796000000,174215796000000,2026-09-05T05:17:34.539327+00:00,9112,8563123686225,1920,1200
directshow_index_1,770,174215859000000,174215859000000,174215859000000,2026-09-05T05:17:34.581965+00:00,,,640,480
daheng_sn_FDE23080341,759,174215890000000,174215890000000,174215890000000,2026-09-05T05:17:34.632512+00:00,9124,8563215903825,1920,1200
directshow_index_1,771,174215953000000,174215953000000,174215953000000,2026-09-05T05:17:34.677958+00:00,,,640,480
daheng_sn_FDE23080341,760,174215984000000,174215984000000,174215984000000,2026-09-05T05:17:34.726533+00:00,9136,8563308121425,1920,1200
directshow_index_1,772,174216046000000,174216046000000,174216046000000,2026-09-05T05:17:34.769269+00:00,,,640,480
daheng_sn_FDE23080341,761,174216078000000,174216078000000,174216078000000,2026-09-05T05:17:34.832298+00:00,9149,8563408023825,1920,1200
directshow_index_1,773,174216140000000,174216140000000,174216140000000,2026-09-05T05:17:34.860877+00:00,,,640,480
daheng_sn_FDE23080341,762,174216171000000,174216171000000,174216171000000,2026-09-05T05:17:34.917301+00:00,9160,8563492556625,1920,1200
directshow_index_1,774,174216234000000,174216234000000,174216234000000,2026-09-05T05:17:34.958645+00:00,,,640,480
daheng_sn_FDE23080341,763,174216265000000,174216265000000,174216265000000,2026-09-05T05:17:35.010146+00:00,9172,8563584774225,1920,1200
directshow_index_1,775,174216328000000,174216328000000,174216328000000,2026-09-05T05:17:35.048941+00:00,,,640,480
daheng_sn_FDE23080341,764,174216359000000,174216359000000,174216359000000,2026-09-05T05:17:35.098420+00:00,9184,8563676991825,1920,1200
directshow_index_1,776,174216421000000,174216421000000,174216421000000,2026-09-05T05:17:35.145448+00:00,,,640,480
daheng_sn_FDE23080341,765,174216453000000,174216453000000,174216453000000,2026-09-05T05:17:35.195362+00:00,9197,8563776894225,1920,1200
directshow_index_1,777,174216515000000,174216515000000,174216515000000,2026-09-05T05:17:35.238207+00:00,,,640,480
daheng_sn_FDE23080341,766,174216546000000,174216546000000,174216546000000,2026-09-05T05:17:35.291585+00:00,9209,8563869111825,1920,1200
directshow_index_1,778,174216609000000,174216609000000,174216609000000,2026-09-05T05:17:35.335205+00:00,,,640,480
daheng_sn_FDE23080341,767,174216640000000,174216640000000,174216640000000,2026-09-05T05:17:35.392123+00:00,9221,8563961329425,1920,1200
directshow_index_1,779,174216703000000,174216703000000,174216703000000,2026-09-05T05:17:35.425785+00:00,,,640,480
daheng_sn_FDE23080341,768,174216734000000,174216734000000,174216734000000,2026-09-05T05:17:35.474579+00:00,9234,8564061231825,1920,1200
directshow_index_1,780,174216796000000,174216796000000,174216796000000,2026-09-05T05:17:35.516550+00:00,,,640,480
daheng_sn_FDE23080341,769,174216828000000,174216828000000,174216828000000,2026-09-05T05:17:35.570970+00:00,9246,8564153449425,1920,1200
directshow_index_1,781,174216890000000,174216890000000,174216890000000,2026-09-05T05:17:35.611015+00:00,,,640,480
daheng_sn_FDE23080341,770,174216921000000,174216921000000,174216921000000,2026-09-05T05:17:35.668644+00:00,9258,8564245667025,1920,1200
directshow_index_1,782,174216984000000,174216984000000,174216984000000,2026-09-05T05:17:35.707990+00:00,,,640,480
daheng_sn_FDE23080341,771,174217015000000,174217015000000,174217015000000,2026-09-05T05:17:35.761508+00:00,9270,8564337884625,1920,1200
directshow_index_1,783,174217078000000,174217078000000,174217078000000,2026-09-05T05:17:35.798715+00:00,,,640,480
daheng_sn_FDE23080341,772,174217109000000,174217109000000,174217109000000,2026-09-05T05:17:35.847762+00:00,9283,8564437787025,1920,1200
directshow_index_1,784,174217171000000,174217171000000,174217171000000,2026-09-05T05:17:35.897806+00:00,,,640,480
daheng_sn_FDE23080341,773,174217203000000,174217203000000,174217203000000,2026-09-05T05:17:35.958330+00:00,9295,8564530004625,1920,1200
directshow_index_1,785,174217265000000,174217265000000,174217265000000,2026-09-05T05:17:35.987471+00:00,,,640,480
daheng_sn_FDE23080341,774,174217296000000,174217296000000,174217296000000,2026-09-05T05:17:36.044015+00:00,9307,8564622222225,1920,1200
directshow_index_1,786,174217359000000,174217359000000,174217359000000,2026-09-05T05:17:36.084641+00:00,,,640,480
daheng_sn_FDE23080341,775,174217390000000,174217390000000,174217390000000,2026-09-05T05:17:36.141597+00:00,9319,8564714439825,1920,1200
directshow_index_1,787,174217453000000,174217453000000,174217453000000,2026-09-05T05:17:36.175706+00:00,,,640,480
daheng_sn_FDE23080341,776,174217484000000,174217484000000,174217484000000,2026-09-05T05:17:36.239415+00:00,9331,8564806657425,1920,1200
directshow_index_1,788,174217546000000,174217546000000,174217546000000,2026-09-05T05:17:36.268420+00:00,,,640,480
daheng_sn_FDE23080341,777,174217578000000,174217578000000,174217578000000,2026-09-05T05:17:36.321980+00:00,9344,8564906559825,1920,1200
directshow_index_1,789,174217640000000,174217640000000,174217640000000,2026-09-05T05:17:36.361496+00:00,,,640,480
daheng_sn_FDE23080341,778,174217671000000,174217671000000,174217671000000,2026-09-05T05:17:36.418973+00:00,9355,8564991092625,1920,1200
directshow_index_1,790,174217734000000,174217734000000,174217734000000,2026-09-05T05:17:36.463984+00:00,,,640,480
daheng_sn_FDE23080341,779,174217765000000,174217765000000,174217765000000,2026-09-05T05:17:36.511717+00:00,9368,8565090995025,1920,1200
directshow_index_1,791,174217828000000,174217828000000,174217828000000,2026-09-05T05:17:36.553290+00:00,,,640,480
daheng_sn_FDE23080341,780,174217859000000,174217859000000,174217859000000,2026-09-05T05:17:36.605220+00:00,9380,8565183212625,1920,1200
directshow_index_1,792,174217921000000,174217921000000,174217921000000,2026-09-05T05:17:36.646477+00:00,,,640,480
daheng_sn_FDE23080341,781,174217953000000,174217953000000,174217953000000,2026-09-05T05:17:36.700824+00:00,9393,8565283115025,1920,1200
directshow_index_1,793,174218015000000,174218015000000,174218015000000,2026-09-05T05:17:36.738331+00:00,,,640,480
daheng_sn_FDE23080341,782,174218046000000,174218046000000,174218046000000,2026-09-05T05:17:36.796002+00:00,9405,8565375332625,1920,1200
directshow_index_1,794,174218109000000,174218109000000,174218109000000,2026-09-05T05:17:36.834326+00:00,,,640,480
daheng_sn_FDE23080341,783,174218140000000,174218140000000,174218140000000,2026-09-05T05:17:36.896843+00:00,9416,8565459865425,1920,1200
directshow_index_1,795,174218203000000,174218203000000,174218203000000,2026-09-05T05:17:36.925073+00:00,,,640,480
daheng_sn_FDE23080341,784,174218234000000,174218234000000,174218234000000,2026-09-05T05:17:36.982271+00:00,9429,8565559767825,1920,1200
directshow_index_1,796,174218296000000,174218296000000,174218296000000,2026-09-05T05:17:37.023435+00:00,,,640,480
daheng_sn_FDE23080341,785,174218328000000,174218328000000,174218328000000,2026-09-05T05:17:37.087569+00:00,9441,8565651985425,1920,1200
directshow_index_1,797,174218390000000,174218390000000,174218390000000,2026-09-05T05:17:37.118876+00:00,,,640,480
daheng_sn_FDE23080341,786,174218421000000,174218421000000,174218421000000,2026-09-05T05:17:37.173409+00:00,9453,8565744203025,1920,1200
directshow_index_1,798,174218484000000,174218484000000,174218484000000,2026-09-05T05:17:37.211622+00:00,,,640,480
daheng_sn_FDE23080341,787,174218515000000,174218515000000,174218515000000,2026-09-05T05:17:37.276960+00:00,9466,8565844105425,1920,1200
directshow_index_1,799,174218578000000,174218578000000,174218578000000,2026-09-05T05:17:37.303975+00:00,,,640,480
daheng_sn_FDE23080341,788,174218609000000,174218609000000,174218609000000,2026-09-05T05:17:37.368044+00:00,9478,8565936323025,1920,1200
directshow_index_1,800,174218671000000,174218671000000,174218671000000,2026-09-05T05:17:37.399885+00:00,,,640,480
daheng_sn_FDE23080341,789,174218703000000,174218703000000,174218703000000,2026-09-05T05:17:37.457136+00:00,9490,8566028540625,1920,1200
directshow_index_1,801,174218765000000,174218765000000,174218765000000,2026-09-05T05:17:37.490750+00:00,,,640,480
daheng_sn_FDE23080341,790,174218796000000,174218796000000,174218796000000,2026-09-05T05:17:37.557670+00:00,9502,8566120758225,1920,1200
directshow_index_1,802,174218859000000,174218859000000,174218859000000,2026-09-05T05:17:37.585185+00:00,,,640,480
daheng_sn_FDE23080341,791,174218890000000,174218890000000,174218890000000,2026-09-05T05:17:37.647658+00:00,9514,8566212975825,1920,1200
directshow_index_1,803,174218953000000,174218953000000,174218953000000,2026-09-05T05:17:37.676656+00:00,,,640,480
daheng_sn_FDE23080341,792,174218984000000,174218984000000,174218984000000,2026-09-05T05:17:37.751692+00:00,9526,8566305193425,1920,1200
directshow_index_1,804,174219046000000,174219046000000,174219046000000,2026-09-05T05:17:37.769546+00:00,,,640,480
daheng_sn_FDE23080341,793,174219078000000,174219078000000,174219078000000,2026-09-05T05:17:37.839998+00:00,9539,8566405095825,1920,1200
directshow_index_1,805,174219140000000,174219140000000,174219140000000,2026-09-05T05:17:37.865719+00:00,,,640,480
daheng_sn_FDE23080341,794,174219171000000,174219171000000,174219171000000,2026-09-05T05:17:37.934132+00:00,9551,8566497313425,1920,1200
directshow_index_1,806,174219234000000,174219234000000,174219234000000,2026-09-05T05:17:37.956210+00:00,,,640,480
daheng_sn_FDE23080341,795,174219265000000,174219265000000,174219265000000,2026-09-05T05:17:38.031200+00:00,9563,8566589531025,1920,1200
directshow_index_1,807,174219328000000,174219328000000,174219328000000,2026-09-05T05:17:38.056233+00:00,,,640,480
daheng_sn_FDE23080341,796,174219359000000,174219359000000,174219359000000,2026-09-05T05:17:38.128168+00:00,9575,8566681748625,1920,1200
directshow_index_1,808,174219421000000,174219421000000,174219421000000,2026-09-05T05:17:38.152170+00:00,,,640,480
daheng_sn_FDE23080341,797,174219453000000,174219453000000,174219453000000,2026-09-05T05:17:38.228159+00:00,9587,8566773966225,1920,1200
directshow_index_1,809,174219515000000,174219515000000,174219515000000,2026-09-05T05:17:38.236923+00:00,,,640,480
daheng_sn_FDE23080341,798,174219546000000,174219546000000,174219546000000,2026-09-05T05:17:38.304181+00:00,9600,8566873868625,1920,1200
directshow_index_1,810,174219609000000,174219609000000,174219609000000,2026-09-05T05:17:38.331803+00:00,,,640,480
daheng_sn_FDE23080341,799,174219640000000,174219640000000,174219640000000,2026-09-05T05:17:38.402809+00:00,9612,8566966086225,1920,1200
directshow_index_1,811,174219703000000,174219703000000,174219703000000,2026-09-05T05:17:38.432028+00:00,,,640,480
daheng_sn_FDE23080341,800,174219734000000,174219734000000,174219734000000,2026-09-05T05:17:38.502280+00:00,9624,8567058303825,1920,1200
directshow_index_1,812,174219796000000,174219796000000,174219796000000,2026-09-05T05:17:38.517497+00:00,,,640,480
daheng_sn_FDE23080341,801,174219828000000,174219828000000,174219828000000,2026-09-05T05:17:38.591867+00:00,9636,8567150521425,1920,1200
directshow_index_1,813,174219890000000,174219890000000,174219890000000,2026-09-05T05:17:38.614025+00:00,,,640,480
daheng_sn_FDE23080341,802,174219921000000,174219921000000,174219921000000,2026-09-05T05:17:38.695881+00:00,9649,8567250423825,1920,1200
directshow_index_1,814,174219984000000,174219984000000,174219984000000,2026-09-05T05:17:38.710790+00:00,,,640,480
daheng_sn_FDE23080341,803,174220015000000,174220015000000,174220015000000,2026-09-05T05:17:38.787391+00:00,9661,8567342641425,1920,1200
directshow_index_1,815,174220078000000,174220078000000,174220078000000,2026-09-05T05:17:38.800563+00:00,,,640,480
daheng_sn_FDE23080341,804,174220109000000,174220109000000,174220109000000,2026-09-05T05:17:38.872010+00:00,9673,8567434859025,1920,1200
directshow_index_1,816,174220171000000,174220171000000,174220171000000,2026-09-05T05:17:38.893423+00:00,,,640,480
daheng_sn_FDE23080341,805,174220203000000,174220203000000,174220203000000,2026-09-05T05:17:38.962218+00:00,9685,8567527076625,1920,1200
directshow_index_1,817,174220265000000,174220265000000,174220265000000,2026-09-05T05:17:38.989669+00:00,,,640,480
daheng_sn_FDE23080341,806,174220296000000,174220296000000,174220296000000,2026-09-05T05:17:39.051192+00:00,9698,8567626979025,1920,1200
directshow_index_1,818,174220359000000,174220359000000,174220359000000,2026-09-05T05:17:39.082980+00:00,,,640,480
daheng_sn_FDE23080341,807,174220390000000,174220390000000,174220390000000,2026-09-05T05:17:39.148914+00:00,9710,8567719196625,1920,1200
directshow_index_1,819,174220453000000,174220453000000,174220453000000,2026-09-05T05:17:39.175021+00:00,,,640,480
daheng_sn_FDE23080341,808,174220484000000,174220484000000,174220484000000,2026-09-05T05:17:39.245504+00:00,9722,8567811414225,1920,1200
directshow_index_1,820,174220546000000,174220546000000,174220546000000,2026-09-05T05:17:39.267690+00:00,,,640,480
daheng_sn_FDE23080341,809,174220578000000,174220578000000,174220578000000,2026-09-05T05:17:39.337254+00:00,9734,8567903631825,1920,1200
directshow_index_1,821,174220640000000,174220640000000,174220640000000,2026-09-05T05:17:39.365089+00:00,,,640,480
daheng_sn_FDE23080341,810,174220671000000,174220671000000,174220671000000,2026-09-05T05:17:39.421306+00:00,9746,8567995849425,1920,1200
directshow_index_1,822,174220734000000,174220734000000,174220734000000,2026-09-05T05:17:39.456286+00:00,,,640,480
daheng_sn_FDE23080341,811,174220765000000,174220765000000,174220765000000,2026-09-05T05:17:39.526392+00:00,9759,8568095751825,1920,1200
directshow_index_1,823,174220828000000,174220828000000,174220828000000,2026-09-05T05:17:39.551395+00:00,,,640,480
daheng_sn_FDE23080341,812,174220859000000,174220859000000,174220859000000,2026-09-05T05:17:39.619277+00:00,9771,8568187969425,1920,1200
directshow_index_1,824,174220921000000,174220921000000,174220921000000,2026-09-05T05:17:39.645531+00:00,,,640,480
daheng_sn_FDE23080341,813,174220953000000,174220953000000,174220953000000,2026-09-05T05:17:39.723825+00:00,9783,8568280187025,1920,1200
directshow_index_1,825,174221015000000,174221015000000,174221015000000,2026-09-05T05:17:39.741058+00:00,,,640,480
daheng_sn_FDE23080341,814,174221046000000,174221046000000,174221046000000,2026-09-05T05:17:39.811278+00:00,9795,8568372404625,1920,1200
directshow_index_1,826,174221109000000,174221109000000,174221109000000,2026-09-05T05:17:39.834592+00:00,,,640,480
daheng_sn_FDE23080341,815,174221140000000,174221140000000,174221140000000,2026-09-05T05:17:39.901271+00:00,9807,8568464622225,1920,1200
directshow_index_1,827,174221203000000,174221203000000,174221203000000,2026-09-05T05:17:39.927880+00:00,,,640,480
daheng_sn_FDE23080341,816,174221234000000,174221234000000,174221234000000,2026-09-05T05:17:39.997200+00:00,9820,8568564524625,1920,1200
directshow_index_1,828,174221296000000,174221296000000,174221296000000,2026-09-05T05:17:40.020073+00:00,,,640,480
daheng_sn_FDE23080341,817,174221328000000,174221328000000,174221328000000,2026-09-05T05:17:40.092691+00:00,9832,8568656742225,1920,1200
directshow_index_1,829,174221390000000,174221390000000,174221390000000,2026-09-05T05:17:40.112809+00:00,,,640,480
daheng_sn_FDE23080341,818,174221421000000,174221421000000,174221421000000,2026-09-05T05:17:40.180708+00:00,9844,8568748959825,1920,1200
directshow_index_1,830,174221484000000,174221484000000,174221484000000,2026-09-05T05:17:40.210096+00:00,,,640,480
daheng_sn_FDE23080341,819,174221515000000,174221515000000,174221515000000,2026-09-05T05:17:40.277756+00:00,9856,8568841177425,1920,1200
directshow_index_1,831,174221578000000,174221578000000,174221578000000,2026-09-05T05:17:40.302480+00:00,,,640,480
daheng_sn_FDE23080341,820,174221609000000,174221609000000,174221609000000,2026-09-05T05:17:40.381999+00:00,9868,8568933395025,1920,1200
directshow_index_1,832,174221671000000,174221671000000,174221671000000,2026-09-05T05:17:40.394001+00:00,,,640,480
daheng_sn_FDE23080341,821,174221703000000,174221703000000,174221703000000,2026-09-05T05:17:40.468695+00:00,9880,8569025612625,1920,1200
directshow_index_1,833,174221765000000,174221765000000,174221765000000,2026-09-05T05:17:40.489669+00:00,,,640,480
daheng_sn_FDE23080341,822,174221796000000,174221796000000,174221796000000,2026-09-05T05:17:40.557085+00:00,9893,8569125515025,1920,1200
directshow_index_1,834,174221859000000,174221859000000,174221859000000,2026-09-05T05:17:40.581298+00:00,,,640,480
daheng_sn_FDE23080341,823,174221890000000,174221890000000,174221890000000,2026-09-05T05:17:40.636301+00:00,9905,8569217732625,1920,1200
directshow_index_1,835,174221953000000,174221953000000,174221953000000,2026-09-05T05:17:40.679258+00:00,,,640,480
daheng_sn_FDE23080341,824,174221984000000,174221984000000,174221984000000,2026-09-05T05:17:40.735129+00:00,9917,8569309950225,1920,1200
directshow_index_1,836,174222046000000,174222046000000,174222046000000,2026-09-05T05:17:40.770615+00:00,,,640,480
daheng_sn_FDE23080341,825,174222078000000,174222078000000,174222078000000,2026-09-05T05:17:40.823900+00:00,9929,8569402167825,1920,1200
directshow_index_1,837,174222140000000,174222140000000,174222140000000,2026-09-05T05:17:40.865092+00:00,,,640,480
daheng_sn_FDE23080341,826,174222171000000,174222171000000,174222171000000,2026-09-05T05:17:40.919952+00:00,9941,8569494385425,1920,1200
directshow_index_1,838,174222234000000,174222234000000,174222234000000,2026-09-05T05:17:40.959366+00:00,,,640,480
daheng_sn_FDE23080341,827,174222265000000,174222265000000,174222265000000,2026-09-05T05:17:41.010528+00:00,9954,8569594287825,1920,1200
directshow_index_1,839,174222328000000,174222328000000,174222328000000,2026-09-05T05:17:41.048818+00:00,,,640,480
daheng_sn_FDE23080341,828,174222359000000,174222359000000,174222359000000,2026-09-05T05:17:41.102237+00:00,9966,8569686505425,1920,1200
directshow_index_1,840,174222421000000,174222421000000,174222421000000,2026-09-05T05:17:41.145556+00:00,,,640,480
daheng_sn_FDE23080341,829,174222453000000,174222453000000,174222453000000,2026-09-05T05:17:41.198159+00:00,9978,8569778723025,1920,1200
directshow_index_1,841,174222515000000,174222515000000,174222515000000,2026-09-05T05:17:41.239358+00:00,,,640,480
daheng_sn_FDE23080341,830,174222546000000,174222546000000,174222546000000,2026-09-05T05:17:41.289505+00:00,9990,8569870940625,1920,1200
directshow_index_1,842,174222609000000,174222609000000,174222609000000,2026-09-05T05:17:41.329972+00:00,,,640,480
daheng_sn_FDE23080341,831,174222640000000,174222640000000,174222640000000,2026-09-05T05:17:41.384276+00:00,10003,8569970843025,1920,1200
directshow_index_1,843,174222703000000,174222703000000,174222703000000,2026-09-05T05:17:41.426795+00:00,,,640,480
daheng_sn_FDE23080341,832,174222734000000,174222734000000,174222734000000,2026-09-05T05:17:41.476325+00:00,10015,8570063060625,1920,1200
directshow_index_1,844,174222796000000,174222796000000,174222796000000,2026-09-05T05:17:41.517120+00:00,,,640,480
daheng_sn_FDE23080341,833,174222828000000,174222828000000,174222828000000,2026-09-05T05:17:41.565843+00:00,10027,8570155278225,1920,1200
directshow_index_1,845,174222890000000,174222890000000,174222890000000,2026-09-05T05:17:41.610988+00:00,,,640,480
daheng_sn_FDE23080341,834,174222921000000,174222921000000,174222921000000,2026-09-05T05:17:41.667908+00:00,10039,8570247495825,1920,1200
directshow_index_1,846,174222984000000,174222984000000,174222984000000,2026-09-05T05:17:41.709303+00:00,,,640,480
daheng_sn_FDE23080341,835,174223015000000,174223015000000,174223015000000,2026-09-05T05:17:41.757336+00:00,10051,8570339713425,1920,1200
directshow_index_1,847,174223078000000,174223078000000,174223078000000,2026-09-05T05:17:41.800729+00:00,,,640,480
daheng_sn_FDE23080341,836,174223109000000,174223109000000,174223109000000,2026-09-05T05:17:41.852979+00:00,10063,8570431931025,1920,1200
directshow_index_1,848,174223171000000,174223171000000,174223171000000,2026-09-05T05:17:41.897628+00:00,,,640,480
daheng_sn_FDE23080341,837,174223203000000,174223203000000,174223203000000,2026-09-05T05:17:41.946945+00:00,10076,8570531833425,1920,1200
directshow_index_1,849,174223265000000,174223265000000,174223265000000,2026-09-05T05:17:41.990174+00:00,,,640,480
daheng_sn_FDE23080341,838,174223296000000,174223296000000,174223296000000,2026-09-05T05:17:42.040899+00:00,10088,8570624051025,1920,1200
directshow_index_1,850,174223359000000,174223359000000,174223359000000,2026-09-05T05:17:42.085812+00:00,,,640,480
daheng_sn_FDE23080341,839,174223390000000,174223390000000,174223390000000,2026-09-05T05:17:42.131366+00:00,10100,8570716268625,1920,1200
directshow_index_1,851,174223453000000,174223453000000,174223453000000,2026-09-05T05:17:42.175938+00:00,,,640,480
daheng_sn_FDE23080341,840,174223484000000,174223484000000,174223484000000,2026-09-05T05:17:42.231124+00:00,10112,8570808486225,1920,1200
directshow_index_1,852,174223546000000,174223546000000,174223546000000,2026-09-05T05:17:42.271670+00:00,,,640,480
daheng_sn_FDE23080341,841,174223578000000,174223578000000,174223578000000,2026-09-05T05:17:42.326195+00:00,10124,8570900703825,1920,1200
directshow_index_1,853,174223640000000,174223640000000,174223640000000,2026-09-05T05:17:42.362197+00:00,,,640,480
daheng_sn_FDE23080341,842,174223671000000,174223671000000,174223671000000,2026-09-05T05:17:42.415241+00:00,10137,8571000606225,1920,1200
directshow_index_1,854,174223734000000,174223734000000,174223734000000,2026-09-05T05:17:42.459298+00:00,,,640,480
daheng_sn_FDE23080341,843,174223765000000,174223765000000,174223765000000,2026-09-05T05:17:42.509912+00:00,10148,8571085139025,1920,1200
directshow_index_1,855,174223828000000,174223828000000,174223828000000,2026-09-05T05:17:42.550271+00:00,,,640,480
daheng_sn_FDE23080341,844,174223859000000,174223859000000,174223859000000,2026-09-05T05:17:42.595675+00:00,10160,8571177356625,1920,1200
directshow_index_1,856,174223921000000,174223921000000,174223921000000,2026-09-05T05:17:42.643226+00:00,,,640,480
daheng_sn_FDE23080341,845,174223953000000,174223953000000,174223953000000,2026-09-05T05:17:42.699993+00:00,10173,8571277259025,1920,1200
directshow_index_1,857,174224015000000,174224015000000,174224015000000,2026-09-05T05:17:42.737980+00:00,,,640,480
daheng_sn_FDE23080341,846,174224046000000,174224046000000,174224046000000,2026-09-05T05:17:42.792629+00:00,10185,8571369476625,1920,1200
directshow_index_1,858,174224109000000,174224109000000,174224109000000,2026-09-05T05:17:42.828591+00:00,,,640,480
daheng_sn_FDE23080341,847,174224140000000,174224140000000,174224140000000,2026-09-05T05:17:42.891834+00:00,10198,8571469379025,1920,1200
directshow_index_1,859,174224203000000,174224203000000,174224203000000,2026-09-05T05:17:42.927248+00:00,,,640,480
daheng_sn_FDE23080341,848,174224234000000,174224234000000,174224234000000,2026-09-05T05:17:42.976156+00:00,10209,8571553911825,1920,1200
directshow_index_1,860,174224296000000,174224296000000,174224296000000,2026-09-05T05:17:43.020918+00:00,,,640,480
daheng_sn_FDE23080341,849,174224328000000,174224328000000,174224328000000,2026-09-05T05:17:43.084095+00:00,10222,8571653814225,1920,1200
directshow_index_1,861,174224390000000,174224390000000,174224390000000,2026-09-05T05:17:43.112116+00:00,,,640,480
daheng_sn_FDE23080341,850,174224421000000,174224421000000,174224421000000,2026-09-05T05:17:43.180188+00:00,10234,8571746031825,1920,1200
directshow_index_1,862,174224484000000,174224484000000,174224484000000,2026-09-05T05:17:43.206668+00:00,,,640,480
daheng_sn_FDE23080341,851,174224515000000,174224515000000,174224515000000,2026-09-05T05:17:43.263624+00:00,10246,8571838249425,1920,1200
directshow_index_1,863,174224578000000,174224578000000,174224578000000,2026-09-05T05:17:43.306796+00:00,,,640,480
daheng_sn_FDE23080341,852,174224609000000,174224609000000,174224609000000,2026-09-05T05:17:43.365286+00:00,10258,8571930467025,1920,1200
directshow_index_1,864,174224671000000,174224671000000,174224671000000,2026-09-05T05:17:43.393225+00:00,,,640,480
daheng_sn_FDE23080341,853,174224703000000,174224703000000,174224703000000,2026-09-05T05:17:43.455366+00:00,10271,8572030369425,1920,1200
directshow_index_1,865,174224765000000,174224765000000,174224765000000,2026-09-05T05:17:43.488364+00:00,,,640,480
daheng_sn_FDE23080341,854,174224796000000,174224796000000,174224796000000,2026-09-05T05:17:43.547618+00:00,10283,8572122587025,1920,1200
directshow_index_1,866,174224859000000,174224859000000,174224859000000,2026-09-05T05:17:43.587458+00:00,,,640,480
daheng_sn_FDE23080341,855,174224890000000,174224890000000,174224890000000,2026-09-05T05:17:43.640978+00:00,10295,8572214804625,1920,1200
directshow_index_1,867,174224953000000,174224953000000,174224953000000,2026-09-05T05:17:43.677983+00:00,,,640,480
daheng_sn_FDE23080341,856,174224984000000,174224984000000,174224984000000,2026-09-05T05:17:43.747325+00:00,10308,8572314707025,1920,1200
directshow_index_1,868,174225046000000,174225046000000,174225046000000,2026-09-05T05:17:43.771326+00:00,,,640,480
daheng_sn_FDE23080341,857,174225078000000,174225078000000,174225078000000,2026-09-05T05:17:43.825622+00:00,10319,8572399239825,1920,1200
directshow_index_1,869,174225140000000,174225140000000,174225140000000,2026-09-05T05:17:43.860735+00:00,,,640,480
daheng_sn_FDE23080341,858,174225171000000,174225171000000,174225171000000,2026-09-05T05:17:43.920790+00:00,10332,8572499142225,1920,1200
directshow_index_1,870,174225234000000,174225234000000,174225234000000,2026-09-05T05:17:43.960628+00:00,,,640,480
daheng_sn_FDE23080341,859,174225265000000,174225265000000,174225265000000,2026-09-05T05:17:44.012091+00:00,10344,8572591359825,1920,1200
directshow_index_1,871,174225328000000,174225328000000,174225328000000,2026-09-05T05:17:44.051266+00:00,,,640,480
daheng_sn_FDE23080341,860,174225359000000,174225359000000,174225359000000,2026-09-05T05:17:44.111415+00:00,10356,8572683577425,1920,1200
directshow_index_1,872,174225421000000,174225421000000,174225421000000,2026-09-05T05:17:44.141370+00:00,,,640,480
daheng_sn_FDE23080341,861,174225453000000,174225453000000,174225453000000,2026-09-05T05:17:44.203329+00:00,10368,8572775795025,1920,1200
directshow_index_1,873,174225515000000,174225515000000,174225515000000,2026-09-05T05:17:44.238005+00:00,,,640,480
daheng_sn_FDE23080341,862,174225546000000,174225546000000,174225546000000,2026-09-05T05:17:44.311020+00:00,10381,8572875697425,1920,1200
directshow_index_1,874,174225609000000,174225609000000,174225609000000,2026-09-05T05:17:44.335532+00:00,,,640,480
daheng_sn_FDE23080341,863,174225640000000,174225640000000,174225640000000,2026-09-05T05:17:44.394959+00:00,10393,8572967915025,1920,1200
directshow_index_1,875,174225703000000,174225703000000,174225703000000,2026-09-05T05:17:44.426983+00:00,,,640,480
daheng_sn_FDE23080341,864,174225734000000,174225734000000,174225734000000,2026-09-05T05:17:44.484230+00:00,10405,8573060132625,1920,1200
directshow_index_1,876,174225796000000,174225796000000,174225796000000,2026-09-05T05:17:44.520140+00:00,,,640,480
daheng_sn_FDE23080341,865,174225828000000,174225828000000,174225828000000,2026-09-05T05:17:44.570159+00:00,10417,8573152350225,1920,1200
directshow_index_1,877,174225890000000,174225890000000,174225890000000,2026-09-05T05:17:44.613166+00:00,,,640,480
daheng_sn_FDE23080341,866,174225921000000,174225921000000,174225921000000,2026-09-05T05:17:44.671159+00:00,10429,8573244567825,1920,1200
directshow_index_1,878,174225984000000,174225984000000,174225984000000,2026-09-05T05:17:44.707516+00:00,,,640,480
daheng_sn_FDE23080341,867,174226015000000,174226015000000,174226015000000,2026-09-05T05:17:44.767682+00:00,10441,8573336785425,1920,1200
directshow_index_1,879,174226078000000,174226078000000,174226078000000,2026-09-05T05:17:44.801002+00:00,,,640,480
daheng_sn_FDE23080341,868,174226109000000,174226109000000,174226109000000,2026-09-05T05:17:44.850805+00:00,10454,8573436687825,1920,1200
directshow_index_1,880,174226171000000,174226171000000,174226171000000,2026-09-05T05:17:44.897044+00:00,,,640,480
daheng_sn_FDE23080341,869,174226203000000,174226203000000,174226203000000,2026-09-05T05:17:44.945125+00:00,10466,8573528905425,1920,1200
directshow_index_1,881,174226265000000,174226265000000,174226265000000,2026-09-05T05:17:44.986084+00:00,,,640,480
daheng_sn_FDE23080341,870,174226296000000,174226296000000,174226296000000,2026-09-05T05:17:45.041044+00:00,10478,8573621123025,1920,1200
directshow_index_1,882,174226359000000,174226359000000,174226359000000,2026-09-05T05:17:45.082594+00:00,,,640,480
daheng_sn_FDE23080341,871,174226390000000,174226390000000,174226390000000,2026-09-05T05:17:45.134997+00:00,10490,8573713340625,1920,1200
directshow_index_1,883,174226453000000,174226453000000,174226453000000,2026-09-05T05:17:45.173311+00:00,,,640,480
daheng_sn_FDE23080341,872,174226484000000,174226484000000,174226484000000,2026-09-05T05:17:45.227317+00:00,10503,8573813243025,1920,1200
directshow_index_1,884,174226546000000,174226546000000,174226546000000,2026-09-05T05:17:45.270681+00:00,,,640,480
daheng_sn_FDE23080341,873,174226578000000,174226578000000,174226578000000,2026-09-05T05:17:45.330257+00:00,10515,8573905460625,1920,1200
directshow_index_1,885,174226640000000,174226640000000,174226640000000,2026-09-05T05:17:45.365223+00:00,,,640,480
daheng_sn_FDE23080341,874,174226671000000,174226671000000,174226671000000,2026-09-05T05:17:45.418553+00:00,10527,8573997678225,1920,1200
directshow_index_1,886,174226734000000,174226734000000,174226734000000,2026-09-05T05:17:45.456600+00:00,,,640,480
daheng_sn_FDE23080341,875,174226765000000,174226765000000,174226765000000,2026-09-05T05:17:45.512370+00:00,10539,8574089895825,1920,1200
directshow_index_1,887,174226828000000,174226828000000,174226828000000,2026-09-05T05:17:45.547793+00:00,,,640,480
daheng_sn_FDE23080341,876,174226859000000,174226859000000,174226859000000,2026-09-05T05:17:45.617041+00:00,10551,8574182113425,1920,1200
directshow_index_1,888,174226921000000,174226921000000,174226921000000,2026-09-05T05:17:45.646050+00:00,,,640,480
daheng_sn_FDE23080341,877,174226953000000,174226953000000,174226953000000,2026-09-05T05:17:45.698700+00:00,10564,8574282015825,1920,1200
directshow_index_1,889,174227015000000,174227015000000,174227015000000,2026-09-05T05:17:45.735662+00:00,,,640,480
daheng_sn_FDE23080341,878,174227046000000,174227046000000,174227046000000,2026-09-05T05:17:45.795343+00:00,10576,8574374233425,1920,1200
directshow_index_1,890,174227109000000,174227109000000,174227109000000,2026-09-05T05:17:45.832485+00:00,,,640,480
daheng_sn_FDE23080341,879,174227140000000,174227140000000,174227140000000,2026-09-05T05:17:45.889805+00:00,10588,8574466451025,1920,1200
directshow_index_1,891,174227203000000,174227203000000,174227203000000,2026-09-05T05:17:45.924247+00:00,,,640,480
daheng_sn_FDE23080341,880,174227234000000,174227234000000,174227234000000,2026-09-05T05:17:45.983615+00:00,10600,8574558668625,1920,1200
directshow_index_1,892,174227296000000,174227296000000,174227296000000,2026-09-05T05:17:46.022041+00:00,,,640,480
daheng_sn_FDE23080341,881,174227328000000,174227328000000,174227328000000,2026-09-05T05:17:46.079721+00:00,10612,8574650886225,1920,1200
directshow_index_1,893,174227390000000,174227390000000,174227390000000,2026-09-05T05:17:46.112187+00:00,,,640,480
daheng_sn_FDE23080341,882,174227421000000,174227421000000,174227421000000,2026-09-05T05:17:46.170264+00:00,10624,8574743103825,1920,1200
directshow_index_1,894,174227484000000,174227484000000,174227484000000,2026-09-05T05:17:46.209779+00:00,,,640,480
daheng_sn_FDE23080341,883,174227515000000,174227515000000,174227515000000,2026-09-05T05:17:46.265316+00:00,10636,8574835321425,1920,1200
directshow_index_1,895,174227578000000,174227578000000,174227578000000,2026-09-05T05:17:46.300345+00:00,,,640,480
daheng_sn_FDE23080341,884,174227609000000,174227609000000,174227609000000,2026-09-05T05:17:46.351826+00:00,10649,8574935223825,1920,1200
directshow_index_1,896,174227671000000,174227671000000,174227671000000,2026-09-05T05:17:46.393826+00:00,,,640,480
daheng_sn_FDE23080341,885,174227703000000,174227703000000,174227703000000,2026-09-05T05:17:46.446624+00:00,10661,8575027441425,1920,1200
directshow_index_1,897,174227765000000,174227765000000,174227765000000,2026-09-05T05:17:46.487082+00:00,,,640,480
daheng_sn_FDE23080341,886,174227796000000,174227796000000,174227796000000,2026-09-05T05:17:46.540127+00:00,10673,8575119659025,1920,1200
directshow_index_1,898,174227859000000,174227859000000,174227859000000,2026-09-05T05:17:46.579219+00:00,,,640,480
daheng_sn_FDE23080341,887,174227890000000,174227890000000,174227890000000,2026-09-05T05:17:46.632869+00:00,10686,8575219561425,1920,1200
directshow_index_1,899,174227953000000,174227953000000,174227953000000,2026-09-05T05:17:46.675644+00:00,,,640,480
daheng_sn_FDE23080341,888,174227984000000,174227984000000,174227984000000,2026-09-05T05:17:46.733694+00:00,10697,8575304094225,1920,1200
directshow_index_1,900,174228046000000,174228046000000,174228046000000,2026-09-05T05:17:46.766640+00:00,,,640,480
daheng_sn_FDE23080341,889,174228078000000,174228078000000,174228078000000,2026-09-05T05:17:46.833320+00:00,10710,8575403996625,1920,1200
directshow_index_1,901,174228140000000,174228140000000,174228140000000,2026-09-05T05:17:46.860919+00:00,,,640,480
daheng_sn_FDE23080341,890,174228171000000,174228171000000,174228171000000,2026-09-05T05:17:46.916243+00:00,10722,8575496214225,1920,1200
directshow_index_1,902,174228234000000,174228234000000,174228234000000,2026-09-05T05:17:46.962234+00:00,,,640,480
daheng_sn_FDE23080341,891,174228265000000,174228265000000,174228265000000,2026-09-05T05:17:47.006869+00:00,10735,8575596116625,1920,1200
directshow_index_1,903,174228328000000,174228328000000,174228328000000,2026-09-05T05:17:47.052337+00:00,,,640,480
daheng_sn_FDE23080341,892,174228359000000,174228359000000,174228359000000,2026-09-05T05:17:47.121058+00:00,10747,8575688334225,1920,1200
directshow_index_1,904,174228421000000,174228421000000,174228421000000,2026-09-05T05:17:47.147895+00:00,,,640,480
daheng_sn_FDE23080341,893,174228453000000,174228453000000,174228453000000,2026-09-05T05:17:47.202708+00:00,10758,8575772867025,1920,1200
directshow_index_1,905,174228515000000,174228515000000,174228515000000,2026-09-05T05:17:47.236747+00:00,,,640,480
daheng_sn_FDE23080341,894,174228546000000,174228546000000,174228546000000,2026-09-05T05:17:47.292352+00:00,10771,8575872769425,1920,1200
directshow_index_1,906,174228609000000,174228609000000,174228609000000,2026-09-05T05:17:47.335464+00:00,,,640,480
daheng_sn_FDE23080341,895,174228640000000,174228640000000,174228640000000,2026-09-05T05:17:47.381767+00:00,10783,8575964987025,1920,1200
directshow_index_1,907,174228703000000,174228703000000,174228703000000,2026-09-05T05:17:47.425485+00:00,,,640,480
daheng_sn_FDE23080341,896,174228734000000,174228734000000,174228734000000,2026-09-05T05:17:47.477017+00:00,10795,8576057204625,1920,1200
directshow_index_1,908,174228796000000,174228796000000,174228796000000,2026-09-05T05:17:47.522075+00:00,,,640,480
daheng_sn_FDE23080341,897,174228828000000,174228828000000,174228828000000,2026-09-05T05:17:47.572809+00:00,10807,8576149422225,1920,1200
directshow_index_1,909,174228890000000,174228890000000,174228890000000,2026-09-05T05:17:47.613048+00:00,,,640,480
daheng_sn_FDE23080341,898,174228921000000,174228921000000,174228921000000,2026-09-05T05:17:47.664698+00:00,10819,8576241639825,1920,1200
directshow_index_1,910,174228984000000,174228984000000,174228984000000,2026-09-05T05:17:47.709532+00:00,,,640,480
daheng_sn_FDE23080341,899,174229015000000,174229015000000,174229015000000,2026-09-05T05:17:47.761554+00:00,10832,8576341542225,1920,1200
directshow_index_1,911,174229078000000,174229078000000,174229078000000,2026-09-05T05:17:47.800219+00:00,,,640,480
daheng_sn_FDE23080341,900,174229109000000,174229109000000,174229109000000,2026-09-05T05:17:47.853283+00:00,10844,8576433759825,1920,1200
directshow_index_1,912,174229171000000,174229171000000,174229171000000,2026-09-05T05:17:47.897312+00:00,,,640,480
daheng_sn_FDE23080341,901,174229203000000,174229203000000,174229203000000,2026-09-05T05:17:47.942260+00:00,10856,8576525977425,1920,1200
directshow_index_1,913,174229265000000,174229265000000,174229265000000,2026-09-05T05:17:47.985629+00:00,,,640,480
daheng_sn_FDE23080341,902,174229296000000,174229296000000,174229296000000,2026-09-05T05:17:48.054311+00:00,10868,8576618195025,1920,1200
directshow_index_1,914,174229359000000,174229359000000,174229359000000,2026-09-05T05:17:48.084060+00:00,,,640,480
daheng_sn_FDE23080341,903,174229390000000,174229390000000,174229390000000,2026-09-05T05:17:48.147933+00:00,10881,8576718097425,1920,1200
directshow_index_1,915,174229453000000,174229468000000,174229460500000,2026-09-05T05:17:48.190935+00:00,,,640,480
daheng_sn_FDE23080341,904,174229484000000,174229484000000,174229484000000,2026-09-05T05:17:48.245459+00:00,10893,8576810315025,1920,1200
directshow_index_1,916,174229546000000,174229546000000,174229546000000,2026-09-05T05:17:48.270263+00:00,,,640,480
daheng_sn_FDE23080341,905,174229578000000,174229578000000,174229578000000,2026-09-05T05:17:48.338212+00:00,10905,8576902532625,1920,1200
directshow_index_1,917,174229640000000,174229640000000,174229640000000,2026-09-05T05:17:48.366756+00:00,,,640,480
daheng_sn_FDE23080341,906,174229671000000,174229671000000,174229671000000,2026-09-05T05:17:48.427790+00:00,10917,8576994750225,1920,1200
directshow_index_1,918,174229734000000,174229734000000,174229734000000,2026-09-05T05:17:48.459796+00:00,,,640,480
daheng_sn_FDE23080341,907,174229765000000,174229765000000,174229765000000,2026-09-05T05:17:48.524668+00:00,10929,8577086967825,1920,1200
directshow_index_1,919,174229828000000,174229828000000,174229828000000,2026-09-05T05:17:48.552698+00:00,,,640,480
daheng_sn_FDE23080341,908,174229859000000,174229859000000,174229859000000,2026-09-05T05:17:48.611698+00:00,10942,8577186870225,1920,1200
directshow_index_1,920,174229921000000,174229921000000,174229921000000,2026-09-05T05:17:48.643387+00:00,,,640,480
daheng_sn_FDE23080341,909,174229953000000,174229953000000,174229953000000,2026-09-05T05:17:48.715053+00:00,10954,8577279087825,1920,1200
directshow_index_1,921,174230015000000,174230015000000,174230015000000,2026-09-05T05:17:48.738570+00:00,,,640,480
daheng_sn_FDE23080341,910,174230046000000,174230046000000,174230046000000,2026-09-05T05:17:48.805391+00:00,10966,8577371305425,1920,1200
directshow_index_1,922,174230109000000,174230109000000,174230109000000,2026-09-05T05:17:48.832699+00:00,,,640,480
daheng_sn_FDE23080341,911,174230140000000,174230140000000,174230140000000,2026-09-05T05:17:48.886932+00:00,10978,8577463523025,1920,1200
directshow_index_1,923,174230203000000,174230203000000,174230203000000,2026-09-05T05:17:48.925152+00:00,,,640,480
daheng_sn_FDE23080341,912,174230234000000,174230234000000,174230234000000,2026-09-05T05:17:48.983272+00:00,10990,8577555740625,1920,1200
directshow_index_1,924,174230296000000,174230296000000,174230296000000,2026-09-05T05:17:49.021856+00:00,,,640,480
daheng_sn_FDE23080341,913,174230328000000,174230328000000,174230328000000,2026-09-05T05:17:49.083334+00:00,11003,8577655643025,1920,1200
directshow_index_1,925,174230390000000,174230390000000,174230390000000,2026-09-05T05:17:49.113333+00:00,,,640,480
daheng_sn_FDE23080341,914,174230421000000,174230421000000,174230421000000,2026-09-05T05:17:49.174668+00:00,11015,8577747860625,1920,1200
directshow_index_1,926,174230484000000,174230484000000,174230484000000,2026-09-05T05:17:49.205020+00:00,,,640,480
daheng_sn_FDE23080341,915,174230515000000,174230515000000,174230515000000,2026-09-05T05:17:49.269338+00:00,11027,8577840078225,1920,1200
directshow_index_1,927,174230578000000,174230578000000,174230578000000,2026-09-05T05:17:49.302339+00:00,,,640,480
daheng_sn_FDE23080341,916,174230609000000,174230609000000,174230609000000,2026-09-05T05:17:49.359913+00:00,11039,8577932295825,1920,1200
directshow_index_1,928,174230671000000,174230671000000,174230671000000,2026-09-05T05:17:49.392636+00:00,,,640,480
daheng_sn_FDE23080341,917,174230703000000,174230703000000,174230703000000,2026-09-05T05:17:49.450093+00:00,11052,8578032198225,1920,1200
directshow_index_1,929,174230765000000,174230765000000,174230765000000,2026-09-05T05:17:49.488694+00:00,,,640,480
daheng_sn_FDE23080341,918,174230796000000,174230796000000,174230796000000,2026-09-05T05:17:49.544951+00:00,11064,8578124415825,1920,1200
directshow_index_1,930,174230859000000,174230859000000,174230859000000,2026-09-05T05:17:49.580957+00:00,,,640,480
daheng_sn_FDE23080341,919,174230890000000,174230890000000,174230890000000,2026-09-05T05:17:49.653489+00:00,11076,8578216633425,1920,1200
directshow_index_1,931,174230953000000,174230953000000,174230953000000,2026-09-05T05:17:49.678337+00:00,,,640,480
daheng_sn_FDE23080341,920,174230984000000,174230984000000,174230984000000,2026-09-05T05:17:49.730003+00:00,11088,8578308851025,1920,1200
directshow_index_1,932,174231046000000,174231046000000,174231046000000,2026-09-05T05:17:49.768552+00:00,,,640,480
daheng_sn_FDE23080341,921,174231078000000,174231078000000,174231078000000,2026-09-05T05:17:49.834910+00:00,11101,8578408753425,1920,1200
directshow_index_1,933,174231140000000,174231140000000,174231140000000,2026-09-05T05:17:49.864194+00:00,,,640,480
daheng_sn_FDE23080341,922,174231171000000,174231171000000,174231171000000,2026-09-05T05:17:49.922084+00:00,11112,8578493286225,1920,1200
directshow_index_1,934,174231234000000,174231234000000,174231234000000,2026-09-05T05:17:49.955411+00:00,,,640,480
daheng_sn_FDE23080341,923,174231265000000,174231265000000,174231265000000,2026-09-05T05:17:50.009379+00:00,11125,8578593188625,1920,1200
directshow_index_1,935,174231328000000,174231328000000,174231328000000,2026-09-05T05:17:50.054896+00:00,,,640,480
daheng_sn_FDE23080341,924,174231359000000,174231359000000,174231359000000,2026-09-05T05:17:50.111441+00:00,11136,8578677721425,1920,1200
directshow_index_1,936,174231421000000,174231421000000,174231421000000,2026-09-05T05:17:50.145433+00:00,,,640,480
daheng_sn_FDE23080341,925,174231453000000,174231453000000,174231453000000,2026-09-05T05:17:50.204922+00:00,11149,8578777623825,1920,1200
directshow_index_1,937,174231515000000,174231515000000,174231515000000,2026-09-05T05:17:50.235443+00:00,,,640,480
daheng_sn_FDE23080341,926,174231546000000,174231546000000,174231546000000,2026-09-05T05:17:50.312220+00:00,11161,8578869841425,1920,1200
directshow_index_1,938,174231609000000,174231609000000,174231609000000,2026-09-05T05:17:50.347741+00:00,,,640,480
daheng_sn_FDE23080341,927,174231640000000,174231640000000,174231640000000,2026-09-05T05:17:50.419035+00:00,11174,8578969743825,1920,1200
directshow_index_1,939,174231703000000,174231703000000,174231703000000,2026-09-05T05:17:50.433270+00:00,,,640,480
daheng_sn_FDE23080341,928,174231734000000,174231734000000,174231734000000,2026-09-05T05:17:50.504679+00:00,11185,8579054276625,1920,1200
directshow_index_1,940,174231796000000,174231796000000,174231796000000,2026-09-05T05:17:50.520682+00:00,,,640,480
daheng_sn_FDE23080341,929,174231828000000,174231828000000,174231828000000,2026-09-05T05:17:50.591317+00:00,11198,8579154179025,1920,1200
directshow_index_1,941,174231890000000,174231890000000,174231890000000,2026-09-05T05:17:50.611316+00:00,,,640,480
daheng_sn_FDE23080341,930,174231921000000,174231921000000,174231921000000,2026-09-05T05:17:50.681063+00:00,11210,8579246396625,1920,1200
directshow_index_1,942,174231984000000,174231984000000,174231984000000,2026-09-05T05:17:50.710815+00:00,,,640,480
daheng_sn_FDE23080341,931,174232015000000,174232015000000,174232015000000,2026-09-05T05:17:50.775057+00:00,11222,8579338614225,1920,1200
directshow_index_1,943,174232078000000,174232078000000,174232078000000,2026-09-05T05:17:50.802869+00:00,,,640,480
daheng_sn_FDE23080341,932,174232109000000,174232109000000,174232109000000,2026-09-05T05:17:50.865717+00:00,11235,8579438516625,1920,1200
directshow_index_1,944,174232171000000,174232171000000,174232171000000,2026-09-05T05:17:50.901356+00:00,,,640,480
daheng_sn_FDE23080341,933,174232203000000,174232203000000,174232203000000,2026-09-05T05:17:50.959553+00:00,11247,8579530734225,1920,1200
directshow_index_1,945,174232265000000,174232265000000,174232265000000,2026-09-05T05:17:50.986989+00:00,,,640,480
daheng_sn_FDE23080341,934,174232296000000,174232296000000,174232296000000,2026-09-05T05:17:51.055852+00:00,11258,8579615267025,1920,1200
directshow_index_1,946,174232359000000,174232359000000,174232359000000,2026-09-05T05:17:51.084875+00:00,,,640,480
daheng_sn_FDE23080341,935,174232390000000,174232390000000,174232390000000,2026-09-05T05:17:51.143098+00:00,11271,8579715169425,1920,1200
directshow_index_1,947,174232453000000,174232453000000,174232453000000,2026-09-05T05:17:51.175643+00:00,,,640,480
daheng_sn_FDE23080341,936,174232484000000,174232484000000,174232484000000,2026-09-05T05:17:51.237332+00:00,11283,8579807387025,1920,1200
directshow_index_1,948,174232546000000,174232546000000,174232546000000,2026-09-05T05:17:51.274372+00:00,,,640,480
daheng_sn_FDE23080341,937,174232578000000,174232578000000,174232578000000,2026-09-05T05:17:51.337742+00:00,11295,8579899604625,1920,1200
directshow_index_1,949,174232640000000,174232640000000,174232640000000,2026-09-05T05:17:51.364743+00:00,,,640,480
daheng_sn_FDE23080341,938,174232671000000,174232671000000,174232671000000,2026-09-05T05:17:51.435285+00:00,11308,8579999507025,1920,1200
directshow_index_1,950,174232734000000,174232734000000,174232734000000,2026-09-05T05:17:51.458514+00:00,,,640,480
daheng_sn_FDE23080341,939,174232765000000,174232765000000,174232765000000,2026-09-05T05:17:51.521368+00:00,11320,8580091724625,1920,1200
directshow_index_1,951,174232828000000,174232828000000,174232828000000,2026-09-05T05:17:51.550008+00:00,,,640,480
daheng_sn_FDE23080341,940,174232859000000,174232859000000,174232859000000,2026-09-05T05:17:51.624569+00:00,11332,8580183942225,1920,1200
directshow_index_1,952,174232921000000,174232921000000,174232921000000,2026-09-05T05:17:51.642678+00:00,,,640,480
daheng_sn_FDE23080341,941,174232953000000,174232953000000,174232953000000,2026-09-05T05:17:51.713861+00:00,11344,8580276159825,1920,1200
directshow_index_1,953,174233015000000,174233015000000,174233015000000,2026-09-05T05:17:51.738932+00:00,,,640,480
daheng_sn_FDE23080341,942,174233046000000,174233046000000,174233046000000,2026-09-05T05:17:51.811006+00:00,11357,8580376062225,1920,1200
directshow_index_1,954,174233109000000,174233109000000,174233109000000,2026-09-05T05:17:51.836792+00:00,,,640,480
daheng_sn_FDE23080341,943,174233140000000,174233140000000,174233140000000,2026-09-05T05:17:51.905065+00:00,11368,8580460595025,1920,1200
directshow_index_1,955,174233203000000,174233203000000,174233203000000,2026-09-05T05:17:51.928630+00:00,,,640,480
daheng_sn_FDE23080341,944,174233234000000,174233234000000,174233234000000,2026-09-05T05:17:51.997193+00:00,11381,8580560497425,1920,1200
directshow_index_1,956,174233296000000,174233296000000,174233296000000,2026-09-05T05:17:52.021185+00:00,,,640,480
daheng_sn_FDE23080341,945,174233328000000,174233328000000,174233328000000,2026-09-05T05:17:52.089708+00:00,11393,8580652715025,1920,1200
directshow_index_1,957,174233390000000,174233390000000,174233390000000,2026-09-05T05:17:52.113195+00:00,,,640,480
daheng_sn_FDE23080341,946,174233421000000,174233421000000,174233421000000,2026-09-05T05:17:52.188161+00:00,11405,8580744932625,1920,1200
directshow_index_1,958,174233484000000,174233484000000,174233484000000,2026-09-05T05:17:52.209161+00:00,,,640,480
daheng_sn_FDE23080341,947,174233515000000,174233515000000,174233515000000,2026-09-05T05:17:52.286419+00:00,11417,8580837150225,1920,1200
directshow_index_1,959,174233578000000,174233578000000,174233578000000,2026-09-05T05:17:52.303419+00:00,,,640,480
daheng_sn_FDE23080341,948,174233609000000,174233609000000,174233609000000,2026-09-05T05:17:52.380946+00:00,11430,8580937052625,1920,1200
directshow_index_1,960,174233671000000,174233671000000,174233671000000,2026-09-05T05:17:52.396943+00:00,,,640,480
daheng_sn_FDE23080341,949,174233703000000,174233703000000,174233703000000,2026-09-05T05:17:52.467596+00:00,11442,8581029270225,1920,1200
directshow_index_1,961,174233765000000,174233765000000,174233765000000,2026-09-05T05:17:52.487618+00:00,,,640,480
daheng_sn_FDE23080341,950,174233796000000,174233796000000,174233796000000,2026-09-05T05:17:52.565032+00:00,11454,8581121487825,1920,1200
directshow_index_1,962,174233859000000,174233859000000,174233859000000,2026-09-05T05:17:52.593236+00:00,,,640,480
daheng_sn_FDE23080341,951,174233890000000,174233890000000,174233890000000,2026-09-05T05:17:52.651730+00:00,11467,8581221390225,1920,1200
directshow_index_1,963,174233953000000,174233953000000,174233953000000,2026-09-05T05:17:52.678614+00:00,,,640,480
daheng_sn_FDE23080341,952,174233984000000,174233984000000,174233984000000,2026-09-05T05:17:52.756736+00:00,11478,8581305923025,1920,1200
directshow_index_1,964,174234046000000,174234046000000,174234046000000,2026-09-05T05:17:52.772793+00:00,,,640,480
daheng_sn_FDE23080341,953,174234078000000,174234078000000,174234078000000,2026-09-05T05:17:52.844013+00:00,11491,8581405825425,1920,1200
directshow_index_1,965,174234140000000,174234140000000,174234140000000,2026-09-05T05:17:52.863379+00:00,,,640,480
daheng_sn_FDE23080341,954,174234171000000,174234171000000,174234171000000,2026-09-05T05:17:52.933822+00:00,11503,8581498043025,1920,1200
directshow_index_1,966,174234234000000,174234234000000,174234234000000,2026-09-05T05:17:52.962568+00:00,,,640,480
daheng_sn_FDE23080341,955,174234265000000,174234265000000,174234265000000,2026-09-05T05:17:53.029774+00:00,11515,8581590260625,1920,1200
directshow_index_1,967,174234328000000,174234328000000,174234328000000,2026-09-05T05:17:53.054287+00:00,,,640,480
daheng_sn_FDE23080341,956,174234359000000,174234359000000,174234359000000,2026-09-05T05:17:53.122209+00:00,11527,8581682478225,1920,1200
directshow_index_1,968,174234421000000,174234421000000,174234421000000,2026-09-05T05:17:53.145503+00:00,,,640,480
daheng_sn_FDE23080341,957,174234453000000,174234453000000,174234453000000,2026-09-05T05:17:53.222321+00:00,11540,8581782380625,1920,1200
directshow_index_1,969,174234515000000,174234515000000,174234515000000,2026-09-05T05:17:53.238412+00:00,,,640,480
daheng_sn_FDE23080341,958,174234546000000,174234546000000,174234546000000,2026-09-05T05:17:53.309887+00:00,11552,8581874598225,1920,1200
directshow_index_1,970,174234609000000,174234609000000,174234609000000,2026-09-05T05:17:53.330293+00:00,,,640,480
daheng_sn_FDE23080341,959,174234640000000,174234640000000,174234640000000,2026-09-05T05:17:53.399404+00:00,11564,8581966815825,1920,1200
directshow_index_1,971,174234703000000,174234703000000,174234703000000,2026-09-05T05:17:53.428412+00:00,,,640,480
daheng_sn_FDE23080341,960,174234734000000,174234734000000,174234734000000,2026-09-05T05:17:53.495141+00:00,11576,8582059033425,1920,1200
directshow_index_1,972,174234796000000,174234796000000,174234796000000,2026-09-05T05:17:53.522758+00:00,,,640,480
daheng_sn_FDE23080341,961,174234828000000,174234828000000,174234828000000,2026-09-05T05:17:53.588587+00:00,11588,8582151251025,1920,1200
directshow_index_1,973,174234890000000,174234890000000,174234890000000,2026-09-05T05:17:53.612841+00:00,,,640,480
daheng_sn_FDE23080341,962,174234921000000,174234921000000,174234921000000,2026-09-05T05:17:53.684101+00:00,11600,8582243468625,1920,1200
directshow_index_1,974,174234984000000,174234984000000,174234984000000,2026-09-05T05:17:53.710448+00:00,,,640,480
daheng_sn_FDE23080341,963,174235015000000,174235015000000,174235015000000,2026-09-05T05:17:53.787639+00:00,11613,8582343371025,1920,1200
directshow_index_1,975,174235078000000,174235078000000,174235078000000,2026-09-05T05:17:53.804881+00:00,,,640,480
daheng_sn_FDE23080341,964,174235109000000,174235109000000,174235109000000,2026-09-05T05:17:53.868895+00:00,11625,8582435588625,1920,1200
directshow_index_1,976,174235171000000,174235171000000,174235171000000,2026-09-05T05:17:53.892953+00:00,,,640,480
daheng_sn_FDE23080341,965,174235203000000,174235203000000,174235203000000,2026-09-05T05:17:53.958264+00:00,11637,8582527806225,1920,1200
directshow_index_1,977,174235265000000,174235265000000,174235265000000,2026-09-05T05:17:53.989732+00:00,,,640,480
daheng_sn_FDE23080341,966,174235296000000,174235296000000,174235296000000,2026-09-05T05:17:54.049069+00:00,11649,8582620023825,1920,1200
directshow_index_1,978,174235359000000,174235359000000,174235359000000,2026-09-05T05:17:54.081468+00:00,,,640,480
daheng_sn_FDE23080341,967,174235390000000,174235390000000,174235390000000,2026-09-05T05:17:54.140749+00:00,11662,8582719926225,1920,1200
directshow_index_1,979,174235453000000,174235453000000,174235453000000,2026-09-05T05:17:54.178542+00:00,,,640,480
daheng_sn_FDE23080341,968,174235484000000,174235484000000,174235484000000,2026-09-05T05:17:54.229439+00:00,11674,8582812143825,1920,1200
directshow_index_1,980,174235546000000,174235546000000,174235546000000,2026-09-05T05:17:54.270284+00:00,,,640,480
daheng_sn_FDE23080341,969,174235578000000,174235578000000,174235578000000,2026-09-05T05:17:54.340219+00:00,11686,8582904361425,1920,1200
directshow_index_1,981,174235640000000,174235640000000,174235640000000,2026-09-05T05:17:54.366220+00:00,,,640,480
daheng_sn_FDE23080341,970,174235671000000,174235671000000,174235671000000,2026-09-05T05:17:54.422968+00:00,11698,8582996579025,1920,1200
directshow_index_1,982,174235734000000,174235734000000,174235734000000,2026-09-05T05:17:54.455636+00:00,,,640,480
daheng_sn_FDE23080341,971,174235765000000,174235765000000,174235765000000,2026-09-05T05:17:54.513593+00:00,11710,8583088796625,1920,1200
directshow_index_1,983,174235828000000,174235828000000,174235828000000,2026-09-05T05:17:54.553264+00:00,,,640,480
daheng_sn_FDE23080341,972,174235859000000,174235859000000,174235859000000,2026-09-05T05:17:54.612303+00:00,11723,8583188699025,1920,1200
directshow_index_1,984,174235921000000,174235921000000,174235921000000,2026-09-05T05:17:54.642981+00:00,,,640,480
daheng_sn_FDE23080341,973,174235953000000,174235953000000,174235953000000,2026-09-05T05:17:54.704458+00:00,11735,8583280916625,1920,1200
directshow_index_1,985,174236015000000,174236015000000,174236015000000,2026-09-05T05:17:54.739583+00:00,,,640,480
daheng_sn_FDE23080341,974,174236046000000,174236046000000,174236046000000,2026-09-05T05:17:54.801543+00:00,11747,8583373134225,1920,1200
directshow_index_1,986,174236109000000,174236109000000,174236109000000,2026-09-05T05:17:54.831855+00:00,,,640,480
daheng_sn_FDE23080341,975,174236140000000,174236140000000,174236140000000,2026-09-05T05:17:54.898052+00:00,11759,8583465351825,1920,1200
directshow_index_1,987,174236203000000,174236203000000,174236203000000,2026-09-05T05:17:54.926768+00:00,,,640,480
daheng_sn_FDE23080341,976,174236234000000,174236234000000,174236234000000,2026-09-05T05:17:55.007063+00:00,11771,8583557569425,1920,1200
directshow_index_1,988,174236296000000,174236296000000,174236296000000,2026-09-05T05:17:55.021420+00:00,,,640,480
daheng_sn_FDE23080341,977,174236328000000,174236328000000,174236328000000,2026-09-05T05:17:55.106325+00:00,11784,8583657471825,1920,1200
directshow_index_1,989,174236390000000,174236390000000,174236390000000,2026-09-05T05:17:55.113325+00:00,,,640,480
daheng_sn_FDE23080341,978,174236421000000,174236421000000,174236421000000,2026-09-05T05:17:55.194147+00:00,11796,8583749689425,1920,1200
directshow_index_1,990,174236484000000,174236484000000,174236484000000,2026-09-05T05:17:55.207140+00:00,,,640,480
daheng_sn_FDE23080341,979,174236515000000,174236515000000,174236515000000,2026-09-05T05:17:55.279891+00:00,11808,8583841907025,1920,1200
directshow_index_1,991,174236578000000,174236578000000,174236578000000,2026-09-05T05:17:55.304690+00:00,,,640,480
daheng_sn_FDE23080341,980,174236609000000,174236609000000,174236609000000,2026-09-05T05:17:55.379849+00:00,11821,8583941809425,1920,1200
directshow_index_1,992,174236671000000,174236671000000,174236671000000,2026-09-05T05:17:55.402849+00:00,,,640,480
daheng_sn_FDE23080341,981,174236703000000,174236703000000,174236703000000,2026-09-05T05:17:55.476857+00:00,11832,8584026342225,1920,1200
directshow_index_1,993,174236765000000,174236765000000,174236765000000,2026-09-05T05:17:55.494057+00:00,,,640,480
daheng_sn_FDE23080341,982,174236796000000,174236796000000,174236796000000,2026-09-05T05:17:55.566651+00:00,11844,8584118559825,1920,1200
directshow_index_1,994,174236859000000,174236859000000,174236859000000,2026-09-05T05:17:55.587088+00:00,,,640,480
daheng_sn_FDE23080341,983,174236890000000,174236890000000,174236890000000,2026-09-05T05:17:55.656446+00:00,11857,8584218462225,1920,1200
directshow_index_1,995,174236953000000,174236953000000,174236953000000,2026-09-05T05:17:55.681540+00:00,,,640,480
daheng_sn_FDE23080341,984,174236984000000,174236984000000,174236984000000,2026-09-05T05:17:55.751302+00:00,11869,8584310679825,1920,1200
directshow_index_1,996,174237046000000,174237046000000,174237046000000,2026-09-05T05:17:55.773518+00:00,,,640,480
daheng_sn_FDE23080341,985,174237078000000,174237078000000,174237078000000,2026-09-05T05:17:55.845653+00:00,11881,8584402897425,1920,1200
directshow_index_1,997,174237140000000,174237140000000,174237140000000,2026-09-05T05:17:55.862378+00:00,,,640,480
daheng_sn_FDE23080341,986,174237171000000,174237171000000,174237171000000,2026-09-05T05:17:55.944774+00:00,11893,8584495115025,1920,1200
directshow_index_1,998,174237234000000,174237234000000,174237234000000,2026-09-05T05:17:55.973383+00:00,,,640,480
daheng_sn_FDE23080341,987,174237265000000,174237265000000,174237265000000,2026-09-05T05:17:56.031097+00:00,11906,8584595017425,1920,1200
directshow_index_1,999,174237328000000,174237328000000,174237328000000,2026-09-05T05:17:56.052277+00:00,,,640,480
daheng_sn_FDE23080341,988,174237359000000,174237359000000,174237359000000,2026-09-05T05:17:56.125416+00:00,11918,8584687235025,1920,1200
directshow_index_1,1000,174237421000000,174237421000000,174237421000000,2026-09-05T05:17:56.145530+00:00,,,640,480
daheng_sn_FDE23080341,989,174237453000000,174237453000000,174237453000000,2026-09-05T05:17:56.224067+00:00,11930,8584779452625,1920,1200
directshow_index_1,1001,174237515000000,174237515000000,174237515000000,2026-09-05T05:17:56.238194+00:00,,,640,480
daheng_sn_FDE23080341,990,174237546000000,174237546000000,174237546000000,2026-09-05T05:17:56.306079+00:00,11942,8584871670225,1920,1200
directshow_index_1,1002,174237609000000,174237609000000,174237609000000,2026-09-05T05:17:56.332572+00:00,,,640,480
daheng_sn_FDE23080341,991,174237640000000,174237640000000,174237640000000,2026-09-05T05:17:56.402882+00:00,11954,8584963887825,1920,1200
directshow_index_1,1003,174237703000000,174237703000000,174237703000000,2026-09-05T05:17:56.425978+00:00,,,640,480
daheng_sn_FDE23080341,992,174237734000000,174237734000000,174237734000000,2026-09-05T05:17:56.499904+00:00,11967,8585063790225,1920,1200
directshow_index_1,1004,174237796000000,174237796000000,174237796000000,2026-09-05T05:17:56.530541+00:00,,,640,480
daheng_sn_FDE23080341,993,174237828000000,174237828000000,174237828000000,2026-09-05T05:17:56.585056+00:00,11979,8585156007825,1920,1200
directshow_index_1,1005,174237890000000,174237890000000,174237890000000,2026-09-05T05:17:56.613231+00:00,,,640,480
daheng_sn_FDE23080341,994,174237921000000,174237921000000,174237921000000,2026-09-05T05:17:56.682731+00:00,11991,8585248225425,1920,1200
directshow_index_1,1006,174237984000000,174237984000000,174237984000000,2026-09-05T05:17:56.711843+00:00,,,640,480
daheng_sn_FDE23080341,995,174238015000000,174238015000000,174238015000000,2026-09-05T05:17:56.776695+00:00,12003,8585340443025,1920,1200
directshow_index_1,1007,174238078000000,174238078000000,174238078000000,2026-09-05T05:17:56.804719+00:00,,,640,480
daheng_sn_FDE23080341,996,174238109000000,174238109000000,174238109000000,2026-09-05T05:17:56.868558+00:00,12015,8585432660625,1920,1200
directshow_index_1,1008,174238171000000,174238171000000,174238171000000,2026-09-05T05:17:56.899708+00:00,,,640,480
daheng_sn_FDE23080341,997,174238203000000,174238203000000,174238203000000,2026-09-05T05:17:56.961536+00:00,12028,8585532563025,1920,1200
directshow_index_1,1009,174238265000000,174238265000000,174238265000000,2026-09-05T05:17:56.989509+00:00,,,640,480
daheng_sn_FDE23080341,998,174238296000000,174238296000000,174238296000000,2026-09-05T05:17:57.064822+00:00,12040,8585624780625,1920,1200
directshow_index_1,1010,174238359000000,174238359000000,174238359000000,2026-09-05T05:17:57.079817+00:00,,,640,480
daheng_sn_FDE23080341,999,174238390000000,174238390000000,174238390000000,2026-09-05T05:17:57.150683+00:00,12052,8585716998225,1920,1200
directshow_index_1,1011,174238453000000,174238453000000,174238453000000,2026-09-05T05:17:57.181866+00:00,,,640,480
daheng_sn_FDE23080341,1000,174238484000000,174238484000000,174238484000000,2026-09-05T05:17:57.241450+00:00,12064,8585809215825,1920,1200
directshow_index_1,1012,174238546000000,174238546000000,174238546000000,2026-09-05T05:17:57.271961+00:00,,,640,480
daheng_sn_FDE23080341,1001,174238578000000,174238578000000,174238578000000,2026-09-05T05:17:57.340928+00:00,12076,8585901433425,1920,1200
directshow_index_1,1013,174238640000000,174238640000000,174238640000000,2026-09-05T05:17:57.365458+00:00,,,640,480
daheng_sn_FDE23080341,1002,174238671000000,174238671000000,174238671000000,2026-09-05T05:17:57.429891+00:00,12089,8586001335825,1920,1200
directshow_index_1,1014,174238734000000,174238734000000,174238734000000,2026-09-05T05:17:57.457417+00:00,,,640,480
daheng_sn_FDE23080341,1003,174238765000000,174238765000000,174238765000000,2026-09-05T05:17:57.525713+00:00,12101,8586093553425,1920,1200
directshow_index_1,1015,174238828000000,174238828000000,174238828000000,2026-09-05T05:17:57.548740+00:00,,,640,480
daheng_sn_FDE23080341,1004,174238859000000,174238859000000,174238859000000,2026-09-05T05:17:57.641131+00:00,12112,8586178086225,1920,1200
directshow_index_1,1016,174238921000000,174238921000000,174238921000000,2026-09-05T05:17:57.646495+00:00,,,640,480
daheng_sn_FDE23080341,1005,174238953000000,174238953000000,174238953000000,2026-09-05T05:17:57.715001+00:00,12125,8586277988625,1920,1200
directshow_index_1,1017,174239015000000,174239015000000,174239015000000,2026-09-05T05:17:57.738015+00:00,,,640,480
daheng_sn_FDE23080341,1006,174239046000000,174239046000000,174239046000000,2026-09-05T05:17:57.807118+00:00,12137,8586370206225,1920,1200
directshow_index_1,1018,174239109000000,174239109000000,174239109000000,2026-09-05T05:17:57.836149+00:00,,,640,480
daheng_sn_FDE23080341,1007,174239140000000,174239140000000,174239140000000,2026-09-05T05:17:57.898325+00:00,12150,8586470108625,1920,1200
directshow_index_1,1019,174239203000000,174239203000000,174239203000000,2026-09-05T05:17:57.926752+00:00,,,640,480
daheng_sn_FDE23080341,1008,174239234000000,174239234000000,174239234000000,2026-09-05T05:17:57.992120+00:00,12161,8586554641425,1920,1200
directshow_index_1,1020,174239296000000,174239296000000,174239296000000,2026-09-05T05:17:58.018459+00:00,,,640,480
daheng_sn_FDE23080341,1009,174239328000000,174239328000000,174239328000000,2026-09-05T05:17:58.087696+00:00,12174,8586654543825,1920,1200
directshow_index_1,1021,174239390000000,174239390000000,174239390000000,2026-09-05T05:17:58.115161+00:00,,,640,480
daheng_sn_FDE23080341,1010,174239421000000,174239421000000,174239421000000,2026-09-05T05:17:58.180067+00:00,12186,8586746761425,1920,1200
directshow_index_1,1022,174239484000000,174239484000000,174239484000000,2026-09-05T05:17:58.211926+00:00,,,640,480
daheng_sn_FDE23080341,1011,174239515000000,174239515000000,174239515000000,2026-09-05T05:17:58.272705+00:00,12198,8586838979025,1920,1200
directshow_index_1,1023,174239578000000,174239578000000,174239578000000,2026-09-05T05:17:58.302045+00:00,,,640,480
daheng_sn_FDE23080341,1012,174239609000000,174239609000000,174239609000000,2026-09-05T05:17:58.364800+00:00,12211,8586938881425,1920,1200
directshow_index_1,1024,174239671000000,174239671000000,174239671000000,2026-09-05T05:17:58.392068+00:00,,,640,480
daheng_sn_FDE23080341,1013,174239703000000,174239703000000,174239703000000,2026-09-05T05:17:58.452813+00:00,12223,8587031099025,1920,1200
directshow_index_1,1025,174239765000000,174239765000000,174239765000000,2026-09-05T05:17:58.486731+00:00,,,640,480
daheng_sn_FDE23080341,1014,174239796000000,174239796000000,174239796000000,2026-09-05T05:17:58.542795+00:00,12235,8587123316625,1920,1200
directshow_index_1,1026,174239859000000,174239859000000,174239859000000,2026-09-05T05:17:58.586307+00:00,,,640,480
daheng_sn_FDE23080341,1015,174239890000000,174239890000000,174239890000000,2026-09-05T05:17:58.642124+00:00,12247,8587215534225,1920,1200
directshow_index_1,1027,174239953000000,174239953000000,174239953000000,2026-09-05T05:17:58.678760+00:00,,,640,480
daheng_sn_FDE23080341,1016,174239984000000,174239984000000,174239984000000,2026-09-05T05:17:58.750980+00:00,12259,8587307751825,1920,1200
directshow_index_1,1028,174240046000000,174240046000000,174240046000000,2026-09-05T05:17:58.770801+00:00,,,640,480
daheng_sn_FDE23080341,1017,174240078000000,174240078000000,174240078000000,2026-09-05T05:17:58.840178+00:00,12272,8587407654225,1920,1200
directshow_index_1,1029,174240140000000,174240140000000,174240140000000,2026-09-05T05:17:58.863543+00:00,,,640,480
daheng_sn_FDE23080341,1018,174240171000000,174240171000000,174240171000000,2026-09-05T05:17:58.931166+00:00,12283,8587492187025,1920,1200
directshow_index_1,1030,174240234000000,174240234000000,174240234000000,2026-09-05T05:17:58.955750+00:00,,,640,480
daheng_sn_FDE23080341,1019,174240265000000,174240265000000,174240265000000,2026-09-05T05:17:59.029440+00:00,12295,8587584404625,1920,1200
directshow_index_1,1031,174240328000000,174240328000000,174240328000000,2026-09-05T05:17:59.055914+00:00,,,640,480
daheng_sn_FDE23080341,1020,174240359000000,174240359000000,174240359000000,2026-09-05T05:17:59.118049+00:00,12308,8587684307025,1920,1200
directshow_index_1,1032,174240421000000,174240421000000,174240421000000,2026-09-05T05:17:59.143069+00:00,,,640,480
daheng_sn_FDE23080341,1021,174240453000000,174240453000000,174240453000000,2026-09-05T05:17:59.210433+00:00,12320,8587776524625,1920,1200
directshow_index_1,1033,174240515000000,174240515000000,174240515000000,2026-09-05T05:17:59.240437+00:00,,,640,480
daheng_sn_FDE23080341,1022,174240546000000,174240546000000,174240546000000,2026-09-05T05:17:59.308256+00:00,12333,8587876427025,1920,1200
directshow_index_1,1034,174240609000000,174240609000000,174240609000000,2026-09-05T05:17:59.335282+00:00,,,640,480
daheng_sn_FDE23080341,1023,174240640000000,174240640000000,174240640000000,2026-09-05T05:17:59.399859+00:00,12344,8587960959825,1920,1200
directshow_index_1,1035,174240703000000,174240703000000,174240703000000,2026-09-05T05:17:59.426870+00:00,,,640,480
daheng_sn_FDE23080341,1024,174240734000000,174240734000000,174240734000000,2026-09-05T05:17:59.490501+00:00,12356,8588053177425,1920,1200
directshow_index_1,1036,174240796000000,174240796000000,174240796000000,2026-09-05T05:17:59.520749+00:00,,,640,480
daheng_sn_FDE23080341,1025,174240828000000,174240828000000,174240828000000,2026-09-05T05:17:59.590872+00:00,12369,8588153079825,1920,1200
directshow_index_1,1037,174240890000000,174240890000000,174240890000000,2026-09-05T05:17:59.615203+00:00,,,640,480
daheng_sn_FDE23080341,1026,174240921000000,174240921000000,174240921000000,2026-09-05T05:17:59.681258+00:00,12381,8588245297425,1920,1200
directshow_index_1,1038,174240984000000,174240984000000,174240984000000,2026-09-05T05:17:59.708425+00:00,,,640,480
daheng_sn_FDE23080341,1027,174241015000000,174241015000000,174241015000000,2026-09-05T05:17:59.772854+00:00,12394,8588345199825,1920,1200
directshow_index_1,1039,174241078000000,174241078000000,174241078000000,2026-09-05T05:17:59.800861+00:00,,,640,480
daheng_sn_FDE23080341,1028,174241109000000,174241109000000,174241109000000,2026-09-05T05:17:59.872513+00:00,12406,8588437417425,1920,1200
directshow_index_1,1040,174241171000000,174241171000000,174241171000000,2026-09-05T05:17:59.895891+00:00,,,640,480
daheng_sn_FDE23080341,1029,174241203000000,174241203000000,174241203000000,2026-09-05T05:17:59.957730+00:00,12418,8588529635025,1920,1200
directshow_index_1,1041,174241265000000,174241265000000,174241265000000,2026-09-05T05:17:59.992873+00:00,,,640,480
daheng_sn_FDE23080341,1030,174241296000000,174241296000000,174241296000000,2026-09-05T05:18:00.058561+00:00,12430,8588621852625,1920,1200
directshow_index_1,1042,174241359000000,174241359000000,174241359000000,2026-09-05T05:18:00.084081+00:00,,,640,480
daheng_sn_FDE23080341,1031,174241390000000,174241390000000,174241390000000,2026-09-05T05:18:00.150995+00:00,12442,8588714070225,1920,1200
directshow_index_1,1043,174241453000000,174241453000000,174241453000000,2026-09-05T05:18:00.173992+00:00,,,640,480
daheng_sn_FDE23080341,1032,174241484000000,174241484000000,174241484000000,2026-09-05T05:18:00.244840+00:00,12454,8588806287825,1920,1200
directshow_index_1,1044,174241546000000,174241546000000,174241546000000,2026-09-05T05:18:00.272359+00:00,,,640,480
daheng_sn_FDE23080341,1033,174241578000000,174241578000000,174241578000000,2026-09-05T05:18:00.340419+00:00,12466,8588898505425,1920,1200
directshow_index_1,1045,174241640000000,174241640000000,174241640000000,2026-09-05T05:18:00.372054+00:00,,,640,480
daheng_sn_FDE23080341,1034,174241671000000,174241671000000,174241671000000,2026-09-05T05:18:00.428625+00:00,12479,8588998407825,1920,1200
directshow_index_1,1046,174241734000000,174241734000000,174241734000000,2026-09-05T05:18:00.454630+00:00,,,640,480
daheng_sn_FDE23080341,1035,174241765000000,174241765000000,174241765000000,2026-09-05T05:18:00.522879+00:00,12491,8589090625425,1920,1200
directshow_index_1,1047,174241828000000,174241828000000,174241828000000,2026-09-05T05:18:00.553759+00:00,,,640,480
daheng_sn_FDE23080341,1036,174241859000000,174241859000000,174241859000000,2026-09-05T05:18:00.612180+00:00,12504,8589190527825,1920,1200
directshow_index_1,1048,174241921000000,174241921000000,174241921000000,2026-09-05T05:18:00.645813+00:00,,,640,480
daheng_sn_FDE23080341,1037,174241953000000,174241953000000,174241953000000,2026-09-05T05:18:00.720018+00:00,12516,8589282745425,1920,1200
directshow_index_1,1049,174242015000000,174242015000000,174242015000000,2026-09-05T05:18:00.737177+00:00,,,640,480
daheng_sn_FDE23080341,1038,174242046000000,174242046000000,174242046000000,2026-09-05T05:18:00.817519+00:00,12528,8589374963025,1920,1200
directshow_index_1,1050,174242109000000,174242109000000,174242109000000,2026-09-05T05:18:00.835529+00:00,,,640,480
daheng_sn_FDE23080341,1039,174242140000000,174242140000000,174242140000000,2026-09-05T05:18:00.897069+00:00,12540,8589467180625,1920,1200
directshow_index_1,1051,174242203000000,174242203000000,174242203000000,2026-09-05T05:18:00.928496+00:00,,,640,480
daheng_sn_FDE23080341,1040,174242234000000,174242234000000,174242234000000,2026-09-05T05:18:00.991361+00:00,12552,8589559398225,1920,1200
directshow_index_1,1052,174242296000000,174242296000000,174242296000000,2026-09-05T05:18:01.020787+00:00,,,640,480
daheng_sn_FDE23080341,1041,174242328000000,174242328000000,174242328000000,2026-09-05T05:18:01.084765+00:00,12564,8589651615825,1920,1200
directshow_index_1,1053,174242390000000,174242390000000,174242390000000,2026-09-05T05:18:01.116467+00:00,,,640,480
daheng_sn_FDE23080341,1042,174242421000000,174242421000000,174242421000000,2026-09-05T05:18:01.171652+00:00,12576,8589743833425,1920,1200
directshow_index_1,1054,174242484000000,174242484000000,174242484000000,2026-09-05T05:18:01.206851+00:00,,,640,480
daheng_sn_FDE23080341,1043,174242515000000,174242515000000,174242515000000,2026-09-05T05:18:01.269997+00:00,12589,8589843735825,1920,1200
directshow_index_1,1055,174242578000000,174242578000000,174242578000000,2026-09-05T05:18:01.304390+00:00,,,640,480
daheng_sn_FDE23080341,1044,174242609000000,174242609000000,174242609000000,2026-09-05T05:18:01.368274+00:00,12601,8589935953425,1920,1200
directshow_index_1,1056,174242671000000,174242671000000,174242671000000,2026-09-05T05:18:01.395393+00:00,,,640,480
daheng_sn_FDE23080341,1045,174242703000000,174242703000000,174242703000000,2026-09-05T05:18:01.459220+00:00,12613,8590028171025,1920,1200
directshow_index_1,1057,174242765000000,174242765000000,174242765000000,2026-09-05T05:18:01.487440+00:00,,,640,480
daheng_sn_FDE23080341,1046,174242796000000,174242796000000,174242796000000,2026-09-05T05:18:01.550443+00:00,12625,8590120388625,1920,1200
directshow_index_1,1058,174242859000000,174242859000000,174242859000000,2026-09-05T05:18:01.584641+00:00,,,640,480
daheng_sn_FDE23080341,1047,174242890000000,174242890000000,174242890000000,2026-09-05T05:18:01.639686+00:00,12637,8590212606225,1920,1200
directshow_index_1,1059,174242953000000,174242953000000,174242953000000,2026-09-05T05:18:01.676585+00:00,,,640,480
daheng_sn_FDE23080341,1048,174242984000000,174242984000000,174242984000000,2026-09-05T05:18:01.735642+00:00,12650,8590312508625,1920,1200
directshow_index_1,1060,174243046000000,174243046000000,174243046000000,2026-09-05T05:18:01.769697+00:00,,,640,480
daheng_sn_FDE23080341,1049,174243078000000,174243078000000,174243078000000,2026-09-05T05:18:01.822330+00:00,12662,8590404726225,1920,1200
directshow_index_1,1061,174243140000000,174243140000000,174243140000000,2026-09-05T05:18:01.864801+00:00,,,640,480
daheng_sn_FDE23080341,1050,174243171000000,174243171000000,174243171000000,2026-09-05T05:18:01.931125+00:00,12674,8590496943825,1920,1200
directshow_index_1,1062,174243234000000,174243234000000,174243234000000,2026-09-05T05:18:01.955209+00:00,,,640,480
daheng_sn_FDE23080341,1051,174243265000000,174243265000000,174243265000000,2026-09-05T05:18:02.015639+00:00,12686,8590589161425,1920,1200
directshow_index_1,1063,174243328000000,174243328000000,174243328000000,2026-09-05T05:18:02.053031+00:00,,,640,480
daheng_sn_FDE23080341,1052,174243359000000,174243359000000,174243359000000,2026-09-05T05:18:02.112269+00:00,12699,8590689063825,1920,1200
directshow_index_1,1064,174243421000000,174243421000000,174243421000000,2026-09-05T05:18:02.142563+00:00,,,640,480
daheng_sn_FDE23080341,1053,174243453000000,174243453000000,174243453000000,2026-09-05T05:18:02.207536+00:00,12710,8590773596625,1920,1200
directshow_index_1,1065,174243515000000,174243515000000,174243515000000,2026-09-05T05:18:02.237722+00:00,,,640,480
daheng_sn_FDE23080341,1054,174243546000000,174243546000000,174243546000000,2026-09-05T05:18:02.301848+00:00,12723,8590873499025,1920,1200
directshow_index_1,1066,174243609000000,174243609000000,174243609000000,2026-09-05T05:18:02.334298+00:00,,,640,480
daheng_sn_FDE23080341,1055,174243640000000,174243640000000,174243640000000,2026-09-05T05:18:02.389262+00:00,12735,8590965716625,1920,1200
directshow_index_1,1067,174243703000000,174243703000000,174243703000000,2026-09-05T05:18:02.425728+00:00,,,640,480
daheng_sn_FDE23080341,1056,174243734000000,174243734000000,174243734000000,2026-09-05T05:18:02.492080+00:00,12747,8591057934225,1920,1200
directshow_index_1,1068,174243796000000,174243796000000,174243796000000,2026-09-05T05:18:02.518718+00:00,,,640,480
daheng_sn_FDE23080341,1057,174243828000000,174243828000000,174243828000000,2026-09-05T05:18:02.590266+00:00,12760,8591157836625,1920,1200
directshow_index_1,1069,174243890000000,174243890000000,174243890000000,2026-09-05T05:18:02.616081+00:00,,,640,480
daheng_sn_FDE23080341,1058,174243921000000,174243921000000,174243921000000,2026-09-05T05:18:02.693947+00:00,12772,8591250054225,1920,1200
directshow_index_1,1070,174243984000000,174243984000000,174243984000000,2026-09-05T05:18:02.712948+00:00,,,640,480
daheng_sn_FDE23080341,1059,174244015000000,174244015000000,174244015000000,2026-09-05T05:18:02.782843+00:00,12784,8591342271825,1920,1200
directshow_index_1,1071,174244078000000,174244078000000,174244078000000,2026-09-05T05:18:02.807625+00:00,,,640,480
daheng_sn_FDE23080341,1060,174244109000000,174244109000000,174244109000000,2026-09-05T05:18:02.874999+00:00,12796,8591434489425,1920,1200
directshow_index_1,1072,174244171000000,174244171000000,174244171000000,2026-09-05T05:18:02.893607+00:00,,,640,480
daheng_sn_FDE23080341,1061,174244203000000,174244203000000,174244203000000,2026-09-05T05:18:02.967585+00:00,12808,8591526707025,1920,1200
directshow_index_1,1073,174244265000000,174244265000000,174244265000000,2026-09-05T05:18:02.990444+00:00,,,640,480
daheng_sn_FDE23080341,1062,174244296000000,174244296000000,174244296000000,2026-09-05T05:18:03.058112+00:00,12820,8591618924625,1920,1200
directshow_index_1,1074,174244359000000,174244359000000,174244359000000,2026-09-05T05:18:03.083960+00:00,,,640,480
daheng_sn_FDE23080341,1063,174244390000000,174244390000000,174244390000000,2026-09-05T05:18:03.148122+00:00,12833,8591718827025,1920,1200
directshow_index_1,1075,174244453000000,174244453000000,174244453000000,2026-09-05T05:18:03.174887+00:00,,,640,480
daheng_sn_FDE23080341,1064,174244484000000,174244484000000,174244484000000,2026-09-05T05:18:03.253363+00:00,12845,8591811044625,1920,1200
directshow_index_1,1076,174244546000000,174244546000000,174244546000000,2026-09-05T05:18:03.270367+00:00,,,640,480
daheng_sn_FDE23080341,1065,174244578000000,174244578000000,174244578000000,2026-09-05T05:18:03.338008+00:00,12857,8591903262225,1920,1200
directshow_index_1,1077,174244640000000,174244640000000,174244640000000,2026-09-05T05:18:03.365990+00:00,,,640,480
daheng_sn_FDE23080341,1066,174244671000000,174244671000000,174244671000000,2026-09-05T05:18:03.427086+00:00,12869,8591995479825,1920,1200
directshow_index_1,1078,174244734000000,174244734000000,174244734000000,2026-09-05T05:18:03.458602+00:00,,,640,480
daheng_sn_FDE23080341,1067,174244765000000,174244765000000,174244765000000,2026-09-05T05:18:03.523594+00:00,12882,8592095382225,1920,1200
directshow_index_1,1079,174244828000000,174244828000000,174244828000000,2026-09-05T05:18:03.551604+00:00,,,640,480
daheng_sn_FDE23080341,1068,174244859000000,174244859000000,174244859000000,2026-09-05T05:18:03.614994+00:00,12893,8592179915025,1920,1200
directshow_index_1,1080,174244921000000,174244921000000,174244921000000,2026-09-05T05:18:03.643379+00:00,,,640,480
daheng_sn_FDE23080341,1069,174244953000000,174244953000000,174244953000000,2026-09-05T05:18:03.714610+00:00,12906,8592279817425,1920,1200
directshow_index_1,1081,174245015000000,174245015000000,174245015000000,2026-09-05T05:18:03.740057+00:00,,,640,480
daheng_sn_FDE23080341,1070,174245046000000,174245046000000,174245046000000,2026-09-05T05:18:03.809794+00:00,12918,8592372035025,1920,1200
directshow_index_1,1082,174245109000000,174245109000000,174245109000000,2026-09-05T05:18:03.835856+00:00,,,640,480
daheng_sn_FDE23080341,1071,174245140000000,174245140000000,174245140000000,2026-09-05T05:18:03.900158+00:00,12930,8592464252625,1920,1200
directshow_index_1,1083,174245203000000,174245203000000,174245203000000,2026-09-05T05:18:03.926967+00:00,,,640,480
daheng_sn_FDE23080341,1072,174245234000000,174245234000000,174245234000000,2026-09-05T05:18:03.992632+00:00,12942,8592556470225,1920,1200
directshow_index_1,1084,174245296000000,174245296000000,174245296000000,2026-09-05T05:18:04.019423+00:00,,,640,480
daheng_sn_FDE23080341,1073,174245328000000,174245328000000,174245328000000,2026-09-05T05:18:04.090829+00:00,12954,8592648687825,1920,1200
directshow_index_1,1085,174245390000000,174245390000000,174245390000000,2026-09-05T05:18:04.115848+00:00,,,640,480
daheng_sn_FDE23080341,1074,174245421000000,174245421000000,174245421000000,2026-09-05T05:18:04.182170+00:00,12967,8592748590225,1920,1200
directshow_index_1,1086,174245484000000,174245484000000,174245484000000,2026-09-05T05:18:04.209788+00:00,,,640,480
daheng_sn_FDE23080341,1075,174245515000000,174245515000000,174245515000000,2026-09-05T05:18:04.273488+00:00,12979,8592840807825,1920,1200
directshow_index_1,1087,174245578000000,174245578000000,174245578000000,2026-09-05T05:18:04.301978+00:00,,,640,480
daheng_sn_FDE23080341,1076,174245609000000,174245609000000,174245609000000,2026-09-05T05:18:04.366089+00:00,12991,8592933025425,1920,1200
directshow_index_1,1088,174245671000000,174245671000000,174245671000000,2026-09-05T05:18:04.408895+00:00,,,640,480
daheng_sn_FDE23080341,1077,174245703000000,174245703000000,174245703000000,2026-09-05T05:18:04.467580+00:00,13004,8593032927825,1920,1200
directshow_index_1,1089,174245765000000,174245765000000,174245765000000,2026-09-05T05:18:04.491461+00:00,,,640,480
daheng_sn_FDE23080341,1078,174245796000000,174245796000000,174245796000000,2026-09-05T05:18:04.562439+00:00,13016,8593125145425,1920,1200
directshow_index_1,1090,174245859000000,174245859000000,174245859000000,2026-09-05T05:18:04.584163+00:00,,,640,480
daheng_sn_FDE23080341,1079,174245890000000,174245890000000,174245890000000,2026-09-05T05:18:04.658004+00:00,13027,8593209678225,1920,1200
directshow_index_1,1091,174245953000000,174245953000000,174245953000000,2026-09-05T05:18:04.677709+00:00,,,640,480
daheng_sn_FDE23080341,1080,174245984000000,174245984000000,174245984000000,2026-09-05T05:18:04.748316+00:00,13040,8593309580625,1920,1200
directshow_index_1,1092,174246046000000,174246046000000,174246046000000,2026-09-05T05:18:04.771428+00:00,,,640,480
daheng_sn_FDE23080341,1081,174246078000000,174246078000000,174246078000000,2026-09-05T05:18:04.834667+00:00,13053,8593409483025,1920,1200
directshow_index_1,1093,174246140000000,174246140000000,174246140000000,2026-09-05T05:18:04.863063+00:00,,,640,480
daheng_sn_FDE23080341,1082,174246171000000,174246171000000,174246171000000,2026-09-05T05:18:04.935348+00:00,13065,8593501700625,1920,1200
directshow_index_1,1094,174246234000000,174246234000000,174246234000000,2026-09-05T05:18:04.960270+00:00,,,640,480
daheng_sn_FDE23080341,1083,174246265000000,174246265000000,174246265000000,2026-09-05T05:18:05.019005+00:00,13077,8593593918225,1920,1200
directshow_index_1,1095,174246328000000,174246328000000,174246328000000,2026-09-05T05:18:05.052510+00:00,,,640,480
daheng_sn_FDE23080341,1084,174246359000000,174246359000000,174246359000000,2026-09-05T05:18:05.114644+00:00,13089,8593686135825,1920,1200
directshow_index_1,1096,174246421000000,174246421000000,174246421000000,2026-09-05T05:18:05.146334+00:00,,,640,480
daheng_sn_FDE23080341,1085,174246453000000,174246453000000,174246453000000,2026-09-05T05:18:05.213637+00:00,13101,8593778353425,1920,1200
directshow_index_1,1097,174246515000000,174246515000000,174246515000000,2026-09-05T05:18:05.241955+00:00,,,640,480
daheng_sn_FDE23080341,1086,174246546000000,174246546000000,174246546000000,2026-09-05T05:18:05.305534+00:00,13113,8593870571025,1920,1200
directshow_index_1,1098,174246609000000,174246609000000,174246609000000,2026-09-05T05:18:05.333302+00:00,,,640,480
daheng_sn_FDE23080341,1087,174246640000000,174246640000000,174246640000000,2026-09-05T05:18:05.392252+00:00,13125,8593962788625,1920,1200
directshow_index_1,1099,174246703000000,174246703000000,174246703000000,2026-09-05T05:18:05.424762+00:00,,,640,480
daheng_sn_FDE23080341,1088,174246734000000,174246734000000,174246734000000,2026-09-05T05:18:05.492597+00:00,13137,8594055006225,1920,1200
directshow_index_1,1100,174246796000000,174246796000000,174246796000000,2026-09-05T05:18:05.522886+00:00,,,640,480
daheng_sn_FDE23080341,1089,174246828000000,174246828000000,174246828000000,2026-09-05T05:18:05.613573+00:00,13150,8594154908625,1920,1200
directshow_index_1,1101,174246890000000,174246890000000,174246890000000,2026-09-05T05:18:05.619349+00:00,,,640,480
daheng_sn_FDE23080341,1090,174246921000000,174246921000000,174246921000000,2026-09-05T05:18:05.684122+00:00,13162,8594247126225,1920,1200
directshow_index_1,1102,174246984000000,174246984000000,174246984000000,2026-09-05T05:18:05.706232+00:00,,,640,480
daheng_sn_FDE23080341,1091,174247015000000,174247015000000,174247015000000,2026-09-05T05:18:05.778342+00:00,13174,8594339343825,1920,1200
directshow_index_1,1103,174247078000000,174247078000000,174247078000000,2026-09-05T05:18:05.799607+00:00,,,640,480
daheng_sn_FDE23080341,1092,174247109000000,174247109000000,174247109000000,2026-09-05T05:18:05.874491+00:00,13186,8594431561425,1920,1200
directshow_index_1,1104,174247171000000,174247171000000,174247171000000,2026-09-05T05:18:05.900015+00:00,,,640,480
daheng_sn_FDE23080341,1093,174247203000000,174247203000000,174247203000000,2026-09-05T05:18:05.969675+00:00,13199,8594531463825,1920,1200
directshow_index_1,1105,174247265000000,174247265000000,174247265000000,2026-09-05T05:18:05.994455+00:00,,,640,480
daheng_sn_FDE23080341,1094,174247296000000,174247296000000,174247296000000,2026-09-05T05:18:06.065960+00:00,13211,8594623681425,1920,1200
directshow_index_1,1106,174247359000000,174247359000000,174247359000000,2026-09-05T05:18:06.085960+00:00,,,640,480
daheng_sn_FDE23080341,1095,174247390000000,174247390000000,174247390000000,2026-09-05T05:18:06.163664+00:00,13223,8594715899025,1920,1200
directshow_index_1,1107,174247453000000,174247453000000,174247453000000,2026-09-05T05:18:06.188929+00:00,,,640,480
daheng_sn_FDE23080341,1096,174247484000000,174247484000000,174247484000000,2026-09-05T05:18:06.257755+00:00,13236,8594815801425,1920,1200
directshow_index_1,1108,174247546000000,174247546000000,174247546000000,2026-09-05T05:18:06.271751+00:00,,,640,480
daheng_sn_FDE23080341,1097,174247578000000,174247578000000,174247578000000,2026-09-05T05:18:06.348968+00:00,13247,8594900334225,1920,1200
directshow_index_1,1109,174247640000000,174247640000000,174247640000000,2026-09-05T05:18:06.365340+00:00,,,640,480
daheng_sn_FDE23080341,1098,174247671000000,174247671000000,174247671000000,2026-09-05T05:18:06.430371+00:00,13259,8594992551825,1920,1200
directshow_index_1,1110,174247734000000,174247734000000,174247734000000,2026-09-05T05:18:06.458990+00:00,,,640,480
daheng_sn_FDE23080341,1099,174247765000000,174247765000000,174247765000000,2026-09-05T05:18:06.527695+00:00,13272,8595092454225,1920,1200
directshow_index_1,1111,174247828000000,174247828000000,174247828000000,2026-09-05T05:18:06.551154+00:00,,,640,480
daheng_sn_FDE23080341,1100,174247859000000,174247859000000,174247859000000,2026-09-05T05:18:06.624667+00:00,13284,8595184671825,1920,1200
directshow_index_1,1112,174247921000000,174247921000000,174247921000000,2026-09-05T05:18:06.644830+00:00,,,640,480
daheng_sn_FDE23080341,1101,174247953000000,174247953000000,174247953000000,2026-09-05T05:18:06.738270+00:00,13296,8595276889425,1920,1200
directshow_index_1,1113,174248015000000,174248015000000,174248015000000,2026-09-05T05:18:06.740259+00:00,,,640,480
daheng_sn_FDE23080341,1102,174248046000000,174248046000000,174248046000000,2026-09-05T05:18:06.807713+00:00,13309,8595376791825,1920,1200
directshow_index_1,1114,174248109000000,174248109000000,174248109000000,2026-09-05T05:18:06.832863+00:00,,,640,480
daheng_sn_FDE23080341,1103,174248140000000,174248140000000,174248140000000,2026-09-05T05:18:06.903729+00:00,13321,8595469009425,1920,1200
directshow_index_1,1115,174248203000000,174248203000000,174248203000000,2026-09-05T05:18:06.925919+00:00,,,640,480
daheng_sn_FDE23080341,1104,174248234000000,174248234000000,174248234000000,2026-09-05T05:18:06.998619+00:00,13333,8595561227025,1920,1200
directshow_index_1,1116,174248296000000,174248296000000,174248296000000,2026-09-05T05:18:07.023811+00:00,,,640,480
daheng_sn_FDE23080341,1105,174248328000000,174248328000000,174248328000000,2026-09-05T05:18:07.094067+00:00,13345,8595653444625,1920,1200
directshow_index_1,1117,174248390000000,174248390000000,174248390000000,2026-09-05T05:18:07.118169+00:00,,,640,480
daheng_sn_FDE23080341,1106,174248421000000,174248421000000,174248421000000,2026-09-05T05:18:07.188909+00:00,13357,8595745662225,1920,1200
directshow_index_1,1118,174248484000000,174248484000000,174248484000000,2026-09-05T05:18:07.210557+00:00,,,640,480
daheng_sn_FDE23080341,1107,174248515000000,174248515000000,174248515000000,2026-09-05T05:18:07.276650+00:00,13370,8595845564625,1920,1200
directshow_index_1,1119,174248578000000,174248578000000,174248578000000,2026-09-05T05:18:07.302174+00:00,,,640,480
daheng_sn_FDE23080341,1108,174248609000000,174248609000000,174248609000000,2026-09-05T05:18:07.369472+00:00,13382,8595937782225,1920,1200
directshow_index_1,1120,174248671000000,174248671000000,174248671000000,2026-09-05T05:18:07.395379+00:00,,,640,480
daheng_sn_FDE23080341,1109,174248703000000,174248703000000,174248703000000,2026-09-05T05:18:07.462052+00:00,13394,8596029999825,1920,1200
directshow_index_1,1121,174248765000000,174248765000000,174248765000000,2026-09-05T05:18:07.490054+00:00,,,640,480
daheng_sn_FDE23080341,1110,174248796000000,174248796000000,174248796000000,2026-09-05T05:18:07.554377+00:00,13406,8596122217425,1920,1200
directshow_index_1,1122,174248859000000,174248859000000,174248859000000,2026-09-05T05:18:07.583936+00:00,,,640,480
daheng_sn_FDE23080341,1111,174248890000000,174248890000000,174248890000000,2026-09-05T05:18:07.653866+00:00,13419,8596222119825,1920,1200
directshow_index_1,1123,174248953000000,174248953000000,174248953000000,2026-09-05T05:18:07.675471+00:00,,,640,480
daheng_sn_FDE23080341,1112,174248984000000,174248984000000,174248984000000,2026-09-05T05:18:07.749754+00:00,13430,8596306652625,1920,1200
directshow_index_1,1124,174249046000000,174249046000000,174249046000000,2026-09-05T05:18:07.767359+00:00,,,640,480
daheng_sn_FDE23080341,1113,174249078000000,174249078000000,174249078000000,2026-09-05T05:18:07.833964+00:00,13442,8596398870225,1920,1200
directshow_index_1,1125,174249140000000,174249140000000,174249140000000,2026-09-05T05:18:07.874716+00:00,,,640,480
daheng_sn_FDE23080341,1114,174249171000000,174249171000000,174249171000000,2026-09-05T05:18:07.931210+00:00,13455,8596498772625,1920,1200
directshow_index_1,1126,174249234000000,174249234000000,174249234000000,2026-09-05T05:18:07.958405+00:00,,,640,480
daheng_sn_FDE23080341,1115,174249265000000,174249265000000,174249265000000,2026-09-05T05:18:08.027253+00:00,13467,8596590990225,1920,1200
directshow_index_1,1127,174249328000000,174249328000000,174249328000000,2026-09-05T05:18:08.053286+00:00,,,640,480
daheng_sn_FDE23080341,1116,174249359000000,174249359000000,174249359000000,2026-09-05T05:18:08.121661+00:00,13480,8596690892625,1920,1200
directshow_index_1,1128,174249421000000,174249421000000,174249421000000,2026-09-05T05:18:08.145146+00:00,,,640,480
daheng_sn_FDE23080341,1117,174249453000000,174249453000000,174249453000000,2026-09-05T05:18:08.212173+00:00,13491,8596775425425,1920,1200
directshow_index_1,1129,174249515000000,174249515000000,174249515000000,2026-09-05T05:18:08.241436+00:00,,,640,480
daheng_sn_FDE23080341,1118,174249546000000,174249546000000,174249546000000,2026-09-05T05:18:08.305892+00:00,13504,8596875327825,1920,1200
directshow_index_1,1130,174249609000000,174249609000000,174249609000000,2026-09-05T05:18:08.335016+00:00,,,640,480
daheng_sn_FDE23080341,1119,174249640000000,174249640000000,174249640000000,2026-09-05T05:18:08.401534+00:00,13516,8596967545425,1920,1200
directshow_index_1,1131,174249703000000,174249703000000,174249703000000,2026-09-05T05:18:08.427545+00:00,,,640,480
daheng_sn_FDE23080341,1120,174249734000000,174249734000000,174249734000000,2026-09-05T05:18:08.494075+00:00,13528,8597059763025,1920,1200
directshow_index_1,1132,174249796000000,174249796000000,174249796000000,2026-09-05T05:18:08.518696+00:00,,,640,480
daheng_sn_FDE23080341,1121,174249828000000,174249828000000,174249828000000,2026-09-05T05:18:08.585225+00:00,13540,8597151980625,1920,1200
directshow_index_1,1133,174249890000000,174249890000000,174249890000000,2026-09-05T05:18:08.616343+00:00,,,640,480
daheng_sn_FDE23080341,1122,174249921000000,174249921000000,174249921000000,2026-09-05T05:18:08.682323+00:00,13553,8597251883025,1920,1200
directshow_index_1,1134,174249984000000,174249984000000,174249984000000,2026-09-05T05:18:08.710618+00:00,,,640,480
daheng_sn_FDE23080341,1123,174250015000000,174250015000000,174250015000000,2026-09-05T05:18:08.772603+00:00,13565,8597344100625,1920,1200
directshow_index_1,1135,174250078000000,174250078000000,174250078000000,2026-09-05T05:18:08.801612+00:00,,,640,480
daheng_sn_FDE23080341,1124,174250109000000,174250109000000,174250109000000,2026-09-05T05:18:08.870518+00:00,13576,8597428633425,1920,1200
directshow_index_1,1136,174250171000000,174250171000000,174250171000000,2026-09-05T05:18:08.893616+00:00,,,640,480
daheng_sn_FDE23080341,1125,174250203000000,174250203000000,174250203000000,2026-09-05T05:18:08.962838+00:00,13589,8597528535825,1920,1200
directshow_index_1,1137,174250265000000,174250265000000,174250265000000,2026-09-05T05:18:09.008332+00:00,,,640,480
daheng_sn_FDE23080341,1126,174250296000000,174250296000000,174250296000000,2026-09-05T05:18:09.056339+00:00,13601,8597620753425,1920,1200
directshow_index_1,1138,174250359000000,174250359000000,174250359000000,2026-09-05T05:18:09.081583+00:00,,,640,480
daheng_sn_FDE23080341,1127,174250390000000,174250390000000,174250390000000,2026-09-05T05:18:09.158642+00:00,13614,8597720655825,1920,1200
directshow_index_1,1139,174250453000000,174250453000000,174250453000000,2026-09-05T05:18:09.180235+00:00,,,640,480
daheng_sn_FDE23080341,1128,174250484000000,174250484000000,174250484000000,2026-09-05T05:18:09.246351+00:00,13626,8597812873425,1920,1200
directshow_index_1,1140,174250546000000,174250546000000,174250546000000,2026-09-05T05:18:09.270702+00:00,,,640,480
daheng_sn_FDE23080341,1129,174250578000000,174250578000000,174250578000000,2026-09-05T05:18:09.342984+00:00,13638,8597905091025,1920,1200
directshow_index_1,1141,174250640000000,174250640000000,174250640000000,2026-09-05T05:18:09.362339+00:00,,,640,480
daheng_sn_FDE23080341,1130,174250671000000,174250671000000,174250671000000,2026-09-05T05:18:09.428576+00:00,13650,8597997308625,1920,1200
directshow_index_1,1142,174250734000000,174250734000000,174250734000000,2026-09-05T05:18:09.453582+00:00,,,640,480
daheng_sn_FDE23080341,1131,174250765000000,174250765000000,174250765000000,2026-09-05T05:18:09.515626+00:00,13662,8598089526225,1920,1200
directshow_index_1,1143,174250828000000,174250828000000,174250828000000,2026-09-05T05:18:09.552983+00:00,,,640,480
daheng_sn_FDE23080341,1132,174250859000000,174250859000000,174250859000000,2026-09-05T05:18:09.607353+00:00,13674,8598181743825,1920,1200
directshow_index_1,1144,174250921000000,174250921000000,174250921000000,2026-09-05T05:18:09.645088+00:00,,,640,480
daheng_sn_FDE23080341,1133,174250953000000,174250953000000,174250953000000,2026-09-05T05:18:09.707252+00:00,13686,8598273961425,1920,1200
directshow_index_1,1145,174251015000000,174251015000000,174251015000000,2026-09-05T05:18:09.736792+00:00,,,640,480
daheng_sn_FDE23080341,1134,174251046000000,174251046000000,174251046000000,2026-09-05T05:18:09.796439+00:00,13699,8598373863825,1920,1200
directshow_index_1,1146,174251109000000,174251109000000,174251109000000,2026-09-05T05:18:09.834966+00:00,,,640,480
daheng_sn_FDE23080341,1135,174251140000000,174251140000000,174251140000000,2026-09-05T05:18:09.893261+00:00,13711,8598466081425,1920,1200
directshow_index_1,1147,174251203000000,174251203000000,174251203000000,2026-09-05T05:18:09.925991+00:00,,,640,480
daheng_sn_FDE23080341,1136,174251234000000,174251234000000,174251234000000,2026-09-05T05:18:09.988761+00:00,13723,8598558299025,1920,1200
directshow_index_1,1148,174251296000000,174251296000000,174251296000000,2026-09-05T05:18:10.017112+00:00,,,640,480
daheng_sn_FDE23080341,1137,174251328000000,174251328000000,174251328000000,2026-09-05T05:18:10.083282+00:00,13735,8598650516625,1920,1200
directshow_index_1,1149,174251390000000,174251390000000,174251390000000,2026-09-05T05:18:10.114412+00:00,,,640,480
daheng_sn_FDE23080341,1138,174251421000000,174251421000000,174251421000000,2026-09-05T05:18:10.168625+00:00,13748,8598750419025,1920,1200
directshow_index_1,1150,174251484000000,174251484000000,174251484000000,2026-09-05T05:18:10.207814+00:00,,,640,480
daheng_sn_FDE23080341,1139,174251515000000,174251515000000,174251515000000,2026-09-05T05:18:10.270124+00:00,13760,8598842636625,1920,1200
directshow_index_1,1151,174251578000000,174251578000000,174251578000000,2026-09-05T05:18:10.303746+00:00,,,640,480
daheng_sn_FDE23080341,1140,174251609000000,174251609000000,174251609000000,2026-09-05T05:18:10.363463+00:00,13772,8598934854225,1920,1200
directshow_index_1,1152,174251671000000,174251671000000,174251671000000,2026-09-05T05:18:10.393033+00:00,,,640,480
daheng_sn_FDE23080341,1141,174251703000000,174251703000000,174251703000000,2026-09-05T05:18:10.464495+00:00,13784,8599027071825,1920,1200
directshow_index_1,1153,174251765000000,174251765000000,174251765000000,2026-09-05T05:18:10.491496+00:00,,,640,480
daheng_sn_FDE23080341,1142,174251796000000,174251796000000,174251796000000,2026-09-05T05:18:10.564185+00:00,13796,8599119289425,1920,1200
directshow_index_1,1154,174251859000000,174251859000000,174251859000000,2026-09-05T05:18:10.583480+00:00,,,640,480
daheng_sn_FDE23080341,1143,174251890000000,174251890000000,174251890000000,2026-09-05T05:18:10.658806+00:00,13808,8599211507025,1920,1200
directshow_index_1,1155,174251953000000,174251953000000,174251953000000,2026-09-05T05:18:10.679322+00:00,,,640,480
daheng_sn_FDE23080341,1144,174251984000000,174251984000000,174251984000000,2026-09-05T05:18:10.765182+00:00,13821,8599311409425,1920,1200
directshow_index_1,1156,174252046000000,174252046000000,174252046000000,2026-09-05T05:18:10.778105+00:00,,,640,480
daheng_sn_FDE23080341,1145,174252078000000,174252078000000,174252078000000,2026-09-05T05:18:10.841018+00:00,13833,8599403627025,1920,1200
directshow_index_1,1157,174252140000000,174252140000000,174252140000000,2026-09-05T05:18:10.863342+00:00,,,640,480
daheng_sn_FDE23080341,1146,174252171000000,174252171000000,174252171000000,2026-09-05T05:18:10.937807+00:00,13845,8599495844625,1920,1200
directshow_index_1,1158,174252234000000,174252234000000,174252234000000,2026-09-05T05:18:10.961862+00:00,,,640,480
daheng_sn_FDE23080341,1147,174252265000000,174252265000000,174252265000000,2026-09-05T05:18:11.023314+00:00,13857,8599588062225,1920,1200
directshow_index_1,1159,174252328000000,174252328000000,174252328000000,2026-09-05T05:18:11.054609+00:00,,,640,480
daheng_sn_FDE23080341,1148,174252359000000,174252359000000,174252359000000,2026-09-05T05:18:11.118245+00:00,13870,8599687964625,1920,1200
directshow_index_1,1160,174252421000000,174252421000000,174252421000000,2026-09-05T05:18:11.146091+00:00,,,640,480
daheng_sn_FDE23080341,1149,174252453000000,174252453000000,174252453000000,2026-09-05T05:18:11.217425+00:00,13881,8599772497425,1920,1200
directshow_index_1,1161,174252515000000,174252515000000,174252515000000,2026-09-05T05:18:11.241990+00:00,,,640,480
daheng_sn_FDE23080341,1150,174252546000000,174252546000000,174252546000000,2026-09-05T05:18:11.305231+00:00,13894,8599872399825,1920,1200
directshow_index_1,1162,174252609000000,174252609000000,174252609000000,2026-09-05T05:18:11.339764+00:00,,,640,480
daheng_sn_FDE23080341,1151,174252640000000,174252640000000,174252640000000,2026-09-05T05:18:11.395008+00:00,13906,8599964617425,1920,1200
directshow_index_1,1163,174252703000000,174252703000000,174252703000000,2026-09-05T05:18:11.427710+00:00,,,640,480
daheng_sn_FDE23080341,1152,174252734000000,174252734000000,174252734000000,2026-09-05T05:18:11.501231+00:00,13919,8600064519825,1920,1200
directshow_index_1,1164,174252796000000,174252796000000,174252796000000,2026-09-05T05:18:11.519836+00:00,,,640,480
daheng_sn_FDE23080341,1153,174252828000000,174252828000000,174252828000000,2026-09-05T05:18:11.584837+00:00,13931,8600156737425,1920,1200
directshow_index_1,1165,174252890000000,174252890000000,174252890000000,2026-09-05T05:18:11.611838+00:00,,,640,480
daheng_sn_FDE23080341,1154,174252921000000,174252921000000,174252921000000,2026-09-05T05:18:11.682175+00:00,13943,8600248955025,1920,1200
directshow_index_1,1166,174252984000000,174252984000000,174252984000000,2026-09-05T05:18:11.710128+00:00,,,640,480
daheng_sn_FDE23080341,1155,174253015000000,174253015000000,174253015000000,2026-09-05T05:18:11.770038+00:00,13955,8600341172625,1920,1200
directshow_index_1,1167,174253078000000,174253078000000,174253078000000,2026-09-05T05:18:11.803044+00:00,,,640,480
daheng_sn_FDE23080341,1156,174253109000000,174253109000000,174253109000000,2026-09-05T05:18:11.878662+00:00,13967,8600433390225,1920,1200
directshow_index_1,1168,174253171000000,174253171000000,174253171000000,2026-09-05T05:18:11.897102+00:00,,,640,480
daheng_sn_FDE23080341,1157,174253203000000,174253203000000,174253203000000,2026-09-05T05:18:11.962855+00:00,13980,8600533292625,1920,1200
directshow_index_1,1169,174253265000000,174253265000000,174253265000000,2026-09-05T05:18:11.985468+00:00,,,640,480
daheng_sn_FDE23080341,1158,174253296000000,174253296000000,174253296000000,2026-09-05T05:18:12.059055+00:00,13992,8600625510225,1920,1200
directshow_index_1,1170,174253359000000,174253359000000,174253359000000,2026-09-05T05:18:12.083308+00:00,,,640,480
daheng_sn_FDE23080341,1159,174253390000000,174253390000000,174253390000000,2026-09-05T05:18:12.153995+00:00,14003,8600710043025,1920,1200
directshow_index_1,1171,174253453000000,174253453000000,174253453000000,2026-09-05T05:18:12.177159+00:00,,,640,480
daheng_sn_FDE23080341,1160,174253484000000,174253484000000,174253484000000,2026-09-05T05:18:12.251240+00:00,14016,8600809945425,1920,1200
directshow_index_1,1172,174253546000000,174253546000000,174253546000000,2026-09-05T05:18:12.269253+00:00,,,640,480
daheng_sn_FDE23080341,1161,174253578000000,174253578000000,174253578000000,2026-09-05T05:18:12.344173+00:00,14028,8600902163025,1920,1200
directshow_index_1,1173,174253640000000,174253640000000,174253640000000,2026-09-05T05:18:12.367712+00:00,,,640,480
daheng_sn_FDE23080341,1162,174253671000000,174253671000000,174253671000000,2026-09-05T05:18:12.434332+00:00,14040,8600994380625,1920,1200
directshow_index_1,1174,174253734000000,174253734000000,174253734000000,2026-09-05T05:18:12.467318+00:00,,,640,480
daheng_sn_FDE23080341,1163,174253765000000,174253765000000,174253765000000,2026-09-05T05:18:12.526018+00:00,14053,8601094283025,1920,1200
directshow_index_1,1175,174253828000000,174253828000000,174253828000000,2026-09-05T05:18:12.554230+00:00,,,640,480
daheng_sn_FDE23080341,1164,174253859000000,174253859000000,174253859000000,2026-09-05T05:18:12.617729+00:00,14065,8601186500625,1920,1200
directshow_index_1,1176,174253921000000,174253921000000,174253921000000,2026-09-05T05:18:12.645400+00:00,,,640,480
daheng_sn_FDE23080341,1165,174253953000000,174253953000000,174253953000000,2026-09-05T05:18:12.709597+00:00,14077,8601278718225,1920,1200
directshow_index_1,1177,174254015000000,174254015000000,174254015000000,2026-09-05T05:18:12.738598+00:00,,,640,480
daheng_sn_FDE23080341,1166,174254046000000,174254046000000,174254046000000,2026-09-05T05:18:12.810249+00:00,14089,8601370935825,1920,1200
directshow_index_1,1178,174254109000000,174254109000000,174254109000000,2026-09-05T05:18:12.835911+00:00,,,640,480
daheng_sn_FDE23080341,1167,174254140000000,174254140000000,174254140000000,2026-09-05T05:18:12.906235+00:00,14101,8601463153425,1920,1200
directshow_index_1,1179,174254203000000,174254203000000,174254203000000,2026-09-05T05:18:12.927435+00:00,,,640,480
daheng_sn_FDE23080341,1168,174254234000000,174254234000000,174254234000000,2026-09-05T05:18:13.000647+00:00,14114,8601563055825,1920,1200
directshow_index_1,1180,174254296000000,174254296000000,174254296000000,2026-09-05T05:18:13.019311+00:00,,,640,480
daheng_sn_FDE23080341,1169,174254328000000,174254328000000,174254328000000,2026-09-05T05:18:13.082990+00:00,14126,8601655273425,1920,1200
directshow_index_1,1181,174254390000000,174254390000000,174254390000000,2026-09-05T05:18:13.114652+00:00,,,640,480
daheng_sn_FDE23080341,1170,174254421000000,174254421000000,174254421000000,2026-09-05T05:18:13.178070+00:00,14138,8601747491025,1920,1200
directshow_index_1,1182,174254484000000,174254484000000,174254484000000,2026-09-05T05:18:13.207453+00:00,,,640,480
daheng_sn_FDE23080341,1171,174254515000000,174254515000000,174254515000000,2026-09-05T05:18:13.273005+00:00,14151,8601847393425,1920,1200
directshow_index_1,1183,174254578000000,174254578000000,174254578000000,2026-09-05T05:18:13.298927+00:00,,,640,480
daheng_sn_FDE23080341,1172,174254609000000,174254609000000,174254609000000,2026-09-05T05:18:13.375982+00:00,14163,8601939611025,1920,1200
directshow_index_1,1184,174254671000000,174254671000000,174254671000000,2026-09-05T05:18:13.397581+00:00,,,640,480
daheng_sn_FDE23080341,1173,174254703000000,174254703000000,174254703000000,2026-09-05T05:18:13.462621+00:00,14175,8602031828625,1920,1200
directshow_index_1,1185,174254765000000,174254765000000,174254765000000,2026-09-05T05:18:13.487869+00:00,,,640,480
daheng_sn_FDE23080341,1174,174254796000000,174254796000000,174254796000000,2026-09-05T05:18:13.569508+00:00,14187,8602124046225,1920,1200
directshow_index_1,1186,174254859000000,174254859000000,174254859000000,2026-09-05T05:18:13.585577+00:00,,,640,480
daheng_sn_FDE23080341,1175,174254890000000,174254890000000,174254890000000,2026-09-05T05:18:13.644975+00:00,14199,8602216263825,1920,1200
directshow_index_1,1187,174254953000000,174254953000000,174254953000000,2026-09-05T05:18:13.677834+00:00,,,640,480
daheng_sn_FDE23080341,1176,174254984000000,174254984000000,174254984000000,2026-09-05T05:18:13.742295+00:00,14211,8602308481425,1920,1200
directshow_index_1,1188,174255046000000,174255046000000,174255046000000,2026-09-05T05:18:13.767548+00:00,,,640,480
daheng_sn_FDE23080341,1177,174255078000000,174255078000000,174255078000000,2026-09-05T05:18:13.832462+00:00,14224,8602408383825,1920,1200
directshow_index_1,1189,174255140000000,174255140000000,174255140000000,2026-09-05T05:18:13.864553+00:00,,,640,480
daheng_sn_FDE23080341,1178,174255171000000,174255171000000,174255171000000,2026-09-05T05:18:13.929246+00:00,14235,8602492916625,1920,1200
directshow_index_1,1190,174255234000000,174255234000000,174255234000000,2026-09-05T05:18:13.955740+00:00,,,640,480
daheng_sn_FDE23080341,1179,174255265000000,174255265000000,174255265000000,2026-09-05T05:18:14.019363+00:00,14248,8602592819025,1920,1200
directshow_index_1,1191,174255328000000,174255328000000,174255328000000,2026-09-05T05:18:14.053375+00:00,,,640,480
daheng_sn_FDE23080341,1180,174255359000000,174255359000000,174255359000000,2026-09-05T05:18:14.123924+00:00,14260,8602685036625,1920,1200
directshow_index_1,1192,174255421000000,174255421000000,174255421000000,2026-09-05T05:18:14.147917+00:00,,,640,480
daheng_sn_FDE23080341,1181,174255453000000,174255453000000,174255453000000,2026-09-05T05:18:14.211240+00:00,14272,8602777254225,1920,1200
directshow_index_1,1193,174255515000000,174255515000000,174255515000000,2026-09-05T05:18:14.239428+00:00,,,640,480
daheng_sn_FDE23080341,1182,174255546000000,174255546000000,174255546000000,2026-09-05T05:18:14.303789+00:00,14284,8602869471825,1920,1200
directshow_index_1,1194,174255609000000,174255609000000,174255609000000,2026-09-05T05:18:14.330725+00:00,,,640,480
daheng_sn_FDE23080341,1183,174255640000000,174255640000000,174255640000000,2026-09-05T05:18:14.401101+00:00,14296,8602961689425,1920,1200
directshow_index_1,1195,174255703000000,174255703000000,174255703000000,2026-09-05T05:18:14.425327+00:00,,,640,480
daheng_sn_FDE23080341,1184,174255734000000,174255734000000,174255734000000,2026-09-05T05:18:14.494915+00:00,14309,8603061591825,1920,1200
directshow_index_1,1196,174255796000000,174255796000000,174255796000000,2026-09-05T05:18:14.524120+00:00,,,640,480
daheng_sn_FDE23080341,1185,174255828000000,174255828000000,174255828000000,2026-09-05T05:18:14.586972+00:00,14321,8603153809425,1920,1200
directshow_index_1,1197,174255890000000,174255890000000,174255890000000,2026-09-05T05:18:14.617979+00:00,,,640,480
daheng_sn_FDE23080341,1186,174255921000000,174255921000000,174255921000000,2026-09-05T05:18:14.701965+00:00,14333,8603246027025,1920,1200
directshow_index_1,1198,174255984000000,174255984000000,174255984000000,2026-09-05T05:18:14.709479+00:00,,,640,480
daheng_sn_FDE23080341,1187,174256015000000,174256015000000,174256015000000,2026-09-05T05:18:14.775773+00:00,14345,8603338244625,1920,1200
directshow_index_1,1199,174256078000000,174256078000000,174256078000000,2026-09-05T05:18:14.800197+00:00,,,640,480
daheng_sn_FDE23080341,1188,174256109000000,174256109000000,174256109000000,2026-09-05T05:18:14.872804+00:00,14357,8603430462225,1920,1200
directshow_index_1,1200,174256171000000,174256171000000,174256171000000,2026-09-05T05:18:14.898070+00:00,,,640,480
daheng_sn_FDE23080341,1189,174256203000000,174256203000000,174256203000000,2026-09-05T05:18:14.961844+00:00,14370,8603530364625,1920,1200
directshow_index_1,1201,174256265000000,174256265000000,174256265000000,2026-09-05T05:18:14.989333+00:00,,,640,480
daheng_sn_FDE23080341,1190,174256296000000,174256296000000,174256296000000,2026-09-05T05:18:15.057769+00:00,14382,8603622582225,1920,1200
directshow_index_1,1202,174256359000000,174256359000000,174256359000000,2026-09-05T05:18:15.082474+00:00,,,640,480
daheng_sn_FDE23080341,1191,174256390000000,174256390000000,174256390000000,2026-09-05T05:18:15.146226+00:00,14395,8603722484625,1920,1200
directshow_index_1,1203,174256453000000,174256453000000,174256453000000,2026-09-05T05:18:15.174608+00:00,,,640,480
daheng_sn_FDE23080341,1192,174256484000000,174256484000000,174256484000000,2026-09-05T05:18:15.246381+00:00,14406,8603807017425,1920,1200
directshow_index_1,1204,174256546000000,174256546000000,174256546000000,2026-09-05T05:18:15.267902+00:00,,,640,480
daheng_sn_FDE23080341,1193,174256578000000,174256578000000,174256578000000,2026-09-05T05:18:15.341545+00:00,14418,8603899235025,1920,1200
directshow_index_1,1205,174256640000000,174256640000000,174256640000000,2026-09-05T05:18:15.363271+00:00,,,640,480
daheng_sn_FDE23080341,1194,174256671000000,174256671000000,174256671000000,2026-09-05T05:18:15.437111+00:00,14431,8603999137425,1920,1200
directshow_index_1,1206,174256734000000,174256734000000,174256734000000,2026-09-05T05:18:15.456378+00:00,,,640,480
daheng_sn_FDE23080341,1195,174256765000000,174256765000000,174256765000000,2026-09-05T05:18:15.527098+00:00,14443,8604091355025,1920,1200
directshow_index_1,1207,174256828000000,174256828000000,174256828000000,2026-09-05T05:18:15.554567+00:00,,,640,480
daheng_sn_FDE23080341,1196,174256859000000,174256859000000,174256859000000,2026-09-05T05:18:15.621593+00:00,14455,8604183572625,1920,1200
directshow_index_1,1208,174256921000000,174256921000000,174256921000000,2026-09-05T05:18:15.645120+00:00,,,640,480
daheng_sn_FDE23080341,1197,174256953000000,174256953000000,174256953000000,2026-09-05T05:18:15.715466+00:00,14467,8604275790225,1920,1200
directshow_index_1,1209,174257015000000,174257015000000,174257015000000,2026-09-05T05:18:15.736345+00:00,,,640,480
daheng_sn_FDE23080341,1198,174257046000000,174257046000000,174257046000000,2026-09-05T05:18:15.810704+00:00,14479,8604368007825,1920,1200
directshow_index_1,1210,174257109000000,174257109000000,174257109000000,2026-09-05T05:18:15.835161+00:00,,,640,480
daheng_sn_FDE23080341,1199,174257140000000,174257140000000,174257140000000,2026-09-05T05:18:15.894326+00:00,14492,8604467910225,1920,1200
directshow_index_1,1211,174257203000000,174257203000000,174257203000000,2026-09-05T05:18:15.927531+00:00,,,640,480
daheng_sn_FDE23080341,1200,174257234000000,174257234000000,174257234000000,2026-09-05T05:18:15.990829+00:00,14504,8604560127825,1920,1200
directshow_index_1,1212,174257296000000,174257296000000,174257296000000,2026-09-05T05:18:16.019956+00:00,,,640,480
daheng_sn_FDE23080341,1201,174257328000000,174257328000000,174257328000000,2026-09-05T05:18:16.084655+00:00,14516,8604652345425,1920,1200
directshow_index_1,1213,174257390000000,174257390000000,174257390000000,2026-09-05T05:18:16.111069+00:00,,,640,480
daheng_sn_FDE23080341,1202,174257421000000,174257421000000,174257421000000,2026-09-05T05:18:16.183278+00:00,14528,8604744563025,1920,1200
directshow_index_1,1214,174257484000000,174257484000000,174257484000000,2026-09-05T05:18:16.209273+00:00,,,640,480
daheng_sn_FDE23080341,1203,174257515000000,174257515000000,174257515000000,2026-09-05T05:18:16.271169+00:00,14541,8604844465425,1920,1200
directshow_index_1,1215,174257578000000,174257578000000,174257578000000,2026-09-05T05:18:16.314057+00:00,,,640,480
daheng_sn_FDE23080341,1204,174257609000000,174257609000000,174257609000000,2026-09-05T05:18:16.367054+00:00,14553,8604936683025,1920,1200
directshow_index_1,1216,174257671000000,174257671000000,174257671000000,2026-09-05T05:18:16.397764+00:00,,,640,480
daheng_sn_FDE23080341,1205,174257703000000,174257703000000,174257703000000,2026-09-05T05:18:16.461872+00:00,14565,8605028900625,1920,1200
directshow_index_1,1217,174257765000000,174257765000000,174257765000000,2026-09-05T05:18:16.488268+00:00,,,640,480
daheng_sn_FDE23080341,1206,174257796000000,174257796000000,174257796000000,2026-09-05T05:18:16.557976+00:00,14577,8605121118225,1920,1200
directshow_index_1,1218,174257859000000,174257859000000,174257859000000,2026-09-05T05:18:16.586285+00:00,,,640,480
daheng_sn_FDE23080341,1207,174257890000000,174257890000000,174257890000000,2026-09-05T05:18:16.650287+00:00,14590,8605221020625,1920,1200
directshow_index_1,1219,174257953000000,174257953000000,174257953000000,2026-09-05T05:18:16.680313+00:00,,,640,480
daheng_sn_FDE23080341,1208,174257984000000,174257984000000,174257984000000,2026-09-05T05:18:16.742486+00:00,14602,8605313238225,1920,1200
directshow_index_1,1220,174258046000000,174258046000000,174258046000000,2026-09-05T05:18:16.773451+00:00,,,640,480
daheng_sn_FDE23080341,1209,174258078000000,174258078000000,174258078000000,2026-09-05T05:18:16.860992+00:00,14615,8605413140625,1920,1200
directshow_index_1,1221,174258140000000,174258140000000,174258140000000,2026-09-05T05:18:16.866002+00:00,,,640,480
daheng_sn_FDE23080341,1210,174258171000000,174258171000000,174258171000000,2026-09-05T05:18:16.928756+00:00,14626,8605497673425,1920,1200
directshow_index_1,1222,174258234000000,174258234000000,174258234000000,2026-09-05T05:18:16.960122+00:00,,,640,480
daheng_sn_FDE23080341,1211,174258265000000,174258265000000,174258265000000,2026-09-05T05:18:17.018835+00:00,14638,8605589891025,1920,1200
directshow_index_1,1223,174258328000000,174258328000000,174258328000000,2026-09-05T05:18:17.051434+00:00,,,640,480
daheng_sn_FDE23080341,1212,174258359000000,174258359000000,174258359000000,2026-09-05T05:18:17.121463+00:00,14650,8605682108625,1920,1200
directshow_index_1,1224,174258421000000,174258421000000,174258421000000,2026-09-05T05:18:17.142034+00:00,,,640,480
daheng_sn_FDE23080341,1213,174258453000000,174258453000000,174258453000000,2026-09-05T05:18:17.201970+00:00,14662,8605774326225,1920,1200
directshow_index_1,1225,174258515000000,174258515000000,174258515000000,2026-09-05T05:18:17.235497+00:00,,,640,480
daheng_sn_FDE23080341,1214,174258546000000,174258546000000,174258546000000,2026-09-05T05:18:17.290571+00:00,14675,8605874228625,1920,1200
directshow_index_1,1226,174258609000000,174258609000000,174258609000000,2026-09-05T05:18:17.342056+00:00,,,640,480
daheng_sn_FDE23080341,1215,174258640000000,174258640000000,174258640000000,2026-09-05T05:18:17.401609+00:00,14687,8605966446225,1920,1200
directshow_index_1,1227,174258703000000,174258703000000,174258703000000,2026-09-05T05:18:17.428086+00:00,,,640,480
daheng_sn_FDE23080341,1216,174258734000000,174258734000000,174258734000000,2026-09-05T05:18:17.476549+00:00,14699,8606058663825,1920,1200
directshow_index_1,1228,174258796000000,174258796000000,174258796000000,2026-09-05T05:18:17.517726+00:00,,,640,480
daheng_sn_FDE23080341,1217,174258828000000,174258828000000,174258828000000,2026-09-05T05:18:17.571333+00:00,14712,8606158566225,1920,1200
directshow_index_1,1229,174258890000000,174258890000000,174258890000000,2026-09-05T05:18:17.612370+00:00,,,640,480
daheng_sn_FDE23080341,1218,174258921000000,174258921000000,174258921000000,2026-09-05T05:18:17.664453+00:00,14723,8606243099025,1920,1200
directshow_index_1,1230,174258984000000,174258984000000,174258984000000,2026-09-05T05:18:17.708822+00:00,,,640,480
daheng_sn_FDE23080341,1219,174259015000000,174259015000000,174259015000000,2026-09-05T05:18:17.756007+00:00,14736,8606343001425,1920,1200
directshow_index_1,1231,174259078000000,174259078000000,174259078000000,2026-09-05T05:18:17.798446+00:00,,,640,480
daheng_sn_FDE23080341,1220,174259109000000,174259109000000,174259109000000,2026-09-05T05:18:17.855580+00:00,14748,8606435219025,1920,1200
directshow_index_1,1232,174259171000000,174259171000000,174259171000000,2026-09-05T05:18:17.894909+00:00,,,640,480
daheng_sn_FDE23080341,1221,174259203000000,174259203000000,174259203000000,2026-09-05T05:18:17.944358+00:00,14760,8606527436625,1920,1200
directshow_index_1,1233,174259265000000,174259265000000,174259265000000,2026-09-05T05:18:17.989615+00:00,,,640,480
daheng_sn_FDE23080341,1222,174259296000000,174259296000000,174259296000000,2026-09-05T05:18:18.037534+00:00,14772,8606619654225,1920,1200
directshow_index_1,1234,174259359000000,174259359000000,174259359000000,2026-09-05T05:18:18.080317+00:00,,,640,480
daheng_sn_FDE23080341,1223,174259390000000,174259390000000,174259390000000,2026-09-05T05:18:18.144538+00:00,14785,8606719556625,1920,1200
directshow_index_1,1235,174259453000000,174259453000000,174259453000000,2026-09-05T05:18:18.178290+00:00,,,640,480
daheng_sn_FDE23080341,1224,174259484000000,174259484000000,174259484000000,2026-09-05T05:18:18.222494+00:00,14797,8606811774225,1920,1200
directshow_index_1,1236,174259546000000,174259546000000,174259546000000,2026-09-05T05:18:18.268598+00:00,,,640,480
daheng_sn_FDE23080341,1225,174259578000000,174259578000000,174259578000000,2026-09-05T05:18:18.314155+00:00,14809,8606903991825,1920,1200
directshow_index_1,1237,174259640000000,174259640000000,174259640000000,2026-09-05T05:18:18.364189+00:00,,,640,480
daheng_sn_FDE23080341,1226,174259671000000,174259671000000,174259671000000,2026-09-05T05:18:18.419031+00:00,14822,8607003894225,1920,1200
directshow_index_1,1238,174259734000000,174259734000000,174259734000000,2026-09-05T05:18:18.456031+00:00,,,640,480
directshow_index_1,1239,174259828000000,174259828000000,174259828000000,2026-09-05T05:18:18.547491+00:00,,,640,480
directshow_index_1,1240,174259921000000,174259921000000,174259921000000,2026-09-05T05:18:18.644723+00:00,,,640,480
