sample_index,host_utc,read_start_monotonic_ns,read_end_monotonic_ns,elapsed_s,phase,segment_index,read_retry_count,j1_position_raw,j1_target_raw,j1_position_rad,j1_target_rad,j1_voltage_raw,j1_voltage_v,j1_temperature_c,j1_current_raw,j2_position_raw,j2_target_raw,j2_position_rad,j2_target_rad,j2_voltage_raw,j2_voltage_v,j2_temperature_c,j2_current_raw,j3_position_raw,j3_target_raw,j3_position_rad,j3_target_rad,j3_voltage_raw,j3_voltage_v,j3_temperature_c,j3_current_raw,j4_position_raw,j4_target_raw,j4_position_rad,j4_target_rad,j4_voltage_raw,j4_voltage_v,j4_temperature_c,j4_current_raw,j5_position_raw,j5_target_raw,j5_position_rad,j5_target_rad,j5_voltage_raw,j5_voltage_v,j5_temperature_c,j5_current_raw
0,2026-09-05T05:41:58.311164+00:00,175679562000000,175679593000000,0.031000000,start_alignment,-1,0,2089,2089,0.101242732000,0.101242732000,76,7.6,27,0,2638,2638,0.877437010671,0.877437010671,75,7.5,25,0,2608,2608,0.843689433337,0.843689433337,76,7.6,27,0,2722,2722,0.990951588974,0.990951588974,75,7.5,27,1,2074,2074,0.012271846303,0.012271846303,75,7.5,26,1
1,2026-09-05T05:41:58.380158+00:00,175679625000000,175679656000000,0.094000000,start_alignment,-1,0,2089,2088,0.101242732000,0.099708751213,76,7.6,27,0,2638,2639,0.877437010671,0.878970991458,75,7.5,25,0,2608,2608,0.843689433337,0.843689433337,76,7.6,27,0,2722,2723,0.990951588974,0.992485569762,75,7.5,27,0,2074,2075,0.012271846303,0.013805827091,76,7.6,26,0
2,2026-09-05T05:41:58.515303+00:00,175679750000000,175679796000000,0.234000000,online_inference,0,0,2089,2087,0.101242732000,0.098174770425,76,7.6,27,0,2638,2639,0.877437010671,0.878970991458,75,7.5,25,0,2608,2608,0.843689433337,0.843689433337,76,7.6,27,0,2722,2723,0.990951588974,0.992485569762,75,7.5,27,0,2074,2076,0.012271846303,0.015339807879,76,7.6,26,1
3,2026-09-05T05:41:58.576767+00:00,175679812000000,175679859000000,0.297000000,online_inference,0,0,2089,2087,0.101242732000,0.098174770425,76,7.6,27,0,2638,2639,0.877437010671,0.878970991458,75,7.5,25,0,2608,2608,0.843689433337,0.843689433337,76,7.6,27,0,2722,2723,0.990951588974,0.992485569762,75,7.5,27,0,2074,2076,0.012271846303,0.015339807879,76,7.6,26,1
4,2026-09-05T05:41:58.647158+00:00,175679875000000,175679921000000,0.359000000,online_inference,0,0,2089,2087,0.101242732000,0.098174770425,76,7.6,27,0,2638,2639,0.877437010671,0.878970991458,75,7.5,25,0,2608,2608,0.843689433337,0.843689433337,76,7.6,27,0,2722,2723,0.990951588974,0.992485569762,75,7.5,27,0,2074,2076,0.012271846303,0.015339807879,76,7.6,26,0
5,2026-09-05T05:41:58.698563+00:00,175679937000000,175679968000000,0.406000000,online_inference,0,0,2089,2087,0.101242732000,0.098174770425,76,7.6,27,0,2638,2639,0.877437010671,0.878970991458,75,7.5,25,0,2608,2608,0.843689433337,0.843689433337,76,7.6,27,0,2722,2723,0.990951588974,0.992485569762,75,7.5,27,0,2074,2076,0.012271846303,0.015339807879,76,7.6,26,1
6,2026-09-05T05:41:58.755931+00:00,175679984000000,175680031000000,0.469000000,online_inference,0,0,2089,2087,0.101242732000,0.098174770425,76,7.6,27,1,2638,2639,0.877437010671,0.878970991458,75,7.5,25,0,2608,2608,0.843689433337,0.843689433337,76,7.6,27,0,2722,2723,0.990951588974,0.992485569762,75,7.5,27,0,2074,2076,0.012271846303,0.015339807879,76,7.6,26,1
7,2026-09-05T05:41:58.799889+00:00,175680046000000,175680078000000,0.516000000,online_inference,0,0,2089,2087,0.101242732000,0.098174770425,76,7.6,27,1,2638,2639,0.877437010671,0.878970991458,75,7.5,25,0,2608,2608,0.843689433337,0.843689433337,76,7.6,27,0,2722,2723,0.990951588974,0.992485569762,75,7.5,27,0,2074,2076,0.012271846303,0.015339807879,76,7.6,26,0
8,2026-09-05T05:41:58.859300+00:00,175680093000000,175680140000000,0.578000000,online_inference,0,0,2089,2087,0.101242732000,0.098174770425,76,7.6,27,0,2638,2639,0.877437010671,0.878970991458,75,7.5,25,0,2608,2608,0.843689433337,0.843689433337,76,7.6,27,0,2722,2723,0.990951588974,0.992485569762,75,7.5,27,0,2074,2076,0.012271846303,0.015339807879,75,7.5,26,0
9,2026-09-05T05:41:58.925832+00:00,175680156000000,175680203000000,0.641000000,online_inference,0,0,2089,2087,0.101242732000,0.098174770425,76,7.6,27,1,2638,2639,0.877437010671,0.878970991458,75,7.5,25,0,2608,2608,0.843689433337,0.843689433337,76,7.6,27,0,2722,2723,0.990951588974,0.992485569762,75,7.5,27,0,2074,2076,0.012271846303,0.015339807879,75,7.5,26,0
10,2026-09-05T05:41:58.973381+00:00,175680218000000,175680250000000,0.688000000,online_inference,0,0,2089,2087,0.101242732000,0.098174770425,76,7.6,27,0,2638,2639,0.877437010671,0.878970991458,75,7.5,25,0,2608,2608,0.843689433337,0.843689433337,76,7.6,27,0,2722,2723,0.990951588974,0.992485569762,75,7.5,27,0,2074,2076,0.012271846303,0.015339807879,75,7.5,26,1
11,2026-09-05T05:41:59.025089+00:00,175680265000000,175680296000000,0.734000000,online_inference,0,0,2089,2087,0.101242732000,0.098174770425,76,7.6,27,1,2638,2639,0.877437010671,0.878970991458,75,7.5,25,0,2608,2608,0.843689433337,0.843689433337,76,7.6,27,0,2722,2723,0.990951588974,0.992485569762,75,7.5,27,0,2074,2076,0.012271846303,0.015339807879,76,7.6,26,0
12,2026-09-05T05:41:59.070996+00:00,175680312000000,175680343000000,0.781000000,online_inference,0,0,2089,2087,0.101242732000,0.098174770425,76,7.6,27,0,2638,2639,0.877437010671,0.878970991458,75,7.5,25,0,2608,2608,0.843689433337,0.843689433337,76,7.6,27,0,2722,2723,0.990951588974,0.992485569762,75,7.5,27,0,2074,2076,0.012271846303,0.015339807879,76,7.6,26,1
13,2026-09-05T05:41:59.122448+00:00,175680359000000,175680390000000,0.828000000,online_inference,0,0,2089,2087,0.101242732000,0.098174770425,76,7.6,27,0,2638,2639,0.877437010671,0.878970991458,75,7.5,25,0,2608,2608,0.843689433337,0.843689433337,76,7.6,27,0,2722,2723,0.990951588974,0.992485569762,75,7.5,27,0,2074,2076,0.012271846303,0.015339807879,76,7.6,26,1
14,2026-09-05T05:41:59.165195+00:00,175680406000000,175680437000000,0.875000000,online_inference,0,0,2089,2087,0.101242732000,0.098174770425,76,7.6,27,0,2638,2639,0.877437010671,0.878970991458,75,7.5,25,0,2608,2608,0.843689433337,0.843689433337,76,7.6,27,0,2722,2723,0.990951588974,0.992485569762,75,7.5,27,0,2074,2076,0.012271846303,0.015339807879,76,7.6,26,1
15,2026-09-05T05:41:59.231286+00:00,175680468000000,175680500000000,0.938000000,online_inference,0,0,2089,2087,0.101242732000,0.098174770425,76,7.6,27,1,2638,2639,0.877437010671,0.878970991458,75,7.5,25,0,2608,2608,0.843689433337,0.843689433337,76,7.6,27,0,2722,2723,0.990951588974,0.992485569762,75,7.5,27,0,2074,2076,0.012271846303,0.015339807879,76,7.6,26,1
16,2026-09-05T05:41:59.268960+00:00,175680515000000,175680546000000,0.984000000,online_inference,0,0,2089,2087,0.101242732000,0.098174770425,76,7.6,27,1,2638,2639,0.877437010671,0.878970991458,75,7.5,25,0,2608,2608,0.843689433337,0.843689433337,76,7.6,27,0,2722,2723,0.990951588974,0.992485569762,75,7.5,27,0,2074,2076,0.012271846303,0.015339807879,76,7.6,26,1
17,2026-09-05T05:41:59.326867+00:00,175680562000000,175680609000000,1.047000000,online_inference,0,0,2089,2087,0.101242732000,0.098174770425,76,7.6,27,1,2638,2639,0.877437010671,0.878970991458,75,7.5,25,0,2608,2608,0.843689433337,0.843689433337,76,7.6,27,0,2722,2723,0.990951588974,0.992485569762,75,7.5,27,0,2074,2076,0.012271846303,0.015339807879,75,7.5,26,1
18,2026-09-05T05:41:59.382413+00:00,175680625000000,175680656000000,1.094000000,online_inference,0,0,2089,2087,0.101242732000,0.098174770425,76,7.6,27,1,2638,2639,0.877437010671,0.878970991458,75,7.5,25,0,2608,2608,0.843689433337,0.843689433337,76,7.6,27,0,2722,2723,0.990951588974,0.992485569762,75,7.5,27,0,2074,2076,0.012271846303,0.015339807879,76,7.6,26,1
19,2026-09-05T05:41:59.433347+00:00,175680671000000,175680703000000,1.141000000,online_inference,0,0,2089,2087,0.101242732000,0.098174770425,76,7.6,27,0,2638,2639,0.877437010671,0.878970991458,75,7.5,25,0,2608,2608,0.843689433337,0.843689433337,76,7.6,27,0,2722,2723,0.990951588974,0.992485569762,75,7.5,27,0,2074,2076,0.012271846303,0.015339807879,76,7.6,26,1
20,2026-09-05T05:41:59.482871+00:00,175680718000000,175680765000000,1.203000000,online_inference,0,0,2089,2087,0.101242732000,0.098174770425,76,7.6,27,1,2638,2639,0.877437010671,0.878970991458,75,7.5,25,0,2608,2608,0.843689433337,0.843689433337,76,7.6,27,0,2722,2723,0.990951588974,0.992485569762,75,7.5,27,0,2074,2076,0.012271846303,0.015339807879,76,7.6,26,1
21,2026-09-05T05:41:59.539420+00:00,175680781000000,175680812000000,1.250000000,online_inference,0,0,2089,2087,0.101242732000,0.098174770425,76,7.6,27,1,2638,2639,0.877437010671,0.878970991458,75,7.5,25,0,2608,2608,0.843689433337,0.843689433337,76,7.6,27,0,2722,2723,0.990951588974,0.992485569762,75,7.5,27,0,2074,2076,0.012271846303,0.015339807879,75,7.5,26,0
22,2026-09-05T05:41:59.593974+00:00,175680828000000,175680875000000,1.313000000,online_inference,0,0,2089,2087,0.101242732000,0.098174770425,76,7.6,27,0,2638,2639,0.877437010671,0.878970991458,75,7.5,25,0,2608,2608,0.843689433337,0.843689433337,76,7.6,27,0,2722,2723,0.990951588974,0.992485569762,75,7.5,27,0,2074,2076,0.012271846303,0.015339807879,76,7.6,26,0
23,2026-09-05T05:41:59.646516+00:00,175680890000000,175680921000000,1.359000000,online_inference,0,0,2089,2087,0.101242732000,0.098174770425,76,7.6,27,1,2638,2639,0.877437010671,0.878970991458,75,7.5,25,0,2608,2608,0.843689433337,0.843689433337,76,7.6,27,0,2722,2723,0.990951588974,0.992485569762,75,7.5,27,0,2074,2076,0.012271846303,0.015339807879,76,7.6,26,0
24,2026-09-05T05:41:59.708323+00:00,175680937000000,175680984000000,1.422000000,online_inference,0,0,2089,2087,0.101242732000,0.098174770425,76,7.6,27,1,2638,2639,0.877437010671,0.878970991458,75,7.5,25,0,2608,2608,0.843689433337,0.843689433337,76,7.6,27,0,2722,2723,0.990951588974,0.992485569762,75,7.5,27,0,2074,2076,0.012271846303,0.015339807879,76,7.6,26,1
25,2026-09-05T05:41:59.763681+00:00,175681000000000,175681031000000,1.469000000,online_inference,0,0,2089,2087,0.101242732000,0.098174770425,76,7.6,27,1,2638,2639,0.877437010671,0.878970991458,75,7.5,25,0,2608,2608,0.843689433337,0.843689433337,76,7.6,27,0,2722,2723,0.990951588974,0.992485569762,75,7.5,27,0,2074,2076,0.012271846303,0.015339807879,75,7.5,26,1
26,2026-09-05T05:41:59.802983+00:00,175681046000000,175681078000000,1.516000000,online_inference,0,0,2089,2087,0.101242732000,0.098174770425,76,7.6,27,1,2638,2639,0.877437010671,0.878970991458,75,7.5,25,0,2608,2608,0.843689433337,0.843689433337,76,7.6,27,0,2722,2723,0.990951588974,0.992485569762,75,7.5,27,0,2074,2076,0.012271846303,0.015339807879,75,7.5,26,1
27,2026-09-05T05:41:59.858690+00:00,175681093000000,175681140000000,1.578000000,online_inference,0,0,2089,2087,0.101242732000,0.098174770425,76,7.6,27,1,2638,2639,0.877437010671,0.878970991458,75,7.5,25,0,2608,2608,0.843689433337,0.843689433337,76,7.6,27,0,2722,2723,0.990951588974,0.992485569762,75,7.5,27,0,2074,2076,0.012271846303,0.015339807879,75,7.5,26,1
28,2026-09-05T05:41:59.908663+00:00,175681156000000,175681187000000,1.625000000,online_inference,0,0,2089,2087,0.101242732000,0.098174770425,76,7.6,27,1,2638,2639,0.877437010671,0.878970991458,75,7.5,25,0,2608,2608,0.843689433337,0.843689433337,76,7.6,27,0,2722,2723,0.990951588974,0.992485569762,75,7.5,27,0,2074,2076,0.012271846303,0.015339807879,75,7.5,26,1
29,2026-09-05T05:41:59.964680+00:00,175681203000000,175681234000000,1.672000000,online_inference,0,0,2089,2087,0.101242732000,0.098174770425,76,7.6,27,1,2638,2639,0.877437010671,0.878970991458,75,7.5,25,0,2608,2608,0.843689433337,0.843689433337,76,7.6,27,0,2722,2723,0.990951588974,0.992485569762,75,7.5,27,0,2074,2076,0.012271846303,0.015339807879,76,7.6,26,1
30,2026-09-05T05:42:00.012950+00:00,175681250000000,175681281000000,1.719000000,online_inference,0,0,2089,2087,0.101242732000,0.098174770425,76,7.6,27,0,2638,2639,0.877437010671,0.878970991458,75,7.5,25,0,2608,2608,0.843689433337,0.843689433337,76,7.6,27,0,2722,2723,0.990951588974,0.992485569762,75,7.5,27,0,2074,2076,0.012271846303,0.015339807879,76,7.6,26,1
31,2026-09-05T05:42:00.073032+00:00,175681296000000,175681343000000,1.781000000,online_inference,0,0,2089,2087,0.101242732000,0.098174770425,76,7.6,27,1,2638,2639,0.877437010671,0.878970991458,75,7.5,25,0,2608,2608,0.843689433337,0.843689433337,76,7.6,27,0,2722,2723,0.990951588974,0.992485569762,75,7.5,27,0,2074,2076,0.012271846303,0.015339807879,76,7.6,26,0
32,2026-09-05T05:42:00.121484+00:00,175681359000000,175681390000000,1.828000000,online_inference,0,0,2089,2087,0.101242732000,0.098174770425,76,7.6,27,1,2638,2639,0.877437010671,0.878970991458,75,7.5,25,0,2608,2608,0.843689433337,0.843689433337,76,7.6,27,0,2722,2723,0.990951588974,0.992485569762,75,7.5,27,0,2074,2076,0.012271846303,0.015339807879,76,7.6,26,0
33,2026-09-05T05:42:00.170907+00:00,175681406000000,175681453000000,1.891000000,online_inference,0,0,2089,2087,0.101242732000,0.098174770425,76,7.6,27,0,2638,2639,0.877437010671,0.878970991458,75,7.5,25,0,2608,2608,0.843689433337,0.843689433337,76,7.6,27,0,2722,2723,0.990951588974,0.992485569762,75,7.5,27,0,2074,2076,0.012271846303,0.015339807879,76,7.6,26,0
34,2026-09-05T05:42:00.236813+00:00,175681468000000,175681515000000,1.953000000,online_inference,0,0,2089,2087,0.101242732000,0.098174770425,76,7.6,27,0,2638,2639,0.877437010671,0.878970991458,75,7.5,25,0,2608,2608,0.843689433337,0.843689433337,76,7.6,27,0,2722,2723,0.990951588974,0.992485569762,75,7.5,27,0,2074,2076,0.012271846303,0.015339807879,75,7.5,26,1
35,2026-09-05T05:42:00.283925+00:00,175681531000000,175681562000000,2.000000000,online_inference,0,0,2089,2087,0.101242732000,0.098174770425,76,7.6,27,1,2638,2639,0.877437010671,0.878970991458,75,7.5,25,0,2608,2608,0.843689433337,0.843689433337,76,7.6,27,0,2722,2723,0.990951588974,0.992485569762,75,7.5,27,0,2074,2076,0.012271846303,0.015339807879,75,7.5,26,1
36,2026-09-05T05:42:00.342185+00:00,175681578000000,175681625000000,2.063000000,online_inference,0,0,2089,2087,0.101242732000,0.098174770425,76,7.6,27,0,2638,2639,0.877437010671,0.878970991458,75,7.5,25,0,2608,2608,0.843689433337,0.843689433337,76,7.6,27,0,2722,2723,0.990951588974,0.992485569762,75,7.5,27,0,2074,2076,0.012271846303,0.015339807879,75,7.5,26,1
37,2026-09-05T05:42:00.397094+00:00,175681640000000,175681671000000,2.109000000,online_inference,0,0,2089,2087,0.101242732000,0.098174770425,76,7.6,27,0,2638,2639,0.877437010671,0.878970991458,75,7.5,25,0,2608,2608,0.843689433337,0.843689433337,76,7.6,27,0,2722,2723,0.990951588974,0.992485569762,75,7.5,27,0,2074,2076,0.012271846303,0.015339807879,75,7.5,26,1
38,2026-09-05T05:42:00.455401+00:00,175681687000000,175681734000000,2.172000000,online_inference,0,0,2089,2087,0.101242732000,0.098174770425,76,7.6,27,1,2638,2639,0.877437010671,0.878970991458,75,7.5,25,0,2608,2608,0.843689433337,0.843689433337,76,7.6,27,0,2722,2723,0.990951588974,0.992485569762,75,7.5,27,0,2074,2076,0.012271846303,0.015339807879,76,7.6,26,0
39,2026-09-05T05:42:00.506473+00:00,175681750000000,175681781000000,2.219000000,online_inference,0,0,2089,2087,0.101242732000,0.098174770425,76,7.6,27,1,2638,2639,0.877437010671,0.878970991458,75,7.5,25,0,2608,2608,0.843689433337,0.843689433337,76,7.6,27,0,2722,2723,0.990951588974,0.992485569762,75,7.5,27,0,2074,2076,0.012271846303,0.015339807879,76,7.6,26,0
40,2026-09-05T05:42:00.592518+00:00,175681812000000,175681875000000,2.313000000,online_inference,0,0,2089,2087,0.101242732000,0.098174770425,76,7.6,27,0,2638,2639,0.877437010671,0.878970991458,75,7.5,25,0,2608,2608,0.843689433337,0.843689433337,76,7.6,27,0,2722,2723,0.990951588974,0.992485569762,75,7.5,27,0,2074,2076,0.012271846303,0.015339807879,76,7.6,26,1
41,2026-09-05T05:42:00.660488+00:00,175681890000000,175681937000000,2.375000000,online_inference,0,0,2089,2087,0.101242732000,0.098174770425,76,7.6,27,1,2638,2639,0.877437010671,0.878970991458,75,7.5,25,0,2608,2608,0.843689433337,0.843689433337,76,7.6,27,0,2722,2723,0.990951588974,0.992485569762,75,7.5,27,0,2074,2076,0.012271846303,0.015339807879,76,7.6,26,1
42,2026-09-05T05:42:00.727321+00:00,175681953000000,175682000000000,2.438000000,online_inference,0,0,2089,2087,0.101242732000,0.098174770425,76,7.6,27,1,2638,2639,0.877437010671,0.878970991458,75,7.5,25,0,2608,2608,0.843689433337,0.843689433337,76,7.6,27,0,2722,2723,0.990951588974,0.992485569762,75,7.5,27,0,2074,2076,0.012271846303,0.015339807879,76,7.6,26,1
43,2026-09-05T05:42:00.776852+00:00,175682015000000,175682046000000,2.484000000,online_inference,0,0,2089,2087,0.101242732000,0.098174770425,76,7.6,27,0,2638,2639,0.877437010671,0.878970991458,75,7.5,25,0,2608,2608,0.843689433337,0.843689433337,76,7.6,27,0,2722,2723,0.990951588974,0.992485569762,75,7.5,27,0,2074,2076,0.012271846303,0.015339807879,76,7.6,26,0
44,2026-09-05T05:42:00.826188+00:00,175682062000000,175682093000000,2.531000000,online_inference,0,0,2089,2087,0.101242732000,0.098174770425,76,7.6,27,1,2638,2639,0.877437010671,0.878970991458,75,7.5,25,0,2608,2608,0.843689433337,0.843689433337,76,7.6,27,0,2722,2723,0.990951588974,0.992485569762,75,7.5,27,0,2074,2076,0.012271846303,0.015339807879,76,7.6,26,1
45,2026-09-05T05:42:00.874541+00:00,175682109000000,175682156000000,2.594000000,online_inference,0,0,2089,2087,0.101242732000,0.098174770425,76,7.6,27,1,2638,2639,0.877437010671,0.878970991458,75,7.5,25,0,2608,2608,0.843689433337,0.843689433337,76,7.6,27,0,2722,2723,0.990951588974,0.992485569762,75,7.5,27,0,2074,2076,0.012271846303,0.015339807879,75,7.5,26,0
46,2026-09-05T05:42:00.931786+00:00,175682171000000,175682203000000,2.641000000,online_inference,0,0,2089,2087,0.101242732000,0.098174770425,76,7.6,27,1,2638,2639,0.877437010671,0.878970991458,75,7.5,25,0,2608,2608,0.843689433337,0.843689433337,76,7.6,27,0,2722,2723,0.990951588974,0.992485569762,75,7.5,27,0,2074,2076,0.012271846303,0.015339807879,76,7.6,26,0
47,2026-09-05T05:42:00.977166+00:00,175682218000000,175682250000000,2.688000000,online_inference,0,0,2089,2087,0.101242732000,0.098174770425,76,7.6,27,0,2638,2639,0.877437010671,0.878970991458,75,7.5,25,0,2608,2608,0.843689433337,0.843689433337,76,7.6,27,0,2722,2723,0.990951588974,0.992485569762,75,7.5,27,0,2074,2076,0.012271846303,0.015339807879,75,7.5,26,1
48,2026-09-05T05:42:01.026043+00:00,175682265000000,175682296000000,2.734000000,online_inference,0,0,2089,2087,0.101242732000,0.098174770425,76,7.6,27,1,2638,2639,0.877437010671,0.878970991458,75,7.5,25,0,2608,2608,0.843689433337,0.843689433337,76,7.6,27,0,2722,2723,0.990951588974,0.992485569762,75,7.5,27,0,2074,2076,0.012271846303,0.015339807879,76,7.6,26,1
49,2026-09-05T05:42:01.097373+00:00,175682328000000,175682375000000,2.813000000,online_inference,0,0,2089,2087,0.101242732000,0.098174770425,76,7.6,27,1,2638,2639,0.877437010671,0.878970991458,75,7.5,25,0,2608,2608,0.843689433337,0.843689433337,76,7.6,27,0,2722,2723,0.990951588974,0.992485569762,75,7.5,27,0,2074,2076,0.012271846303,0.015339807879,76,7.6,26,0
50,2026-09-05T05:42:01.145105+00:00,175682390000000,175682421000000,2.859000000,online_inference,0,0,2089,2087,0.101242732000,0.098174770425,76,7.6,27,1,2638,2639,0.877437010671,0.878970991458,75,7.5,25,0,2608,2608,0.843689433337,0.843689433337,76,7.6,27,0,2722,2723,0.990951588974,0.992485569762,75,7.5,27,0,2074,2076,0.012271846303,0.015339807879,76,7.6,26,1
51,2026-09-05T05:42:01.200304+00:00,175682437000000,175682468000000,2.906000000,online_inference,0,0,2089,2087,0.101242732000,0.098174770425,76,7.6,27,1,2638,2639,0.877437010671,0.878970991458,75,7.5,25,0,2608,2608,0.843689433337,0.843689433337,76,7.6,27,0,2722,2723,0.990951588974,0.992485569762,75,7.5,27,0,2074,2076,0.012271846303,0.015339807879,76,7.6,26,0
52,2026-09-05T05:42:01.247699+00:00,175682484000000,175682515000000,2.953000000,online_inference,0,0,2089,2087,0.101242732000,0.098174770425,76,7.6,27,1,2638,2639,0.877437010671,0.878970991458,75,7.5,25,0,2608,2608,0.843689433337,0.843689433337,76,7.6,27,0,2722,2723,0.990951588974,0.992485569762,75,7.5,27,0,2074,2076,0.012271846303,0.015339807879,76,7.6,26,1
53,2026-09-05T05:42:01.318524+00:00,175682531000000,175682593000000,3.031000000,online_inference,0,0,2089,2087,0.101242732000,0.098174770425,76,7.6,27,0,2638,2639,0.877437010671,0.878970991458,75,7.5,25,0,2608,2608,0.843689433337,0.843689433337,76,7.6,27,0,2722,2723,0.990951588974,0.992485569762,75,7.5,27,0,2074,2076,0.012271846303,0.015339807879,75,7.5,26,1
54,2026-09-05T05:42:01.378207+00:00,175682609000000,175682656000000,3.094000000,online_inference,0,0,2089,2087,0.101242732000,0.098174770425,76,7.6,27,1,2638,2639,0.877437010671,0.878970991458,75,7.5,25,0,2608,2608,0.843689433337,0.843689433337,76,7.6,27,0,2722,2723,0.990951588974,0.992485569762,75,7.5,27,0,2074,2076,0.012271846303,0.015339807879,76,7.6,26,1
55,2026-09-05T05:42:01.433945+00:00,175682671000000,175682703000000,3.141000000,online_inference,0,0,2089,2087,0.101242732000,0.098174770425,76,7.6,27,0,2638,2639,0.877437010671,0.878970991458,75,7.5,25,0,2608,2608,0.843689433337,0.843689433337,76,7.6,27,0,2722,2723,0.990951588974,0.992485569762,75,7.5,27,0,2074,2076,0.012271846303,0.015339807879,76,7.6,26,1
56,2026-09-05T05:42:01.484249+00:00,175682718000000,175682765000000,3.203000000,online_inference,0,0,2089,2087,0.101242732000,0.098174770425,76,7.6,27,1,2638,2639,0.877437010671,0.878970991458,75,7.5,25,0,2608,2608,0.843689433337,0.843689433337,76,7.6,27,0,2722,2723,0.990951588974,0.992485569762,75,7.5,27,0,2074,2076,0.012271846303,0.015339807879,76,7.6,26,1
57,2026-09-05T05:42:01.543764+00:00,175682781000000,175682812000000,3.250000000,online_inference,0,0,2089,2087,0.101242732000,0.098174770425,76,7.6,27,0,2638,2639,0.877437010671,0.878970991458,75,7.5,25,0,2608,2608,0.843689433337,0.843689433337,76,7.6,27,0,2722,2723,0.990951588974,0.992485569762,75,7.5,27,0,2074,2076,0.012271846303,0.015339807879,76,7.6,26,1
58,2026-09-05T05:42:01.602374+00:00,175682843000000,175682875000000,3.313000000,online_inference,0,0,2089,2087,0.101242732000,0.098174770425,76,7.6,27,1,2638,2639,0.877437010671,0.878970991458,75,7.5,25,0,2608,2608,0.843689433337,0.843689433337,76,7.6,27,0,2722,2723,0.990951588974,0.992485569762,75,7.5,27,0,2074,2076,0.012271846303,0.015339807879,75,7.5,26,1
59,2026-09-05T05:42:01.654390+00:00,175682890000000,175682921000000,3.359000000,online_inference,0,0,2089,2087,0.101242732000,0.098174770425,76,7.6,27,1,2638,2639,0.877437010671,0.878970991458,75,7.5,25,0,2608,2608,0.843689433337,0.843689433337,76,7.6,27,0,2722,2723,0.990951588974,0.992485569762,75,7.5,27,0,2074,2076,0.012271846303,0.015339807879,76,7.6,26,1
60,2026-09-05T05:42:01.685951+00:00,175682937000000,175682968000000,3.406000000,online_inference,0,0,2089,2087,0.101242732000,0.098174770425,76,7.6,27,1,2638,2639,0.877437010671,0.878970991458,75,7.5,25,0,2608,2608,0.843689433337,0.843689433337,76,7.6,27,0,2722,2723,0.990951588974,0.992485569762,75,7.5,27,0,2074,2076,0.012271846303,0.015339807879,76,7.6,26,1
61,2026-09-05T05:42:01.742768+00:00,175682984000000,175683015000000,3.453000000,online_archive,0,0,2089,2087,0.101242732000,0.098174770425,76,7.6,27,0,2638,2639,0.877437010671,0.878970991458,75,7.5,25,0,2608,2608,0.843689433337,0.843689433337,76,7.6,27,0,2722,2723,0.990951588974,0.992485569762,75,7.5,27,0,2074,2076,0.012271846303,0.015339807879,76,7.6,26,0
62,2026-09-05T05:42:01.784101+00:00,175683031000000,175683062000000,3.500000000,online_archive,0,0,2089,2087,0.101242732000,0.098174770425,76,7.6,27,1,2638,2639,0.877437010671,0.878970991458,75,7.5,25,0,2608,2608,0.843689433337,0.843689433337,76,7.6,27,0,2722,2723,0.990951588974,0.992485569762,75,7.5,27,0,2074,2076,0.012271846303,0.015339807879,76,7.6,26,1
63,2026-09-05T05:42:01.855574+00:00,175683093000000,175683125000000,3.563000000,fixed_trajectory,0,0,2089,2087,0.101242732000,0.098174770425,76,7.6,27,0,2638,2639,0.877437010671,0.878970991458,75,7.5,25,0,2608,2608,0.843689433337,0.843689433337,76,7.6,27,0,2722,2723,0.990951588974,0.992485569762,75,7.5,27,0,2074,2076,0.012271846303,0.015339807879,75,7.5,26,1
64,2026-09-05T05:42:01.889957+00:00,175683140000000,175683171000000,3.609000000,fixed_trajectory,0,0,2089,2087,0.101242732000,0.098174770425,76,7.6,27,0,2638,2640,0.877437010671,0.880504972246,75,7.5,25,0,2608,2607,0.843689433337,0.842155452549,76,7.6,27,0,2722,2722,0.990951588974,0.990951588974,75,7.5,27,0,2074,2076,0.012271846303,0.015339807879,76,7.6,26,1
65,2026-09-05T05:42:01.945783+00:00,175683187000000,175683218000000,3.656000000,fixed_trajectory,0,0,2089,2087,0.101242732000,0.098174770425,76,7.6,27,0,2638,2640,0.877437010671,0.880504972246,75,7.5,25,1,2608,2607,0.843689433337,0.842155452549,76,7.6,27,0,2722,2721,0.990951588974,0.989417608186,75,7.5,27,0,2074,2076,0.012271846303,0.015339807879,76,7.6,26,1
66,2026-09-05T05:42:01.990430+00:00,175683234000000,175683265000000,3.703000000,fixed_trajectory,0,0,2089,2087,0.101242732000,0.098174770425,76,7.6,27,0,2638,2641,0.877437010671,0.882038953034,75,7.5,25,1,2608,2606,0.843689433337,0.840621471761,76,7.6,27,0,2722,2720,0.990951588974,0.987883627398,75,7.5,27,0,2074,2076,0.012271846303,0.015339807879,75,7.5,26,0
67,2026-09-05T05:42:02.038345+00:00,175683281000000,175683312000000,3.750000000,fixed_trajectory,0,0,2089,2087,0.101242732000,0.098174770425,76,7.6,27,0,2638,2641,0.877437010671,0.882038953034,75,7.5,25,0,2608,2606,0.843689433337,0.840621471761,76,7.6,27,1,2722,2719,0.990951588974,0.986349646610,75,7.5,27,1,2074,2076,0.012271846303,0.015339807879,75,7.5,26,1
68,2026-09-05T05:42:02.083463+00:00,175683328000000,175683359000000,3.797000000,fixed_trajectory,0,0,2089,2087,0.101242732000,0.098174770425,76,7.6,27,1,2638,2642,0.877437010671,0.883572933822,75,7.5,25,1,2608,2605,0.843689433337,0.839087490973,76,7.6,27,1,2722,2718,0.990951588974,0.984815665823,75,7.5,27,1,2074,2075,0.012271846303,0.013805827091,75,7.5,26,0
69,2026-09-05T05:42:02.258547+00:00,175683500000000,175683531000000,3.969000000,fixed_trajectory,0,0,2089,2087,0.101242732000,0.098174770425,76,7.6,27,1,2638,2642,0.877437010671,0.883572933822,75,7.5,25,1,2608,2605,0.843689433337,0.839087490973,76,7.6,27,0,2722,2717,0.990951588974,0.983281685035,75,7.5,27,0,2074,2075,0.012271846303,0.013805827091,75,7.5,26,0
70,2026-09-05T05:42:02.301695+00:00,175683546000000,175683578000000,4.016000000,fixed_trajectory,0,0,2089,2087,0.101242732000,0.098174770425,76,7.6,27,1,2638,2643,0.877437010671,0.885106914610,75,7.5,25,1,2608,2604,0.843689433337,0.837553510186,76,7.6,27,1,2722,2716,0.990951588974,0.981747704247,75,7.5,27,2,2074,2075,0.012271846303,0.013805827091,76,7.6,26,0
71,2026-09-05T05:42:02.344035+00:00,175683593000000,175683625000000,4.063000000,fixed_trajectory,0,0,2089,2086,0.101242732000,0.096640789637,76,7.6,27,1,2638,2643,0.877437010671,0.885106914610,75,7.5,25,1,2608,2604,0.843689433337,0.837553510186,76,7.6,27,1,2722,2715,0.990951588974,0.980213723459,75,7.5,27,1,2074,2075,0.012271846303,0.013805827091,75,7.5,26,0
72,2026-09-05T05:42:02.395444+00:00,175683640000000,175683671000000,4.109000000,fixed_trajectory,0,0,2089,2086,0.101242732000,0.096640789637,76,7.6,27,0,2638,2644,0.877437010671,0.886640895398,75,7.5,25,1,2608,2603,0.843689433337,0.836019529398,76,7.6,27,1,2722,2714,0.990951588974,0.978679742671,75,7.5,27,1,2074,2075,0.012271846303,0.013805827091,75,7.5,26,0
73,2026-09-05T05:42:02.440132+00:00,175683687000000,175683718000000,4.156000000,fixed_trajectory,0,0,2089,2086,0.101242732000,0.096640789637,76,7.6,27,1,2638,2645,0.877437010671,0.888174876186,75,7.5,25,1,2608,2603,0.843689433337,0.836019529398,76,7.6,27,1,2722,2713,0.990951588974,0.977145761883,75,7.5,27,2,2074,2075,0.012271846303,0.013805827091,75,7.5,26,0
74,2026-09-05T05:42:02.497750+00:00,175683734000000,175683765000000,4.203000000,fixed_trajectory,0,0,2089,2086,0.101242732000,0.096640789637,76,7.6,27,1,2638,2645,0.877437010671,0.888174876186,75,7.5,25,1,2608,2602,0.843689433337,0.834485548610,76,7.6,27,1,2722,2712,0.990951588974,0.975611781095,75,7.5,27,1,2074,2075,0.012271846303,0.013805827091,75,7.5,26,0
75,2026-09-05T05:42:02.549818+00:00,175683796000000,175683828000000,4.266000000,fixed_trajectory,0,0,2089,2086,0.101242732000,0.096640789637,76,7.6,27,1,2638,2646,0.877437010671,0.889708856974,75,7.5,25,1,2608,2602,0.843689433337,0.834485548610,76,7.6,27,0,2719,2711,0.986349646610,0.974077800307,75,7.5,27,1,2074,2075,0.012271846303,0.013805827091,75,7.5,26,0
76,2026-09-05T05:42:02.598284+00:00,175683843000000,175683875000000,4.313000000,fixed_trajectory,0,0,2089,2086,0.101242732000,0.096640789637,76,7.6,27,1,2638,2646,0.877437010671,0.889708856974,75,7.5,25,1,2608,2601,0.843689433337,0.832951567822,76,7.6,27,1,2718,2710,0.984815665823,0.972543819519,75,7.5,27,1,2074,2075,0.012271846303,0.013805827091,75,7.5,26,0
77,2026-09-05T05:42:02.645703+00:00,175683890000000,175683921000000,4.359000000,fixed_trajectory,0,0,2089,2086,0.101242732000,0.096640789637,76,7.6,27,1,2638,2647,0.877437010671,0.891242837762,75,7.5,25,2,2608,2601,0.843689433337,0.832951567822,76,7.6,27,1,2717,2709,0.983281685035,0.971009838732,75,7.5,27,1,2074,2074,0.012271846303,0.012271846303,75,7.5,26,0
78,2026-09-05T05:42:02.689072+00:00,175683937000000,175683968000000,4.406000000,fixed_trajectory,0,0,2089,2086,0.101242732000,0.096640789637,76,7.6,27,0,2638,2647,0.877437010671,0.891242837762,75,7.5,25,2,2608,2600,0.843689433337,0.831417587034,76,7.6,27,2,2717,2708,0.983281685035,0.969475857944,75,7.5,27,1,2074,2074,0.012271846303,0.012271846303,75,7.5,26,0
79,2026-09-05T05:42:02.868687+00:00,175684109000000,175684140000000,4.578000000,fixed_trajectory,0,0,2089,2086,0.101242732000,0.096640789637,76,7.6,27,0,2640,2648,0.880504972246,0.892776818549,75,7.5,25,0,2608,2600,0.843689433337,0.831417587034,76,7.6,27,1,2717,2707,0.983281685035,0.967941877156,75,7.5,27,2,2074,2074,0.012271846303,0.012271846303,75,7.5,26,0
80,2026-09-05T05:42:02.903651+00:00,175684156000000,175684171000000,4.609000000,fixed_trajectory,0,0,2089,2086,0.101242732000,0.096640789637,76,7.6,27,1,2641,2648,0.882038953034,0.892776818549,75,7.5,25,1,2608,2599,0.843689433337,0.829883606246,76,7.6,27,1,2717,2706,0.983281685035,0.966407896368,75,7.5,27,2,2074,2074,0.012271846303,0.012271846303,75,7.5,26,0
81,2026-09-05T05:42:02.959505+00:00,175684203000000,175684234000000,4.672000000,fixed_trajectory,0,0,2089,2086,0.101242732000,0.096640789637,76,7.6,27,1,2641,2649,0.882038953034,0.894310799337,75,7.5,25,1,2608,2599,0.843689433337,0.829883606246,76,7.6,27,1,2717,2705,0.983281685035,0.964873915580,75,7.5,27,2,2073,2074,0.010737865515,0.012271846303,75,7.5,26,0
82,2026-09-05T05:42:03.000356+00:00,175684250000000,175684281000000,4.719000000,fixed_trajectory,0,0,2089,2086,0.101242732000,0.096640789637,76,7.6,27,0,2641,2650,0.882038953034,0.895844780125,75,7.5,25,1,2605,2598,0.839087490973,0.828349625458,76,7.6,27,2,2717,2704,0.983281685035,0.963339934792,75,7.5,27,2,2072,2074,0.009203884727,0.012271846303,75,7.5,26,1
83,2026-09-05T05:42:03.060123+00:00,175684296000000,175684328000000,4.766000000,fixed_trajectory,0,0,2089,2086,0.101242732000,0.096640789637,76,7.6,27,1,2641,2650,0.882038953034,0.895844780125,75,7.5,25,2,2604,2598,0.837553510186,0.828349625458,76,7.6,27,1,2717,2703,0.983281685035,0.961805954004,75,7.5,27,2,2072,2074,0.009203884727,0.012271846303,75,7.5,26,1
84,2026-09-05T05:42:03.100634+00:00,175684343000000,175684375000000,4.813000000,fixed_trajectory,0,0,2089,2086,0.101242732000,0.096640789637,76,7.6,27,1,2641,2651,0.882038953034,0.897378760913,75,7.5,25,2,2604,2597,0.837553510186,0.826815644670,76,7.6,27,1,2717,2702,0.983281685035,0.960271973216,75,7.5,27,3,2072,2074,0.009203884727,0.012271846303,75,7.5,26,0
85,2026-09-05T05:42:03.159801+00:00,175684406000000,175684437000000,4.875000000,fixed_trajectory,0,0,2089,2086,0.101242732000,0.096640789637,76,7.6,27,1,2641,2651,0.882038953034,0.897378760913,75,7.5,25,2,2604,2597,0.837553510186,0.826815644670,76,7.6,27,1,2716,2701,0.981747704247,0.958737992429,75,7.5,27,2,2071,2073,0.007669903939,0.010737865515,75,7.5,26,0
86,2026-09-05T05:42:03.205629+00:00,175684453000000,175684484000000,4.922000000,fixed_trajectory,0,0,2089,2085,0.101242732000,0.095106808849,76,7.6,27,1,2641,2652,0.882038953034,0.898912741701,75,7.5,25,2,2604,2596,0.837553510186,0.825281663882,75,7.5,27,2,2715,2700,0.980213723459,0.957204011641,75,7.5,27,2,2071,2073,0.007669903939,0.010737865515,75,7.5,26,1
87,2026-09-05T05:42:03.254759+00:00,175684500000000,175684531000000,4.969000000,fixed_trajectory,0,0,2089,2085,0.101242732000,0.095106808849,76,7.6,27,1,2641,2652,0.882038953034,0.898912741701,75,7.5,25,2,2604,2596,0.837553510186,0.825281663882,75,7.5,27,1,2714,2699,0.978679742671,0.955670030853,75,7.5,29,3,2071,2073,0.007669903939,0.010737865515,75,7.5,26,0
88,2026-09-05T05:42:03.299924+00:00,175684546000000,175684578000000,5.016000000,fixed_trajectory,0,0,2089,2085,0.101242732000,0.095106808849,76,7.6,27,0,2642,2653,0.883572933822,0.900446722489,75,7.5,25,2,2604,2595,0.837553510186,0.823747683095,76,7.6,27,2,2714,2698,0.978679742671,0.954136050065,75,7.5,27,3,2071,2073,0.007669903939,0.010737865515,75,7.5,26,1
89,2026-09-05T05:42:03.470504+00:00,175684718000000,175684750000000,5.188000000,fixed_trajectory,0,0,2089,2085,0.101242732000,0.095106808849,76,7.6,27,1,2642,2653,0.883572933822,0.900446722489,75,7.5,25,2,2604,2595,0.837553510186,0.823747683095,76,7.6,27,2,2714,2697,0.978679742671,0.952602069277,75,7.5,27,4,2071,2073,0.007669903939,0.010737865515,75,7.5,26,0
90,2026-09-05T05:42:03.521368+00:00,175684765000000,175684796000000,5.234000000,fixed_trajectory,0,0,2089,2085,0.101242732000,0.095106808849,76,7.6,27,0,2642,2654,0.883572933822,0.901980703277,75,7.5,25,2,2604,2594,0.837553510186,0.822213702307,76,7.6,27,2,2714,2696,0.978679742671,0.951068088489,75,7.5,27,4,2071,2073,0.007669903939,0.010737865515,75,7.5,26,1
91,2026-09-05T05:42:03.564266+00:00,175684812000000,175684843000000,5.281000000,fixed_trajectory,0,0,2089,2085,0.101242732000,0.095106808849,76,7.6,27,1,2642,2655,0.883572933822,0.903514684065,75,7.5,25,2,2604,2594,0.837553510186,0.822213702307,75,7.5,27,2,2714,2695,0.978679742671,0.949534107701,75,7.5,27,4,2071,2073,0.007669903939,0.010737865515,75,7.5,26,1
92,2026-09-05T05:42:03.618404+00:00,175684859000000,175684890000000,5.328000000,fixed_trajectory,0,0,2089,2085,0.101242732000,0.095106808849,76,7.6,27,0,2642,2655,0.883572933822,0.903514684065,75,7.5,25,2,2604,2593,0.837553510186,0.820679721519,75,7.5,27,2,2714,2694,0.978679742671,0.948000126913,75,7.5,27,4,2071,2073,0.007669903939,0.010737865515,75,7.5,26,0
93,2026-09-05T05:42:03.659030+00:00,175684906000000,175684937000000,5.375000000,fixed_trajectory,0,0,2089,2085,0.101242732000,0.095106808849,76,7.6,27,0,2642,2656,0.883572933822,0.905048664853,75,7.5,25,2,2604,2593,0.837553510186,0.820679721519,75,7.5,27,1,2714,2693,0.978679742671,0.946466146125,75,7.5,27,4,2071,2073,0.007669903939,0.010737865515,75,7.5,26,1
94,2026-09-05T05:42:03.706795+00:00,175684953000000,175684984000000,5.422000000,fixed_trajectory,0,0,2089,2085,0.101242732000,0.095106808849,76,7.6,27,1,2642,2656,0.883572933822,0.905048664853,75,7.5,25,3,2604,2592,0.837553510186,0.819145740731,75,7.5,27,2,2714,2692,0.978679742671,0.944932165338,75,7.5,27,4,2070,2072,0.006135923152,0.009203884727,75,7.5,26,1
95,2026-09-05T05:42:03.761963+00:00,175685015000000,175685031000000,5.469000000,fixed_trajectory,0,0,2089,2085,0.101242732000,0.095106808849,76,7.6,27,1,2642,2657,0.883572933822,0.906582645640,75,7.5,25,3,2604,2592,0.837553510186,0.819145740731,76,7.6,27,2,2713,2691,0.977145761883,0.943398184550,75,7.5,27,4,2070,2072,0.006135923152,0.009203884727,75,7.5,26,1
96,2026-09-05T05:42:03.814770+00:00,175685062000000,175685093000000,5.531000000,fixed_trajectory,0,0,2089,2085,0.101242732000,0.095106808849,76,7.6,27,1,2642,2657,0.883572933822,0.906582645640,75,7.5,25,2,2604,2591,0.837553510186,0.817611759943,75,7.5,27,3,2711,2690,0.974077800307,0.941864203762,74,7.4,27,4,2070,2072,0.006135923152,0.009203884727,75,7.5,26,1
97,2026-09-05T05:42:03.864571+00:00,175685109000000,175685140000000,5.578000000,fixed_trajectory,0,0,2089,2085,0.101242732000,0.095106808849,76,7.6,27,1,2642,2658,0.883572933822,0.908116626428,75,7.5,25,2,2604,2591,0.837553510186,0.817611759943,76,7.6,27,2,2709,2689,0.971009838732,0.940330222974,75,7.5,27,3,2071,2072,0.007669903939,0.009203884727,75,7.5,26,1
98,2026-09-05T05:42:03.909023+00:00,175685156000000,175685187000000,5.625000000,fixed_trajectory,0,0,2089,2085,0.101242732000,0.095106808849,76,7.6,27,0,2644,2659,0.886640895398,0.909650607216,75,7.5,25,2,2601,2590,0.832951567822,0.816077779155,76,7.6,27,1,2705,2688,0.964873915580,0.938796242186,75,7.5,27,1,2071,2072,0.007669903939,0.009203884727,75,7.5,26,0
99,2026-09-05T05:42:04.091199+00:00,175685328000000,175685359000000,5.797000000,fixed_trajectory,0,0,2089,2085,0.101242732000,0.095106808849,76,7.6,27,0,2655,2659,0.903514684065,0.909650607216,75,7.5,25,1,2593,2590,0.820679721519,0.816077779155,76,7.6,27,0,2695,2687,0.949534107701,0.937262261398,75,7.5,27,2,2073,2072,0.010737865515,0.009203884727,75,7.5,26,0
100,2026-09-05T05:42:04.120543+00:00,175685375000000,175685390000000,5.828000000,fixed_trajectory,0,0,2089,2085,0.101242732000,0.095106808849,76,7.6,27,1,2655,2660,0.903514684065,0.911184588004,75,7.5,25,1,2593,2589,0.820679721519,0.814543798367,76,7.6,27,1,2695,2686,0.949534107701,0.935728280610,75,7.5,27,1,2073,2072,0.010737865515,0.009203884727,75,7.5,26,0
101,2026-09-05T05:42:04.180467+00:00,175685421000000,175685453000000,5.891000000,fixed_trajectory,0,0,2089,2085,0.101242732000,0.095106808849,76,7.6,27,1,2655,2660,0.903514684065,0.911184588004,75,7.5,25,1,2593,2589,0.820679721519,0.814543798367,76,7.6,27,1,2695,2685,0.949534107701,0.934194299822,75,7.5,27,1,2073,2072,0.010737865515,0.009203884727,76,7.6,26,0
102,2026-09-05T05:42:04.221497+00:00,175685468000000,175685500000000,5.938000000,fixed_trajectory,0,0,2089,2084,0.101242732000,0.093572828061,76,7.6,27,1,2655,2661,0.903514684065,0.912718568792,75,7.5,25,1,2593,2588,0.820679721519,0.813009817579,75,7.5,27,1,2695,2684,0.949534107701,0.932660319034,75,7.5,27,1,2073,2072,0.010737865515,0.009203884727,75,7.5,26,0
103,2026-09-05T05:42:04.269375+00:00,175685515000000,175685546000000,5.984000000,fixed_trajectory,0,0,2089,2084,0.101242732000,0.093572828061,76,7.6,27,1,2655,2661,0.903514684065,0.912718568792,75,7.5,25,1,2593,2588,0.820679721519,0.813009817579,76,7.6,27,1,2695,2683,0.949534107701,0.931126338247,75,7.5,27,2,2073,2071,0.010737865515,0.007669903939,75,7.5,26,1
104,2026-09-05T05:42:04.310746+00:00,175685562000000,175685578000000,6.016000000,fixed_trajectory,0,0,2089,2084,0.101242732000,0.093572828061,76,7.6,27,0,2655,2662,0.903514684065,0.914252549580,75,7.5,25,1,2593,2587,0.820679721519,0.811475836792,76,7.6,27,1,2695,2682,0.949534107701,0.929592357459,75,7.5,27,1,2073,2071,0.010737865515,0.007669903939,76,7.6,26,0
105,2026-09-05T05:42:04.377473+00:00,175685625000000,175685656000000,6.094000000,fixed_trajectory,0,0,2089,2084,0.101242732000,0.093572828061,76,7.6,27,0,2655,2662,0.903514684065,0.914252549580,75,7.5,25,1,2593,2587,0.820679721519,0.811475836792,76,7.6,27,1,2691,2681,0.943398184550,0.928058376671,75,7.5,27,1,2073,2071,0.010737865515,0.007669903939,75,7.5,26,0
106,2026-09-05T05:42:04.422740+00:00,175685671000000,175685703000000,6.141000000,fixed_trajectory,0,0,2089,2084,0.101242732000,0.093572828061,76,7.6,27,0,2655,2663,0.903514684065,0.915786530368,75,7.5,25,1,2593,2586,0.820679721519,0.809941856004,76,7.6,27,1,2690,2680,0.941864203762,0.926524395883,75,7.5,27,1,2073,2071,0.010737865515,0.007669903939,75,7.5,26,0
107,2026-09-05T05:42:04.470354+00:00,175685718000000,175685750000000,6.188000000,fixed_trajectory,0,0,2089,2084,0.101242732000,0.093572828061,76,7.6,27,1,2655,2664,0.903514684065,0.917320511156,75,7.5,25,1,2593,2586,0.820679721519,0.809941856004,76,7.6,27,1,2689,2679,0.940330222974,0.924990415095,75,7.5,27,1,2073,2071,0.010737865515,0.007669903939,75,7.5,26,1
108,2026-09-05T05:42:04.521759+00:00,175685765000000,175685796000000,6.234000000,fixed_trajectory,0,0,2089,2084,0.101242732000,0.093572828061,76,7.6,27,1,2655,2664,0.903514684065,0.917320511156,75,7.5,25,2,2593,2585,0.820679721519,0.808407875216,76,7.6,27,1,2689,2678,0.940330222974,0.923456434307,75,7.5,27,2,2073,2071,0.010737865515,0.007669903939,76,7.6,26,1
109,2026-09-05T05:42:04.692916+00:00,175685937000000,175685968000000,6.406000000,fixed_trajectory,0,0,2089,2084,0.101242732000,0.093572828061,76,7.6,27,1,2655,2665,0.903514684065,0.918854491943,75,7.5,25,2,2593,2585,0.820679721519,0.808407875216,75,7.5,27,1,2686,2677,0.935728280610,0.921922453519,75,7.5,27,1,2073,2071,0.010737865515,0.007669903939,75,7.5,26,0
110,2026-09-05T05:42:04.739015+00:00,175685984000000,175686015000000,6.453000000,fixed_trajectory,0,0,2089,2084,0.101242732000,0.093572828061,76,7.6,27,1,2655,2665,0.903514684065,0.918854491943,75,7.5,25,2,2593,2584,0.820679721519,0.806873894428,76,7.6,27,1,2686,2676,0.935728280610,0.920388472731,75,7.5,27,1,2073,2071,0.010737865515,0.007669903939,75,7.5,26,1
111,2026-09-05T05:42:04.780270+00:00,175686031000000,175686062000000,6.500000000,fixed_trajectory,0,0,2089,2084,0.101242732000,0.093572828061,76,7.6,27,1,2655,2666,0.903514684065,0.920388472731,75,7.5,25,2,2593,2584,0.820679721519,0.806873894428,76,7.6,27,1,2686,2675,0.935728280610,0.918854491943,75,7.5,27,2,2073,2070,0.010737865515,0.006135923152,75,7.5,26,1
112,2026-09-05T05:42:04.833076+00:00,175686078000000,175686109000000,6.547000000,fixed_trajectory,0,0,2089,2084,0.101242732000,0.093572828061,76,7.6,27,1,2655,2666,0.903514684065,0.920388472731,75,7.5,25,1,2593,2583,0.820679721519,0.805339913640,75,7.5,27,2,2686,2674,0.935728280610,0.917320511156,75,7.5,27,1,2073,2070,0.010737865515,0.006135923152,75,7.5,26,0
113,2026-09-05T05:42:04.875369+00:00,175686125000000,175686156000000,6.594000000,fixed_trajectory,0,0,2089,2084,0.101242732000,0.093572828061,76,7.6,27,1,2657,2667,0.906582645640,0.921922453519,75,7.5,25,1,2593,2583,0.820679721519,0.805339913640,76,7.6,27,1,2686,2673,0.935728280610,0.915786530368,75,7.5,27,2,2073,2070,0.010737865515,0.006135923152,75,7.5,26,1
114,2026-09-05T05:42:04.934768+00:00,175686171000000,175686203000000,6.641000000,fixed_trajectory,0,0,2089,2084,0.101242732000,0.093572828061,76,7.6,27,1,2658,2667,0.908116626428,0.921922453519,75,7.5,25,2,2592,2582,0.819145740731,0.803805932852,75,7.5,27,1,2686,2672,0.935728280610,0.914252549580,75,7.5,27,3,2073,2070,0.010737865515,0.006135923152,75,7.5,26,0
115,2026-09-05T05:42:04.983087+00:00,175686234000000,175686265000000,6.703000000,fixed_trajectory,0,0,2089,2084,0.101242732000,0.093572828061,76,7.6,27,1,2658,2668,0.908116626428,0.923456434307,75,7.5,25,2,2589,2582,0.814543798367,0.803805932852,76,7.6,27,0,2686,2671,0.935728280610,0.912718568792,75,7.5,27,3,2073,2070,0.010737865515,0.006135923152,75,7.5,26,1
116,2026-09-05T05:42:05.040180+00:00,175686281000000,175686312000000,6.750000000,fixed_trajectory,0,0,2089,2084,0.101242732000,0.093572828061,76,7.6,27,1,2660,2669,0.911184588004,0.924990415095,75,7.5,25,2,2587,2581,0.811475836792,0.802271952064,76,7.6,27,1,2686,2670,0.935728280610,0.911184588004,75,7.5,27,3,2073,2070,0.010737865515,0.006135923152,75,7.5,26,0
117,2026-09-05T05:42:05.077296+00:00,175686328000000,175686359000000,6.797000000,fixed_trajectory,0,0,2089,2083,0.101242732000,0.092038847273,76,7.6,27,1,2661,2669,0.912718568792,0.924990415095,75,7.5,25,1,2587,2581,0.811475836792,0.802271952064,76,7.6,27,1,2686,2669,0.935728280610,0.909650607216,75,7.5,27,3,2073,2070,0.010737865515,0.006135923152,75,7.5,26,1
118,2026-09-05T05:42:05.130469+00:00,175686375000000,175686406000000,6.844000000,fixed_trajectory,0,0,2089,2083,0.101242732000,0.092038847273,76,7.6,27,1,2661,2670,0.912718568792,0.926524395883,75,7.5,25,1,2587,2580,0.811475836792,0.800737971276,76,7.6,27,1,2684,2668,0.932660319034,0.908116626428,75,7.5,27,2,2073,2070,0.010737865515,0.006135923152,75,7.5,26,1
119,2026-09-05T05:42:05.309632+00:00,175686546000000,175686578000000,7.016000000,fixed_trajectory,0,0,2089,2083,0.101242732000,0.092038847273,76,7.6,27,1,2662,2670,0.914252549580,0.926524395883,75,7.5,25,1,2587,2580,0.811475836792,0.800737971276,76,7.6,27,1,2676,2667,0.920388472731,0.906582645640,75,7.5,27,2,2073,2070,0.010737865515,0.006135923152,75,7.5,26,0
120,2026-09-05T05:42:05.340796+00:00,175686593000000,175686609000000,7.047000000,fixed_trajectory,0,0,2089,2083,0.101242732000,0.092038847273,76,7.6,27,1,2662,2671,0.914252549580,0.928058376671,75,7.5,25,1,2587,2579,0.811475836792,0.799203990488,75,7.5,27,1,2676,2666,0.920388472731,0.905048664853,75,7.5,27,2,2073,2069,0.010737865515,0.004601942364,75,7.5,26,0
121,2026-09-05T05:42:05.393822+00:00,175686640000000,175686671000000,7.109000000,fixed_trajectory,0,0,2089,2083,0.101242732000,0.092038847273,76,7.6,27,1,2662,2671,0.914252549580,0.928058376671,75,7.5,25,2,2587,2579,0.811475836792,0.799203990488,76,7.6,27,2,2674,2665,0.917320511156,0.903514684065,75,7.5,27,1,2073,2069,0.010737865515,0.004601942364,75,7.5,26,1
122,2026-09-05T05:42:05.442509+00:00,175686687000000,175686718000000,7.156000000,fixed_trajectory,0,0,2089,2083,0.101242732000,0.092038847273,76,7.6,27,1,2662,2672,0.914252549580,0.929592357459,75,7.5,25,2,2587,2578,0.811475836792,0.797670009701,76,7.6,27,2,2672,2664,0.914252549580,0.901980703277,75,7.5,27,1,2073,2069,0.010737865515,0.004601942364,75,7.5,26,1
123,2026-09-05T05:42:05.492016+00:00,175686734000000,175686765000000,7.203000000,fixed_trajectory,0,0,2089,2083,0.101242732000,0.092038847273,76,7.6,27,1,2662,2672,0.914252549580,0.929592357459,75,7.5,25,1,2587,2578,0.811475836792,0.797670009701,76,7.6,27,1,2672,2663,0.914252549580,0.900446722489,75,7.5,27,1,2073,2069,0.010737865515,0.004601942364,75,7.5,26,1
124,2026-09-05T05:42:05.535702+00:00,175686781000000,175686812000000,7.250000000,online_observation,0,0,2089,2083,0.101242732000,0.092038847273,76,7.6,27,1,2662,2673,0.914252549580,0.931126338247,75,7.5,25,2,2587,2577,0.811475836792,0.796136028913,75,7.5,27,2,2672,2662,0.914252549580,0.898912741701,75,7.5,27,2,2073,2069,0.010737865515,0.004601942364,75,7.5,26,0
125,2026-09-05T05:42:05.602493+00:00,175686843000000,175686875000000,7.313000000,online_observation,0,0,2089,2083,0.101242732000,0.092038847273,76,7.6,27,1,2662,2673,0.914252549580,0.931126338247,75,7.5,25,1,2587,2577,0.811475836792,0.796136028913,76,7.6,27,1,2672,2662,0.914252549580,0.898912741701,75,7.5,27,1,2073,2069,0.010737865515,0.004601942364,75,7.5,26,0
126,2026-09-05T05:42:05.645745+00:00,175686890000000,175686921000000,7.359000000,online_observation,0,0,2089,2083,0.101242732000,0.092038847273,76,7.6,27,1,2662,2673,0.914252549580,0.931126338247,75,7.5,25,2,2587,2577,0.811475836792,0.796136028913,76,7.6,27,2,2672,2662,0.914252549580,0.898912741701,75,7.5,27,2,2073,2069,0.010737865515,0.004601942364,75,7.5,26,0
127,2026-09-05T05:42:05.695878+00:00,175686937000000,175686968000000,7.406000000,online_observation,0,0,2089,2083,0.101242732000,0.092038847273,76,7.6,27,1,2662,2673,0.914252549580,0.931126338247,75,7.5,25,2,2587,2577,0.811475836792,0.796136028913,76,7.6,27,1,2672,2662,0.914252549580,0.898912741701,75,7.5,27,1,2073,2069,0.010737865515,0.004601942364,75,7.5,26,1
128,2026-09-05T05:42:05.744789+00:00,175686984000000,175687015000000,7.453000000,online_observation,0,0,2089,2083,0.101242732000,0.092038847273,76,7.6,27,1,2662,2673,0.914252549580,0.931126338247,75,7.5,25,2,2587,2577,0.811475836792,0.796136028913,76,7.6,27,1,2672,2662,0.914252549580,0.898912741701,75,7.5,27,2,2073,2069,0.010737865515,0.004601942364,75,7.5,26,0
129,2026-09-05T05:42:05.792179+00:00,175687031000000,175687062000000,7.500000000,online_observation,0,0,2089,2083,0.101242732000,0.092038847273,76,7.6,27,1,2662,2673,0.914252549580,0.931126338247,75,7.5,25,2,2587,2577,0.811475836792,0.796136028913,75,7.5,27,1,2672,2662,0.914252549580,0.898912741701,75,7.5,27,2,2073,2069,0.010737865515,0.004601942364,75,7.5,26,1
130,2026-09-05T05:42:05.847401+00:00,175687093000000,175687125000000,7.563000000,online_observation,0,0,2089,2083,0.101242732000,0.092038847273,76,7.6,27,1,2662,2673,0.914252549580,0.931126338247,75,7.5,25,2,2587,2577,0.811475836792,0.796136028913,75,7.5,27,1,2672,2662,0.914252549580,0.898912741701,75,7.5,27,1,2073,2069,0.010737865515,0.004601942364,75,7.5,26,1
131,2026-09-05T05:42:05.902519+00:00,175687140000000,175687171000000,7.609000000,online_inference,1,0,2089,2083,0.101242732000,0.092038847273,76,7.6,27,1,2662,2673,0.914252549580,0.931126338247,75,7.5,25,2,2587,2577,0.811475836792,0.796136028913,76,7.6,27,2,2672,2662,0.914252549580,0.898912741701,75,7.5,27,1,2073,2069,0.010737865515,0.004601942364,75,7.5,26,1
132,2026-09-05T05:42:05.962818+00:00,175687187000000,175687234000000,7.672000000,online_inference,1,0,2089,2083,0.101242732000,0.092038847273,76,7.6,27,1,2662,2673,0.914252549580,0.931126338247,75,7.5,25,2,2587,2577,0.811475836792,0.796136028913,76,7.6,27,2,2672,2662,0.914252549580,0.898912741701,75,7.5,27,1,2073,2069,0.010737865515,0.004601942364,75,7.5,26,1
133,2026-09-05T05:42:06.021303+00:00,175687250000000,175687296000000,7.734000000,online_inference,1,0,2089,2083,0.101242732000,0.092038847273,76,7.6,27,1,2662,2673,0.914252549580,0.931126338247,75,7.5,25,2,2587,2577,0.811475836792,0.796136028913,76,7.6,27,2,2672,2662,0.914252549580,0.898912741701,75,7.5,27,2,2073,2069,0.010737865515,0.004601942364,75,7.5,26,1
134,2026-09-05T05:42:06.087783+00:00,175687312000000,175687359000000,7.797000000,online_inference,1,0,2089,2083,0.101242732000,0.092038847273,76,7.6,27,1,2662,2673,0.914252549580,0.931126338247,75,7.5,25,1,2587,2577,0.811475836792,0.796136028913,76,7.6,27,2,2672,2662,0.914252549580,0.898912741701,75,7.5,27,1,2073,2069,0.010737865515,0.004601942364,75,7.5,26,0
135,2026-09-05T05:42:06.135405+00:00,175687375000000,175687406000000,7.844000000,online_inference,1,0,2089,2083,0.101242732000,0.092038847273,76,7.6,27,1,2662,2673,0.914252549580,0.931126338247,75,7.5,25,2,2587,2577,0.811475836792,0.796136028913,75,7.5,27,1,2672,2662,0.914252549580,0.898912741701,75,7.5,27,2,2073,2069,0.010737865515,0.004601942364,75,7.5,26,0
136,2026-09-05T05:42:06.181685+00:00,175687421000000,175687453000000,7.891000000,online_inference,1,0,2089,2083,0.101242732000,0.092038847273,76,7.6,27,1,2662,2673,0.914252549580,0.931126338247,75,7.5,25,2,2587,2577,0.811475836792,0.796136028913,75,7.5,27,2,2672,2662,0.914252549580,0.898912741701,75,7.5,27,1,2073,2069,0.010737865515,0.004601942364,75,7.5,26,1
137,2026-09-05T05:42:06.223540+00:00,175687468000000,175687500000000,7.938000000,online_inference,1,0,2089,2083,0.101242732000,0.092038847273,76,7.6,27,1,2662,2673,0.914252549580,0.931126338247,75,7.5,25,2,2587,2577,0.811475836792,0.796136028913,76,7.6,27,1,2672,2662,0.914252549580,0.898912741701,75,7.5,27,2,2073,2069,0.010737865515,0.004601942364,75,7.5,26,1
138,2026-09-05T05:42:06.280087+00:00,175687515000000,175687562000000,8.000000000,online_inference,1,0,2089,2083,0.101242732000,0.092038847273,76,7.6,27,1,2662,2673,0.914252549580,0.931126338247,75,7.5,25,2,2587,2577,0.811475836792,0.796136028913,75,7.5,27,2,2672,2662,0.914252549580,0.898912741701,75,7.5,27,2,2073,2069,0.010737865515,0.004601942364,75,7.5,26,0
139,2026-09-05T05:42:06.351027+00:00,175687593000000,175687625000000,8.063000000,online_inference,1,0,2089,2083,0.101242732000,0.092038847273,76,7.6,27,1,2662,2673,0.914252549580,0.931126338247,75,7.5,25,1,2587,2577,0.811475836792,0.796136028913,76,7.6,27,2,2672,2662,0.914252549580,0.898912741701,75,7.5,27,1,2073,2069,0.010737865515,0.004601942364,75,7.5,26,0
140,2026-09-05T05:42:06.399980+00:00,175687640000000,175687671000000,8.109000000,online_inference,1,0,2089,2083,0.101242732000,0.092038847273,76,7.6,27,0,2662,2673,0.914252549580,0.931126338247,75,7.5,25,2,2587,2577,0.811475836792,0.796136028913,76,7.6,27,2,2672,2662,0.914252549580,0.898912741701,75,7.5,27,2,2073,2069,0.010737865515,0.004601942364,75,7.5,26,0
141,2026-09-05T05:42:06.447138+00:00,175687687000000,175687718000000,8.156000000,online_inference,1,0,2089,2083,0.101242732000,0.092038847273,76,7.6,27,1,2662,2673,0.914252549580,0.931126338247,75,7.5,25,2,2587,2577,0.811475836792,0.796136028913,76,7.6,27,2,2672,2662,0.914252549580,0.898912741701,75,7.5,27,2,2073,2069,0.010737865515,0.004601942364,75,7.5,26,1
142,2026-09-05T05:42:06.493652+00:00,175687734000000,175687765000000,8.203000000,online_inference,1,0,2089,2083,0.101242732000,0.092038847273,76,7.6,27,1,2662,2673,0.914252549580,0.931126338247,75,7.5,25,2,2587,2577,0.811475836792,0.796136028913,76,7.6,27,2,2672,2662,0.914252549580,0.898912741701,75,7.5,27,2,2073,2069,0.010737865515,0.004601942364,75,7.5,26,0
143,2026-09-05T05:42:06.544446+00:00,175687781000000,175687812000000,8.250000000,online_inference,1,0,2089,2083,0.101242732000,0.092038847273,76,7.6,27,1,2662,2673,0.914252549580,0.931126338247,75,7.5,25,2,2587,2577,0.811475836792,0.796136028913,75,7.5,27,1,2672,2662,0.914252549580,0.898912741701,75,7.5,27,2,2073,2069,0.010737865515,0.004601942364,75,7.5,26,1
144,2026-09-05T05:42:06.593584+00:00,175687828000000,175687875000000,8.313000000,online_inference,1,0,2089,2083,0.101242732000,0.092038847273,76,7.6,27,1,2662,2673,0.914252549580,0.931126338247,75,7.5,25,2,2587,2577,0.811475836792,0.796136028913,75,7.5,27,1,2672,2662,0.914252549580,0.898912741701,75,7.5,27,2,2073,2069,0.010737865515,0.004601942364,75,7.5,26,1
145,2026-09-05T05:42:06.648205+00:00,175687890000000,175687921000000,8.359000000,online_inference,1,0,2089,2083,0.101242732000,0.092038847273,76,7.6,27,1,2662,2673,0.914252549580,0.931126338247,75,7.5,25,2,2587,2577,0.811475836792,0.796136028913,75,7.5,27,2,2672,2662,0.914252549580,0.898912741701,75,7.5,27,1,2073,2069,0.010737865515,0.004601942364,75,7.5,26,0
146,2026-09-05T05:42:06.700872+00:00,175687937000000,175687968000000,8.406000000,online_inference,1,0,2089,2083,0.101242732000,0.092038847273,76,7.6,27,1,2662,2673,0.914252549580,0.931126338247,75,7.5,25,2,2587,2577,0.811475836792,0.796136028913,76,7.6,27,2,2672,2662,0.914252549580,0.898912741701,75,7.5,27,2,2073,2069,0.010737865515,0.004601942364,75,7.5,26,1
147,2026-09-05T05:42:06.752724+00:00,175688000000000,175688031000000,8.469000000,online_inference,1,0,2089,2083,0.101242732000,0.092038847273,76,7.6,27,2,2662,2673,0.914252549580,0.931126338247,75,7.5,25,2,2587,2577,0.811475836792,0.796136028913,75,7.5,27,2,2672,2662,0.914252549580,0.898912741701,75,7.5,27,2,2073,2069,0.010737865515,0.004601942364,75,7.5,26,1
148,2026-09-05T05:42:06.806370+00:00,175688046000000,175688078000000,8.516000000,online_inference,1,0,2089,2083,0.101242732000,0.092038847273,76,7.6,27,1,2662,2673,0.914252549580,0.931126338247,75,7.5,25,2,2587,2577,0.811475836792,0.796136028913,75,7.5,27,1,2672,2662,0.914252549580,0.898912741701,75,7.5,27,2,2073,2069,0.010737865515,0.004601942364,75,7.5,26,1
149,2026-09-05T05:42:06.867434+00:00,175688109000000,175688140000000,8.578000000,online_inference,1,0,2089,2083,0.101242732000,0.092038847273,76,7.6,27,1,2662,2673,0.914252549580,0.931126338247,75,7.5,25,2,2587,2577,0.811475836792,0.796136028913,76,7.6,27,1,2672,2662,0.914252549580,0.898912741701,75,7.5,27,1,2073,2069,0.010737865515,0.004601942364,75,7.5,26,1
150,2026-09-05T05:42:06.916010+00:00,175688156000000,175688187000000,8.625000000,online_inference,1,0,2089,2083,0.101242732000,0.092038847273,76,7.6,27,1,2662,2673,0.914252549580,0.931126338247,75,7.5,25,2,2587,2577,0.811475836792,0.796136028913,76,7.6,27,1,2672,2662,0.914252549580,0.898912741701,75,7.5,27,1,2073,2069,0.010737865515,0.004601942364,75,7.5,26,1
151,2026-09-05T05:42:06.962480+00:00,175688203000000,175688234000000,8.672000000,online_inference,1,0,2089,2083,0.101242732000,0.092038847273,76,7.6,27,1,2662,2673,0.914252549580,0.931126338247,75,7.5,25,2,2587,2577,0.811475836792,0.796136028913,76,7.6,27,2,2672,2662,0.914252549580,0.898912741701,75,7.5,27,2,2073,2069,0.010737865515,0.004601942364,75,7.5,26,1
152,2026-09-05T05:42:07.012623+00:00,175688250000000,175688281000000,8.719000000,online_inference,1,0,2089,2083,0.101242732000,0.092038847273,76,7.6,27,1,2662,2673,0.914252549580,0.931126338247,75,7.5,25,2,2587,2577,0.811475836792,0.796136028913,75,7.5,27,1,2672,2662,0.914252549580,0.898912741701,75,7.5,27,2,2073,2069,0.010737865515,0.004601942364,75,7.5,26,1
153,2026-09-05T05:42:07.072965+00:00,175688296000000,175688343000000,8.781000000,online_inference,1,0,2089,2083,0.101242732000,0.092038847273,76,7.6,27,1,2662,2673,0.914252549580,0.931126338247,75,7.5,25,2,2587,2577,0.811475836792,0.796136028913,76,7.6,27,2,2672,2662,0.914252549580,0.898912741701,75,7.5,27,2,2073,2069,0.010737865515,0.004601942364,75,7.5,26,1
154,2026-09-05T05:42:07.114920+00:00,175688359000000,175688390000000,8.828000000,online_inference,1,0,2089,2083,0.101242732000,0.092038847273,76,7.6,27,1,2662,2673,0.914252549580,0.931126338247,75,7.5,25,2,2587,2577,0.811475836792,0.796136028913,76,7.6,27,2,2672,2662,0.914252549580,0.898912741701,75,7.5,27,2,2073,2069,0.010737865515,0.004601942364,75,7.5,26,1
155,2026-09-05T05:42:07.165288+00:00,175688406000000,175688437000000,8.875000000,online_inference,1,0,2089,2083,0.101242732000,0.092038847273,76,7.6,27,1,2662,2673,0.914252549580,0.931126338247,75,7.5,25,2,2587,2577,0.811475836792,0.796136028913,76,7.6,27,2,2672,2662,0.914252549580,0.898912741701,75,7.5,27,1,2073,2069,0.010737865515,0.004601942364,75,7.5,26,1
156,2026-09-05T05:42:07.214810+00:00,175688453000000,175688484000000,8.922000000,online_inference,1,0,2089,2083,0.101242732000,0.092038847273,76,7.6,27,1,2662,2673,0.914252549580,0.931126338247,75,7.5,25,2,2587,2577,0.811475836792,0.796136028913,75,7.5,27,2,2672,2662,0.914252549580,0.898912741701,75,7.5,27,2,2073,2069,0.010737865515,0.004601942364,75,7.5,26,1
157,2026-09-05T05:42:07.268342+00:00,175688500000000,175688546000000,8.984000000,online_inference,1,0,2089,2083,0.101242732000,0.092038847273,76,7.6,27,0,2662,2673,0.914252549580,0.931126338247,75,7.5,25,2,2587,2577,0.811475836792,0.796136028913,76,7.6,27,2,2672,2662,0.914252549580,0.898912741701,75,7.5,27,2,2073,2069,0.010737865515,0.004601942364,75,7.5,26,1
158,2026-09-05T05:42:07.319840+00:00,175688562000000,175688593000000,9.031000000,online_inference,1,0,2089,2083,0.101242732000,0.092038847273,76,7.6,27,1,2662,2673,0.914252549580,0.931126338247,75,7.5,25,2,2587,2577,0.811475836792,0.796136028913,76,7.6,27,2,2672,2662,0.914252549580,0.898912741701,75,7.5,27,1,2073,2069,0.010737865515,0.004601942364,75,7.5,26,0
159,2026-09-05T05:42:07.390257+00:00,175688609000000,175688671000000,9.109000000,online_inference,1,0,2089,2083,0.101242732000,0.092038847273,76,7.6,27,1,2662,2673,0.914252549580,0.931126338247,75,7.5,25,2,2587,2577,0.811475836792,0.796136028913,76,7.6,27,2,2672,2662,0.914252549580,0.898912741701,75,7.5,27,2,2073,2069,0.010737865515,0.004601942364,75,7.5,26,1
160,2026-09-05T05:42:07.451807+00:00,175688687000000,175688734000000,9.172000000,online_inference,1,0,2089,2083,0.101242732000,0.092038847273,76,7.6,27,0,2662,2673,0.914252549580,0.931126338247,75,7.5,25,1,2587,2577,0.811475836792,0.796136028913,75,7.5,27,1,2672,2662,0.914252549580,0.898912741701,75,7.5,27,2,2073,2069,0.010737865515,0.004601942364,75,7.5,26,1
161,2026-09-05T05:42:07.510695+00:00,175688750000000,175688781000000,9.219000000,online_inference,1,0,2089,2083,0.101242732000,0.092038847273,76,7.6,27,0,2662,2673,0.914252549580,0.931126338247,75,7.5,25,2,2587,2577,0.811475836792,0.796136028913,76,7.6,27,2,2672,2662,0.914252549580,0.898912741701,75,7.5,27,2,2073,2069,0.010737865515,0.004601942364,75,7.5,26,1
162,2026-09-05T05:42:07.559957+00:00,175688796000000,175688828000000,9.266000000,online_inference,1,0,2089,2083,0.101242732000,0.092038847273,76,7.6,27,1,2662,2673,0.914252549580,0.931126338247,75,7.5,25,2,2587,2577,0.811475836792,0.796136028913,76,7.6,27,1,2672,2662,0.914252549580,0.898912741701,75,7.5,27,2,2073,2069,0.010737865515,0.004601942364,75,7.5,26,1
163,2026-09-05T05:42:07.606750+00:00,175688843000000,175688875000000,9.313000000,online_inference,1,0,2089,2083,0.101242732000,0.092038847273,76,7.6,27,1,2662,2673,0.914252549580,0.931126338247,75,7.5,25,2,2587,2577,0.811475836792,0.796136028913,76,7.6,27,2,2672,2662,0.914252549580,0.898912741701,75,7.5,27,2,2073,2069,0.010737865515,0.004601942364,75,7.5,26,1
164,2026-09-05T05:42:07.659381+00:00,175688890000000,175688937000000,9.375000000,online_inference,1,0,2089,2083,0.101242732000,0.092038847273,76,7.6,27,1,2662,2673,0.914252549580,0.931126338247,75,7.5,25,2,2587,2577,0.811475836792,0.796136028913,75,7.5,27,2,2672,2662,0.914252549580,0.898912741701,75,7.5,27,1,2073,2069,0.010737865515,0.004601942364,75,7.5,26,1
165,2026-09-05T05:42:07.715518+00:00,175688953000000,175688984000000,9.422000000,online_inference,1,0,2089,2083,0.101242732000,0.092038847273,76,7.6,27,1,2662,2673,0.914252549580,0.931126338247,75,7.5,25,1,2587,2577,0.811475836792,0.796136028913,76,7.6,27,1,2672,2662,0.914252549580,0.898912741701,75,7.5,27,2,2073,2069,0.010737865515,0.004601942364,75,7.5,26,1
166,2026-09-05T05:42:07.760016+00:00,175689000000000,175689031000000,9.469000000,online_inference,1,0,2089,2083,0.101242732000,0.092038847273,76,7.6,27,1,2662,2673,0.914252549580,0.931126338247,75,7.5,25,2,2587,2577,0.811475836792,0.796136028913,76,7.6,27,1,2672,2662,0.914252549580,0.898912741701,75,7.5,27,2,2073,2069,0.010737865515,0.004601942364,75,7.5,26,1
167,2026-09-05T05:42:07.804122+00:00,175689046000000,175689078000000,9.516000000,online_inference,1,0,2089,2083,0.101242732000,0.092038847273,76,7.6,27,1,2662,2673,0.914252549580,0.931126338247,75,7.5,25,2,2587,2577,0.811475836792,0.796136028913,76,7.6,27,2,2672,2662,0.914252549580,0.898912741701,75,7.5,27,2,2073,2069,0.010737865515,0.004601942364,75,7.5,26,1
168,2026-09-05T05:42:07.857971+00:00,175689093000000,175689140000000,9.578000000,online_inference,1,0,2089,2083,0.101242732000,0.092038847273,76,7.6,27,0,2662,2673,0.914252549580,0.931126338247,75,7.5,25,2,2587,2577,0.811475836792,0.796136028913,76,7.6,27,1,2672,2662,0.914252549580,0.898912741701,75,7.5,27,1,2073,2069,0.010737865515,0.004601942364,75,7.5,26,1
169,2026-09-05T05:42:07.908439+00:00,175689156000000,175689187000000,9.625000000,online_inference,1,0,2089,2083,0.101242732000,0.092038847273,76,7.6,27,1,2662,2673,0.914252549580,0.931126338247,75,7.5,25,2,2587,2577,0.811475836792,0.796136028913,76,7.6,27,1,2672,2662,0.914252549580,0.898912741701,75,7.5,27,1,2073,2069,0.010737865515,0.004601942364,75,7.5,26,1
170,2026-09-05T05:42:07.962816+00:00,175689203000000,175689234000000,9.672000000,online_inference,1,0,2089,2083,0.101242732000,0.092038847273,76,7.6,27,1,2662,2673,0.914252549580,0.931126338247,75,7.5,25,2,2587,2577,0.811475836792,0.796136028913,76,7.6,27,2,2672,2662,0.914252549580,0.898912741701,75,7.5,27,1,2073,2069,0.010737865515,0.004601942364,75,7.5,26,1
171,2026-09-05T05:42:08.010384+00:00,175689250000000,175689281000000,9.719000000,online_inference,1,0,2089,2083,0.101242732000,0.092038847273,76,7.6,27,1,2662,2673,0.914252549580,0.931126338247,75,7.5,25,2,2587,2577,0.811475836792,0.796136028913,75,7.5,27,2,2672,2662,0.914252549580,0.898912741701,75,7.5,27,1,2073,2069,0.010737865515,0.004601942364,75,7.5,26,1
172,2026-09-05T05:42:08.062063+00:00,175689296000000,175689343000000,9.781000000,online_inference,1,0,2089,2083,0.101242732000,0.092038847273,76,7.6,27,1,2662,2673,0.914252549580,0.931126338247,75,7.5,25,2,2587,2577,0.811475836792,0.796136028913,76,7.6,27,1,2672,2662,0.914252549580,0.898912741701,75,7.5,27,1,2073,2069,0.010737865515,0.004601942364,75,7.5,26,1
173,2026-09-05T05:42:08.118422+00:00,175689359000000,175689390000000,9.828000000,online_inference,1,0,2089,2083,0.101242732000,0.092038847273,76,7.6,27,1,2662,2673,0.914252549580,0.931126338247,75,7.5,25,1,2587,2577,0.811475836792,0.796136028913,76,7.6,27,2,2672,2662,0.914252549580,0.898912741701,75,7.5,27,2,2073,2069,0.010737865515,0.004601942364,75,7.5,26,0
174,2026-09-05T05:42:08.165156+00:00,175689406000000,175689437000000,9.875000000,online_inference,1,0,2089,2083,0.101242732000,0.092038847273,76,7.6,27,1,2662,2673,0.914252549580,0.931126338247,75,7.5,25,2,2587,2577,0.811475836792,0.796136028913,76,7.6,27,2,2672,2662,0.914252549580,0.898912741701,75,7.5,27,2,2073,2069,0.010737865515,0.004601942364,75,7.5,26,1
175,2026-09-05T05:42:08.215483+00:00,175689453000000,175689484000000,9.922000000,online_inference,1,0,2089,2083,0.101242732000,0.092038847273,76,7.6,27,1,2662,2673,0.914252549580,0.931126338247,75,7.5,25,2,2587,2577,0.811475836792,0.796136028913,76,7.6,27,1,2672,2662,0.914252549580,0.898912741701,75,7.5,27,2,2073,2069,0.010737865515,0.004601942364,75,7.5,26,1
176,2026-09-05T05:42:08.264100+00:00,175689500000000,175689546000000,9.984000000,online_inference,1,0,2089,2083,0.101242732000,0.092038847273,76,7.6,27,0,2662,2673,0.914252549580,0.931126338247,75,7.5,25,2,2587,2577,0.811475836792,0.796136028913,76,7.6,27,2,2672,2662,0.914252549580,0.898912741701,75,7.5,27,2,2073,2069,0.010737865515,0.004601942364,75,7.5,26,0
177,2026-09-05T05:42:08.321723+00:00,175689562000000,175689593000000,10.031000000,online_inference,1,0,2089,2083,0.101242732000,0.092038847273,76,7.6,27,1,2662,2673,0.914252549580,0.931126338247,75,7.5,25,1,2587,2577,0.811475836792,0.796136028913,76,7.6,27,2,2672,2662,0.914252549580,0.898912741701,75,7.5,27,2,2073,2069,0.010737865515,0.004601942364,75,7.5,26,1
178,2026-09-05T05:42:08.364931+00:00,175689609000000,175689640000000,10.078000000,online_inference,1,0,2089,2083,0.101242732000,0.092038847273,76,7.6,27,1,2662,2673,0.914252549580,0.931126338247,75,7.5,25,2,2587,2577,0.811475836792,0.796136028913,75,7.5,27,2,2672,2662,0.914252549580,0.898912741701,75,7.5,27,2,2073,2069,0.010737865515,0.004601942364,75,7.5,26,1
179,2026-09-05T05:42:08.418190+00:00,175689656000000,175689687000000,10.125000000,online_inference,1,0,2089,2083,0.101242732000,0.092038847273,76,7.6,27,1,2662,2673,0.914252549580,0.931126338247,75,7.5,25,2,2587,2577,0.811475836792,0.796136028913,75,7.5,27,1,2672,2662,0.914252549580,0.898912741701,75,7.5,27,2,2073,2069,0.010737865515,0.004601942364,75,7.5,26,0
180,2026-09-05T05:42:08.459714+00:00,175689703000000,175689734000000,10.172000000,online_inference,1,0,2089,2083,0.101242732000,0.092038847273,76,7.6,27,1,2662,2673,0.914252549580,0.931126338247,75,7.5,25,2,2587,2577,0.811475836792,0.796136028913,76,7.6,27,2,2672,2662,0.914252549580,0.898912741701,75,7.5,27,2,2073,2069,0.010737865515,0.004601942364,75,7.5,26,1
181,2026-09-05T05:42:08.514297+00:00,175689750000000,175689796000000,10.234000000,online_archive,1,0,2089,2083,0.101242732000,0.092038847273,76,7.6,27,1,2662,2673,0.914252549580,0.931126338247,75,7.5,25,2,2587,2577,0.811475836792,0.796136028913,76,7.6,27,1,2672,2662,0.914252549580,0.898912741701,75,7.5,27,2,2073,2069,0.010737865515,0.004601942364,75,7.5,26,0
182,2026-09-05T05:42:08.565299+00:00,175689812000000,175689843000000,10.281000000,online_archive,1,0,2089,2083,0.101242732000,0.092038847273,76,7.6,27,1,2662,2673,0.914252549580,0.931126338247,75,7.5,25,1,2587,2577,0.811475836792,0.796136028913,75,7.5,27,1,2672,2662,0.914252549580,0.898912741701,75,7.5,27,2,2073,2069,0.010737865515,0.004601942364,75,7.5,26,0
183,2026-09-05T05:42:08.630205+00:00,175689875000000,175689906000000,10.344000000,fixed_trajectory,1,0,2089,2083,0.101242732000,0.092038847273,76,7.6,27,1,2662,2673,0.914252549580,0.931126338247,75,7.5,25,1,2587,2577,0.811475836792,0.796136028913,76,7.6,27,2,2672,2662,0.914252549580,0.898912741701,75,7.5,27,1,2073,2069,0.010737865515,0.004601942364,75,7.5,26,1
184,2026-09-05T05:42:08.675683+00:00,175689921000000,175689953000000,10.391000000,fixed_trajectory,1,0,2089,2083,0.101242732000,0.092038847273,76,7.6,27,1,2662,2673,0.914252549580,0.931126338247,75,7.5,25,2,2587,2577,0.811475836792,0.796136028913,76,7.6,27,2,2672,2661,0.914252549580,0.897378760913,75,7.5,27,2,2073,2069,0.010737865515,0.004601942364,75,7.5,26,0
185,2026-09-05T05:42:08.723334+00:00,175689968000000,175690000000000,10.438000000,fixed_trajectory,1,0,2089,2083,0.101242732000,0.092038847273,76,7.6,27,1,2662,2674,0.914252549580,0.932660319034,75,7.5,25,2,2587,2576,0.811475836792,0.794602048125,76,7.6,27,2,2672,2660,0.914252549580,0.895844780125,75,7.5,27,1,2073,2069,0.010737865515,0.004601942364,75,7.5,26,1
186,2026-09-05T05:42:08.775371+00:00,175690015000000,175690046000000,10.484000000,fixed_trajectory,1,0,2089,2083,0.101242732000,0.092038847273,76,7.6,27,1,2663,2674,0.915786530368,0.932660319034,75,7.5,25,1,2587,2576,0.811475836792,0.794602048125,76,7.6,27,2,2671,2659,0.912718568792,0.894310799337,75,7.5,27,1,2073,2069,0.010737865515,0.004601942364,75,7.5,26,1
187,2026-09-05T05:42:08.818553+00:00,175690062000000,175690093000000,10.531000000,fixed_trajectory,1,0,2089,2083,0.101242732000,0.092038847273,76,7.6,27,2,2666,2675,0.920388472731,0.934194299822,75,7.5,25,1,2587,2575,0.811475836792,0.793068067337,76,7.6,27,2,2670,2658,0.911184588004,0.892776818549,75,7.5,27,1,2073,2069,0.010737865515,0.004601942364,75,7.5,26,1
188,2026-09-05T05:42:08.863058+00:00,175690109000000,175690140000000,10.578000000,fixed_trajectory,1,0,2089,2083,0.101242732000,0.092038847273,76,7.6,27,1,2666,2675,0.920388472731,0.934194299822,75,7.5,25,1,2584,2575,0.806873894428,0.793068067337,76,7.6,27,1,2667,2657,0.906582645640,0.891242837762,75,7.5,27,1,2073,2069,0.010737865515,0.004601942364,76,7.6,26,0
189,2026-09-05T05:42:08.922707+00:00,175690171000000,175690203000000,10.641000000,fixed_trajectory,1,0,2089,2083,0.101242732000,0.092038847273,76,7.6,27,1,2668,2676,0.923456434307,0.935728280610,75,7.5,25,2,2581,2574,0.802271952064,0.791534086549,76,7.6,27,1,2666,2656,0.905048664853,0.889708856974,75,7.5,27,1,2073,2069,0.010737865515,0.004601942364,75,7.5,26,1
190,2026-09-05T05:42:08.970502+00:00,175690218000000,175690250000000,10.688000000,fixed_trajectory,1,0,2089,2083,0.101242732000,0.092038847273,76,7.6,27,1,2669,2676,0.924990415095,0.935728280610,75,7.5,25,1,2579,2574,0.799203990488,0.791534086549,76,7.6,27,1,2664,2655,0.901980703277,0.888174876186,75,7.5,27,2,2073,2069,0.010737865515,0.004601942364,75,7.5,26,0
191,2026-09-05T05:42:09.018275+00:00,175690265000000,175690296000000,10.734000000,fixed_trajectory,1,0,2089,2083,0.101242732000,0.092038847273,76,7.6,27,1,2669,2677,0.924990415095,0.937262261398,75,7.5,25,1,2579,2574,0.799203990488,0.791534086549,76,7.6,27,1,2662,2654,0.898912741701,0.886640895398,75,7.5,27,2,2073,2069,0.010737865515,0.004601942364,75,7.5,26,1
192,2026-09-05T05:42:09.071380+00:00,175690312000000,175690343000000,10.781000000,fixed_trajectory,1,0,2089,2083,0.101242732000,0.092038847273,76,7.6,27,1,2669,2677,0.924990415095,0.937262261398,75,7.5,25,2,2579,2573,0.799203990488,0.790000105761,76,7.6,27,1,2662,2653,0.898912741701,0.885106914610,75,7.5,27,2,2073,2069,0.010737865515,0.004601942364,75,7.5,26,1
193,2026-09-05T05:42:09.115107+00:00,175690359000000,175690390000000,10.828000000,fixed_trajectory,1,0,2089,2083,0.101242732000,0.092038847273,76,7.6,27,1,2669,2678,0.924990415095,0.938796242186,75,7.5,25,2,2579,2573,0.799203990488,0.790000105761,76,7.6,27,1,2662,2652,0.898912741701,0.883572933822,75,7.5,27,2,2073,2069,0.010737865515,0.004601942364,75,7.5,26,1
194,2026-09-05T05:42:09.171505+00:00,175690421000000,175690453000000,10.891000000,fixed_trajectory,1,0,2089,2083,0.101242732000,0.092038847273,76,7.6,27,1,2669,2678,0.924990415095,0.938796242186,75,7.5,25,1,2579,2572,0.799203990488,0.788466124973,76,7.6,27,1,2662,2651,0.898912741701,0.882038953034,75,7.5,27,1,2073,2069,0.010737865515,0.004601942364,75,7.5,26,0
195,2026-09-05T05:42:09.223119+00:00,175690468000000,175690500000000,10.938000000,fixed_trajectory,1,0,2089,2083,0.101242732000,0.092038847273,76,7.6,27,1,2669,2679,0.924990415095,0.940330222974,75,7.5,25,1,2579,2572,0.799203990488,0.788466124973,75,7.5,27,1,2662,2650,0.898912741701,0.880504972246,75,7.5,27,2,2073,2069,0.010737865515,0.004601942364,75,7.5,26,1
196,2026-09-05T05:42:09.270414+00:00,175690515000000,175690546000000,10.984000000,fixed_trajectory,1,0,2089,2083,0.101242732000,0.092038847273,76,7.6,27,1,2669,2679,0.924990415095,0.940330222974,75,7.5,25,1,2579,2571,0.799203990488,0.786932144185,76,7.6,27,2,2662,2649,0.898912741701,0.878970991458,75,7.5,27,2,2073,2069,0.010737865515,0.004601942364,75,7.5,26,0
197,2026-09-05T05:42:09.316559+00:00,175690562000000,175690593000000,11.031000000,fixed_trajectory,1,0,2089,2083,0.101242732000,0.092038847273,76,7.6,27,1,2671,2680,0.928058376671,0.941864203762,75,7.5,25,1,2579,2571,0.799203990488,0.786932144185,76,7.6,27,1,2662,2648,0.898912741701,0.877437010671,75,7.5,27,2,2073,2069,0.010737865515,0.004601942364,75,7.5,26,1
198,2026-09-05T05:42:09.361578+00:00,175690609000000,175690640000000,11.078000000,fixed_trajectory,1,0,2089,2083,0.101242732000,0.092038847273,76,7.6,27,1,2672,2680,0.929592357459,0.941864203762,75,7.5,25,1,2579,2570,0.799203990488,0.785398163397,75,7.5,27,2,2659,2647,0.894310799337,0.875903029883,75,7.5,27,2,2073,2069,0.010737865515,0.004601942364,76,7.6,26,0
199,2026-09-05T05:42:09.548063+00:00,175690796000000,175690828000000,11.266000000,fixed_trajectory,1,0,2089,2083,0.101242732000,0.092038847273,76,7.6,27,1,2672,2681,0.929592357459,0.943398184550,75,7.5,25,2,2579,2570,0.799203990488,0.785398163397,76,7.6,27,1,2654,2646,0.886640895398,0.874369049095,75,7.5,27,1,2073,2069,0.010737865515,0.004601942364,75,7.5,26,1
200,2026-09-05T05:42:09.597117+00:00,175690843000000,175690875000000,11.313000000,fixed_trajectory,1,0,2089,2083,0.101242732000,0.092038847273,76,7.6,27,1,2672,2681,0.929592357459,0.943398184550,75,7.5,25,1,2579,2570,0.799203990488,0.785398163397,76,7.6,27,1,2654,2645,0.886640895398,0.872835068307,75,7.5,27,2,2073,2069,0.010737865515,0.004601942364,75,7.5,26,1
201,2026-09-05T05:42:09.642924+00:00,175690890000000,175690921000000,11.359000000,fixed_trajectory,1,0,2089,2083,0.101242732000,0.092038847273,76,7.6,27,1,2672,2682,0.929592357459,0.944932165338,75,7.5,25,1,2579,2569,0.799203990488,0.783864182610,76,7.6,27,2,2654,2644,0.886640895398,0.871301087519,75,7.5,27,2,2073,2069,0.010737865515,0.004601942364,76,7.6,26,1
202,2026-09-05T05:42:09.701599+00:00,175690937000000,175690984000000,11.422000000,fixed_trajectory,1,0,2089,2083,0.101242732000,0.092038847273,76,7.6,27,1,2672,2682,0.929592357459,0.944932165338,75,7.5,25,2,2579,2569,0.799203990488,0.783864182610,76,7.6,27,1,2654,2643,0.886640895398,0.869767106731,75,7.5,27,2,2073,2069,0.010737865515,0.004601942364,75,7.5,26,1
203,2026-09-05T05:42:09.746863+00:00,175691000000000,175691015000000,11.453000000,fixed_trajectory,1,0,2089,2084,0.101242732000,0.093572828061,76,7.6,27,1,2672,2683,0.929592357459,0.946466146125,75,7.5,25,2,2579,2568,0.799203990488,0.782330201822,76,7.6,27,1,2654,2642,0.886640895398,0.868233125943,75,7.5,27,2,2073,2069,0.010737865515,0.004601942364,75,7.5,26,1
204,2026-09-05T05:42:09.797999+00:00,175691046000000,175691078000000,11.516000000,fixed_trajectory,1,0,2089,2084,0.101242732000,0.093572828061,76,7.6,27,1,2674,2683,0.932660319034,0.946466146125,75,7.5,25,1,2576,2568,0.794602048125,0.782330201822,76,7.6,27,1,2652,2641,0.883572933822,0.866699145155,75,7.5,27,0,2073,2069,0.010737865515,0.004601942364,76,7.6,26,1
205,2026-09-05T05:42:09.843185+00:00,175691093000000,175691125000000,11.563000000,fixed_trajectory,1,0,2089,2084,0.101242732000,0.093572828061,76,7.6,27,1,2677,2684,0.937262261398,0.948000126913,75,7.5,25,1,2573,2567,0.790000105761,0.780796221034,76,7.6,27,1,2649,2640,0.878970991458,0.865165164368,75,7.5,27,1,2073,2069,0.010737865515,0.004601942364,75,7.5,26,0
206,2026-09-05T05:42:09.902734+00:00,175691140000000,175691171000000,11.609000000,fixed_trajectory,1,0,2089,2084,0.101242732000,0.093572828061,76,7.6,27,1,2678,2684,0.938796242186,0.948000126913,75,7.5,25,2,2571,2567,0.786932144185,0.780796221034,76,7.6,27,0,2648,2639,0.877437010671,0.863631183580,75,7.5,27,2,2073,2069,0.010737865515,0.004601942364,76,7.6,26,1
207,2026-09-05T05:42:09.943513+00:00,175691187000000,175691218000000,11.656000000,fixed_trajectory,1,0,2089,2084,0.101242732000,0.093572828061,76,7.6,27,1,2678,2685,0.938796242186,0.949534107701,75,7.5,25,1,2571,2567,0.786932144185,0.780796221034,76,7.6,27,0,2648,2638,0.877437010671,0.862097202792,75,7.5,27,1,2073,2069,0.010737865515,0.004601942364,75,7.5,26,1
208,2026-09-05T05:42:10.001828+00:00,175691250000000,175691281000000,11.719000000,fixed_trajectory,1,0,2089,2084,0.101242732000,0.093572828061,76,7.6,27,1,2679,2685,0.940330222974,0.949534107701,75,7.5,25,1,2571,2566,0.786932144185,0.779262240246,76,7.6,27,0,2646,2637,0.874369049095,0.860563222004,75,7.5,27,1,2073,2069,0.010737865515,0.004601942364,75,7.5,26,1
209,2026-09-05T05:42:10.174898+00:00,175691421000000,175691453000000,11.891000000,fixed_trajectory,1,0,2089,2084,0.101242732000,0.093572828061,76,7.6,27,1,2680,2686,0.941864203762,0.951068088489,75,7.5,25,1,2571,2566,0.786932144185,0.779262240246,75,7.5,27,1,2644,2636,0.871301087519,0.859029241216,75,7.5,27,2,2073,2069,0.010737865515,0.004601942364,75,7.5,26,0
210,2026-09-05T05:42:10.217258+00:00,175691468000000,175691500000000,11.938000000,fixed_trajectory,1,0,2089,2084,0.101242732000,0.093572828061,76,7.6,27,1,2680,2686,0.941864203762,0.951068088489,75,7.5,25,1,2571,2565,0.786932144185,0.777728259458,76,7.6,27,0,2644,2635,0.871301087519,0.857495260428,75,7.5,27,2,2073,2069,0.010737865515,0.004601942364,75,7.5,26,0
211,2026-09-05T05:42:10.271246+00:00,175691515000000,175691546000000,11.984000000,fixed_trajectory,1,0,2089,2084,0.101242732000,0.093572828061,76,7.6,27,1,2680,2687,0.941864203762,0.952602069277,75,7.5,25,2,2571,2565,0.786932144185,0.777728259458,76,7.6,27,1,2644,2634,0.871301087519,0.855961279640,75,7.5,27,1,2073,2069,0.010737865515,0.004601942364,75,7.5,26,0
212,2026-09-05T05:42:10.309404+00:00,175691562000000,175691578000000,12.016000000,fixed_trajectory,1,0,2089,2084,0.101242732000,0.093572828061,76,7.6,27,1,2680,2687,0.941864203762,0.952602069277,75,7.5,25,1,2571,2564,0.786932144185,0.776194278670,76,7.6,27,1,2643,2633,0.869767106731,0.854427298852,75,7.5,27,1,2073,2069,0.010737865515,0.004601942364,75,7.5,26,1
213,2026-09-05T05:42:10.365981+00:00,175691609000000,175691640000000,12.078000000,fixed_trajectory,1,0,2089,2084,0.101242732000,0.093572828061,76,7.6,27,0,2681,2688,0.943398184550,0.954136050065,75,7.5,25,1,2571,2564,0.786932144185,0.776194278670,76,7.6,27,1,2639,2632,0.863631183580,0.852893318064,75,7.5,27,0,2073,2069,0.010737865515,0.004601942364,75,7.5,26,0
214,2026-09-05T05:42:10.407266+00:00,175691656000000,175691687000000,12.125000000,fixed_trajectory,1,0,2089,2084,0.101242732000,0.093572828061,76,7.6,27,1,2681,2688,0.943398184550,0.954136050065,75,7.5,25,1,2571,2563,0.786932144185,0.774660297882,75,7.5,27,2,2638,2631,0.862097202792,0.851359337277,75,7.5,27,1,2073,2069,0.010737865515,0.004601942364,75,7.5,26,1
215,2026-09-05T05:42:10.471308+00:00,175691718000000,175691750000000,12.188000000,fixed_trajectory,1,0,2089,2084,0.101242732000,0.093572828061,76,7.6,27,1,2682,2689,0.944932165338,0.955670030853,75,7.5,25,1,2571,2563,0.786932144185,0.774660297882,76,7.6,27,1,2638,2630,0.862097202792,0.849825356489,75,7.5,27,2,2073,2069,0.010737865515,0.004601942364,75,7.5,26,1
216,2026-09-05T05:42:10.513806+00:00,175691765000000,175691781000000,12.219000000,fixed_trajectory,1,0,2089,2084,0.101242732000,0.093572828061,76,7.6,27,1,2682,2689,0.944932165338,0.955670030853,75,7.5,25,1,2571,2563,0.786932144185,0.774660297882,76,7.6,27,1,2638,2629,0.862097202792,0.848291375701,75,7.5,27,1,2073,2069,0.010737865515,0.004601942364,75,7.5,26,1
217,2026-09-05T05:42:10.570969+00:00,175691812000000,175691843000000,12.281000000,fixed_trajectory,1,0,2089,2084,0.101242732000,0.093572828061,76,7.6,27,1,2682,2690,0.944932165338,0.957204011641,75,7.5,25,1,2571,2562,0.786932144185,0.773126317094,75,7.5,27,1,2638,2628,0.862097202792,0.846757394913,75,7.5,27,2,2073,2069,0.010737865515,0.004601942364,75,7.5,26,1
218,2026-09-05T05:42:10.611542+00:00,175691859000000,175691890000000,12.328000000,fixed_trajectory,1,0,2089,2084,0.101242732000,0.093572828061,76,7.6,27,0,2682,2690,0.944932165338,0.957204011641,75,7.5,25,1,2569,2562,0.783864182610,0.773126317094,76,7.6,27,1,2638,2627,0.862097202792,0.845223414125,75,7.5,27,1,2073,2069,0.010737865515,0.004601942364,75,7.5,26,1
219,2026-09-05T05:42:10.788528+00:00,175692031000000,175692062000000,12.500000000,fixed_trajectory,1,0,2089,2084,0.101242732000,0.093572828061,76,7.6,27,1,2687,2691,0.952602069277,0.958737992429,75,7.5,25,0,2567,2561,0.780796221034,0.771592336306,76,7.6,27,1,2630,2626,0.849825356489,0.843689433337,75,7.5,27,1,2073,2069,0.010737865515,0.004601942364,76,7.6,26,0
220,2026-09-05T05:42:10.831174+00:00,175692078000000,175692109000000,12.547000000,fixed_trajectory,1,0,2089,2084,0.101242732000,0.093572828061,76,7.6,27,0,2687,2691,0.952602069277,0.958737992429,75,7.5,25,1,2567,2561,0.780796221034,0.771592336306,76,7.6,27,1,2628,2625,0.846757394913,0.842155452549,75,7.5,27,1,2073,2069,0.010737865515,0.004601942364,76,7.6,26,0
221,2026-09-05T05:42:10.876036+00:00,175692125000000,175692156000000,12.594000000,fixed_trajectory,1,0,2089,2084,0.101242732000,0.093572828061,76,7.6,27,1,2688,2692,0.954136050065,0.960271973216,75,7.5,25,1,2567,2560,0.780796221034,0.770058355519,76,7.6,27,1,2628,2624,0.846757394913,0.840621471761,75,7.5,27,1,2073,2069,0.010737865515,0.004601942364,75,7.5,26,1
222,2026-09-05T05:42:10.926755+00:00,175692171000000,175692203000000,12.641000000,online_observation,1,0,2089,2084,0.101242732000,0.093572828061,76,7.6,27,0,2689,2692,0.955670030853,0.960271973216,75,7.5,25,1,2565,2560,0.777728259458,0.770058355519,76,7.6,27,0,2628,2623,0.846757394913,0.839087490973,75,7.5,27,1,2073,2069,0.010737865515,0.004601942364,75,7.5,26,0
223,2026-09-05T05:42:10.967881+00:00,175692218000000,175692250000000,12.688000000,online_observation,1,0,2089,2084,0.101242732000,0.093572828061,76,7.6,27,1,2691,2692,0.958737992429,0.960271973216,75,7.5,25,0,2563,2560,0.774660297882,0.770058355519,76,7.6,27,0,2628,2623,0.846757394913,0.839087490973,75,7.5,27,1,2073,2069,0.010737865515,0.004601942364,76,7.6,26,1
224,2026-09-05T05:42:11.025917+00:00,175692265000000,175692296000000,12.734000000,online_observation,1,0,2089,2084,0.101242732000,0.093572828061,76,7.6,27,1,2691,2692,0.958737992429,0.960271973216,75,7.5,25,0,2563,2560,0.774660297882,0.770058355519,76,7.6,27,1,2628,2623,0.846757394913,0.839087490973,75,7.5,27,1,2073,2069,0.010737865515,0.004601942364,75,7.5,26,1
225,2026-09-05T05:42:11.076482+00:00,175692328000000,175692343000000,12.781000000,online_observation,1,0,2089,2084,0.101242732000,0.093572828061,76,7.6,27,1,2691,2692,0.958737992429,0.960271973216,75,7.5,25,0,2563,2560,0.774660297882,0.770058355519,76,7.6,27,0,2628,2623,0.846757394913,0.839087490973,75,7.5,27,1,2073,2069,0.010737865515,0.004601942364,75,7.5,26,0
226,2026-09-05T05:42:11.127663+00:00,175692375000000,175692406000000,12.844000000,online_observation,1,0,2089,2084,0.101242732000,0.093572828061,76,7.6,27,1,2691,2692,0.958737992429,0.960271973216,75,7.5,25,0,2563,2560,0.774660297882,0.770058355519,76,7.6,27,1,2628,2623,0.846757394913,0.839087490973,75,7.5,27,1,2073,2069,0.010737865515,0.004601942364,76,7.6,26,0
227,2026-09-05T05:42:11.175919+00:00,175692421000000,175692453000000,12.891000000,online_observation,1,0,2089,2084,0.101242732000,0.093572828061,76,7.6,27,1,2691,2692,0.958737992429,0.960271973216,75,7.5,25,0,2563,2560,0.774660297882,0.770058355519,76,7.6,27,1,2628,2623,0.846757394913,0.839087490973,75,7.5,27,1,2073,2069,0.010737865515,0.004601942364,75,7.5,26,1
228,2026-09-05T05:42:11.219181+00:00,175692468000000,175692500000000,12.938000000,online_observation,1,0,2089,2084,0.101242732000,0.093572828061,76,7.6,27,0,2691,2692,0.958737992429,0.960271973216,75,7.5,25,0,2563,2560,0.774660297882,0.770058355519,76,7.6,27,1,2628,2623,0.846757394913,0.839087490973,75,7.5,27,0,2073,2069,0.010737865515,0.004601942364,76,7.6,26,1
229,2026-09-05T05:42:11.270603+00:00,175692515000000,175692546000000,12.984000000,online_observation,1,0,2089,2084,0.101242732000,0.093572828061,76,7.6,27,1,2691,2692,0.958737992429,0.960271973216,75,7.5,25,0,2563,2560,0.774660297882,0.770058355519,76,7.6,27,0,2628,2623,0.846757394913,0.839087490973,75,7.5,27,1,2073,2069,0.010737865515,0.004601942364,75,7.5,26,1
230,2026-09-05T05:42:11.340333+00:00,175692578000000,175692609000000,13.047000000,online_inference,2,0,2089,2084,0.101242732000,0.093572828061,76,7.6,27,1,2691,2692,0.958737992429,0.960271973216,75,7.5,25,0,2563,2560,0.774660297882,0.770058355519,76,7.6,27,0,2628,2623,0.846757394913,0.839087490973,75,7.5,27,1,2073,2069,0.010737865515,0.004601942364,75,7.5,26,1
231,2026-09-05T05:42:11.397462+00:00,175692625000000,175692671000000,13.109000000,online_inference,2,0,2089,2084,0.101242732000,0.093572828061,76,7.6,27,1,2691,2692,0.958737992429,0.960271973216,75,7.5,25,0,2563,2560,0.774660297882,0.770058355519,76,7.6,27,1,2628,2623,0.846757394913,0.839087490973,75,7.5,27,1,2073,2069,0.010737865515,0.004601942364,75,7.5,26,1
232,2026-09-05T05:42:11.458598+00:00,175692687000000,175692734000000,13.172000000,online_inference,2,0,2089,2084,0.101242732000,0.093572828061,76,7.6,27,1,2691,2692,0.958737992429,0.960271973216,75,7.5,25,0,2563,2560,0.774660297882,0.770058355519,76,7.6,27,1,2628,2623,0.846757394913,0.839087490973,75,7.5,27,0,2073,2069,0.010737865515,0.004601942364,75,7.5,26,1
233,2026-09-05T05:42:11.526916+00:00,175692750000000,175692796000000,13.234000000,online_inference,2,0,2089,2084,0.101242732000,0.093572828061,76,7.6,27,0,2691,2692,0.958737992429,0.960271973216,75,7.5,25,0,2563,2560,0.774660297882,0.770058355519,76,7.6,27,0,2628,2623,0.846757394913,0.839087490973,75,7.5,27,0,2073,2069,0.010737865515,0.004601942364,76,7.6,26,1
234,2026-09-05T05:42:11.578322+00:00,175692812000000,175692859000000,13.297000000,online_inference,2,0,2089,2084,0.101242732000,0.093572828061,76,7.6,27,1,2691,2692,0.958737992429,0.960271973216,75,7.5,25,0,2563,2560,0.774660297882,0.770058355519,76,7.6,27,0,2628,2623,0.846757394913,0.839087490973,75,7.5,27,1,2073,2069,0.010737865515,0.004601942364,76,7.6,26,1
235,2026-09-05T05:42:11.637351+00:00,175692875000000,175692906000000,13.344000000,online_inference,2,0,2089,2084,0.101242732000,0.093572828061,76,7.6,27,1,2691,2692,0.958737992429,0.960271973216,75,7.5,25,0,2563,2560,0.774660297882,0.770058355519,76,7.6,27,0,2628,2623,0.846757394913,0.839087490973,75,7.5,27,1,2073,2069,0.010737865515,0.004601942364,76,7.6,26,1
236,2026-09-05T05:42:11.681140+00:00,175692921000000,175692953000000,13.391000000,online_inference,2,0,2089,2084,0.101242732000,0.093572828061,76,7.6,27,1,2691,2692,0.958737992429,0.960271973216,75,7.5,25,0,2563,2560,0.774660297882,0.770058355519,76,7.6,27,0,2628,2623,0.846757394913,0.839087490973,75,7.5,27,1,2073,2069,0.010737865515,0.004601942364,75,7.5,26,1
237,2026-09-05T05:42:11.730852+00:00,175692968000000,175693000000000,13.438000000,online_inference,2,0,2089,2084,0.101242732000,0.093572828061,76,7.6,27,1,2691,2692,0.958737992429,0.960271973216,75,7.5,25,0,2563,2560,0.774660297882,0.770058355519,76,7.6,27,1,2628,2623,0.846757394913,0.839087490973,75,7.5,27,1,2073,2069,0.010737865515,0.004601942364,75,7.5,26,1
238,2026-09-05T05:42:11.784920+00:00,175693015000000,175693062000000,13.500000000,online_inference,2,0,2089,2084,0.101242732000,0.093572828061,76,7.6,27,1,2691,2692,0.958737992429,0.960271973216,75,7.5,25,0,2563,2560,0.774660297882,0.770058355519,76,7.6,27,0,2628,2623,0.846757394913,0.839087490973,75,7.5,27,1,2073,2069,0.010737865515,0.004601942364,75,7.5,26,1
239,2026-09-05T05:42:11.848389+00:00,175693078000000,175693125000000,13.563000000,online_inference,2,0,2089,2084,0.101242732000,0.093572828061,76,7.6,27,1,2691,2692,0.958737992429,0.960271973216,75,7.5,25,0,2563,2560,0.774660297882,0.770058355519,76,7.6,27,1,2628,2623,0.846757394913,0.839087490973,75,7.5,27,1,2073,2069,0.010737865515,0.004601942364,75,7.5,26,1
240,2026-09-05T05:42:11.893079+00:00,175693140000000,175693171000000,13.609000000,online_inference,2,0,2089,2084,0.101242732000,0.093572828061,76,7.6,27,1,2691,2692,0.958737992429,0.960271973216,75,7.5,25,0,2563,2560,0.774660297882,0.770058355519,76,7.6,27,0,2628,2623,0.846757394913,0.839087490973,75,7.5,27,1,2073,2069,0.010737865515,0.004601942364,76,7.6,26,1
241,2026-09-05T05:42:11.939325+00:00,175693187000000,175693218000000,13.656000000,online_inference,2,0,2089,2084,0.101242732000,0.093572828061,76,7.6,27,1,2691,2692,0.958737992429,0.960271973216,75,7.5,25,0,2563,2560,0.774660297882,0.770058355519,76,7.6,27,1,2628,2623,0.846757394913,0.839087490973,75,7.5,27,1,2073,2069,0.010737865515,0.004601942364,75,7.5,26,1
242,2026-09-05T05:42:11.989526+00:00,175693234000000,175693265000000,13.703000000,online_inference,2,0,2089,2084,0.101242732000,0.093572828061,76,7.6,27,1,2691,2692,0.958737992429,0.960271973216,75,7.5,25,0,2563,2560,0.774660297882,0.770058355519,76,7.6,27,1,2628,2623,0.846757394913,0.839087490973,75,7.5,27,1,2073,2069,0.010737865515,0.004601942364,75,7.5,26,1
243,2026-09-05T05:42:12.038493+00:00,175693281000000,175693312000000,13.750000000,online_inference,2,0,2089,2084,0.101242732000,0.093572828061,76,7.6,27,1,2691,2692,0.958737992429,0.960271973216,75,7.5,25,0,2563,2560,0.774660297882,0.770058355519,76,7.6,27,1,2628,2623,0.846757394913,0.839087490973,75,7.5,27,1,2073,2069,0.010737865515,0.004601942364,75,7.5,26,1
244,2026-09-05T05:42:12.084822+00:00,175693328000000,175693359000000,13.797000000,online_inference,2,0,2089,2084,0.101242732000,0.093572828061,76,7.6,27,1,2691,2692,0.958737992429,0.960271973216,75,7.5,25,0,2563,2560,0.774660297882,0.770058355519,76,7.6,27,1,2628,2623,0.846757394913,0.839087490973,75,7.5,27,1,2073,2069,0.010737865515,0.004601942364,76,7.6,26,1
245,2026-09-05T05:42:12.153716+00:00,175693390000000,175693421000000,13.859000000,online_inference,2,0,2089,2084,0.101242732000,0.093572828061,76,7.6,27,1,2691,2692,0.958737992429,0.960271973216,75,7.5,25,0,2563,2560,0.774660297882,0.770058355519,76,7.6,27,0,2628,2623,0.846757394913,0.839087490973,75,7.5,27,0,2073,2069,0.010737865515,0.004601942364,76,7.6,26,1
246,2026-09-05T05:42:12.194254+00:00,175693437000000,175693468000000,13.906000000,online_inference,2,0,2089,2084,0.101242732000,0.093572828061,76,7.6,27,1,2691,2692,0.958737992429,0.960271973216,75,7.5,25,0,2563,2560,0.774660297882,0.770058355519,76,7.6,27,1,2628,2623,0.846757394913,0.839087490973,75,7.5,27,1,2073,2069,0.010737865515,0.004601942364,76,7.6,26,1
247,2026-09-05T05:42:12.249268+00:00,175693484000000,175693531000000,13.969000000,online_inference,2,0,2089,2084,0.101242732000,0.093572828061,76,7.6,27,1,2691,2692,0.958737992429,0.960271973216,75,7.5,25,0,2563,2560,0.774660297882,0.770058355519,76,7.6,27,1,2628,2623,0.846757394913,0.839087490973,75,7.5,27,1,2073,2069,0.010737865515,0.004601942364,75,7.5,26,1
248,2026-09-05T05:42:12.304196+00:00,175693546000000,175693578000000,14.016000000,online_inference,2,0,2089,2084,0.101242732000,0.093572828061,76,7.6,27,1,2691,2692,0.958737992429,0.960271973216,75,7.5,25,0,2563,2560,0.774660297882,0.770058355519,76,7.6,27,1,2628,2623,0.846757394913,0.839087490973,75,7.5,27,1,2073,2069,0.010737865515,0.004601942364,75,7.5,26,1
249,2026-09-05T05:42:12.376463+00:00,175693609000000,175693656000000,14.094000000,online_inference,2,0,2089,2084,0.101242732000,0.093572828061,76,7.6,27,1,2691,2692,0.958737992429,0.960271973216,75,7.5,25,0,2563,2560,0.774660297882,0.770058355519,76,7.6,27,1,2628,2623,0.846757394913,0.839087490973,75,7.5,27,1,2073,2069,0.010737865515,0.004601942364,76,7.6,26,1
250,2026-09-05T05:42:12.436517+00:00,175693671000000,175693718000000,14.156000000,online_inference,2,0,2089,2084,0.101242732000,0.093572828061,76,7.6,27,1,2691,2692,0.958737992429,0.960271973216,75,7.5,25,0,2563,2560,0.774660297882,0.770058355519,76,7.6,27,1,2628,2623,0.846757394913,0.839087490973,75,7.5,27,1,2073,2069,0.010737865515,0.004601942364,75,7.5,26,2
251,2026-09-05T05:42:12.496562+00:00,175693734000000,175693765000000,14.203000000,online_inference,2,0,2089,2084,0.101242732000,0.093572828061,76,7.6,27,1,2691,2692,0.958737992429,0.960271973216,75,7.5,25,0,2563,2560,0.774660297882,0.770058355519,76,7.6,27,1,2628,2623,0.846757394913,0.839087490973,75,7.5,27,0,2073,2069,0.010737865515,0.004601942364,75,7.5,26,0
252,2026-09-05T05:42:12.543669+00:00,175693781000000,175693812000000,14.250000000,online_inference,2,0,2089,2084,0.101242732000,0.093572828061,76,7.6,27,1,2691,2692,0.958737992429,0.960271973216,75,7.5,25,0,2563,2560,0.774660297882,0.770058355519,76,7.6,27,1,2628,2623,0.846757394913,0.839087490973,75,7.5,27,1,2073,2069,0.010737865515,0.004601942364,75,7.5,26,1
253,2026-09-05T05:42:12.594865+00:00,175693828000000,175693875000000,14.313000000,online_inference,2,0,2089,2084,0.101242732000,0.093572828061,76,7.6,27,1,2691,2692,0.958737992429,0.960271973216,75,7.5,25,0,2563,2560,0.774660297882,0.770058355519,76,7.6,27,1,2628,2623,0.846757394913,0.839087490973,75,7.5,27,1,2073,2069,0.010737865515,0.004601942364,75,7.5,26,1
254,2026-09-05T05:42:12.647438+00:00,175693890000000,175693921000000,14.359000000,online_inference,2,0,2089,2084,0.101242732000,0.093572828061,76,7.6,27,1,2691,2692,0.958737992429,0.960271973216,75,7.5,25,1,2563,2560,0.774660297882,0.770058355519,76,7.6,27,1,2628,2623,0.846757394913,0.839087490973,75,7.5,27,1,2073,2069,0.010737865515,0.004601942364,75,7.5,26,1
255,2026-09-05T05:42:12.711197+00:00,175693937000000,175693984000000,14.422000000,online_inference,2,0,2089,2084,0.101242732000,0.093572828061,76,7.6,27,1,2691,2692,0.958737992429,0.960271973216,75,7.5,25,0,2563,2560,0.774660297882,0.770058355519,76,7.6,27,1,2628,2623,0.846757394913,0.839087490973,75,7.5,27,1,2073,2069,0.010737865515,0.004601942364,76,7.6,26,0
256,2026-09-05T05:42:12.757369+00:00,175694000000000,175694031000000,14.469000000,online_inference,2,0,2089,2084,0.101242732000,0.093572828061,76,7.6,27,1,2691,2692,0.958737992429,0.960271973216,75,7.5,25,0,2563,2560,0.774660297882,0.770058355519,76,7.6,27,1,2628,2623,0.846757394913,0.839087490973,75,7.5,27,0,2073,2069,0.010737865515,0.004601942364,75,7.5,26,0
257,2026-09-05T05:42:12.811850+00:00,175694046000000,175694093000000,14.531000000,online_inference,2,0,2089,2084,0.101242732000,0.093572828061,76,7.6,27,1,2691,2692,0.958737992429,0.960271973216,75,7.5,25,0,2563,2560,0.774660297882,0.770058355519,76,7.6,27,1,2628,2623,0.846757394913,0.839087490973,75,7.5,27,1,2073,2069,0.010737865515,0.004601942364,76,7.6,26,1
258,2026-09-05T05:42:12.877881+00:00,175694109000000,175694156000000,14.594000000,online_inference,2,0,2089,2084,0.101242732000,0.093572828061,76,7.6,27,1,2691,2692,0.958737992429,0.960271973216,75,7.5,25,0,2563,2560,0.774660297882,0.770058355519,76,7.6,27,1,2628,2623,0.846757394913,0.839087490973,75,7.5,27,1,2073,2069,0.010737865515,0.004601942364,76,7.6,26,1
259,2026-09-05T05:42:12.929425+00:00,175694171000000,175694203000000,14.641000000,online_inference,2,0,2089,2084,0.101242732000,0.093572828061,76,7.6,27,1,2691,2692,0.958737992429,0.960271973216,75,7.5,25,0,2563,2560,0.774660297882,0.770058355519,76,7.6,27,1,2628,2623,0.846757394913,0.839087490973,75,7.5,27,1,2073,2069,0.010737865515,0.004601942364,75,7.5,26,0
260,2026-09-05T05:42:12.977373+00:00,175694218000000,175694250000000,14.688000000,online_inference,2,0,2089,2084,0.101242732000,0.093572828061,76,7.6,27,1,2691,2692,0.958737992429,0.960271973216,75,7.5,25,0,2563,2560,0.774660297882,0.770058355519,76,7.6,27,1,2628,2623,0.846757394913,0.839087490973,75,7.5,27,1,2073,2069,0.010737865515,0.004601942364,76,7.6,26,1
261,2026-09-05T05:42:13.026236+00:00,175694265000000,175694296000000,14.734000000,online_inference,2,0,2089,2084,0.101242732000,0.093572828061,76,7.6,27,0,2691,2692,0.958737992429,0.960271973216,75,7.5,25,0,2563,2560,0.774660297882,0.770058355519,76,7.6,27,0,2628,2623,0.846757394913,0.839087490973,75,7.5,27,1,2073,2069,0.010737865515,0.004601942364,76,7.6,26,1
262,2026-09-05T05:42:13.077267+00:00,175694312000000,175694359000000,14.797000000,online_inference,2,0,2089,2084,0.101242732000,0.093572828061,76,7.6,27,1,2691,2692,0.958737992429,0.960271973216,75,7.5,25,0,2563,2560,0.774660297882,0.770058355519,76,7.6,27,0,2628,2623,0.846757394913,0.839087490973,75,7.5,27,1,2073,2069,0.010737865515,0.004601942364,75,7.5,26,0
263,2026-09-05T05:42:13.132974+00:00,175694375000000,175694406000000,14.844000000,online_inference,2,0,2089,2084,0.101242732000,0.093572828061,76,7.6,27,1,2691,2692,0.958737992429,0.960271973216,75,7.5,25,0,2563,2560,0.774660297882,0.770058355519,76,7.6,27,1,2628,2623,0.846757394913,0.839087490973,75,7.5,27,1,2073,2069,0.010737865515,0.004601942364,76,7.6,26,1
264,2026-09-05T05:42:13.183754+00:00,175694421000000,175694453000000,14.891000000,online_inference,2,0,2089,2084,0.101242732000,0.093572828061,76,7.6,27,1,2691,2692,0.958737992429,0.960271973216,75,7.5,25,0,2563,2560,0.774660297882,0.770058355519,76,7.6,27,1,2628,2623,0.846757394913,0.839087490973,75,7.5,27,1,2073,2069,0.010737865515,0.004601942364,75,7.5,26,1
265,2026-09-05T05:42:13.228041+00:00,175694468000000,175694500000000,14.938000000,online_inference,2,0,2089,2084,0.101242732000,0.093572828061,76,7.6,27,1,2691,2692,0.958737992429,0.960271973216,75,7.5,25,0,2563,2560,0.774660297882,0.770058355519,76,7.6,27,1,2628,2623,0.846757394913,0.839087490973,75,7.5,27,1,2073,2069,0.010737865515,0.004601942364,75,7.5,26,1
266,2026-09-05T05:42:13.279533+00:00,175694515000000,175694546000000,14.984000000,online_inference,2,0,2089,2084,0.101242732000,0.093572828061,76,7.6,27,1,2691,2692,0.958737992429,0.960271973216,75,7.5,25,0,2563,2560,0.774660297882,0.770058355519,76,7.6,27,1,2628,2623,0.846757394913,0.839087490973,75,7.5,27,0,2073,2069,0.010737865515,0.004601942364,75,7.5,26,1
267,2026-09-05T05:42:13.327160+00:00,175694562000000,175694609000000,15.047000000,online_inference,2,0,2089,2084,0.101242732000,0.093572828061,76,7.6,27,1,2691,2692,0.958737992429,0.960271973216,75,7.5,25,0,2563,2560,0.774660297882,0.770058355519,76,7.6,27,1,2628,2623,0.846757394913,0.839087490973,75,7.5,27,1,2073,2069,0.010737865515,0.004601942364,75,7.5,26,0
268,2026-09-05T05:42:13.387182+00:00,175694625000000,175694656000000,15.094000000,online_inference,2,0,2089,2084,0.101242732000,0.093572828061,76,7.6,27,1,2691,2692,0.958737992429,0.960271973216,75,7.5,25,0,2563,2560,0.774660297882,0.770058355519,76,7.6,27,1,2628,2623,0.846757394913,0.839087490973,75,7.5,27,1,2073,2069,0.010737865515,0.004601942364,76,7.6,26,1
269,2026-09-05T05:42:13.432701+00:00,175694671000000,175694703000000,15.141000000,online_inference,2,0,2089,2084,0.101242732000,0.093572828061,76,7.6,27,1,2691,2692,0.958737992429,0.960271973216,75,7.5,25,0,2563,2560,0.774660297882,0.770058355519,76,7.6,27,0,2628,2623,0.846757394913,0.839087490973,75,7.5,27,1,2073,2069,0.010737865515,0.004601942364,76,7.6,26,1
270,2026-09-05T05:42:13.490758+00:00,175694718000000,175694765000000,15.203000000,online_inference,2,0,2089,2084,0.101242732000,0.093572828061,76,7.6,27,1,2691,2692,0.958737992429,0.960271973216,75,7.5,25,0,2563,2560,0.774660297882,0.770058355519,76,7.6,27,0,2628,2623,0.846757394913,0.839087490973,75,7.5,27,1,2073,2069,0.010737865515,0.004601942364,75,7.5,26,0
271,2026-09-05T05:42:13.547555+00:00,175694781000000,175694828000000,15.266000000,online_inference,2,0,2089,2084,0.101242732000,0.093572828061,76,7.6,27,1,2691,2692,0.958737992429,0.960271973216,75,7.5,25,0,2563,2560,0.774660297882,0.770058355519,76,7.6,27,1,2628,2623,0.846757394913,0.839087490973,75,7.5,27,1,2073,2069,0.010737865515,0.004601942364,75,7.5,26,1
272,2026-09-05T05:42:13.604779+00:00,175694843000000,175694875000000,15.313000000,online_inference,2,0,2089,2084,0.101242732000,0.093572828061,76,7.6,27,1,2691,2692,0.958737992429,0.960271973216,75,7.5,25,0,2563,2560,0.774660297882,0.770058355519,76,7.6,27,0,2628,2623,0.846757394913,0.839087490973,75,7.5,27,1,2073,2069,0.010737865515,0.004601942364,75,7.5,26,0
273,2026-09-05T05:42:13.651466+00:00,175694890000000,175694921000000,15.359000000,online_inference,2,0,2089,2084,0.101242732000,0.093572828061,76,7.6,27,1,2691,2692,0.958737992429,0.960271973216,75,7.5,25,0,2563,2560,0.774660297882,0.770058355519,76,7.6,27,0,2628,2623,0.846757394913,0.839087490973,75,7.5,27,1,2073,2069,0.010737865515,0.004601942364,75,7.5,26,1
274,2026-09-05T05:42:13.696930+00:00,175694937000000,175694968000000,15.406000000,online_inference,2,0,2089,2084,0.101242732000,0.093572828061,76,7.6,27,1,2691,2692,0.958737992429,0.960271973216,75,7.5,25,0,2563,2560,0.774660297882,0.770058355519,75,7.5,27,0,2628,2623,0.846757394913,0.839087490973,75,7.5,27,1,2073,2069,0.010737865515,0.004601942364,75,7.5,26,0
275,2026-09-05T05:42:13.749068+00:00,175694984000000,175695031000000,15.469000000,online_inference,2,0,2089,2084,0.101242732000,0.093572828061,76,7.6,27,1,2691,2692,0.958737992429,0.960271973216,75,7.5,25,0,2563,2560,0.774660297882,0.770058355519,76,7.6,27,1,2628,2623,0.846757394913,0.839087490973,75,7.5,27,1,2073,2069,0.010737865515,0.004601942364,75,7.5,26,0
276,2026-09-05T05:42:13.805169+00:00,175695046000000,175695078000000,15.516000000,online_inference,2,0,2089,2084,0.101242732000,0.093572828061,76,7.6,26,1,2691,2692,0.958737992429,0.960271973216,75,7.5,25,0,2563,2560,0.774660297882,0.770058355519,76,7.6,27,1,2628,2623,0.846757394913,0.839087490973,75,7.5,27,1,2073,2069,0.010737865515,0.004601942364,75,7.5,26,1
277,2026-09-05T05:42:13.855384+00:00,175695093000000,175695125000000,15.563000000,online_inference,2,0,2089,2084,0.101242732000,0.093572828061,76,7.6,27,1,2691,2692,0.958737992429,0.960271973216,75,7.5,25,0,2563,2560,0.774660297882,0.770058355519,76,7.6,27,1,2628,2623,0.846757394913,0.839087490973,75,7.5,27,0,2073,2069,0.010737865515,0.004601942364,76,7.6,26,0
278,2026-09-05T05:42:13.913458+00:00,175695140000000,175695187000000,15.625000000,online_inference,2,0,2089,2084,0.101242732000,0.093572828061,76,7.6,27,0,2691,2692,0.958737992429,0.960271973216,75,7.5,25,0,2563,2560,0.774660297882,0.770058355519,76,7.6,27,1,2628,2623,0.846757394913,0.839087490973,75,7.5,27,1,2073,2069,0.010737865515,0.004601942364,75,7.5,26,1
279,2026-09-05T05:42:13.958407+00:00,175695203000000,175695234000000,15.672000000,online_inference,2,0,2089,2084,0.101242732000,0.093572828061,76,7.6,27,1,2691,2692,0.958737992429,0.960271973216,75,7.5,25,0,2563,2560,0.774660297882,0.770058355519,76,7.6,27,0,2628,2623,0.846757394913,0.839087490973,75,7.5,27,1,2073,2069,0.010737865515,0.004601942364,76,7.6,26,0
280,2026-09-05T05:42:14.005616+00:00,175695250000000,175695281000000,15.719000000,online_inference,2,0,2089,2084,0.101242732000,0.093572828061,76,7.6,27,1,2691,2692,0.958737992429,0.960271973216,75,7.5,25,0,2563,2560,0.774660297882,0.770058355519,76,7.6,27,1,2628,2623,0.846757394913,0.839087490973,75,7.5,27,0,2073,2069,0.010737865515,0.004601942364,76,7.6,26,1
281,2026-09-05T05:42:14.058294+00:00,175695296000000,175695328000000,15.766000000,online_inference,2,0,2089,2084,0.101242732000,0.093572828061,76,7.6,27,1,2691,2692,0.958737992429,0.960271973216,75,7.5,25,0,2563,2560,0.774660297882,0.770058355519,76,7.6,27,0,2628,2623,0.846757394913,0.839087490973,75,7.5,27,1,2073,2069,0.010737865515,0.004601942364,75,7.5,26,1
282,2026-09-05T05:42:14.101580+00:00,175695343000000,175695375000000,15.813000000,online_inference,2,0,2089,2084,0.101242732000,0.093572828061,76,7.6,27,1,2691,2692,0.958737992429,0.960271973216,75,7.5,25,0,2563,2560,0.774660297882,0.770058355519,76,7.6,27,1,2628,2623,0.846757394913,0.839087490973,75,7.5,27,1,2073,2069,0.010737865515,0.004601942364,76,7.6,26,1
283,2026-09-05T05:42:14.145242+00:00,175695390000000,175695421000000,15.859000000,online_inference,2,0,2089,2084,0.101242732000,0.093572828061,76,7.6,27,1,2691,2692,0.958737992429,0.960271973216,75,7.5,25,0,2563,2560,0.774660297882,0.770058355519,76,7.6,27,1,2628,2623,0.846757394913,0.839087490973,75,7.5,27,1,2073,2069,0.010737865515,0.004601942364,75,7.5,26,0
284,2026-09-05T05:42:14.204844+00:00,175695453000000,175695484000000,15.922000000,online_archive,2,0,2089,2084,0.101242732000,0.093572828061,76,7.6,27,1,2691,2692,0.958737992429,0.960271973216,75,7.5,25,0,2563,2560,0.774660297882,0.770058355519,76,7.6,27,1,2628,2623,0.846757394913,0.839087490973,75,7.5,27,0,2073,2069,0.010737865515,0.004601942364,75,7.5,26,1
285,2026-09-05T05:42:14.249253+00:00,175695500000000,175695531000000,15.969000000,online_archive,2,0,2089,2084,0.101242732000,0.093572828061,76,7.6,27,1,2691,2692,0.958737992429,0.960271973216,75,7.5,25,0,2563,2560,0.774660297882,0.770058355519,76,7.6,27,0,2628,2623,0.846757394913,0.839087490973,75,7.5,27,1,2073,2069,0.010737865515,0.004601942364,76,7.6,26,1
286,2026-09-05T05:42:14.317066+00:00,175695562000000,175695593000000,16.031000000,fixed_trajectory,2,0,2089,2084,0.101242732000,0.093572828061,76,7.6,27,0,2691,2692,0.958737992429,0.960271973216,75,7.5,25,0,2563,2560,0.774660297882,0.770058355519,76,7.6,27,1,2628,2623,0.846757394913,0.839087490973,75,7.5,27,1,2073,2069,0.010737865515,0.004601942364,76,7.6,26,1
287,2026-09-05T05:42:14.362230+00:00,175695609000000,175695640000000,16.078000000,fixed_trajectory,2,0,2089,2084,0.101242732000,0.093572828061,76,7.6,27,1,2691,2693,0.958737992429,0.961805954004,75,7.5,25,0,2563,2559,0.774660297882,0.768524374731,76,7.6,27,1,2628,2622,0.846757394913,0.837553510186,75,7.5,27,1,2073,2069,0.010737865515,0.004601942364,76,7.6,26,1
288,2026-09-05T05:42:14.535643+00:00,175695781000000,175695812000000,16.250000000,fixed_trajectory,2,0,2089,2084,0.101242732000,0.093572828061,76,7.6,27,1,2691,2693,0.958737992429,0.961805954004,75,7.5,25,1,2563,2559,0.774660297882,0.768524374731,76,7.6,27,1,2628,2621,0.846757394913,0.836019529398,75,7.5,27,1,2073,2069,0.010737865515,0.004601942364,75,7.5,26,1
289,2026-09-05T05:42:14.585515+00:00,175695828000000,175695859000000,16.297000000,fixed_trajectory,2,0,2089,2084,0.101242732000,0.093572828061,76,7.6,27,1,2691,2694,0.958737992429,0.963339934792,75,7.5,25,1,2563,2558,0.774660297882,0.766990393943,76,7.6,27,1,2628,2620,0.846757394913,0.834485548610,75,7.5,27,2,2073,2069,0.010737865515,0.004601942364,76,7.6,26,1
290,2026-09-05T05:42:14.625789+00:00,175695875000000,175695906000000,16.344000000,fixed_trajectory,2,0,2089,2084,0.101242732000,0.093572828061,76,7.6,27,1,2691,2695,0.958737992429,0.964873915580,75,7.5,25,1,2563,2558,0.774660297882,0.766990393943,76,7.6,27,1,2628,2619,0.846757394913,0.832951567822,75,7.5,27,2,2073,2069,0.010737865515,0.004601942364,75,7.5,26,1
291,2026-09-05T05:42:14.678107+00:00,175695921000000,175695953000000,16.391000000,fixed_trajectory,2,0,2089,2084,0.101242732000,0.093572828061,76,7.6,27,1,2691,2695,0.958737992429,0.964873915580,75,7.5,25,1,2563,2557,0.774660297882,0.765456413155,76,7.6,27,1,2628,2618,0.846757394913,0.831417587034,75,7.5,27,2,2073,2069,0.010737865515,0.004601942364,75,7.5,26,0
292,2026-09-05T05:42:14.721835+00:00,175695968000000,175696000000000,16.438000000,fixed_trajectory,2,0,2089,2084,0.101242732000,0.093572828061,76,7.6,27,1,2691,2696,0.958737992429,0.966407896368,75,7.5,25,1,2563,2557,0.774660297882,0.765456413155,76,7.6,27,0,2626,2617,0.843689433337,0.829883606246,75,7.5,27,1,2073,2069,0.010737865515,0.004601942364,75,7.5,26,1
293,2026-09-05T05:42:14.783120+00:00,175696015000000,175696062000000,16.500000000,fixed_trajectory,2,0,2089,2085,0.101242732000,0.095106808849,76,7.6,27,1,2692,2697,0.960271973216,0.967941877156,75,7.5,25,0,2563,2556,0.774660297882,0.763922432367,76,7.6,27,2,2621,2616,0.836019529398,0.828349625458,75,7.5,27,0,2073,2069,0.010737865515,0.004601942364,75,7.5,26,1
294,2026-09-05T05:42:14.830157+00:00,175696078000000,175696109000000,16.547000000,fixed_trajectory,2,0,2089,2085,0.101242732000,0.095106808849,76,7.6,27,1,2693,2697,0.961805954004,0.967941877156,75,7.5,25,1,2563,2556,0.774660297882,0.763922432367,76,7.6,27,1,2620,2615,0.834485548610,0.826815644670,75,7.5,27,1,2073,2069,0.010737865515,0.004601942364,75,7.5,26,0
295,2026-09-05T05:42:14.877297+00:00,175696125000000,175696156000000,16.594000000,fixed_trajectory,2,0,2089,2085,0.101242732000,0.095106808849,76,7.6,27,1,2693,2698,0.961805954004,0.969475857944,75,7.5,25,1,2563,2555,0.774660297882,0.762388451579,76,7.6,27,1,2620,2614,0.834485548610,0.825281663882,75,7.5,27,0,2073,2069,0.010737865515,0.004601942364,75,7.5,26,1
296,2026-09-05T05:42:14.922745+00:00,175696171000000,175696203000000,16.641000000,fixed_trajectory,2,0,2089,2085,0.101242732000,0.095106808849,76,7.6,27,1,2693,2699,0.961805954004,0.971009838732,75,7.5,25,1,2563,2555,0.774660297882,0.762388451579,75,7.5,27,1,2619,2613,0.832951567822,0.823747683095,75,7.5,27,1,2073,2069,0.010737865515,0.004601942364,75,7.5,26,0
297,2026-09-05T05:42:14.976069+00:00,175696218000000,175696250000000,16.688000000,fixed_trajectory,2,0,2089,2085,0.101242732000,0.095106808849,76,7.6,27,1,2693,2699,0.961805954004,0.971009838732,75,7.5,25,1,2563,2554,0.774660297882,0.760854470791,76,7.6,27,2,2616,2612,0.828349625458,0.822213702307,75,7.5,27,1,2073,2069,0.010737865515,0.004601942364,75,7.5,26,1
298,2026-09-05T05:42:15.161122+00:00,175696406000000,175696437000000,16.875000000,fixed_trajectory,2,0,2089,2085,0.101242732000,0.095106808849,76,7.6,27,0,2695,2700,0.964873915580,0.972543819519,75,7.5,25,1,2563,2554,0.774660297882,0.760854470791,76,7.6,27,1,2616,2611,0.828349625458,0.820679721519,75,7.5,27,1,2073,2069,0.010737865515,0.004601942364,75,7.5,26,1
299,2026-09-05T05:42:15.206100+00:00,175696453000000,175696484000000,16.922000000,fixed_trajectory,2,0,2089,2085,0.101242732000,0.095106808849,76,7.6,27,1,2696,2701,0.966407896368,0.974077800307,75,7.5,25,1,2563,2553,0.774660297882,0.759320490003,76,7.6,27,2,2616,2610,0.828349625458,0.819145740731,75,7.5,27,1,2073,2070,0.010737865515,0.006135923152,75,7.5,26,0
300,2026-09-05T05:42:15.256406+00:00,175696500000000,175696531000000,16.969000000,fixed_trajectory,2,0,2089,2085,0.101242732000,0.095106808849,76,7.6,27,1,2696,2702,0.966407896368,0.975611781095,75,7.5,25,1,2560,2553,0.770058355519,0.759320490003,76,7.6,27,1,2616,2609,0.828349625458,0.817611759943,75,7.5,27,1,2073,2070,0.010737865515,0.006135923152,75,7.5,26,0
301,2026-09-05T05:42:15.297830+00:00,175696546000000,175696578000000,17.016000000,fixed_trajectory,2,0,2089,2085,0.101242732000,0.095106808849,76,7.6,27,1,2698,2702,0.969475857944,0.975611781095,75,7.5,25,1,2557,2552,0.765456413155,0.757786509216,76,7.6,27,1,2616,2608,0.828349625458,0.816077779155,75,7.5,27,1,2073,2070,0.010737865515,0.006135923152,75,7.5,26,1
302,2026-09-05T05:42:15.350078+00:00,175696593000000,175696625000000,17.063000000,fixed_trajectory,2,0,2089,2085,0.101242732000,0.095106808849,76,7.6,27,1,2698,2703,0.969475857944,0.977145761883,75,7.5,25,1,2557,2552,0.765456413155,0.757786509216,76,7.6,27,1,2616,2607,0.828349625458,0.814543798367,75,7.5,27,1,2073,2070,0.010737865515,0.006135923152,75,7.5,26,1
303,2026-09-05T05:42:15.389752+00:00,175696640000000,175696671000000,17.109000000,fixed_trajectory,2,0,2089,2085,0.101242732000,0.095106808849,76,7.6,27,1,2698,2704,0.969475857944,0.978679742671,75,7.5,25,1,2556,2551,0.763922432367,0.756252528428,76,7.6,27,1,2616,2606,0.828349625458,0.813009817579,75,7.5,27,2,2073,2070,0.010737865515,0.006135923152,75,7.5,26,1
304,2026-09-05T05:42:15.453070+00:00,175696703000000,175696734000000,17.172000000,fixed_trajectory,2,0,2089,2085,0.101242732000,0.095106808849,76,7.6,27,1,2699,2704,0.971009838732,0.978679742671,75,7.5,25,1,2555,2551,0.762388451579,0.756252528428,76,7.6,27,1,2614,2605,0.825281663882,0.811475836792,75,7.5,27,1,2073,2070,0.010737865515,0.006135923152,75,7.5,26,0
305,2026-09-05T05:42:15.496182+00:00,175696750000000,175696765000000,17.203000000,fixed_trajectory,2,0,2089,2086,0.101242732000,0.096640789637,76,7.6,27,1,2700,2705,0.972543819519,0.980213723459,75,7.5,25,1,2555,2550,0.762388451579,0.754718547640,76,7.6,27,1,2611,2604,0.820679721519,0.809941856004,75,7.5,27,1,2073,2070,0.010737865515,0.006135923152,75,7.5,26,0
306,2026-09-05T05:42:15.545821+00:00,175696796000000,175696828000000,17.266000000,fixed_trajectory,2,0,2089,2086,0.101242732000,0.096640789637,76,7.6,27,0,2701,2706,0.974077800307,0.981747704247,75,7.5,25,1,2555,2550,0.762388451579,0.754718547640,76,7.6,27,1,2608,2603,0.816077779155,0.808407875216,75,7.5,27,1,2073,2070,0.010737865515,0.006135923152,75,7.5,26,1
307,2026-09-05T05:42:15.599209+00:00,175696843000000,175696875000000,17.313000000,fixed_trajectory,2,0,2089,2086,0.101242732000,0.096640789637,76,7.6,27,0,2702,2706,0.975611781095,0.981747704247,75,7.5,25,1,2555,2549,0.762388451579,0.753184566852,76,7.6,27,1,2606,2602,0.813009817579,0.806873894428,75,7.5,27,1,2073,2070,0.010737865515,0.006135923152,75,7.5,26,0
308,2026-09-05T05:42:15.642301+00:00,175696890000000,175696921000000,17.359000000,fixed_trajectory,2,0,2089,2086,0.101242732000,0.096640789637,76,7.6,27,0,2702,2707,0.975611781095,0.983281685035,75,7.5,25,0,2555,2549,0.762388451579,0.753184566852,76,7.6,27,1,2606,2601,0.813009817579,0.805339913640,75,7.5,27,1,2073,2070,0.010737865515,0.006135923152,75,7.5,26,0
309,2026-09-05T05:42:15.710035+00:00,175696953000000,175696984000000,17.422000000,fixed_trajectory,2,0,2089,2086,0.101242732000,0.096640789637,76,7.6,27,1,2702,2708,0.975611781095,0.984815665823,75,7.5,25,1,2555,2548,0.762388451579,0.751650586064,76,7.6,27,1,2604,2600,0.809941856004,0.803805932852,75,7.5,27,1,2073,2070,0.010737865515,0.006135923152,75,7.5,26,1
310,2026-09-05T05:42:15.752519+00:00,175697000000000,175697031000000,17.469000000,fixed_trajectory,2,0,2089,2086,0.101242732000,0.096640789637,76,7.6,27,1,2702,2708,0.975611781095,0.984815665823,75,7.5,25,1,2555,2548,0.762388451579,0.751650586064,76,7.6,27,1,2603,2599,0.808407875216,0.802271952064,75,7.5,27,1,2073,2070,0.010737865515,0.006135923152,75,7.5,26,0
311,2026-09-05T05:42:15.802943+00:00,175697046000000,175697078000000,17.516000000,online_observation,2,0,2089,2086,0.101242732000,0.096640789637,76,7.6,27,1,2703,2709,0.977145761883,0.986349646610,75,7.5,25,1,2555,2547,0.762388451579,0.750116605276,76,7.6,27,2,2603,2598,0.808407875216,0.800737971276,75,7.5,27,1,2073,2070,0.010737865515,0.006135923152,75,7.5,26,1
312,2026-09-05T05:42:15.842340+00:00,175697093000000,175697125000000,17.563000000,online_observation,2,0,2089,2086,0.101242732000,0.096640789637,76,7.6,27,0,2703,2709,0.977145761883,0.986349646610,75,7.5,25,1,2555,2547,0.762388451579,0.750116605276,76,7.6,27,1,2603,2598,0.808407875216,0.800737971276,75,7.5,27,1,2073,2070,0.010737865515,0.006135923152,76,7.6,26,1
313,2026-09-05T05:42:15.903965+00:00,175697140000000,175697171000000,17.609000000,online_observation,2,0,2089,2086,0.101242732000,0.096640789637,76,7.6,27,0,2703,2709,0.977145761883,0.986349646610,75,7.5,25,1,2555,2547,0.762388451579,0.750116605276,76,7.6,27,2,2603,2598,0.808407875216,0.800737971276,75,7.5,27,0,2073,2070,0.010737865515,0.006135923152,75,7.5,26,1
314,2026-09-05T05:42:15.950131+00:00,175697203000000,175697218000000,17.656000000,online_observation,2,0,2089,2086,0.101242732000,0.096640789637,76,7.6,27,1,2703,2709,0.977145761883,0.986349646610,75,7.5,25,1,2555,2547,0.762388451579,0.750116605276,76,7.6,27,1,2603,2598,0.808407875216,0.800737971276,75,7.5,27,1,2073,2070,0.010737865515,0.006135923152,75,7.5,26,1
315,2026-09-05T05:42:16.008903+00:00,175697250000000,175697281000000,17.719000000,online_observation,2,0,2089,2086,0.101242732000,0.096640789637,76,7.6,27,0,2703,2709,0.977145761883,0.986349646610,75,7.5,25,1,2555,2547,0.762388451579,0.750116605276,76,7.6,27,1,2603,2598,0.808407875216,0.800737971276,75,7.5,27,0,2073,2070,0.010737865515,0.006135923152,75,7.5,26,1
316,2026-09-05T05:42:16.046772+00:00,175697296000000,175697328000000,17.766000000,online_observation,2,0,2089,2086,0.101242732000,0.096640789637,76,7.6,27,1,2703,2709,0.977145761883,0.986349646610,75,7.5,25,1,2555,2547,0.762388451579,0.750116605276,76,7.6,27,0,2603,2598,0.808407875216,0.800737971276,75,7.5,27,1,2073,2070,0.010737865515,0.006135923152,75,7.5,26,1
317,2026-09-05T05:42:16.100373+00:00,175697343000000,175697375000000,17.813000000,online_observation,2,0,2089,2086,0.101242732000,0.096640789637,76,7.6,27,1,2703,2709,0.977145761883,0.986349646610,75,7.5,25,1,2555,2547,0.762388451579,0.750116605276,75,7.5,27,2,2603,2598,0.808407875216,0.800737971276,75,7.5,27,1,2073,2070,0.010737865515,0.006135923152,75,7.5,26,1
318,2026-09-05T05:42:16.155415+00:00,175697406000000,175697437000000,17.875000000,online_observation,2,0,2089,2086,0.101242732000,0.096640789637,76,7.6,27,0,2703,2709,0.977145761883,0.986349646610,75,7.5,25,1,2555,2547,0.762388451579,0.750116605276,76,7.6,27,1,2603,2598,0.808407875216,0.800737971276,75,7.5,27,1,2073,2070,0.010737865515,0.006135923152,75,7.5,26,0
319,2026-09-05T05:42:16.213428+00:00,175697453000000,175697484000000,17.922000000,online_inference,3,0,2089,2086,0.101242732000,0.096640789637,76,7.6,27,1,2703,2709,0.977145761883,0.986349646610,75,7.5,25,1,2555,2547,0.762388451579,0.750116605276,76,7.6,27,1,2603,2598,0.808407875216,0.800737971276,75,7.5,27,1,2073,2070,0.010737865515,0.006135923152,75,7.5,26,0
320,2026-09-05T05:42:16.266897+00:00,175697500000000,175697546000000,17.984000000,online_inference,3,0,2089,2086,0.101242732000,0.096640789637,76,7.6,27,1,2703,2709,0.977145761883,0.986349646610,75,7.5,25,1,2555,2547,0.762388451579,0.750116605276,76,7.6,27,1,2603,2598,0.808407875216,0.800737971276,75,7.5,27,0,2073,2070,0.010737865515,0.006135923152,75,7.5,26,0
321,2026-09-05T05:42:16.336905+00:00,175697562000000,175697609000000,18.047000000,online_inference,3,0,2089,2086,0.101242732000,0.096640789637,76,7.6,27,0,2703,2709,0.977145761883,0.986349646610,75,7.5,25,1,2555,2547,0.762388451579,0.750116605276,76,7.6,27,1,2603,2598,0.808407875216,0.800737971276,75,7.5,27,1,2073,2070,0.010737865515,0.006135923152,75,7.5,26,0
322,2026-09-05T05:42:16.399639+00:00,175697625000000,175697671000000,18.109000000,online_inference,3,0,2089,2086,0.101242732000,0.096640789637,76,7.6,27,1,2703,2709,0.977145761883,0.986349646610,75,7.5,25,1,2555,2547,0.762388451579,0.750116605276,76,7.6,27,1,2603,2598,0.808407875216,0.800737971276,75,7.5,27,1,2073,2070,0.010737865515,0.006135923152,75,7.5,26,0
323,2026-09-05T05:42:16.441556+00:00,175697687000000,175697718000000,18.156000000,online_inference,3,0,2089,2086,0.101242732000,0.096640789637,76,7.6,27,0,2703,2709,0.977145761883,0.986349646610,75,7.5,25,0,2555,2547,0.762388451579,0.750116605276,76,7.6,27,2,2603,2598,0.808407875216,0.800737971276,75,7.5,27,1,2073,2070,0.010737865515,0.006135923152,75,7.5,26,1
324,2026-09-05T05:42:16.496763+00:00,175697734000000,175697765000000,18.203000000,online_inference,3,0,2089,2086,0.101242732000,0.096640789637,76,7.6,27,0,2703,2709,0.977145761883,0.986349646610,75,7.5,25,1,2555,2547,0.762388451579,0.750116605276,76,7.6,27,1,2603,2598,0.808407875216,0.800737971276,75,7.5,27,2,2073,2070,0.010737865515,0.006135923152,75,7.5,26,1
325,2026-09-05T05:42:16.540824+00:00,175697781000000,175697812000000,18.250000000,online_inference,3,0,2089,2086,0.101242732000,0.096640789637,76,7.6,27,0,2703,2709,0.977145761883,0.986349646610,75,7.5,25,0,2555,2547,0.762388451579,0.750116605276,76,7.6,27,1,2603,2598,0.808407875216,0.800737971276,75,7.5,27,1,2073,2070,0.010737865515,0.006135923152,75,7.5,26,1
326,2026-09-05T05:42:16.587636+00:00,175697828000000,175697859000000,18.297000000,online_inference,3,0,2089,2086,0.101242732000,0.096640789637,76,7.6,27,1,2703,2709,0.977145761883,0.986349646610,75,7.5,25,1,2555,2547,0.762388451579,0.750116605276,76,7.6,27,1,2603,2598,0.808407875216,0.800737971276,75,7.5,27,0,2073,2070,0.010737865515,0.006135923152,75,7.5,26,1
327,2026-09-05T05:42:16.640313+00:00,175697875000000,175697921000000,18.359000000,online_inference,3,0,2089,2086,0.101242732000,0.096640789637,76,7.6,27,1,2703,2709,0.977145761883,0.986349646610,75,7.5,25,1,2555,2547,0.762388451579,0.750116605276,76,7.6,27,1,2603,2598,0.808407875216,0.800737971276,75,7.5,27,0,2073,2070,0.010737865515,0.006135923152,75,7.5,26,1
328,2026-09-05T05:42:16.695447+00:00,175697937000000,175697968000000,18.406000000,online_inference,3,0,2089,2086,0.101242732000,0.096640789637,76,7.6,27,0,2703,2709,0.977145761883,0.986349646610,75,7.5,25,1,2555,2547,0.762388451579,0.750116605276,76,7.6,27,2,2603,2598,0.808407875216,0.800737971276,75,7.5,27,1,2073,2070,0.010737865515,0.006135923152,75,7.5,26,0
329,2026-09-05T05:42:16.746966+00:00,175697984000000,175698015000000,18.453000000,online_inference,3,0,2089,2086,0.101242732000,0.096640789637,76,7.6,27,0,2703,2709,0.977145761883,0.986349646610,75,7.5,25,1,2555,2547,0.762388451579,0.750116605276,76,7.6,27,2,2603,2598,0.808407875216,0.800737971276,75,7.5,27,0,2073,2070,0.010737865515,0.006135923152,75,7.5,26,1
330,2026-09-05T05:42:16.798013+00:00,175698031000000,175698078000000,18.516000000,online_inference,3,0,2089,2086,0.101242732000,0.096640789637,76,7.6,27,1,2703,2709,0.977145761883,0.986349646610,75,7.5,25,1,2555,2547,0.762388451579,0.750116605276,76,7.6,27,2,2603,2598,0.808407875216,0.800737971276,75,7.5,27,1,2073,2070,0.010737865515,0.006135923152,76,7.6,26,0
331,2026-09-05T05:42:16.853703+00:00,175698093000000,175698125000000,18.563000000,online_inference,3,0,2089,2086,0.101242732000,0.096640789637,76,7.6,27,1,2703,2709,0.977145761883,0.986349646610,75,7.5,25,1,2555,2547,0.762388451579,0.750116605276,76,7.6,27,1,2603,2598,0.808407875216,0.800737971276,75,7.5,27,1,2073,2070,0.010737865515,0.006135923152,75,7.5,26,1
332,2026-09-05T05:42:16.897385+00:00,175698140000000,175698171000000,18.609000000,online_inference,3,0,2089,2086,0.101242732000,0.096640789637,76,7.6,27,0,2703,2709,0.977145761883,0.986349646610,75,7.5,25,1,2555,2547,0.762388451579,0.750116605276,76,7.6,27,1,2603,2598,0.808407875216,0.800737971276,75,7.5,27,1,2073,2070,0.010737865515,0.006135923152,75,7.5,26,1
333,2026-09-05T05:42:16.948643+00:00,175698187000000,175698218000000,18.656000000,online_inference,3,0,2089,2086,0.101242732000,0.096640789637,76,7.6,27,0,2703,2709,0.977145761883,0.986349646610,75,7.5,25,1,2555,2547,0.762388451579,0.750116605276,76,7.6,27,1,2603,2598,0.808407875216,0.800737971276,75,7.5,27,1,2073,2070,0.010737865515,0.006135923152,75,7.5,26,1
334,2026-09-05T05:42:16.997743+00:00,175698234000000,175698265000000,18.703000000,online_inference,3,0,2089,2086,0.101242732000,0.096640789637,76,7.6,27,1,2703,2709,0.977145761883,0.986349646610,75,7.5,25,1,2555,2547,0.762388451579,0.750116605276,76,7.6,27,1,2603,2598,0.808407875216,0.800737971276,75,7.5,27,1,2073,2070,0.010737865515,0.006135923152,75,7.5,26,0
335,2026-09-05T05:42:17.041745+00:00,175698281000000,175698312000000,18.750000000,online_inference,3,0,2089,2086,0.101242732000,0.096640789637,76,7.6,27,1,2703,2709,0.977145761883,0.986349646610,75,7.5,25,1,2555,2547,0.762388451579,0.750116605276,76,7.6,27,1,2603,2598,0.808407875216,0.800737971276,75,7.5,27,1,2073,2070,0.010737865515,0.006135923152,75,7.5,26,1
336,2026-09-05T05:42:17.102485+00:00,175698343000000,175698375000000,18.813000000,online_inference,3,0,2089,2086,0.101242732000,0.096640789637,76,7.6,27,1,2703,2709,0.977145761883,0.986349646610,75,7.5,25,0,2555,2547,0.762388451579,0.750116605276,76,7.6,27,1,2603,2598,0.808407875216,0.800737971276,75,7.5,27,0,2073,2070,0.010737865515,0.006135923152,76,7.6,26,1
337,2026-09-05T05:42:17.145433+00:00,175698390000000,175698421000000,18.859000000,online_inference,3,0,2089,2086,0.101242732000,0.096640789637,76,7.6,27,1,2703,2709,0.977145761883,0.986349646610,75,7.5,25,1,2555,2547,0.762388451579,0.750116605276,76,7.6,27,2,2603,2598,0.808407875216,0.800737971276,75,7.5,27,1,2073,2070,0.010737865515,0.006135923152,75,7.5,26,1
338,2026-09-05T05:42:17.200741+00:00,175698437000000,175698468000000,18.906000000,online_inference,3,0,2089,2086,0.101242732000,0.096640789637,76,7.6,27,1,2703,2709,0.977145761883,0.986349646610,75,7.5,25,0,2555,2547,0.762388451579,0.750116605276,76,7.6,27,2,2603,2598,0.808407875216,0.800737971276,75,7.5,27,1,2073,2070,0.010737865515,0.006135923152,75,7.5,26,1
339,2026-09-05T05:42:17.248149+00:00,175698484000000,175698515000000,18.953000000,online_inference,3,0,2089,2086,0.101242732000,0.096640789637,76,7.6,27,1,2703,2709,0.977145761883,0.986349646610,75,7.5,25,1,2555,2547,0.762388451579,0.750116605276,75,7.5,27,1,2603,2598,0.808407875216,0.800737971276,75,7.5,27,1,2073,2070,0.010737865515,0.006135923152,75,7.5,26,0
340,2026-09-05T05:42:17.298408+00:00,175698531000000,175698578000000,19.016000000,online_inference,3,0,2089,2086,0.101242732000,0.096640789637,76,7.6,27,1,2703,2709,0.977145761883,0.986349646610,75,7.5,25,0,2555,2547,0.762388451579,0.750116605276,76,7.6,27,1,2603,2598,0.808407875216,0.800737971276,75,7.5,27,1,2073,2070,0.010737865515,0.006135923152,75,7.5,26,1
341,2026-09-05T05:42:17.351446+00:00,175698593000000,175698625000000,19.063000000,online_inference,3,0,2089,2086,0.101242732000,0.096640789637,76,7.6,27,0,2703,2709,0.977145761883,0.986349646610,75,7.5,25,1,2555,2547,0.762388451579,0.750116605276,76,7.6,27,1,2603,2598,0.808407875216,0.800737971276,75,7.5,27,1,2073,2070,0.010737865515,0.006135923152,75,7.5,26,0
342,2026-09-05T05:42:17.404606+00:00,175698640000000,175698671000000,19.109000000,online_inference,3,0,2089,2086,0.101242732000,0.096640789637,76,7.6,27,0,2703,2709,0.977145761883,0.986349646610,75,7.5,25,1,2555,2547,0.762388451579,0.750116605276,76,7.6,27,2,2603,2598,0.808407875216,0.800737971276,75,7.5,27,1,2073,2070,0.010737865515,0.006135923152,75,7.5,26,0
343,2026-09-05T05:42:17.454064+00:00,175698687000000,175698734000000,19.172000000,online_inference,3,0,2089,2086,0.101242732000,0.096640789637,76,7.6,27,0,2703,2709,0.977145761883,0.986349646610,75,7.5,25,1,2555,2547,0.762388451579,0.750116605276,76,7.6,27,1,2603,2598,0.808407875216,0.800737971276,75,7.5,27,1,2073,2070,0.010737865515,0.006135923152,76,7.6,26,0
344,2026-09-05T05:42:17.508398+00:00,175698750000000,175698781000000,19.219000000,online_inference,3,0,2089,2086,0.101242732000,0.096640789637,76,7.6,27,0,2703,2709,0.977145761883,0.986349646610,75,7.5,25,1,2555,2547,0.762388451579,0.750116605276,76,7.6,27,1,2603,2598,0.808407875216,0.800737971276,75,7.5,27,1,2073,2070,0.010737865515,0.006135923152,75,7.5,26,0
345,2026-09-05T05:42:17.555819+00:00,175698796000000,175698828000000,19.266000000,online_inference,3,0,2089,2086,0.101242732000,0.096640789637,76,7.6,26,0,2703,2709,0.977145761883,0.986349646610,75,7.5,25,1,2555,2547,0.762388451579,0.750116605276,75,7.5,27,2,2603,2598,0.808407875216,0.800737971276,75,7.5,27,1,2073,2070,0.010737865515,0.006135923152,75,7.5,26,0
346,2026-09-05T05:42:17.605273+00:00,175698843000000,175698875000000,19.313000000,online_inference,3,0,2089,2086,0.101242732000,0.096640789637,76,7.6,27,1,2703,2709,0.977145761883,0.986349646610,75,7.5,25,1,2555,2547,0.762388451579,0.750116605276,76,7.6,27,2,2602,2598,0.806873894428,0.800737971276,75,7.5,27,1,2073,2070,0.010737865515,0.006135923152,75,7.5,26,1
347,2026-09-05T05:42:17.654170+00:00,175698890000000,175698921000000,19.359000000,online_inference,3,0,2089,2086,0.101242732000,0.096640789637,76,7.6,27,0,2703,2709,0.977145761883,0.986349646610,75,7.5,25,1,2555,2547,0.762388451579,0.750116605276,76,7.6,27,1,2602,2598,0.806873894428,0.800737971276,75,7.5,27,1,2073,2070,0.010737865515,0.006135923152,75,7.5,26,1
348,2026-09-05T05:42:17.721838+00:00,175698953000000,175699000000000,19.438000000,online_inference,3,0,2089,2086,0.101242732000,0.096640789637,76,7.6,27,1,2703,2709,0.977145761883,0.986349646610,75,7.5,25,1,2555,2547,0.762388451579,0.750116605276,76,7.6,27,1,2602,2598,0.806873894428,0.800737971276,75,7.5,27,1,2073,2070,0.010737865515,0.006135923152,76,7.6,26,1
349,2026-09-05T05:42:17.781245+00:00,175699015000000,175699062000000,19.500000000,online_inference,3,0,2089,2086,0.101242732000,0.096640789637,76,7.6,27,1,2703,2709,0.977145761883,0.986349646610,75,7.5,25,1,2555,2547,0.762388451579,0.750116605276,76,7.6,27,1,2602,2598,0.806873894428,0.800737971276,75,7.5,27,1,2073,2070,0.010737865515,0.006135923152,75,7.5,26,0
350,2026-09-05T05:42:17.835497+00:00,175699078000000,175699109000000,19.547000000,online_inference,3,0,2089,2086,0.101242732000,0.096640789637,76,7.6,27,1,2703,2709,0.977145761883,0.986349646610,75,7.5,25,1,2555,2547,0.762388451579,0.750116605276,76,7.6,27,1,2602,2598,0.806873894428,0.800737971276,75,7.5,27,1,2073,2070,0.010737865515,0.006135923152,75,7.5,26,1
351,2026-09-05T05:42:17.891677+00:00,175699125000000,175699171000000,19.609000000,online_inference,3,0,2089,2086,0.101242732000,0.096640789637,76,7.6,27,0,2703,2709,0.977145761883,0.986349646610,75,7.5,25,1,2555,2547,0.762388451579,0.750116605276,76,7.6,27,1,2602,2598,0.806873894428,0.800737971276,75,7.5,27,1,2073,2070,0.010737865515,0.006135923152,76,7.6,26,0
352,2026-09-05T05:42:17.945790+00:00,175699187000000,175699218000000,19.656000000,online_inference,3,0,2089,2086,0.101242732000,0.096640789637,76,7.6,27,0,2703,2709,0.977145761883,0.986349646610,75,7.5,25,1,2555,2547,0.762388451579,0.750116605276,76,7.6,27,2,2602,2598,0.806873894428,0.800737971276,75,7.5,27,1,2073,2070,0.010737865515,0.006135923152,75,7.5,26,0
353,2026-09-05T05:42:17.994882+00:00,175699234000000,175699265000000,19.703000000,online_inference,3,0,2089,2086,0.101242732000,0.096640789637,76,7.6,27,1,2703,2709,0.977145761883,0.986349646610,75,7.5,25,1,2555,2547,0.762388451579,0.750116605276,76,7.6,27,1,2602,2598,0.806873894428,0.800737971276,75,7.5,27,1,2073,2070,0.010737865515,0.006135923152,75,7.5,26,1
354,2026-09-05T05:42:18.041598+00:00,175699281000000,175699312000000,19.750000000,online_inference,3,0,2089,2086,0.101242732000,0.096640789637,76,7.6,27,1,2703,2709,0.977145761883,0.986349646610,75,7.5,25,1,2555,2547,0.762388451579,0.750116605276,76,7.6,27,2,2602,2598,0.806873894428,0.800737971276,75,7.5,27,1,2073,2070,0.010737865515,0.006135923152,76,7.6,26,0
355,2026-09-05T05:42:18.091256+00:00,175699328000000,175699359000000,19.797000000,online_inference,3,0,2089,2086,0.101242732000,0.096640789637,76,7.6,27,1,2703,2709,0.977145761883,0.986349646610,75,7.5,25,1,2555,2547,0.762388451579,0.750116605276,76,7.6,27,2,2602,2598,0.806873894428,0.800737971276,75,7.5,27,1,2073,2070,0.010737865515,0.006135923152,75,7.5,26,1
356,2026-09-05T05:42:18.151398+00:00,175699390000000,175699421000000,19.859000000,online_inference,3,0,2089,2086,0.101242732000,0.096640789637,76,7.6,27,0,2703,2709,0.977145761883,0.986349646610,75,7.5,25,1,2555,2547,0.762388451579,0.750116605276,76,7.6,27,1,2602,2598,0.806873894428,0.800737971276,75,7.5,27,1,2073,2070,0.010737865515,0.006135923152,75,7.5,26,0
357,2026-09-05T05:42:18.195431+00:00,175699437000000,175699468000000,19.906000000,online_inference,3,0,2089,2086,0.101242732000,0.096640789637,76,7.6,27,0,2703,2709,0.977145761883,0.986349646610,75,7.5,25,1,2555,2547,0.762388451579,0.750116605276,76,7.6,27,1,2602,2598,0.806873894428,0.800737971276,75,7.5,27,1,2073,2070,0.010737865515,0.006135923152,75,7.5,26,1
358,2026-09-05T05:42:18.254541+00:00,175699484000000,175699531000000,19.969000000,online_inference,3,0,2089,2086,0.101242732000,0.096640789637,76,7.6,27,1,2703,2709,0.977145761883,0.986349646610,75,7.5,25,1,2555,2547,0.762388451579,0.750116605276,76,7.6,27,2,2602,2598,0.806873894428,0.800737971276,75,7.5,27,1,2073,2070,0.010737865515,0.006135923152,75,7.5,26,1
359,2026-09-05T05:42:18.301084+00:00,175699546000000,175699578000000,20.016000000,online_inference,3,0,2089,2086,0.101242732000,0.096640789637,76,7.6,27,1,2703,2709,0.977145761883,0.986349646610,75,7.5,25,1,2555,2547,0.762388451579,0.750116605276,76,7.6,27,1,2602,2598,0.806873894428,0.800737971276,75,7.5,27,1,2073,2070,0.010737865515,0.006135923152,75,7.5,26,1
360,2026-09-05T05:42:18.357653+00:00,175699593000000,175699625000000,20.063000000,online_inference,3,0,2089,2086,0.101242732000,0.096640789637,76,7.6,27,1,2703,2709,0.977145761883,0.986349646610,75,7.5,25,1,2555,2547,0.762388451579,0.750116605276,76,7.6,27,1,2602,2598,0.806873894428,0.800737971276,75,7.5,27,1,2073,2070,0.010737865515,0.006135923152,75,7.5,26,1
361,2026-09-05T05:42:18.400769+00:00,175699640000000,175699671000000,20.109000000,online_inference,3,0,2089,2086,0.101242732000,0.096640789637,76,7.6,27,1,2703,2709,0.977145761883,0.986349646610,75,7.5,25,1,2555,2547,0.762388451579,0.750116605276,76,7.6,27,2,2602,2598,0.806873894428,0.800737971276,75,7.5,27,1,2073,2070,0.010737865515,0.006135923152,76,7.6,26,1
362,2026-09-05T05:42:18.454197+00:00,175699687000000,175699734000000,20.172000000,online_inference,3,0,2089,2086,0.101242732000,0.096640789637,76,7.6,27,0,2703,2709,0.977145761883,0.986349646610,75,7.5,25,1,2555,2547,0.762388451579,0.750116605276,76,7.6,27,1,2602,2598,0.806873894428,0.800737971276,75,7.5,27,1,2073,2070,0.010737865515,0.006135923152,76,7.6,26,1
363,2026-09-05T05:42:18.507380+00:00,175699750000000,175699781000000,20.219000000,online_inference,3,0,2089,2086,0.101242732000,0.096640789637,76,7.6,27,1,2703,2709,0.977145761883,0.986349646610,75,7.5,25,1,2555,2547,0.762388451579,0.750116605276,75,7.5,27,2,2602,2598,0.806873894428,0.800737971276,75,7.5,27,1,2073,2070,0.010737865515,0.006135923152,75,7.5,26,1
364,2026-09-05T05:42:18.557007+00:00,175699796000000,175699828000000,20.266000000,online_inference,3,0,2089,2086,0.101242732000,0.096640789637,76,7.6,27,1,2703,2709,0.977145761883,0.986349646610,75,7.5,25,1,2555,2547,0.762388451579,0.750116605276,76,7.6,27,1,2602,2598,0.806873894428,0.800737971276,75,7.5,27,1,2073,2070,0.010737865515,0.006135923152,75,7.5,26,1
365,2026-09-05T05:42:18.601953+00:00,175699843000000,175699875000000,20.313000000,online_inference,3,0,2089,2086,0.101242732000,0.096640789637,76,7.6,27,0,2703,2709,0.977145761883,0.986349646610,75,7.5,25,1,2555,2547,0.762388451579,0.750116605276,76,7.6,27,2,2602,2598,0.806873894428,0.800737971276,75,7.5,27,1,2073,2070,0.010737865515,0.006135923152,75,7.5,26,1
366,2026-09-05T05:42:18.651400+00:00,175699890000000,175699921000000,20.359000000,online_inference,3,0,2089,2086,0.101242732000,0.096640789637,76,7.6,27,1,2703,2709,0.977145761883,0.986349646610,75,7.5,25,1,2555,2547,0.762388451579,0.750116605276,76,7.6,27,1,2602,2598,0.806873894428,0.800737971276,75,7.5,27,0,2073,2070,0.010737865515,0.006135923152,75,7.5,26,0
367,2026-09-05T05:42:18.701021+00:00,175699937000000,175699968000000,20.406000000,online_inference,3,0,2089,2086,0.101242732000,0.096640789637,76,7.6,27,1,2703,2709,0.977145761883,0.986349646610,75,7.5,25,1,2555,2547,0.762388451579,0.750116605276,76,7.6,27,2,2602,2598,0.806873894428,0.800737971276,75,7.5,27,1,2073,2070,0.010737865515,0.006135923152,76,7.6,26,1
368,2026-09-05T05:42:18.749184+00:00,175700000000000,175700031000000,20.469000000,online_inference,3,0,2089,2086,0.101242732000,0.096640789637,76,7.6,27,0,2703,2709,0.977145761883,0.986349646610,75,7.5,25,1,2555,2547,0.762388451579,0.750116605276,76,7.6,27,1,2602,2598,0.806873894428,0.800737971276,75,7.5,27,1,2073,2070,0.010737865515,0.006135923152,75,7.5,26,1
369,2026-09-05T05:42:18.801768+00:00,175700046000000,175700078000000,20.516000000,online_archive,3,0,2089,2086,0.101242732000,0.096640789637,76,7.6,27,1,2703,2709,0.977145761883,0.986349646610,75,7.5,25,0,2555,2547,0.762388451579,0.750116605276,76,7.6,27,1,2602,2598,0.806873894428,0.800737971276,75,7.5,26,1,2073,2070,0.010737865515,0.006135923152,75,7.5,26,1
370,2026-09-05T05:42:18.847444+00:00,175700093000000,175700125000000,20.563000000,online_archive,3,0,2089,2086,0.101242732000,0.096640789637,76,7.6,27,1,2703,2709,0.977145761883,0.986349646610,75,7.5,25,1,2555,2547,0.762388451579,0.750116605276,76,7.6,27,1,2602,2598,0.806873894428,0.800737971276,75,7.5,27,1,2073,2070,0.010737865515,0.006135923152,75,7.5,26,0
371,2026-09-05T05:42:18.913583+00:00,175700156000000,175700187000000,20.625000000,fixed_trajectory,3,0,2089,2086,0.101242732000,0.096640789637,76,7.6,27,1,2703,2709,0.977145761883,0.986349646610,75,7.5,25,1,2555,2547,0.762388451579,0.750116605276,76,7.6,27,1,2602,2598,0.806873894428,0.800737971276,75,7.5,27,1,2073,2070,0.010737865515,0.006135923152,75,7.5,26,1
372,2026-09-05T05:42:18.955625+00:00,175700203000000,175700234000000,20.672000000,online_observation,3,0,2089,2086,0.101242732000,0.096640789637,76,7.6,27,1,2703,2709,0.977145761883,0.986349646610,75,7.5,25,2,2555,2547,0.762388451579,0.750116605276,75,7.5,27,1,2602,2598,0.806873894428,0.800737971276,75,7.5,27,0,2073,2070,0.010737865515,0.006135923152,75,7.5,26,1
373,2026-09-05T05:42:19.003996+00:00,175700250000000,175700281000000,20.719000000,online_observation,3,0,2089,2086,0.101242732000,0.096640789637,76,7.6,27,0,2703,2709,0.977145761883,0.986349646610,75,7.5,25,1,2555,2547,0.762388451579,0.750116605276,76,7.6,27,1,2602,2598,0.806873894428,0.800737971276,75,7.5,27,1,2073,2070,0.010737865515,0.006135923152,75,7.5,26,1
374,2026-09-05T05:42:19.047527+00:00,175700296000000,175700328000000,20.766000000,online_observation,3,0,2089,2086,0.101242732000,0.096640789637,76,7.6,27,0,2703,2709,0.977145761883,0.986349646610,75,7.5,25,0,2555,2547,0.762388451579,0.750116605276,76,7.6,27,1,2602,2598,0.806873894428,0.800737971276,75,7.5,27,0,2073,2070,0.010737865515,0.006135923152,75,7.5,26,0
375,2026-09-05T05:42:19.103286+00:00,175700343000000,175700375000000,20.813000000,online_observation,3,0,2089,2086,0.101242732000,0.096640789637,76,7.6,27,1,2703,2709,0.977145761883,0.986349646610,75,7.5,25,1,2555,2547,0.762388451579,0.750116605276,76,7.6,27,1,2602,2598,0.806873894428,0.800737971276,75,7.5,27,0,2073,2070,0.010737865515,0.006135923152,75,7.5,26,1
376,2026-09-05T05:42:19.143382+00:00,175700390000000,175700421000000,20.859000000,online_observation,3,0,2089,2086,0.101242732000,0.096640789637,76,7.6,27,0,2703,2709,0.977145761883,0.986349646610,75,7.5,25,1,2555,2547,0.762388451579,0.750116605276,76,7.6,27,2,2602,2598,0.806873894428,0.800737971276,75,7.5,27,1,2073,2070,0.010737865515,0.006135923152,75,7.5,26,0
377,2026-09-05T05:42:19.201075+00:00,175700453000000,175700468000000,20.906000000,online_observation,3,0,2089,2086,0.101242732000,0.096640789637,76,7.6,27,1,2703,2709,0.977145761883,0.986349646610,75,7.5,25,1,2555,2547,0.762388451579,0.750116605276,76,7.6,27,2,2602,2598,0.806873894428,0.800737971276,75,7.5,27,0,2073,2070,0.010737865515,0.006135923152,75,7.5,26,1
378,2026-09-05T05:42:19.253592+00:00,175700500000000,175700531000000,20.969000000,online_observation,3,0,2089,2086,0.101242732000,0.096640789637,76,7.6,27,0,2703,2709,0.977145761883,0.986349646610,75,7.5,25,1,2555,2547,0.762388451579,0.750116605276,76,7.6,27,1,2602,2598,0.806873894428,0.800737971276,75,7.5,27,1,2073,2070,0.010737865515,0.006135923152,75,7.5,26,1
379,2026-09-05T05:42:19.304529+00:00,175700546000000,175700578000000,21.016000000,online_observation,3,0,2089,2086,0.101242732000,0.096640789637,76,7.6,27,1,2703,2709,0.977145761883,0.986349646610,75,7.5,25,1,2555,2547,0.762388451579,0.750116605276,76,7.6,27,1,2602,2598,0.806873894428,0.800737971276,75,7.5,27,1,2073,2070,0.010737865515,0.006135923152,75,7.5,26,0
380,2026-09-05T05:42:19.359385+00:00,175700593000000,175700640000000,21.078000000,post_roll_hold,49,0,2089,2086,0.101242732000,0.096640789637,76,7.6,27,1,2703,2709,0.977145761883,0.986349646610,75,7.5,25,1,2555,2547,0.762388451579,0.750116605276,76,7.6,27,1,2602,2598,0.806873894428,0.800737971276,75,7.5,27,1,2073,2070,0.010737865515,0.006135923152,75,7.5,26,0
381,2026-09-05T05:42:19.406471+00:00,175700656000000,175700687000000,21.125000000,post_roll_hold,49,0,2089,2086,0.101242732000,0.096640789637,76,7.6,27,0,2703,2709,0.977145761883,0.986349646610,75,7.5,25,0,2555,2547,0.762388451579,0.750116605276,76,7.6,27,1,2602,2598,0.806873894428,0.800737971276,75,7.5,27,1,2073,2070,0.010737865515,0.006135923152,75,7.5,26,0
382,2026-09-05T05:42:19.458673+00:00,175700703000000,175700734000000,21.172000000,post_roll_hold,49,0,2089,2086,0.101242732000,0.096640789637,76,7.6,27,0,2703,2709,0.977145761883,0.986349646610,75,7.5,25,1,2555,2547,0.762388451579,0.750116605276,76,7.6,27,1,2602,2598,0.806873894428,0.800737971276,75,7.5,27,1,2073,2070,0.010737865515,0.006135923152,75,7.5,26,0
383,2026-09-05T05:42:19.502385+00:00,175700750000000,175700781000000,21.219000000,post_roll_hold,49,0,2089,2086,0.101242732000,0.096640789637,76,7.6,27,0,2703,2709,0.977145761883,0.986349646610,75,7.5,25,1,2555,2547,0.762388451579,0.750116605276,76,7.6,27,2,2602,2598,0.806873894428,0.800737971276,75,7.5,27,0,2073,2070,0.010737865515,0.006135923152,75,7.5,26,0
384,2026-09-05T05:42:19.557996+00:00,175700796000000,175700828000000,21.266000000,post_roll_hold,49,0,2089,2086,0.101242732000,0.096640789637,76,7.6,27,1,2703,2709,0.977145761883,0.986349646610,75,7.5,25,1,2555,2547,0.762388451579,0.750116605276,76,7.6,27,1,2602,2598,0.806873894428,0.800737971276,75,7.5,27,0,2073,2070,0.010737865515,0.006135923152,75,7.5,26,1
385,2026-09-05T05:42:19.597195+00:00,175700843000000,175700875000000,21.313000000,post_roll_hold,49,0,2089,2086,0.101242732000,0.096640789637,76,7.6,27,0,2703,2709,0.977145761883,0.986349646610,75,7.5,25,1,2555,2547,0.762388451579,0.750116605276,76,7.6,27,2,2602,2598,0.806873894428,0.800737971276,75,7.5,27,1,2073,2070,0.010737865515,0.006135923152,75,7.5,26,1
386,2026-09-05T05:42:19.656110+00:00,175700906000000,175700937000000,21.375000000,post_roll_hold,49,0,2089,2086,0.101242732000,0.096640789637,76,7.6,27,1,2703,2709,0.977145761883,0.986349646610,75,7.5,25,1,2555,2547,0.762388451579,0.750116605276,76,7.6,27,1,2602,2598,0.806873894428,0.800737971276,75,7.5,27,1,2073,2070,0.010737865515,0.006135923152,75,7.5,26,1
387,2026-09-05T05:42:19.706416+00:00,175700953000000,175700984000000,21.422000000,post_roll_hold,49,0,2089,2086,0.101242732000,0.096640789637,76,7.6,27,1,2703,2709,0.977145761883,0.986349646610,75,7.5,25,1,2555,2547,0.762388451579,0.750116605276,76,7.6,27,1,2602,2598,0.806873894428,0.800737971276,75,7.5,27,1,2073,2070,0.010737865515,0.006135923152,76,7.6,26,1
388,2026-09-05T05:42:19.756004+00:00,175701000000000,175701031000000,21.469000000,post_roll_hold,49,0,2089,2086,0.101242732000,0.096640789637,76,7.6,27,1,2703,2709,0.977145761883,0.986349646610,75,7.5,25,1,2555,2547,0.762388451579,0.750116605276,76,7.6,27,1,2602,2598,0.806873894428,0.800737971276,75,7.5,27,1,2073,2070,0.010737865515,0.006135923152,75,7.5,26,1
389,2026-09-05T05:42:19.797840+00:00,175701046000000,175701078000000,21.516000000,post_roll_hold,49,0,2089,2086,0.101242732000,0.096640789637,76,7.6,27,1,2703,2709,0.977145761883,0.986349646610,75,7.5,25,1,2555,2547,0.762388451579,0.750116605276,76,7.6,27,1,2602,2598,0.806873894428,0.800737971276,75,7.5,27,1,2073,2070,0.010737865515,0.006135923152,75,7.5,26,0
390,2026-09-05T05:42:19.862479+00:00,175701109000000,175701140000000,21.578000000,post_roll_hold,49,0,2089,2086,0.101242732000,0.096640789637,76,7.6,27,0,2703,2709,0.977145761883,0.986349646610,75,7.5,25,1,2555,2547,0.762388451579,0.750116605276,76,7.6,27,1,2602,2598,0.806873894428,0.800737971276,75,7.5,27,0,2073,2070,0.010737865515,0.006135923152,75,7.5,26,1
391,2026-09-05T05:42:19.906876+00:00,175701156000000,175701187000000,21.625000000,post_roll_hold,49,0,2089,2086,0.101242732000,0.096640789637,76,7.6,27,0,2703,2709,0.977145761883,0.986349646610,75,7.5,25,1,2555,2547,0.762388451579,0.750116605276,76,7.6,27,2,2602,2598,0.806873894428,0.800737971276,75,7.5,27,1,2073,2070,0.010737865515,0.006135923152,75,7.5,26,0
392,2026-09-05T05:42:19.954427+00:00,175701203000000,175701234000000,21.672000000,post_roll_hold,49,0,2089,2086,0.101242732000,0.096640789637,76,7.6,27,1,2703,2709,0.977145761883,0.986349646610,75,7.5,25,0,2555,2547,0.762388451579,0.750116605276,76,7.6,27,1,2602,2598,0.806873894428,0.800737971276,75,7.5,27,1,2073,2070,0.010737865515,0.006135923152,75,7.5,26,0
393,2026-09-05T05:42:19.999311+00:00,175701250000000,175701281000000,21.719000000,post_roll_hold,49,0,2089,2086,0.101242732000,0.096640789637,76,7.6,27,0,2703,2709,0.977145761883,0.986349646610,75,7.5,25,1,2555,2547,0.762388451579,0.750116605276,76,7.6,27,1,2602,2598,0.806873894428,0.800737971276,75,7.5,27,1,2073,2070,0.010737865515,0.006135923152,75,7.5,26,1
394,2026-09-05T05:42:20.049960+00:00,175701296000000,175701328000000,21.766000000,post_roll_hold,49,0,2089,2086,0.101242732000,0.096640789637,76,7.6,27,0,2703,2709,0.977145761883,0.986349646610,75,7.5,25,1,2555,2547,0.762388451579,0.750116605276,76,7.6,27,2,2602,2598,0.806873894428,0.800737971276,75,7.5,27,1,2073,2070,0.010737865515,0.006135923152,75,7.5,26,1
395,2026-09-05T05:42:20.088860+00:00,175701343000000,175701359000000,21.797000000,post_roll_hold,49,0,2089,2086,0.101242732000,0.096640789637,76,7.6,27,1,2703,2709,0.977145761883,0.986349646610,75,7.5,25,1,2555,2547,0.762388451579,0.750116605276,76,7.6,27,1,2602,2598,0.806873894428,0.800737971276,75,7.5,27,1,2073,2070,0.010737865515,0.006135923152,75,7.5,26,0
396,2026-09-05T05:42:20.154050+00:00,175701406000000,175701421000000,21.859000000,post_roll_hold,49,0,2089,2086,0.101242732000,0.096640789637,76,7.6,27,1,2703,2709,0.977145761883,0.986349646610,75,7.5,25,1,2555,2547,0.762388451579,0.750116605276,76,7.6,27,2,2602,2598,0.806873894428,0.800737971276,75,7.5,27,1,2073,2070,0.010737865515,0.006135923152,76,7.6,26,1
397,2026-09-05T05:42:20.206080+00:00,175701453000000,175701484000000,21.922000000,post_roll_hold,49,0,2089,2086,0.101242732000,0.096640789637,76,7.6,27,0,2703,2709,0.977145761883,0.986349646610,75,7.5,25,1,2555,2547,0.762388451579,0.750116605276,76,7.6,27,1,2602,2598,0.806873894428,0.800737971276,75,7.5,27,1,2073,2070,0.010737865515,0.006135923152,75,7.5,26,1
398,2026-09-05T05:42:20.251817+00:00,175701500000000,175701531000000,21.969000000,post_roll_hold,49,0,2089,2086,0.101242732000,0.096640789637,76,7.6,27,0,2703,2709,0.977145761883,0.986349646610,75,7.5,25,1,2555,2547,0.762388451579,0.750116605276,76,7.6,27,1,2602,2598,0.806873894428,0.800737971276,75,7.5,27,1,2073,2070,0.010737865515,0.006135923152,75,7.5,26,0
399,2026-09-05T05:42:20.306613+00:00,175701546000000,175701578000000,22.016000000,post_roll_hold,49,0,2089,2086,0.101242732000,0.096640789637,76,7.6,27,1,2703,2709,0.977145761883,0.986349646610,75,7.5,25,1,2555,2547,0.762388451579,0.750116605276,76,7.6,27,2,2602,2598,0.806873894428,0.800737971276,75,7.5,30,1,2073,2070,0.010737865515,0.006135923152,75,7.5,26,1
400,2026-09-05T05:42:20.346821+00:00,175701593000000,175701625000000,22.063000000,post_roll_hold,49,0,2089,2086,0.101242732000,0.096640789637,76,7.6,27,1,2703,2709,0.977145761883,0.986349646610,75,7.5,25,1,2555,2547,0.762388451579,0.750116605276,76,7.6,27,1,2602,2598,0.806873894428,0.800737971276,75,7.5,27,1,2073,2070,0.010737865515,0.006135923152,75,7.5,26,1
