sample_index,host_utc,read_start_monotonic_ns,read_end_monotonic_ns,elapsed_s,phase,segment_index,read_retry_count,j1_position_raw,j1_target_raw,j1_position_rad,j1_target_rad,j1_voltage_raw,j1_voltage_v,j1_temperature_c,j1_current_raw,j2_position_raw,j2_target_raw,j2_position_rad,j2_target_rad,j2_voltage_raw,j2_voltage_v,j2_temperature_c,j2_current_raw,j3_position_raw,j3_target_raw,j3_position_rad,j3_target_rad,j3_voltage_raw,j3_voltage_v,j3_temperature_c,j3_current_raw,j4_position_raw,j4_target_raw,j4_position_rad,j4_target_rad,j4_voltage_raw,j4_voltage_v,j4_temperature_c,j4_current_raw,j5_position_raw,j5_target_raw,j5_position_rad,j5_target_rad,j5_voltage_raw,j5_voltage_v,j5_temperature_c,j5_current_raw
0,2026-09-05T05:22:13.276333+00:00,174494515000000,174494546000000,0.046000000,start_alignment,-1,0,2089,2089,0.101242732000,0.101242732000,76,7.6,27,0,2641,2641,0.882038953034,0.882038953034,75,7.5,26,1,2606,2606,0.840621471761,0.840621471761,76,7.6,27,0,2726,2726,0.997087512126,0.997087512126,75,7.5,27,3,2074,2074,0.012271846303,0.012271846303,76,7.6,26,1
1,2026-09-05T05:22:13.312485+00:00,174494562000000,174494593000000,0.093000000,start_alignment,-1,0,2089,2089,0.101242732000,0.101242732000,76,7.6,27,0,2641,2641,0.882038953034,0.882038953034,75,7.5,26,1,2606,2606,0.840621471761,0.840621471761,76,7.6,27,0,2726,2725,0.997087512126,0.995553531338,75,7.5,27,2,2074,2074,0.012271846303,0.012271846303,75,7.5,26,1
2,2026-09-05T05:22:13.370399+00:00,174494609000000,174494640000000,0.140000000,start_alignment,-1,0,2089,2089,0.101242732000,0.101242732000,76,7.6,27,0,2641,2641,0.882038953034,0.882038953034,75,7.5,26,1,2606,2607,0.840621471761,0.842155452549,76,7.6,27,0,2726,2724,0.997087512126,0.994019550550,75,7.5,27,2,2074,2074,0.012271846303,0.012271846303,76,7.6,26,0
3,2026-09-05T05:22:13.580879+00:00,174494812000000,174494859000000,0.359000000,online_inference,0,0,2089,2089,0.101242732000,0.101242732000,76,7.6,27,0,2641,2641,0.882038953034,0.882038953034,75,7.5,26,0,2606,2607,0.840621471761,0.842155452549,76,7.6,27,0,2726,2723,0.997087512126,0.992485569762,75,7.5,27,0,2074,2074,0.012271846303,0.012271846303,75,7.5,26,0
4,2026-09-05T05:22:13.646913+00:00,174494875000000,174494921000000,0.421000000,online_inference,0,0,2089,2089,0.101242732000,0.101242732000,76,7.6,27,0,2641,2641,0.882038953034,0.882038953034,75,7.5,26,0,2606,2607,0.840621471761,0.842155452549,76,7.6,27,0,2724,2723,0.994019550550,0.992485569762,75,7.5,27,0,2074,2074,0.012271846303,0.012271846303,76,7.6,26,0
5,2026-09-05T05:22:13.706538+00:00,174494937000000,174494984000000,0.484000000,online_inference,0,0,2089,2089,0.101242732000,0.101242732000,76,7.6,27,0,2641,2641,0.882038953034,0.882038953034,75,7.5,26,0,2606,2607,0.840621471761,0.842155452549,76,7.6,27,0,2724,2723,0.994019550550,0.992485569762,75,7.5,27,0,2074,2074,0.012271846303,0.012271846303,76,7.6,26,0
6,2026-09-05T05:22:13.763425+00:00,174495000000000,174495031000000,0.531000000,online_inference,0,0,2089,2089,0.101242732000,0.101242732000,76,7.6,27,0,2641,2641,0.882038953034,0.882038953034,75,7.5,26,0,2606,2607,0.840621471761,0.842155452549,76,7.6,27,0,2724,2723,0.994019550550,0.992485569762,75,7.5,27,0,2074,2074,0.012271846303,0.012271846303,76,7.6,26,0
7,2026-09-05T05:22:13.825980+00:00,174495046000000,174495093000000,0.593000000,online_inference,0,0,2089,2089,0.101242732000,0.101242732000,76,7.6,27,0,2641,2641,0.882038953034,0.882038953034,75,7.5,26,0,2606,2607,0.840621471761,0.842155452549,76,7.6,27,0,2724,2723,0.994019550550,0.992485569762,75,7.5,27,0,2074,2074,0.012271846303,0.012271846303,76,7.6,26,0
8,2026-09-05T05:22:13.898053+00:00,174495125000000,174495171000000,0.671000000,online_inference,0,0,2089,2089,0.101242732000,0.101242732000,76,7.6,27,0,2641,2641,0.882038953034,0.882038953034,75,7.5,26,0,2606,2607,0.840621471761,0.842155452549,76,7.6,27,0,2724,2723,0.994019550550,0.992485569762,75,7.5,27,0,2074,2074,0.012271846303,0.012271846303,76,7.6,26,0
9,2026-09-05T05:22:13.947899+00:00,174495187000000,174495218000000,0.718000000,online_inference,0,0,2089,2089,0.101242732000,0.101242732000,76,7.6,27,0,2641,2641,0.882038953034,0.882038953034,75,7.5,26,0,2606,2607,0.840621471761,0.842155452549,76,7.6,27,0,2724,2723,0.994019550550,0.992485569762,75,7.5,27,0,2074,2074,0.012271846303,0.012271846303,75,7.5,26,0
10,2026-09-05T05:22:14.006367+00:00,174495234000000,174495281000000,0.781000000,online_inference,0,0,2089,2089,0.101242732000,0.101242732000,76,7.6,27,0,2641,2641,0.882038953034,0.882038953034,75,7.5,26,0,2606,2607,0.840621471761,0.842155452549,76,7.6,27,0,2724,2723,0.994019550550,0.992485569762,75,7.5,27,0,2074,2074,0.012271846303,0.012271846303,76,7.6,26,0
11,2026-09-05T05:22:14.068344+00:00,174495296000000,174495343000000,0.843000000,online_inference,0,0,2089,2089,0.101242732000,0.101242732000,76,7.6,27,0,2641,2641,0.882038953034,0.882038953034,75,7.5,26,0,2606,2607,0.840621471761,0.842155452549,76,7.6,27,0,2724,2723,0.994019550550,0.992485569762,75,7.5,27,0,2074,2074,0.012271846303,0.012271846303,75,7.5,26,0
12,2026-09-05T05:22:14.121912+00:00,174495359000000,174495390000000,0.890000000,online_inference,0,0,2089,2089,0.101242732000,0.101242732000,76,7.6,27,0,2641,2641,0.882038953034,0.882038953034,75,7.5,26,0,2606,2607,0.840621471761,0.842155452549,76,7.6,27,0,2724,2723,0.994019550550,0.992485569762,75,7.5,27,0,2074,2074,0.012271846303,0.012271846303,76,7.6,26,0
13,2026-09-05T05:22:14.179977+00:00,174495406000000,174495453000000,0.953000000,online_inference,0,0,2089,2089,0.101242732000,0.101242732000,76,7.6,27,0,2641,2641,0.882038953034,0.882038953034,75,7.5,26,0,2606,2607,0.840621471761,0.842155452549,76,7.6,27,0,2724,2723,0.994019550550,0.992485569762,75,7.5,27,0,2074,2074,0.012271846303,0.012271846303,76,7.6,26,0
14,2026-09-05T05:22:14.231540+00:00,174495468000000,174495500000000,1.000000000,online_inference,0,0,2089,2089,0.101242732000,0.101242732000,76,7.6,27,0,2641,2641,0.882038953034,0.882038953034,75,7.5,26,0,2606,2607,0.840621471761,0.842155452549,76,7.6,27,0,2724,2723,0.994019550550,0.992485569762,75,7.5,27,0,2074,2074,0.012271846303,0.012271846303,76,7.6,26,0
15,2026-09-05T05:22:14.298518+00:00,174495515000000,174495578000000,1.078000000,online_inference,0,0,2089,2089,0.101242732000,0.101242732000,76,7.6,27,0,2641,2641,0.882038953034,0.882038953034,75,7.5,26,0,2606,2607,0.840621471761,0.842155452549,76,7.6,27,0,2724,2723,0.994019550550,0.992485569762,75,7.5,27,1,2074,2074,0.012271846303,0.012271846303,76,7.6,26,0
16,2026-09-05T05:22:14.360694+00:00,174495593000000,174495640000000,1.140000000,online_inference,0,0,2089,2089,0.101242732000,0.101242732000,76,7.6,27,0,2641,2641,0.882038953034,0.882038953034,75,7.5,26,0,2606,2607,0.840621471761,0.842155452549,76,7.6,27,1,2724,2723,0.994019550550,0.992485569762,75,7.5,27,0,2074,2074,0.012271846303,0.012271846303,76,7.6,26,0
17,2026-09-05T05:22:14.428595+00:00,174495656000000,174495703000000,1.203000000,online_inference,0,0,2089,2089,0.101242732000,0.101242732000,76,7.6,27,0,2641,2641,0.882038953034,0.882038953034,75,7.5,26,0,2606,2607,0.840621471761,0.842155452549,76,7.6,27,0,2724,2723,0.994019550550,0.992485569762,75,7.5,27,0,2074,2074,0.012271846303,0.012271846303,76,7.6,26,0
18,2026-09-05T05:22:14.489613+00:00,174495718000000,174495765000000,1.265000000,online_inference,0,0,2089,2089,0.101242732000,0.101242732000,76,7.6,27,0,2641,2641,0.882038953034,0.882038953034,75,7.5,26,0,2606,2607,0.840621471761,0.842155452549,76,7.6,27,0,2724,2723,0.994019550550,0.992485569762,75,7.5,27,0,2074,2074,0.012271846303,0.012271846303,76,7.6,26,0
19,2026-09-05T05:22:14.554552+00:00,174495781000000,174495828000000,1.328000000,online_inference,0,0,2089,2089,0.101242732000,0.101242732000,76,7.6,27,0,2641,2641,0.882038953034,0.882038953034,75,7.5,26,0,2606,2607,0.840621471761,0.842155452549,76,7.6,27,0,2724,2723,0.994019550550,0.992485569762,75,7.5,27,0,2074,2074,0.012271846303,0.012271846303,76,7.6,26,0
20,2026-09-05T05:22:14.618720+00:00,174495843000000,174495890000000,1.390000000,online_inference,0,0,2089,2089,0.101242732000,0.101242732000,76,7.6,27,0,2641,2641,0.882038953034,0.882038953034,75,7.5,26,0,2606,2607,0.840621471761,0.842155452549,76,7.6,27,0,2724,2723,0.994019550550,0.992485569762,75,7.5,27,0,2074,2074,0.012271846303,0.012271846303,76,7.6,26,0
21,2026-09-05T05:22:14.678786+00:00,174495906000000,174495953000000,1.453000000,online_inference,0,0,2089,2089,0.101242732000,0.101242732000,76,7.6,27,0,2641,2641,0.882038953034,0.882038953034,75,7.5,26,0,2606,2607,0.840621471761,0.842155452549,76,7.6,27,0,2724,2723,0.994019550550,0.992485569762,75,7.5,27,0,2074,2074,0.012271846303,0.012271846303,76,7.6,26,0
22,2026-09-05T05:22:14.740371+00:00,174495968000000,174496015000000,1.515000000,online_inference,0,0,2089,2089,0.101242732000,0.101242732000,76,7.6,27,0,2641,2641,0.882038953034,0.882038953034,75,7.5,26,0,2606,2607,0.840621471761,0.842155452549,76,7.6,27,0,2724,2723,0.994019550550,0.992485569762,75,7.5,27,0,2074,2074,0.012271846303,0.012271846303,76,7.6,26,0
23,2026-09-05T05:22:14.794523+00:00,174496031000000,174496062000000,1.562000000,online_inference,0,0,2089,2089,0.101242732000,0.101242732000,76,7.6,27,0,2641,2641,0.882038953034,0.882038953034,75,7.5,26,0,2606,2607,0.840621471761,0.842155452549,76,7.6,27,0,2724,2723,0.994019550550,0.992485569762,75,7.5,27,0,2074,2074,0.012271846303,0.012271846303,76,7.6,26,0
24,2026-09-05T05:22:14.851907+00:00,174496078000000,174496125000000,1.625000000,online_inference,0,0,2089,2089,0.101242732000,0.101242732000,76,7.6,27,0,2641,2641,0.882038953034,0.882038953034,75,7.5,26,0,2606,2607,0.840621471761,0.842155452549,76,7.6,27,0,2724,2723,0.994019550550,0.992485569762,75,7.5,27,0,2074,2074,0.012271846303,0.012271846303,76,7.6,26,0
25,2026-09-05T05:22:14.896412+00:00,174496140000000,174496171000000,1.671000000,online_inference,0,0,2089,2089,0.101242732000,0.101242732000,76,7.6,27,0,2641,2641,0.882038953034,0.882038953034,75,7.5,26,0,2606,2607,0.840621471761,0.842155452549,76,7.6,27,0,2724,2723,0.994019550550,0.992485569762,75,7.5,27,0,2074,2074,0.012271846303,0.012271846303,75,7.5,26,0
26,2026-09-05T05:22:14.962866+00:00,174496187000000,174496234000000,1.734000000,online_inference,0,0,2089,2089,0.101242732000,0.101242732000,76,7.6,27,0,2641,2641,0.882038953034,0.882038953034,75,7.5,26,0,2606,2607,0.840621471761,0.842155452549,76,7.6,27,0,2724,2723,0.994019550550,0.992485569762,75,7.5,27,0,2074,2074,0.012271846303,0.012271846303,76,7.6,26,0
27,2026-09-05T05:22:15.018409+00:00,174496250000000,174496296000000,1.796000000,online_inference,0,0,2089,2089,0.101242732000,0.101242732000,76,7.6,27,0,2641,2641,0.882038953034,0.882038953034,75,7.5,26,0,2606,2607,0.840621471761,0.842155452549,76,7.6,27,0,2724,2723,0.994019550550,0.992485569762,75,7.5,27,0,2074,2074,0.012271846303,0.012271846303,76,7.6,26,0
28,2026-09-05T05:22:15.083368+00:00,174496312000000,174496359000000,1.859000000,online_inference,0,0,2089,2089,0.101242732000,0.101242732000,76,7.6,27,0,2641,2641,0.882038953034,0.882038953034,75,7.5,26,0,2606,2607,0.840621471761,0.842155452549,76,7.6,27,0,2724,2723,0.994019550550,0.992485569762,75,7.5,27,0,2074,2074,0.012271846303,0.012271846303,75,7.5,26,0
29,2026-09-05T05:22:15.145924+00:00,174496375000000,174496421000000,1.921000000,online_inference,0,0,2089,2089,0.101242732000,0.101242732000,76,7.6,27,0,2641,2641,0.882038953034,0.882038953034,75,7.5,26,0,2606,2607,0.840621471761,0.842155452549,76,7.6,27,0,2724,2723,0.994019550550,0.992485569762,75,7.5,27,0,2074,2074,0.012271846303,0.012271846303,76,7.6,26,0
30,2026-09-05T05:22:15.215015+00:00,174496437000000,174496484000000,1.984000000,online_inference,0,0,2089,2089,0.101242732000,0.101242732000,76,7.6,27,0,2641,2641,0.882038953034,0.882038953034,75,7.5,26,0,2606,2607,0.840621471761,0.842155452549,76,7.6,27,0,2724,2723,0.994019550550,0.992485569762,75,7.5,27,0,2074,2074,0.012271846303,0.012271846303,76,7.6,26,0
31,2026-09-05T05:22:15.265948+00:00,174496500000000,174496546000000,2.046000000,online_inference,0,0,2089,2089,0.101242732000,0.101242732000,76,7.6,27,0,2641,2641,0.882038953034,0.882038953034,75,7.5,26,0,2606,2607,0.840621471761,0.842155452549,76,7.6,27,0,2724,2723,0.994019550550,0.992485569762,75,7.5,27,0,2074,2074,0.012271846303,0.012271846303,76,7.6,26,0
32,2026-09-05T05:22:15.337864+00:00,174496562000000,174496609000000,2.109000000,online_inference,0,0,2089,2089,0.101242732000,0.101242732000,76,7.6,27,0,2641,2641,0.882038953034,0.882038953034,75,7.5,26,0,2606,2607,0.840621471761,0.842155452549,76,7.6,27,0,2724,2723,0.994019550550,0.992485569762,75,7.5,27,0,2074,2074,0.012271846303,0.012271846303,76,7.6,26,0
33,2026-09-05T05:22:15.393778+00:00,174496625000000,174496671000000,2.171000000,online_inference,0,0,2089,2089,0.101242732000,0.101242732000,76,7.6,27,0,2641,2641,0.882038953034,0.882038953034,75,7.5,26,0,2606,2607,0.840621471761,0.842155452549,76,7.6,27,0,2724,2723,0.994019550550,0.992485569762,75,7.5,27,0,2074,2074,0.012271846303,0.012271846303,76,7.6,26,0
34,2026-09-05T05:22:15.460018+00:00,174496687000000,174496734000000,2.234000000,online_inference,0,0,2089,2089,0.101242732000,0.101242732000,76,7.6,27,0,2641,2641,0.882038953034,0.882038953034,75,7.5,26,0,2606,2607,0.840621471761,0.842155452549,76,7.6,27,0,2724,2723,0.994019550550,0.992485569762,75,7.5,27,0,2074,2074,0.012271846303,0.012271846303,76,7.6,26,0
35,2026-09-05T05:22:15.521010+00:00,174496750000000,174496796000000,2.296000000,online_inference,0,0,2089,2089,0.101242732000,0.101242732000,76,7.6,27,0,2641,2641,0.882038953034,0.882038953034,75,7.5,26,0,2606,2607,0.840621471761,0.842155452549,76,7.6,27,0,2724,2723,0.994019550550,0.992485569762,75,7.5,27,0,2074,2074,0.012271846303,0.012271846303,76,7.6,26,0
36,2026-09-05T05:22:15.582086+00:00,174496812000000,174496859000000,2.359000000,online_inference,0,0,2089,2089,0.101242732000,0.101242732000,76,7.6,27,0,2641,2641,0.882038953034,0.882038953034,75,7.5,26,0,2606,2607,0.840621471761,0.842155452549,76,7.6,27,0,2724,2723,0.994019550550,0.992485569762,75,7.5,27,0,2074,2074,0.012271846303,0.012271846303,76,7.6,26,0
37,2026-09-05T05:22:15.662754+00:00,174496890000000,174496937000000,2.437000000,online_inference,0,0,2089,2089,0.101242732000,0.101242732000,76,7.6,27,0,2641,2641,0.882038953034,0.882038953034,75,7.5,26,0,2606,2607,0.840621471761,0.842155452549,76,7.6,27,0,2724,2723,0.994019550550,0.992485569762,75,7.5,27,0,2074,2074,0.012271846303,0.012271846303,76,7.6,26,0
38,2026-09-05T05:22:15.718898+00:00,174496953000000,174497000000000,2.500000000,online_inference,0,0,2089,2089,0.101242732000,0.101242732000,76,7.6,27,0,2641,2641,0.882038953034,0.882038953034,75,7.5,26,0,2606,2607,0.840621471761,0.842155452549,76,7.6,27,0,2724,2723,0.994019550550,0.992485569762,75,7.5,27,0,2074,2074,0.012271846303,0.012271846303,76,7.6,26,0
39,2026-09-05T05:22:15.786374+00:00,174497015000000,174497062000000,2.562000000,online_inference,0,0,2089,2089,0.101242732000,0.101242732000,76,7.6,27,0,2641,2641,0.882038953034,0.882038953034,75,7.5,26,0,2606,2607,0.840621471761,0.842155452549,76,7.6,27,0,2724,2723,0.994019550550,0.992485569762,75,7.5,27,0,2074,2074,0.012271846303,0.012271846303,76,7.6,26,0
40,2026-09-05T05:22:15.836349+00:00,174497078000000,174497109000000,2.609000000,online_inference,0,0,2089,2089,0.101242732000,0.101242732000,76,7.6,27,0,2641,2641,0.882038953034,0.882038953034,75,7.5,26,0,2606,2607,0.840621471761,0.842155452549,76,7.6,27,0,2724,2723,0.994019550550,0.992485569762,75,7.5,27,0,2074,2074,0.012271846303,0.012271846303,76,7.6,26,0
41,2026-09-05T05:22:15.901325+00:00,174497125000000,174497171000000,2.671000000,online_inference,0,0,2089,2089,0.101242732000,0.101242732000,76,7.6,27,0,2641,2641,0.882038953034,0.882038953034,75,7.5,26,0,2606,2607,0.840621471761,0.842155452549,76,7.6,27,0,2724,2723,0.994019550550,0.992485569762,75,7.5,27,0,2074,2074,0.012271846303,0.012271846303,76,7.6,26,0
42,2026-09-05T05:22:15.948314+00:00,174497187000000,174497218000000,2.718000000,online_inference,0,0,2089,2089,0.101242732000,0.101242732000,76,7.6,27,0,2641,2641,0.882038953034,0.882038953034,75,7.5,26,0,2606,2607,0.840621471761,0.842155452549,76,7.6,27,0,2724,2723,0.994019550550,0.992485569762,75,7.5,27,0,2074,2074,0.012271846303,0.012271846303,76,7.6,26,0
43,2026-09-05T05:22:16.009364+00:00,174497234000000,174497281000000,2.781000000,online_inference,0,0,2089,2089,0.101242732000,0.101242732000,76,7.6,27,0,2641,2641,0.882038953034,0.882038953034,75,7.5,26,0,2606,2607,0.840621471761,0.842155452549,76,7.6,27,0,2724,2723,0.994019550550,0.992485569762,75,7.5,27,0,2074,2074,0.012271846303,0.012271846303,75,7.5,26,0
44,2026-09-05T05:22:16.067432+00:00,174497296000000,174497343000000,2.843000000,online_inference,0,0,2089,2089,0.101242732000,0.101242732000,76,7.6,27,0,2641,2641,0.882038953034,0.882038953034,75,7.5,26,0,2606,2607,0.840621471761,0.842155452549,76,7.6,27,0,2724,2723,0.994019550550,0.992485569762,75,7.5,27,0,2074,2074,0.012271846303,0.012271846303,76,7.6,26,0
45,2026-09-05T05:22:16.140655+00:00,174497359000000,174497421000000,2.921000000,online_inference,0,0,2089,2089,0.101242732000,0.101242732000,76,7.6,27,0,2641,2641,0.882038953034,0.882038953034,75,7.5,26,0,2606,2607,0.840621471761,0.842155452549,76,7.6,27,0,2724,2723,0.994019550550,0.992485569762,75,7.5,27,0,2074,2074,0.012271846303,0.012271846303,75,7.5,26,0
46,2026-09-05T05:22:16.208077+00:00,174497437000000,174497484000000,2.984000000,online_inference,0,0,2089,2089,0.101242732000,0.101242732000,76,7.6,27,0,2641,2641,0.882038953034,0.882038953034,75,7.5,26,0,2606,2607,0.840621471761,0.842155452549,76,7.6,27,0,2724,2723,0.994019550550,0.992485569762,75,7.5,27,0,2074,2074,0.012271846303,0.012271846303,76,7.6,26,0
47,2026-09-05T05:22:16.272575+00:00,174497500000000,174497546000000,3.046000000,online_inference,0,0,2089,2089,0.101242732000,0.101242732000,76,7.6,27,0,2641,2641,0.882038953034,0.882038953034,75,7.5,26,0,2606,2607,0.840621471761,0.842155452549,76,7.6,27,0,2724,2723,0.994019550550,0.992485569762,75,7.5,27,0,2074,2074,0.012271846303,0.012271846303,76,7.6,26,0
48,2026-09-05T05:22:16.326457+00:00,174497562000000,174497593000000,3.093000000,online_inference,0,0,2089,2089,0.101242732000,0.101242732000,76,7.6,27,0,2641,2641,0.882038953034,0.882038953034,75,7.5,26,0,2606,2607,0.840621471761,0.842155452549,76,7.6,27,0,2724,2723,0.994019550550,0.992485569762,75,7.5,27,0,2074,2074,0.012271846303,0.012271846303,75,7.5,26,0
49,2026-09-05T05:22:16.373075+00:00,174497609000000,174497640000000,3.140000000,online_inference,0,0,2089,2089,0.101242732000,0.101242732000,76,7.6,27,0,2641,2641,0.882038953034,0.882038953034,75,7.5,26,0,2606,2607,0.840621471761,0.842155452549,76,7.6,27,0,2724,2723,0.994019550550,0.992485569762,75,7.5,27,0,2074,2074,0.012271846303,0.012271846303,76,7.6,26,0
50,2026-09-05T05:22:16.430054+00:00,174497656000000,174497703000000,3.203000000,online_inference,0,0,2089,2089,0.101242732000,0.101242732000,76,7.6,27,0,2641,2641,0.882038953034,0.882038953034,75,7.5,26,0,2606,2607,0.840621471761,0.842155452549,76,7.6,27,0,2724,2723,0.994019550550,0.992485569762,75,7.5,27,0,2074,2074,0.012271846303,0.012271846303,76,7.6,26,0
51,2026-09-05T05:22:16.486537+00:00,174497718000000,174497765000000,3.265000000,online_inference,0,0,2089,2089,0.101242732000,0.101242732000,76,7.6,27,0,2641,2641,0.882038953034,0.882038953034,75,7.5,26,0,2606,2607,0.840621471761,0.842155452549,76,7.6,27,0,2724,2723,0.994019550550,0.992485569762,75,7.5,27,0,2074,2074,0.012271846303,0.012271846303,76,7.6,26,0
52,2026-09-05T05:22:16.566197+00:00,174497781000000,174497843000000,3.343000000,online_inference,0,0,2089,2089,0.101242732000,0.101242732000,76,7.6,27,0,2641,2641,0.882038953034,0.882038953034,75,7.5,26,0,2606,2607,0.840621471761,0.842155452549,76,7.6,27,0,2724,2723,0.994019550550,0.992485569762,75,7.5,27,0,2074,2074,0.012271846303,0.012271846303,76,7.6,26,0
53,2026-09-05T05:22:16.633256+00:00,174497859000000,174497906000000,3.406000000,online_inference,0,0,2089,2089,0.101242732000,0.101242732000,76,7.6,27,0,2641,2641,0.882038953034,0.882038953034,75,7.5,26,0,2606,2607,0.840621471761,0.842155452549,76,7.6,27,0,2724,2723,0.994019550550,0.992485569762,75,7.5,27,0,2074,2074,0.012271846303,0.012271846303,76,7.6,26,0
54,2026-09-05T05:22:16.685177+00:00,174497921000000,174497953000000,3.453000000,online_inference,0,0,2089,2089,0.101242732000,0.101242732000,76,7.6,27,0,2641,2641,0.882038953034,0.882038953034,75,7.5,26,0,2606,2607,0.840621471761,0.842155452549,76,7.6,27,0,2724,2723,0.994019550550,0.992485569762,75,7.5,27,0,2074,2074,0.012271846303,0.012271846303,76,7.6,26,0
55,2026-09-05T05:22:16.753260+00:00,174497984000000,174498031000000,3.531000000,online_inference,0,0,2089,2089,0.101242732000,0.101242732000,76,7.6,27,0,2641,2641,0.882038953034,0.882038953034,75,7.5,26,0,2606,2607,0.840621471761,0.842155452549,76,7.6,27,0,2724,2723,0.994019550550,0.992485569762,75,7.5,27,0,2074,2074,0.012271846303,0.012271846303,76,7.6,26,0
56,2026-09-05T05:22:16.817964+00:00,174498046000000,174498093000000,3.593000000,online_inference,0,0,2089,2089,0.101242732000,0.101242732000,76,7.6,27,0,2641,2641,0.882038953034,0.882038953034,75,7.5,26,0,2606,2607,0.840621471761,0.842155452549,76,7.6,27,0,2724,2723,0.994019550550,0.992485569762,75,7.5,27,0,2074,2074,0.012271846303,0.012271846303,76,7.6,26,0
57,2026-09-05T05:22:16.866275+00:00,174498109000000,174498140000000,3.640000000,online_inference,0,0,2089,2089,0.101242732000,0.101242732000,76,7.6,27,0,2641,2641,0.882038953034,0.882038953034,75,7.5,26,0,2606,2607,0.840621471761,0.842155452549,76,7.6,27,0,2724,2723,0.994019550550,0.992485569762,75,7.5,27,0,2074,2074,0.012271846303,0.012271846303,76,7.6,26,0
58,2026-09-05T05:22:16.937723+00:00,174498156000000,174498218000000,3.718000000,online_inference,0,0,2089,2089,0.101242732000,0.101242732000,76,7.6,27,0,2641,2641,0.882038953034,0.882038953034,75,7.5,26,0,2606,2607,0.840621471761,0.842155452549,76,7.6,27,0,2724,2723,0.994019550550,0.992485569762,75,7.5,27,0,2074,2074,0.012271846303,0.012271846303,75,7.5,26,0
59,2026-09-05T05:22:16.997145+00:00,174498234000000,174498265000000,3.765000000,online_inference,0,0,2089,2089,0.101242732000,0.101242732000,76,7.6,27,0,2641,2641,0.882038953034,0.882038953034,75,7.5,26,0,2606,2607,0.840621471761,0.842155452549,76,7.6,27,0,2724,2723,0.994019550550,0.992485569762,75,7.5,27,0,2074,2074,0.012271846303,0.012271846303,76,7.6,26,0
60,2026-09-05T05:22:17.056132+00:00,174498281000000,174498328000000,3.828000000,online_inference,0,0,2089,2089,0.101242732000,0.101242732000,76,7.6,27,0,2641,2641,0.882038953034,0.882038953034,75,7.5,26,0,2606,2607,0.840621471761,0.842155452549,76,7.6,27,0,2724,2723,0.994019550550,0.992485569762,75,7.5,27,0,2074,2074,0.012271846303,0.012271846303,76,7.6,26,0
61,2026-09-05T05:22:17.110794+00:00,174498343000000,174498390000000,3.890000000,online_inference,0,0,2089,2089,0.101242732000,0.101242732000,76,7.6,27,0,2641,2641,0.882038953034,0.882038953034,75,7.5,26,0,2606,2607,0.840621471761,0.842155452549,76,7.6,27,0,2724,2723,0.994019550550,0.992485569762,75,7.5,27,0,2074,2074,0.012271846303,0.012271846303,76,7.6,26,0
62,2026-09-05T05:22:17.174295+00:00,174498406000000,174498453000000,3.953000000,online_inference,0,0,2089,2089,0.101242732000,0.101242732000,76,7.6,27,0,2641,2641,0.882038953034,0.882038953034,75,7.5,26,0,2606,2607,0.840621471761,0.842155452549,76,7.6,27,0,2724,2723,0.994019550550,0.992485569762,75,7.5,27,0,2074,2074,0.012271846303,0.012271846303,75,7.5,26,0
63,2026-09-05T05:22:17.230685+00:00,174498468000000,174498500000000,4.000000000,online_inference,0,0,2089,2089,0.101242732000,0.101242732000,76,7.6,27,0,2641,2641,0.882038953034,0.882038953034,75,7.5,26,0,2606,2607,0.840621471761,0.842155452549,76,7.6,27,0,2724,2723,0.994019550550,0.992485569762,75,7.5,27,0,2074,2074,0.012271846303,0.012271846303,76,7.6,26,0
64,2026-09-05T05:22:17.302503+00:00,174498515000000,174498578000000,4.078000000,online_inference,0,0,2089,2089,0.101242732000,0.101242732000,76,7.6,27,0,2641,2641,0.882038953034,0.882038953034,75,7.5,26,0,2606,2607,0.840621471761,0.842155452549,76,7.6,27,0,2724,2723,0.994019550550,0.992485569762,75,7.5,27,0,2074,2074,0.012271846303,0.012271846303,76,7.6,26,0
65,2026-09-05T05:22:17.361577+00:00,174498593000000,174498640000000,4.140000000,online_inference,0,0,2089,2089,0.101242732000,0.101242732000,76,7.6,27,0,2641,2641,0.882038953034,0.882038953034,75,7.5,26,0,2606,2607,0.840621471761,0.842155452549,76,7.6,27,0,2724,2723,0.994019550550,0.992485569762,75,7.5,27,0,2074,2074,0.012271846303,0.012271846303,76,7.6,26,0
66,2026-09-05T05:22:17.422120+00:00,174498656000000,174498703000000,4.203000000,online_inference,0,0,2089,2089,0.101242732000,0.101242732000,76,7.6,27,0,2641,2641,0.882038953034,0.882038953034,75,7.5,26,0,2606,2607,0.840621471761,0.842155452549,76,7.6,27,0,2724,2723,0.994019550550,0.992485569762,75,7.5,27,0,2074,2074,0.012271846303,0.012271846303,76,7.6,26,0
67,2026-09-05T05:22:17.487327+00:00,174498718000000,174498765000000,4.265000000,online_inference,0,0,2089,2089,0.101242732000,0.101242732000,76,7.6,27,0,2641,2641,0.882038953034,0.882038953034,75,7.5,26,0,2606,2607,0.840621471761,0.842155452549,76,7.6,27,0,2724,2723,0.994019550550,0.992485569762,75,7.5,27,0,2074,2074,0.012271846303,0.012271846303,76,7.6,26,0
68,2026-09-05T05:22:17.543711+00:00,174498781000000,174498812000000,4.312000000,online_inference,0,0,2089,2089,0.101242732000,0.101242732000,76,7.6,27,0,2641,2641,0.882038953034,0.882038953034,75,7.5,26,0,2606,2607,0.840621471761,0.842155452549,76,7.6,27,0,2724,2723,0.994019550550,0.992485569762,75,7.5,27,0,2074,2074,0.012271846303,0.012271846303,76,7.6,26,0
69,2026-09-05T05:22:17.601109+00:00,174498828000000,174498875000000,4.375000000,online_archive,0,0,2089,2089,0.101242732000,0.101242732000,76,7.6,27,0,2641,2641,0.882038953034,0.882038953034,75,7.5,26,0,2606,2607,0.840621471761,0.842155452549,76,7.6,27,0,2724,2723,0.994019550550,0.992485569762,75,7.5,27,0,2074,2074,0.012271846303,0.012271846303,75,7.5,26,0
70,2026-09-05T05:22:17.656756+00:00,174498890000000,174498937000000,4.437000000,online_archive,0,0,2089,2089,0.101242732000,0.101242732000,76,7.6,27,0,2641,2641,0.882038953034,0.882038953034,75,7.5,26,0,2606,2607,0.840621471761,0.842155452549,76,7.6,27,0,2724,2723,0.994019550550,0.992485569762,75,7.5,27,0,2074,2074,0.012271846303,0.012271846303,76,7.6,26,0
71,2026-09-05T05:22:17.746892+00:00,174498968000000,174499015000000,4.515000000,fixed_trajectory,0,0,2089,2089,0.101242732000,0.101242732000,76,7.6,27,0,2641,2641,0.882038953034,0.882038953034,75,7.5,26,0,2606,2607,0.840621471761,0.842155452549,76,7.6,27,0,2724,2723,0.994019550550,0.992485569762,75,7.5,27,0,2074,2074,0.012271846303,0.012271846303,76,7.6,26,0
72,2026-09-05T05:22:17.947512+00:00,174499171000000,174499218000000,4.718000000,fixed_trajectory,0,0,2089,2088,0.101242732000,0.099708751213,76,7.6,27,0,2641,2641,0.882038953034,0.882038953034,75,7.5,26,0,2606,2607,0.840621471761,0.842155452549,76,7.6,27,0,2722,2722,0.990951588974,0.990951588974,75,7.5,27,0,2074,2074,0.012271846303,0.012271846303,75,7.5,26,0
73,2026-09-05T05:22:17.986251+00:00,174499234000000,174499265000000,4.765000000,fixed_trajectory,0,0,2089,2088,0.101242732000,0.099708751213,76,7.6,27,0,2641,2642,0.882038953034,0.883572933822,75,7.5,26,0,2606,2607,0.840621471761,0.842155452549,76,7.6,27,0,2722,2721,0.990951588974,0.989417608186,75,7.5,27,0,2074,2073,0.012271846303,0.010737865515,75,7.5,26,0
74,2026-09-05T05:22:18.045770+00:00,174499281000000,174499328000000,4.828000000,fixed_trajectory,0,0,2089,2087,0.101242732000,0.098174770425,76,7.6,27,1,2641,2642,0.882038953034,0.883572933822,75,7.5,26,0,2606,2607,0.840621471761,0.842155452549,76,7.6,27,0,2722,2720,0.990951588974,0.987883627398,75,7.5,27,0,2074,2073,0.012271846303,0.010737865515,76,7.6,26,0
75,2026-09-05T05:22:18.105066+00:00,174499343000000,174499375000000,4.875000000,online_observation,0,0,2089,2087,0.101242732000,0.098174770425,76,7.6,27,1,2641,2642,0.882038953034,0.883572933822,75,7.5,26,0,2606,2607,0.840621471761,0.842155452549,76,7.6,27,0,2722,2719,0.990951588974,0.986349646610,75,7.5,27,0,2074,2073,0.012271846303,0.010737865515,76,7.6,26,0
76,2026-09-05T05:22:18.149004+00:00,174499390000000,174499421000000,4.921000000,online_observation,0,0,2089,2087,0.101242732000,0.098174770425,76,7.6,27,1,2641,2642,0.882038953034,0.883572933822,75,7.5,26,0,2606,2607,0.840621471761,0.842155452549,76,7.6,27,0,2722,2719,0.990951588974,0.986349646610,75,7.5,27,0,2074,2073,0.012271846303,0.010737865515,76,7.6,26,0
77,2026-09-05T05:22:18.199165+00:00,174499437000000,174499468000000,4.968000000,online_observation,0,0,2089,2087,0.101242732000,0.098174770425,76,7.6,27,1,2641,2642,0.882038953034,0.883572933822,75,7.5,26,0,2606,2607,0.840621471761,0.842155452549,76,7.6,27,0,2722,2719,0.990951588974,0.986349646610,75,7.5,27,1,2074,2073,0.012271846303,0.010737865515,75,7.5,26,0
78,2026-09-05T05:22:18.249817+00:00,174499484000000,174499531000000,5.031000000,online_observation,0,0,2089,2087,0.101242732000,0.098174770425,76,7.6,27,0,2641,2642,0.882038953034,0.883572933822,75,7.5,26,0,2607,2607,0.842155452549,0.842155452549,76,7.6,27,0,2722,2719,0.990951588974,0.986349646610,75,7.5,27,0,2074,2073,0.012271846303,0.010737865515,75,7.5,26,0
79,2026-09-05T05:22:18.307238+00:00,174499546000000,174499578000000,5.078000000,online_observation,0,0,2089,2087,0.101242732000,0.098174770425,76,7.6,27,0,2641,2642,0.882038953034,0.883572933822,75,7.5,26,0,2607,2607,0.842155452549,0.842155452549,76,7.6,27,0,2722,2719,0.990951588974,0.986349646610,75,7.5,27,1,2074,2073,0.012271846303,0.010737865515,76,7.6,26,0
80,2026-09-05T05:22:18.347674+00:00,174499593000000,174499625000000,5.125000000,online_observation,0,0,2089,2087,0.101242732000,0.098174770425,76,7.6,27,0,2641,2642,0.882038953034,0.883572933822,75,7.5,26,0,2607,2607,0.842155452549,0.842155452549,76,7.6,27,0,2722,2719,0.990951588974,0.986349646610,75,7.5,27,0,2074,2073,0.012271846303,0.010737865515,76,7.6,26,0
81,2026-09-05T05:22:18.406858+00:00,174499640000000,174499687000000,5.187000000,online_observation,0,0,2089,2087,0.101242732000,0.098174770425,76,7.6,27,1,2641,2642,0.882038953034,0.883572933822,75,7.5,26,0,2607,2607,0.842155452549,0.842155452549,76,7.6,27,0,2722,2719,0.990951588974,0.986349646610,75,7.5,27,1,2074,2073,0.012271846303,0.010737865515,75,7.5,26,0
82,2026-09-05T05:22:18.484622+00:00,174499703000000,174499765000000,5.265000000,online_inference,1,0,2089,2087,0.101242732000,0.098174770425,76,7.6,27,1,2641,2642,0.882038953034,0.883572933822,75,7.5,26,0,2607,2607,0.842155452549,0.842155452549,76,7.6,27,0,2722,2719,0.990951588974,0.986349646610,75,7.5,27,0,2074,2073,0.012271846303,0.010737865515,76,7.6,26,0
83,2026-09-05T05:22:18.551899+00:00,174499781000000,174499828000000,5.328000000,online_inference,1,0,2089,2087,0.101242732000,0.098174770425,76,7.6,27,0,2641,2642,0.882038953034,0.883572933822,75,7.5,26,0,2607,2607,0.842155452549,0.842155452549,76,7.6,27,0,2722,2719,0.990951588974,0.986349646610,75,7.5,27,1,2074,2073,0.012271846303,0.010737865515,76,7.6,26,0
84,2026-09-05T05:22:18.628520+00:00,174499843000000,174499906000000,5.406000000,online_inference,1,0,2089,2087,0.101242732000,0.098174770425,76,7.6,27,1,2641,2642,0.882038953034,0.883572933822,75,7.5,26,0,2607,2607,0.842155452549,0.842155452549,76,7.6,27,0,2722,2719,0.990951588974,0.986349646610,75,7.5,27,0,2074,2073,0.012271846303,0.010737865515,76,7.6,26,0
85,2026-09-05T05:22:18.698937+00:00,174499921000000,174499968000000,5.468000000,online_inference,1,0,2089,2087,0.101242732000,0.098174770425,76,7.6,27,1,2641,2642,0.882038953034,0.883572933822,75,7.5,26,0,2607,2607,0.842155452549,0.842155452549,76,7.6,27,0,2722,2719,0.990951588974,0.986349646610,75,7.5,27,1,2074,2073,0.012271846303,0.010737865515,76,7.6,26,0
86,2026-09-05T05:22:18.757832+00:00,174499984000000,174500031000000,5.531000000,online_inference,1,0,2089,2087,0.101242732000,0.098174770425,76,7.6,27,1,2641,2642,0.882038953034,0.883572933822,75,7.5,26,0,2607,2607,0.842155452549,0.842155452549,76,7.6,27,0,2722,2719,0.990951588974,0.986349646610,75,7.5,27,1,2074,2073,0.012271846303,0.010737865515,76,7.6,26,0
87,2026-09-05T05:22:18.810498+00:00,174500046000000,174500078000000,5.578000000,online_inference,1,0,2089,2087,0.101242732000,0.098174770425,76,7.6,27,0,2641,2642,0.882038953034,0.883572933822,75,7.5,26,0,2607,2607,0.842155452549,0.842155452549,76,7.6,27,0,2722,2719,0.990951588974,0.986349646610,75,7.5,27,0,2074,2073,0.012271846303,0.010737865515,75,7.5,26,0
88,2026-09-05T05:22:18.875547+00:00,174500093000000,174500156000000,5.656000000,online_inference,1,0,2089,2087,0.101242732000,0.098174770425,76,7.6,27,0,2641,2642,0.882038953034,0.883572933822,75,7.5,26,0,2607,2607,0.842155452549,0.842155452549,76,7.6,27,0,2722,2719,0.990951588974,0.986349646610,75,7.5,27,0,2074,2073,0.012271846303,0.010737865515,75,7.5,26,0
89,2026-09-05T05:22:18.931019+00:00,174500171000000,174500203000000,5.703000000,online_inference,1,0,2089,2087,0.101242732000,0.098174770425,76,7.6,27,0,2641,2642,0.882038953034,0.883572933822,75,7.5,26,0,2607,2607,0.842155452549,0.842155452549,76,7.6,27,0,2722,2719,0.990951588974,0.986349646610,75,7.5,27,1,2074,2073,0.012271846303,0.010737865515,76,7.6,26,0
90,2026-09-05T05:22:19.005229+00:00,174500218000000,174500281000000,5.781000000,online_inference,1,0,2089,2087,0.101242732000,0.098174770425,76,7.6,27,0,2641,2642,0.882038953034,0.883572933822,75,7.5,26,0,2607,2607,0.842155452549,0.842155452549,76,7.6,27,0,2722,2719,0.990951588974,0.986349646610,75,7.5,27,1,2074,2073,0.012271846303,0.010737865515,76,7.6,26,0
91,2026-09-05T05:22:19.062382+00:00,174500296000000,174500343000000,5.843000000,online_inference,1,0,2089,2087,0.101242732000,0.098174770425,76,7.6,27,1,2641,2642,0.882038953034,0.883572933822,75,7.5,26,1,2607,2607,0.842155452549,0.842155452549,76,7.6,27,0,2722,2719,0.990951588974,0.986349646610,75,7.5,27,1,2074,2073,0.012271846303,0.010737865515,75,7.5,26,0
92,2026-09-05T05:22:19.132695+00:00,174500359000000,174500406000000,5.906000000,online_inference,1,0,2089,2087,0.101242732000,0.098174770425,76,7.6,27,1,2641,2642,0.882038953034,0.883572933822,75,7.5,26,0,2607,2607,0.842155452549,0.842155452549,76,7.6,27,0,2722,2719,0.990951588974,0.986349646610,75,7.5,27,1,2074,2073,0.012271846303,0.010737865515,75,7.5,26,0
93,2026-09-05T05:22:19.188237+00:00,174500421000000,174500468000000,5.968000000,online_inference,1,0,2089,2087,0.101242732000,0.098174770425,76,7.6,27,1,2641,2642,0.882038953034,0.883572933822,75,7.5,26,0,2607,2607,0.842155452549,0.842155452549,76,7.6,27,0,2722,2719,0.990951588974,0.986349646610,75,7.5,27,2,2074,2073,0.012271846303,0.010737865515,75,7.5,26,0
94,2026-09-05T05:22:19.259571+00:00,174500484000000,174500531000000,6.031000000,online_inference,1,0,2089,2087,0.101242732000,0.098174770425,76,7.6,27,1,2641,2642,0.882038953034,0.883572933822,75,7.5,26,0,2607,2607,0.842155452549,0.842155452549,76,7.6,27,0,2722,2719,0.990951588974,0.986349646610,75,7.5,27,1,2074,2073,0.012271846303,0.010737865515,76,7.6,26,0
95,2026-09-05T05:22:19.308192+00:00,174500546000000,174500578000000,6.078000000,online_inference,1,0,2089,2087,0.101242732000,0.098174770425,76,7.6,27,0,2641,2642,0.882038953034,0.883572933822,75,7.5,26,0,2607,2607,0.842155452549,0.842155452549,76,7.6,27,0,2722,2719,0.990951588974,0.986349646610,75,7.5,27,1,2074,2073,0.012271846303,0.010737865515,75,7.5,26,0
96,2026-09-05T05:22:19.374235+00:00,174500593000000,174500656000000,6.156000000,online_inference,1,0,2089,2087,0.101242732000,0.098174770425,76,7.6,27,0,2641,2642,0.882038953034,0.883572933822,75,7.5,26,0,2607,2607,0.842155452549,0.842155452549,76,7.6,27,0,2722,2719,0.990951588974,0.986349646610,75,7.5,27,0,2074,2073,0.012271846303,0.010737865515,76,7.6,26,0
97,2026-09-05T05:22:19.445489+00:00,174500671000000,174500718000000,6.218000000,online_inference,1,0,2089,2087,0.101242732000,0.098174770425,76,7.6,27,1,2641,2642,0.882038953034,0.883572933822,75,7.5,26,0,2607,2607,0.842155452549,0.842155452549,76,7.6,27,0,2722,2719,0.990951588974,0.986349646610,75,7.5,27,1,2074,2073,0.012271846303,0.010737865515,75,7.5,26,0
98,2026-09-05T05:22:19.528221+00:00,174500734000000,174500796000000,6.296000000,online_inference,1,0,2089,2087,0.101242732000,0.098174770425,76,7.6,27,1,2641,2642,0.882038953034,0.883572933822,75,7.5,26,0,2607,2607,0.842155452549,0.842155452549,76,7.6,27,0,2722,2719,0.990951588974,0.986349646610,75,7.5,27,1,2074,2073,0.012271846303,0.010737865515,76,7.6,26,0
99,2026-09-05T05:22:19.607397+00:00,174500812000000,174500875000000,6.375000000,online_inference,1,0,2089,2087,0.101242732000,0.098174770425,76,7.6,27,1,2641,2642,0.882038953034,0.883572933822,75,7.5,26,0,2607,2607,0.842155452549,0.842155452549,76,7.6,27,0,2722,2719,0.990951588974,0.986349646610,75,7.5,27,1,2074,2073,0.012271846303,0.010737865515,75,7.5,26,0
100,2026-09-05T05:22:19.671722+00:00,174500906000000,174500953000000,6.453000000,online_inference,1,0,2089,2087,0.101242732000,0.098174770425,76,7.6,27,0,2641,2642,0.882038953034,0.883572933822,75,7.5,26,0,2607,2607,0.842155452549,0.842155452549,76,7.6,27,0,2722,2719,0.990951588974,0.986349646610,75,7.5,27,1,2074,2073,0.012271846303,0.010737865515,75,7.5,26,0
101,2026-09-05T05:22:19.739207+00:00,174500968000000,174501015000000,6.515000000,online_inference,1,0,2089,2087,0.101242732000,0.098174770425,76,7.6,27,1,2641,2642,0.882038953034,0.883572933822,75,7.5,26,0,2607,2607,0.842155452549,0.842155452549,76,7.6,27,0,2722,2719,0.990951588974,0.986349646610,75,7.5,27,1,2074,2073,0.012271846303,0.010737865515,75,7.5,26,0
102,2026-09-05T05:22:19.797845+00:00,174501031000000,174501078000000,6.578000000,online_inference,1,0,2089,2087,0.101242732000,0.098174770425,76,7.6,27,0,2641,2642,0.882038953034,0.883572933822,75,7.5,26,0,2607,2607,0.842155452549,0.842155452549,76,7.6,27,0,2722,2719,0.990951588974,0.986349646610,75,7.5,27,1,2074,2073,0.012271846303,0.010737865515,76,7.6,26,0
103,2026-09-05T05:22:19.858211+00:00,174501093000000,174501140000000,6.640000000,online_inference,1,0,2089,2087,0.101242732000,0.098174770425,76,7.6,27,1,2641,2642,0.882038953034,0.883572933822,75,7.5,26,0,2607,2607,0.842155452549,0.842155452549,76,7.6,27,0,2722,2719,0.990951588974,0.986349646610,75,7.5,27,1,2074,2073,0.012271846303,0.010737865515,75,7.5,26,0
104,2026-09-05T05:22:19.935536+00:00,174501156000000,174501203000000,6.703000000,online_inference,1,0,2089,2087,0.101242732000,0.098174770425,76,7.6,28,1,2641,2642,0.882038953034,0.883572933822,75,7.5,26,0,2607,2607,0.842155452549,0.842155452549,76,7.6,27,0,2722,2719,0.990951588974,0.986349646610,75,7.5,27,0,2074,2073,0.012271846303,0.010737865515,76,7.6,26,0
105,2026-09-05T05:22:19.980233+00:00,174501218000000,174501250000000,6.750000000,online_inference,1,0,2089,2087,0.101242732000,0.098174770425,76,7.6,27,0,2641,2642,0.882038953034,0.883572933822,75,7.5,26,0,2607,2607,0.842155452549,0.842155452549,76,7.6,27,0,2722,2719,0.990951588974,0.986349646610,75,7.5,27,1,2074,2073,0.012271846303,0.010737865515,76,7.6,26,0
106,2026-09-05T05:22:20.049549+00:00,174501281000000,174501328000000,6.828000000,online_inference,1,0,2089,2087,0.101242732000,0.098174770425,76,7.6,27,1,2641,2642,0.882038953034,0.883572933822,75,7.5,26,0,2607,2607,0.842155452549,0.842155452549,76,7.6,27,0,2722,2719,0.990951588974,0.986349646610,75,7.5,27,1,2074,2073,0.012271846303,0.010737865515,76,7.6,26,0
107,2026-09-05T05:22:20.132515+00:00,174501343000000,174501406000000,6.906000000,online_inference,1,0,2089,2087,0.101242732000,0.098174770425,76,7.6,27,1,2641,2642,0.882038953034,0.883572933822,75,7.5,26,0,2607,2607,0.842155452549,0.842155452549,76,7.6,27,0,2722,2719,0.990951588974,0.986349646610,75,7.5,27,1,2074,2073,0.012271846303,0.010737865515,75,7.5,26,0
108,2026-09-05T05:22:20.198460+00:00,174501421000000,174501468000000,6.968000000,online_inference,1,0,2089,2087,0.101242732000,0.098174770425,76,7.6,27,1,2641,2642,0.882038953034,0.883572933822,75,7.5,26,0,2607,2607,0.842155452549,0.842155452549,76,7.6,27,0,2722,2719,0.990951588974,0.986349646610,75,7.5,27,1,2074,2073,0.012271846303,0.010737865515,76,7.6,26,0
109,2026-09-05T05:22:20.243726+00:00,174501484000000,174501515000000,7.015000000,online_inference,1,0,2089,2087,0.101242732000,0.098174770425,76,7.6,27,1,2641,2642,0.882038953034,0.883572933822,75,7.5,26,0,2607,2607,0.842155452549,0.842155452549,76,7.6,27,0,2722,2719,0.990951588974,0.986349646610,75,7.5,27,1,2074,2073,0.012271846303,0.010737865515,76,7.6,26,0
110,2026-09-05T05:22:20.303533+00:00,174501531000000,174501578000000,7.078000000,online_inference,1,0,2089,2087,0.101242732000,0.098174770425,76,7.6,27,1,2641,2642,0.882038953034,0.883572933822,75,7.5,26,0,2607,2607,0.842155452549,0.842155452549,76,7.6,27,0,2722,2719,0.990951588974,0.986349646610,75,7.5,27,1,2074,2073,0.012271846303,0.010737865515,76,7.6,26,0
111,2026-09-05T05:22:20.354912+00:00,174501593000000,174501625000000,7.125000000,online_inference,1,0,2089,2087,0.101242732000,0.098174770425,76,7.6,27,1,2641,2642,0.882038953034,0.883572933822,75,7.5,26,0,2607,2607,0.842155452549,0.842155452549,76,7.6,27,0,2722,2719,0.990951588974,0.986349646610,75,7.5,27,1,2074,2073,0.012271846303,0.010737865515,75,7.5,26,0
112,2026-09-05T05:22:20.406428+00:00,174501640000000,174501687000000,7.187000000,online_inference,1,0,2089,2087,0.101242732000,0.098174770425,76,7.6,27,0,2641,2642,0.882038953034,0.883572933822,75,7.5,26,0,2607,2607,0.842155452549,0.842155452549,76,7.6,27,0,2722,2719,0.990951588974,0.986349646610,75,7.5,27,0,2074,2073,0.012271846303,0.010737865515,76,7.6,26,0
113,2026-09-05T05:22:20.467663+00:00,174501703000000,174501750000000,7.250000000,online_inference,1,0,2089,2087,0.101242732000,0.098174770425,76,7.6,27,0,2641,2642,0.882038953034,0.883572933822,75,7.5,26,0,2607,2607,0.842155452549,0.842155452549,76,7.6,27,0,2722,2719,0.990951588974,0.986349646610,75,7.5,27,0,2074,2073,0.012271846303,0.010737865515,76,7.6,26,0
114,2026-09-05T05:22:20.539206+00:00,174501781000000,174501812000000,7.312000000,online_inference,1,0,2089,2087,0.101242732000,0.098174770425,76,7.6,27,1,2641,2642,0.882038953034,0.883572933822,75,7.5,26,0,2607,2607,0.842155452549,0.842155452549,76,7.6,27,0,2722,2719,0.990951588974,0.986349646610,75,7.5,27,1,2074,2073,0.012271846303,0.010737865515,76,7.6,26,0
115,2026-09-05T05:22:20.601588+00:00,174501828000000,174501875000000,7.375000000,online_inference,1,0,2089,2087,0.101242732000,0.098174770425,76,7.6,27,1,2641,2642,0.882038953034,0.883572933822,75,7.5,26,0,2607,2607,0.842155452549,0.842155452549,76,7.6,27,0,2722,2719,0.990951588974,0.986349646610,75,7.5,27,0,2074,2073,0.012271846303,0.010737865515,76,7.6,26,0
116,2026-09-05T05:22:20.659205+00:00,174501890000000,174501937000000,7.437000000,online_inference,1,0,2089,2087,0.101242732000,0.098174770425,76,7.6,27,0,2641,2642,0.882038953034,0.883572933822,75,7.5,26,0,2607,2607,0.842155452549,0.842155452549,76,7.6,27,0,2722,2719,0.990951588974,0.986349646610,75,7.5,27,1,2074,2073,0.012271846303,0.010737865515,75,7.5,26,0
117,2026-09-05T05:22:20.724716+00:00,174501953000000,174502000000000,7.500000000,online_inference,1,0,2089,2087,0.101242732000,0.098174770425,76,7.6,27,1,2641,2642,0.882038953034,0.883572933822,75,7.5,26,0,2607,2607,0.842155452549,0.842155452549,76,7.6,27,0,2722,2719,0.990951588974,0.986349646610,75,7.5,27,0,2074,2073,0.012271846303,0.010737865515,76,7.6,26,0
118,2026-09-05T05:22:20.781988+00:00,174502015000000,174502062000000,7.562000000,online_inference,1,0,2089,2087,0.101242732000,0.098174770425,76,7.6,27,1,2641,2642,0.882038953034,0.883572933822,75,7.5,26,0,2607,2607,0.842155452549,0.842155452549,76,7.6,27,0,2722,2719,0.990951588974,0.986349646610,75,7.5,27,1,2074,2073,0.012271846303,0.010737865515,76,7.6,26,0
119,2026-09-05T05:22:20.852503+00:00,174502078000000,174502125000000,7.625000000,online_inference,1,0,2089,2087,0.101242732000,0.098174770425,76,7.6,27,0,2641,2642,0.882038953034,0.883572933822,75,7.5,26,0,2607,2607,0.842155452549,0.842155452549,76,7.6,27,0,2722,2719,0.990951588974,0.986349646610,75,7.5,27,1,2074,2073,0.012271846303,0.010737865515,76,7.6,26,0
120,2026-09-05T05:22:20.906196+00:00,174502140000000,174502187000000,7.687000000,online_inference,1,0,2089,2087,0.101242732000,0.098174770425,76,7.6,27,1,2641,2642,0.882038953034,0.883572933822,75,7.5,26,0,2607,2607,0.842155452549,0.842155452549,76,7.6,27,0,2722,2719,0.990951588974,0.986349646610,75,7.5,27,1,2074,2073,0.012271846303,0.010737865515,76,7.6,26,0
121,2026-09-05T05:22:20.979909+00:00,174502203000000,174502250000000,7.750000000,online_inference,1,0,2089,2087,0.101242732000,0.098174770425,76,7.6,27,1,2641,2642,0.882038953034,0.883572933822,75,7.5,26,0,2607,2607,0.842155452549,0.842155452549,76,7.6,27,0,2722,2719,0.990951588974,0.986349646610,75,7.5,27,0,2074,2073,0.012271846303,0.010737865515,76,7.6,26,0
122,2026-09-05T05:22:21.039621+00:00,174502265000000,174502312000000,7.812000000,online_inference,1,0,2089,2087,0.101242732000,0.098174770425,76,7.6,27,1,2641,2642,0.882038953034,0.883572933822,75,7.5,26,0,2607,2607,0.842155452549,0.842155452549,76,7.6,27,0,2722,2719,0.990951588974,0.986349646610,75,7.5,27,1,2074,2073,0.012271846303,0.010737865515,76,7.6,26,0
123,2026-09-05T05:22:21.145435+00:00,174502328000000,174502421000000,7.921000000,online_inference,1,0,2089,2087,0.101242732000,0.098174770425,76,7.6,27,1,2641,2642,0.882038953034,0.883572933822,75,7.5,26,0,2607,2607,0.842155452549,0.842155452549,76,7.6,27,0,2722,2719,0.990951588974,0.986349646610,75,7.5,27,1,2074,2073,0.012271846303,0.010737865515,75,7.5,26,0
124,2026-09-05T05:22:21.225914+00:00,174502437000000,174502500000000,8.000000000,online_inference,1,0,2089,2087,0.101242732000,0.098174770425,76,7.6,27,1,2641,2642,0.882038953034,0.883572933822,75,7.5,26,0,2607,2607,0.842155452549,0.842155452549,76,7.6,27,0,2722,2719,0.990951588974,0.986349646610,75,7.5,27,1,2074,2073,0.012271846303,0.010737865515,76,7.6,26,0
125,2026-09-05T05:22:21.278095+00:00,174502515000000,174502546000000,8.046000000,online_inference,1,0,2089,2087,0.101242732000,0.098174770425,76,7.6,27,1,2641,2642,0.882038953034,0.883572933822,75,7.5,26,0,2607,2607,0.842155452549,0.842155452549,76,7.6,27,0,2722,2719,0.990951588974,0.986349646610,75,7.5,27,1,2074,2073,0.012271846303,0.010737865515,75,7.5,26,0
126,2026-09-05T05:22:21.343417+00:00,174502562000000,174502625000000,8.125000000,online_inference,1,0,2089,2087,0.101242732000,0.098174770425,76,7.6,27,0,2641,2642,0.882038953034,0.883572933822,75,7.5,26,0,2607,2607,0.842155452549,0.842155452549,76,7.6,27,0,2722,2719,0.990951588974,0.986349646610,75,7.5,27,1,2074,2073,0.012271846303,0.010737865515,76,7.6,26,0
127,2026-09-05T05:22:21.416389+00:00,174502640000000,174502687000000,8.187000000,online_inference,1,0,2089,2087,0.101242732000,0.098174770425,76,7.6,27,1,2641,2642,0.882038953034,0.883572933822,75,7.5,26,0,2607,2607,0.842155452549,0.842155452549,76,7.6,27,0,2722,2719,0.990951588974,0.986349646610,75,7.5,27,0,2074,2073,0.012271846303,0.010737865515,76,7.6,26,0
128,2026-09-05T05:22:21.483276+00:00,174502703000000,174502765000000,8.265000000,online_inference,1,0,2089,2087,0.101242732000,0.098174770425,76,7.6,27,0,2641,2642,0.882038953034,0.883572933822,75,7.5,26,0,2607,2607,0.842155452549,0.842155452549,76,7.6,27,0,2722,2719,0.990951588974,0.986349646610,75,7.5,27,1,2074,2073,0.012271846303,0.010737865515,76,7.6,26,0
129,2026-09-05T05:22:21.549912+00:00,174502781000000,174502828000000,8.328000000,online_inference,1,0,2089,2087,0.101242732000,0.098174770425,76,7.6,27,1,2641,2642,0.882038953034,0.883572933822,75,7.5,26,0,2607,2607,0.842155452549,0.842155452549,76,7.6,27,0,2722,2719,0.990951588974,0.986349646610,75,7.5,27,0,2074,2073,0.012271846303,0.010737865515,76,7.6,26,0
130,2026-09-05T05:22:21.630629+00:00,174502859000000,174502906000000,8.406000000,online_inference,1,0,2089,2087,0.101242732000,0.098174770425,76,7.6,27,0,2641,2642,0.882038953034,0.883572933822,75,7.5,26,0,2607,2607,0.842155452549,0.842155452549,76,7.6,27,0,2722,2719,0.990951588974,0.986349646610,75,7.5,27,0,2074,2073,0.012271846303,0.010737865515,76,7.6,26,0
131,2026-09-05T05:22:21.698680+00:00,174502921000000,174502968000000,8.468000000,online_inference,1,0,2089,2087,0.101242732000,0.098174770425,76,7.6,27,0,2641,2642,0.882038953034,0.883572933822,75,7.5,26,0,2607,2607,0.842155452549,0.842155452549,76,7.6,27,0,2722,2719,0.990951588974,0.986349646610,75,7.5,27,0,2074,2073,0.012271846303,0.010737865515,76,7.6,26,0
132,2026-09-05T05:22:21.757169+00:00,174502984000000,174503031000000,8.531000000,online_inference,1,0,2089,2087,0.101242732000,0.098174770425,76,7.6,27,1,2641,2642,0.882038953034,0.883572933822,75,7.5,26,0,2607,2607,0.842155452549,0.842155452549,76,7.6,27,0,2722,2719,0.990951588974,0.986349646610,75,7.5,27,1,2074,2073,0.012271846303,0.010737865515,76,7.6,26,0
133,2026-09-05T05:22:21.811668+00:00,174503046000000,174503093000000,8.593000000,online_inference,1,0,2089,2087,0.101242732000,0.098174770425,76,7.6,27,1,2641,2642,0.882038953034,0.883572933822,75,7.5,26,0,2607,2607,0.842155452549,0.842155452549,76,7.6,27,0,2722,2719,0.990951588974,0.986349646610,75,7.5,27,0,2074,2073,0.012271846303,0.010737865515,75,7.5,26,0
134,2026-09-05T05:22:21.883773+00:00,174503109000000,174503156000000,8.656000000,online_inference,1,0,2089,2087,0.101242732000,0.098174770425,76,7.6,27,1,2641,2642,0.882038953034,0.883572933822,75,7.5,26,0,2607,2607,0.842155452549,0.842155452549,76,7.6,27,0,2722,2719,0.990951588974,0.986349646610,75,7.5,27,1,2074,2073,0.012271846303,0.010737865515,75,7.5,26,0
135,2026-09-05T05:22:21.937662+00:00,174503171000000,174503218000000,8.718000000,online_inference,1,0,2089,2087,0.101242732000,0.098174770425,76,7.6,27,1,2641,2642,0.882038953034,0.883572933822,75,7.5,26,0,2607,2607,0.842155452549,0.842155452549,76,7.6,27,0,2722,2719,0.990951588974,0.986349646610,75,7.5,27,0,2074,2073,0.012271846303,0.010737865515,76,7.6,26,0
136,2026-09-05T05:22:22.009739+00:00,174503234000000,174503281000000,8.781000000,online_inference,1,0,2089,2087,0.101242732000,0.098174770425,76,7.6,27,0,2641,2642,0.882038953034,0.883572933822,75,7.5,26,0,2607,2607,0.842155452549,0.842155452549,76,7.6,27,0,2722,2719,0.990951588974,0.986349646610,75,7.5,27,0,2074,2073,0.012271846303,0.010737865515,75,7.5,26,0
137,2026-09-05T05:22:22.069528+00:00,174503296000000,174503343000000,8.843000000,online_inference,1,0,2089,2087,0.101242732000,0.098174770425,76,7.6,27,0,2641,2642,0.882038953034,0.883572933822,75,7.5,26,0,2607,2607,0.842155452549,0.842155452549,76,7.6,27,0,2722,2719,0.990951588974,0.986349646610,75,7.5,27,0,2074,2073,0.012271846303,0.010737865515,76,7.6,26,0
138,2026-09-05T05:22:22.152755+00:00,174503359000000,174503421000000,8.921000000,online_inference,1,0,2089,2087,0.101242732000,0.098174770425,76,7.6,27,1,2641,2642,0.882038953034,0.883572933822,75,7.5,26,0,2607,2607,0.842155452549,0.842155452549,76,7.6,27,1,2722,2719,0.990951588974,0.986349646610,75,7.5,27,1,2074,2073,0.012271846303,0.010737865515,76,7.6,26,0
139,2026-09-05T05:22:22.195006+00:00,174503437000000,174503468000000,8.968000000,online_inference,1,0,2089,2087,0.101242732000,0.098174770425,76,7.6,27,0,2641,2642,0.882038953034,0.883572933822,75,7.5,26,0,2607,2607,0.842155452549,0.842155452549,76,7.6,27,0,2722,2719,0.990951588974,0.986349646610,75,7.5,27,0,2074,2073,0.012271846303,0.010737865515,76,7.6,26,0
140,2026-09-05T05:22:22.262096+00:00,174503484000000,174503531000000,9.031000000,online_archive,1,0,2089,2087,0.101242732000,0.098174770425,76,7.6,27,1,2641,2642,0.882038953034,0.883572933822,75,7.5,26,0,2607,2607,0.842155452549,0.842155452549,76,7.6,27,0,2722,2719,0.990951588974,0.986349646610,75,7.5,27,0,2074,2073,0.012271846303,0.010737865515,76,7.6,26,0
141,2026-09-05T05:22:22.304132+00:00,174503546000000,174503578000000,9.078000000,online_archive,1,0,2089,2087,0.101242732000,0.098174770425,76,7.6,27,1,2641,2642,0.882038953034,0.883572933822,75,7.5,26,0,2607,2607,0.842155452549,0.842155452549,76,7.6,27,0,2722,2719,0.990951588974,0.986349646610,75,7.5,27,0,2074,2073,0.012271846303,0.010737865515,75,7.5,26,0
142,2026-09-05T05:22:22.397578+00:00,174503625000000,174503671000000,9.171000000,fixed_trajectory,1,0,2089,2087,0.101242732000,0.098174770425,76,7.6,27,0,2641,2642,0.882038953034,0.883572933822,75,7.5,26,0,2607,2607,0.842155452549,0.842155452549,76,7.6,27,0,2722,2719,0.990951588974,0.986349646610,75,7.5,27,0,2074,2073,0.012271846303,0.010737865515,76,7.6,26,0
143,2026-09-05T05:22:22.449541+00:00,174503687000000,174503718000000,9.218000000,fixed_trajectory,1,0,2089,2087,0.101242732000,0.098174770425,76,7.6,27,0,2641,2642,0.882038953034,0.883572933822,75,7.5,26,0,2607,2607,0.842155452549,0.842155452549,76,7.6,27,0,2722,2718,0.990951588974,0.984815665823,75,7.5,27,1,2074,2073,0.012271846303,0.010737865515,76,7.6,26,0
144,2026-09-05T05:22:22.493107+00:00,174503734000000,174503765000000,9.265000000,fixed_trajectory,1,0,2089,2087,0.101242732000,0.098174770425,76,7.6,27,1,2641,2642,0.882038953034,0.883572933822,75,7.5,26,0,2607,2607,0.842155452549,0.842155452549,76,7.6,27,0,2722,2717,0.990951588974,0.983281685035,75,7.5,27,0,2074,2073,0.012271846303,0.010737865515,76,7.6,26,0
145,2026-09-05T05:22:22.546177+00:00,174503781000000,174503828000000,9.328000000,fixed_trajectory,1,0,2089,2087,0.101242732000,0.098174770425,76,7.6,27,0,2641,2642,0.882038953034,0.883572933822,75,7.5,26,0,2607,2607,0.842155452549,0.842155452549,76,7.6,27,0,2722,2716,0.990951588974,0.981747704247,75,7.5,27,0,2074,2073,0.012271846303,0.010737865515,75,7.5,26,0
146,2026-09-05T05:22:22.603747+00:00,174503843000000,174503875000000,9.375000000,online_observation,1,0,2089,2087,0.101242732000,0.098174770425,76,7.6,27,0,2641,2642,0.882038953034,0.883572933822,75,7.5,26,0,2607,2607,0.842155452549,0.842155452549,76,7.6,27,0,2719,2715,0.986349646610,0.980213723459,75,7.5,27,0,2074,2073,0.012271846303,0.010737865515,76,7.6,26,0
147,2026-09-05T05:22:22.656520+00:00,174503890000000,174503937000000,9.437000000,online_observation,1,0,2089,2087,0.101242732000,0.098174770425,76,7.6,27,1,2641,2642,0.882038953034,0.883572933822,75,7.5,26,0,2608,2607,0.843689433337,0.842155452549,76,7.6,27,0,2717,2715,0.983281685035,0.980213723459,75,7.5,27,0,2074,2073,0.012271846303,0.010737865515,75,7.5,26,0
148,2026-09-05T05:22:22.712463+00:00,174503953000000,174503984000000,9.484000000,online_observation,1,0,2089,2087,0.101242732000,0.098174770425,76,7.6,27,0,2641,2642,0.882038953034,0.883572933822,75,7.5,26,0,2608,2607,0.843689433337,0.842155452549,76,7.6,27,0,2717,2715,0.983281685035,0.980213723459,75,7.5,27,0,2074,2073,0.012271846303,0.010737865515,76,7.6,26,0
149,2026-09-05T05:22:22.756019+00:00,174504000000000,174504031000000,9.531000000,online_observation,1,0,2089,2087,0.101242732000,0.098174770425,76,7.6,27,1,2641,2642,0.882038953034,0.883572933822,75,7.5,26,0,2608,2607,0.843689433337,0.842155452549,76,7.6,27,0,2717,2715,0.983281685035,0.980213723459,75,7.5,27,0,2074,2073,0.012271846303,0.010737865515,76,7.6,26,0
150,2026-09-05T05:22:22.804556+00:00,174504046000000,174504078000000,9.578000000,online_observation,1,0,2089,2087,0.101242732000,0.098174770425,76,7.6,27,0,2641,2642,0.882038953034,0.883572933822,75,7.5,26,0,2608,2607,0.843689433337,0.842155452549,76,7.6,27,0,2717,2715,0.983281685035,0.980213723459,75,7.5,27,1,2074,2073,0.012271846303,0.010737865515,75,7.5,26,0
151,2026-09-05T05:22:22.847537+00:00,174504093000000,174504125000000,9.625000000,online_observation,1,0,2089,2087,0.101242732000,0.098174770425,76,7.6,27,1,2641,2642,0.882038953034,0.883572933822,75,7.5,26,0,2608,2607,0.843689433337,0.842155452549,76,7.6,27,0,2717,2715,0.983281685035,0.980213723459,75,7.5,27,0,2074,2073,0.012271846303,0.010737865515,76,7.6,26,0
152,2026-09-05T05:22:22.895460+00:00,174504140000000,174504171000000,9.671000000,online_observation,1,0,2089,2087,0.101242732000,0.098174770425,76,7.6,27,1,2641,2642,0.882038953034,0.883572933822,75,7.5,26,0,2608,2607,0.843689433337,0.842155452549,76,7.6,27,0,2717,2715,0.983281685035,0.980213723459,75,7.5,27,0,2074,2073,0.012271846303,0.010737865515,75,7.5,26,0
153,2026-09-05T05:22:23.001137+00:00,174504203000000,174504281000000,9.781000000,online_inference,2,0,2089,2087,0.101242732000,0.098174770425,76,7.6,27,1,2641,2642,0.882038953034,0.883572933822,75,7.5,26,0,2608,2607,0.843689433337,0.842155452549,76,7.6,27,0,2717,2715,0.983281685035,0.980213723459,75,7.5,27,1,2074,2073,0.012271846303,0.010737865515,75,7.5,26,0
154,2026-09-05T05:22:23.077080+00:00,174504296000000,174504359000000,9.859000000,online_inference,2,0,2089,2087,0.101242732000,0.098174770425,76,7.6,27,0,2641,2642,0.882038953034,0.883572933822,75,7.5,26,0,2608,2607,0.843689433337,0.842155452549,76,7.6,27,0,2717,2715,0.983281685035,0.980213723459,75,7.5,27,0,2074,2073,0.012271846303,0.010737865515,76,7.6,26,0
155,2026-09-05T05:22:23.149105+00:00,174504375000000,174504421000000,9.921000000,online_inference,2,0,2089,2087,0.101242732000,0.098174770425,76,7.6,27,0,2641,2642,0.882038953034,0.883572933822,75,7.5,26,0,2608,2607,0.843689433337,0.842155452549,76,7.6,27,0,2717,2715,0.983281685035,0.980213723459,75,7.5,27,0,2074,2073,0.012271846303,0.010737865515,76,7.6,26,0
156,2026-09-05T05:22:23.239891+00:00,174504453000000,174504515000000,10.015000000,online_inference,2,0,2089,2087,0.101242732000,0.098174770425,76,7.6,27,1,2641,2642,0.882038953034,0.883572933822,75,7.5,26,0,2608,2607,0.843689433337,0.842155452549,76,7.6,27,0,2717,2715,0.983281685035,0.980213723459,75,7.5,27,1,2074,2073,0.012271846303,0.010737865515,76,7.6,26,0
157,2026-09-05T05:22:23.304134+00:00,174504531000000,174504578000000,10.078000000,online_inference,2,0,2089,2087,0.101242732000,0.098174770425,76,7.6,27,1,2641,2642,0.882038953034,0.883572933822,75,7.5,26,0,2608,2607,0.843689433337,0.842155452549,76,7.6,27,0,2717,2715,0.983281685035,0.980213723459,75,7.5,27,1,2074,2073,0.012271846303,0.010737865515,76,7.6,26,0
158,2026-09-05T05:22:23.362119+00:00,174504593000000,174504640000000,10.140000000,online_inference,2,0,2089,2087,0.101242732000,0.098174770425,76,7.6,27,0,2641,2642,0.882038953034,0.883572933822,75,7.5,26,0,2608,2607,0.843689433337,0.842155452549,76,7.6,27,0,2717,2715,0.983281685035,0.980213723459,75,7.5,27,1,2074,2073,0.012271846303,0.010737865515,76,7.6,26,0
159,2026-09-05T05:22:23.420214+00:00,174504656000000,174504687000000,10.187000000,online_inference,2,0,2089,2087,0.101242732000,0.098174770425,76,7.6,27,0,2641,2642,0.882038953034,0.883572933822,75,7.5,26,0,2608,2607,0.843689433337,0.842155452549,76,7.6,27,0,2717,2715,0.983281685035,0.980213723459,75,7.5,27,1,2074,2073,0.012271846303,0.010737865515,76,7.6,26,0
160,2026-09-05T05:22:23.483642+00:00,174504703000000,174504765000000,10.265000000,online_inference,2,0,2089,2087,0.101242732000,0.098174770425,76,7.6,27,1,2641,2642,0.882038953034,0.883572933822,75,7.5,26,0,2608,2607,0.843689433337,0.842155452549,76,7.6,27,0,2717,2715,0.983281685035,0.980213723459,75,7.5,27,0,2074,2073,0.012271846303,0.010737865515,75,7.5,26,0
161,2026-09-05T05:22:23.549473+00:00,174504781000000,174504828000000,10.328000000,online_inference,2,0,2089,2087,0.101242732000,0.098174770425,76,7.6,27,1,2641,2642,0.882038953034,0.883572933822,75,7.5,26,0,2608,2607,0.843689433337,0.842155452549,76,7.6,27,0,2717,2715,0.983281685035,0.980213723459,75,7.5,27,1,2074,2073,0.012271846303,0.010737865515,76,7.6,26,0
162,2026-09-05T05:22:23.610959+00:00,174504843000000,174504890000000,10.390000000,online_inference,2,0,2089,2087,0.101242732000,0.098174770425,76,7.6,27,1,2641,2642,0.882038953034,0.883572933822,75,7.5,26,0,2608,2607,0.843689433337,0.842155452549,76,7.6,27,0,2717,2715,0.983281685035,0.980213723459,75,7.5,27,0,2074,2073,0.012271846303,0.010737865515,76,7.6,26,0
163,2026-09-05T05:22:23.683504+00:00,174504906000000,174504953000000,10.453000000,online_inference,2,0,2089,2087,0.101242732000,0.098174770425,76,7.6,27,1,2641,2642,0.882038953034,0.883572933822,75,7.5,26,0,2608,2607,0.843689433337,0.842155452549,76,7.6,27,0,2717,2715,0.983281685035,0.980213723459,75,7.5,27,1,2074,2073,0.012271846303,0.010737865515,76,7.6,26,0
164,2026-09-05T05:22:23.760112+00:00,174504968000000,174505031000000,10.531000000,online_inference,2,0,2089,2087,0.101242732000,0.098174770425,76,7.6,27,1,2641,2642,0.882038953034,0.883572933822,75,7.5,26,0,2608,2607,0.843689433337,0.842155452549,76,7.6,27,0,2717,2715,0.983281685035,0.980213723459,75,7.5,27,0,2074,2073,0.012271846303,0.010737865515,76,7.6,26,0
165,2026-09-05T05:22:23.808532+00:00,174505046000000,174505078000000,10.578000000,online_inference,2,0,2089,2087,0.101242732000,0.098174770425,76,7.6,27,1,2641,2642,0.882038953034,0.883572933822,75,7.5,26,0,2608,2607,0.843689433337,0.842155452549,76,7.6,27,0,2717,2715,0.983281685035,0.980213723459,75,7.5,27,1,2074,2073,0.012271846303,0.010737865515,76,7.6,26,0
166,2026-09-05T05:22:23.880284+00:00,174505093000000,174505156000000,10.656000000,online_inference,2,0,2089,2087,0.101242732000,0.098174770425,76,7.6,27,1,2641,2642,0.882038953034,0.883572933822,75,7.5,26,0,2608,2607,0.843689433337,0.842155452549,76,7.6,27,0,2717,2715,0.983281685035,0.980213723459,75,7.5,27,0,2074,2073,0.012271846303,0.010737865515,75,7.5,26,0
167,2026-09-05T05:22:23.943815+00:00,174505171000000,174505218000000,10.718000000,online_inference,2,0,2089,2087,0.101242732000,0.098174770425,76,7.6,27,1,2641,2642,0.882038953034,0.883572933822,75,7.5,26,0,2608,2607,0.843689433337,0.842155452549,76,7.6,27,0,2717,2715,0.983281685035,0.980213723459,75,7.5,27,0,2074,2073,0.012271846303,0.010737865515,75,7.5,26,0
168,2026-09-05T05:22:24.000141+00:00,174505234000000,174505281000000,10.781000000,online_inference,2,0,2089,2087,0.101242732000,0.098174770425,76,7.6,27,0,2641,2642,0.882038953034,0.883572933822,75,7.5,26,0,2608,2607,0.843689433337,0.842155452549,76,7.6,27,0,2717,2715,0.983281685035,0.980213723459,75,7.5,27,1,2074,2073,0.012271846303,0.010737865515,76,7.6,26,0
169,2026-09-05T05:22:24.061036+00:00,174505296000000,174505343000000,10.843000000,online_inference,2,0,2089,2087,0.101242732000,0.098174770425,76,7.6,27,0,2641,2642,0.882038953034,0.883572933822,75,7.5,26,0,2608,2607,0.843689433337,0.842155452549,76,7.6,27,0,2717,2715,0.983281685035,0.980213723459,75,7.5,27,0,2074,2073,0.012271846303,0.010737865515,76,7.6,26,0
170,2026-09-05T05:22:24.139042+00:00,174505359000000,174505421000000,10.921000000,online_inference,2,0,2089,2087,0.101242732000,0.098174770425,76,7.6,27,0,2641,2642,0.882038953034,0.883572933822,75,7.5,26,0,2608,2607,0.843689433337,0.842155452549,76,7.6,27,0,2717,2715,0.983281685035,0.980213723459,75,7.5,27,1,2074,2073,0.012271846303,0.010737865515,76,7.6,26,0
171,2026-09-05T05:22:24.204757+00:00,174505437000000,174505484000000,10.984000000,online_inference,2,0,2089,2087,0.101242732000,0.098174770425,76,7.6,27,0,2641,2642,0.882038953034,0.883572933822,75,7.5,26,0,2608,2607,0.843689433337,0.842155452549,76,7.6,27,0,2717,2715,0.983281685035,0.980213723459,75,7.5,27,1,2074,2073,0.012271846303,0.010737865515,76,7.6,26,0
172,2026-09-05T05:22:24.277255+00:00,174505500000000,174505546000000,11.046000000,online_inference,2,0,2089,2087,0.101242732000,0.098174770425,76,7.6,27,0,2641,2642,0.882038953034,0.883572933822,75,7.5,26,0,2608,2607,0.843689433337,0.842155452549,76,7.6,27,0,2717,2715,0.983281685035,0.980213723459,75,7.5,27,1,2074,2073,0.012271846303,0.010737865515,75,7.5,26,0
173,2026-09-05T05:22:24.332017+00:00,174505562000000,174505609000000,11.109000000,online_inference,2,0,2089,2087,0.101242732000,0.098174770425,76,7.6,27,1,2641,2642,0.882038953034,0.883572933822,75,7.5,26,0,2608,2607,0.843689433337,0.842155452549,76,7.6,27,0,2717,2715,0.983281685035,0.980213723459,75,7.5,27,0,2074,2073,0.012271846303,0.010737865515,76,7.6,26,0
174,2026-09-05T05:22:24.398982+00:00,174505625000000,174505671000000,11.171000000,online_inference,2,0,2089,2087,0.101242732000,0.098174770425,76,7.6,27,1,2641,2642,0.882038953034,0.883572933822,75,7.5,26,0,2608,2607,0.843689433337,0.842155452549,76,7.6,27,0,2717,2715,0.983281685035,0.980213723459,75,7.5,27,1,2074,2073,0.012271846303,0.010737865515,76,7.6,26,0
175,2026-09-05T05:22:24.441612+00:00,174505687000000,174505718000000,11.218000000,online_inference,2,0,2089,2087,0.101242732000,0.098174770425,76,7.6,27,1,2641,2642,0.882038953034,0.883572933822,75,7.5,26,0,2608,2607,0.843689433337,0.842155452549,76,7.6,27,0,2717,2715,0.983281685035,0.980213723459,75,7.5,27,0,2074,2073,0.012271846303,0.010737865515,76,7.6,26,0
176,2026-09-05T05:22:24.505694+00:00,174505734000000,174505781000000,11.281000000,online_inference,2,0,2089,2087,0.101242732000,0.098174770425,76,7.6,27,0,2641,2642,0.882038953034,0.883572933822,75,7.5,26,0,2608,2607,0.843689433337,0.842155452549,76,7.6,27,0,2717,2715,0.983281685035,0.980213723459,75,7.5,27,1,2074,2073,0.012271846303,0.010737865515,75,7.5,26,0
177,2026-09-05T05:22:24.553605+00:00,174505796000000,174505828000000,11.328000000,online_inference,2,0,2089,2087,0.101242732000,0.098174770425,76,7.6,27,1,2641,2642,0.882038953034,0.883572933822,75,7.5,26,0,2608,2607,0.843689433337,0.842155452549,76,7.6,27,0,2717,2715,0.983281685035,0.980213723459,75,7.5,27,0,2074,2073,0.012271846303,0.010737865515,76,7.6,26,0
178,2026-09-05T05:22:24.610157+00:00,174505843000000,174505890000000,11.390000000,online_inference,2,0,2089,2087,0.101242732000,0.098174770425,76,7.6,27,0,2641,2642,0.882038953034,0.883572933822,75,7.5,26,0,2608,2607,0.843689433337,0.842155452549,76,7.6,27,0,2717,2715,0.983281685035,0.980213723459,75,7.5,27,1,2074,2073,0.012271846303,0.010737865515,75,7.5,28,0
179,2026-09-05T05:22:24.662843+00:00,174505906000000,174505937000000,11.437000000,online_inference,2,0,2089,2087,0.101242732000,0.098174770425,76,7.6,27,0,2641,2642,0.882038953034,0.883572933822,75,7.5,26,0,2608,2607,0.843689433337,0.842155452549,76,7.6,27,0,2717,2715,0.983281685035,0.980213723459,75,7.5,27,1,2074,2073,0.012271846303,0.010737865515,76,7.6,26,0
180,2026-09-05T05:22:24.720628+00:00,174505953000000,174506000000000,11.500000000,online_inference,2,0,2089,2087,0.101242732000,0.098174770425,76,7.6,27,1,2641,2642,0.882038953034,0.883572933822,75,7.5,26,0,2608,2607,0.843689433337,0.842155452549,76,7.6,27,0,2717,2715,0.983281685035,0.980213723459,75,7.5,27,1,2074,2073,0.012271846303,0.010737865515,76,7.6,26,0
181,2026-09-05T05:22:24.793224+00:00,174506015000000,174506062000000,11.562000000,online_inference,2,0,2089,2087,0.101242732000,0.098174770425,76,7.6,27,0,2641,2642,0.882038953034,0.883572933822,75,7.5,26,0,2608,2607,0.843689433337,0.842155452549,76,7.6,27,0,2717,2715,0.983281685035,0.980213723459,75,7.5,27,0,2074,2073,0.012271846303,0.010737865515,76,7.6,26,0
182,2026-09-05T05:22:24.842196+00:00,174506078000000,174506125000000,11.625000000,online_inference,2,0,2089,2087,0.101242732000,0.098174770425,76,7.6,27,1,2641,2642,0.882038953034,0.883572933822,75,7.5,26,0,2608,2607,0.843689433337,0.842155452549,76,7.6,27,0,2717,2715,0.983281685035,0.980213723459,75,7.5,27,1,2074,2073,0.012271846303,0.010737865515,75,7.5,26,0
183,2026-09-05T05:22:24.911287+00:00,174506140000000,174506187000000,11.687000000,online_inference,2,0,2089,2087,0.101242732000,0.098174770425,76,7.6,27,0,2641,2642,0.882038953034,0.883572933822,75,7.5,26,0,2608,2607,0.843689433337,0.842155452549,76,7.6,27,0,2717,2715,0.983281685035,0.980213723459,75,7.5,27,0,2074,2073,0.012271846303,0.010737865515,76,7.6,26,0
184,2026-09-05T05:22:24.974798+00:00,174506203000000,174506250000000,11.750000000,online_inference,2,0,2089,2087,0.101242732000,0.098174770425,76,7.6,27,1,2641,2642,0.882038953034,0.883572933822,75,7.5,26,0,2608,2607,0.843689433337,0.842155452549,76,7.6,27,0,2717,2715,0.983281685035,0.980213723459,75,7.5,27,1,2074,2073,0.012271846303,0.010737865515,75,7.5,26,0
185,2026-09-05T05:22:25.036050+00:00,174506265000000,174506312000000,11.812000000,online_inference,2,0,2089,2087,0.101242732000,0.098174770425,76,7.6,27,1,2641,2642,0.882038953034,0.883572933822,75,7.5,26,0,2608,2607,0.843689433337,0.842155452549,76,7.6,27,0,2717,2715,0.983281685035,0.980213723459,75,7.5,27,0,2074,2073,0.012271846303,0.010737865515,76,7.6,26,0
186,2026-09-05T05:22:25.090014+00:00,174506328000000,174506359000000,11.859000000,online_inference,2,0,2089,2087,0.101242732000,0.098174770425,76,7.6,27,0,2641,2642,0.882038953034,0.883572933822,75,7.5,26,0,2608,2607,0.843689433337,0.842155452549,76,7.6,27,0,2717,2715,0.983281685035,0.980213723459,75,7.5,27,0,2074,2073,0.012271846303,0.010737865515,76,7.6,26,0
187,2026-09-05T05:22:25.153496+00:00,174506375000000,174506421000000,11.921000000,online_inference,2,0,2089,2087,0.101242732000,0.098174770425,76,7.6,27,1,2641,2642,0.882038953034,0.883572933822,75,7.5,26,0,2608,2607,0.843689433337,0.842155452549,76,7.6,27,0,2717,2715,0.983281685035,0.980213723459,75,7.5,27,0,2074,2073,0.012271846303,0.010737865515,76,7.6,26,0
188,2026-09-05T05:22:25.203587+00:00,174506437000000,174506484000000,11.984000000,online_inference,2,0,2089,2087,0.101242732000,0.098174770425,76,7.6,27,1,2641,2642,0.882038953034,0.883572933822,75,7.5,26,0,2608,2607,0.843689433337,0.842155452549,76,7.6,27,0,2717,2715,0.983281685035,0.980213723459,75,7.5,27,1,2074,2073,0.012271846303,0.010737865515,75,7.5,26,0
189,2026-09-05T05:22:25.273918+00:00,174506500000000,174506546000000,12.046000000,online_inference,2,0,2089,2087,0.101242732000,0.098174770425,76,7.6,27,1,2641,2642,0.882038953034,0.883572933822,75,7.5,26,0,2608,2607,0.843689433337,0.842155452549,76,7.6,27,0,2717,2715,0.983281685035,0.980213723459,75,7.5,27,0,2074,2073,0.012271846303,0.010737865515,75,7.5,26,0
190,2026-09-05T05:22:25.347362+00:00,174506562000000,174506625000000,12.125000000,online_inference,2,0,2089,2087,0.101242732000,0.098174770425,76,7.6,27,0,2641,2642,0.882038953034,0.883572933822,75,7.5,26,0,2608,2607,0.843689433337,0.842155452549,76,7.6,27,0,2717,2715,0.983281685035,0.980213723459,75,7.5,27,0,2074,2073,0.012271846303,0.010737865515,76,7.6,26,0
191,2026-09-05T05:22:25.414144+00:00,174506640000000,174506687000000,12.187000000,online_inference,2,0,2089,2087,0.101242732000,0.098174770425,76,7.6,27,0,2641,2642,0.882038953034,0.883572933822,75,7.5,26,0,2608,2607,0.843689433337,0.842155452549,76,7.6,27,0,2717,2715,0.983281685035,0.980213723459,75,7.5,27,1,2074,2073,0.012271846303,0.010737865515,76,7.6,26,0
192,2026-09-05T05:22:25.466328+00:00,174506703000000,174506734000000,12.234000000,online_inference,2,0,2089,2087,0.101242732000,0.098174770425,76,7.6,27,1,2641,2642,0.882038953034,0.883572933822,75,7.5,26,0,2608,2607,0.843689433337,0.842155452549,76,7.6,27,0,2717,2715,0.983281685035,0.980213723459,75,7.5,27,0,2074,2073,0.012271846303,0.010737865515,76,7.6,26,0
193,2026-09-05T05:22:25.523956+00:00,174506750000000,174506796000000,12.296000000,online_inference,2,0,2089,2087,0.101242732000,0.098174770425,76,7.6,27,1,2641,2642,0.882038953034,0.883572933822,75,7.5,26,0,2608,2607,0.843689433337,0.842155452549,76,7.6,27,0,2717,2715,0.983281685035,0.980213723459,75,7.5,27,0,2074,2073,0.012271846303,0.010737865515,75,7.5,26,0
194,2026-09-05T05:22:25.574383+00:00,174506812000000,174506843000000,12.343000000,online_inference,2,0,2089,2087,0.101242732000,0.098174770425,76,7.6,27,0,2641,2642,0.882038953034,0.883572933822,75,7.5,26,0,2608,2607,0.843689433337,0.842155452549,76,7.6,27,0,2717,2715,0.983281685035,0.980213723459,75,7.5,27,1,2074,2073,0.012271846303,0.010737865515,75,7.5,26,0
195,2026-09-05T05:22:25.636892+00:00,174506859000000,174506906000000,12.406000000,online_inference,2,0,2089,2087,0.101242732000,0.098174770425,76,7.6,27,0,2641,2642,0.882038953034,0.883572933822,75,7.5,26,0,2608,2607,0.843689433337,0.842155452549,76,7.6,27,0,2717,2715,0.983281685035,0.980213723459,75,7.5,27,1,2074,2073,0.012271846303,0.010737865515,76,7.6,26,0
196,2026-09-05T05:22:25.681687+00:00,174506921000000,174506953000000,12.453000000,online_inference,2,0,2089,2087,0.101242732000,0.098174770425,76,7.6,27,1,2641,2642,0.882038953034,0.883572933822,75,7.5,26,0,2608,2607,0.843689433337,0.842155452549,76,7.6,27,0,2717,2715,0.983281685035,0.980213723459,75,7.5,27,0,2074,2073,0.012271846303,0.010737865515,76,7.6,26,0
197,2026-09-05T05:22:25.748705+00:00,174506968000000,174507031000000,12.531000000,online_inference,2,0,2089,2087,0.101242732000,0.098174770425,76,7.6,27,1,2641,2642,0.882038953034,0.883572933822,75,7.5,26,0,2608,2607,0.843689433337,0.842155452549,76,7.6,27,0,2717,2715,0.983281685035,0.980213723459,75,7.5,27,1,2074,2073,0.012271846303,0.010737865515,75,7.5,26,0
198,2026-09-05T05:22:25.816439+00:00,174507046000000,174507093000000,12.593000000,online_inference,2,0,2089,2087,0.101242732000,0.098174770425,76,7.6,27,1,2641,2642,0.882038953034,0.883572933822,75,7.5,26,0,2608,2607,0.843689433337,0.842155452549,76,7.6,27,0,2717,2715,0.983281685035,0.980213723459,75,7.5,27,1,2074,2073,0.012271846303,0.010737865515,76,7.6,26,0
199,2026-09-05T05:22:25.901422+00:00,174507125000000,174507171000000,12.671000000,online_inference,2,0,2089,2087,0.101242732000,0.098174770425,76,7.6,27,0,2641,2642,0.882038953034,0.883572933822,75,7.5,26,0,2608,2607,0.843689433337,0.842155452549,76,7.6,27,0,2717,2715,0.983281685035,0.980213723459,75,7.5,27,1,2074,2073,0.012271846303,0.010737865515,76,7.6,26,0
200,2026-09-05T05:22:25.959306+00:00,174507187000000,174507234000000,12.734000000,online_inference,2,0,2089,2087,0.101242732000,0.098174770425,76,7.6,27,1,2641,2642,0.882038953034,0.883572933822,75,7.5,26,0,2608,2607,0.843689433337,0.842155452549,76,7.6,27,0,2717,2715,0.983281685035,0.980213723459,75,7.5,27,0,2074,2073,0.012271846303,0.010737865515,76,7.6,26,0
201,2026-09-05T05:22:26.025326+00:00,174507250000000,174507296000000,12.796000000,online_inference,2,0,2089,2087,0.101242732000,0.098174770425,76,7.6,27,1,2641,2642,0.882038953034,0.883572933822,75,7.5,26,0,2608,2607,0.843689433337,0.842155452549,76,7.6,27,0,2717,2715,0.983281685035,0.980213723459,75,7.5,27,0,2074,2073,0.012271846303,0.010737865515,75,7.5,26,0
202,2026-09-05T05:22:26.093172+00:00,174507312000000,174507375000000,12.875000000,online_inference,2,0,2089,2087,0.101242732000,0.098174770425,76,7.6,27,0,2641,2642,0.882038953034,0.883572933822,75,7.5,26,0,2608,2607,0.843689433337,0.842155452549,76,7.6,27,0,2717,2715,0.983281685035,0.980213723459,75,7.5,27,1,2074,2073,0.012271846303,0.010737865515,76,7.6,26,0
203,2026-09-05T05:22:26.157321+00:00,174507390000000,174507437000000,12.937000000,online_inference,2,0,2089,2087,0.101242732000,0.098174770425,76,7.6,27,1,2641,2642,0.882038953034,0.883572933822,75,7.5,26,0,2608,2607,0.843689433337,0.842155452549,76,7.6,27,0,2717,2715,0.983281685035,0.980213723459,75,7.5,27,0,2074,2073,0.012271846303,0.010737865515,76,7.6,26,0
204,2026-09-05T05:22:26.226578+00:00,174507453000000,174507500000000,13.000000000,online_inference,2,0,2089,2087,0.101242732000,0.098174770425,76,7.6,27,1,2641,2642,0.882038953034,0.883572933822,75,7.5,26,0,2608,2607,0.843689433337,0.842155452549,76,7.6,27,0,2717,2715,0.983281685035,0.980213723459,75,7.5,27,1,2074,2073,0.012271846303,0.010737865515,76,7.6,26,0
205,2026-09-05T05:22:26.289492+00:00,174507515000000,174507562000000,13.062000000,online_inference,2,0,2089,2087,0.101242732000,0.098174770425,76,7.6,27,0,2641,2642,0.882038953034,0.883572933822,75,7.5,26,0,2608,2607,0.843689433337,0.842155452549,76,7.6,27,0,2717,2715,0.983281685035,0.980213723459,75,7.5,27,1,2074,2073,0.012271846303,0.010737865515,76,7.6,26,0
206,2026-09-05T05:22:26.362580+00:00,174507578000000,174507640000000,13.140000000,online_inference,2,0,2089,2087,0.101242732000,0.098174770425,76,7.6,27,1,2641,2642,0.882038953034,0.883572933822,75,7.5,26,0,2608,2607,0.843689433337,0.842155452549,76,7.6,27,0,2717,2715,0.983281685035,0.980213723459,75,7.5,27,1,2074,2073,0.012271846303,0.010737865515,75,7.5,26,0
207,2026-09-05T05:22:26.421665+00:00,174507656000000,174507703000000,13.203000000,online_inference,2,0,2089,2087,0.101242732000,0.098174770425,76,7.6,27,1,2641,2642,0.882038953034,0.883572933822,75,7.5,26,0,2608,2607,0.843689433337,0.842155452549,76,7.6,27,0,2717,2715,0.983281685035,0.980213723459,75,7.5,27,1,2074,2073,0.012271846303,0.010737865515,76,7.6,26,0
208,2026-09-05T05:22:26.490801+00:00,174507718000000,174507765000000,13.265000000,online_inference,2,0,2089,2087,0.101242732000,0.098174770425,76,7.6,27,1,2641,2642,0.882038953034,0.883572933822,75,7.5,26,0,2608,2607,0.843689433337,0.842155452549,76,7.6,27,0,2717,2715,0.983281685035,0.980213723459,75,7.5,27,0,2074,2073,0.012271846303,0.010737865515,76,7.6,26,0
209,2026-09-05T05:22:26.540200+00:00,174507781000000,174507812000000,13.312000000,online_inference,2,0,2089,2087,0.101242732000,0.098174770425,76,7.6,27,1,2641,2642,0.882038953034,0.883572933822,75,7.5,26,0,2608,2607,0.843689433337,0.842155452549,76,7.6,27,0,2717,2715,0.983281685035,0.980213723459,75,7.5,27,0,2074,2073,0.012271846303,0.010737865515,76,7.6,26,0
210,2026-09-05T05:22:26.592478+00:00,174507828000000,174507875000000,13.375000000,online_inference,2,0,2089,2087,0.101242732000,0.098174770425,76,7.6,27,1,2641,2642,0.882038953034,0.883572933822,75,7.5,26,0,2608,2607,0.843689433337,0.842155452549,76,7.6,27,0,2717,2715,0.983281685035,0.980213723459,75,7.5,27,1,2074,2073,0.012271846303,0.010737865515,75,7.5,26,0
211,2026-09-05T05:22:26.649522+00:00,174507890000000,174507921000000,13.421000000,online_inference,2,0,2089,2087,0.101242732000,0.098174770425,76,7.6,27,1,2641,2642,0.882038953034,0.883572933822,75,7.5,26,0,2608,2607,0.843689433337,0.842155452549,76,7.6,27,0,2717,2715,0.983281685035,0.980213723459,75,7.5,27,0,2074,2073,0.012271846303,0.010737865515,76,7.6,26,0
212,2026-09-05T05:22:26.698059+00:00,174507937000000,174507968000000,13.468000000,online_inference,2,0,2089,2087,0.101242732000,0.098174770425,76,7.6,27,1,2641,2642,0.882038953034,0.883572933822,75,7.5,26,0,2608,2607,0.843689433337,0.842155452549,76,7.6,27,0,2717,2715,0.983281685035,0.980213723459,75,7.5,27,1,2074,2073,0.012271846303,0.010737865515,75,7.5,26,0
213,2026-09-05T05:22:26.756240+00:00,174507984000000,174508031000000,13.531000000,online_archive,2,0,2089,2087,0.101242732000,0.098174770425,76,7.6,27,1,2641,2642,0.882038953034,0.883572933822,75,7.5,26,0,2608,2607,0.843689433337,0.842155452549,76,7.6,27,0,2717,2715,0.983281685035,0.980213723459,75,7.5,27,1,2074,2073,0.012271846303,0.010737865515,76,7.6,26,0
214,2026-09-05T05:22:26.803722+00:00,174508046000000,174508078000000,13.578000000,online_archive,2,0,2089,2087,0.101242732000,0.098174770425,76,7.6,27,1,2641,2642,0.882038953034,0.883572933822,75,7.5,26,0,2608,2607,0.843689433337,0.842155452549,76,7.6,27,0,2717,2715,0.983281685035,0.980213723459,75,7.5,27,0,2074,2073,0.012271846303,0.010737865515,76,7.6,26,0
215,2026-09-05T05:22:26.889076+00:00,174508125000000,174508171000000,13.671000000,fixed_trajectory,2,0,2089,2087,0.101242732000,0.098174770425,76,7.6,27,0,2641,2642,0.882038953034,0.883572933822,75,7.5,26,0,2608,2607,0.843689433337,0.842155452549,76,7.6,27,0,2717,2715,0.983281685035,0.980213723459,75,7.5,27,0,2074,2073,0.012271846303,0.010737865515,75,7.5,26,0
216,2026-09-05T05:22:27.079982+00:00,174508328000000,174508359000000,13.859000000,fixed_trajectory,2,0,2089,2087,0.101242732000,0.098174770425,76,7.6,27,0,2641,2642,0.882038953034,0.883572933822,75,7.5,26,0,2608,2607,0.843689433337,0.842155452549,76,7.6,27,0,2717,2714,0.983281685035,0.978679742671,75,7.5,27,0,2074,2073,0.012271846303,0.010737865515,76,7.6,26,0
217,2026-09-05T05:22:27.143169+00:00,174508375000000,174508421000000,13.921000000,fixed_trajectory,2,0,2089,2087,0.101242732000,0.098174770425,76,7.6,27,1,2641,2642,0.882038953034,0.883572933822,75,7.5,26,0,2608,2607,0.843689433337,0.842155452549,76,7.6,27,0,2717,2713,0.983281685035,0.977145761883,75,7.5,27,1,2074,2073,0.012271846303,0.010737865515,76,7.6,26,0
218,2026-09-05T05:22:27.199027+00:00,174508437000000,174508468000000,13.968000000,fixed_trajectory,2,0,2089,2087,0.101242732000,0.098174770425,76,7.6,27,0,2641,2642,0.882038953034,0.883572933822,75,7.5,26,0,2608,2607,0.843689433337,0.842155452549,76,7.6,27,0,2717,2712,0.983281685035,0.975611781095,75,7.5,27,1,2074,2073,0.012271846303,0.010737865515,76,7.6,26,0
219,2026-09-05T05:22:27.252896+00:00,174508484000000,174508531000000,14.031000000,fixed_trajectory,2,0,2089,2087,0.101242732000,0.098174770425,76,7.6,27,1,2641,2642,0.882038953034,0.883572933822,75,7.5,26,0,2608,2607,0.843689433337,0.842155452549,76,7.6,27,0,2717,2711,0.983281685035,0.974077800307,75,7.5,27,1,2074,2073,0.012271846303,0.010737865515,75,7.5,26,0
220,2026-09-05T05:22:27.302013+00:00,174508546000000,174508578000000,14.078000000,online_observation,2,0,2089,2087,0.101242732000,0.098174770425,76,7.6,27,0,2641,2642,0.882038953034,0.883572933822,75,7.5,26,0,2608,2607,0.843689433337,0.842155452549,76,7.6,27,0,2717,2710,0.983281685035,0.972543819519,75,7.5,27,1,2074,2073,0.012271846303,0.010737865515,76,7.6,26,0
221,2026-09-05T05:22:27.356178+00:00,174508593000000,174508625000000,14.125000000,online_observation,2,0,2089,2087,0.101242732000,0.098174770425,76,7.6,27,0,2641,2642,0.882038953034,0.883572933822,75,7.5,26,0,2609,2607,0.845223414125,0.842155452549,76,7.6,27,0,2714,2710,0.978679742671,0.972543819519,75,7.5,27,0,2074,2073,0.012271846303,0.010737865515,75,7.5,34,0
222,2026-09-05T05:22:27.414925+00:00,174508640000000,174508687000000,14.187000000,online_observation,2,0,2089,2087,0.101242732000,0.098174770425,76,7.6,27,1,2641,2642,0.882038953034,0.883572933822,75,7.5,26,0,2609,2607,0.845223414125,0.842155452549,76,7.6,27,1,2713,2710,0.977145761883,0.972543819519,75,7.5,27,1,2074,2073,0.012271846303,0.010737865515,75,7.5,26,0
223,2026-09-05T05:22:27.460290+00:00,174508703000000,174508734000000,14.234000000,online_observation,2,0,2089,2087,0.101242732000,0.098174770425,76,7.6,27,1,2641,2642,0.882038953034,0.883572933822,75,7.5,26,0,2609,2607,0.845223414125,0.842155452549,76,7.6,27,1,2713,2710,0.977145761883,0.972543819519,75,7.5,27,1,2074,2073,0.012271846303,0.010737865515,76,7.6,26,0
224,2026-09-05T05:22:27.510076+00:00,174508750000000,174508781000000,14.281000000,online_observation,2,0,2089,2087,0.101242732000,0.098174770425,76,7.6,27,1,2641,2642,0.882038953034,0.883572933822,75,7.5,26,0,2609,2607,0.845223414125,0.842155452549,76,7.6,27,0,2713,2710,0.977145761883,0.972543819519,75,7.5,27,1,2074,2073,0.012271846303,0.010737865515,75,7.5,26,0
225,2026-09-05T05:22:27.552793+00:00,174508796000000,174508828000000,14.328000000,online_observation,2,0,2089,2087,0.101242732000,0.098174770425,76,7.6,27,1,2641,2642,0.882038953034,0.883572933822,75,7.5,26,0,2609,2607,0.845223414125,0.842155452549,76,7.6,27,1,2713,2710,0.977145761883,0.972543819519,75,7.5,27,1,2074,2073,0.012271846303,0.010737865515,76,7.6,26,0
226,2026-09-05T05:22:27.615036+00:00,174508843000000,174508890000000,14.390000000,online_observation,2,0,2089,2087,0.101242732000,0.098174770425,76,7.6,27,0,2641,2642,0.882038953034,0.883572933822,75,7.5,26,0,2609,2607,0.845223414125,0.842155452549,76,7.6,27,1,2713,2710,0.977145761883,0.972543819519,75,7.5,27,1,2074,2073,0.012271846303,0.010737865515,75,7.5,26,0
227,2026-09-05T05:22:27.684416+00:00,174508906000000,174508953000000,14.453000000,online_inference,3,0,2089,2087,0.101242732000,0.098174770425,76,7.6,27,1,2641,2642,0.882038953034,0.883572933822,75,7.5,26,0,2609,2607,0.845223414125,0.842155452549,76,7.6,27,1,2713,2710,0.977145761883,0.972543819519,75,7.5,27,0,2074,2073,0.012271846303,0.010737865515,76,7.6,26,0
228,2026-09-05T05:22:27.738687+00:00,174508968000000,174509015000000,14.515000000,online_inference,3,0,2089,2087,0.101242732000,0.098174770425,76,7.6,27,1,2641,2642,0.882038953034,0.883572933822,75,7.5,26,0,2609,2607,0.845223414125,0.842155452549,76,7.6,27,0,2713,2710,0.977145761883,0.972543819519,75,7.5,27,0,2074,2073,0.012271846303,0.010737865515,75,7.5,26,0
229,2026-09-05T05:22:27.819493+00:00,174509031000000,174509093000000,14.593000000,online_inference,3,0,2089,2087,0.101242732000,0.098174770425,76,7.6,27,0,2641,2642,0.882038953034,0.883572933822,75,7.5,26,0,2609,2607,0.845223414125,0.842155452549,76,7.6,27,1,2713,2710,0.977145761883,0.972543819519,75,7.5,27,1,2074,2073,0.012271846303,0.010737865515,76,7.6,26,0
230,2026-09-05T05:22:27.890585+00:00,174509109000000,174509171000000,14.671000000,online_inference,3,0,2089,2087,0.101242732000,0.098174770425,76,7.6,27,1,2641,2642,0.882038953034,0.883572933822,75,7.5,26,0,2609,2607,0.845223414125,0.842155452549,76,7.6,27,1,2713,2710,0.977145761883,0.972543819519,75,7.5,27,1,2074,2073,0.012271846303,0.010737865515,75,7.5,26,0
231,2026-09-05T05:22:27.967747+00:00,174509187000000,174509250000000,14.750000000,online_inference,3,0,2089,2087,0.101242732000,0.098174770425,76,7.6,27,1,2641,2642,0.882038953034,0.883572933822,75,7.5,26,0,2609,2607,0.845223414125,0.842155452549,76,7.6,27,1,2713,2710,0.977145761883,0.972543819519,75,7.5,27,0,2074,2073,0.012271846303,0.010737865515,75,7.5,26,0
232,2026-09-05T05:22:28.026317+00:00,174509265000000,174509296000000,14.796000000,online_inference,3,0,2089,2087,0.101242732000,0.098174770425,76,7.6,27,1,2641,2642,0.882038953034,0.883572933822,75,7.5,26,0,2609,2607,0.845223414125,0.842155452549,76,7.6,27,1,2713,2710,0.977145761883,0.972543819519,75,7.5,27,1,2074,2073,0.012271846303,0.010737865515,76,7.6,26,0
233,2026-09-05T05:22:28.093364+00:00,174509312000000,174509375000000,14.875000000,online_inference,3,0,2089,2087,0.101242732000,0.098174770425,76,7.6,27,1,2641,2642,0.882038953034,0.883572933822,75,7.5,26,0,2609,2607,0.845223414125,0.842155452549,76,7.6,27,1,2713,2710,0.977145761883,0.972543819519,75,7.5,27,1,2074,2073,0.012271846303,0.010737865515,76,7.6,26,0
234,2026-09-05T05:22:28.170323+00:00,174509390000000,174509453000000,14.953000000,online_inference,3,0,2089,2087,0.101242732000,0.098174770425,76,7.6,27,0,2641,2642,0.882038953034,0.883572933822,75,7.5,26,0,2609,2607,0.845223414125,0.842155452549,76,7.6,27,0,2713,2710,0.977145761883,0.972543819519,75,7.5,27,1,2074,2073,0.012271846303,0.010737865515,76,7.6,26,0
235,2026-09-05T05:22:28.240557+00:00,174509468000000,174509515000000,15.015000000,online_inference,3,0,2089,2087,0.101242732000,0.098174770425,76,7.6,27,0,2641,2642,0.882038953034,0.883572933822,75,7.5,26,0,2609,2607,0.845223414125,0.842155452549,76,7.6,27,1,2713,2710,0.977145761883,0.972543819519,75,7.5,27,1,2074,2073,0.012271846303,0.010737865515,75,7.5,26,0
236,2026-09-05T05:22:28.297199+00:00,174509531000000,174509578000000,15.078000000,online_inference,3,0,2089,2087,0.101242732000,0.098174770425,76,7.6,27,0,2641,2642,0.882038953034,0.883572933822,75,7.5,26,0,2609,2607,0.845223414125,0.842155452549,76,7.6,27,0,2713,2710,0.977145761883,0.972543819519,75,7.5,27,0,2074,2073,0.012271846303,0.010737865515,75,7.5,26,0
237,2026-09-05T05:22:28.357392+00:00,174509593000000,174509625000000,15.125000000,online_inference,3,0,2089,2087,0.101242732000,0.098174770425,76,7.6,27,1,2641,2642,0.882038953034,0.883572933822,75,7.5,26,0,2609,2607,0.845223414125,0.842155452549,76,7.6,27,0,2713,2710,0.977145761883,0.972543819519,75,7.5,27,0,2074,2073,0.012271846303,0.010737865515,76,7.6,26,0
238,2026-09-05T05:22:28.404154+00:00,174509640000000,174509671000000,15.171000000,online_inference,3,0,2089,2087,0.101242732000,0.098174770425,76,7.6,27,1,2641,2642,0.882038953034,0.883572933822,75,7.5,26,0,2609,2607,0.845223414125,0.842155452549,76,7.6,27,1,2713,2710,0.977145761883,0.972543819519,75,7.5,27,0,2074,2073,0.012271846303,0.010737865515,75,7.5,26,0
239,2026-09-05T05:22:28.465116+00:00,174509687000000,174509734000000,15.234000000,online_inference,3,0,2089,2087,0.101242732000,0.098174770425,76,7.6,27,1,2641,2642,0.882038953034,0.883572933822,75,7.5,26,0,2609,2607,0.845223414125,0.842155452549,76,7.6,27,0,2713,2710,0.977145761883,0.972543819519,75,7.5,27,1,2074,2073,0.012271846303,0.010737865515,76,7.6,26,0
240,2026-09-05T05:22:28.516682+00:00,174509750000000,174509796000000,15.296000000,online_inference,3,0,2089,2087,0.101242732000,0.098174770425,76,7.6,27,1,2641,2642,0.882038953034,0.883572933822,75,7.5,26,0,2609,2607,0.845223414125,0.842155452549,76,7.6,27,0,2713,2710,0.977145761883,0.972543819519,75,7.5,27,0,2074,2073,0.012271846303,0.010737865515,75,7.5,26,0
241,2026-09-05T05:22:28.567633+00:00,174509812000000,174509843000000,15.343000000,online_inference,3,0,2089,2087,0.101242732000,0.098174770425,76,7.6,27,1,2641,2642,0.882038953034,0.883572933822,75,7.5,26,0,2609,2607,0.845223414125,0.842155452549,76,7.6,27,0,2713,2710,0.977145761883,0.972543819519,75,7.5,27,1,2074,2073,0.012271846303,0.010737865515,75,7.5,26,0
242,2026-09-05T05:22:28.628922+00:00,174509859000000,174509906000000,15.406000000,online_inference,3,0,2089,2087,0.101242732000,0.098174770425,76,7.6,27,1,2641,2642,0.882038953034,0.883572933822,75,7.5,26,1,2609,2607,0.845223414125,0.842155452549,76,7.6,27,1,2713,2710,0.977145761883,0.972543819519,75,7.5,27,1,2074,2073,0.012271846303,0.010737865515,76,7.6,26,0
243,2026-09-05T05:22:28.713987+00:00,174509921000000,174509984000000,15.484000000,online_inference,3,0,2089,2087,0.101242732000,0.098174770425,76,7.6,27,0,2641,2642,0.882038953034,0.883572933822,75,7.5,26,0,2609,2607,0.845223414125,0.842155452549,76,7.6,27,1,2713,2710,0.977145761883,0.972543819519,75,7.5,27,1,2074,2073,0.012271846303,0.010737865515,75,7.5,26,0
244,2026-09-05T05:22:28.773078+00:00,174510000000000,174510046000000,15.546000000,online_inference,3,0,2089,2087,0.101242732000,0.098174770425,76,7.6,27,1,2641,2642,0.882038953034,0.883572933822,75,7.5,26,0,2609,2607,0.845223414125,0.842155452549,76,7.6,27,1,2713,2710,0.977145761883,0.972543819519,75,7.5,27,1,2074,2073,0.012271846303,0.010737865515,75,7.5,26,0
245,2026-09-05T05:22:28.835469+00:00,174510062000000,174510109000000,15.609000000,online_inference,3,0,2089,2087,0.101242732000,0.098174770425,76,7.6,27,1,2641,2642,0.882038953034,0.883572933822,75,7.5,26,0,2609,2607,0.845223414125,0.842155452549,76,7.6,27,0,2713,2710,0.977145761883,0.972543819519,75,7.5,27,1,2074,2073,0.012271846303,0.010737865515,75,7.5,26,0
246,2026-09-05T05:22:28.897277+00:00,174510125000000,174510171000000,15.671000000,online_inference,3,0,2089,2087,0.101242732000,0.098174770425,76,7.6,27,0,2641,2642,0.882038953034,0.883572933822,75,7.5,26,0,2609,2607,0.845223414125,0.842155452549,76,7.6,27,1,2713,2710,0.977145761883,0.972543819519,75,7.5,27,0,2074,2073,0.012271846303,0.010737865515,76,7.6,26,0
247,2026-09-05T05:22:28.950047+00:00,174510187000000,174510218000000,15.718000000,online_inference,3,0,2089,2087,0.101242732000,0.098174770425,76,7.6,27,0,2641,2642,0.882038953034,0.883572933822,75,7.5,26,0,2609,2607,0.845223414125,0.842155452549,76,7.6,27,0,2713,2710,0.977145761883,0.972543819519,75,7.5,27,1,2074,2073,0.012271846303,0.010737865515,76,7.6,26,0
248,2026-09-05T05:22:29.013790+00:00,174510234000000,174510281000000,15.781000000,online_inference,3,0,2089,2087,0.101242732000,0.098174770425,76,7.6,27,1,2641,2642,0.882038953034,0.883572933822,75,7.5,26,0,2609,2607,0.845223414125,0.842155452549,76,7.6,27,0,2713,2710,0.977145761883,0.972543819519,75,7.5,27,0,2074,2073,0.012271846303,0.010737865515,76,7.6,26,0
249,2026-09-05T05:22:29.053791+00:00,174510296000000,174510328000000,15.828000000,online_inference,3,0,2089,2087,0.101242732000,0.098174770425,76,7.6,27,1,2641,2642,0.882038953034,0.883572933822,75,7.5,26,0,2609,2607,0.845223414125,0.842155452549,76,7.6,27,1,2713,2710,0.977145761883,0.972543819519,75,7.5,27,1,2074,2073,0.012271846303,0.010737865515,75,7.5,26,0
250,2026-09-05T05:22:29.121399+00:00,174510343000000,174510390000000,15.890000000,online_inference,3,0,2089,2087,0.101242732000,0.098174770425,76,7.6,27,0,2641,2642,0.882038953034,0.883572933822,75,7.5,26,0,2609,2607,0.845223414125,0.842155452549,76,7.6,27,1,2713,2710,0.977145761883,0.972543819519,75,7.5,27,0,2074,2073,0.012271846303,0.010737865515,75,7.5,26,0
251,2026-09-05T05:22:29.165673+00:00,174510406000000,174510437000000,15.937000000,online_inference,3,0,2089,2087,0.101242732000,0.098174770425,76,7.6,27,0,2641,2642,0.882038953034,0.883572933822,75,7.5,26,0,2609,2607,0.845223414125,0.842155452549,76,7.6,27,1,2713,2710,0.977145761883,0.972543819519,75,7.5,27,1,2074,2073,0.012271846303,0.010737865515,76,7.6,26,0
252,2026-09-05T05:22:29.236850+00:00,174510453000000,174510515000000,16.015000000,online_inference,3,0,2089,2087,0.101242732000,0.098174770425,76,7.6,27,1,2641,2642,0.882038953034,0.883572933822,75,7.5,26,0,2609,2607,0.845223414125,0.842155452549,76,7.6,27,1,2713,2710,0.977145761883,0.972543819519,75,7.5,27,0,2074,2073,0.012271846303,0.010737865515,76,7.6,26,0
253,2026-09-05T05:22:29.305948+00:00,174510531000000,174510578000000,16.078000000,online_inference,3,0,2089,2087,0.101242732000,0.098174770425,76,7.6,27,1,2641,2642,0.882038953034,0.883572933822,75,7.5,26,0,2609,2607,0.845223414125,0.842155452549,76,7.6,27,0,2713,2710,0.977145761883,0.972543819519,75,7.5,27,1,2074,2073,0.012271846303,0.010737865515,75,7.5,26,0
254,2026-09-05T05:22:29.356653+00:00,174510593000000,174510625000000,16.125000000,online_inference,3,0,2089,2087,0.101242732000,0.098174770425,76,7.6,27,1,2641,2642,0.882038953034,0.883572933822,75,7.5,25,0,2609,2607,0.845223414125,0.842155452549,76,7.6,27,0,2713,2710,0.977145761883,0.972543819519,75,7.5,27,1,2074,2073,0.012271846303,0.010737865515,76,7.6,26,0
255,2026-09-05T05:22:29.409524+00:00,174510640000000,174510687000000,16.187000000,online_inference,3,0,2089,2087,0.101242732000,0.098174770425,76,7.6,27,1,2641,2642,0.882038953034,0.883572933822,75,7.5,26,0,2609,2607,0.845223414125,0.842155452549,76,7.6,27,1,2713,2710,0.977145761883,0.972543819519,75,7.5,27,1,2074,2073,0.012271846303,0.010737865515,76,7.6,26,0
256,2026-09-05T05:22:29.475664+00:00,174510703000000,174510750000000,16.250000000,online_inference,3,0,2089,2087,0.101242732000,0.098174770425,76,7.6,27,1,2641,2642,0.882038953034,0.883572933822,75,7.5,26,0,2609,2607,0.845223414125,0.842155452549,76,7.6,27,1,2713,2710,0.977145761883,0.972543819519,75,7.5,27,1,2074,2073,0.012271846303,0.010737865515,75,7.5,26,0
257,2026-09-05T05:22:29.525314+00:00,174510765000000,174510796000000,16.296000000,online_inference,3,0,2089,2087,0.101242732000,0.098174770425,76,7.6,27,1,2641,2642,0.882038953034,0.883572933822,75,7.5,26,0,2609,2607,0.845223414125,0.842155452549,76,7.6,27,0,2713,2710,0.977145761883,0.972543819519,75,7.5,27,1,2074,2073,0.012271846303,0.010737865515,76,7.6,26,0
258,2026-09-05T05:22:29.580843+00:00,174510812000000,174510859000000,16.359000000,online_inference,3,0,2089,2087,0.101242732000,0.098174770425,76,7.6,27,1,2641,2642,0.882038953034,0.883572933822,75,7.5,26,0,2609,2607,0.845223414125,0.842155452549,76,7.6,27,0,2713,2710,0.977145761883,0.972543819519,75,7.5,27,0,2074,2073,0.012271846303,0.010737865515,75,7.5,26,0
259,2026-09-05T05:22:29.646377+00:00,174510875000000,174510921000000,16.421000000,online_inference,3,0,2089,2087,0.101242732000,0.098174770425,76,7.6,27,1,2641,2642,0.882038953034,0.883572933822,75,7.5,26,0,2609,2607,0.845223414125,0.842155452549,76,7.6,27,1,2713,2710,0.977145761883,0.972543819519,75,7.5,27,1,2074,2073,0.012271846303,0.010737865515,76,7.6,26,0
260,2026-09-05T05:22:29.698645+00:00,174510937000000,174510968000000,16.468000000,online_inference,3,0,2089,2087,0.101242732000,0.098174770425,76,7.6,27,1,2641,2642,0.882038953034,0.883572933822,75,7.5,26,0,2609,2607,0.845223414125,0.842155452549,76,7.6,27,1,2713,2710,0.977145761883,0.972543819519,75,7.5,27,1,2074,2073,0.012271846303,0.010737865515,75,7.5,26,0
261,2026-09-05T05:22:29.774641+00:00,174510984000000,174511046000000,16.546000000,online_inference,3,0,2089,2087,0.101242732000,0.098174770425,76,7.6,27,1,2641,2642,0.882038953034,0.883572933822,75,7.5,26,0,2609,2607,0.845223414125,0.842155452549,76,7.6,27,1,2713,2710,0.977145761883,0.972543819519,75,7.5,27,0,2074,2073,0.012271846303,0.010737865515,75,7.5,26,0
262,2026-09-05T05:22:29.826631+00:00,174511062000000,174511109000000,16.609000000,online_inference,3,0,2089,2087,0.101242732000,0.098174770425,76,7.6,27,0,2641,2642,0.882038953034,0.883572933822,75,7.5,26,0,2610,2607,0.846757394913,0.842155452549,76,7.6,27,0,2713,2710,0.977145761883,0.972543819519,75,7.5,27,1,2074,2073,0.012271846303,0.010737865515,76,7.6,26,0
263,2026-09-05T05:22:29.891430+00:00,174511125000000,174511171000000,16.671000000,online_inference,3,0,2089,2087,0.101242732000,0.098174770425,76,7.6,27,0,2641,2642,0.882038953034,0.883572933822,75,7.5,26,0,2610,2607,0.846757394913,0.842155452549,76,7.6,27,1,2713,2710,0.977145761883,0.972543819519,75,7.5,27,1,2074,2073,0.012271846303,0.010737865515,76,7.6,26,0
264,2026-09-05T05:22:29.965871+00:00,174511187000000,174511234000000,16.734000000,online_inference,3,0,2089,2087,0.101242732000,0.098174770425,76,7.6,27,0,2641,2642,0.882038953034,0.883572933822,75,7.5,26,0,2610,2607,0.846757394913,0.842155452549,76,7.6,27,0,2713,2710,0.977145761883,0.972543819519,75,7.5,27,1,2074,2073,0.012271846303,0.010737865515,75,7.5,26,0
265,2026-09-05T05:22:30.018932+00:00,174511250000000,174511296000000,16.796000000,online_inference,3,0,2089,2087,0.101242732000,0.098174770425,76,7.6,27,0,2641,2642,0.882038953034,0.883572933822,75,7.5,26,0,2610,2607,0.846757394913,0.842155452549,76,7.6,27,1,2713,2710,0.977145761883,0.972543819519,75,7.5,27,0,2074,2073,0.012271846303,0.010737865515,76,7.6,26,0
266,2026-09-05T05:22:30.075814+00:00,174511312000000,174511343000000,16.843000000,online_inference,3,0,2089,2087,0.101242732000,0.098174770425,76,7.6,27,0,2641,2642,0.882038953034,0.883572933822,75,7.5,26,0,2610,2607,0.846757394913,0.842155452549,76,7.6,27,1,2713,2710,0.977145761883,0.972543819519,75,7.5,27,1,2074,2073,0.012271846303,0.010737865515,76,7.6,26,0
267,2026-09-05T05:22:30.131108+00:00,174511359000000,174511406000000,16.906000000,online_inference,3,0,2089,2087,0.101242732000,0.098174770425,76,7.6,27,1,2641,2642,0.882038953034,0.883572933822,75,7.5,26,0,2610,2607,0.846757394913,0.842155452549,76,7.6,27,1,2713,2710,0.977145761883,0.972543819519,75,7.5,27,1,2074,2073,0.012271846303,0.010737865515,75,7.5,26,0
268,2026-09-05T05:22:30.183163+00:00,174511421000000,174511453000000,16.953000000,online_inference,3,0,2089,2087,0.101242732000,0.098174770425,76,7.6,27,1,2641,2642,0.882038953034,0.883572933822,75,7.5,26,0,2610,2607,0.846757394913,0.842155452549,76,7.6,27,1,2713,2710,0.977145761883,0.972543819519,75,7.5,27,1,2074,2073,0.012271846303,0.010737865515,76,7.6,26,0
269,2026-09-05T05:22:30.244608+00:00,174511468000000,174511515000000,17.015000000,online_inference,3,0,2089,2087,0.101242732000,0.098174770425,76,7.6,27,0,2641,2642,0.882038953034,0.883572933822,75,7.5,26,0,2610,2607,0.846757394913,0.842155452549,76,7.6,27,1,2713,2710,0.977145761883,0.972543819519,75,7.5,27,1,2074,2073,0.012271846303,0.010737865515,76,7.6,26,0
270,2026-09-05T05:22:30.321599+00:00,174511546000000,174511593000000,17.093000000,online_inference,3,0,2089,2087,0.101242732000,0.098174770425,76,7.6,27,0,2641,2642,0.882038953034,0.883572933822,75,7.5,26,0,2610,2607,0.846757394913,0.842155452549,76,7.6,27,1,2713,2710,0.977145761883,0.972543819519,75,7.5,27,1,2074,2073,0.012271846303,0.010737865515,75,7.5,26,0
271,2026-09-05T05:22:30.371561+00:00,174511609000000,174511640000000,17.140000000,online_inference,3,0,2089,2087,0.101242732000,0.098174770425,76,7.6,27,1,2641,2642,0.882038953034,0.883572933822,75,7.5,26,0,2610,2607,0.846757394913,0.842155452549,76,7.6,27,0,2713,2710,0.977145761883,0.972543819519,75,7.5,27,1,2074,2073,0.012271846303,0.010737865515,75,7.5,26,0
272,2026-09-05T05:22:30.432316+00:00,174511656000000,174511703000000,17.203000000,online_inference,3,0,2089,2087,0.101242732000,0.098174770425,76,7.6,27,1,2641,2642,0.882038953034,0.883572933822,75,7.5,26,0,2610,2607,0.846757394913,0.842155452549,76,7.6,27,1,2713,2710,0.977145761883,0.972543819519,75,7.5,27,1,2074,2073,0.012271846303,0.010737865515,76,7.6,26,0
273,2026-09-05T05:22:30.489645+00:00,174511718000000,174511765000000,17.265000000,online_inference,3,0,2089,2087,0.101242732000,0.098174770425,76,7.6,27,1,2641,2642,0.882038953034,0.883572933822,75,7.5,26,0,2610,2607,0.846757394913,0.842155452549,76,7.6,27,1,2713,2710,0.977145761883,0.972543819519,75,7.5,27,1,2074,2073,0.012271846303,0.010737865515,76,7.6,26,0
274,2026-09-05T05:22:30.543832+00:00,174511781000000,174511812000000,17.312000000,online_inference,3,0,2089,2087,0.101242732000,0.098174770425,76,7.6,27,1,2641,2642,0.882038953034,0.883572933822,75,7.5,26,0,2610,2607,0.846757394913,0.842155452549,76,7.6,27,1,2713,2710,0.977145761883,0.972543819519,75,7.5,27,1,2074,2073,0.012271846303,0.010737865515,75,7.5,26,0
275,2026-09-05T05:22:30.613473+00:00,174511828000000,174511890000000,17.390000000,online_inference,3,0,2089,2087,0.101242732000,0.098174770425,76,7.6,27,0,2641,2642,0.882038953034,0.883572933822,75,7.5,26,0,2610,2607,0.846757394913,0.842155452549,76,7.6,27,0,2713,2710,0.977145761883,0.972543819519,75,7.5,27,1,2074,2073,0.012271846303,0.010737865515,76,7.6,26,0
276,2026-09-05T05:22:30.678107+00:00,174511906000000,174511953000000,17.453000000,online_inference,3,0,2089,2087,0.101242732000,0.098174770425,76,7.6,27,0,2641,2642,0.882038953034,0.883572933822,75,7.5,26,0,2610,2607,0.846757394913,0.842155452549,76,7.6,27,1,2713,2710,0.977145761883,0.972543819519,75,7.5,27,1,2074,2073,0.012271846303,0.010737865515,76,7.6,26,0
277,2026-09-05T05:22:30.745714+00:00,174511968000000,174512015000000,17.515000000,online_inference,3,0,2089,2087,0.101242732000,0.098174770425,76,7.6,27,1,2641,2642,0.882038953034,0.883572933822,75,7.5,26,0,2610,2607,0.846757394913,0.842155452549,76,7.6,27,1,2713,2710,0.977145761883,0.972543819519,75,7.5,27,0,2074,2073,0.012271846303,0.010737865515,75,7.5,26,0
278,2026-09-05T05:22:30.810423+00:00,174512031000000,174512078000000,17.578000000,online_inference,3,0,2089,2087,0.101242732000,0.098174770425,76,7.6,27,1,2641,2642,0.882038953034,0.883572933822,75,7.5,26,0,2610,2607,0.846757394913,0.842155452549,76,7.6,27,1,2713,2710,0.977145761883,0.972543819519,75,7.5,27,1,2074,2073,0.012271846303,0.010737865515,76,7.6,26,0
279,2026-09-05T05:22:30.892306+00:00,174512109000000,174512171000000,17.671000000,online_inference,3,0,2089,2087,0.101242732000,0.098174770425,76,7.6,27,1,2641,2642,0.882038953034,0.883572933822,75,7.5,26,0,2610,2607,0.846757394913,0.842155452549,76,7.6,27,1,2713,2710,0.977145761883,0.972543819519,75,7.5,27,1,2074,2073,0.012271846303,0.010737865515,76,7.6,26,0
280,2026-09-05T05:22:30.966475+00:00,174512187000000,174512234000000,17.734000000,online_inference,3,0,2089,2087,0.101242732000,0.098174770425,76,7.6,27,0,2641,2642,0.882038953034,0.883572933822,75,7.5,26,0,2610,2607,0.846757394913,0.842155452549,76,7.6,27,0,2713,2710,0.977145761883,0.972543819519,75,7.5,27,1,2074,2073,0.012271846303,0.010737865515,76,7.6,26,0
281,2026-09-05T05:22:31.031374+00:00,174512250000000,174512312000000,17.812000000,online_inference,3,0,2089,2087,0.101242732000,0.098174770425,76,7.6,27,0,2641,2642,0.882038953034,0.883572933822,75,7.5,26,0,2610,2607,0.846757394913,0.842155452549,76,7.6,27,1,2713,2710,0.977145761883,0.972543819519,75,7.5,27,1,2074,2073,0.012271846303,0.010737865515,75,7.5,26,0
282,2026-09-05T05:22:31.097890+00:00,174512328000000,174512375000000,17.875000000,online_inference,3,0,2089,2087,0.101242732000,0.098174770425,76,7.6,27,1,2641,2642,0.882038953034,0.883572933822,75,7.5,26,0,2610,2607,0.846757394913,0.842155452549,76,7.6,27,0,2713,2710,0.977145761883,0.972543819519,75,7.5,27,1,2074,2073,0.012271846303,0.010737865515,75,7.5,26,0
283,2026-09-05T05:22:31.162798+00:00,174512390000000,174512437000000,17.937000000,online_inference,3,0,2089,2087,0.101242732000,0.098174770425,76,7.6,27,1,2641,2642,0.882038953034,0.883572933822,75,7.5,26,0,2610,2607,0.846757394913,0.842155452549,76,7.6,27,1,2713,2710,0.977145761883,0.972543819519,75,7.5,27,0,2074,2073,0.012271846303,0.010737865515,76,7.6,26,0
284,2026-09-05T05:22:31.214075+00:00,174512453000000,174512484000000,17.984000000,online_inference,3,0,2089,2087,0.101242732000,0.098174770425,76,7.6,27,0,2641,2642,0.882038953034,0.883572933822,75,7.5,26,0,2610,2607,0.846757394913,0.842155452549,76,7.6,27,0,2713,2710,0.977145761883,0.972543819519,75,7.5,27,1,2074,2073,0.012271846303,0.010737865515,76,7.6,26,0
285,2026-09-05T05:22:31.277440+00:00,174512500000000,174512546000000,18.046000000,online_inference,3,0,2089,2087,0.101242732000,0.098174770425,76,7.6,27,0,2641,2642,0.882038953034,0.883572933822,75,7.5,26,0,2610,2607,0.846757394913,0.842155452549,76,7.6,27,1,2713,2710,0.977145761883,0.972543819519,75,7.5,27,1,2074,2073,0.012271846303,0.010737865515,75,7.5,26,0
286,2026-09-05T05:22:31.332525+00:00,174512562000000,174512609000000,18.109000000,online_inference,3,0,2089,2087,0.101242732000,0.098174770425,76,7.6,27,1,2641,2642,0.882038953034,0.883572933822,75,7.5,26,0,2610,2607,0.846757394913,0.842155452549,76,7.6,27,0,2713,2710,0.977145761883,0.972543819519,75,7.5,27,1,2074,2073,0.012271846303,0.010737865515,76,7.6,26,0
287,2026-09-05T05:22:31.398272+00:00,174512625000000,174512671000000,18.171000000,online_inference,3,0,2089,2087,0.101242732000,0.098174770425,76,7.6,27,1,2641,2642,0.882038953034,0.883572933822,75,7.5,26,0,2610,2607,0.846757394913,0.842155452549,76,7.6,27,1,2713,2710,0.977145761883,0.972543819519,75,7.5,27,1,2074,2073,0.012271846303,0.010737865515,75,7.5,26,0
288,2026-09-05T05:22:31.455949+00:00,174512687000000,174512734000000,18.234000000,online_archive,3,0,2089,2087,0.101242732000,0.098174770425,76,7.6,27,1,2641,2642,0.882038953034,0.883572933822,75,7.5,26,0,2610,2607,0.846757394913,0.842155452549,76,7.6,27,0,2713,2710,0.977145761883,0.972543819519,75,7.5,27,0,2074,2073,0.012271846303,0.010737865515,76,7.6,26,0
289,2026-09-05T05:22:31.513431+00:00,174512750000000,174512781000000,18.281000000,online_archive,3,0,2089,2087,0.101242732000,0.098174770425,76,7.6,27,0,2641,2642,0.882038953034,0.883572933822,75,7.5,26,0,2610,2607,0.846757394913,0.842155452549,76,7.6,27,0,2713,2710,0.977145761883,0.972543819519,75,7.5,27,1,2074,2073,0.012271846303,0.010737865515,75,7.5,26,0
290,2026-09-05T05:22:31.583164+00:00,174512828000000,174512859000000,18.359000000,fixed_trajectory,3,0,2089,2087,0.101242732000,0.098174770425,76,7.6,27,1,2641,2642,0.882038953034,0.883572933822,75,7.5,26,0,2610,2607,0.846757394913,0.842155452549,76,7.6,27,1,2713,2710,0.977145761883,0.972543819519,75,7.5,27,1,2074,2073,0.012271846303,0.010737865515,75,7.5,26,0
291,2026-09-05T05:22:31.641312+00:00,174512875000000,174512921000000,18.421000000,fixed_trajectory,3,0,2089,2087,0.101242732000,0.098174770425,76,7.6,27,1,2641,2642,0.882038953034,0.883572933822,75,7.5,26,0,2610,2607,0.846757394913,0.842155452549,76,7.6,27,1,2713,2709,0.977145761883,0.971009838732,75,7.5,27,1,2074,2073,0.012271846303,0.010737865515,76,7.6,26,0
292,2026-09-05T05:22:31.687698+00:00,174512937000000,174512968000000,18.468000000,fixed_trajectory,3,0,2089,2087,0.101242732000,0.098174770425,76,7.6,27,1,2641,2642,0.882038953034,0.883572933822,75,7.5,26,0,2610,2607,0.846757394913,0.842155452549,76,7.6,27,1,2711,2708,0.974077800307,0.969475857944,75,7.5,27,1,2074,2073,0.012271846303,0.010737865515,75,7.5,26,0
293,2026-09-05T05:22:31.747248+00:00,174512984000000,174513015000000,18.515000000,fixed_trajectory,3,0,2089,2087,0.101242732000,0.098174770425,76,7.6,27,0,2641,2642,0.882038953034,0.883572933822,75,7.5,26,0,2610,2607,0.846757394913,0.842155452549,76,7.6,27,1,2710,2707,0.972543819519,0.967941877156,75,7.5,27,0,2074,2073,0.012271846303,0.010737865515,75,7.5,26,0
294,2026-09-05T05:22:31.795597+00:00,174513031000000,174513078000000,18.578000000,online_observation,3,0,2089,2087,0.101242732000,0.098174770425,76,7.6,27,0,2641,2642,0.882038953034,0.883572933822,75,7.5,26,0,2610,2607,0.846757394913,0.842155452549,76,7.6,27,1,2709,2706,0.971009838732,0.966407896368,75,7.5,27,1,2074,2073,0.012271846303,0.010737865515,76,7.6,26,0
295,2026-09-05T05:22:31.848227+00:00,174513093000000,174513125000000,18.625000000,online_observation,3,0,2089,2087,0.101242732000,0.098174770425,76,7.6,27,1,2640,2642,0.880504972246,0.883572933822,75,7.5,26,1,2610,2607,0.846757394913,0.842155452549,76,7.6,27,1,2708,2706,0.969475857944,0.966407896368,75,7.5,27,1,2074,2073,0.012271846303,0.010737865515,76,7.6,26,0
296,2026-09-05T05:22:31.907961+00:00,174513140000000,174513187000000,18.687000000,online_observation,3,0,2089,2087,0.101242732000,0.098174770425,76,7.6,27,0,2640,2642,0.880504972246,0.883572933822,75,7.5,26,0,2610,2607,0.846757394913,0.842155452549,76,7.6,27,1,2708,2706,0.969475857944,0.966407896368,75,7.5,27,0,2074,2073,0.012271846303,0.010737865515,76,7.6,26,0
297,2026-09-05T05:22:31.957970+00:00,174513203000000,174513234000000,18.734000000,online_observation,3,0,2089,2087,0.101242732000,0.098174770425,76,7.6,26,1,2640,2642,0.880504972246,0.883572933822,75,7.5,26,0,2610,2607,0.846757394913,0.842155452549,76,7.6,27,1,2708,2706,0.969475857944,0.966407896368,75,7.5,27,1,2074,2073,0.012271846303,0.010737865515,76,7.6,26,0
298,2026-09-05T05:22:32.013782+00:00,174513250000000,174513281000000,18.781000000,online_observation,3,0,2089,2087,0.101242732000,0.098174770425,76,7.6,27,0,2640,2642,0.880504972246,0.883572933822,75,7.5,26,1,2610,2607,0.846757394913,0.842155452549,76,7.6,27,1,2708,2706,0.969475857944,0.966407896368,75,7.5,27,1,2074,2073,0.012271846303,0.010737865515,75,7.5,26,0
299,2026-09-05T05:22:32.067316+00:00,174513296000000,174513343000000,18.843000000,online_observation,3,0,2089,2087,0.101242732000,0.098174770425,76,7.6,27,1,2640,2642,0.880504972246,0.883572933822,75,7.5,26,0,2610,2607,0.846757394913,0.842155452549,76,7.6,27,1,2708,2706,0.969475857944,0.966407896368,75,7.5,27,1,2074,2073,0.012271846303,0.010737865515,75,7.5,26,0
300,2026-09-05T05:22:32.116441+00:00,174513359000000,174513390000000,18.890000000,online_observation,3,0,2089,2087,0.101242732000,0.098174770425,76,7.6,27,1,2640,2642,0.880504972246,0.883572933822,75,7.5,26,1,2610,2607,0.846757394913,0.842155452549,76,7.6,27,1,2708,2706,0.969475857944,0.966407896368,75,7.5,27,0,2074,2073,0.012271846303,0.010737865515,76,7.6,26,0
301,2026-09-05T05:22:32.186111+00:00,174513406000000,174513468000000,18.968000000,online_inference,4,0,2089,2087,0.101242732000,0.098174770425,76,7.6,27,1,2640,2642,0.880504972246,0.883572933822,75,7.5,26,1,2610,2607,0.846757394913,0.842155452549,76,7.6,27,1,2708,2706,0.969475857944,0.966407896368,75,7.5,27,0,2074,2073,0.012271846303,0.010737865515,76,7.6,26,0
302,2026-09-05T05:22:32.259060+00:00,174513484000000,174513531000000,19.031000000,online_inference,4,0,2089,2087,0.101242732000,0.098174770425,76,7.6,27,1,2640,2642,0.880504972246,0.883572933822,75,7.5,26,0,2611,2607,0.848291375701,0.842155452549,76,7.6,27,1,2708,2706,0.969475857944,0.966407896368,75,7.5,27,1,2074,2073,0.012271846303,0.010737865515,76,7.6,26,0
303,2026-09-05T05:22:32.325156+00:00,174513546000000,174513593000000,19.093000000,online_inference,4,0,2089,2087,0.101242732000,0.098174770425,76,7.6,27,1,2640,2642,0.880504972246,0.883572933822,75,7.5,26,1,2611,2607,0.848291375701,0.842155452549,76,7.6,27,1,2708,2706,0.969475857944,0.966407896368,75,7.5,27,0,2074,2073,0.012271846303,0.010737865515,76,7.6,26,0
304,2026-09-05T05:22:32.395567+00:00,174513609000000,174513671000000,19.171000000,online_inference,4,0,2089,2087,0.101242732000,0.098174770425,76,7.6,27,0,2640,2642,0.880504972246,0.883572933822,75,7.5,26,1,2611,2607,0.848291375701,0.842155452549,76,7.6,27,0,2708,2706,0.969475857944,0.966407896368,75,7.5,27,1,2074,2073,0.012271846303,0.010737865515,75,7.5,26,0
305,2026-09-05T05:22:32.483258+00:00,174513703000000,174513765000000,19.265000000,online_inference,4,0,2089,2087,0.101242732000,0.098174770425,76,7.6,27,1,2640,2642,0.880504972246,0.883572933822,75,7.5,26,0,2611,2607,0.848291375701,0.842155452549,76,7.6,27,0,2708,2706,0.969475857944,0.966407896368,75,7.5,27,1,2074,2073,0.012271846303,0.010737865515,75,7.5,26,0
306,2026-09-05T05:22:32.554380+00:00,174513781000000,174513828000000,19.328000000,online_inference,4,0,2089,2087,0.101242732000,0.098174770425,76,7.6,27,0,2640,2642,0.880504972246,0.883572933822,75,7.5,26,0,2611,2607,0.848291375701,0.842155452549,76,7.6,27,1,2708,2706,0.969475857944,0.966407896368,75,7.5,27,1,2074,2073,0.012271846303,0.010737865515,75,7.5,26,0
307,2026-09-05T05:22:32.608263+00:00,174513843000000,174513890000000,19.390000000,online_inference,4,0,2089,2087,0.101242732000,0.098174770425,76,7.6,27,1,2640,2642,0.880504972246,0.883572933822,75,7.5,26,1,2611,2607,0.848291375701,0.842155452549,76,7.6,27,1,2708,2706,0.969475857944,0.966407896368,75,7.5,27,0,2074,2073,0.012271846303,0.010737865515,76,7.6,26,0
308,2026-09-05T05:22:32.682846+00:00,174513906000000,174513953000000,19.453000000,online_inference,4,0,2089,2087,0.101242732000,0.098174770425,76,7.6,27,0,2640,2642,0.880504972246,0.883572933822,75,7.5,26,1,2611,2607,0.848291375701,0.842155452549,76,7.6,27,1,2708,2706,0.969475857944,0.966407896368,75,7.5,27,1,2074,2073,0.012271846303,0.010737865515,76,7.6,26,0
309,2026-09-05T05:22:32.725899+00:00,174513968000000,174514000000000,19.500000000,online_inference,4,0,2089,2087,0.101242732000,0.098174770425,76,7.6,27,1,2640,2642,0.880504972246,0.883572933822,75,7.5,26,1,2611,2607,0.848291375701,0.842155452549,76,7.6,27,1,2708,2706,0.969475857944,0.966407896368,75,7.5,27,1,2074,2073,0.012271846303,0.010737865515,75,7.5,26,0
310,2026-09-05T05:22:32.781621+00:00,174514015000000,174514062000000,19.562000000,online_inference,4,0,2089,2087,0.101242732000,0.098174770425,76,7.6,27,0,2640,2642,0.880504972246,0.883572933822,75,7.5,26,0,2611,2607,0.848291375701,0.842155452549,76,7.6,27,1,2708,2706,0.969475857944,0.966407896368,75,7.5,27,0,2074,2073,0.012271846303,0.010737865515,76,7.6,26,0
311,2026-09-05T05:22:32.843460+00:00,174514078000000,174514125000000,19.625000000,online_inference,4,0,2089,2087,0.101242732000,0.098174770425,76,7.6,27,1,2640,2642,0.880504972246,0.883572933822,75,7.5,26,0,2611,2607,0.848291375701,0.842155452549,76,7.6,27,1,2708,2706,0.969475857944,0.966407896368,75,7.5,27,1,2074,2073,0.012271846303,0.010737865515,76,7.6,26,0
312,2026-09-05T05:22:32.906685+00:00,174514140000000,174514187000000,19.687000000,online_inference,4,0,2089,2087,0.101242732000,0.098174770425,76,7.6,27,1,2640,2642,0.880504972246,0.883572933822,75,7.5,26,1,2611,2607,0.848291375701,0.842155452549,76,7.6,27,1,2708,2706,0.969475857944,0.966407896368,75,7.5,27,1,2074,2073,0.012271846303,0.010737865515,76,7.6,26,0
313,2026-09-05T05:22:32.987430+00:00,174514218000000,174514265000000,19.765000000,online_inference,4,0,2089,2087,0.101242732000,0.098174770425,76,7.6,27,1,2640,2642,0.880504972246,0.883572933822,75,7.5,26,0,2611,2607,0.848291375701,0.842155452549,76,7.6,27,1,2708,2706,0.969475857944,0.966407896368,75,7.5,27,0,2074,2073,0.012271846303,0.010737865515,76,7.6,26,0
314,2026-09-05T05:22:33.049417+00:00,174514281000000,174514328000000,19.828000000,online_inference,4,0,2089,2087,0.101242732000,0.098174770425,76,7.6,27,0,2640,2642,0.880504972246,0.883572933822,75,7.5,26,1,2611,2607,0.848291375701,0.842155452549,76,7.6,27,1,2708,2706,0.969475857944,0.966407896368,75,7.5,27,1,2074,2073,0.012271846303,0.010737865515,75,7.5,26,0
315,2026-09-05T05:22:33.112875+00:00,174514343000000,174514390000000,19.890000000,online_inference,4,0,2089,2087,0.101242732000,0.098174770425,76,7.6,27,1,2640,2642,0.880504972246,0.883572933822,75,7.5,26,0,2611,2607,0.848291375701,0.842155452549,76,7.6,27,1,2708,2706,0.969475857944,0.966407896368,75,7.5,27,0,2074,2073,0.012271846303,0.010737865515,75,7.5,26,0
316,2026-09-05T05:22:33.160967+00:00,174514406000000,174514437000000,19.937000000,online_inference,4,0,2089,2087,0.101242732000,0.098174770425,76,7.6,27,1,2640,2642,0.880504972246,0.883572933822,75,7.5,25,0,2611,2607,0.848291375701,0.842155452549,76,7.6,27,1,2708,2706,0.969475857944,0.966407896368,75,7.5,27,0,2074,2073,0.012271846303,0.010737865515,75,7.5,26,0
317,2026-09-05T05:22:33.219591+00:00,174514453000000,174514500000000,20.000000000,online_inference,4,0,2089,2087,0.101242732000,0.098174770425,76,7.6,27,1,2640,2642,0.880504972246,0.883572933822,75,7.5,26,0,2611,2607,0.848291375701,0.842155452549,76,7.6,27,1,2708,2706,0.969475857944,0.966407896368,75,7.5,28,0,2074,2073,0.012271846303,0.010737865515,76,7.6,26,0
318,2026-09-05T05:22:33.276396+00:00,174514515000000,174514546000000,20.046000000,online_inference,4,0,2089,2087,0.101242732000,0.098174770425,76,7.6,27,1,2640,2642,0.880504972246,0.883572933822,75,7.5,26,0,2611,2607,0.848291375701,0.842155452549,76,7.6,27,1,2708,2706,0.969475857944,0.966407896368,75,7.5,27,1,2074,2073,0.012271846303,0.010737865515,76,7.6,26,0
319,2026-09-05T05:22:33.344835+00:00,174514562000000,174514625000000,20.125000000,online_inference,4,0,2089,2087,0.101242732000,0.098174770425,76,7.6,27,1,2640,2642,0.880504972246,0.883572933822,75,7.5,26,0,2611,2607,0.848291375701,0.842155452549,76,7.6,27,1,2708,2706,0.969475857944,0.966407896368,75,7.5,27,1,2074,2073,0.012271846303,0.010737865515,75,7.5,26,0
320,2026-09-05T05:22:33.408881+00:00,174514640000000,174514687000000,20.187000000,online_inference,4,0,2089,2087,0.101242732000,0.098174770425,76,7.6,27,1,2640,2642,0.880504972246,0.883572933822,75,7.5,26,1,2611,2607,0.848291375701,0.842155452549,76,7.6,27,1,2708,2706,0.969475857944,0.966407896368,75,7.5,27,0,2074,2073,0.012271846303,0.010737865515,75,7.5,26,0
321,2026-09-05T05:22:33.478441+00:00,174514703000000,174514750000000,20.250000000,online_inference,4,0,2089,2087,0.101242732000,0.098174770425,76,7.6,27,1,2640,2642,0.880504972246,0.883572933822,75,7.5,26,1,2611,2607,0.848291375701,0.842155452549,76,7.6,27,1,2708,2706,0.969475857944,0.966407896368,75,7.5,27,0,2074,2073,0.012271846303,0.010737865515,75,7.5,26,0
322,2026-09-05T05:22:33.548491+00:00,174514765000000,174514828000000,20.328000000,online_inference,4,0,2089,2087,0.101242732000,0.098174770425,76,7.6,27,1,2640,2642,0.880504972246,0.883572933822,75,7.5,26,1,2611,2607,0.848291375701,0.842155452549,76,7.6,27,0,2708,2706,0.969475857944,0.966407896368,75,7.5,27,1,2074,2073,0.012271846303,0.010737865515,75,7.5,26,0
323,2026-09-05T05:22:33.616690+00:00,174514843000000,174514890000000,20.390000000,online_inference,4,0,2089,2087,0.101242732000,0.098174770425,76,7.6,27,1,2640,2642,0.880504972246,0.883572933822,75,7.5,26,1,2611,2607,0.848291375701,0.842155452549,76,7.6,27,0,2708,2706,0.969475857944,0.966407896368,75,7.5,27,1,2074,2073,0.012271846303,0.010737865515,76,7.6,26,0
324,2026-09-05T05:22:33.675432+00:00,174514906000000,174514953000000,20.453000000,online_inference,4,0,2089,2087,0.101242732000,0.098174770425,76,7.6,27,1,2640,2642,0.880504972246,0.883572933822,75,7.5,26,0,2611,2607,0.848291375701,0.842155452549,76,7.6,27,1,2708,2706,0.969475857944,0.966407896368,75,7.5,27,0,2074,2073,0.012271846303,0.010737865515,75,7.5,26,0
325,2026-09-05T05:22:33.732735+00:00,174514968000000,174515000000000,20.500000000,online_inference,4,0,2089,2087,0.101242732000,0.098174770425,76,7.6,27,0,2640,2642,0.880504972246,0.883572933822,75,7.5,26,0,2611,2607,0.848291375701,0.842155452549,76,7.6,27,1,2708,2706,0.969475857944,0.966407896368,75,7.5,27,1,2074,2073,0.012271846303,0.010737865515,75,7.5,26,0
326,2026-09-05T05:22:33.793333+00:00,174515015000000,174515062000000,20.562000000,online_inference,4,0,2089,2087,0.101242732000,0.098174770425,76,7.6,27,1,2640,2642,0.880504972246,0.883572933822,75,7.5,26,1,2611,2607,0.848291375701,0.842155452549,76,7.6,27,0,2708,2706,0.969475857944,0.966407896368,75,7.5,27,0,2074,2073,0.012271846303,0.010737865515,76,7.6,26,0
327,2026-09-05T05:22:33.859377+00:00,174515078000000,174515140000000,20.640000000,online_inference,4,0,2089,2087,0.101242732000,0.098174770425,76,7.6,27,1,2640,2642,0.880504972246,0.883572933822,75,7.5,26,1,2611,2607,0.848291375701,0.842155452549,76,7.6,27,1,2708,2706,0.969475857944,0.966407896368,75,7.5,27,1,2074,2073,0.012271846303,0.010737865515,75,7.5,26,0
328,2026-09-05T05:22:33.928825+00:00,174515156000000,174515203000000,20.703000000,online_inference,4,0,2089,2087,0.101242732000,0.098174770425,76,7.6,27,1,2640,2642,0.880504972246,0.883572933822,75,7.5,26,1,2611,2607,0.848291375701,0.842155452549,76,7.6,27,1,2708,2706,0.969475857944,0.966407896368,75,7.5,31,1,2074,2073,0.012271846303,0.010737865515,75,7.5,26,0
329,2026-09-05T05:22:33.992172+00:00,174515218000000,174515265000000,20.765000000,online_inference,4,0,2089,2087,0.101242732000,0.098174770425,76,7.6,27,1,2640,2642,0.880504972246,0.883572933822,75,7.5,26,1,2611,2607,0.848291375701,0.842155452549,76,7.6,27,1,2708,2706,0.969475857944,0.966407896368,75,7.5,27,1,2074,2073,0.012271846303,0.010737865515,75,7.5,26,0
330,2026-09-05T05:22:34.070284+00:00,174515296000000,174515343000000,20.843000000,online_inference,4,0,2089,2087,0.101242732000,0.098174770425,76,7.6,27,1,2640,2642,0.880504972246,0.883572933822,75,7.5,26,1,2611,2607,0.848291375701,0.842155452549,76,7.6,27,0,2708,2706,0.969475857944,0.966407896368,75,7.5,27,0,2074,2073,0.012271846303,0.010737865515,76,7.6,26,0
331,2026-09-05T05:22:34.128413+00:00,174515359000000,174515406000000,20.906000000,online_inference,4,0,2089,2087,0.101242732000,0.098174770425,76,7.6,27,0,2640,2642,0.880504972246,0.883572933822,75,7.5,26,0,2611,2607,0.848291375701,0.842155452549,76,7.6,27,1,2708,2706,0.969475857944,0.966407896368,75,7.5,27,1,2074,2073,0.012271846303,0.010737865515,76,7.6,26,0
332,2026-09-05T05:22:34.190099+00:00,174515421000000,174515468000000,20.968000000,online_inference,4,0,2089,2087,0.101242732000,0.098174770425,76,7.6,27,1,2640,2642,0.880504972246,0.883572933822,75,7.5,26,1,2611,2607,0.848291375701,0.842155452549,76,7.6,27,1,2708,2706,0.969475857944,0.966407896368,75,7.5,27,1,2074,2073,0.012271846303,0.010737865515,76,7.6,26,0
333,2026-09-05T05:22:34.261878+00:00,174515484000000,174515531000000,21.031000000,online_inference,4,0,2089,2087,0.101242732000,0.098174770425,76,7.6,27,0,2640,2642,0.880504972246,0.883572933822,75,7.5,26,1,2611,2607,0.848291375701,0.842155452549,76,7.6,27,1,2708,2706,0.969475857944,0.966407896368,75,7.5,27,1,2074,2073,0.012271846303,0.010737865515,75,7.5,26,0
334,2026-09-05T05:22:34.310687+00:00,174515546000000,174515578000000,21.078000000,online_inference,4,0,2089,2087,0.101242732000,0.098174770425,76,7.6,27,1,2640,2642,0.880504972246,0.883572933822,75,7.5,26,1,2611,2607,0.848291375701,0.842155452549,76,7.6,27,1,2708,2706,0.969475857944,0.966407896368,75,7.5,28,1,2074,2073,0.012271846303,0.010737865515,75,7.5,26,0
335,2026-09-05T05:22:34.383989+00:00,174515593000000,174515656000000,21.156000000,online_inference,4,0,2089,2087,0.101242732000,0.098174770425,76,7.6,27,1,2640,2642,0.880504972246,0.883572933822,75,7.5,26,1,2611,2607,0.848291375701,0.842155452549,76,7.6,27,0,2708,2706,0.969475857944,0.966407896368,75,7.5,27,0,2074,2073,0.012271846303,0.010737865515,75,7.5,26,0
336,2026-09-05T05:22:34.449452+00:00,174515671000000,174515718000000,21.218000000,online_inference,4,0,2089,2087,0.101242732000,0.098174770425,76,7.6,27,1,2640,2642,0.880504972246,0.883572933822,75,7.5,26,0,2611,2607,0.848291375701,0.842155452549,76,7.6,27,1,2708,2706,0.969475857944,0.966407896368,75,7.5,27,1,2074,2073,0.012271846303,0.010737865515,75,7.5,26,0
337,2026-09-05T05:22:34.497522+00:00,174515734000000,174515765000000,21.265000000,online_inference,4,0,2089,2087,0.101242732000,0.098174770425,76,7.6,27,1,2640,2642,0.880504972246,0.883572933822,75,7.5,26,1,2611,2607,0.848291375701,0.842155452549,76,7.6,27,1,2708,2706,0.969475857944,0.966407896368,75,7.5,27,1,2074,2073,0.012271846303,0.010737865515,75,7.5,26,0
338,2026-09-05T05:22:34.555628+00:00,174515781000000,174515828000000,21.328000000,online_inference,4,0,2089,2087,0.101242732000,0.098174770425,76,7.6,27,0,2640,2642,0.880504972246,0.883572933822,75,7.5,26,0,2611,2607,0.848291375701,0.842155452549,76,7.6,27,1,2708,2706,0.969475857944,0.966407896368,75,7.5,27,1,2074,2073,0.012271846303,0.010737865515,75,7.5,26,0
339,2026-09-05T05:22:34.638164+00:00,174515859000000,174515906000000,21.406000000,online_inference,4,0,2089,2087,0.101242732000,0.098174770425,76,7.6,27,0,2640,2642,0.880504972246,0.883572933822,75,7.5,26,1,2611,2607,0.848291375701,0.842155452549,76,7.6,27,0,2708,2706,0.969475857944,0.966407896368,75,7.5,27,1,2074,2073,0.012271846303,0.010737865515,76,7.6,26,0
340,2026-09-05T05:22:34.704532+00:00,174515937000000,174515984000000,21.484000000,online_inference,4,0,2089,2087,0.101242732000,0.098174770425,76,7.6,27,1,2640,2642,0.880504972246,0.883572933822,75,7.5,26,1,2611,2607,0.848291375701,0.842155452549,76,7.6,27,1,2708,2706,0.969475857944,0.966407896368,75,7.5,27,1,2074,2073,0.012271846303,0.010737865515,75,7.5,26,0
341,2026-09-05T05:22:34.765429+00:00,174516000000000,174516046000000,21.546000000,online_inference,4,0,2089,2087,0.101242732000,0.098174770425,76,7.6,27,1,2640,2642,0.880504972246,0.883572933822,75,7.5,26,1,2611,2607,0.848291375701,0.842155452549,76,7.6,27,0,2708,2706,0.969475857944,0.966407896368,75,7.5,27,1,2074,2073,0.012271846303,0.010737865515,75,7.5,26,0
342,2026-09-05T05:22:34.840114+00:00,174516062000000,174516109000000,21.609000000,online_inference,4,0,2089,2087,0.101242732000,0.098174770425,76,7.6,27,1,2640,2642,0.880504972246,0.883572933822,75,7.5,26,0,2611,2607,0.848291375701,0.842155452549,76,7.6,27,1,2708,2706,0.969475857944,0.966407896368,75,7.5,27,1,2074,2073,0.012271846303,0.010737865515,75,7.5,26,1
343,2026-09-05T05:22:34.886893+00:00,174516125000000,174516156000000,21.656000000,online_inference,4,0,2089,2087,0.101242732000,0.098174770425,76,7.6,27,1,2640,2642,0.880504972246,0.883572933822,75,7.5,26,0,2611,2607,0.848291375701,0.842155452549,76,7.6,27,1,2708,2706,0.969475857944,0.966407896368,75,7.5,27,1,2074,2073,0.012271846303,0.010737865515,76,7.6,26,0
344,2026-09-05T05:22:34.948713+00:00,174516171000000,174516218000000,21.718000000,online_inference,4,0,2089,2087,0.101242732000,0.098174770425,76,7.6,27,1,2640,2642,0.880504972246,0.883572933822,75,7.5,26,0,2611,2607,0.848291375701,0.842155452549,76,7.6,27,1,2708,2706,0.969475857944,0.966407896368,75,7.5,27,1,2074,2073,0.012271846303,0.010737865515,75,7.5,26,0
345,2026-09-05T05:22:35.015659+00:00,174516234000000,174516296000000,21.796000000,online_inference,4,0,2089,2087,0.101242732000,0.098174770425,76,7.6,27,1,2640,2642,0.880504972246,0.883572933822,75,7.5,26,0,2611,2607,0.848291375701,0.842155452549,76,7.6,27,1,2708,2706,0.969475857944,0.966407896368,75,7.5,27,1,2074,2073,0.012271846303,0.010737865515,76,7.6,26,0
346,2026-09-05T05:22:35.092767+00:00,174516312000000,174516375000000,21.875000000,online_inference,4,0,2089,2087,0.101242732000,0.098174770425,76,7.6,27,1,2640,2642,0.880504972246,0.883572933822,75,7.5,26,0,2611,2607,0.848291375701,0.842155452549,76,7.6,27,0,2708,2706,0.969475857944,0.966407896368,75,7.5,27,1,2074,2073,0.012271846303,0.010737865515,75,7.5,26,0
347,2026-09-05T05:22:35.155653+00:00,174516390000000,174516437000000,21.937000000,online_inference,4,0,2089,2087,0.101242732000,0.098174770425,76,7.6,27,0,2640,2642,0.880504972246,0.883572933822,75,7.5,26,0,2611,2607,0.848291375701,0.842155452549,76,7.6,27,0,2708,2706,0.969475857944,0.966407896368,75,7.5,27,1,2074,2073,0.012271846303,0.010737865515,76,7.6,26,0
348,2026-09-05T05:22:35.225315+00:00,174516453000000,174516500000000,22.000000000,online_inference,4,0,2089,2087,0.101242732000,0.098174770425,76,7.6,27,1,2640,2642,0.880504972246,0.883572933822,75,7.5,26,0,2611,2607,0.848291375701,0.842155452549,76,7.6,27,1,2708,2706,0.969475857944,0.966407896368,75,7.5,27,0,2074,2073,0.012271846303,0.010737865515,76,7.6,26,0
349,2026-09-05T05:22:35.306626+00:00,174516515000000,174516578000000,22.078000000,online_inference,4,0,2089,2087,0.101242732000,0.098174770425,76,7.6,27,1,2640,2642,0.880504972246,0.883572933822,75,7.5,26,0,2611,2607,0.848291375701,0.842155452549,76,7.6,27,1,2708,2706,0.969475857944,0.966407896368,75,7.5,27,1,2074,2073,0.012271846303,0.010737865515,75,7.5,26,0
350,2026-09-05T05:22:35.371696+00:00,174516593000000,174516640000000,22.140000000,online_inference,4,0,2089,2087,0.101242732000,0.098174770425,76,7.6,27,0,2640,2642,0.880504972246,0.883572933822,75,7.5,26,0,2611,2607,0.848291375701,0.842155452549,76,7.6,27,0,2708,2706,0.969475857944,0.966407896368,75,7.5,27,1,2074,2073,0.012271846303,0.010737865515,75,7.5,26,0
351,2026-09-05T05:22:35.437770+00:00,174516656000000,174516718000000,22.218000000,online_inference,4,0,2089,2087,0.101242732000,0.098174770425,76,7.6,27,1,2640,2642,0.880504972246,0.883572933822,75,7.5,26,1,2611,2607,0.848291375701,0.842155452549,76,7.6,27,1,2708,2706,0.969475857944,0.966407896368,75,7.5,27,0,2074,2073,0.012271846303,0.010737865515,76,7.6,26,0
352,2026-09-05T05:22:35.515132+00:00,174516734000000,174516796000000,22.296000000,online_inference,4,0,2089,2087,0.101242732000,0.098174770425,76,7.6,27,0,2640,2642,0.880504972246,0.883572933822,75,7.5,26,0,2611,2607,0.848291375701,0.842155452549,76,7.6,27,1,2708,2706,0.969475857944,0.966407896368,75,7.5,27,0,2074,2073,0.012271846303,0.010737865515,75,7.5,26,0
353,2026-09-05T05:22:35.601516+00:00,174516812000000,174516875000000,22.375000000,online_inference,4,0,2089,2087,0.101242732000,0.098174770425,76,7.6,27,0,2640,2642,0.880504972246,0.883572933822,75,7.5,26,1,2611,2607,0.848291375701,0.842155452549,76,7.6,27,1,2708,2706,0.969475857944,0.966407896368,75,7.5,27,0,2074,2073,0.012271846303,0.010737865515,75,7.5,26,0
354,2026-09-05T05:22:35.698598+00:00,174516921000000,174516968000000,22.468000000,online_inference,4,0,2089,2087,0.101242732000,0.098174770425,76,7.6,27,0,2640,2642,0.880504972246,0.883572933822,75,7.5,26,0,2611,2607,0.848291375701,0.842155452549,76,7.6,27,0,2708,2706,0.969475857944,0.966407896368,75,7.5,27,1,2074,2073,0.012271846303,0.010737865515,76,7.6,26,0
355,2026-09-05T05:22:35.766380+00:00,174516984000000,174517046000000,22.546000000,online_inference,4,0,2089,2087,0.101242732000,0.098174770425,76,7.6,27,0,2640,2642,0.880504972246,0.883572933822,75,7.5,26,1,2611,2607,0.848291375701,0.842155452549,76,7.6,27,1,2708,2706,0.969475857944,0.966407896368,75,7.5,27,1,2074,2073,0.012271846303,0.010737865515,76,7.6,26,0
356,2026-09-05T05:22:35.838041+00:00,174517062000000,174517109000000,22.609000000,online_inference,4,0,2089,2087,0.101242732000,0.098174770425,76,7.6,27,1,2640,2642,0.880504972246,0.883572933822,75,7.5,26,0,2611,2607,0.848291375701,0.842155452549,76,7.6,27,1,2708,2706,0.969475857944,0.966407896368,75,7.5,27,1,2074,2073,0.012271846303,0.010737865515,75,7.5,26,0
357,2026-09-05T05:22:35.900610+00:00,174517125000000,174517171000000,22.671000000,online_inference,4,0,2089,2087,0.101242732000,0.098174770425,76,7.6,27,1,2640,2642,0.880504972246,0.883572933822,75,7.5,26,0,2611,2607,0.848291375701,0.842155452549,76,7.6,27,1,2708,2706,0.969475857944,0.966407896368,75,7.5,27,1,2074,2073,0.012271846303,0.010737865515,76,7.6,26,0
358,2026-09-05T05:22:35.964603+00:00,174517187000000,174517234000000,22.734000000,online_inference,4,0,2089,2087,0.101242732000,0.098174770425,76,7.6,27,1,2640,2642,0.880504972246,0.883572933822,75,7.5,26,0,2611,2607,0.848291375701,0.842155452549,76,7.6,27,1,2708,2706,0.969475857944,0.966407896368,75,7.5,27,1,2074,2073,0.012271846303,0.010737865515,75,7.5,26,0
359,2026-09-05T05:22:36.029679+00:00,174517250000000,174517296000000,22.812000000,online_inference,4,0,2089,2087,0.101242732000,0.098174770425,76,7.6,27,1,2640,2642,0.880504972246,0.883572933822,75,7.5,26,1,2611,2607,0.848291375701,0.842155452549,76,7.6,27,1,2708,2706,0.969475857944,0.966407896368,75,7.5,27,0,2074,2073,0.012271846303,0.010737865515,76,7.6,26,0
360,2026-09-05T05:22:36.093250+00:00,174517328000000,174517375000000,22.875000000,online_inference,4,0,2089,2087,0.101242732000,0.098174770425,76,7.6,27,1,2640,2642,0.880504972246,0.883572933822,75,7.5,26,0,2611,2607,0.848291375701,0.842155452549,76,7.6,27,1,2708,2706,0.969475857944,0.966407896368,75,7.5,27,1,2074,2073,0.012271846303,0.010737865515,75,7.5,26,0
361,2026-09-05T05:22:36.168735+00:00,174517390000000,174517437000000,22.937000000,online_inference,4,0,2089,2087,0.101242732000,0.098174770425,76,7.6,27,0,2640,2642,0.880504972246,0.883572933822,75,7.5,26,0,2611,2607,0.848291375701,0.842155452549,76,7.6,27,1,2708,2706,0.969475857944,0.966407896368,75,7.5,27,0,2074,2073,0.012271846303,0.010737865515,75,7.5,26,0
362,2026-09-05T05:22:36.251489+00:00,174517453000000,174517531000000,23.031000000,online_inference,4,0,2089,2087,0.101242732000,0.098174770425,76,7.6,27,1,2640,2642,0.880504972246,0.883572933822,75,7.5,26,1,2611,2607,0.848291375701,0.842155452549,76,7.6,27,1,2708,2706,0.969475857944,0.966407896368,75,7.5,27,0,2074,2073,0.012271846303,0.010737865515,76,7.6,26,0
363,2026-09-05T05:22:36.321885+00:00,174517546000000,174517593000000,23.093000000,online_inference,4,0,2089,2087,0.101242732000,0.098174770425,76,7.6,27,1,2640,2642,0.880504972246,0.883572933822,75,7.5,26,0,2611,2607,0.848291375701,0.842155452549,76,7.6,27,0,2708,2706,0.969475857944,0.966407896368,75,7.5,27,1,2074,2073,0.012271846303,0.010737865515,76,7.6,26,0
364,2026-09-05T05:22:36.411553+00:00,174517609000000,174517687000000,23.187000000,online_inference,4,0,2089,2087,0.101242732000,0.098174770425,76,7.6,27,1,2640,2642,0.880504972246,0.883572933822,75,7.5,26,0,2611,2607,0.848291375701,0.842155452549,76,7.6,27,1,2708,2706,0.969475857944,0.966407896368,75,7.5,27,0,2074,2073,0.012271846303,0.010737865515,76,7.6,26,0
365,2026-09-05T05:22:36.459824+00:00,174517703000000,174517734000000,23.234000000,online_inference,4,0,2089,2087,0.101242732000,0.098174770425,76,7.6,27,0,2640,2642,0.880504972246,0.883572933822,75,7.5,26,0,2611,2607,0.848291375701,0.842155452549,76,7.6,27,0,2708,2706,0.969475857944,0.966407896368,75,7.5,27,1,2074,2073,0.012271846303,0.010737865515,75,7.5,26,0
366,2026-09-05T05:22:36.527842+00:00,174517750000000,174517796000000,23.296000000,online_archive,4,0,2089,2087,0.101242732000,0.098174770425,76,7.6,27,1,2640,2642,0.880504972246,0.883572933822,75,7.5,26,1,2611,2607,0.848291375701,0.842155452549,76,7.6,27,1,2708,2706,0.969475857944,0.966407896368,75,7.5,27,1,2074,2073,0.012271846303,0.010737865515,75,7.5,26,0
367,2026-09-05T05:22:36.580003+00:00,174517812000000,174517859000000,23.359000000,online_archive,4,0,2089,2087,0.101242732000,0.098174770425,76,7.6,27,1,2640,2642,0.880504972246,0.883572933822,75,7.5,26,0,2611,2607,0.848291375701,0.842155452549,76,7.6,27,1,2708,2706,0.969475857944,0.966407896368,75,7.5,27,1,2074,2073,0.012271846303,0.010737865515,75,7.5,26,0
368,2026-09-05T05:22:36.670822+00:00,174517906000000,174517953000000,23.453000000,fixed_trajectory,4,0,2089,2087,0.101242732000,0.098174770425,76,7.6,27,1,2640,2642,0.880504972246,0.883572933822,75,7.5,26,1,2611,2607,0.848291375701,0.842155452549,76,7.6,27,1,2708,2706,0.969475857944,0.966407896368,75,7.5,27,1,2074,2073,0.012271846303,0.010737865515,76,7.6,26,0
369,2026-09-05T05:22:36.869882+00:00,174518093000000,174518140000000,23.640000000,fixed_trajectory,4,0,2089,2087,0.101242732000,0.098174770425,76,7.6,27,0,2640,2642,0.880504972246,0.883572933822,75,7.5,26,1,2611,2607,0.848291375701,0.842155452549,76,7.6,27,1,2708,2705,0.969475857944,0.964873915580,75,7.5,27,1,2074,2073,0.012271846303,0.010737865515,75,7.5,26,0
370,2026-09-05T05:22:36.917528+00:00,174518156000000,174518187000000,23.687000000,fixed_trajectory,4,0,2089,2087,0.101242732000,0.098174770425,76,7.6,27,1,2640,2642,0.880504972246,0.883572933822,75,7.5,26,1,2611,2607,0.848291375701,0.842155452549,76,7.6,27,1,2708,2704,0.969475857944,0.963339934792,75,7.5,27,0,2074,2073,0.012271846303,0.010737865515,75,7.5,26,0
371,2026-09-05T05:22:36.972549+00:00,174518203000000,174518250000000,23.750000000,fixed_trajectory,4,0,2089,2087,0.101242732000,0.098174770425,76,7.6,27,1,2640,2641,0.880504972246,0.882038953034,75,7.5,26,0,2611,2607,0.848291375701,0.842155452549,76,7.6,27,1,2708,2703,0.969475857944,0.961805954004,75,7.5,27,1,2074,2073,0.012271846303,0.010737865515,76,7.6,26,0
372,2026-09-05T05:22:37.016112+00:00,174518265000000,174518296000000,23.796000000,fixed_trajectory,4,0,2089,2087,0.101242732000,0.098174770425,76,7.6,27,1,2640,2641,0.880504972246,0.882038953034,75,7.5,26,0,2611,2607,0.848291375701,0.842155452549,76,7.6,27,1,2708,2702,0.969475857944,0.960271973216,75,7.5,27,1,2074,2073,0.012271846303,0.010737865515,75,7.5,26,0
373,2026-09-05T05:22:37.091662+00:00,174518312000000,174518359000000,23.859000000,online_observation,4,0,2089,2087,0.101242732000,0.098174770425,76,7.6,27,0,2640,2641,0.880504972246,0.882038953034,75,7.5,26,0,2611,2607,0.848291375701,0.842155452549,76,7.6,27,0,2708,2701,0.969475857944,0.958737992429,75,7.5,27,1,2074,2073,0.012271846303,0.010737865515,76,7.6,26,0
374,2026-09-05T05:22:37.133336+00:00,174518375000000,174518406000000,23.906000000,online_observation,4,0,2089,2087,0.101242732000,0.098174770425,76,7.6,27,0,2640,2641,0.880504972246,0.882038953034,75,7.5,26,0,2611,2607,0.848291375701,0.842155452549,76,7.6,27,1,2708,2701,0.969475857944,0.958737992429,75,7.5,27,1,2074,2073,0.012271846303,0.010737865515,75,7.5,26,0
375,2026-09-05T05:22:37.185762+00:00,174518421000000,174518453000000,23.953000000,online_observation,4,0,2089,2087,0.101242732000,0.098174770425,76,7.6,27,0,2640,2641,0.880504972246,0.882038953034,75,7.5,26,0,2611,2607,0.848291375701,0.842155452549,76,7.6,27,1,2708,2701,0.969475857944,0.958737992429,75,7.5,27,1,2074,2073,0.012271846303,0.010737865515,75,7.5,26,0
376,2026-09-05T05:22:37.233673+00:00,174518468000000,174518515000000,24.015000000,online_observation,4,0,2089,2087,0.101242732000,0.098174770425,76,7.6,27,1,2640,2641,0.880504972246,0.882038953034,75,7.5,26,0,2611,2607,0.848291375701,0.842155452549,76,7.6,27,1,2708,2701,0.969475857944,0.958737992429,75,7.5,27,1,2074,2073,0.012271846303,0.010737865515,75,7.5,26,0
377,2026-09-05T05:22:37.296813+00:00,174518531000000,174518578000000,24.078000000,online_observation,4,0,2089,2087,0.101242732000,0.098174770425,76,7.6,27,1,2640,2641,0.880504972246,0.882038953034,75,7.5,26,0,2611,2607,0.848291375701,0.842155452549,76,7.6,27,1,2708,2701,0.969475857944,0.958737992429,75,7.5,27,1,2074,2073,0.012271846303,0.010737865515,75,7.5,26,0
378,2026-09-05T05:22:37.380254+00:00,174518609000000,174518656000000,24.156000000,online_observation,4,0,2089,2087,0.101242732000,0.098174770425,76,7.6,27,0,2640,2641,0.880504972246,0.882038953034,75,7.5,26,0,2611,2607,0.848291375701,0.842155452549,76,7.6,27,1,2708,2701,0.969475857944,0.958737992429,75,7.5,27,1,2074,2073,0.012271846303,0.010737865515,75,7.5,26,0
379,2026-09-05T05:22:37.438646+00:00,174518671000000,174518718000000,24.218000000,online_inference,5,0,2089,2087,0.101242732000,0.098174770425,76,7.6,27,0,2640,2641,0.880504972246,0.882038953034,75,7.5,26,0,2611,2607,0.848291375701,0.842155452549,76,7.6,27,1,2708,2701,0.969475857944,0.958737992429,75,7.5,27,1,2074,2073,0.012271846303,0.010737865515,75,7.5,26,0
380,2026-09-05T05:22:37.501208+00:00,174518734000000,174518781000000,24.281000000,online_inference,5,0,2089,2087,0.101242732000,0.098174770425,76,7.6,27,1,2640,2641,0.880504972246,0.882038953034,75,7.5,26,0,2611,2607,0.848291375701,0.842155452549,76,7.6,27,1,2708,2701,0.969475857944,0.958737992429,75,7.5,27,1,2074,2073,0.012271846303,0.010737865515,76,7.6,26,0
381,2026-09-05T05:22:37.572340+00:00,174518796000000,174518843000000,24.343000000,online_inference,5,0,2089,2087,0.101242732000,0.098174770425,76,7.6,27,0,2640,2641,0.880504972246,0.882038953034,75,7.5,26,0,2611,2607,0.848291375701,0.842155452549,76,7.6,27,1,2708,2701,0.969475857944,0.958737992429,75,7.5,27,2,2074,2073,0.012271846303,0.010737865515,76,7.6,26,0
382,2026-09-05T05:22:37.651170+00:00,174518859000000,174518921000000,24.421000000,online_inference,5,0,2089,2087,0.101242732000,0.098174770425,76,7.6,27,0,2640,2641,0.880504972246,0.882038953034,75,7.5,26,0,2611,2607,0.848291375701,0.842155452549,76,7.6,27,0,2708,2701,0.969475857944,0.958737992429,75,7.5,27,2,2074,2073,0.012271846303,0.010737865515,75,7.5,26,0
383,2026-09-05T05:22:37.717037+00:00,174518937000000,174518984000000,24.484000000,online_inference,5,0,2089,2087,0.101242732000,0.098174770425,76,7.6,27,1,2640,2641,0.880504972246,0.882038953034,75,7.5,26,0,2611,2607,0.848291375701,0.842155452549,76,7.6,27,1,2708,2701,0.969475857944,0.958737992429,75,7.5,27,1,2074,2073,0.012271846303,0.010737865515,76,7.6,26,0
384,2026-09-05T05:22:37.774956+00:00,174519000000000,174519046000000,24.546000000,online_inference,5,0,2089,2087,0.101242732000,0.098174770425,76,7.6,27,0,2640,2641,0.880504972246,0.882038953034,75,7.5,26,0,2611,2607,0.848291375701,0.842155452549,76,7.6,27,1,2708,2701,0.969475857944,0.958737992429,75,7.5,27,1,2074,2073,0.012271846303,0.010737865515,76,7.6,26,0
385,2026-09-05T05:22:37.844088+00:00,174519062000000,174519125000000,24.625000000,online_inference,5,0,2089,2087,0.101242732000,0.098174770425,76,7.6,27,1,2640,2641,0.880504972246,0.882038953034,75,7.5,26,0,2611,2607,0.848291375701,0.842155452549,76,7.6,27,1,2708,2701,0.969475857944,0.958737992429,75,7.5,27,1,2074,2073,0.012271846303,0.010737865515,76,7.6,26,0
386,2026-09-05T05:22:37.921646+00:00,174519140000000,174519203000000,24.703000000,online_inference,5,0,2089,2087,0.101242732000,0.098174770425,76,7.6,27,0,2640,2641,0.880504972246,0.882038953034,75,7.5,26,0,2611,2607,0.848291375701,0.842155452549,76,7.6,27,1,2708,2701,0.969475857944,0.958737992429,75,7.5,27,1,2074,2073,0.012271846303,0.010737865515,75,7.5,26,0
387,2026-09-05T05:22:37.989631+00:00,174519218000000,174519265000000,24.765000000,online_inference,5,0,2089,2087,0.101242732000,0.098174770425,76,7.6,27,1,2640,2641,0.880504972246,0.882038953034,75,7.5,26,0,2611,2607,0.848291375701,0.842155452549,76,7.6,27,1,2708,2701,0.969475857944,0.958737992429,75,7.5,27,0,2074,2073,0.012271846303,0.010737865515,75,7.5,26,0
388,2026-09-05T05:22:38.042213+00:00,174519281000000,174519312000000,24.812000000,online_inference,5,0,2089,2087,0.101242732000,0.098174770425,76,7.6,27,0,2640,2641,0.880504972246,0.882038953034,75,7.5,26,0,2611,2607,0.848291375701,0.842155452549,76,7.6,27,1,2708,2701,0.969475857944,0.958737992429,75,7.5,27,1,2074,2073,0.012271846303,0.010737865515,75,7.5,26,0
389,2026-09-05T05:22:38.109760+00:00,174519328000000,174519390000000,24.890000000,online_inference,5,0,2089,2087,0.101242732000,0.098174770425,76,7.6,27,0,2640,2641,0.880504972246,0.882038953034,75,7.5,26,0,2611,2607,0.848291375701,0.842155452549,76,7.6,27,1,2708,2701,0.969475857944,0.958737992429,75,7.5,27,1,2074,2073,0.012271846303,0.010737865515,76,7.6,26,0
390,2026-09-05T05:22:38.173508+00:00,174519406000000,174519453000000,24.953000000,online_inference,5,0,2089,2087,0.101242732000,0.098174770425,76,7.6,27,1,2640,2641,0.880504972246,0.882038953034,75,7.5,26,0,2611,2607,0.848291375701,0.842155452549,76,7.6,27,1,2708,2701,0.969475857944,0.958737992429,75,7.5,27,1,2074,2073,0.012271846303,0.010737865515,75,7.5,26,0
391,2026-09-05T05:22:38.233462+00:00,174519468000000,174519515000000,25.015000000,online_inference,5,0,2089,2087,0.101242732000,0.098174770425,76,7.6,27,0,2640,2641,0.880504972246,0.882038953034,75,7.5,26,0,2611,2607,0.848291375701,0.842155452549,76,7.6,27,1,2708,2701,0.969475857944,0.958737992429,75,7.5,27,2,2074,2073,0.012271846303,0.010737865515,76,7.6,26,0
392,2026-09-05T05:22:38.303319+00:00,174519531000000,174519578000000,25.078000000,online_inference,5,0,2089,2087,0.101242732000,0.098174770425,76,7.6,27,0,2640,2641,0.880504972246,0.882038953034,75,7.5,26,0,2611,2607,0.848291375701,0.842155452549,76,7.6,27,0,2708,2701,0.969475857944,0.958737992429,75,7.5,27,1,2074,2073,0.012271846303,0.010737865515,75,7.5,26,0
393,2026-09-05T05:22:38.363929+00:00,174519593000000,174519640000000,25.140000000,online_inference,5,0,2089,2087,0.101242732000,0.098174770425,76,7.6,27,0,2640,2641,0.880504972246,0.882038953034,75,7.5,26,0,2611,2607,0.848291375701,0.842155452549,76,7.6,27,1,2708,2701,0.969475857944,0.958737992429,75,7.5,27,1,2074,2073,0.012271846303,0.010737865515,75,7.5,26,0
394,2026-09-05T05:22:38.435436+00:00,174519671000000,174519703000000,25.203000000,online_inference,5,0,2089,2087,0.101242732000,0.098174770425,76,7.6,27,0,2640,2641,0.880504972246,0.882038953034,75,7.5,26,0,2611,2607,0.848291375701,0.842155452549,76,7.6,28,0,2708,2701,0.969475857944,0.958737992429,75,7.5,27,1,2074,2073,0.012271846303,0.010737865515,76,7.6,26,0
395,2026-09-05T05:22:38.491974+00:00,174519718000000,174519765000000,25.265000000,online_inference,5,0,2089,2087,0.101242732000,0.098174770425,76,7.6,27,1,2640,2641,0.880504972246,0.882038953034,75,7.5,26,0,2611,2607,0.848291375701,0.842155452549,76,7.6,27,1,2708,2701,0.969475857944,0.958737992429,75,7.5,27,1,2074,2073,0.012271846303,0.010737865515,75,7.5,26,0
396,2026-09-05T05:22:38.542597+00:00,174519781000000,174519812000000,25.312000000,online_inference,5,0,2089,2087,0.101242732000,0.098174770425,76,7.6,27,0,2640,2641,0.880504972246,0.882038953034,75,7.5,26,0,2611,2607,0.848291375701,0.842155452549,76,7.6,27,1,2708,2701,0.969475857944,0.958737992429,75,7.5,27,1,2074,2073,0.012271846303,0.010737865515,75,7.5,26,0
397,2026-09-05T05:22:38.593682+00:00,174519828000000,174519875000000,25.375000000,online_inference,5,0,2089,2087,0.101242732000,0.098174770425,76,7.6,27,1,2640,2641,0.880504972246,0.882038953034,75,7.5,26,0,2611,2607,0.848291375701,0.842155452549,76,7.6,27,1,2708,2701,0.969475857944,0.958737992429,75,7.5,27,1,2074,2073,0.012271846303,0.010737865515,68,6.8,26,0
398,2026-09-05T05:22:38.657820+00:00,174519890000000,174519937000000,25.437000000,online_inference,5,0,2089,2087,0.101242732000,0.098174770425,76,7.6,27,0,2640,2641,0.880504972246,0.882038953034,75,7.5,26,0,2611,2607,0.848291375701,0.842155452549,76,7.6,27,0,2708,2701,0.969475857944,0.958737992429,75,7.5,27,1,2074,2073,0.012271846303,0.010737865515,75,7.5,26,0
399,2026-09-05T05:22:38.714332+00:00,174519953000000,174519984000000,25.484000000,online_inference,5,0,2089,2087,0.101242732000,0.098174770425,76,7.6,27,1,2640,2641,0.880504972246,0.882038953034,75,7.5,26,0,2611,2607,0.848291375701,0.842155452549,76,7.6,27,0,2708,2701,0.969475857944,0.958737992429,75,7.5,27,1,2074,2073,0.012271846303,0.010737865515,76,7.6,26,0
400,2026-09-05T05:22:38.774378+00:00,174520000000000,174520046000000,25.546000000,online_inference,5,0,2089,2087,0.101242732000,0.098174770425,76,7.6,27,1,2640,2641,0.880504972246,0.882038953034,75,7.5,26,0,2611,2607,0.848291375701,0.842155452549,76,7.6,27,0,2708,2701,0.969475857944,0.958737992429,75,7.5,27,1,2074,2073,0.012271846303,0.010737865515,75,7.5,26,0
401,2026-09-05T05:22:38.838400+00:00,174520062000000,174520109000000,25.609000000,online_inference,5,0,2089,2087,0.101242732000,0.098174770425,76,7.6,27,1,2640,2641,0.880504972246,0.882038953034,75,7.5,26,0,2611,2607,0.848291375701,0.842155452549,76,7.6,27,1,2708,2701,0.969475857944,0.958737992429,75,7.5,27,1,2074,2073,0.012271846303,0.010737865515,75,7.5,26,0
402,2026-09-05T05:22:38.887510+00:00,174520125000000,174520156000000,25.656000000,online_inference,5,0,2089,2087,0.101242732000,0.098174770425,76,7.6,27,1,2640,2641,0.880504972246,0.882038953034,75,7.5,26,0,2611,2607,0.848291375701,0.842155452549,76,7.6,27,0,2708,2701,0.969475857944,0.958737992429,75,7.5,27,1,2074,2073,0.012271846303,0.010737865515,75,7.5,26,0
403,2026-09-05T05:22:38.971153+00:00,174520187000000,174520250000000,25.750000000,online_inference,5,0,2089,2087,0.101242732000,0.098174770425,76,7.6,27,0,2640,2641,0.880504972246,0.882038953034,75,7.5,26,0,2611,2607,0.848291375701,0.842155452549,76,7.6,27,1,2708,2701,0.969475857944,0.958737992429,75,7.5,27,2,2074,2073,0.012271846303,0.010737865515,75,7.5,26,0
404,2026-09-05T05:22:39.058040+00:00,174520265000000,174520328000000,25.828000000,online_inference,5,0,2089,2087,0.101242732000,0.098174770425,76,7.6,27,0,2640,2641,0.880504972246,0.882038953034,75,7.5,26,0,2611,2607,0.848291375701,0.842155452549,76,7.6,27,1,2708,2701,0.969475857944,0.958737992429,75,7.5,27,1,2074,2073,0.012271846303,0.010737865515,76,7.6,26,0
405,2026-09-05T05:22:39.118961+00:00,174520343000000,174520390000000,25.890000000,online_inference,5,0,2089,2087,0.101242732000,0.098174770425,76,7.6,27,0,2640,2641,0.880504972246,0.882038953034,75,7.5,26,0,2611,2607,0.848291375701,0.842155452549,76,7.6,27,1,2708,2701,0.969475857944,0.958737992429,75,7.5,27,1,2074,2073,0.012271846303,0.010737865515,76,7.6,26,0
406,2026-09-05T05:22:39.185944+00:00,174520406000000,174520468000000,25.968000000,online_inference,5,0,2089,2087,0.101242732000,0.098174770425,76,7.6,27,1,2640,2641,0.880504972246,0.882038953034,75,7.5,26,0,2611,2607,0.848291375701,0.842155452549,76,7.6,27,1,2708,2701,0.969475857944,0.958737992429,75,7.5,27,1,2074,2073,0.012271846303,0.010737865515,76,7.6,26,0
407,2026-09-05T05:22:39.256508+00:00,174520484000000,174520531000000,26.031000000,online_inference,5,0,2089,2087,0.101242732000,0.098174770425,76,7.6,27,1,2640,2641,0.880504972246,0.882038953034,75,7.5,26,0,2611,2607,0.848291375701,0.842155452549,76,7.6,27,1,2708,2701,0.969475857944,0.958737992429,75,7.5,27,1,2074,2073,0.012271846303,0.010737865515,75,7.5,26,0
408,2026-09-05T05:22:39.331661+00:00,174520546000000,174520609000000,26.109000000,online_inference,5,0,2089,2087,0.101242732000,0.098174770425,76,7.6,27,1,2640,2641,0.880504972246,0.882038953034,75,7.5,26,0,2611,2607,0.848291375701,0.842155452549,76,7.6,27,0,2708,2701,0.969475857944,0.958737992429,75,7.5,27,1,2074,2073,0.012271846303,0.010737865515,75,7.5,26,0
409,2026-09-05T05:22:39.406095+00:00,174520625000000,174520687000000,26.187000000,online_inference,5,0,2089,2087,0.101242732000,0.098174770425,76,7.6,27,1,2640,2641,0.880504972246,0.882038953034,75,7.5,26,0,2611,2607,0.848291375701,0.842155452549,76,7.6,27,1,2708,2701,0.969475857944,0.958737992429,75,7.5,27,1,2074,2073,0.012271846303,0.010737865515,75,7.5,26,0
410,2026-09-05T05:22:39.487637+00:00,174520703000000,174520765000000,26.265000000,online_inference,5,0,2089,2087,0.101242732000,0.098174770425,76,7.6,27,1,2640,2641,0.880504972246,0.882038953034,75,7.5,26,0,2611,2607,0.848291375701,0.842155452549,76,7.6,27,1,2708,2701,0.969475857944,0.958737992429,75,7.5,27,1,2074,2073,0.012271846303,0.010737865515,76,7.6,26,0
411,2026-09-05T05:22:39.557729+00:00,174520781000000,174520828000000,26.328000000,online_inference,5,0,2089,2087,0.101242732000,0.098174770425,76,7.6,27,1,2640,2641,0.880504972246,0.882038953034,75,7.5,26,0,2611,2607,0.848291375701,0.842155452549,76,7.6,27,1,2708,2701,0.969475857944,0.958737992429,75,7.5,27,1,2074,2073,0.012271846303,0.010737865515,75,7.5,26,0
412,2026-09-05T05:22:39.631073+00:00,174520843000000,174520906000000,26.406000000,online_inference,5,0,2089,2087,0.101242732000,0.098174770425,76,7.6,27,0,2640,2641,0.880504972246,0.882038953034,75,7.5,26,0,2611,2607,0.848291375701,0.842155452549,76,7.6,27,1,2708,2701,0.969475857944,0.958737992429,75,7.5,27,1,2074,2073,0.012271846303,0.010737865515,75,7.5,26,0
413,2026-09-05T05:22:39.705919+00:00,174520921000000,174520984000000,26.484000000,online_inference,5,0,2089,2087,0.101242732000,0.098174770425,76,7.6,27,1,2640,2641,0.880504972246,0.882038953034,75,7.5,26,0,2611,2607,0.848291375701,0.842155452549,76,7.6,27,0,2708,2701,0.969475857944,0.958737992429,75,7.5,27,1,2074,2073,0.012271846303,0.010737865515,75,7.5,26,0
414,2026-09-05T05:22:39.789794+00:00,174521000000000,174521062000000,26.562000000,online_inference,5,0,2089,2087,0.101242732000,0.098174770425,76,7.6,27,0,2640,2641,0.880504972246,0.882038953034,75,7.5,26,0,2611,2607,0.848291375701,0.842155452549,76,7.6,27,1,2708,2701,0.969475857944,0.958737992429,75,7.5,27,1,2074,2073,0.012271846303,0.010737865515,76,7.6,26,0
415,2026-09-05T05:22:39.874464+00:00,174521078000000,174521156000000,26.656000000,online_inference,5,0,2089,2087,0.101242732000,0.098174770425,76,7.6,27,1,2640,2641,0.880504972246,0.882038953034,75,7.5,26,0,2611,2607,0.848291375701,0.842155452549,76,7.6,27,0,2708,2701,0.969475857944,0.958737992429,75,7.5,27,0,2074,2073,0.012271846303,0.010737865515,76,7.6,26,0
416,2026-09-05T05:22:39.953623+00:00,174521171000000,174521234000000,26.734000000,online_inference,5,0,2089,2087,0.101242732000,0.098174770425,76,7.6,27,1,2640,2641,0.880504972246,0.882038953034,75,7.5,26,0,2611,2607,0.848291375701,0.842155452549,76,7.6,27,1,2708,2701,0.969475857944,0.958737992429,75,7.5,27,1,2074,2073,0.012271846303,0.010737865515,75,7.5,26,0
417,2026-09-05T05:22:40.052556+00:00,174521265000000,174521328000000,26.828000000,online_inference,5,0,2089,2087,0.101242732000,0.098174770425,76,7.6,27,1,2640,2641,0.880504972246,0.882038953034,75,7.5,26,0,2611,2607,0.848291375701,0.842155452549,76,7.6,27,0,2708,2701,0.969475857944,0.958737992429,75,7.5,27,1,2074,2073,0.012271846303,0.010737865515,75,7.5,26,0
418,2026-09-05T05:22:40.141043+00:00,174521343000000,174521421000000,26.921000000,online_inference,5,0,2089,2087,0.101242732000,0.098174770425,76,7.6,27,1,2640,2641,0.880504972246,0.882038953034,75,7.5,26,0,2611,2607,0.848291375701,0.842155452549,76,7.6,27,1,2708,2701,0.969475857944,0.958737992429,75,7.5,27,2,2074,2073,0.012271846303,0.010737865515,75,7.5,26,0
419,2026-09-05T05:22:40.216341+00:00,174521437000000,174521484000000,26.984000000,online_inference,5,0,2089,2087,0.101242732000,0.098174770425,76,7.6,27,1,2640,2641,0.880504972246,0.882038953034,75,7.5,26,0,2611,2607,0.848291375701,0.842155452549,76,7.6,27,1,2708,2701,0.969475857944,0.958737992429,75,7.5,27,1,2074,2073,0.012271846303,0.010737865515,76,7.6,26,0
420,2026-09-05T05:22:40.286148+00:00,174521500000000,174521562000000,27.062000000,online_inference,5,0,2089,2087,0.101242732000,0.098174770425,76,7.6,27,1,2640,2641,0.880504972246,0.882038953034,75,7.5,26,0,2611,2607,0.848291375701,0.842155452549,76,7.6,27,1,2708,2701,0.969475857944,0.958737992429,75,7.5,27,1,2074,2073,0.012271846303,0.010737865515,75,7.5,26,0
421,2026-09-05T05:22:40.369399+00:00,174521578000000,174521640000000,27.140000000,online_inference,5,0,2089,2087,0.101242732000,0.098174770425,76,7.6,27,1,2640,2641,0.880504972246,0.882038953034,75,7.5,26,0,2611,2607,0.848291375701,0.842155452549,76,7.6,27,1,2708,2701,0.969475857944,0.958737992429,75,7.5,27,1,2074,2073,0.012271846303,0.010737865515,76,7.6,26,0
422,2026-09-05T05:22:40.432150+00:00,174521656000000,174521703000000,27.203000000,online_inference,5,0,2089,2087,0.101242732000,0.098174770425,76,7.6,27,1,2640,2641,0.880504972246,0.882038953034,75,7.5,26,0,2611,2607,0.848291375701,0.842155452549,76,7.6,27,1,2708,2701,0.969475857944,0.958737992429,75,7.5,27,1,2074,2073,0.012271846303,0.010737865515,76,7.6,26,0
423,2026-09-05T05:22:40.487703+00:00,174521718000000,174521765000000,27.265000000,online_inference,5,0,2089,2087,0.101242732000,0.098174770425,76,7.6,27,1,2640,2641,0.880504972246,0.882038953034,75,7.5,26,0,2611,2607,0.848291375701,0.842155452549,76,7.6,27,0,2708,2701,0.969475857944,0.958737992429,75,7.5,27,1,2074,2073,0.012271846303,0.010737865515,76,7.6,26,0
424,2026-09-05T05:22:40.581798+00:00,174521796000000,174521859000000,27.359000000,online_inference,5,0,2089,2087,0.101242732000,0.098174770425,76,7.6,27,0,2640,2641,0.880504972246,0.882038953034,75,7.5,26,0,2611,2607,0.848291375701,0.842155452549,76,7.6,27,1,2708,2701,0.969475857944,0.958737992429,75,7.5,27,1,2074,2073,0.012271846303,0.010737865515,75,7.5,26,0
425,2026-09-05T05:22:40.658028+00:00,174521875000000,174521937000000,27.437000000,online_inference,5,0,2089,2087,0.101242732000,0.098174770425,76,7.6,27,1,2640,2641,0.880504972246,0.882038953034,75,7.5,26,0,2611,2607,0.848291375701,0.842155452549,76,7.6,27,1,2708,2701,0.969475857944,0.958737992429,75,7.5,27,1,2074,2073,0.012271846303,0.010737865515,75,7.5,26,0
426,2026-09-05T05:22:40.720958+00:00,174521953000000,174522000000000,27.500000000,online_inference,5,0,2089,2087,0.101242732000,0.098174770425,76,7.6,27,0,2640,2641,0.880504972246,0.882038953034,75,7.5,26,0,2611,2607,0.848291375701,0.842155452549,76,7.6,27,0,2708,2701,0.969475857944,0.958737992429,75,7.5,27,1,2074,2073,0.012271846303,0.010737865515,76,7.6,26,0
427,2026-09-05T05:22:40.779517+00:00,174522015000000,174522046000000,27.546000000,online_inference,5,0,2089,2087,0.101242732000,0.098174770425,76,7.6,27,0,2640,2641,0.880504972246,0.882038953034,75,7.5,26,0,2611,2607,0.848291375701,0.842155452549,76,7.6,27,0,2708,2701,0.969475857944,0.958737992429,75,7.5,27,1,2074,2073,0.012271846303,0.010737865515,76,7.6,26,0
428,2026-09-05T05:22:40.850282+00:00,174522062000000,174522125000000,27.625000000,online_inference,5,0,2089,2087,0.101242732000,0.098174770425,76,7.6,27,0,2640,2641,0.880504972246,0.882038953034,75,7.5,26,0,2611,2607,0.848291375701,0.842155452549,76,7.6,27,1,2708,2701,0.969475857944,0.958737992429,75,7.5,27,1,2074,2073,0.012271846303,0.010737865515,76,7.6,26,0
429,2026-09-05T05:22:40.917997+00:00,174522140000000,174522187000000,27.687000000,online_inference,5,0,2089,2087,0.101242732000,0.098174770425,76,7.6,27,1,2640,2641,0.880504972246,0.882038953034,75,7.5,26,0,2611,2607,0.848291375701,0.842155452549,76,7.6,27,0,2708,2701,0.969475857944,0.958737992429,75,7.5,27,1,2074,2073,0.012271846303,0.010737865515,75,7.5,26,0
430,2026-09-05T05:22:40.976659+00:00,174522203000000,174522250000000,27.750000000,online_inference,5,0,2089,2087,0.101242732000,0.098174770425,76,7.6,27,0,2640,2641,0.880504972246,0.882038953034,75,7.5,26,0,2611,2607,0.848291375701,0.842155452549,76,7.6,27,0,2708,2701,0.969475857944,0.958737992429,75,7.5,27,1,2074,2073,0.012271846303,0.010737865515,76,7.6,26,0
431,2026-09-05T05:22:41.027451+00:00,174522265000000,174522296000000,27.796000000,online_inference,5,0,2089,2087,0.101242732000,0.098174770425,76,7.6,27,1,2640,2641,0.880504972246,0.882038953034,75,7.5,26,0,2611,2607,0.848291375701,0.842155452549,76,7.6,27,1,2708,2701,0.969475857944,0.958737992429,75,7.5,27,1,2074,2073,0.012271846303,0.010737865515,76,7.6,26,0
432,2026-09-05T05:22:41.107064+00:00,174522328000000,174522375000000,27.875000000,online_inference,5,0,2089,2087,0.101242732000,0.098174770425,76,7.6,27,0,2640,2641,0.880504972246,0.882038953034,75,7.5,26,0,2611,2607,0.848291375701,0.842155452549,76,7.6,27,0,2708,2701,0.969475857944,0.958737992429,75,7.5,27,1,2074,2073,0.012271846303,0.010737865515,75,7.5,26,0
433,2026-09-05T05:22:41.155697+00:00,174522390000000,174522437000000,27.937000000,online_inference,5,0,2089,2087,0.101242732000,0.098174770425,76,7.6,27,0,2640,2641,0.880504972246,0.882038953034,75,7.5,26,0,2611,2607,0.848291375701,0.842155452549,76,7.6,27,1,2708,2701,0.969475857944,0.958737992429,75,7.5,27,1,2074,2073,0.012271846303,0.010737865515,76,7.6,26,0
434,2026-09-05T05:22:41.218851+00:00,174522453000000,174522500000000,28.000000000,online_inference,5,0,2089,2087,0.101242732000,0.098174770425,76,7.6,27,0,2640,2641,0.880504972246,0.882038953034,75,7.5,26,0,2611,2607,0.848291375701,0.842155452549,76,7.6,27,0,2708,2701,0.969475857944,0.958737992429,75,7.5,27,1,2074,2073,0.012271846303,0.010737865515,76,7.6,26,0
435,2026-09-05T05:22:41.281654+00:00,174522515000000,174522562000000,28.062000000,online_inference,5,0,2089,2087,0.101242732000,0.098174770425,76,7.6,27,1,2640,2641,0.880504972246,0.882038953034,75,7.5,26,0,2611,2607,0.848291375701,0.842155452549,76,7.6,27,1,2708,2701,0.969475857944,0.958737992429,75,7.5,27,1,2074,2073,0.012271846303,0.010737865515,75,7.5,26,0
436,2026-09-05T05:22:41.360423+00:00,174522578000000,174522640000000,28.140000000,online_inference,5,0,2089,2087,0.101242732000,0.098174770425,76,7.6,27,1,2640,2641,0.880504972246,0.882038953034,75,7.5,26,0,2611,2607,0.848291375701,0.842155452549,76,7.6,27,1,2708,2701,0.969475857944,0.958737992429,75,7.5,27,1,2074,2073,0.012271846303,0.010737865515,76,7.6,26,0
437,2026-09-05T05:22:41.433174+00:00,174522656000000,174522703000000,28.203000000,online_inference,5,0,2089,2087,0.101242732000,0.098174770425,76,7.6,27,1,2640,2641,0.880504972246,0.882038953034,75,7.5,26,0,2611,2607,0.848291375701,0.842155452549,76,7.6,27,1,2708,2701,0.969475857944,0.958737992429,75,7.5,27,1,2074,2073,0.012271846303,0.010737865515,75,7.5,26,0
438,2026-09-05T05:22:41.498644+00:00,174522718000000,174522781000000,28.281000000,online_inference,5,0,2089,2087,0.101242732000,0.098174770425,76,7.6,27,0,2640,2641,0.880504972246,0.882038953034,75,7.5,26,0,2611,2607,0.848291375701,0.842155452549,76,7.6,27,1,2708,2701,0.969475857944,0.958737992429,75,7.5,27,1,2074,2073,0.012271846303,0.010737865515,76,7.6,26,0
439,2026-09-05T05:22:41.575087+00:00,174522796000000,174522843000000,28.343000000,online_inference,5,0,2089,2087,0.101242732000,0.098174770425,76,7.6,27,1,2640,2641,0.880504972246,0.882038953034,75,7.5,26,0,2611,2607,0.848291375701,0.842155452549,76,7.6,27,1,2708,2701,0.969475857944,0.958737992429,75,7.5,27,1,2074,2073,0.012271846303,0.010737865515,75,7.5,26,0
440,2026-09-05T05:22:41.653456+00:00,174522875000000,174522921000000,28.421000000,online_inference,5,0,2089,2087,0.101242732000,0.098174770425,76,7.6,27,0,2640,2641,0.880504972246,0.882038953034,75,7.5,26,0,2611,2607,0.848291375701,0.842155452549,76,7.6,27,1,2708,2701,0.969475857944,0.958737992429,75,7.5,27,2,2074,2073,0.012271846303,0.010737865515,75,7.5,26,0
441,2026-09-05T05:22:41.712322+00:00,174522937000000,174522984000000,28.484000000,online_inference,5,0,2089,2087,0.101242732000,0.098174770425,76,7.6,27,1,2640,2641,0.880504972246,0.882038953034,75,7.5,26,0,2611,2607,0.848291375701,0.842155452549,76,7.6,27,1,2708,2701,0.969475857944,0.958737992429,75,7.5,27,1,2074,2073,0.012271846303,0.010737865515,75,7.5,26,0
442,2026-09-05T05:22:41.789615+00:00,174523000000000,174523062000000,28.562000000,online_inference,5,0,2089,2087,0.101242732000,0.098174770425,76,7.6,27,0,2640,2641,0.880504972246,0.882038953034,75,7.5,26,0,2611,2607,0.848291375701,0.842155452549,76,7.6,27,1,2708,2701,0.969475857944,0.958737992429,75,7.5,27,1,2074,2073,0.012271846303,0.010737865515,76,7.6,26,0
443,2026-09-05T05:22:41.862387+00:00,174523078000000,174523140000000,28.640000000,online_inference,5,0,2089,2087,0.101242732000,0.098174770425,76,7.6,27,0,2640,2641,0.880504972246,0.882038953034,75,7.5,26,0,2611,2607,0.848291375701,0.842155452549,76,7.6,27,0,2708,2701,0.969475857944,0.958737992429,75,7.5,27,1,2074,2073,0.012271846303,0.010737865515,75,7.5,26,0
444,2026-09-05T05:22:41.951784+00:00,174523156000000,174523234000000,28.734000000,online_archive,5,0,2089,2087,0.101242732000,0.098174770425,76,7.6,27,0,2640,2641,0.880504972246,0.882038953034,75,7.5,26,0,2611,2607,0.848291375701,0.842155452549,76,7.6,27,1,2708,2701,0.969475857944,0.958737992429,75,7.5,27,1,2074,2073,0.012271846303,0.010737865515,76,7.6,26,0
445,2026-09-05T05:22:42.037152+00:00,174523250000000,174523312000000,28.812000000,online_archive,5,0,2089,2087,0.101242732000,0.098174770425,76,7.6,27,1,2640,2641,0.880504972246,0.882038953034,75,7.5,26,0,2611,2607,0.848291375701,0.842155452549,76,7.6,27,1,2708,2701,0.969475857944,0.958737992429,75,7.5,27,1,2074,2073,0.012271846303,0.010737865515,76,7.6,26,0
446,2026-09-05T05:22:42.211723+00:00,174523421000000,174523484000000,28.984000000,online_observation,5,0,2089,2087,0.101242732000,0.098174770425,76,7.6,27,1,2640,2641,0.880504972246,0.882038953034,75,7.5,26,0,2611,2607,0.848291375701,0.842155452549,76,7.6,27,0,2708,2701,0.969475857944,0.958737992429,75,7.5,27,1,2074,2073,0.012271846303,0.010737865515,76,7.6,26,0
447,2026-09-05T05:22:42.263279+00:00,174523500000000,174523531000000,29.031000000,online_observation,5,0,2089,2087,0.101242732000,0.098174770425,76,7.6,27,1,2640,2641,0.880504972246,0.882038953034,75,7.5,26,0,2611,2607,0.848291375701,0.842155452549,76,7.6,27,1,2708,2701,0.969475857944,0.958737992429,75,7.5,27,1,2074,2073,0.012271846303,0.010737865515,75,7.5,26,0
448,2026-09-05T05:22:42.332008+00:00,174523546000000,174523609000000,29.109000000,online_observation,5,0,2089,2087,0.101242732000,0.098174770425,76,7.6,27,1,2640,2641,0.880504972246,0.882038953034,75,7.5,26,0,2611,2607,0.848291375701,0.842155452549,76,7.6,27,0,2708,2701,0.969475857944,0.958737992429,75,7.5,27,1,2074,2073,0.012271846303,0.010737865515,76,7.6,26,0
449,2026-09-05T05:22:42.403112+00:00,174523625000000,174523671000000,29.171000000,online_observation,5,0,2089,2087,0.101242732000,0.098174770425,76,7.6,27,0,2640,2641,0.880504972246,0.882038953034,75,7.5,26,0,2611,2607,0.848291375701,0.842155452549,76,7.6,27,1,2708,2701,0.969475857944,0.958737992429,75,7.5,27,1,2074,2073,0.012271846303,0.010737865515,76,7.6,26,0
450,2026-09-05T05:22:42.453431+00:00,174523687000000,174523734000000,29.234000000,online_observation,5,0,2089,2087,0.101242732000,0.098174770425,76,7.6,27,1,2640,2641,0.880504972246,0.882038953034,75,7.5,26,0,2611,2607,0.848291375701,0.842155452549,76,7.6,27,1,2708,2701,0.969475857944,0.958737992429,75,7.5,27,1,2074,2073,0.012271846303,0.010737865515,75,7.5,26,0
451,2026-09-05T05:22:42.518650+00:00,174523750000000,174523796000000,29.296000000,online_observation,5,0,2089,2087,0.101242732000,0.098174770425,76,7.6,27,1,2640,2641,0.880504972246,0.882038953034,75,7.5,26,0,2611,2607,0.848291375701,0.842155452549,76,7.6,27,0,2708,2701,0.969475857944,0.958737992429,75,7.5,27,1,2074,2073,0.012271846303,0.010737865515,76,7.6,26,0
452,2026-09-05T05:22:42.589668+00:00,174523812000000,174523859000000,29.359000000,online_inference,6,0,2089,2087,0.101242732000,0.098174770425,76,7.6,27,0,2640,2641,0.880504972246,0.882038953034,75,7.5,26,0,2611,2607,0.848291375701,0.842155452549,76,7.6,27,1,2708,2701,0.969475857944,0.958737992429,75,7.5,27,1,2074,2073,0.012271846303,0.010737865515,75,7.5,26,0
453,2026-09-05T05:22:42.673325+00:00,174523875000000,174523953000000,29.453000000,online_inference,6,0,2089,2087,0.101242732000,0.098174770425,76,7.6,27,1,2640,2641,0.880504972246,0.882038953034,75,7.5,26,0,2611,2607,0.848291375701,0.842155452549,76,7.6,27,1,2708,2701,0.969475857944,0.958737992429,75,7.5,27,1,2074,2073,0.012271846303,0.010737865515,75,7.5,26,0
454,2026-09-05T05:22:42.797585+00:00,174523984000000,174524078000000,29.578000000,online_inference,6,0,2089,2087,0.101242732000,0.098174770425,76,7.6,27,1,2640,2641,0.880504972246,0.882038953034,75,7.5,26,0,2611,2607,0.848291375701,0.842155452549,76,7.6,27,1,2708,2701,0.969475857944,0.958737992429,75,7.5,27,1,2074,2073,0.012271846303,0.010737865515,76,7.6,26,0
455,2026-09-05T05:22:42.867093+00:00,174524093000000,174524140000000,29.640000000,online_inference,6,0,2089,2087,0.101242732000,0.098174770425,76,7.6,27,0,2640,2641,0.880504972246,0.882038953034,75,7.5,26,0,2611,2607,0.848291375701,0.842155452549,76,7.6,27,0,2708,2701,0.969475857944,0.958737992429,75,7.5,27,1,2074,2073,0.012271846303,0.010737865515,75,7.5,26,0
456,2026-09-05T05:22:42.925960+00:00,174524156000000,174524203000000,29.703000000,online_inference,6,0,2089,2087,0.101242732000,0.098174770425,76,7.6,27,0,2640,2641,0.880504972246,0.882038953034,75,7.5,26,0,2611,2607,0.848291375701,0.842155452549,76,7.6,27,1,2708,2701,0.969475857944,0.958737992429,75,7.5,27,1,2074,2073,0.012271846303,0.010737865515,76,7.6,26,0
457,2026-09-05T05:22:42.990312+00:00,174524218000000,174524265000000,29.765000000,online_inference,6,0,2089,2087,0.101242732000,0.098174770425,76,7.6,27,0,2640,2641,0.880504972246,0.882038953034,75,7.5,26,0,2611,2607,0.848291375701,0.842155452549,76,7.6,27,1,2708,2701,0.969475857944,0.958737992429,75,7.5,27,2,2074,2073,0.012271846303,0.010737865515,76,7.6,26,0
458,2026-09-05T05:22:43.058826+00:00,174524281000000,174524328000000,29.828000000,online_inference,6,0,2089,2087,0.101242732000,0.098174770425,76,7.6,27,1,2640,2641,0.880504972246,0.882038953034,75,7.5,26,0,2611,2607,0.848291375701,0.842155452549,76,7.6,27,0,2708,2701,0.969475857944,0.958737992429,75,7.5,27,1,2074,2073,0.012271846303,0.010737865515,75,7.5,26,0
459,2026-09-05T05:22:43.104761+00:00,174524343000000,174524375000000,29.875000000,online_inference,6,0,2089,2087,0.101242732000,0.098174770425,76,7.6,27,0,2640,2641,0.880504972246,0.882038953034,75,7.5,26,0,2611,2607,0.848291375701,0.842155452549,76,7.6,27,1,2708,2701,0.969475857944,0.958737992429,75,7.5,27,1,2074,2073,0.012271846303,0.010737865515,75,7.5,26,0
460,2026-09-05T05:22:43.164796+00:00,174524390000000,174524437000000,29.937000000,online_inference,6,0,2089,2087,0.101242732000,0.098174770425,76,7.6,27,1,2640,2641,0.880504972246,0.882038953034,75,7.5,26,0,2611,2607,0.848291375701,0.842155452549,76,7.6,27,1,2708,2701,0.969475857944,0.958737992429,75,7.5,27,1,2074,2073,0.012271846303,0.010737865515,75,7.5,26,0
461,2026-09-05T05:22:43.212838+00:00,174524453000000,174524484000000,29.984000000,online_inference,6,0,2089,2087,0.101242732000,0.098174770425,76,7.6,27,1,2640,2641,0.880504972246,0.882038953034,75,7.5,26,0,2611,2607,0.848291375701,0.842155452549,76,7.6,27,0,2708,2701,0.969475857944,0.958737992429,75,7.5,27,1,2074,2073,0.012271846303,0.010737865515,76,7.6,26,0
462,2026-09-05T05:22:43.300000+00:00,174524515000000,174524578000000,30.078000000,online_inference,6,0,2089,2087,0.101242732000,0.098174770425,76,7.6,27,1,2640,2641,0.880504972246,0.882038953034,75,7.5,26,0,2611,2607,0.848291375701,0.842155452549,76,7.6,27,0,2708,2701,0.969475857944,0.958737992429,75,7.5,27,1,2074,2073,0.012271846303,0.010737865515,76,7.6,26,0
463,2026-09-05T05:22:43.374747+00:00,174524593000000,174524656000000,30.156000000,online_inference,6,0,2089,2087,0.101242732000,0.098174770425,76,7.6,27,1,2640,2641,0.880504972246,0.882038953034,75,7.5,26,0,2611,2607,0.848291375701,0.842155452549,76,7.6,27,1,2708,2701,0.969475857944,0.958737992429,75,7.5,27,2,2074,2073,0.012271846303,0.010737865515,75,7.5,26,0
464,2026-09-05T05:22:43.446569+00:00,174524671000000,174524718000000,30.218000000,online_inference,6,0,2089,2087,0.101242732000,0.098174770425,76,7.6,27,1,2640,2641,0.880504972246,0.882038953034,75,7.5,26,0,2611,2607,0.848291375701,0.842155452549,76,7.6,27,1,2708,2701,0.969475857944,0.958737992429,75,7.5,27,1,2074,2073,0.012271846303,0.010737865515,75,7.5,26,0
465,2026-09-05T05:22:43.498626+00:00,174524734000000,174524781000000,30.281000000,online_inference,6,0,2089,2087,0.101242732000,0.098174770425,76,7.6,27,0,2640,2641,0.880504972246,0.882038953034,75,7.5,26,0,2611,2607,0.848291375701,0.842155452549,76,7.6,27,0,2708,2701,0.969475857944,0.958737992429,75,7.5,29,1,2074,2073,0.012271846303,0.010737865515,76,7.6,26,0
466,2026-09-05T05:22:43.560144+00:00,174524796000000,174524828000000,30.328000000,online_inference,6,0,2089,2087,0.101242732000,0.098174770425,76,7.6,27,0,2640,2641,0.880504972246,0.882038953034,75,7.5,26,0,2611,2607,0.848291375701,0.842155452549,76,7.6,27,1,2708,2701,0.969475857944,0.958737992429,75,7.5,27,1,2074,2073,0.012271846303,0.010737865515,76,7.6,26,0
467,2026-09-05T05:22:43.624783+00:00,174524843000000,174524906000000,30.406000000,online_inference,6,0,2089,2087,0.101242732000,0.098174770425,76,7.6,27,1,2640,2641,0.880504972246,0.882038953034,75,7.5,26,0,2611,2607,0.848291375701,0.842155452549,76,7.6,27,0,2708,2701,0.969475857944,0.958737992429,75,7.5,27,1,2074,2073,0.012271846303,0.010737865515,76,7.6,26,0
468,2026-09-05T05:22:43.685836+00:00,174524921000000,174524953000000,30.453000000,online_inference,6,0,2089,2087,0.101242732000,0.098174770425,76,7.6,27,0,2640,2641,0.880504972246,0.882038953034,75,7.5,26,0,2611,2607,0.848291375701,0.842155452549,76,7.6,27,0,2708,2701,0.969475857944,0.958737992429,75,7.5,27,1,2074,2073,0.012271846303,0.010737865515,75,7.5,26,0
469,2026-09-05T05:22:43.752445+00:00,174524968000000,174525031000000,30.531000000,online_inference,6,0,2089,2087,0.101242732000,0.098174770425,76,7.6,27,0,2640,2641,0.880504972246,0.882038953034,75,7.5,26,0,2611,2607,0.848291375701,0.842155452549,76,7.6,27,0,2708,2701,0.969475857944,0.958737992429,75,7.5,27,1,2074,2073,0.012271846303,0.010737865515,76,7.6,26,0
470,2026-09-05T05:22:43.829413+00:00,174525046000000,174525109000000,30.609000000,online_inference,6,0,2089,2087,0.101242732000,0.098174770425,76,7.6,27,1,2640,2641,0.880504972246,0.882038953034,75,7.5,26,0,2611,2607,0.848291375701,0.842155452549,76,7.6,27,1,2708,2701,0.969475857944,0.958737992429,75,7.5,27,1,2074,2073,0.012271846303,0.010737865515,76,7.6,26,0
471,2026-09-05T05:22:43.894218+00:00,174525125000000,174525171000000,30.671000000,online_inference,6,0,2089,2087,0.101242732000,0.098174770425,76,7.6,27,0,2640,2641,0.880504972246,0.882038953034,75,7.5,26,0,2611,2607,0.848291375701,0.842155452549,76,7.6,27,0,2708,2701,0.969475857944,0.958737992429,75,7.5,27,1,2074,2073,0.012271846303,0.010737865515,75,7.5,26,0
472,2026-09-05T05:22:43.948402+00:00,174525187000000,174525218000000,30.718000000,online_inference,6,0,2089,2087,0.101242732000,0.098174770425,76,7.6,27,1,2640,2641,0.880504972246,0.882038953034,75,7.5,26,0,2611,2607,0.848291375701,0.842155452549,76,7.6,27,1,2708,2701,0.969475857944,0.958737992429,75,7.5,27,1,2074,2073,0.012271846303,0.010737865515,75,7.5,26,0
473,2026-09-05T05:22:44.011112+00:00,174525234000000,174525281000000,30.781000000,online_inference,6,0,2089,2087,0.101242732000,0.098174770425,76,7.6,27,1,2640,2641,0.880504972246,0.882038953034,75,7.5,26,0,2611,2607,0.848291375701,0.842155452549,76,7.6,27,1,2708,2701,0.969475857944,0.958737992429,75,7.5,27,1,2074,2073,0.012271846303,0.010737865515,76,7.6,26,0
474,2026-09-05T05:22:44.060005+00:00,174525296000000,174525328000000,30.828000000,online_inference,6,0,2089,2087,0.101242732000,0.098174770425,76,7.6,27,1,2640,2641,0.880504972246,0.882038953034,75,7.5,26,0,2611,2607,0.848291375701,0.842155452549,76,7.6,27,1,2708,2701,0.969475857944,0.958737992429,75,7.5,27,1,2074,2073,0.012271846303,0.010737865515,76,7.6,26,0
475,2026-09-05T05:22:44.118872+00:00,174525343000000,174525390000000,30.890000000,online_inference,6,0,2089,2087,0.101242732000,0.098174770425,76,7.6,27,1,2640,2641,0.880504972246,0.882038953034,75,7.5,26,0,2611,2607,0.848291375701,0.842155452549,76,7.6,27,1,2708,2701,0.969475857944,0.958737992429,75,7.5,27,1,2074,2073,0.012271846303,0.010737865515,76,7.6,26,0
476,2026-09-05T05:22:44.175621+00:00,174525406000000,174525453000000,30.953000000,online_inference,6,0,2089,2087,0.101242732000,0.098174770425,76,7.6,27,0,2640,2641,0.880504972246,0.882038953034,75,7.5,26,0,2611,2607,0.848291375701,0.842155452549,76,7.6,27,0,2708,2701,0.969475857944,0.958737992429,75,7.5,27,1,2074,2073,0.012271846303,0.010737865515,76,7.6,26,0
477,2026-09-05T05:22:44.238819+00:00,174525468000000,174525515000000,31.015000000,online_inference,6,0,2089,2087,0.101242732000,0.098174770425,76,7.6,27,1,2640,2641,0.880504972246,0.882038953034,75,7.5,26,0,2611,2607,0.848291375701,0.842155452549,76,7.6,27,1,2708,2701,0.969475857944,0.958737992429,75,7.5,27,1,2074,2073,0.012271846303,0.010737865515,75,7.5,26,0
478,2026-09-05T05:22:44.303455+00:00,174525531000000,174525578000000,31.078000000,online_inference,6,0,2089,2087,0.101242732000,0.098174770425,76,7.6,27,1,2640,2641,0.880504972246,0.882038953034,75,7.5,26,0,2611,2607,0.848291375701,0.842155452549,76,7.6,27,1,2708,2701,0.969475857944,0.958737992429,75,7.5,27,1,2074,2073,0.012271846303,0.010737865515,76,7.6,26,0
479,2026-09-05T05:22:44.382728+00:00,174525609000000,174525656000000,31.156000000,online_inference,6,0,2089,2087,0.101242732000,0.098174770425,76,7.6,27,0,2640,2641,0.880504972246,0.882038953034,75,7.5,26,0,2611,2607,0.848291375701,0.842155452549,76,7.6,27,1,2708,2701,0.969475857944,0.958737992429,75,7.5,27,2,2074,2073,0.012271846303,0.010737865515,75,7.5,26,0
480,2026-09-05T05:22:44.438415+00:00,174525671000000,174525718000000,31.218000000,online_inference,6,0,2089,2087,0.101242732000,0.098174770425,76,7.6,27,1,2640,2641,0.880504972246,0.882038953034,75,7.5,26,0,2611,2607,0.848291375701,0.842155452549,76,7.6,27,1,2708,2701,0.969475857944,0.958737992429,75,7.5,27,1,2074,2073,0.012271846303,0.010737865515,76,7.6,26,0
481,2026-09-05T05:22:44.498683+00:00,174525734000000,174525781000000,31.281000000,online_inference,6,0,2089,2087,0.101242732000,0.098174770425,76,7.6,27,1,2640,2641,0.880504972246,0.882038953034,75,7.5,26,0,2611,2607,0.848291375701,0.842155452549,76,7.6,27,1,2708,2701,0.969475857944,0.958737992429,75,7.5,27,1,2074,2073,0.012271846303,0.010737865515,76,7.6,26,0
482,2026-09-05T05:22:44.569652+00:00,174525796000000,174525843000000,31.343000000,online_inference,6,0,2089,2087,0.101242732000,0.098174770425,76,7.6,27,1,2640,2641,0.880504972246,0.882038953034,75,7.5,26,0,2611,2607,0.848291375701,0.842155452549,76,7.6,27,0,2708,2701,0.969475857944,0.958737992429,75,7.5,27,1,2074,2073,0.012271846303,0.010737865515,76,7.6,26,0
483,2026-09-05T05:22:44.620394+00:00,174525859000000,174525890000000,31.390000000,online_inference,6,0,2089,2087,0.101242732000,0.098174770425,76,7.6,27,1,2640,2641,0.880504972246,0.882038953034,75,7.5,26,0,2611,2607,0.848291375701,0.842155452549,76,7.6,27,0,2708,2701,0.969475857944,0.958737992429,75,7.5,27,2,2074,2073,0.012271846303,0.010737865515,76,7.6,26,0
484,2026-09-05T05:22:44.678644+00:00,174525906000000,174525953000000,31.453000000,online_inference,6,0,2089,2087,0.101242732000,0.098174770425,76,7.6,27,0,2640,2641,0.880504972246,0.882038953034,75,7.5,26,0,2611,2607,0.848291375701,0.842155452549,76,7.6,27,1,2708,2701,0.969475857944,0.958737992429,75,7.5,27,1,2074,2073,0.012271846303,0.010737865515,76,7.6,26,0
485,2026-09-05T05:22:44.742298+00:00,174525968000000,174526015000000,31.515000000,online_inference,6,0,2089,2087,0.101242732000,0.098174770425,76,7.6,27,0,2640,2641,0.880504972246,0.882038953034,75,7.5,26,0,2611,2607,0.848291375701,0.842155452549,76,7.6,27,1,2708,2701,0.969475857944,0.958737992429,75,7.5,27,1,2074,2073,0.012271846303,0.010737865515,75,7.5,26,0
486,2026-09-05T05:22:44.798993+00:00,174526031000000,174526078000000,31.578000000,online_inference,6,0,2089,2087,0.101242732000,0.098174770425,76,7.6,27,0,2640,2641,0.880504972246,0.882038953034,75,7.5,26,0,2611,2607,0.848291375701,0.842155452549,76,7.6,27,1,2708,2701,0.969475857944,0.958737992429,75,7.5,27,1,2074,2073,0.012271846303,0.010737865515,75,7.5,26,0
487,2026-09-05T05:22:44.862789+00:00,174526093000000,174526140000000,31.640000000,online_inference,6,0,2089,2087,0.101242732000,0.098174770425,76,7.6,27,1,2640,2641,0.880504972246,0.882038953034,75,7.5,26,0,2611,2607,0.848291375701,0.842155452549,76,7.6,27,1,2708,2701,0.969475857944,0.958737992429,75,7.5,27,1,2074,2073,0.012271846303,0.010737865515,76,7.6,26,0
488,2026-09-05T05:22:44.941952+00:00,174526156000000,174526218000000,31.718000000,online_inference,6,0,2089,2087,0.101242732000,0.098174770425,76,7.6,27,0,2640,2641,0.880504972246,0.882038953034,75,7.5,26,0,2611,2607,0.848291375701,0.842155452549,76,7.6,27,1,2708,2701,0.969475857944,0.958737992429,75,7.5,27,1,2074,2073,0.012271846303,0.010737865515,76,7.6,26,0
489,2026-09-05T05:22:45.001018+00:00,174526234000000,174526281000000,31.781000000,online_inference,6,0,2089,2087,0.101242732000,0.098174770425,76,7.6,27,1,2640,2641,0.880504972246,0.882038953034,75,7.5,26,0,2611,2607,0.848291375701,0.842155452549,76,7.6,27,1,2708,2701,0.969475857944,0.958737992429,75,7.5,27,1,2074,2073,0.012271846303,0.010737865515,76,7.6,26,0
490,2026-09-05T05:22:45.062867+00:00,174526296000000,174526343000000,31.843000000,online_inference,6,0,2089,2087,0.101242732000,0.098174770425,76,7.6,27,0,2640,2641,0.880504972246,0.882038953034,75,7.5,26,0,2611,2607,0.848291375701,0.842155452549,76,7.6,27,1,2708,2701,0.969475857944,0.958737992429,75,7.5,27,1,2074,2073,0.012271846303,0.010737865515,76,7.6,26,0
491,2026-09-05T05:22:45.133717+00:00,174526359000000,174526406000000,31.906000000,online_inference,6,0,2089,2087,0.101242732000,0.098174770425,76,7.6,27,0,2640,2641,0.880504972246,0.882038953034,75,7.5,26,0,2611,2607,0.848291375701,0.842155452549,76,7.6,27,1,2708,2701,0.969475857944,0.958737992429,75,7.5,27,1,2074,2073,0.012271846303,0.010737865515,75,7.5,26,0
492,2026-09-05T05:22:45.183976+00:00,174526421000000,174526453000000,31.953000000,online_inference,6,0,2089,2087,0.101242732000,0.098174770425,76,7.6,27,0,2640,2641,0.880504972246,0.882038953034,75,7.5,26,0,2611,2607,0.848291375701,0.842155452549,76,7.6,27,1,2708,2701,0.969475857944,0.958737992429,75,7.5,27,1,2074,2073,0.012271846303,0.010737865515,76,7.6,26,0
493,2026-09-05T05:22:45.248735+00:00,174526468000000,174526531000000,32.031000000,online_inference,6,0,2089,2087,0.101242732000,0.098174770425,76,7.6,27,1,2640,2641,0.880504972246,0.882038953034,75,7.5,26,0,2611,2607,0.848291375701,0.842155452549,76,7.6,27,0,2708,2701,0.969475857944,0.958737992429,75,7.5,27,1,2074,2073,0.012271846303,0.010737865515,76,7.6,26,0
494,2026-09-05T05:22:45.324165+00:00,174526546000000,174526593000000,32.093000000,online_inference,6,0,2089,2087,0.101242732000,0.098174770425,76,7.6,27,0,2640,2641,0.880504972246,0.882038953034,75,7.5,26,0,2611,2607,0.848291375701,0.842155452549,76,7.6,27,1,2708,2701,0.969475857944,0.958737992429,75,7.5,27,1,2074,2073,0.012271846303,0.010737865515,76,7.6,26,0
495,2026-09-05T05:22:45.401895+00:00,174526609000000,174526671000000,32.171000000,online_inference,6,0,2089,2087,0.101242732000,0.098174770425,76,7.6,27,0,2640,2641,0.880504972246,0.882038953034,75,7.5,26,0,2611,2607,0.848291375701,0.842155452549,76,7.6,27,1,2708,2701,0.969475857944,0.958737992429,75,7.5,27,1,2074,2073,0.012271846303,0.010737865515,75,7.5,26,0
496,2026-09-05T05:22:45.494199+00:00,174526703000000,174526765000000,32.265000000,online_inference,6,0,2089,2087,0.101242732000,0.098174770425,76,7.6,27,1,2640,2641,0.880504972246,0.882038953034,75,7.5,26,0,2611,2607,0.848291375701,0.842155452549,76,7.6,27,1,2708,2701,0.969475857944,0.958737992429,75,7.5,27,1,2074,2073,0.012271846303,0.010737865515,76,7.6,26,0
497,2026-09-05T05:22:45.552831+00:00,174526781000000,174526828000000,32.328000000,online_inference,6,0,2089,2087,0.101242732000,0.098174770425,76,7.6,27,1,2640,2641,0.880504972246,0.882038953034,75,7.5,26,0,2611,2607,0.848291375701,0.842155452549,76,7.6,27,0,2708,2701,0.969475857944,0.958737992429,75,7.5,27,1,2074,2073,0.012271846303,0.010737865515,76,7.6,26,0
498,2026-09-05T05:22:45.623935+00:00,174526843000000,174526906000000,32.406000000,online_inference,6,0,2089,2087,0.101242732000,0.098174770425,76,7.6,27,1,2640,2641,0.880504972246,0.882038953034,75,7.5,26,0,2611,2607,0.848291375701,0.842155452549,76,7.6,27,1,2708,2701,0.969475857944,0.958737992429,75,7.5,27,1,2074,2073,0.012271846303,0.010737865515,75,7.5,26,0
499,2026-09-05T05:22:45.694962+00:00,174526921000000,174526968000000,32.468000000,online_inference,6,0,2089,2087,0.101242732000,0.098174770425,76,7.6,27,0,2640,2641,0.880504972246,0.882038953034,75,7.5,26,0,2611,2607,0.848291375701,0.842155452549,76,7.6,27,1,2708,2701,0.969475857944,0.958737992429,75,7.5,27,1,2074,2073,0.012271846303,0.010737865515,76,7.6,26,0
500,2026-09-05T05:22:45.769872+00:00,174526984000000,174527046000000,32.546000000,online_inference,6,0,2089,2087,0.101242732000,0.098174770425,76,7.6,27,1,2640,2641,0.880504972246,0.882038953034,75,7.5,26,0,2611,2607,0.848291375701,0.842155452549,76,7.6,27,0,2708,2701,0.969475857944,0.958737992429,75,7.5,27,1,2074,2073,0.012271846303,0.010737865515,76,7.6,26,0
501,2026-09-05T05:22:45.846616+00:00,174527062000000,174527125000000,32.625000000,online_inference,6,0,2089,2087,0.101242732000,0.098174770425,76,7.6,27,0,2640,2641,0.880504972246,0.882038953034,75,7.5,26,0,2611,2607,0.848291375701,0.842155452549,76,7.6,27,1,2708,2701,0.969475857944,0.958737992429,75,7.5,27,2,2074,2073,0.012271846303,0.010737865515,76,7.6,26,0
502,2026-09-05T05:22:45.928973+00:00,174527140000000,174527203000000,32.703000000,online_inference,6,0,2089,2087,0.101242732000,0.098174770425,76,7.6,27,0,2640,2641,0.880504972246,0.882038953034,75,7.5,26,0,2611,2607,0.848291375701,0.842155452549,76,7.6,27,1,2708,2701,0.969475857944,0.958737992429,75,7.5,27,2,2074,2073,0.012271846303,0.010737865515,75,7.5,26,0
503,2026-09-05T05:22:46.022532+00:00,174527250000000,174527296000000,32.796000000,online_inference,6,0,2089,2087,0.101242732000,0.098174770425,76,7.6,27,1,2640,2641,0.880504972246,0.882038953034,75,7.5,26,0,2611,2607,0.848291375701,0.842155452549,76,7.6,27,1,2708,2701,0.969475857944,0.958737992429,75,7.5,27,1,2074,2073,0.012271846303,0.010737865515,75,7.5,26,0
504,2026-09-05T05:22:46.096821+00:00,174527312000000,174527375000000,32.875000000,online_inference,6,0,2089,2087,0.101242732000,0.098174770425,76,7.6,27,1,2640,2641,0.880504972246,0.882038953034,75,7.5,26,0,2611,2607,0.848291375701,0.842155452549,76,7.6,27,0,2708,2701,0.969475857944,0.958737992429,75,7.5,27,1,2074,2073,0.012271846303,0.010737865515,75,7.5,26,0
505,2026-09-05T05:22:46.174323+00:00,174527390000000,174527453000000,32.953000000,online_inference,6,0,2089,2087,0.101242732000,0.098174770425,76,7.6,27,1,2640,2641,0.880504972246,0.882038953034,75,7.5,26,0,2611,2607,0.848291375701,0.842155452549,76,7.6,27,1,2708,2701,0.969475857944,0.958737992429,75,7.5,27,1,2074,2073,0.012271846303,0.010737865515,76,7.6,26,0
506,2026-09-05T05:22:46.248424+00:00,174527468000000,174527515000000,33.031000000,online_inference,6,0,2089,2087,0.101242732000,0.098174770425,76,7.6,27,0,2640,2641,0.880504972246,0.882038953034,75,7.5,26,0,2611,2607,0.848291375701,0.842155452549,76,7.6,27,1,2708,2701,0.969475857944,0.958737992429,75,7.5,27,1,2074,2073,0.012271846303,0.010737865515,75,7.5,26,0
507,2026-09-05T05:22:46.332200+00:00,174527546000000,174527609000000,33.109000000,online_inference,6,0,2089,2087,0.101242732000,0.098174770425,76,7.6,27,1,2640,2641,0.880504972246,0.882038953034,75,7.5,26,0,2611,2607,0.848291375701,0.842155452549,76,7.6,27,1,2708,2701,0.969475857944,0.958737992429,75,7.5,27,1,2074,2073,0.012271846303,0.010737865515,76,7.6,26,0
508,2026-09-05T05:22:46.388593+00:00,174527625000000,174527656000000,33.156000000,online_inference,6,0,2089,2087,0.101242732000,0.098174770425,76,7.6,27,0,2640,2641,0.880504972246,0.882038953034,75,7.5,26,0,2611,2607,0.848291375701,0.842155452549,76,7.6,27,1,2708,2701,0.969475857944,0.958737992429,75,7.5,27,1,2074,2073,0.012271846303,0.010737865515,76,7.6,26,0
509,2026-09-05T05:22:46.460232+00:00,174527671000000,174527734000000,33.234000000,online_inference,6,0,2089,2087,0.101242732000,0.098174770425,76,7.6,27,1,2640,2641,0.880504972246,0.882038953034,75,7.5,26,0,2611,2607,0.848291375701,0.842155452549,76,7.6,27,1,2708,2701,0.969475857944,0.958737992429,75,7.5,27,1,2074,2073,0.012271846303,0.010737865515,76,7.6,26,0
510,2026-09-05T05:22:46.556057+00:00,174527765000000,174527828000000,33.328000000,online_inference,6,0,2089,2087,0.101242732000,0.098174770425,76,7.6,27,0,2640,2641,0.880504972246,0.882038953034,75,7.5,26,0,2611,2607,0.848291375701,0.842155452549,76,7.6,27,1,2708,2701,0.969475857944,0.958737992429,75,7.5,27,1,2074,2073,0.012271846303,0.010737865515,75,7.5,26,0
511,2026-09-05T05:22:46.615593+00:00,174527843000000,174527890000000,33.390000000,online_inference,6,0,2089,2087,0.101242732000,0.098174770425,76,7.6,27,1,2640,2641,0.880504972246,0.882038953034,75,7.5,26,0,2611,2607,0.848291375701,0.842155452549,76,7.6,27,2,2708,2701,0.969475857944,0.958737992429,75,7.5,27,1,2074,2073,0.012271846303,0.010737865515,75,7.5,26,0
512,2026-09-05T05:22:46.680373+00:00,174527906000000,174527953000000,33.453000000,online_inference,6,0,2089,2087,0.101242732000,0.098174770425,76,7.6,27,1,2640,2641,0.880504972246,0.882038953034,75,7.5,26,0,2611,2607,0.848291375701,0.842155452549,76,7.6,27,1,2708,2701,0.969475857944,0.958737992429,75,7.5,27,1,2074,2073,0.012271846303,0.010737865515,76,7.6,26,0
513,2026-09-05T05:22:46.756028+00:00,174527968000000,174528031000000,33.531000000,online_inference,6,0,2089,2087,0.101242732000,0.098174770425,76,7.6,27,1,2640,2641,0.880504972246,0.882038953034,75,7.5,26,0,2611,2607,0.848291375701,0.842155452549,76,7.6,27,1,2708,2701,0.969475857944,0.958737992429,75,7.5,27,1,2074,2073,0.012271846303,0.010737865515,76,7.6,26,0
514,2026-09-05T05:22:46.821600+00:00,174528046000000,174528093000000,33.593000000,online_inference,6,0,2089,2087,0.101242732000,0.098174770425,76,7.6,27,0,2640,2641,0.880504972246,0.882038953034,75,7.5,26,0,2611,2607,0.848291375701,0.842155452549,76,7.6,27,1,2708,2701,0.969475857944,0.958737992429,75,7.5,27,2,2074,2073,0.012271846303,0.010737865515,76,7.6,26,0
515,2026-09-05T05:22:46.887179+00:00,174528109000000,174528156000000,33.656000000,online_inference,6,0,2089,2087,0.101242732000,0.098174770425,76,7.6,27,0,2640,2641,0.880504972246,0.882038953034,75,7.5,26,0,2611,2607,0.848291375701,0.842155452549,76,7.6,27,1,2708,2701,0.969475857944,0.958737992429,75,7.5,27,1,2074,2073,0.012271846303,0.010737865515,76,7.6,26,0
516,2026-09-05T05:22:46.936507+00:00,174528171000000,174528218000000,33.718000000,online_inference,6,0,2089,2087,0.101242732000,0.098174770425,76,7.6,27,0,2640,2641,0.880504972246,0.882038953034,75,7.5,26,0,2611,2607,0.848291375701,0.842155452549,76,7.6,27,0,2708,2701,0.969475857944,0.958737992429,75,7.5,27,1,2074,2073,0.012271846303,0.010737865515,76,7.6,26,0
517,2026-09-05T05:22:47.003655+00:00,174528234000000,174528281000000,33.781000000,online_inference,6,0,2089,2087,0.101242732000,0.098174770425,76,7.6,27,1,2640,2641,0.880504972246,0.882038953034,75,7.5,26,0,2611,2607,0.848291375701,0.842155452549,76,7.6,27,1,2708,2701,0.969475857944,0.958737992429,75,7.5,27,1,2074,2073,0.012271846303,0.010737865515,76,7.6,26,0
518,2026-09-05T05:22:47.086636+00:00,174528312000000,174528359000000,33.859000000,online_archive,6,0,2089,2087,0.101242732000,0.098174770425,76,7.6,27,1,2640,2641,0.880504972246,0.882038953034,75,7.5,26,0,2611,2607,0.848291375701,0.842155452549,76,7.6,27,0,2708,2701,0.969475857944,0.958737992429,75,7.5,27,1,2074,2073,0.012271846303,0.010737865515,76,7.6,26,0
519,2026-09-05T05:22:47.139827+00:00,174528375000000,174528421000000,33.921000000,online_archive,6,0,2089,2087,0.101242732000,0.098174770425,76,7.6,27,1,2640,2641,0.880504972246,0.882038953034,75,7.5,26,0,2611,2607,0.848291375701,0.842155452549,76,7.6,27,1,2708,2701,0.969475857944,0.958737992429,75,7.5,27,1,2074,2073,0.012271846303,0.010737865515,75,7.5,26,0
520,2026-09-05T05:22:47.252451+00:00,174528484000000,174528531000000,34.031000000,online_observation,6,0,2089,2087,0.101242732000,0.098174770425,76,7.6,27,1,2640,2641,0.880504972246,0.882038953034,75,7.5,26,0,2611,2607,0.848291375701,0.842155452549,76,7.6,27,1,2708,2701,0.969475857944,0.958737992429,75,7.5,27,1,2074,2073,0.012271846303,0.010737865515,76,7.6,26,0
521,2026-09-05T05:22:47.304598+00:00,174528546000000,174528578000000,34.078000000,online_observation,6,0,2089,2087,0.101242732000,0.098174770425,76,7.6,27,0,2640,2641,0.880504972246,0.882038953034,75,7.5,26,0,2611,2607,0.848291375701,0.842155452549,76,7.6,27,1,2708,2701,0.969475857944,0.958737992429,75,7.5,27,1,2074,2073,0.012271846303,0.010737865515,76,7.6,26,0
522,2026-09-05T05:22:47.363332+00:00,174528593000000,174528640000000,34.140000000,online_observation,6,0,2089,2087,0.101242732000,0.098174770425,76,7.6,27,1,2640,2641,0.880504972246,0.882038953034,75,7.5,26,0,2611,2607,0.848291375701,0.842155452549,76,7.6,27,1,2708,2701,0.969475857944,0.958737992429,75,7.5,27,1,2074,2073,0.012271846303,0.010737865515,75,7.5,26,0
523,2026-09-05T05:22:47.412484+00:00,174528656000000,174528687000000,34.187000000,online_observation,6,0,2089,2087,0.101242732000,0.098174770425,76,7.6,27,0,2640,2641,0.880504972246,0.882038953034,75,7.5,26,0,2611,2607,0.848291375701,0.842155452549,76,7.6,27,1,2708,2701,0.969475857944,0.958737992429,75,7.5,27,1,2074,2073,0.012271846303,0.010737865515,75,7.5,26,0
524,2026-09-05T05:22:47.468197+00:00,174528703000000,174528750000000,34.250000000,online_observation,6,0,2089,2087,0.101242732000,0.098174770425,76,7.6,27,0,2640,2641,0.880504972246,0.882038953034,75,7.5,26,0,2611,2607,0.848291375701,0.842155452549,76,7.6,27,1,2708,2701,0.969475857944,0.958737992429,75,7.5,27,1,2074,2073,0.012271846303,0.010737865515,75,7.5,26,0
525,2026-09-05T05:22:47.519667+00:00,174528765000000,174528796000000,34.296000000,online_observation,6,0,2089,2087,0.101242732000,0.098174770425,76,7.6,27,0,2640,2641,0.880504972246,0.882038953034,75,7.5,26,0,2611,2607,0.848291375701,0.842155452549,76,7.6,27,0,2708,2701,0.969475857944,0.958737992429,75,7.5,27,2,2074,2073,0.012271846303,0.010737865515,76,7.6,26,0
526,2026-09-05T05:22:47.598542+00:00,174528828000000,174528875000000,34.375000000,online_observation,6,0,2089,2087,0.101242732000,0.098174770425,76,7.6,27,1,2640,2641,0.880504972246,0.882038953034,75,7.5,26,0,2611,2607,0.848291375701,0.842155452549,76,7.6,27,0,2708,2701,0.969475857944,0.958737992429,75,7.5,27,1,2074,2073,0.012271846303,0.010737865515,75,7.5,26,0
527,2026-09-05T05:22:47.661008+00:00,174528890000000,174528937000000,34.437000000,online_inference,7,0,2089,2087,0.101242732000,0.098174770425,76,7.6,27,0,2640,2641,0.880504972246,0.882038953034,75,7.5,26,0,2611,2607,0.848291375701,0.842155452549,76,7.6,27,1,2708,2701,0.969475857944,0.958737992429,75,7.5,27,1,2074,2073,0.012271846303,0.010737865515,76,7.6,26,0
528,2026-09-05T05:22:47.753456+00:00,174528953000000,174529031000000,34.531000000,online_inference,7,0,2089,2087,0.101242732000,0.098174770425,76,7.6,27,0,2640,2641,0.880504972246,0.882038953034,75,7.5,26,0,2611,2607,0.848291375701,0.842155452549,76,7.6,27,1,2708,2701,0.969475857944,0.958737992429,75,7.5,27,1,2074,2073,0.012271846303,0.010737865515,75,7.5,26,0
529,2026-09-05T05:22:47.842074+00:00,174529046000000,174529109000000,34.609000000,online_inference,7,0,2089,2087,0.101242732000,0.098174770425,76,7.6,27,1,2640,2641,0.880504972246,0.882038953034,75,7.5,26,0,2611,2607,0.848291375701,0.842155452549,76,7.6,27,1,2708,2701,0.969475857944,0.958737992429,75,7.5,27,0,2074,2073,0.012271846303,0.010737865515,75,7.5,26,0
530,2026-09-05T05:22:47.896506+00:00,174529125000000,174529171000000,34.671000000,online_inference,7,0,2089,2087,0.101242732000,0.098174770425,76,7.6,27,1,2640,2641,0.880504972246,0.882038953034,75,7.5,26,0,2611,2607,0.848291375701,0.842155452549,76,7.6,27,0,2708,2701,0.969475857944,0.958737992429,75,7.5,27,1,2074,2073,0.012271846303,0.010737865515,76,7.6,26,0
531,2026-09-05T05:22:47.966749+00:00,174529187000000,174529234000000,34.734000000,online_inference,7,0,2089,2087,0.101242732000,0.098174770425,76,7.6,27,0,2640,2641,0.880504972246,0.882038953034,75,7.5,26,0,2611,2607,0.848291375701,0.842155452549,76,7.6,27,1,2708,2701,0.969475857944,0.958737992429,75,7.5,27,1,2074,2073,0.012271846303,0.010737865515,76,7.6,26,0
532,2026-09-05T05:22:48.041451+00:00,174529265000000,174529312000000,34.812000000,online_inference,7,0,2089,2087,0.101242732000,0.098174770425,76,7.6,27,0,2640,2641,0.880504972246,0.882038953034,75,7.5,26,0,2611,2607,0.848291375701,0.842155452549,76,7.6,27,1,2708,2701,0.969475857944,0.958737992429,75,7.5,27,1,2074,2073,0.012271846303,0.010737865515,76,7.6,26,0
533,2026-09-05T05:22:48.127425+00:00,174529343000000,174529406000000,34.906000000,online_inference,7,0,2089,2087,0.101242732000,0.098174770425,76,7.6,27,0,2640,2641,0.880504972246,0.882038953034,75,7.5,26,0,2611,2607,0.848291375701,0.842155452549,76,7.6,27,1,2708,2701,0.969475857944,0.958737992429,75,7.5,27,1,2074,2073,0.012271846303,0.010737865515,75,7.5,26,0
534,2026-09-05T05:22:48.201869+00:00,174529421000000,174529484000000,34.984000000,online_inference,7,0,2089,2087,0.101242732000,0.098174770425,76,7.6,27,0,2640,2641,0.880504972246,0.882038953034,75,7.5,26,0,2611,2607,0.848291375701,0.842155452549,76,7.6,27,1,2708,2701,0.969475857944,0.958737992429,75,7.5,27,1,2074,2073,0.012271846303,0.010737865515,75,7.5,26,0
535,2026-09-05T05:22:48.275851+00:00,174529500000000,174529546000000,35.046000000,online_inference,7,0,2089,2087,0.101242732000,0.098174770425,76,7.6,27,1,2640,2641,0.880504972246,0.882038953034,75,7.5,26,0,2611,2607,0.848291375701,0.842155452549,76,7.6,27,1,2708,2701,0.969475857944,0.958737992429,75,7.5,27,1,2074,2073,0.012271846303,0.010737865515,76,7.6,26,0
536,2026-09-05T05:22:48.338719+00:00,174529562000000,174529609000000,35.109000000,online_inference,7,0,2089,2087,0.101242732000,0.098174770425,76,7.6,27,1,2640,2641,0.880504972246,0.882038953034,75,7.5,26,0,2611,2607,0.848291375701,0.842155452549,76,7.6,27,0,2708,2701,0.969475857944,0.958737992429,75,7.5,27,2,2074,2073,0.012271846303,0.010737865515,75,7.5,26,0
537,2026-09-05T05:22:48.395917+00:00,174529625000000,174529671000000,35.171000000,online_inference,7,0,2089,2087,0.101242732000,0.098174770425,76,7.6,27,0,2640,2641,0.880504972246,0.882038953034,75,7.5,26,0,2611,2607,0.848291375701,0.842155452549,76,7.6,27,0,2708,2701,0.969475857944,0.958737992429,75,7.5,27,1,2074,2073,0.012271846303,0.010737865515,75,7.5,26,0
538,2026-09-05T05:22:48.455643+00:00,174529687000000,174529734000000,35.234000000,online_inference,7,0,2089,2087,0.101242732000,0.098174770425,76,7.6,27,0,2640,2641,0.880504972246,0.882038953034,75,7.5,26,0,2611,2607,0.848291375701,0.842155452549,76,7.6,27,1,2708,2701,0.969475857944,0.958737992429,75,7.5,27,2,2074,2073,0.012271846303,0.010737865515,75,7.5,26,0
539,2026-09-05T05:22:48.529346+00:00,174529750000000,174529796000000,35.296000000,online_inference,7,0,2089,2087,0.101242732000,0.098174770425,76,7.6,27,0,2640,2641,0.880504972246,0.882038953034,75,7.5,26,0,2611,2607,0.848291375701,0.842155452549,76,7.6,27,0,2708,2701,0.969475857944,0.958737992429,75,7.5,27,1,2074,2073,0.012271846303,0.010737865515,75,7.5,26,0
540,2026-09-05T05:22:48.581467+00:00,174529812000000,174529859000000,35.359000000,online_inference,7,0,2089,2087,0.101242732000,0.098174770425,76,7.6,27,0,2640,2641,0.880504972246,0.882038953034,75,7.5,26,0,2611,2607,0.848291375701,0.842155452549,76,7.6,27,0,2708,2701,0.969475857944,0.958737992429,75,7.5,27,1,2074,2073,0.012271846303,0.010737865515,75,7.5,26,0
541,2026-09-05T05:22:48.656006+00:00,174529875000000,174529937000000,35.437000000,online_inference,7,0,2089,2087,0.101242732000,0.098174770425,76,7.6,27,0,2640,2641,0.880504972246,0.882038953034,75,7.5,26,0,2611,2607,0.848291375701,0.842155452549,76,7.6,27,0,2708,2701,0.969475857944,0.958737992429,75,7.5,27,1,2074,2073,0.012271846303,0.010737865515,75,7.5,26,0
542,2026-09-05T05:22:48.738735+00:00,174529953000000,174530015000000,35.515000000,online_inference,7,0,2089,2087,0.101242732000,0.098174770425,76,7.6,27,0,2640,2641,0.880504972246,0.882038953034,75,7.5,26,0,2611,2607,0.848291375701,0.842155452549,76,7.6,27,0,2708,2701,0.969475857944,0.958737992429,75,7.5,27,1,2074,2073,0.012271846303,0.010737865515,76,7.6,26,0
543,2026-09-05T05:22:48.807777+00:00,174530031000000,174530078000000,35.578000000,online_inference,7,0,2089,2087,0.101242732000,0.098174770425,76,7.6,27,1,2640,2641,0.880504972246,0.882038953034,75,7.5,26,0,2611,2607,0.848291375701,0.842155452549,76,7.6,27,0,2708,2701,0.969475857944,0.958737992429,75,7.5,27,1,2074,2073,0.012271846303,0.010737865515,75,7.5,26,0
544,2026-09-05T05:22:48.879051+00:00,174530093000000,174530156000000,35.656000000,online_inference,7,0,2089,2087,0.101242732000,0.098174770425,76,7.6,27,0,2640,2641,0.880504972246,0.882038953034,75,7.5,26,0,2611,2607,0.848291375701,0.842155452549,76,7.6,27,1,2708,2701,0.969475857944,0.958737992429,75,7.5,27,1,2074,2073,0.012271846303,0.010737865515,76,7.6,26,0
545,2026-09-05T05:22:48.950769+00:00,174530171000000,174530218000000,35.718000000,online_inference,7,0,2089,2087,0.101242732000,0.098174770425,76,7.6,27,1,2640,2641,0.880504972246,0.882038953034,75,7.5,26,0,2611,2607,0.848291375701,0.842155452549,76,7.6,27,1,2708,2701,0.969475857944,0.958737992429,75,7.5,27,1,2074,2073,0.012271846303,0.010737865515,76,7.6,26,0
546,2026-09-05T05:22:49.007429+00:00,174530234000000,174530281000000,35.781000000,online_inference,7,0,2089,2087,0.101242732000,0.098174770425,76,7.6,27,0,2640,2641,0.880504972246,0.882038953034,75,7.5,26,0,2611,2607,0.848291375701,0.842155452549,76,7.6,27,0,2708,2701,0.969475857944,0.958737992429,75,7.5,27,1,2074,2073,0.012271846303,0.010737865515,75,7.5,26,0
547,2026-09-05T05:22:49.076426+00:00,174530296000000,174530343000000,35.843000000,online_inference,7,0,2089,2087,0.101242732000,0.098174770425,76,7.6,27,0,2640,2641,0.880504972246,0.882038953034,75,7.5,26,0,2611,2607,0.848291375701,0.842155452549,76,7.6,27,0,2708,2701,0.969475857944,0.958737992429,75,7.5,27,1,2074,2073,0.012271846303,0.010737865515,75,7.5,26,0
548,2026-09-05T05:22:49.133480+00:00,174530359000000,174530406000000,35.906000000,online_inference,7,0,2089,2087,0.101242732000,0.098174770425,76,7.6,27,1,2640,2641,0.880504972246,0.882038953034,75,7.5,26,0,2611,2607,0.848291375701,0.842155452549,76,7.6,27,0,2708,2701,0.969475857944,0.958737992429,75,7.5,27,1,2074,2073,0.012271846303,0.010737865515,75,7.5,26,0
549,2026-09-05T05:22:49.229183+00:00,174530437000000,174530500000000,36.000000000,online_inference,7,0,2089,2087,0.101242732000,0.098174770425,76,7.6,27,1,2640,2641,0.880504972246,0.882038953034,75,7.5,26,0,2611,2607,0.848291375701,0.842155452549,76,7.6,27,0,2708,2701,0.969475857944,0.958737992429,75,7.5,27,1,2074,2073,0.012271846303,0.010737865515,76,7.6,26,0
550,2026-09-05T05:22:49.288779+00:00,174530515000000,174530562000000,36.062000000,online_inference,7,0,2089,2087,0.101242732000,0.098174770425,76,7.6,27,1,2640,2641,0.880504972246,0.882038953034,75,7.5,26,0,2611,2607,0.848291375701,0.842155452549,76,7.6,27,1,2708,2701,0.969475857944,0.958737992429,75,7.5,27,2,2074,2073,0.012271846303,0.010737865515,76,7.6,26,0
551,2026-09-05T05:22:49.355279+00:00,174530578000000,174530625000000,36.125000000,online_inference,7,0,2089,2087,0.101242732000,0.098174770425,76,7.6,27,1,2640,2641,0.880504972246,0.882038953034,75,7.5,26,0,2611,2607,0.848291375701,0.842155452549,76,7.6,27,0,2708,2701,0.969475857944,0.958737992429,75,7.5,27,1,2074,2073,0.012271846303,0.010737865515,76,7.6,26,0
552,2026-09-05T05:22:49.411157+00:00,174530640000000,174530687000000,36.187000000,online_inference,7,0,2089,2087,0.101242732000,0.098174770425,76,7.6,27,0,2640,2641,0.880504972246,0.882038953034,75,7.5,26,0,2611,2607,0.848291375701,0.842155452549,76,7.6,27,1,2708,2701,0.969475857944,0.958737992429,75,7.5,27,1,2074,2073,0.012271846303,0.010737865515,75,7.5,26,0
553,2026-09-05T05:22:49.480610+00:00,174530703000000,174530750000000,36.250000000,online_inference,7,0,2089,2087,0.101242732000,0.098174770425,76,7.6,27,1,2640,2641,0.880504972246,0.882038953034,75,7.5,26,0,2611,2607,0.848291375701,0.842155452549,76,7.6,27,0,2708,2701,0.969475857944,0.958737992429,75,7.5,27,2,2074,2073,0.012271846303,0.010737865515,75,7.5,26,0
554,2026-09-05T05:22:49.538927+00:00,174530765000000,174530812000000,36.312000000,online_inference,7,0,2089,2087,0.101242732000,0.098174770425,76,7.6,27,1,2640,2641,0.880504972246,0.882038953034,75,7.5,26,0,2611,2607,0.848291375701,0.842155452549,76,7.6,27,1,2708,2701,0.969475857944,0.958737992429,75,7.5,27,1,2074,2073,0.012271846303,0.010737865515,76,7.6,26,0
555,2026-09-05T05:22:49.601985+00:00,174530828000000,174530875000000,36.375000000,online_inference,7,0,2089,2087,0.101242732000,0.098174770425,76,7.6,27,1,2640,2641,0.880504972246,0.882038953034,75,7.5,26,0,2611,2607,0.848291375701,0.842155452549,76,7.6,27,1,2708,2701,0.969475857944,0.958737992429,75,7.5,27,1,2074,2073,0.012271846303,0.010737865515,75,7.5,26,0
556,2026-09-05T05:22:49.671197+00:00,174530890000000,174530953000000,36.453000000,online_inference,7,0,2089,2087,0.101242732000,0.098174770425,76,7.6,27,0,2640,2641,0.880504972246,0.882038953034,75,7.5,26,0,2611,2607,0.848291375701,0.842155452549,76,7.6,27,1,2708,2701,0.969475857944,0.958737992429,75,7.5,27,1,2074,2073,0.012271846303,0.010737865515,75,7.5,26,0
557,2026-09-05T05:22:49.765590+00:00,174530984000000,174531046000000,36.546000000,online_inference,7,0,2089,2087,0.101242732000,0.098174770425,76,7.6,27,0,2640,2641,0.880504972246,0.882038953034,75,7.5,26,0,2611,2607,0.848291375701,0.842155452549,76,7.6,27,1,2708,2701,0.969475857944,0.958737992429,75,7.5,27,1,2074,2073,0.012271846303,0.010737865515,75,7.5,26,0
558,2026-09-05T05:22:49.838541+00:00,174531062000000,174531109000000,36.609000000,online_inference,7,0,2089,2087,0.101242732000,0.098174770425,76,7.6,27,1,2640,2641,0.880504972246,0.882038953034,75,7.5,26,0,2611,2607,0.848291375701,0.842155452549,76,7.6,27,1,2708,2701,0.969475857944,0.958737992429,75,7.5,27,1,2074,2073,0.012271846303,0.010737865515,76,7.6,26,0
559,2026-09-05T05:22:49.905896+00:00,174531125000000,174531187000000,36.687000000,online_inference,7,0,2089,2087,0.101242732000,0.098174770425,76,7.6,27,1,2640,2641,0.880504972246,0.882038953034,75,7.5,26,0,2611,2607,0.848291375701,0.842155452549,76,7.6,27,1,2708,2701,0.969475857944,0.958737992429,75,7.5,27,1,2074,2073,0.012271846303,0.010737865515,75,7.5,26,0
560,2026-09-05T05:22:49.969795+00:00,174531203000000,174531250000000,36.750000000,online_inference,7,0,2089,2087,0.101242732000,0.098174770425,76,7.6,27,1,2640,2641,0.880504972246,0.882038953034,75,7.5,26,0,2611,2607,0.848291375701,0.842155452549,76,7.6,27,1,2708,2701,0.969475857944,0.958737992429,75,7.5,27,1,2074,2073,0.012271846303,0.010737865515,75,7.5,26,0
561,2026-09-05T05:22:50.045099+00:00,174531265000000,174531312000000,36.812000000,online_inference,7,0,2089,2087,0.101242732000,0.098174770425,76,7.6,27,1,2640,2641,0.880504972246,0.882038953034,75,7.5,26,0,2611,2607,0.848291375701,0.842155452549,76,7.6,27,1,2708,2701,0.969475857944,0.958737992429,75,7.5,27,1,2074,2073,0.012271846303,0.010737865515,75,7.5,26,0
562,2026-09-05T05:22:50.103719+00:00,174531328000000,174531375000000,36.875000000,online_inference,7,0,2089,2087,0.101242732000,0.098174770425,76,7.6,27,1,2640,2641,0.880504972246,0.882038953034,75,7.5,26,0,2611,2607,0.848291375701,0.842155452549,76,7.6,27,0,2708,2701,0.969475857944,0.958737992429,75,7.5,27,2,2074,2073,0.012271846303,0.010737865515,76,7.6,26,0
563,2026-09-05T05:22:50.168960+00:00,174531390000000,174531437000000,36.937000000,online_inference,7,0,2089,2087,0.101242732000,0.098174770425,76,7.6,27,1,2640,2641,0.880504972246,0.882038953034,75,7.5,26,0,2611,2607,0.848291375701,0.842155452549,76,7.6,27,0,2708,2701,0.969475857944,0.958737992429,75,7.5,27,1,2074,2073,0.012271846303,0.010737865515,75,7.5,26,0
564,2026-09-05T05:22:50.223110+00:00,174531453000000,174531500000000,37.000000000,online_inference,7,0,2089,2087,0.101242732000,0.098174770425,76,7.6,27,1,2640,2641,0.880504972246,0.882038953034,75,7.5,26,0,2611,2607,0.848291375701,0.842155452549,76,7.6,27,0,2708,2701,0.969475857944,0.958737992429,75,7.5,27,1,2074,2073,0.012271846303,0.010737865515,75,7.5,26,0
565,2026-09-05T05:22:50.302625+00:00,174531515000000,174531578000000,37.078000000,online_inference,7,0,2089,2087,0.101242732000,0.098174770425,76,7.6,27,0,2640,2641,0.880504972246,0.882038953034,75,7.5,26,0,2611,2607,0.848291375701,0.842155452549,76,7.6,27,1,2708,2701,0.969475857944,0.958737992429,75,7.5,27,0,2074,2073,0.012271846303,0.010737865515,75,7.5,26,0
566,2026-09-05T05:22:50.357710+00:00,174531593000000,174531625000000,37.125000000,online_inference,7,0,2089,2087,0.101242732000,0.098174770425,76,7.6,27,0,2640,2641,0.880504972246,0.882038953034,75,7.5,26,0,2611,2607,0.848291375701,0.842155452549,76,7.6,27,1,2708,2701,0.969475857944,0.958737992429,75,7.5,27,1,2074,2073,0.012271846303,0.010737865515,76,7.6,26,0
567,2026-09-05T05:22:50.411705+00:00,174531640000000,174531687000000,37.187000000,online_inference,7,0,2089,2087,0.101242732000,0.098174770425,76,7.6,27,1,2640,2641,0.880504972246,0.882038953034,75,7.5,26,0,2611,2607,0.848291375701,0.842155452549,76,7.6,27,0,2708,2701,0.969475857944,0.958737992429,75,7.5,27,1,2074,2073,0.012271846303,0.010737865515,76,7.6,26,0
568,2026-09-05T05:22:50.479749+00:00,174531703000000,174531750000000,37.250000000,online_inference,7,0,2089,2087,0.101242732000,0.098174770425,76,7.6,27,0,2640,2641,0.880504972246,0.882038953034,75,7.5,26,0,2611,2607,0.848291375701,0.842155452549,76,7.6,27,1,2708,2701,0.969475857944,0.958737992429,75,7.5,27,1,2074,2073,0.012271846303,0.010737865515,76,7.6,26,0
569,2026-09-05T05:22:50.528574+00:00,174531765000000,174531796000000,37.296000000,online_inference,7,0,2089,2087,0.101242732000,0.098174770425,76,7.6,27,1,2640,2641,0.880504972246,0.882038953034,75,7.5,26,0,2611,2607,0.848291375701,0.842155452549,76,7.6,27,0,2708,2701,0.969475857944,0.958737992429,75,7.5,27,1,2074,2073,0.012271846303,0.010737865515,75,7.5,26,1
570,2026-09-05T05:22:50.586356+00:00,174531812000000,174531859000000,37.359000000,online_inference,7,0,2089,2087,0.101242732000,0.098174770425,76,7.6,27,0,2640,2641,0.880504972246,0.882038953034,75,7.5,26,0,2611,2607,0.848291375701,0.842155452549,76,7.6,27,0,2708,2701,0.969475857944,0.958737992429,75,7.5,27,1,2074,2073,0.012271846303,0.010737865515,75,7.5,26,0
571,2026-09-05T05:22:50.648429+00:00,174531875000000,174531921000000,37.421000000,online_inference,7,0,2089,2087,0.101242732000,0.098174770425,76,7.6,27,0,2640,2641,0.880504972246,0.882038953034,75,7.5,26,0,2611,2607,0.848291375701,0.842155452549,76,7.6,27,1,2708,2701,0.969475857944,0.958737992429,75,7.5,27,1,2074,2073,0.012271846303,0.010737865515,75,7.5,26,0
572,2026-09-05T05:22:50.717156+00:00,174531937000000,174532000000000,37.500000000,online_inference,7,0,2089,2087,0.101242732000,0.098174770425,76,7.6,27,1,2640,2641,0.880504972246,0.882038953034,75,7.5,26,0,2611,2607,0.848291375701,0.842155452549,76,7.6,27,0,2708,2701,0.969475857944,0.958737992429,75,7.5,27,1,2074,2073,0.012271846303,0.010737865515,76,7.6,26,0
573,2026-09-05T05:22:50.808418+00:00,174532031000000,174532078000000,37.578000000,online_inference,7,0,2089,2087,0.101242732000,0.098174770425,76,7.6,27,1,2640,2641,0.880504972246,0.882038953034,75,7.5,26,0,2611,2607,0.848291375701,0.842155452549,76,7.6,27,1,2708,2701,0.969475857944,0.958737992429,75,7.5,27,1,2074,2073,0.012271846303,0.010737865515,76,7.6,26,0
574,2026-09-05T05:22:50.874132+00:00,174532093000000,174532156000000,37.656000000,online_inference,7,0,2089,2087,0.101242732000,0.098174770425,76,7.6,27,1,2640,2641,0.880504972246,0.882038953034,75,7.5,26,0,2611,2607,0.848291375701,0.842155452549,76,7.6,27,1,2708,2701,0.969475857944,0.958737992429,75,7.5,27,1,2074,2073,0.012271846303,0.010737865515,76,7.6,26,0
575,2026-09-05T05:22:50.947790+00:00,174532171000000,174532218000000,37.718000000,online_inference,7,0,2089,2087,0.101242732000,0.098174770425,76,7.6,27,0,2640,2641,0.880504972246,0.882038953034,75,7.5,26,0,2611,2607,0.848291375701,0.842155452549,76,7.6,27,0,2708,2701,0.969475857944,0.958737992429,75,7.5,27,1,2074,2073,0.012271846303,0.010737865515,76,7.6,26,0
576,2026-09-05T05:22:51.004775+00:00,174532234000000,174532281000000,37.781000000,online_inference,7,0,2089,2087,0.101242732000,0.098174770425,76,7.6,27,1,2640,2641,0.880504972246,0.882038953034,75,7.5,26,0,2611,2607,0.848291375701,0.842155452549,76,7.6,27,1,2708,2701,0.969475857944,0.958737992429,75,7.5,27,1,2074,2073,0.012271846303,0.010737865515,76,7.6,26,0
577,2026-09-05T05:22:51.079022+00:00,174532296000000,174532359000000,37.859000000,online_inference,7,0,2089,2087,0.101242732000,0.098174770425,76,7.6,27,1,2640,2641,0.880504972246,0.882038953034,75,7.5,26,0,2611,2607,0.848291375701,0.842155452549,76,7.6,27,0,2708,2701,0.969475857944,0.958737992429,75,7.5,27,1,2074,2073,0.012271846303,0.010737865515,76,7.6,26,0
578,2026-09-05T05:22:51.156593+00:00,174532375000000,174532437000000,37.937000000,online_inference,7,0,2089,2087,0.101242732000,0.098174770425,76,7.6,27,0,2640,2641,0.880504972246,0.882038953034,75,7.5,26,0,2611,2607,0.848291375701,0.842155452549,76,7.6,27,1,2708,2701,0.969475857944,0.958737992429,75,7.5,27,1,2074,2073,0.012271846303,0.010737865515,75,7.5,26,0
579,2026-09-05T05:22:51.234927+00:00,174532453000000,174532515000000,38.015000000,online_inference,7,0,2089,2087,0.101242732000,0.098174770425,76,7.6,27,0,2640,2641,0.880504972246,0.882038953034,75,7.5,26,0,2611,2607,0.848291375701,0.842155452549,76,7.6,27,1,2708,2701,0.969475857944,0.958737992429,75,7.5,27,2,2074,2073,0.012271846303,0.010737865515,75,7.5,26,0
580,2026-09-05T05:22:51.344201+00:00,174532546000000,174532625000000,38.125000000,online_inference,7,0,2089,2087,0.101242732000,0.098174770425,76,7.6,28,0,2640,2641,0.880504972246,0.882038953034,75,7.5,26,0,2611,2607,0.848291375701,0.842155452549,76,7.6,27,1,2708,2701,0.969475857944,0.958737992429,75,7.5,27,1,2074,2073,0.012271846303,0.010737865515,76,7.6,26,0
581,2026-09-05T05:22:51.424022+00:00,174532640000000,174532703000000,38.203000000,online_inference,7,0,2089,2087,0.101242732000,0.098174770425,76,7.6,27,1,2640,2641,0.880504972246,0.882038953034,75,7.5,26,0,2611,2607,0.848291375701,0.842155452549,76,7.6,27,1,2708,2701,0.969475857944,0.958737992429,75,7.5,27,1,2074,2073,0.012271846303,0.010737865515,75,7.5,26,0
582,2026-09-05T05:22:51.499429+00:00,174532718000000,174532781000000,38.281000000,online_inference,7,0,2089,2087,0.101242732000,0.098174770425,76,7.6,27,1,2640,2641,0.880504972246,0.882038953034,75,7.5,26,0,2611,2607,0.848291375701,0.842155452549,76,7.6,27,1,2708,2701,0.969475857944,0.958737992429,75,7.5,27,1,2074,2073,0.012271846303,0.010737865515,75,7.5,26,0
583,2026-09-05T05:22:51.582017+00:00,174532796000000,174532859000000,38.359000000,online_inference,7,0,2089,2087,0.101242732000,0.098174770425,76,7.6,27,1,2640,2641,0.880504972246,0.882038953034,75,7.5,26,0,2611,2607,0.848291375701,0.842155452549,75,7.5,27,1,2708,2701,0.969475857944,0.958737992429,75,7.5,27,1,2074,2073,0.012271846303,0.010737865515,75,7.5,26,0
584,2026-09-05T05:22:51.650440+00:00,174532875000000,174532921000000,38.421000000,online_inference,7,0,2089,2087,0.101242732000,0.098174770425,76,7.6,27,0,2640,2641,0.880504972246,0.882038953034,75,7.5,26,0,2611,2607,0.848291375701,0.842155452549,76,7.6,27,1,2708,2701,0.969475857944,0.958737992429,75,7.5,27,2,2074,2073,0.012271846303,0.010737865515,76,7.6,26,0
585,2026-09-05T05:22:51.721705+00:00,174532937000000,174533000000000,38.500000000,online_inference,7,0,2089,2087,0.101242732000,0.098174770425,76,7.6,27,0,2640,2641,0.880504972246,0.882038953034,75,7.5,26,0,2611,2607,0.848291375701,0.842155452549,76,7.6,27,0,2708,2701,0.969475857944,0.958737992429,75,7.5,27,1,2074,2073,0.012271846303,0.010737865515,76,7.6,26,0
586,2026-09-05T05:22:51.804033+00:00,174533015000000,174533078000000,38.578000000,online_inference,7,0,2089,2087,0.101242732000,0.098174770425,76,7.6,27,1,2640,2641,0.880504972246,0.882038953034,75,7.5,26,0,2611,2607,0.848291375701,0.842155452549,76,7.6,27,1,2708,2701,0.969475857944,0.958737992429,75,7.5,27,1,2074,2073,0.012271846303,0.010737865515,75,7.5,26,0
587,2026-09-05T05:22:51.897742+00:00,174533109000000,174533171000000,38.671000000,online_inference,7,0,2089,2087,0.101242732000,0.098174770425,76,7.6,27,1,2640,2641,0.880504972246,0.882038953034,75,7.5,26,0,2611,2607,0.848291375701,0.842155452549,76,7.6,27,1,2708,2701,0.969475857944,0.958737992429,75,7.5,27,1,2074,2073,0.012271846303,0.010737865515,75,7.5,26,0
588,2026-09-05T05:22:51.958446+00:00,174533187000000,174533234000000,38.734000000,online_inference,7,0,2089,2087,0.101242732000,0.098174770425,76,7.6,27,0,2640,2641,0.880504972246,0.882038953034,75,7.5,26,0,2611,2607,0.848291375701,0.842155452549,76,7.6,27,0,2708,2701,0.969475857944,0.958737992429,75,7.5,27,1,2074,2073,0.012271846303,0.010737865515,75,7.5,26,0
589,2026-09-05T05:22:52.028846+00:00,174533250000000,174533296000000,38.796000000,online_inference,7,0,2089,2087,0.101242732000,0.098174770425,76,7.6,27,0,2640,2641,0.880504972246,0.882038953034,75,7.5,26,0,2611,2607,0.848291375701,0.842155452549,76,7.6,27,1,2708,2701,0.969475857944,0.958737992429,75,7.5,27,1,2074,2073,0.012271846303,0.010737865515,76,7.6,26,0
590,2026-09-05T05:22:52.092357+00:00,174533312000000,174533375000000,38.875000000,online_inference,7,0,2089,2087,0.101242732000,0.098174770425,76,7.6,27,1,2640,2641,0.880504972246,0.882038953034,75,7.5,26,0,2611,2607,0.848291375701,0.842155452549,76,7.6,27,1,2708,2701,0.969475857944,0.958737992429,75,7.5,27,1,2074,2073,0.012271846303,0.010737865515,75,7.5,26,0
591,2026-09-05T05:22:52.166380+00:00,174533390000000,174533437000000,38.937000000,online_inference,7,0,2089,2087,0.101242732000,0.098174770425,76,7.6,27,0,2640,2641,0.880504972246,0.882038953034,75,7.5,26,0,2611,2607,0.848291375701,0.842155452549,76,7.6,27,1,2708,2701,0.969475857944,0.958737992429,75,7.5,27,1,2074,2073,0.012271846303,0.010737865515,76,7.6,26,0
592,2026-09-05T05:22:52.237611+00:00,174533453000000,174533515000000,39.015000000,online_inference,7,0,2089,2087,0.101242732000,0.098174770425,76,7.6,27,1,2640,2641,0.880504972246,0.882038953034,75,7.5,26,0,2611,2607,0.848291375701,0.842155452549,76,7.6,27,0,2708,2701,0.969475857944,0.958737992429,75,7.5,27,1,2074,2073,0.012271846303,0.010737865515,76,7.6,26,0
593,2026-09-05T05:22:52.307628+00:00,174533531000000,174533578000000,39.078000000,online_inference,7,0,2089,2087,0.101242732000,0.098174770425,76,7.6,27,0,2640,2641,0.880504972246,0.882038953034,75,7.5,26,0,2611,2607,0.848291375701,0.842155452549,76,7.6,27,1,2708,2701,0.969475857944,0.958737992429,75,7.5,27,1,2074,2073,0.012271846303,0.010737865515,75,7.5,26,0
594,2026-09-05T05:22:52.378401+00:00,174533593000000,174533656000000,39.156000000,online_inference,7,0,2089,2087,0.101242732000,0.098174770425,76,7.6,27,1,2640,2641,0.880504972246,0.882038953034,75,7.5,26,0,2611,2607,0.848291375701,0.842155452549,76,7.6,27,1,2708,2701,0.969475857944,0.958737992429,75,7.5,27,1,2074,2073,0.012271846303,0.010737865515,75,7.5,26,0
595,2026-09-05T05:22:52.467558+00:00,174533687000000,174533750000000,39.250000000,online_inference,7,0,2089,2087,0.101242732000,0.098174770425,76,7.6,27,1,2640,2641,0.880504972246,0.882038953034,75,7.5,26,0,2611,2607,0.848291375701,0.842155452549,76,7.6,27,1,2708,2701,0.969475857944,0.958737992429,75,7.5,27,1,2074,2073,0.012271846303,0.010737865515,75,7.5,26,0
596,2026-09-05T05:22:52.543683+00:00,174533765000000,174533812000000,39.312000000,online_inference,7,0,2089,2087,0.101242732000,0.098174770425,76,7.6,27,1,2640,2641,0.880504972246,0.882038953034,75,7.5,26,0,2611,2607,0.848291375701,0.842155452549,76,7.6,27,1,2708,2701,0.969475857944,0.958737992429,75,7.5,27,1,2074,2073,0.012271846303,0.010737865515,76,7.6,26,0
597,2026-09-05T05:22:52.591016+00:00,174533828000000,174533859000000,39.359000000,online_inference,7,0,2089,2087,0.101242732000,0.098174770425,76,7.6,27,1,2640,2641,0.880504972246,0.882038953034,75,7.5,26,0,2611,2607,0.848291375701,0.842155452549,76,7.6,27,1,2708,2701,0.969475857944,0.958737992429,75,7.5,27,1,2074,2073,0.012271846303,0.010737865515,76,7.6,26,0
598,2026-09-05T05:22:52.654291+00:00,174533875000000,174533921000000,39.421000000,online_archive,7,0,2089,2087,0.101242732000,0.098174770425,76,7.6,27,1,2640,2641,0.880504972246,0.882038953034,75,7.5,26,0,2611,2607,0.848291375701,0.842155452549,76,7.6,27,0,2708,2701,0.969475857944,0.958737992429,75,7.5,27,1,2074,2073,0.012271846303,0.010737865515,75,7.5,26,0
599,2026-09-05T05:22:52.708803+00:00,174533937000000,174533984000000,39.484000000,online_archive,7,0,2089,2087,0.101242732000,0.098174770425,76,7.6,27,1,2640,2641,0.880504972246,0.882038953034,75,7.5,26,0,2611,2607,0.848291375701,0.842155452549,76,7.6,27,0,2708,2701,0.969475857944,0.958737992429,75,7.5,27,1,2074,2073,0.012271846303,0.010737865515,75,7.5,26,0
600,2026-09-05T05:22:52.827005+00:00,174534046000000,174534109000000,39.609000000,online_observation,7,0,2089,2087,0.101242732000,0.098174770425,76,7.6,27,0,2640,2641,0.880504972246,0.882038953034,75,7.5,26,1,2611,2607,0.848291375701,0.842155452549,76,7.6,27,1,2708,2701,0.969475857944,0.958737992429,75,7.5,27,2,2074,2073,0.012271846303,0.010737865515,75,7.5,26,0
601,2026-09-05T05:22:52.888250+00:00,174534125000000,174534156000000,39.656000000,online_observation,7,0,2089,2087,0.101242732000,0.098174770425,76,7.6,27,1,2640,2641,0.880504972246,0.882038953034,75,7.5,26,0,2611,2607,0.848291375701,0.842155452549,76,7.6,27,1,2708,2701,0.969475857944,0.958737992429,75,7.5,27,1,2074,2073,0.012271846303,0.010737865515,76,7.6,26,0
602,2026-09-05T05:22:52.938998+00:00,174534171000000,174534218000000,39.718000000,online_observation,7,0,2089,2087,0.101242732000,0.098174770425,76,7.6,27,0,2640,2641,0.880504972246,0.882038953034,75,7.5,26,0,2611,2607,0.848291375701,0.842155452549,76,7.6,27,1,2708,2701,0.969475857944,0.958737992429,75,7.5,27,2,2074,2073,0.012271846303,0.010737865515,76,7.6,26,0
603,2026-09-05T05:22:53.009056+00:00,174534234000000,174534281000000,39.781000000,online_observation,7,0,2089,2087,0.101242732000,0.098174770425,76,7.6,27,1,2640,2641,0.880504972246,0.882038953034,75,7.5,26,0,2611,2607,0.848291375701,0.842155452549,76,7.6,27,0,2708,2701,0.969475857944,0.958737992429,75,7.5,27,1,2074,2073,0.012271846303,0.010737865515,76,7.6,26,0
604,2026-09-05T05:22:53.053810+00:00,174534296000000,174534328000000,39.828000000,online_observation,7,0,2089,2087,0.101242732000,0.098174770425,76,7.6,27,0,2640,2641,0.880504972246,0.882038953034,75,7.5,26,0,2611,2607,0.848291375701,0.842155452549,76,7.6,27,1,2708,2701,0.969475857944,0.958737992429,75,7.5,27,2,2074,2073,0.012271846303,0.010737865515,76,7.6,26,0
605,2026-09-05T05:22:53.110124+00:00,174534343000000,174534390000000,39.890000000,online_observation,7,0,2089,2087,0.101242732000,0.098174770425,76,7.6,27,0,2640,2641,0.880504972246,0.882038953034,75,7.5,26,0,2611,2607,0.848291375701,0.842155452549,76,7.6,27,1,2708,2701,0.969475857944,0.958737992429,75,7.5,27,1,2074,2073,0.012271846303,0.010737865515,76,7.6,26,0
606,2026-09-05T05:22:53.169218+00:00,174534406000000,174534437000000,39.937000000,online_observation,7,0,2089,2087,0.101242732000,0.098174770425,76,7.6,27,1,2640,2641,0.880504972246,0.882038953034,75,7.5,26,0,2611,2607,0.848291375701,0.842155452549,76,7.6,27,1,2708,2701,0.969475857944,0.958737992429,75,7.5,27,1,2074,2073,0.012271846303,0.010737865515,75,7.5,26,0
607,2026-09-05T05:22:53.227773+00:00,174534453000000,174534500000000,40.000000000,online_inference,8,0,2089,2087,0.101242732000,0.098174770425,76,7.6,27,1,2640,2641,0.880504972246,0.882038953034,75,7.5,26,0,2611,2607,0.848291375701,0.842155452549,76,7.6,27,1,2708,2701,0.969475857944,0.958737992429,75,7.5,27,2,2074,2073,0.012271846303,0.010737865515,76,7.6,26,0
608,2026-09-05T05:22:53.312413+00:00,174534515000000,174534593000000,40.093000000,online_inference,8,0,2089,2087,0.101242732000,0.098174770425,76,7.6,27,1,2640,2641,0.880504972246,0.882038953034,75,7.5,26,0,2611,2607,0.848291375701,0.842155452549,76,7.6,27,1,2708,2701,0.969475857944,0.958737992429,75,7.5,27,1,2074,2073,0.012271846303,0.010737865515,75,7.5,26,0
609,2026-09-05T05:22:53.403186+00:00,174534609000000,174534671000000,40.171000000,online_inference,8,0,2089,2087,0.101242732000,0.098174770425,76,7.6,27,1,2640,2641,0.880504972246,0.882038953034,75,7.5,26,0,2611,2607,0.848291375701,0.842155452549,76,7.6,27,1,2708,2701,0.969475857944,0.958737992429,75,7.5,27,1,2074,2073,0.012271846303,0.010737865515,75,7.5,26,0
610,2026-09-05T05:22:53.461607+00:00,174534687000000,174534734000000,40.234000000,online_inference,8,0,2089,2087,0.101242732000,0.098174770425,76,7.6,27,1,2640,2641,0.880504972246,0.882038953034,75,7.5,26,0,2611,2607,0.848291375701,0.842155452549,76,7.6,26,1,2708,2701,0.969475857944,0.958737992429,75,7.5,27,1,2074,2073,0.012271846303,0.010737865515,75,7.5,26,0
611,2026-09-05T05:22:53.558613+00:00,174534765000000,174534828000000,40.328000000,online_inference,8,0,2089,2087,0.101242732000,0.098174770425,76,7.6,27,1,2640,2641,0.880504972246,0.882038953034,75,7.5,26,0,2611,2607,0.848291375701,0.842155452549,76,7.6,27,1,2708,2701,0.969475857944,0.958737992429,75,7.5,27,1,2074,2073,0.012271846303,0.010737865515,76,7.6,26,0
612,2026-09-05T05:22:53.612916+00:00,174534843000000,174534890000000,40.390000000,online_inference,8,0,2089,2087,0.101242732000,0.098174770425,76,7.6,27,0,2640,2641,0.880504972246,0.882038953034,75,7.5,26,0,2611,2607,0.848291375701,0.842155452549,76,7.6,27,1,2708,2701,0.969475857944,0.958737992429,75,7.5,27,1,2074,2073,0.012271846303,0.010737865515,76,7.6,26,0
613,2026-09-05T05:22:53.679690+00:00,174534906000000,174534953000000,40.453000000,online_inference,8,0,2089,2087,0.101242732000,0.098174770425,76,7.6,27,0,2640,2641,0.880504972246,0.882038953034,75,7.5,26,0,2611,2607,0.848291375701,0.842155452549,76,7.6,27,1,2708,2701,0.969475857944,0.958737992429,75,7.5,27,1,2074,2073,0.012271846303,0.010737865515,75,7.5,26,0
614,2026-09-05T05:22:53.756562+00:00,174534968000000,174535031000000,40.531000000,online_inference,8,0,2089,2087,0.101242732000,0.098174770425,76,7.6,27,1,2640,2641,0.880504972246,0.882038953034,75,7.5,26,0,2611,2607,0.848291375701,0.842155452549,76,7.6,27,1,2708,2701,0.969475857944,0.958737992429,75,7.5,27,2,2074,2073,0.012271846303,0.010737865515,76,7.6,26,0
615,2026-09-05T05:22:53.813306+00:00,174535046000000,174535093000000,40.593000000,online_inference,8,0,2089,2087,0.101242732000,0.098174770425,76,7.6,27,1,2640,2641,0.880504972246,0.882038953034,75,7.5,26,0,2611,2607,0.848291375701,0.842155452549,76,7.6,27,1,2708,2701,0.969475857944,0.958737992429,75,7.5,27,1,2074,2073,0.012271846303,0.010737865515,75,7.5,26,0
616,2026-09-05T05:22:53.885357+00:00,174535109000000,174535156000000,40.656000000,online_inference,8,0,2089,2087,0.101242732000,0.098174770425,76,7.6,27,1,2640,2641,0.880504972246,0.882038953034,75,7.5,26,0,2611,2607,0.848291375701,0.842155452549,76,7.6,27,1,2708,2701,0.969475857944,0.958737992429,75,7.5,27,1,2074,2073,0.012271846303,0.010737865515,75,7.5,26,0
617,2026-09-05T05:22:53.950625+00:00,174535171000000,174535218000000,40.718000000,online_inference,8,0,2089,2087,0.101242732000,0.098174770425,76,7.6,27,1,2640,2641,0.880504972246,0.882038953034,75,7.5,26,0,2611,2607,0.848291375701,0.842155452549,76,7.6,27,0,2708,2701,0.969475857944,0.958737992429,75,7.5,27,1,2074,2073,0.012271846303,0.010737865515,75,7.5,26,0
618,2026-09-05T05:22:54.005279+00:00,174535234000000,174535281000000,40.781000000,online_inference,8,0,2089,2087,0.101242732000,0.098174770425,76,7.6,27,0,2640,2641,0.880504972246,0.882038953034,75,7.5,26,0,2611,2607,0.848291375701,0.842155452549,76,7.6,27,0,2708,2701,0.969475857944,0.958737992429,75,7.5,27,1,2074,2073,0.012271846303,0.010737865515,75,7.5,26,1
619,2026-09-05T05:22:54.085312+00:00,174535312000000,174535359000000,40.859000000,online_inference,8,0,2089,2087,0.101242732000,0.098174770425,76,7.6,27,1,2640,2641,0.880504972246,0.882038953034,75,7.5,26,0,2611,2607,0.848291375701,0.842155452549,76,7.6,27,1,2708,2701,0.969475857944,0.958737992429,75,7.5,27,2,2074,2073,0.012271846303,0.010737865515,75,7.5,26,0
620,2026-09-05T05:22:54.150305+00:00,174535375000000,174535421000000,40.921000000,online_inference,8,0,2089,2087,0.101242732000,0.098174770425,76,7.6,27,0,2640,2641,0.880504972246,0.882038953034,75,7.5,26,0,2611,2607,0.848291375701,0.842155452549,76,7.6,27,1,2708,2701,0.969475857944,0.958737992429,75,7.5,27,1,2074,2073,0.012271846303,0.010737865515,76,7.6,26,0
621,2026-09-05T05:22:54.206171+00:00,174535437000000,174535484000000,40.984000000,online_inference,8,0,2089,2087,0.101242732000,0.098174770425,76,7.6,27,0,2640,2641,0.880504972246,0.882038953034,75,7.5,26,0,2611,2607,0.848291375701,0.842155452549,76,7.6,27,1,2708,2701,0.969475857944,0.958737992429,75,7.5,27,1,2074,2073,0.012271846303,0.010737865515,75,7.5,26,0
622,2026-09-05T05:22:54.263905+00:00,174535500000000,174535531000000,41.031000000,online_inference,8,0,2089,2087,0.101242732000,0.098174770425,76,7.6,27,1,2640,2641,0.880504972246,0.882038953034,75,7.5,26,0,2611,2607,0.848291375701,0.842155452549,76,7.6,27,1,2708,2701,0.969475857944,0.958737992429,75,7.5,27,1,2074,2073,0.012271846303,0.010737865515,76,7.6,26,0
623,2026-09-05T05:22:54.333416+00:00,174535546000000,174535609000000,41.109000000,online_inference,8,0,2089,2087,0.101242732000,0.098174770425,76,7.6,27,1,2640,2641,0.880504972246,0.882038953034,75,7.5,26,0,2611,2607,0.848291375701,0.842155452549,76,7.6,27,1,2708,2701,0.969475857944,0.958737992429,75,7.5,27,1,2074,2073,0.012271846303,0.010737865515,76,7.6,26,0
624,2026-09-05T05:22:54.392433+00:00,174535625000000,174535671000000,41.171000000,online_inference,8,0,2089,2087,0.101242732000,0.098174770425,76,7.6,27,1,2640,2641,0.880504972246,0.882038953034,75,7.5,26,0,2611,2607,0.848291375701,0.842155452549,76,7.6,27,1,2708,2701,0.969475857944,0.958737992429,75,7.5,27,1,2074,2073,0.012271846303,0.010737865515,76,7.6,26,0
625,2026-09-05T05:22:54.452466+00:00,174535687000000,174535734000000,41.234000000,online_inference,8,0,2089,2087,0.101242732000,0.098174770425,76,7.6,27,1,2640,2641,0.880504972246,0.882038953034,75,7.5,26,0,2611,2607,0.848291375701,0.842155452549,76,7.6,27,1,2708,2701,0.969475857944,0.958737992429,75,7.5,27,1,2074,2073,0.012271846303,0.010737865515,76,7.6,26,0
626,2026-09-05T05:22:54.520745+00:00,174535750000000,174535796000000,41.296000000,online_inference,8,0,2089,2087,0.101242732000,0.098174770425,76,7.6,27,0,2640,2641,0.880504972246,0.882038953034,75,7.5,26,0,2611,2607,0.848291375701,0.842155452549,76,7.6,27,1,2708,2701,0.969475857944,0.958737992429,75,7.5,27,2,2074,2073,0.012271846303,0.010737865515,76,7.6,26,0
627,2026-09-05T05:22:54.608568+00:00,174535828000000,174535890000000,41.390000000,online_inference,8,0,2089,2087,0.101242732000,0.098174770425,76,7.6,27,1,2640,2641,0.880504972246,0.882038953034,75,7.5,26,0,2611,2607,0.848291375701,0.842155452549,76,7.6,27,0,2708,2701,0.969475857944,0.958737992429,75,7.5,27,1,2074,2073,0.012271846303,0.010737865515,76,7.6,26,0
628,2026-09-05T05:22:54.676412+00:00,174535906000000,174535953000000,41.453000000,online_inference,8,0,2089,2087,0.101242732000,0.098174770425,76,7.6,27,1,2640,2641,0.880504972246,0.882038953034,75,7.5,26,0,2611,2607,0.848291375701,0.842155452549,76,7.6,27,1,2708,2701,0.969475857944,0.958737992429,75,7.5,27,2,2074,2073,0.012271846303,0.010737865515,75,7.5,26,0
629,2026-09-05T05:22:54.734996+00:00,174535968000000,174536015000000,41.515000000,online_inference,8,0,2089,2087,0.101242732000,0.098174770425,76,7.6,27,0,2640,2641,0.880504972246,0.882038953034,75,7.5,26,0,2611,2607,0.848291375701,0.842155452549,76,7.6,27,1,2708,2701,0.969475857944,0.958737992429,75,7.5,27,1,2074,2073,0.012271846303,0.010737865515,75,7.5,26,0
630,2026-09-05T05:22:54.802500+00:00,174536031000000,174536078000000,41.578000000,online_inference,8,0,2089,2087,0.101242732000,0.098174770425,76,7.6,27,1,2640,2641,0.880504972246,0.882038953034,75,7.5,26,0,2611,2607,0.848291375701,0.842155452549,76,7.6,27,0,2708,2701,0.969475857944,0.958737992429,75,7.5,27,1,2074,2073,0.012271846303,0.010737865515,76,7.6,26,0
631,2026-09-05T05:22:54.862578+00:00,174536093000000,174536140000000,41.640000000,online_inference,8,0,2089,2087,0.101242732000,0.098174770425,76,7.6,27,1,2640,2641,0.880504972246,0.882038953034,75,7.5,26,0,2611,2607,0.848291375701,0.842155452549,76,7.6,27,1,2708,2701,0.969475857944,0.958737992429,75,7.5,27,1,2074,2073,0.012271846303,0.010737865515,75,7.5,26,0
632,2026-09-05T05:22:54.921167+00:00,174536156000000,174536203000000,41.703000000,online_inference,8,0,2089,2087,0.101242732000,0.098174770425,76,7.6,27,0,2640,2641,0.880504972246,0.882038953034,75,7.5,26,0,2611,2607,0.848291375701,0.842155452549,76,7.6,27,1,2708,2701,0.969475857944,0.958737992429,75,7.5,27,1,2074,2073,0.012271846303,0.010737865515,75,7.5,26,0
633,2026-09-05T05:22:54.989586+00:00,174536218000000,174536265000000,41.765000000,online_inference,8,0,2089,2087,0.101242732000,0.098174770425,76,7.6,27,1,2640,2641,0.880504972246,0.882038953034,75,7.5,26,0,2611,2607,0.848291375701,0.842155452549,76,7.6,27,1,2708,2701,0.969475857944,0.958737992429,75,7.5,27,1,2074,2073,0.012271846303,0.010737865515,76,7.6,26,0
634,2026-09-05T05:22:55.053551+00:00,174536281000000,174536328000000,41.828000000,online_inference,8,0,2089,2087,0.101242732000,0.098174770425,76,7.6,27,1,2640,2641,0.880504972246,0.882038953034,75,7.5,26,0,2611,2607,0.848291375701,0.842155452549,76,7.6,27,1,2708,2701,0.969475857944,0.958737992429,75,7.5,27,1,2074,2073,0.012271846303,0.010737865515,76,7.6,26,0
635,2026-09-05T05:22:55.134077+00:00,174536343000000,174536406000000,41.906000000,online_inference,8,0,2089,2087,0.101242732000,0.098174770425,76,7.6,27,0,2640,2641,0.880504972246,0.882038953034,75,7.5,26,0,2611,2607,0.848291375701,0.842155452549,76,7.6,27,1,2708,2701,0.969475857944,0.958737992429,75,7.5,27,1,2074,2073,0.012271846303,0.010737865515,76,7.6,26,0
636,2026-09-05T05:22:55.189343+00:00,174536421000000,174536468000000,41.968000000,online_inference,8,0,2089,2087,0.101242732000,0.098174770425,76,7.6,27,1,2640,2641,0.880504972246,0.882038953034,75,7.5,26,0,2611,2607,0.848291375701,0.842155452549,76,7.6,27,1,2708,2701,0.969475857944,0.958737992429,75,7.5,27,1,2074,2073,0.012271846303,0.010737865515,75,7.5,26,0
637,2026-09-05T05:22:55.261988+00:00,174536484000000,174536531000000,42.031000000,online_inference,8,0,2089,2087,0.101242732000,0.098174770425,76,7.6,27,0,2640,2641,0.880504972246,0.882038953034,75,7.5,26,0,2611,2607,0.848291375701,0.842155452549,76,7.6,27,1,2708,2701,0.969475857944,0.958737992429,75,7.5,27,1,2074,2073,0.012271846303,0.010737865515,76,7.6,26,0
638,2026-09-05T05:22:55.308037+00:00,174536546000000,174536578000000,42.078000000,online_inference,8,0,2089,2087,0.101242732000,0.098174770425,76,7.6,27,1,2640,2641,0.880504972246,0.882038953034,75,7.5,26,0,2611,2607,0.848291375701,0.842155452549,76,7.6,27,0,2708,2701,0.969475857944,0.958737992429,75,7.5,27,1,2074,2073,0.012271846303,0.010737865515,76,7.6,26,0
639,2026-09-05T05:22:55.370587+00:00,174536593000000,174536640000000,42.140000000,online_inference,8,0,2089,2087,0.101242732000,0.098174770425,76,7.6,27,0,2640,2641,0.880504972246,0.882038953034,75,7.5,26,0,2611,2607,0.848291375701,0.842155452549,76,7.6,27,0,2708,2701,0.969475857944,0.958737992429,75,7.5,27,1,2074,2073,0.012271846303,0.010737865515,75,7.5,26,0
640,2026-09-05T05:22:55.425639+00:00,174536656000000,174536703000000,42.203000000,online_inference,8,0,2089,2087,0.101242732000,0.098174770425,76,7.6,27,0,2640,2641,0.880504972246,0.882038953034,75,7.5,26,0,2611,2607,0.848291375701,0.842155452549,76,7.6,27,1,2708,2701,0.969475857944,0.958737992429,75,7.5,27,1,2074,2073,0.012271846303,0.010737865515,76,7.6,26,0
641,2026-09-05T05:22:55.486482+00:00,174536718000000,174536765000000,42.265000000,online_inference,8,0,2089,2087,0.101242732000,0.098174770425,76,7.6,27,1,2640,2641,0.880504972246,0.882038953034,75,7.5,26,0,2611,2607,0.848291375701,0.842155452549,76,7.6,27,0,2708,2701,0.969475857944,0.958737992429,75,7.5,27,1,2074,2073,0.012271846303,0.010737865515,76,7.6,26,0
642,2026-09-05T05:22:55.549984+00:00,174536781000000,174536828000000,42.328000000,online_inference,8,0,2089,2087,0.101242732000,0.098174770425,76,7.6,27,0,2640,2641,0.880504972246,0.882038953034,75,7.5,26,0,2611,2607,0.848291375701,0.842155452549,76,7.6,27,1,2708,2701,0.969475857944,0.958737992429,75,7.5,27,1,2074,2073,0.012271846303,0.010737865515,76,7.6,26,0
643,2026-09-05T05:22:55.637064+00:00,174536859000000,174536906000000,42.406000000,online_inference,8,0,2089,2087,0.101242732000,0.098174770425,76,7.6,27,0,2640,2641,0.880504972246,0.882038953034,75,7.5,26,0,2611,2607,0.848291375701,0.842155452549,76,7.6,27,1,2708,2701,0.969475857944,0.958737992429,75,7.5,27,1,2074,2073,0.012271846303,0.010737865515,75,7.5,26,0
644,2026-09-05T05:22:55.695305+00:00,174536921000000,174536968000000,42.468000000,online_inference,8,0,2089,2087,0.101242732000,0.098174770425,76,7.6,27,1,2640,2641,0.880504972246,0.882038953034,75,7.5,26,0,2611,2607,0.848291375701,0.842155452549,76,7.6,27,1,2708,2701,0.969475857944,0.958737992429,75,7.5,27,2,2074,2073,0.012271846303,0.010737865515,76,7.6,26,0
645,2026-09-05T05:22:55.750760+00:00,174536984000000,174537031000000,42.531000000,online_inference,8,0,2089,2087,0.101242732000,0.098174770425,76,7.6,27,0,2640,2641,0.880504972246,0.882038953034,75,7.5,26,0,2611,2607,0.848291375701,0.842155452549,76,7.6,27,1,2708,2701,0.969475857944,0.958737992429,75,7.5,27,1,2074,2073,0.012271846303,0.010737865515,75,7.5,26,0
646,2026-09-05T05:22:55.819688+00:00,174537046000000,174537093000000,42.593000000,online_inference,8,0,2089,2087,0.101242732000,0.098174770425,76,7.6,27,0,2640,2641,0.880504972246,0.882038953034,75,7.5,26,0,2611,2607,0.848291375701,0.842155452549,76,7.6,27,0,2708,2701,0.969475857944,0.958737992429,75,7.5,27,1,2074,2073,0.012271846303,0.010737865515,75,7.5,26,0
647,2026-09-05T05:22:55.871295+00:00,174537109000000,174537140000000,42.640000000,online_inference,8,0,2089,2087,0.101242732000,0.098174770425,76,7.6,27,1,2640,2641,0.880504972246,0.882038953034,75,7.5,26,0,2611,2607,0.848291375701,0.842155452549,76,7.6,27,1,2708,2701,0.969475857944,0.958737992429,75,7.5,27,1,2074,2073,0.012271846303,0.010737865515,75,7.5,26,0
648,2026-09-05T05:22:55.931191+00:00,174537156000000,174537203000000,42.703000000,online_inference,8,0,2089,2087,0.101242732000,0.098174770425,76,7.6,27,1,2640,2641,0.880504972246,0.882038953034,75,7.5,26,0,2611,2607,0.848291375701,0.842155452549,76,7.6,27,1,2708,2701,0.969475857944,0.958737992429,75,7.5,27,1,2074,2073,0.012271846303,0.010737865515,75,7.5,26,0
649,2026-09-05T05:22:55.989245+00:00,174537218000000,174537265000000,42.765000000,online_inference,8,0,2089,2087,0.101242732000,0.098174770425,76,7.6,27,1,2640,2641,0.880504972246,0.882038953034,75,7.5,25,0,2611,2607,0.848291375701,0.842155452549,76,7.6,27,0,2708,2701,0.969475857944,0.958737992429,75,7.5,27,1,2074,2073,0.012271846303,0.010737865515,75,7.5,26,0
650,2026-09-05T05:22:56.052059+00:00,174537281000000,174537328000000,42.828000000,online_inference,8,0,2089,2087,0.101242732000,0.098174770425,76,7.6,27,1,2640,2641,0.880504972246,0.882038953034,75,7.5,26,0,2611,2607,0.848291375701,0.842155452549,76,7.6,27,1,2708,2701,0.969475857944,0.958737992429,75,7.5,27,0,2074,2073,0.012271846303,0.010737865515,75,7.5,27,0
651,2026-09-05T05:22:56.124253+00:00,174537343000000,174537406000000,42.906000000,online_inference,8,0,2089,2087,0.101242732000,0.098174770425,76,7.6,27,1,2640,2641,0.880504972246,0.882038953034,75,7.5,26,0,2611,2607,0.848291375701,0.842155452549,76,7.6,27,1,2708,2701,0.969475857944,0.958737992429,75,7.5,27,1,2074,2073,0.012271846303,0.010737865515,75,7.5,26,0
652,2026-09-05T05:22:56.209538+00:00,174537421000000,174537484000000,42.984000000,online_inference,8,0,2089,2087,0.101242732000,0.098174770425,76,7.6,27,1,2640,2641,0.880504972246,0.882038953034,75,7.5,26,0,2611,2607,0.848291375701,0.842155452549,76,7.6,27,1,2708,2701,0.969475857944,0.958737992429,75,7.5,27,1,2074,2073,0.012271846303,0.010737865515,75,7.5,26,0
653,2026-09-05T05:22:56.279782+00:00,174537500000000,174537562000000,43.062000000,online_inference,8,0,2089,2087,0.101242732000,0.098174770425,76,7.6,27,1,2640,2641,0.880504972246,0.882038953034,75,7.5,26,0,2611,2607,0.848291375701,0.842155452549,76,7.6,27,1,2708,2701,0.969475857944,0.958737992429,75,7.5,27,1,2074,2073,0.012271846303,0.010737865515,76,7.6,26,0
654,2026-09-05T05:22:56.349563+00:00,174537578000000,174537625000000,43.125000000,online_inference,8,0,2089,2087,0.101242732000,0.098174770425,76,7.6,27,0,2640,2641,0.880504972246,0.882038953034,75,7.5,26,0,2611,2607,0.848291375701,0.842155452549,76,7.6,27,1,2708,2701,0.969475857944,0.958737992429,75,7.5,27,0,2074,2073,0.012271846303,0.010737865515,75,7.5,26,0
655,2026-09-05T05:22:56.403757+00:00,174537640000000,174537671000000,43.171000000,online_inference,8,0,2089,2087,0.101242732000,0.098174770425,76,7.6,27,1,2640,2641,0.880504972246,0.882038953034,75,7.5,26,0,2611,2607,0.848291375701,0.842155452549,76,7.6,27,1,2708,2701,0.969475857944,0.958737992429,75,7.5,27,2,2074,2073,0.012271846303,0.010737865515,76,7.6,26,0
656,2026-09-05T05:22:56.474804+00:00,174537687000000,174537750000000,43.250000000,online_inference,8,0,2089,2087,0.101242732000,0.098174770425,76,7.6,27,1,2640,2641,0.880504972246,0.882038953034,75,7.5,26,0,2611,2607,0.848291375701,0.842155452549,76,7.6,27,1,2708,2701,0.969475857944,0.958737992429,75,7.5,27,1,2074,2073,0.012271846303,0.010737865515,76,7.6,26,0
657,2026-09-05T05:22:56.540447+00:00,174537765000000,174537812000000,43.312000000,online_inference,8,0,2089,2087,0.101242732000,0.098174770425,76,7.6,27,1,2640,2641,0.880504972246,0.882038953034,75,7.5,26,0,2611,2607,0.848291375701,0.842155452549,76,7.6,27,0,2708,2701,0.969475857944,0.958737992429,75,7.5,27,2,2074,2073,0.012271846303,0.010737865515,75,7.5,26,0
658,2026-09-05T05:22:56.608640+00:00,174537828000000,174537890000000,43.390000000,online_inference,8,0,2089,2087,0.101242732000,0.098174770425,76,7.6,27,1,2640,2641,0.880504972246,0.882038953034,75,7.5,26,0,2611,2607,0.848291375701,0.842155452549,76,7.6,27,1,2708,2701,0.969475857944,0.958737992429,75,7.5,27,1,2074,2073,0.012271846303,0.010737865515,75,7.5,26,0
659,2026-09-05T05:22:56.692433+00:00,174537906000000,174537968000000,43.468000000,online_inference,8,0,2089,2087,0.101242732000,0.098174770425,76,7.6,27,0,2640,2641,0.880504972246,0.882038953034,75,7.5,26,0,2611,2607,0.848291375701,0.842155452549,76,7.6,27,1,2708,2701,0.969475857944,0.958737992429,75,7.5,27,1,2074,2073,0.012271846303,0.010737865515,76,7.6,26,0
660,2026-09-05T05:22:56.792918+00:00,174538000000000,174538062000000,43.562000000,online_inference,8,0,2089,2087,0.101242732000,0.098174770425,76,7.6,27,1,2640,2641,0.880504972246,0.882038953034,75,7.5,26,0,2611,2607,0.848291375701,0.842155452549,76,7.6,27,0,2708,2701,0.969475857944,0.958737992429,75,7.5,27,1,2074,2073,0.012271846303,0.010737865515,75,7.5,26,0
661,2026-09-05T05:22:56.860044+00:00,174538078000000,174538140000000,43.640000000,online_inference,8,0,2089,2087,0.101242732000,0.098174770425,76,7.6,27,1,2640,2641,0.880504972246,0.882038953034,75,7.5,26,0,2611,2607,0.848291375701,0.842155452549,76,7.6,27,1,2708,2701,0.969475857944,0.958737992429,75,7.5,27,2,2074,2073,0.012271846303,0.010737865515,76,7.6,26,0
662,2026-09-05T05:22:56.938718+00:00,174538156000000,174538218000000,43.718000000,online_inference,8,0,2089,2087,0.101242732000,0.098174770425,76,7.6,27,0,2640,2641,0.880504972246,0.882038953034,75,7.5,26,0,2611,2607,0.848291375701,0.842155452549,76,7.6,27,1,2708,2701,0.969475857944,0.958737992429,75,7.5,27,1,2074,2073,0.012271846303,0.010737865515,75,7.5,26,0
663,2026-09-05T05:22:57.009121+00:00,174538234000000,174538281000000,43.781000000,online_inference,8,0,2089,2087,0.101242732000,0.098174770425,76,7.6,27,1,2640,2641,0.880504972246,0.882038953034,75,7.5,26,0,2611,2607,0.848291375701,0.842155452549,76,7.6,27,0,2708,2701,0.969475857944,0.958737992429,75,7.5,27,1,2074,2073,0.012271846303,0.010737865515,75,7.5,26,0
664,2026-09-05T05:22:57.074567+00:00,174538296000000,174538343000000,43.843000000,online_inference,8,0,2089,2087,0.101242732000,0.098174770425,76,7.6,27,1,2640,2641,0.880504972246,0.882038953034,75,7.5,26,0,2611,2607,0.848291375701,0.842155452549,76,7.6,27,1,2708,2701,0.969475857944,0.958737992429,75,7.5,27,1,2074,2073,0.012271846303,0.010737865515,76,7.6,26,0
665,2026-09-05T05:22:57.136349+00:00,174538359000000,174538406000000,43.906000000,online_inference,8,0,2089,2087,0.101242732000,0.098174770425,76,7.6,27,1,2640,2641,0.880504972246,0.882038953034,75,7.5,26,0,2611,2607,0.848291375701,0.842155452549,76,7.6,27,1,2708,2701,0.969475857944,0.958737992429,75,7.5,27,1,2074,2073,0.012271846303,0.010737865515,75,7.5,26,0
666,2026-09-05T05:22:57.194938+00:00,174538421000000,174538468000000,43.968000000,online_inference,8,0,2089,2087,0.101242732000,0.098174770425,76,7.6,27,1,2640,2641,0.880504972246,0.882038953034,75,7.5,26,0,2611,2607,0.848291375701,0.842155452549,76,7.6,27,1,2708,2701,0.969475857944,0.958737992429,75,7.5,27,2,2074,2073,0.012271846303,0.010737865515,76,7.6,26,0
667,2026-09-05T05:22:57.254791+00:00,174538484000000,174538531000000,44.031000000,online_inference,8,0,2089,2087,0.101242732000,0.098174770425,76,7.6,27,1,2640,2641,0.880504972246,0.882038953034,75,7.5,26,0,2611,2607,0.848291375701,0.842155452549,76,7.6,27,1,2708,2701,0.969475857944,0.958737992429,75,7.5,27,1,2074,2073,0.012271846303,0.010737865515,75,7.5,26,0
668,2026-09-05T05:22:57.347331+00:00,174538562000000,174538625000000,44.125000000,online_inference,8,0,2089,2087,0.101242732000,0.098174770425,76,7.6,27,0,2640,2641,0.880504972246,0.882038953034,75,7.5,26,0,2611,2607,0.848291375701,0.842155452549,76,7.6,27,0,2708,2701,0.969475857944,0.958737992429,75,7.5,27,1,2074,2073,0.012271846303,0.010737865515,76,7.6,26,0
669,2026-09-05T05:22:57.419027+00:00,174538640000000,174538687000000,44.187000000,online_inference,8,0,2089,2087,0.101242732000,0.098174770425,76,7.6,27,1,2640,2641,0.880504972246,0.882038953034,75,7.5,26,0,2611,2607,0.848291375701,0.842155452549,76,7.6,27,0,2708,2701,0.969475857944,0.958737992429,75,7.5,27,1,2074,2073,0.012271846303,0.010737865515,76,7.6,26,0
670,2026-09-05T05:22:57.459567+00:00,174538703000000,174538734000000,44.234000000,online_inference,8,0,2089,2087,0.101242732000,0.098174770425,76,7.6,27,1,2640,2641,0.880504972246,0.882038953034,75,7.5,26,0,2611,2607,0.848291375701,0.842155452549,76,7.6,27,0,2708,2701,0.969475857944,0.958737992429,75,7.5,27,1,2074,2073,0.012271846303,0.010737865515,76,7.6,26,0
671,2026-09-05T05:22:57.523366+00:00,174538750000000,174538796000000,44.296000000,online_archive,8,0,2089,2087,0.101242732000,0.098174770425,76,7.6,27,1,2640,2641,0.880504972246,0.882038953034,75,7.5,26,0,2611,2607,0.848291375701,0.842155452549,76,7.6,27,1,2708,2701,0.969475857944,0.958737992429,75,7.5,27,1,2074,2073,0.012271846303,0.010737865515,76,7.6,26,0
672,2026-09-05T05:22:57.567172+00:00,174538812000000,174538843000000,44.343000000,online_archive,8,0,2089,2087,0.101242732000,0.098174770425,76,7.6,27,1,2640,2641,0.880504972246,0.882038953034,75,7.5,26,0,2611,2607,0.848291375701,0.842155452549,76,7.6,27,1,2708,2701,0.969475857944,0.958737992429,75,7.5,27,1,2074,2073,0.012271846303,0.010737865515,76,7.6,26,0
673,2026-09-05T05:22:57.674757+00:00,174538906000000,174538953000000,44.453000000,online_observation,8,0,2089,2087,0.101242732000,0.098174770425,76,7.6,27,1,2640,2641,0.880504972246,0.882038953034,75,7.5,26,0,2611,2607,0.848291375701,0.842155452549,76,7.6,27,1,2708,2701,0.969475857944,0.958737992429,75,7.5,27,1,2074,2073,0.012271846303,0.010737865515,75,7.5,26,0
674,2026-09-05T05:22:57.726177+00:00,174538968000000,174539000000000,44.500000000,online_observation,8,0,2089,2087,0.101242732000,0.098174770425,76,7.6,27,1,2640,2641,0.880504972246,0.882038953034,75,7.5,26,0,2611,2607,0.848291375701,0.842155452549,76,7.6,27,1,2708,2701,0.969475857944,0.958737992429,75,7.5,27,1,2074,2073,0.012271846303,0.010737865515,76,7.6,26,0
675,2026-09-05T05:22:57.782696+00:00,174539015000000,174539062000000,44.562000000,online_observation,8,0,2089,2087,0.101242732000,0.098174770425,76,7.6,27,1,2640,2641,0.880504972246,0.882038953034,75,7.5,26,0,2611,2607,0.848291375701,0.842155452549,76,7.6,27,0,2708,2701,0.969475857944,0.958737992429,75,7.5,27,1,2074,2073,0.012271846303,0.010737865515,75,7.5,26,0
676,2026-09-05T05:22:57.838407+00:00,174539078000000,174539109000000,44.609000000,online_observation,8,0,2089,2087,0.101242732000,0.098174770425,76,7.6,27,0,2640,2641,0.880504972246,0.882038953034,75,7.5,26,0,2611,2607,0.848291375701,0.842155452549,76,7.6,27,0,2708,2701,0.969475857944,0.958737992429,75,7.5,27,1,2074,2073,0.012271846303,0.010737865515,75,7.5,26,0
677,2026-09-05T05:22:57.888581+00:00,174539125000000,174539156000000,44.656000000,online_observation,8,0,2089,2087,0.101242732000,0.098174770425,76,7.6,27,0,2640,2641,0.880504972246,0.882038953034,75,7.5,26,0,2611,2607,0.848291375701,0.842155452549,76,7.6,27,1,2708,2701,0.969475857944,0.958737992429,75,7.5,27,1,2074,2073,0.012271846303,0.010737865515,75,7.5,26,0
678,2026-09-05T05:22:57.929275+00:00,174539171000000,174539203000000,44.703000000,online_observation,8,0,2089,2087,0.101242732000,0.098174770425,76,7.6,27,1,2640,2641,0.880504972246,0.882038953034,75,7.5,26,0,2611,2607,0.848291375701,0.842155452549,76,7.6,27,1,2708,2701,0.969475857944,0.958737992429,75,7.5,27,1,2074,2073,0.012271846303,0.010737865515,75,7.5,26,0
679,2026-09-05T05:22:57.984148+00:00,174539218000000,174539265000000,44.765000000,online_observation,8,0,2089,2087,0.101242732000,0.098174770425,76,7.6,27,1,2640,2641,0.880504972246,0.882038953034,75,7.5,26,0,2611,2607,0.848291375701,0.842155452549,76,7.6,27,0,2708,2701,0.969475857944,0.958737992429,75,7.5,27,1,2074,2073,0.012271846303,0.010737865515,76,7.6,26,0
680,2026-09-05T05:22:58.052201+00:00,174539281000000,174539328000000,44.828000000,online_inference,9,0,2089,2087,0.101242732000,0.098174770425,76,7.6,27,0,2640,2641,0.880504972246,0.882038953034,75,7.5,26,0,2611,2607,0.848291375701,0.842155452549,76,7.6,27,0,2708,2701,0.969475857944,0.958737992429,75,7.5,27,1,2074,2073,0.012271846303,0.010737865515,76,7.6,26,0
681,2026-09-05T05:22:58.138265+00:00,174539343000000,174539406000000,44.906000000,online_inference,9,0,2089,2087,0.101242732000,0.098174770425,76,7.6,27,1,2640,2641,0.880504972246,0.882038953034,75,7.5,26,0,2611,2607,0.848291375701,0.842155452549,75,7.5,27,1,2708,2701,0.969475857944,0.958737992429,75,7.5,27,1,2074,2073,0.012271846303,0.010737865515,75,7.5,26,0
682,2026-09-05T05:22:58.204991+00:00,174539421000000,174539484000000,44.984000000,online_inference,9,0,2089,2087,0.101242732000,0.098174770425,76,7.6,27,1,2640,2641,0.880504972246,0.882038953034,75,7.5,26,0,2611,2607,0.848291375701,0.842155452549,76,7.6,27,1,2708,2701,0.969475857944,0.958737992429,75,7.5,27,1,2074,2073,0.012271846303,0.010737865515,75,7.5,26,0
683,2026-09-05T05:22:58.282916+00:00,174539500000000,174539562000000,45.062000000,online_inference,9,0,2089,2087,0.101242732000,0.098174770425,76,7.6,27,1,2640,2641,0.880504972246,0.882038953034,75,7.5,26,0,2611,2607,0.848291375701,0.842155452549,76,7.6,27,0,2708,2701,0.969475857944,0.958737992429,75,7.5,27,1,2074,2073,0.012271846303,0.010737865515,75,7.5,26,0
684,2026-09-05T05:22:58.391658+00:00,174539609000000,174539671000000,45.171000000,online_inference,9,0,2089,2087,0.101242732000,0.098174770425,76,7.6,27,0,2640,2641,0.880504972246,0.882038953034,75,7.5,26,0,2611,2607,0.848291375701,0.842155452549,76,7.6,27,0,2708,2701,0.969475857944,0.958737992429,75,7.5,27,1,2074,2073,0.012271846303,0.010737865515,75,7.5,26,0
685,2026-09-05T05:22:58.473824+00:00,174539687000000,174539750000000,45.250000000,online_inference,9,0,2089,2087,0.101242732000,0.098174770425,76,7.6,27,0,2640,2641,0.880504972246,0.882038953034,75,7.5,26,0,2611,2607,0.848291375701,0.842155452549,76,7.6,27,0,2708,2701,0.969475857944,0.958737992429,75,7.5,27,1,2074,2073,0.012271846303,0.010737865515,76,7.6,26,0
686,2026-09-05T05:22:58.536135+00:00,174539765000000,174539812000000,45.312000000,online_inference,9,0,2089,2087,0.101242732000,0.098174770425,76,7.6,27,1,2640,2641,0.880504972246,0.882038953034,75,7.5,26,0,2611,2607,0.848291375701,0.842155452549,76,7.6,27,1,2708,2701,0.969475857944,0.958737992429,75,7.5,27,1,2074,2073,0.012271846303,0.010737865515,75,7.5,26,0
687,2026-09-05T05:22:58.602125+00:00,174539828000000,174539875000000,45.375000000,online_inference,9,0,2089,2087,0.101242732000,0.098174770425,76,7.6,27,0,2640,2641,0.880504972246,0.882038953034,75,7.5,26,0,2611,2607,0.848291375701,0.842155452549,76,7.6,27,1,2708,2701,0.969475857944,0.958737992429,75,7.5,27,1,2074,2073,0.012271846303,0.010737865515,75,7.5,26,0
688,2026-09-05T05:22:58.663622+00:00,174539890000000,174539937000000,45.437000000,online_inference,9,0,2089,2087,0.101242732000,0.098174770425,76,7.6,27,1,2640,2641,0.880504972246,0.882038953034,75,7.5,26,0,2611,2607,0.848291375701,0.842155452549,76,7.6,27,1,2708,2701,0.969475857944,0.958737992429,75,7.5,27,1,2074,2073,0.012271846303,0.010737865515,76,7.6,26,0
689,2026-09-05T05:22:58.739683+00:00,174539953000000,174540015000000,45.515000000,online_inference,9,0,2089,2087,0.101242732000,0.098174770425,76,7.6,27,0,2640,2641,0.880504972246,0.882038953034,75,7.5,26,0,2611,2607,0.848291375701,0.842155452549,76,7.6,27,1,2708,2701,0.969475857944,0.958737992429,75,7.5,27,1,2074,2073,0.012271846303,0.010737865515,75,7.5,26,0
690,2026-09-05T05:22:58.803234+00:00,174540031000000,174540078000000,45.578000000,online_inference,9,0,2089,2087,0.101242732000,0.098174770425,76,7.6,27,1,2640,2641,0.880504972246,0.882038953034,75,7.5,26,0,2611,2607,0.848291375701,0.842155452549,76,7.6,27,1,2708,2701,0.969475857944,0.958737992429,75,7.5,27,1,2074,2073,0.012271846303,0.010737865515,75,7.5,26,0
691,2026-09-05T05:22:58.862014+00:00,174540093000000,174540140000000,45.640000000,online_inference,9,0,2089,2087,0.101242732000,0.098174770425,76,7.6,27,0,2640,2641,0.880504972246,0.882038953034,75,7.5,26,0,2611,2607,0.848291375701,0.842155452549,76,7.6,27,1,2708,2701,0.969475857944,0.958737992429,75,7.5,27,1,2074,2073,0.012271846303,0.010737865515,76,7.6,26,0
692,2026-09-05T05:22:58.951620+00:00,174540171000000,174540234000000,45.734000000,online_inference,9,0,2089,2087,0.101242732000,0.098174770425,76,7.6,27,1,2640,2641,0.880504972246,0.882038953034,75,7.5,26,0,2611,2607,0.848291375701,0.842155452549,76,7.6,27,1,2708,2701,0.969475857944,0.958737992429,75,7.5,27,1,2074,2073,0.012271846303,0.010737865515,76,7.6,26,0
693,2026-09-05T05:22:59.027098+00:00,174540250000000,174540296000000,45.796000000,online_inference,9,0,2089,2087,0.101242732000,0.098174770425,76,7.6,27,1,2640,2641,0.880504972246,0.882038953034,75,7.5,26,0,2611,2607,0.848291375701,0.842155452549,76,7.6,27,1,2708,2701,0.969475857944,0.958737992429,75,7.5,27,2,2074,2073,0.012271846303,0.010737865515,75,7.5,26,0
694,2026-09-05T05:22:59.085868+00:00,174540312000000,174540359000000,45.859000000,online_inference,9,0,2089,2087,0.101242732000,0.098174770425,76,7.6,27,1,2640,2641,0.880504972246,0.882038953034,75,7.5,26,0,2611,2607,0.848291375701,0.842155452549,76,7.6,27,1,2708,2701,0.969475857944,0.958737992429,75,7.5,27,1,2074,2073,0.012271846303,0.010737865515,76,7.6,26,0
695,2026-09-05T05:22:59.137932+00:00,174540375000000,174540406000000,45.906000000,online_inference,9,0,2089,2087,0.101242732000,0.098174770425,76,7.6,27,1,2640,2641,0.880504972246,0.882038953034,75,7.5,26,0,2611,2607,0.848291375701,0.842155452549,76,7.6,27,1,2708,2701,0.969475857944,0.958737992429,75,7.5,27,1,2074,2073,0.012271846303,0.010737865515,76,7.6,26,0
696,2026-09-05T05:22:59.200235+00:00,174540421000000,174540468000000,45.968000000,online_inference,9,0,2089,2087,0.101242732000,0.098174770425,76,7.6,27,1,2640,2641,0.880504972246,0.882038953034,75,7.5,26,0,2611,2607,0.848291375701,0.842155452549,76,7.6,27,0,2708,2701,0.969475857944,0.958737992429,75,7.5,27,1,2074,2073,0.012271846303,0.010737865515,76,7.6,26,0
697,2026-09-05T05:22:59.245839+00:00,174540484000000,174540515000000,46.015000000,online_inference,9,0,2089,2087,0.101242732000,0.098174770425,76,7.6,27,1,2640,2641,0.880504972246,0.882038953034,75,7.5,26,0,2611,2607,0.848291375701,0.842155452549,76,7.6,27,1,2708,2701,0.969475857944,0.958737992429,75,7.5,27,1,2074,2073,0.012271846303,0.010737865515,75,7.5,26,0
698,2026-09-05T05:22:59.305395+00:00,174540531000000,174540578000000,46.078000000,online_inference,9,0,2089,2087,0.101242732000,0.098174770425,76,7.6,27,0,2640,2641,0.880504972246,0.882038953034,75,7.5,26,0,2611,2607,0.848291375701,0.842155452549,76,7.6,27,1,2708,2701,0.969475857944,0.958737992429,75,7.5,27,1,2074,2073,0.012271846303,0.010737865515,75,7.5,26,0
699,2026-09-05T05:22:59.366186+00:00,174540593000000,174540640000000,46.140000000,online_inference,9,0,2089,2087,0.101242732000,0.098174770425,76,7.6,27,1,2640,2641,0.880504972246,0.882038953034,75,7.5,26,0,2611,2607,0.848291375701,0.842155452549,76,7.6,27,1,2708,2701,0.969475857944,0.958737992429,75,7.5,27,1,2074,2073,0.012271846303,0.010737865515,75,7.5,26,0
700,2026-09-05T05:22:59.426962+00:00,174540656000000,174540703000000,46.203000000,online_inference,9,0,2089,2087,0.101242732000,0.098174770425,76,7.6,27,0,2640,2641,0.880504972246,0.882038953034,75,7.5,26,0,2611,2607,0.848291375701,0.842155452549,76,7.6,27,0,2708,2701,0.969475857944,0.958737992429,75,7.5,27,1,2074,2073,0.012271846303,0.010737865515,76,7.6,26,0
701,2026-09-05T05:22:59.513969+00:00,174540734000000,174540781000000,46.281000000,online_inference,9,0,2089,2087,0.101242732000,0.098174770425,76,7.6,27,0,2640,2641,0.880504972246,0.882038953034,75,7.5,26,0,2611,2607,0.848291375701,0.842155452549,76,7.6,27,0,2708,2701,0.969475857944,0.958737992429,75,7.5,27,2,2074,2073,0.012271846303,0.010737865515,75,7.5,26,0
702,2026-09-05T05:22:59.565993+00:00,174540796000000,174540843000000,46.343000000,online_inference,9,0,2089,2087,0.101242732000,0.098174770425,76,7.6,27,0,2640,2641,0.880504972246,0.882038953034,75,7.5,26,0,2611,2607,0.848291375701,0.842155452549,76,7.6,27,1,2708,2701,0.969475857944,0.958737992429,75,7.5,27,1,2074,2073,0.012271846303,0.010737865515,75,7.5,26,0
703,2026-09-05T05:22:59.626151+00:00,174540859000000,174540906000000,46.406000000,online_inference,9,0,2089,2087,0.101242732000,0.098174770425,76,7.6,27,1,2640,2641,0.880504972246,0.882038953034,75,7.5,26,0,2611,2607,0.848291375701,0.842155452549,76,7.6,26,1,2708,2701,0.969475857944,0.958737992429,75,7.5,27,1,2074,2073,0.012271846303,0.010737865515,76,7.6,26,0
704,2026-09-05T05:22:59.685130+00:00,174540921000000,174540953000000,46.453000000,online_inference,9,0,2089,2087,0.101242732000,0.098174770425,76,7.6,27,0,2640,2641,0.880504972246,0.882038953034,75,7.5,26,0,2611,2607,0.848291375701,0.842155452549,76,7.6,27,1,2708,2701,0.969475857944,0.958737992429,75,7.5,27,1,2074,2073,0.012271846303,0.010737865515,76,7.6,26,0
705,2026-09-05T05:22:59.753908+00:00,174540968000000,174541031000000,46.531000000,online_inference,9,0,2089,2087,0.101242732000,0.098174770425,76,7.6,27,1,2640,2641,0.880504972246,0.882038953034,75,7.5,26,0,2611,2607,0.848291375701,0.842155452549,76,7.6,27,0,2708,2701,0.969475857944,0.958737992429,75,7.5,27,1,2074,2073,0.012271846303,0.010737865515,76,7.6,26,0
706,2026-09-05T05:22:59.823503+00:00,174541046000000,174541093000000,46.593000000,online_inference,9,0,2089,2087,0.101242732000,0.098174770425,76,7.6,27,1,2640,2641,0.880504972246,0.882038953034,75,7.5,26,0,2611,2607,0.848291375701,0.842155452549,76,7.6,27,1,2708,2701,0.969475857944,0.958737992429,75,7.5,27,1,2074,2073,0.012271846303,0.010737865515,76,7.6,26,0
707,2026-09-05T05:22:59.877239+00:00,174541109000000,174541156000000,46.656000000,online_inference,9,0,2089,2087,0.101242732000,0.098174770425,76,7.6,27,1,2640,2641,0.880504972246,0.882038953034,75,7.5,26,0,2611,2607,0.848291375701,0.842155452549,76,7.6,27,0,2708,2701,0.969475857944,0.958737992429,75,7.5,27,1,2074,2073,0.012271846303,0.010737865515,76,7.6,26,0
708,2026-09-05T05:22:59.944626+00:00,174541171000000,174541218000000,46.718000000,online_inference,9,0,2089,2087,0.101242732000,0.098174770425,76,7.6,27,1,2640,2641,0.880504972246,0.882038953034,75,7.5,26,0,2611,2607,0.848291375701,0.842155452549,76,7.6,27,1,2708,2701,0.969475857944,0.958737992429,75,7.5,27,1,2074,2073,0.012271846303,0.010737865515,76,7.6,26,0
709,2026-09-05T05:23:00.028100+00:00,174541250000000,174541296000000,46.796000000,online_inference,9,0,2089,2087,0.101242732000,0.098174770425,76,7.6,27,1,2640,2641,0.880504972246,0.882038953034,75,7.5,26,0,2611,2607,0.848291375701,0.842155452549,76,7.6,27,1,2708,2701,0.969475857944,0.958737992429,75,7.5,27,1,2074,2073,0.012271846303,0.010737865515,75,7.5,26,0
710,2026-09-05T05:23:00.083768+00:00,174541312000000,174541359000000,46.859000000,online_inference,9,0,2089,2087,0.101242732000,0.098174770425,76,7.6,27,1,2640,2641,0.880504972246,0.882038953034,75,7.5,26,0,2611,2607,0.848291375701,0.842155452549,76,7.6,27,1,2708,2701,0.969475857944,0.958737992429,75,7.5,27,1,2074,2073,0.012271846303,0.010737865515,76,7.6,26,0
711,2026-09-05T05:23:00.150609+00:00,174541375000000,174541421000000,46.921000000,online_inference,9,0,2089,2087,0.101242732000,0.098174770425,76,7.6,27,1,2640,2641,0.880504972246,0.882038953034,75,7.5,26,0,2611,2607,0.848291375701,0.842155452549,76,7.6,27,1,2708,2701,0.969475857944,0.958737992429,75,7.5,27,1,2074,2073,0.012271846303,0.010737865515,75,7.5,26,0
712,2026-09-05T05:23:00.209943+00:00,174541437000000,174541484000000,46.984000000,online_inference,9,0,2089,2087,0.101242732000,0.098174770425,76,7.6,27,0,2640,2641,0.880504972246,0.882038953034,75,7.5,26,0,2611,2607,0.848291375701,0.842155452549,76,7.6,27,1,2708,2701,0.969475857944,0.958737992429,75,7.5,27,1,2074,2073,0.012271846303,0.010737865515,75,7.5,26,0
713,2026-09-05T05:23:00.261653+00:00,174541500000000,174541531000000,47.031000000,online_inference,9,0,2089,2087,0.101242732000,0.098174770425,76,7.6,27,1,2640,2641,0.880504972246,0.882038953034,75,7.5,26,0,2611,2607,0.848291375701,0.842155452549,76,7.6,27,0,2708,2701,0.969475857944,0.958737992429,75,7.5,27,1,2074,2073,0.012271846303,0.010737865515,75,7.5,26,0
714,2026-09-05T05:23:00.324293+00:00,174541546000000,174541593000000,47.093000000,online_inference,9,0,2089,2087,0.101242732000,0.098174770425,76,7.6,27,0,2640,2641,0.880504972246,0.882038953034,75,7.5,26,0,2611,2607,0.848291375701,0.842155452549,76,7.6,27,1,2708,2701,0.969475857944,0.958737992429,75,7.5,27,1,2074,2073,0.012271846303,0.010737865515,76,7.6,26,0
715,2026-09-05T05:23:00.385843+00:00,174541609000000,174541656000000,47.156000000,online_inference,9,0,2089,2087,0.101242732000,0.098174770425,76,7.6,27,1,2640,2641,0.880504972246,0.882038953034,75,7.5,26,0,2611,2607,0.848291375701,0.842155452549,76,7.6,27,1,2708,2701,0.969475857944,0.958737992429,75,7.5,27,0,2074,2073,0.012271846303,0.010737865515,76,7.6,26,0
716,2026-09-05T05:23:00.441943+00:00,174541671000000,174541718000000,47.218000000,online_inference,9,0,2089,2087,0.101242732000,0.098174770425,76,7.6,27,0,2640,2641,0.880504972246,0.882038953034,75,7.5,26,0,2611,2607,0.848291375701,0.842155452549,75,7.5,27,0,2708,2701,0.969475857944,0.958737992429,75,7.5,27,1,2074,2073,0.012271846303,0.010737865515,76,7.6,26,0
717,2026-09-05T05:23:00.504415+00:00,174541734000000,174541781000000,47.281000000,online_inference,9,0,2089,2087,0.101242732000,0.098174770425,76,7.6,27,0,2640,2641,0.880504972246,0.882038953034,75,7.5,26,0,2611,2607,0.848291375701,0.842155452549,76,7.6,27,1,2708,2701,0.969475857944,0.958737992429,75,7.5,27,1,2074,2073,0.012271846303,0.010737865515,75,7.5,26,0
718,2026-09-05T05:23:00.582020+00:00,174541812000000,174541859000000,47.359000000,online_inference,9,0,2089,2087,0.101242732000,0.098174770425,76,7.6,27,1,2640,2641,0.880504972246,0.882038953034,75,7.5,26,0,2611,2607,0.848291375701,0.842155452549,76,7.6,27,1,2708,2701,0.969475857944,0.958737992429,75,7.5,27,1,2074,2073,0.012271846303,0.010737865515,76,7.6,26,0
719,2026-09-05T05:23:00.642454+00:00,174541875000000,174541921000000,47.421000000,online_inference,9,0,2089,2087,0.101242732000,0.098174770425,76,7.6,27,0,2640,2641,0.880504972246,0.882038953034,75,7.5,26,0,2611,2607,0.848291375701,0.842155452549,76,7.6,27,1,2708,2701,0.969475857944,0.958737992429,75,7.5,27,1,2074,2073,0.012271846303,0.010737865515,75,7.5,26,0
720,2026-09-05T05:23:00.710180+00:00,174541937000000,174541984000000,47.484000000,online_inference,9,0,2089,2087,0.101242732000,0.098174770425,76,7.6,27,1,2640,2641,0.880504972246,0.882038953034,75,7.5,26,0,2611,2607,0.848291375701,0.842155452549,76,7.6,27,1,2708,2701,0.969475857944,0.958737992429,75,7.5,27,1,2074,2073,0.012271846303,0.010737865515,76,7.6,26,0
721,2026-09-05T05:23:00.774377+00:00,174542000000000,174542046000000,47.546000000,online_inference,9,0,2089,2087,0.101242732000,0.098174770425,76,7.6,27,0,2640,2641,0.880504972246,0.882038953034,75,7.5,26,0,2611,2607,0.848291375701,0.842155452549,76,7.6,27,1,2708,2701,0.969475857944,0.958737992429,75,7.5,27,1,2074,2073,0.012271846303,0.010737865515,76,7.6,26,0
722,2026-09-05T05:23:00.830471+00:00,174542062000000,174542109000000,47.609000000,online_inference,9,0,2089,2087,0.101242732000,0.098174770425,76,7.6,27,1,2640,2641,0.880504972246,0.882038953034,75,7.5,26,0,2611,2607,0.848291375701,0.842155452549,76,7.6,27,0,2708,2701,0.969475857944,0.958737992429,75,7.5,27,1,2074,2073,0.012271846303,0.010737865515,75,7.5,26,0
723,2026-09-05T05:23:00.899765+00:00,174542125000000,174542171000000,47.671000000,online_inference,9,0,2089,2087,0.101242732000,0.098174770425,76,7.6,27,1,2640,2641,0.880504972246,0.882038953034,75,7.5,26,0,2611,2607,0.848291375701,0.842155452549,76,7.6,27,1,2708,2701,0.969475857944,0.958737992429,75,7.5,27,1,2074,2073,0.012271846303,0.010737865515,75,7.5,26,0
724,2026-09-05T05:23:00.955406+00:00,174542187000000,174542234000000,47.734000000,online_inference,9,0,2089,2087,0.101242732000,0.098174770425,76,7.6,27,0,2640,2641,0.880504972246,0.882038953034,75,7.5,26,0,2611,2607,0.848291375701,0.842155452549,76,7.6,27,0,2708,2701,0.969475857944,0.958737992429,75,7.5,27,1,2074,2073,0.012271846303,0.010737865515,75,7.5,26,0
725,2026-09-05T05:23:01.017382+00:00,174542250000000,174542296000000,47.796000000,online_inference,9,0,2089,2087,0.101242732000,0.098174770425,76,7.6,27,0,2640,2641,0.880504972246,0.882038953034,75,7.5,26,0,2611,2607,0.848291375701,0.842155452549,76,7.6,27,1,2708,2701,0.969475857944,0.958737992429,75,7.5,27,1,2074,2073,0.012271846303,0.010737865515,76,7.6,26,0
726,2026-09-05T05:23:01.119947+00:00,174542343000000,174542390000000,47.890000000,online_inference,9,0,2089,2087,0.101242732000,0.098174770425,76,7.6,27,1,2640,2641,0.880504972246,0.882038953034,75,7.5,26,0,2611,2607,0.848291375701,0.842155452549,76,7.6,27,1,2708,2701,0.969475857944,0.958737992429,75,7.5,27,1,2074,2073,0.012271846303,0.010737865515,75,7.5,26,0
727,2026-09-05T05:23:01.180803+00:00,174542406000000,174542453000000,47.953000000,online_inference,9,0,2089,2087,0.101242732000,0.098174770425,76,7.6,27,1,2640,2641,0.880504972246,0.882038953034,75,7.5,26,0,2611,2607,0.848291375701,0.842155452549,76,7.6,27,0,2708,2701,0.969475857944,0.958737992429,75,7.5,27,1,2074,2073,0.012271846303,0.010737865515,76,7.6,26,0
728,2026-09-05T05:23:01.244893+00:00,174542468000000,174542515000000,48.015000000,online_inference,9,0,2089,2087,0.101242732000,0.098174770425,76,7.6,27,1,2640,2641,0.880504972246,0.882038953034,75,7.5,26,0,2611,2607,0.848291375701,0.842155452549,76,7.6,27,1,2708,2701,0.969475857944,0.958737992429,75,7.5,27,1,2074,2073,0.012271846303,0.010737865515,75,7.5,26,0
729,2026-09-05T05:23:01.299441+00:00,174542531000000,174542578000000,48.078000000,online_inference,9,0,2089,2087,0.101242732000,0.098174770425,76,7.6,27,2,2640,2641,0.880504972246,0.882038953034,75,7.5,26,0,2611,2607,0.848291375701,0.842155452549,76,7.6,27,1,2708,2701,0.969475857944,0.958737992429,75,7.5,27,1,2074,2073,0.012271846303,0.010737865515,76,7.6,26,0
730,2026-09-05T05:23:01.375919+00:00,174542593000000,174542656000000,48.156000000,online_inference,9,0,2089,2087,0.101242732000,0.098174770425,76,7.6,27,1,2640,2641,0.880504972246,0.882038953034,75,7.5,26,0,2611,2607,0.848291375701,0.842155452549,76,7.6,27,1,2708,2701,0.969475857944,0.958737992429,75,7.5,27,1,2074,2073,0.012271846303,0.010737865515,75,7.5,26,0
731,2026-09-05T05:23:01.454947+00:00,174542671000000,174542734000000,48.234000000,online_inference,9,0,2089,2087,0.101242732000,0.098174770425,76,7.6,27,1,2640,2641,0.880504972246,0.882038953034,75,7.5,26,0,2611,2607,0.848291375701,0.842155452549,76,7.6,27,1,2708,2701,0.969475857944,0.958737992429,75,7.5,27,1,2074,2073,0.012271846303,0.010737865515,75,7.5,26,0
732,2026-09-05T05:23:01.527967+00:00,174542750000000,174542796000000,48.296000000,online_inference,9,0,2089,2087,0.101242732000,0.098174770425,76,7.6,27,1,2640,2641,0.880504972246,0.882038953034,75,7.5,26,0,2611,2607,0.848291375701,0.842155452549,76,7.6,27,1,2708,2701,0.969475857944,0.958737992429,75,7.5,27,1,2074,2073,0.012271846303,0.010737865515,76,7.6,26,0
733,2026-09-05T05:23:01.593037+00:00,174542812000000,174542875000000,48.375000000,online_inference,9,0,2089,2087,0.101242732000,0.098174770425,76,7.6,27,1,2640,2641,0.880504972246,0.882038953034,75,7.5,26,0,2611,2607,0.848291375701,0.842155452549,76,7.6,27,1,2708,2701,0.969475857944,0.958737992429,75,7.5,27,1,2074,2073,0.012271846303,0.010737865515,76,7.6,26,0
734,2026-09-05T05:23:01.687576+00:00,174542906000000,174542968000000,48.468000000,online_inference,9,0,2089,2087,0.101242732000,0.098174770425,76,7.6,27,0,2640,2641,0.880504972246,0.882038953034,75,7.5,26,0,2611,2607,0.848291375701,0.842155452549,76,7.6,27,1,2708,2701,0.969475857944,0.958737992429,75,7.5,27,1,2074,2073,0.012271846303,0.010737865515,76,7.6,26,0
735,2026-09-05T05:23:01.759497+00:00,174542984000000,174543031000000,48.531000000,online_inference,9,0,2089,2087,0.101242732000,0.098174770425,76,7.6,27,0,2640,2641,0.880504972246,0.882038953034,75,7.5,26,0,2611,2607,0.848291375701,0.842155452549,76,7.6,27,1,2708,2701,0.969475857944,0.958737992429,75,7.5,27,1,2074,2073,0.012271846303,0.010737865515,75,7.5,26,0
736,2026-09-05T05:23:01.828301+00:00,174543046000000,174543109000000,48.609000000,online_inference,9,0,2089,2087,0.101242732000,0.098174770425,76,7.6,27,1,2640,2641,0.880504972246,0.882038953034,75,7.5,26,0,2611,2607,0.848291375701,0.842155452549,76,7.6,27,0,2708,2701,0.969475857944,0.958737992429,75,7.5,27,1,2074,2073,0.012271846303,0.010737865515,76,7.6,26,0
737,2026-09-05T05:23:01.914216+00:00,174543125000000,174543187000000,48.687000000,online_inference,9,0,2089,2087,0.101242732000,0.098174770425,76,7.6,27,1,2640,2641,0.880504972246,0.882038953034,75,7.5,26,0,2611,2607,0.848291375701,0.842155452549,76,7.6,27,1,2708,2701,0.969475857944,0.958737992429,75,7.5,27,1,2074,2073,0.012271846303,0.010737865515,76,7.6,26,0
738,2026-09-05T05:23:01.980241+00:00,174543203000000,174543250000000,48.750000000,online_inference,9,0,2089,2087,0.101242732000,0.098174770425,76,7.6,27,1,2640,2641,0.880504972246,0.882038953034,75,7.5,26,0,2611,2607,0.848291375701,0.842155452549,76,7.6,27,0,2708,2701,0.969475857944,0.958737992429,75,7.5,27,1,2074,2073,0.012271846303,0.010737865515,75,7.5,26,0
739,2026-09-05T05:23:02.038687+00:00,174543265000000,174543312000000,48.812000000,online_inference,9,0,2089,2087,0.101242732000,0.098174770425,76,7.6,27,0,2640,2641,0.880504972246,0.882038953034,75,7.5,26,0,2611,2607,0.848291375701,0.842155452549,76,7.6,27,1,2708,2701,0.969475857944,0.958737992429,75,7.5,27,1,2074,2073,0.012271846303,0.010737865515,76,7.6,26,0
740,2026-09-05T05:23:02.107929+00:00,174543328000000,174543390000000,48.890000000,online_inference,9,0,2089,2087,0.101242732000,0.098174770425,76,7.6,27,1,2640,2641,0.880504972246,0.882038953034,75,7.5,26,0,2611,2607,0.848291375701,0.842155452549,76,7.6,27,1,2708,2701,0.969475857944,0.958737992429,75,7.5,27,1,2074,2073,0.012271846303,0.010737865515,75,7.5,26,0
741,2026-09-05T05:23:02.220968+00:00,174543421000000,174543500000000,49.000000000,online_inference,9,0,2089,2087,0.101242732000,0.098174770425,76,7.6,27,1,2640,2641,0.880504972246,0.882038953034,75,7.5,26,0,2611,2607,0.848291375701,0.842155452549,76,7.6,27,0,2708,2701,0.969475857944,0.958737992429,75,7.5,27,0,2074,2073,0.012271846303,0.010737865515,76,7.6,26,0
742,2026-09-05T05:23:02.302390+00:00,174543515000000,174543578000000,49.078000000,online_inference,9,0,2089,2087,0.101242732000,0.098174770425,76,7.6,27,0,2640,2641,0.880504972246,0.882038953034,75,7.5,26,0,2611,2607,0.848291375701,0.842155452549,76,7.6,27,1,2708,2701,0.969475857944,0.958737992429,75,7.5,27,1,2074,2073,0.012271846303,0.010737865515,75,7.5,26,0
743,2026-09-05T05:23:02.372974+00:00,174543593000000,174543640000000,49.140000000,online_inference,9,0,2089,2087,0.101242732000,0.098174770425,76,7.6,27,1,2640,2641,0.880504972246,0.882038953034,75,7.5,26,0,2611,2607,0.848291375701,0.842155452549,76,7.6,27,0,2708,2701,0.969475857944,0.958737992429,75,7.5,27,1,2074,2073,0.012271846303,0.010737865515,76,7.6,26,0
744,2026-09-05T05:23:02.430301+00:00,174543656000000,174543703000000,49.203000000,online_inference,9,0,2089,2087,0.101242732000,0.098174770425,76,7.6,27,0,2640,2641,0.880504972246,0.882038953034,75,7.5,26,0,2611,2607,0.848291375701,0.842155452549,76,7.6,27,1,2708,2701,0.969475857944,0.958737992429,75,7.5,27,2,2074,2073,0.012271846303,0.010737865515,75,7.5,26,0
745,2026-09-05T05:23:02.502889+00:00,174543718000000,174543781000000,49.281000000,online_inference,9,0,2089,2087,0.101242732000,0.098174770425,76,7.6,27,0,2640,2641,0.880504972246,0.882038953034,75,7.5,26,0,2611,2607,0.848291375701,0.842155452549,76,7.6,27,1,2708,2701,0.969475857944,0.958737992429,75,7.5,27,0,2074,2073,0.012271846303,0.010737865515,76,7.6,26,1
746,2026-09-05T05:23:02.573529+00:00,174543796000000,174543843000000,49.343000000,online_inference,9,0,2089,2087,0.101242732000,0.098174770425,76,7.6,27,1,2640,2641,0.880504972246,0.882038953034,75,7.5,26,0,2611,2607,0.848291375701,0.842155452549,76,7.6,27,1,2708,2701,0.969475857944,0.958737992429,75,7.5,27,0,2074,2073,0.012271846303,0.010737865515,76,7.6,26,0
747,2026-09-05T05:23:02.622707+00:00,174543859000000,174543890000000,49.390000000,online_inference,9,0,2089,2087,0.101242732000,0.098174770425,76,7.6,27,0,2640,2641,0.880504972246,0.882038953034,75,7.5,26,0,2611,2607,0.848291375701,0.842155452549,76,7.6,27,1,2708,2701,0.969475857944,0.958737992429,75,7.5,27,2,2074,2073,0.012271846303,0.010737865515,76,7.6,26,0
748,2026-09-05T05:23:02.685711+00:00,174543906000000,174543953000000,49.453000000,online_archive,9,0,2089,2087,0.101242732000,0.098174770425,76,7.6,27,0,2640,2641,0.880504972246,0.882038953034,75,7.5,26,0,2611,2607,0.848291375701,0.842155452549,76,7.6,27,0,2708,2701,0.969475857944,0.958737992429,75,7.5,27,0,2074,2073,0.012271846303,0.010737865515,75,7.5,26,0
749,2026-09-05T05:23:02.768012+00:00,174544000000000,174544046000000,49.546000000,online_archive,9,0,2089,2087,0.101242732000,0.098174770425,76,7.6,27,1,2640,2641,0.880504972246,0.882038953034,75,7.5,26,0,2611,2607,0.848291375701,0.842155452549,76,7.6,27,1,2708,2701,0.969475857944,0.958737992429,75,7.5,27,1,2074,2073,0.012271846303,0.010737865515,76,7.6,26,0
750,2026-09-05T05:23:02.885467+00:00,174544125000000,174544156000000,49.656000000,online_observation,9,0,2089,2087,0.101242732000,0.098174770425,76,7.6,27,0,2640,2641,0.880504972246,0.882038953034,75,7.5,26,0,2611,2607,0.848291375701,0.842155452549,76,7.6,27,1,2708,2701,0.969475857944,0.958737992429,75,7.5,27,1,2074,2073,0.012271846303,0.010737865515,76,7.6,26,0
751,2026-09-05T05:23:02.942727+00:00,174544171000000,174544218000000,49.718000000,online_observation,9,0,2089,2087,0.101242732000,0.098174770425,76,7.6,27,1,2640,2641,0.880504972246,0.882038953034,75,7.5,26,0,2611,2607,0.848291375701,0.842155452549,76,7.6,27,1,2708,2701,0.969475857944,0.958737992429,75,7.5,27,1,2074,2073,0.012271846303,0.010737865515,75,7.5,26,0
752,2026-09-05T05:23:02.993837+00:00,174544234000000,174544265000000,49.765000000,online_observation,9,0,2089,2087,0.101242732000,0.098174770425,76,7.6,27,1,2640,2641,0.880504972246,0.882038953034,75,7.5,26,0,2611,2607,0.848291375701,0.842155452549,76,7.6,27,1,2708,2701,0.969475857944,0.958737992429,75,7.5,27,1,2074,2073,0.012271846303,0.010737865515,76,7.6,26,0
753,2026-09-05T05:23:03.050902+00:00,174544281000000,174544328000000,49.828000000,online_observation,9,0,2089,2087,0.101242732000,0.098174770425,76,7.6,27,1,2640,2641,0.880504972246,0.882038953034,75,7.5,26,0,2611,2607,0.848291375701,0.842155452549,76,7.6,27,1,2708,2701,0.969475857944,0.958737992429,75,7.5,27,1,2074,2073,0.012271846303,0.010737865515,76,7.6,26,0
754,2026-09-05T05:23:03.110108+00:00,174544343000000,174544390000000,49.890000000,online_observation,9,0,2089,2087,0.101242732000,0.098174770425,76,7.6,27,1,2640,2641,0.880504972246,0.882038953034,75,7.5,26,0,2611,2607,0.848291375701,0.842155452549,76,7.6,27,1,2708,2701,0.969475857944,0.958737992429,75,7.5,27,1,2074,2073,0.012271846303,0.010737865515,75,7.5,26,0
755,2026-09-05T05:23:03.169180+00:00,174544406000000,174544437000000,49.937000000,online_observation,9,0,2089,2087,0.101242732000,0.098174770425,76,7.6,27,1,2640,2641,0.880504972246,0.882038953034,75,7.5,26,0,2611,2607,0.848291375701,0.842155452549,76,7.6,27,1,2708,2701,0.969475857944,0.958737992429,75,7.5,27,1,2074,2073,0.012271846303,0.010737865515,76,7.6,26,0
756,2026-09-05T05:23:03.222494+00:00,174544453000000,174544500000000,50.000000000,online_observation,9,0,2089,2087,0.101242732000,0.098174770425,76,7.6,27,0,2640,2641,0.880504972246,0.882038953034,75,7.5,26,0,2611,2607,0.848291375701,0.842155452549,76,7.6,27,1,2708,2701,0.969475857944,0.958737992429,75,7.5,27,1,2074,2073,0.012271846303,0.010737865515,76,7.6,26,0
757,2026-09-05T05:23:03.339220+00:00,174544531000000,174544609000000,50.109000000,online_inference,10,0,2089,2087,0.101242732000,0.098174770425,76,7.6,27,1,2640,2641,0.880504972246,0.882038953034,75,7.5,26,0,2611,2607,0.848291375701,0.842155452549,76,7.6,27,1,2708,2701,0.969475857944,0.958737992429,75,7.5,27,1,2074,2073,0.012271846303,0.010737865515,76,7.6,26,0
758,2026-09-05T05:23:03.429642+00:00,174544625000000,174544703000000,50.203000000,online_inference,10,0,2089,2087,0.101242732000,0.098174770425,76,7.6,27,0,2640,2641,0.880504972246,0.882038953034,75,7.5,26,0,2611,2607,0.848291375701,0.842155452549,76,7.6,27,0,2708,2701,0.969475857944,0.958737992429,75,7.5,27,1,2074,2073,0.012271846303,0.010737865515,75,7.5,26,0
759,2026-09-05T05:23:03.507376+00:00,174544718000000,174544781000000,50.281000000,online_inference,10,0,2089,2087,0.101242732000,0.098174770425,76,7.6,27,1,2640,2641,0.880504972246,0.882038953034,75,7.5,26,0,2611,2607,0.848291375701,0.842155452549,76,7.6,27,0,2708,2701,0.969475857944,0.958737992429,75,7.5,27,1,2074,2073,0.012271846303,0.010737865515,75,7.5,26,0
760,2026-09-05T05:23:03.594353+00:00,174544796000000,174544875000000,50.375000000,online_inference,10,0,2089,2087,0.101242732000,0.098174770425,76,7.6,27,1,2640,2641,0.880504972246,0.882038953034,75,7.5,26,0,2611,2607,0.848291375701,0.842155452549,76,7.6,27,1,2708,2701,0.969475857944,0.958737992429,75,7.5,27,1,2074,2073,0.012271846303,0.010737865515,75,7.5,26,0
761,2026-09-05T05:23:03.685453+00:00,174544890000000,174544953000000,50.453000000,online_inference,10,0,2089,2087,0.101242732000,0.098174770425,76,7.6,27,1,2640,2641,0.880504972246,0.882038953034,75,7.5,26,0,2611,2607,0.848291375701,0.842155452549,76,7.6,27,1,2708,2701,0.969475857944,0.958737992429,75,7.5,27,1,2074,2073,0.012271846303,0.010737865515,75,7.5,26,0
762,2026-09-05T05:23:03.790342+00:00,174544984000000,174545062000000,50.562000000,online_inference,10,0,2089,2087,0.101242732000,0.098174770425,76,7.6,27,1,2640,2641,0.880504972246,0.882038953034,75,7.5,26,0,2611,2607,0.848291375701,0.842155452549,76,7.6,27,1,2708,2701,0.969475857944,0.958737992429,75,7.5,27,1,2074,2073,0.012271846303,0.010737865515,76,7.6,26,0
763,2026-09-05T05:23:03.897675+00:00,174545093000000,174545171000000,50.671000000,online_inference,10,0,2089,2087,0.101242732000,0.098174770425,76,7.6,27,1,2640,2641,0.880504972246,0.882038953034,75,7.5,26,0,2611,2607,0.848291375701,0.842155452549,76,7.6,27,1,2708,2701,0.969475857944,0.958737992429,75,7.5,27,1,2074,2073,0.012271846303,0.010737865515,76,7.6,26,0
764,2026-09-05T05:23:03.967370+00:00,174545187000000,174545250000000,50.750000000,online_inference,10,0,2089,2087,0.101242732000,0.098174770425,76,7.6,27,1,2640,2641,0.880504972246,0.882038953034,75,7.5,26,0,2611,2607,0.848291375701,0.842155452549,76,7.6,27,0,2708,2701,0.969475857944,0.958737992429,75,7.5,27,1,2074,2073,0.012271846303,0.010737865515,75,7.5,26,0
765,2026-09-05T05:23:04.062374+00:00,174545265000000,174545343000000,50.843000000,online_inference,10,0,2089,2087,0.101242732000,0.098174770425,76,7.6,27,1,2640,2641,0.880504972246,0.882038953034,75,7.5,26,0,2611,2607,0.848291375701,0.842155452549,76,7.6,27,0,2708,2701,0.969475857944,0.958737992429,75,7.5,27,2,2074,2073,0.012271846303,0.010737865515,75,7.5,26,0
766,2026-09-05T05:23:04.127563+00:00,174545359000000,174545406000000,50.906000000,online_inference,10,0,2089,2087,0.101242732000,0.098174770425,76,7.6,27,1,2640,2641,0.880504972246,0.882038953034,75,7.5,26,0,2611,2607,0.848291375701,0.842155452549,76,7.6,27,1,2708,2701,0.969475857944,0.958737992429,75,7.5,27,1,2074,2073,0.012271846303,0.010737865515,75,7.5,26,0
767,2026-09-05T05:23:04.203268+00:00,174545421000000,174545484000000,50.984000000,online_inference,10,0,2089,2087,0.101242732000,0.098174770425,76,7.6,27,1,2640,2641,0.880504972246,0.882038953034,75,7.5,26,0,2611,2607,0.848291375701,0.842155452549,76,7.6,27,1,2708,2701,0.969475857944,0.958737992429,75,7.5,27,1,2074,2073,0.012271846303,0.010737865515,75,7.5,26,0
768,2026-09-05T05:23:04.291340+00:00,174545500000000,174545562000000,51.062000000,online_inference,10,0,2089,2087,0.101242732000,0.098174770425,76,7.6,27,1,2640,2641,0.880504972246,0.882038953034,75,7.5,26,0,2611,2607,0.848291375701,0.842155452549,76,7.6,27,1,2708,2701,0.969475857944,0.958737992429,75,7.5,27,2,2074,2073,0.012271846303,0.010737865515,75,7.5,26,0
769,2026-09-05T05:23:04.353579+00:00,174545578000000,174545625000000,51.125000000,online_inference,10,0,2089,2087,0.101242732000,0.098174770425,76,7.6,27,0,2640,2641,0.880504972246,0.882038953034,75,7.5,26,0,2611,2607,0.848291375701,0.842155452549,76,7.6,27,1,2708,2701,0.969475857944,0.958737992429,75,7.5,27,1,2074,2073,0.012271846303,0.010737865515,75,7.5,26,0
770,2026-09-05T05:23:04.446609+00:00,174545656000000,174545718000000,51.218000000,online_inference,10,0,2089,2087,0.101242732000,0.098174770425,76,7.6,27,0,2640,2641,0.880504972246,0.882038953034,75,7.5,26,0,2611,2607,0.848291375701,0.842155452549,76,7.6,27,1,2708,2701,0.969475857944,0.958737992429,75,7.5,27,1,2074,2073,0.012271846303,0.010737865515,76,7.6,26,0
771,2026-09-05T05:23:04.515560+00:00,174545734000000,174545796000000,51.296000000,online_inference,10,0,2089,2087,0.101242732000,0.098174770425,76,7.6,27,0,2640,2641,0.880504972246,0.882038953034,75,7.5,26,0,2611,2607,0.848291375701,0.842155452549,76,7.6,27,1,2708,2701,0.969475857944,0.958737992429,75,7.5,27,1,2074,2073,0.012271846303,0.010737865515,75,7.5,26,0
772,2026-09-05T05:23:04.590579+00:00,174545812000000,174545859000000,51.359000000,online_inference,10,0,2089,2087,0.101242732000,0.098174770425,76,7.6,27,1,2640,2641,0.880504972246,0.882038953034,75,7.5,26,0,2611,2607,0.848291375701,0.842155452549,76,7.6,27,0,2708,2701,0.969475857944,0.958737992429,75,7.5,27,2,2074,2073,0.012271846303,0.010737865515,75,7.5,26,0
773,2026-09-05T05:23:04.663207+00:00,174545875000000,174545937000000,51.437000000,online_inference,10,0,2089,2087,0.101242732000,0.098174770425,76,7.6,27,0,2640,2641,0.880504972246,0.882038953034,75,7.5,26,0,2611,2607,0.848291375701,0.842155452549,76,7.6,27,0,2708,2701,0.969475857944,0.958737992429,75,7.5,27,1,2074,2073,0.012271846303,0.010737865515,76,7.6,26,0
774,2026-09-05T05:23:04.747343+00:00,174545953000000,174546015000000,51.515000000,online_inference,10,0,2089,2087,0.101242732000,0.098174770425,76,7.6,27,1,2640,2641,0.880504972246,0.882038953034,75,7.5,26,0,2611,2607,0.848291375701,0.842155452549,76,7.6,27,1,2708,2701,0.969475857944,0.958737992429,75,7.5,27,2,2074,2073,0.012271846303,0.010737865515,75,7.5,26,0
775,2026-09-05T05:23:04.823476+00:00,174546031000000,174546093000000,51.593000000,online_inference,10,0,2089,2087,0.101242732000,0.098174770425,76,7.6,27,0,2640,2641,0.880504972246,0.882038953034,75,7.5,26,0,2611,2607,0.848291375701,0.842155452549,76,7.6,27,1,2708,2701,0.969475857944,0.958737992429,75,7.5,27,1,2074,2073,0.012271846303,0.010737865515,76,7.6,26,0
776,2026-09-05T05:23:04.878794+00:00,174546109000000,174546156000000,51.656000000,online_inference,10,0,2089,2087,0.101242732000,0.098174770425,76,7.6,27,0,2640,2641,0.880504972246,0.882038953034,75,7.5,26,0,2611,2607,0.848291375701,0.842155452549,76,7.6,27,1,2708,2701,0.969475857944,0.958737992429,75,7.5,27,1,2074,2073,0.012271846303,0.010737865515,76,7.6,26,0
777,2026-09-05T05:23:04.991758+00:00,174546203000000,174546265000000,51.765000000,online_inference,10,0,2089,2087,0.101242732000,0.098174770425,76,7.6,27,0,2640,2641,0.880504972246,0.882038953034,75,7.5,26,0,2611,2607,0.848291375701,0.842155452549,76,7.6,27,1,2708,2701,0.969475857944,0.958737992429,75,7.5,27,1,2074,2073,0.012271846303,0.010737865515,75,7.5,26,0
778,2026-09-05T05:23:05.055742+00:00,174546281000000,174546328000000,51.828000000,online_inference,10,0,2089,2087,0.101242732000,0.098174770425,76,7.6,27,1,2640,2641,0.880504972246,0.882038953034,75,7.5,26,0,2611,2607,0.848291375701,0.842155452549,76,7.6,27,1,2708,2701,0.969475857944,0.958737992429,75,7.5,27,1,2074,2073,0.012271846303,0.010737865515,75,7.5,26,0
779,2026-09-05T05:23:05.130051+00:00,174546343000000,174546406000000,51.906000000,online_inference,10,0,2089,2087,0.101242732000,0.098174770425,76,7.6,27,1,2640,2641,0.880504972246,0.882038953034,75,7.5,26,0,2611,2607,0.848291375701,0.842155452549,76,7.6,27,2,2708,2701,0.969475857944,0.958737992429,75,7.5,27,1,2074,2073,0.012271846303,0.010737865515,75,7.5,26,0
780,2026-09-05T05:23:05.207705+00:00,174546421000000,174546484000000,51.984000000,online_inference,10,0,2089,2087,0.101242732000,0.098174770425,76,7.6,27,1,2640,2641,0.880504972246,0.882038953034,75,7.5,26,0,2611,2607,0.848291375701,0.842155452549,76,7.6,27,1,2708,2701,0.969475857944,0.958737992429,75,7.5,27,1,2074,2073,0.012271846303,0.010737865515,75,7.5,26,0
781,2026-09-05T05:23:05.280770+00:00,174546500000000,174546562000000,52.062000000,online_inference,10,0,2089,2087,0.101242732000,0.098174770425,76,7.6,27,0,2640,2641,0.880504972246,0.882038953034,75,7.5,26,0,2611,2607,0.848291375701,0.842155452549,76,7.6,27,0,2708,2701,0.969475857944,0.958737992429,75,7.5,27,2,2074,2073,0.012271846303,0.010737865515,76,7.6,26,0
782,2026-09-05T05:23:05.355986+00:00,174546578000000,174546625000000,52.125000000,online_inference,10,0,2089,2087,0.101242732000,0.098174770425,76,7.6,27,1,2640,2641,0.880504972246,0.882038953034,75,7.5,26,0,2611,2607,0.848291375701,0.842155452549,76,7.6,27,1,2708,2701,0.969475857944,0.958737992429,75,7.5,27,2,2074,2073,0.012271846303,0.010737865515,76,7.6,26,0
783,2026-09-05T05:23:05.411394+00:00,174546640000000,174546687000000,52.187000000,online_inference,10,0,2089,2087,0.101242732000,0.098174770425,76,7.6,27,1,2640,2641,0.880504972246,0.882038953034,75,7.5,26,0,2611,2607,0.848291375701,0.842155452549,76,7.6,27,0,2708,2701,0.969475857944,0.958737992429,75,7.5,27,1,2074,2073,0.012271846303,0.010737865515,76,7.6,26,0
784,2026-09-05T05:23:05.500908+00:00,174546734000000,174546781000000,52.281000000,online_inference,10,0,2089,2087,0.101242732000,0.098174770425,76,7.6,27,1,2640,2641,0.880504972246,0.882038953034,75,7.5,26,0,2611,2607,0.848291375701,0.842155452549,75,7.5,26,1,2708,2701,0.969475857944,0.958737992429,75,7.5,27,1,2074,2073,0.012271846303,0.010737865515,76,7.6,26,0
785,2026-09-05T05:23:05.576770+00:00,174546796000000,174546859000000,52.359000000,online_inference,10,0,2089,2087,0.101242732000,0.098174770425,76,7.6,27,1,2640,2641,0.880504972246,0.882038953034,75,7.5,26,0,2611,2607,0.848291375701,0.842155452549,75,7.5,27,0,2708,2701,0.969475857944,0.958737992429,75,7.5,27,1,2074,2073,0.012271846303,0.010737865515,75,7.5,26,0
786,2026-09-05T05:23:05.657549+00:00,174546875000000,174546937000000,52.437000000,online_inference,10,0,2089,2087,0.101242732000,0.098174770425,76,7.6,27,0,2640,2641,0.880504972246,0.882038953034,75,7.5,26,0,2611,2607,0.848291375701,0.842155452549,76,7.6,27,0,2708,2701,0.969475857944,0.958737992429,75,7.5,27,1,2074,2073,0.012271846303,0.010737865515,75,7.5,26,0
787,2026-09-05T05:23:05.723524+00:00,174546953000000,174547000000000,52.500000000,online_inference,10,0,2089,2087,0.101242732000,0.098174770425,76,7.6,27,1,2640,2641,0.880504972246,0.882038953034,75,7.5,26,0,2611,2607,0.848291375701,0.842155452549,76,7.6,27,0,2708,2701,0.969475857944,0.958737992429,75,7.5,27,1,2074,2073,0.012271846303,0.010737865515,75,7.5,26,0
788,2026-09-05T05:23:05.794377+00:00,174547015000000,174547062000000,52.562000000,online_inference,10,0,2089,2087,0.101242732000,0.098174770425,76,7.6,27,0,2640,2641,0.880504972246,0.882038953034,75,7.5,26,0,2611,2607,0.848291375701,0.842155452549,76,7.6,27,1,2708,2701,0.969475857944,0.958737992429,75,7.5,27,1,2074,2073,0.012271846303,0.010737865515,75,7.5,26,0
789,2026-09-05T05:23:05.854660+00:00,174547078000000,174547125000000,52.625000000,online_inference,10,0,2089,2087,0.101242732000,0.098174770425,76,7.6,27,0,2640,2641,0.880504972246,0.882038953034,75,7.5,26,0,2611,2607,0.848291375701,0.842155452549,76,7.6,27,0,2708,2701,0.969475857944,0.958737992429,75,7.5,27,1,2074,2073,0.012271846303,0.010737865515,75,7.5,26,0
790,2026-09-05T05:23:05.914397+00:00,174547140000000,174547187000000,52.687000000,online_inference,10,0,2089,2087,0.101242732000,0.098174770425,76,7.6,27,0,2640,2641,0.880504972246,0.882038953034,75,7.5,26,0,2611,2607,0.848291375701,0.842155452549,76,7.6,27,0,2708,2701,0.969475857944,0.958737992429,75,7.5,27,1,2074,2073,0.012271846303,0.010737865515,75,7.5,26,0
791,2026-09-05T05:23:05.977817+00:00,174547203000000,174547250000000,52.750000000,online_inference,10,0,2089,2087,0.101242732000,0.098174770425,76,7.6,27,1,2640,2641,0.880504972246,0.882038953034,75,7.5,26,0,2611,2607,0.848291375701,0.842155452549,76,7.6,27,1,2708,2701,0.969475857944,0.958737992429,75,7.5,27,1,2074,2073,0.012271846303,0.010737865515,75,7.5,26,0
792,2026-09-05T05:23:06.069336+00:00,174547281000000,174547343000000,52.843000000,online_inference,10,0,2089,2087,0.101242732000,0.098174770425,76,7.6,27,1,2640,2641,0.880504972246,0.882038953034,75,7.5,26,0,2611,2607,0.848291375701,0.842155452549,76,7.6,27,0,2708,2701,0.969475857944,0.958737992429,75,7.5,27,1,2074,2073,0.012271846303,0.010737865515,76,7.6,26,0
793,2026-09-05T05:23:06.138775+00:00,174547359000000,174547406000000,52.906000000,online_inference,10,0,2089,2087,0.101242732000,0.098174770425,76,7.6,27,1,2640,2641,0.880504972246,0.882038953034,75,7.5,26,0,2611,2607,0.848291375701,0.842155452549,76,7.6,27,1,2708,2701,0.969475857944,0.958737992429,75,7.5,27,1,2074,2073,0.012271846303,0.010737865515,76,7.6,26,0
794,2026-09-05T05:23:06.202122+00:00,174547421000000,174547484000000,52.984000000,online_inference,10,0,2089,2087,0.101242732000,0.098174770425,76,7.6,27,0,2640,2641,0.880504972246,0.882038953034,75,7.5,26,0,2611,2607,0.848291375701,0.842155452549,76,7.6,27,0,2708,2701,0.969475857944,0.958737992429,75,7.5,27,1,2074,2073,0.012271846303,0.010737865515,76,7.6,26,0
795,2026-09-05T05:23:06.276274+00:00,174547500000000,174547546000000,53.046000000,online_inference,10,0,2089,2087,0.101242732000,0.098174770425,76,7.6,27,1,2640,2641,0.880504972246,0.882038953034,75,7.5,26,0,2611,2607,0.848291375701,0.842155452549,76,7.6,27,0,2708,2701,0.969475857944,0.958737992429,75,7.5,27,1,2074,2073,0.012271846303,0.010737865515,75,7.5,26,0
796,2026-09-05T05:23:06.349005+00:00,174547562000000,174547625000000,53.125000000,online_inference,10,0,2089,2087,0.101242732000,0.098174770425,76,7.6,27,1,2640,2641,0.880504972246,0.882038953034,75,7.5,26,0,2611,2607,0.848291375701,0.842155452549,76,7.6,27,1,2708,2701,0.969475857944,0.958737992429,75,7.5,27,1,2074,2073,0.012271846303,0.010737865515,75,7.5,26,0
797,2026-09-05T05:23:06.428677+00:00,174547640000000,174547703000000,53.203000000,online_inference,10,0,2089,2087,0.101242732000,0.098174770425,76,7.6,27,0,2640,2641,0.880504972246,0.882038953034,75,7.5,26,0,2611,2607,0.848291375701,0.842155452549,76,7.6,27,0,2708,2701,0.969475857944,0.958737992429,75,7.5,27,1,2074,2073,0.012271846303,0.010737865515,75,7.5,26,0
798,2026-09-05T05:23:06.500715+00:00,174547718000000,174547781000000,53.281000000,online_inference,10,0,2089,2087,0.101242732000,0.098174770425,76,7.6,27,1,2640,2641,0.880504972246,0.882038953034,75,7.5,26,0,2611,2607,0.848291375701,0.842155452549,76,7.6,27,1,2708,2701,0.969475857944,0.958737992429,75,7.5,27,1,2074,2073,0.012271846303,0.010737865515,76,7.6,26,0
799,2026-09-05T05:23:06.625361+00:00,174547812000000,174547906000000,53.406000000,online_inference,10,0,2089,2087,0.101242732000,0.098174770425,76,7.6,27,1,2640,2641,0.880504972246,0.882038953034,75,7.5,26,0,2611,2607,0.848291375701,0.842155452549,76,7.6,27,1,2708,2701,0.969475857944,0.958737992429,75,7.5,27,1,2074,2073,0.012271846303,0.010737865515,75,7.5,26,0
800,2026-09-05T05:23:06.725742+00:00,174547921000000,174548000000000,53.500000000,online_inference,10,0,2089,2087,0.101242732000,0.098174770425,76,7.6,27,1,2640,2641,0.880504972246,0.882038953034,75,7.5,26,0,2611,2607,0.848291375701,0.842155452549,76,7.6,27,1,2708,2701,0.969475857944,0.958737992429,75,7.5,27,1,2074,2073,0.012271846303,0.010737865515,75,7.5,26,0
801,2026-09-05T05:23:06.807143+00:00,174548015000000,174548078000000,53.578000000,online_inference,10,0,2089,2087,0.101242732000,0.098174770425,76,7.6,27,1,2640,2641,0.880504972246,0.882038953034,75,7.5,26,0,2611,2607,0.848291375701,0.842155452549,76,7.6,27,1,2708,2701,0.969475857944,0.958737992429,75,7.5,27,1,2074,2073,0.012271846303,0.010737865515,75,7.5,26,0
802,2026-09-05T05:23:06.882595+00:00,174548093000000,174548156000000,53.656000000,online_inference,10,0,2089,2087,0.101242732000,0.098174770425,76,7.6,27,1,2640,2641,0.880504972246,0.882038953034,75,7.5,26,0,2611,2607,0.848291375701,0.842155452549,76,7.6,27,1,2708,2701,0.969475857944,0.958737992429,75,7.5,27,1,2074,2073,0.012271846303,0.010737865515,76,7.6,26,0
803,2026-09-05T05:23:06.961720+00:00,174548171000000,174548234000000,53.734000000,online_inference,10,0,2089,2087,0.101242732000,0.098174770425,76,7.6,27,1,2640,2641,0.880504972246,0.882038953034,75,7.5,26,0,2611,2607,0.848291375701,0.842155452549,76,7.6,27,0,2708,2701,0.969475857944,0.958737992429,75,7.5,27,1,2074,2073,0.012271846303,0.010737865515,75,7.5,26,0
804,2026-09-05T05:23:07.033962+00:00,174548250000000,174548312000000,53.812000000,online_inference,10,0,2089,2087,0.101242732000,0.098174770425,76,7.6,27,0,2640,2641,0.880504972246,0.882038953034,75,7.5,26,0,2611,2607,0.848291375701,0.842155452549,76,7.6,27,1,2708,2701,0.969475857944,0.958737992429,75,7.5,27,1,2074,2073,0.012271846303,0.010737865515,76,7.6,26,0
805,2026-09-05T05:23:07.144605+00:00,174548343000000,174548421000000,53.921000000,online_inference,10,0,2089,2087,0.101242732000,0.098174770425,76,7.6,27,0,2640,2641,0.880504972246,0.882038953034,75,7.5,26,0,2611,2607,0.848291375701,0.842155452549,76,7.6,27,1,2708,2701,0.969475857944,0.958737992429,75,7.5,27,1,2074,2073,0.012271846303,0.010737865515,75,7.5,26,0
806,2026-09-05T05:23:07.207780+00:00,174548437000000,174548484000000,53.984000000,online_inference,10,0,2089,2087,0.101242732000,0.098174770425,76,7.6,27,0,2640,2641,0.880504972246,0.882038953034,75,7.5,26,0,2611,2607,0.848291375701,0.842155452549,76,7.6,27,0,2708,2701,0.969475857944,0.958737992429,75,7.5,27,1,2074,2073,0.012271846303,0.010737865515,76,7.6,26,0
807,2026-09-05T05:23:07.282188+00:00,174548500000000,174548562000000,54.062000000,online_inference,10,0,2089,2087,0.101242732000,0.098174770425,76,7.6,27,1,2640,2641,0.880504972246,0.882038953034,75,7.5,26,0,2611,2607,0.848291375701,0.842155452549,76,7.6,27,0,2708,2701,0.969475857944,0.958737992429,75,7.5,27,1,2074,2073,0.012271846303,0.010737865515,75,7.5,26,0
808,2026-09-05T05:23:07.362931+00:00,174548578000000,174548640000000,54.140000000,online_inference,10,0,2089,2087,0.101242732000,0.098174770425,76,7.6,27,1,2640,2641,0.880504972246,0.882038953034,75,7.5,26,0,2611,2607,0.848291375701,0.842155452549,76,7.6,27,0,2708,2701,0.969475857944,0.958737992429,75,7.5,27,1,2074,2073,0.012271846303,0.010737865515,75,7.5,26,0
809,2026-09-05T05:23:07.426084+00:00,174548656000000,174548703000000,54.203000000,online_inference,10,0,2089,2087,0.101242732000,0.098174770425,76,7.6,27,1,2640,2641,0.880504972246,0.882038953034,75,7.5,26,0,2611,2607,0.848291375701,0.842155452549,76,7.6,27,1,2708,2701,0.969475857944,0.958737992429,75,7.5,27,1,2074,2073,0.012271846303,0.010737865515,75,7.5,26,0
810,2026-09-05T05:23:07.487782+00:00,174548718000000,174548765000000,54.265000000,online_inference,10,0,2089,2087,0.101242732000,0.098174770425,76,7.6,27,1,2640,2641,0.880504972246,0.882038953034,75,7.5,26,0,2611,2607,0.848291375701,0.842155452549,76,7.6,27,1,2708,2701,0.969475857944,0.958737992429,75,7.5,27,1,2074,2073,0.012271846303,0.010737865515,75,7.5,26,0
811,2026-09-05T05:23:07.563298+00:00,174548781000000,174548843000000,54.343000000,online_inference,10,0,2089,2087,0.101242732000,0.098174770425,76,7.6,27,0,2640,2641,0.880504972246,0.882038953034,75,7.5,26,0,2611,2607,0.848291375701,0.842155452549,76,7.6,27,1,2708,2701,0.969475857944,0.958737992429,75,7.5,27,1,2074,2073,0.012271846303,0.010737865515,75,7.5,26,0
812,2026-09-05T05:23:07.659343+00:00,174548875000000,174548937000000,54.437000000,online_inference,10,0,2089,2087,0.101242732000,0.098174770425,76,7.6,27,1,2640,2641,0.880504972246,0.882038953034,75,7.5,26,0,2611,2607,0.848291375701,0.842155452549,76,7.6,27,1,2708,2701,0.969475857944,0.958737992429,75,7.5,27,1,2074,2073,0.012271846303,0.010737865515,76,7.6,26,0
813,2026-09-05T05:23:07.729066+00:00,174548953000000,174549000000000,54.500000000,online_inference,10,0,2089,2087,0.101242732000,0.098174770425,76,7.6,27,0,2640,2641,0.880504972246,0.882038953034,75,7.5,26,0,2611,2607,0.848291375701,0.842155452549,76,7.6,27,0,2708,2701,0.969475857944,0.958737992429,75,7.5,27,1,2074,2073,0.012271846303,0.010737865515,76,7.6,26,0
814,2026-09-05T05:23:07.800106+00:00,174549015000000,174549078000000,54.578000000,online_inference,10,0,2089,2087,0.101242732000,0.098174770425,76,7.6,27,0,2640,2641,0.880504972246,0.882038953034,75,7.5,26,0,2611,2607,0.848291375701,0.842155452549,76,7.6,27,0,2708,2701,0.969475857944,0.958737992429,75,7.5,27,1,2074,2073,0.012271846303,0.010737865515,75,7.5,26,0
815,2026-09-05T05:23:07.875599+00:00,174549093000000,174549156000000,54.656000000,online_inference,10,0,2089,2087,0.101242732000,0.098174770425,76,7.6,27,1,2640,2641,0.880504972246,0.882038953034,75,7.5,26,0,2611,2607,0.848291375701,0.842155452549,76,7.6,27,1,2708,2701,0.969475857944,0.958737992429,75,7.5,27,1,2074,2073,0.012271846303,0.010737865515,75,7.5,26,0
816,2026-09-05T05:23:07.946854+00:00,174549171000000,174549218000000,54.718000000,online_inference,10,0,2089,2087,0.101242732000,0.098174770425,76,7.6,27,1,2640,2641,0.880504972246,0.882038953034,75,7.5,26,0,2611,2607,0.848291375701,0.842155452549,76,7.6,27,1,2708,2701,0.969475857944,0.958737992429,75,7.5,27,1,2074,2073,0.012271846303,0.010737865515,75,7.5,26,0
817,2026-09-05T05:23:08.019699+00:00,174549234000000,174549296000000,54.796000000,online_inference,10,0,2089,2087,0.101242732000,0.098174770425,76,7.6,27,0,2640,2641,0.880504972246,0.882038953034,75,7.5,26,0,2611,2607,0.848291375701,0.842155452549,76,7.6,27,1,2708,2701,0.969475857944,0.958737992429,75,7.5,27,1,2074,2073,0.012271846303,0.010737865515,76,7.6,26,0
818,2026-09-05T05:23:08.094327+00:00,174549312000000,174549375000000,54.875000000,online_inference,10,0,2089,2087,0.101242732000,0.098174770425,76,7.6,27,1,2640,2641,0.880504972246,0.882038953034,75,7.5,26,0,2611,2607,0.848291375701,0.842155452549,76,7.6,27,1,2708,2701,0.969475857944,0.958737992429,75,7.5,27,1,2074,2073,0.012271846303,0.010737865515,75,7.5,26,0
819,2026-09-05T05:23:08.183551+00:00,174549406000000,174549453000000,54.953000000,online_inference,10,0,2089,2087,0.101242732000,0.098174770425,76,7.6,27,0,2640,2641,0.880504972246,0.882038953034,75,7.5,26,0,2611,2607,0.848291375701,0.842155452549,76,7.6,26,0,2708,2701,0.969475857944,0.958737992429,75,7.5,27,1,2074,2073,0.012271846303,0.010737865515,75,7.5,26,0
820,2026-09-05T05:23:08.247936+00:00,174549468000000,174549515000000,55.015000000,online_inference,10,0,2089,2087,0.101242732000,0.098174770425,76,7.6,27,0,2640,2641,0.880504972246,0.882038953034,75,7.5,26,0,2611,2607,0.848291375701,0.842155452549,76,7.6,27,1,2708,2701,0.969475857944,0.958737992429,75,7.5,27,1,2074,2073,0.012271846303,0.010737865515,75,7.5,26,0
821,2026-09-05T05:23:08.312941+00:00,174549531000000,174549593000000,55.093000000,online_inference,10,0,2089,2087,0.101242732000,0.098174770425,76,7.6,27,1,2640,2641,0.880504972246,0.882038953034,75,7.5,26,0,2611,2607,0.848291375701,0.842155452549,76,7.6,27,1,2708,2701,0.969475857944,0.958737992429,75,7.5,27,1,2074,2073,0.012271846303,0.010737865515,76,7.6,26,0
822,2026-09-05T05:23:08.389503+00:00,174549609000000,174549671000000,55.171000000,online_inference,10,0,2089,2087,0.101242732000,0.098174770425,76,7.6,27,1,2640,2641,0.880504972246,0.882038953034,75,7.5,26,0,2611,2607,0.848291375701,0.842155452549,76,7.6,27,1,2708,2701,0.969475857944,0.958737992429,75,7.5,27,1,2074,2073,0.012271846303,0.010737865515,76,7.6,26,0
823,2026-09-05T05:23:08.474641+00:00,174549687000000,174549750000000,55.250000000,online_inference,10,0,2089,2087,0.101242732000,0.098174770425,76,7.6,27,0,2640,2641,0.880504972246,0.882038953034,75,7.5,26,0,2611,2607,0.848291375701,0.842155452549,76,7.6,27,1,2708,2701,0.969475857944,0.958737992429,75,7.5,27,1,2074,2073,0.012271846303,0.010737865515,75,7.5,26,0
824,2026-09-05T05:23:08.543604+00:00,174549765000000,174549812000000,55.312000000,online_inference,10,0,2089,2087,0.101242732000,0.098174770425,76,7.6,27,1,2640,2641,0.880504972246,0.882038953034,75,7.5,26,0,2611,2607,0.848291375701,0.842155452549,76,7.6,27,0,2708,2701,0.969475857944,0.958737992429,75,7.5,27,1,2074,2073,0.012271846303,0.010737865515,75,7.5,26,0
825,2026-09-05T05:23:08.610051+00:00,174549828000000,174549890000000,55.390000000,online_inference,10,0,2089,2087,0.101242732000,0.098174770425,76,7.6,27,1,2640,2641,0.880504972246,0.882038953034,75,7.5,26,0,2611,2607,0.848291375701,0.842155452549,76,7.6,27,1,2708,2701,0.969475857944,0.958737992429,75,7.5,27,1,2074,2073,0.012271846303,0.010737865515,75,7.5,26,0
826,2026-09-05T05:23:08.745887+00:00,174549937000000,174550015000000,55.515000000,online_inference,10,0,2089,2087,0.101242732000,0.098174770425,76,7.6,27,0,2640,2641,0.880504972246,0.882038953034,75,7.5,26,0,2611,2607,0.848291375701,0.842155452549,76,7.6,27,1,2708,2701,0.969475857944,0.958737992429,75,7.5,27,1,2074,2073,0.012271846303,0.010737865515,76,7.6,26,0
827,2026-09-05T05:23:08.809851+00:00,174550031000000,174550078000000,55.578000000,online_inference,10,0,2089,2087,0.101242732000,0.098174770425,76,7.6,27,0,2640,2641,0.880504972246,0.882038953034,75,7.5,26,0,2611,2607,0.848291375701,0.842155452549,76,7.6,27,1,2708,2701,0.969475857944,0.958737992429,75,7.5,27,2,2074,2073,0.012271846303,0.010737865515,75,7.5,26,0
828,2026-09-05T05:23:08.892687+00:00,174550093000000,174550171000000,55.671000000,online_inference,10,0,2089,2087,0.101242732000,0.098174770425,76,7.6,27,0,2640,2641,0.880504972246,0.882038953034,75,7.5,26,0,2611,2607,0.848291375701,0.842155452549,76,7.6,27,1,2708,2701,0.969475857944,0.958737992429,75,7.5,27,1,2074,2073,0.012271846303,0.010737865515,75,7.5,26,0
829,2026-09-05T05:23:08.966286+00:00,174550187000000,174550234000000,55.734000000,online_inference,10,0,2089,2087,0.101242732000,0.098174770425,76,7.6,27,1,2640,2641,0.880504972246,0.882038953034,75,7.5,26,0,2611,2607,0.848291375701,0.842155452549,76,7.6,27,0,2708,2701,0.969475857944,0.958737992429,75,7.5,27,1,2074,2073,0.012271846303,0.010737865515,75,7.5,26,0
830,2026-09-05T05:23:09.032436+00:00,174550250000000,174550312000000,55.812000000,online_inference,10,0,2089,2087,0.101242732000,0.098174770425,76,7.6,27,1,2640,2641,0.880504972246,0.882038953034,75,7.5,26,0,2611,2607,0.848291375701,0.842155452549,76,7.6,27,1,2708,2701,0.969475857944,0.958737992429,75,7.5,27,1,2074,2073,0.012271846303,0.010737865515,75,7.5,26,0
831,2026-09-05T05:23:09.101763+00:00,174550328000000,174550375000000,55.875000000,online_inference,10,0,2089,2087,0.101242732000,0.098174770425,76,7.6,27,1,2640,2641,0.880504972246,0.882038953034,75,7.5,26,0,2611,2607,0.848291375701,0.842155452549,76,7.6,27,1,2708,2701,0.969475857944,0.958737992429,75,7.5,27,2,2074,2073,0.012271846303,0.010737865515,76,7.6,26,0
832,2026-09-05T05:23:09.161215+00:00,174550390000000,174550437000000,55.937000000,online_inference,10,0,2089,2087,0.101242732000,0.098174770425,76,7.6,27,1,2640,2641,0.880504972246,0.882038953034,75,7.5,26,0,2611,2607,0.848291375701,0.842155452549,76,7.6,27,1,2708,2701,0.969475857944,0.958737992429,75,7.5,27,1,2074,2073,0.012271846303,0.010737865515,76,7.6,26,0
833,2026-09-05T05:23:09.250791+00:00,174550453000000,174550531000000,56.031000000,online_inference,10,0,2089,2087,0.101242732000,0.098174770425,76,7.6,27,1,2640,2641,0.880504972246,0.882038953034,75,7.5,26,0,2611,2607,0.848291375701,0.842155452549,76,7.6,27,0,2708,2701,0.969475857944,0.958737992429,75,7.5,27,1,2074,2073,0.012271846303,0.010737865515,75,7.5,26,0
834,2026-09-05T05:23:09.321076+00:00,174550546000000,174550593000000,56.093000000,online_inference,10,0,2089,2087,0.101242732000,0.098174770425,76,7.6,27,0,2640,2641,0.880504972246,0.882038953034,75,7.5,26,0,2611,2607,0.848291375701,0.842155452549,76,7.6,27,1,2708,2701,0.969475857944,0.958737992429,75,7.5,27,1,2074,2073,0.012271846303,0.010737865515,75,7.5,26,0
835,2026-09-05T05:23:09.373359+00:00,174550609000000,174550640000000,56.140000000,online_inference,10,0,2089,2087,0.101242732000,0.098174770425,76,7.6,27,1,2640,2641,0.880504972246,0.882038953034,75,7.5,26,0,2611,2607,0.848291375701,0.842155452549,76,7.6,27,0,2708,2701,0.969475857944,0.958737992429,75,7.5,27,1,2074,2073,0.012271846303,0.010737865515,75,7.5,26,0
836,2026-09-05T05:23:09.435886+00:00,174550656000000,174550703000000,56.203000000,online_inference,10,0,2089,2087,0.101242732000,0.098174770425,76,7.6,27,0,2640,2641,0.880504972246,0.882038953034,75,7.5,26,0,2611,2607,0.848291375701,0.842155452549,76,7.6,27,0,2708,2701,0.969475857944,0.958737992429,75,7.5,27,2,2074,2073,0.012271846303,0.010737865515,75,7.5,26,0
837,2026-09-05T05:23:09.498887+00:00,174550718000000,174550781000000,56.281000000,online_inference,10,0,2089,2087,0.101242732000,0.098174770425,76,7.6,27,1,2640,2641,0.880504972246,0.882038953034,75,7.5,26,0,2611,2607,0.848291375701,0.842155452549,76,7.6,27,0,2708,2701,0.969475857944,0.958737992429,75,7.5,27,1,2074,2073,0.012271846303,0.010737865515,76,7.6,26,0
838,2026-09-05T05:23:09.548816+00:00,174550796000000,174550828000000,56.328000000,online_inference,10,0,2089,2087,0.101242732000,0.098174770425,76,7.6,27,1,2640,2641,0.880504972246,0.882038953034,75,7.5,26,0,2611,2607,0.848291375701,0.842155452549,76,7.6,27,1,2708,2701,0.969475857944,0.958737992429,75,7.5,27,1,2074,2073,0.012271846303,0.010737865515,76,7.6,26,0
839,2026-09-05T05:23:09.615851+00:00,174550843000000,174550890000000,56.390000000,online_archive,10,0,2089,2087,0.101242732000,0.098174770425,76,7.6,27,1,2640,2641,0.880504972246,0.882038953034,75,7.5,26,0,2611,2607,0.848291375701,0.842155452549,76,7.6,26,0,2708,2701,0.969475857944,0.958737992429,75,7.5,27,1,2074,2073,0.012271846303,0.010737865515,76,7.6,26,0
840,2026-09-05T05:23:09.659074+00:00,174550906000000,174550937000000,56.437000000,online_archive,10,0,2089,2087,0.101242732000,0.098174770425,76,7.6,27,1,2640,2641,0.880504972246,0.882038953034,75,7.5,26,0,2611,2607,0.848291375701,0.842155452549,76,7.6,27,1,2708,2701,0.969475857944,0.958737992429,75,7.5,27,1,2074,2073,0.012271846303,0.010737865515,76,7.6,26,0
841,2026-09-05T05:23:09.804262+00:00,174551015000000,174551078000000,56.578000000,online_observation,10,0,2089,2087,0.101242732000,0.098174770425,76,7.6,27,1,2640,2641,0.880504972246,0.882038953034,75,7.5,26,0,2611,2607,0.848291375701,0.842155452549,76,7.6,27,0,2708,2701,0.969475857944,0.958737992429,75,7.5,27,1,2074,2073,0.012271846303,0.010737865515,75,7.5,26,0
842,2026-09-05T05:23:09.855354+00:00,174551093000000,174551125000000,56.625000000,online_observation,10,0,2089,2087,0.101242732000,0.098174770425,76,7.6,27,0,2640,2641,0.880504972246,0.882038953034,75,7.5,26,0,2611,2607,0.848291375701,0.842155452549,76,7.6,27,1,2708,2701,0.969475857944,0.958737992429,75,7.5,27,1,2074,2073,0.012271846303,0.010737865515,75,7.5,26,0
843,2026-09-05T05:23:09.908882+00:00,174551140000000,174551187000000,56.687000000,online_observation,10,0,2089,2087,0.101242732000,0.098174770425,76,7.6,27,0,2640,2641,0.880504972246,0.882038953034,75,7.5,26,0,2611,2607,0.848291375701,0.842155452549,76,7.6,27,1,2708,2701,0.969475857944,0.958737992429,75,7.5,27,1,2074,2073,0.012271846303,0.010737865515,75,7.5,26,0
844,2026-09-05T05:23:09.967418+00:00,174551203000000,174551250000000,56.750000000,online_observation,10,0,2089,2087,0.101242732000,0.098174770425,76,7.6,27,1,2640,2641,0.880504972246,0.882038953034,75,7.5,26,0,2611,2607,0.848291375701,0.842155452549,76,7.6,27,0,2708,2701,0.969475857944,0.958737992429,75,7.5,27,1,2074,2073,0.012271846303,0.010737865515,76,7.6,26,0
845,2026-09-05T05:23:10.029808+00:00,174551265000000,174551312000000,56.812000000,online_observation,10,0,2089,2087,0.101242732000,0.098174770425,76,7.6,27,1,2640,2641,0.880504972246,0.882038953034,75,7.5,26,0,2611,2607,0.848291375701,0.842155452549,76,7.6,27,1,2708,2701,0.969475857944,0.958737992429,75,7.5,27,1,2074,2073,0.012271846303,0.010737865515,76,7.6,26,0
846,2026-09-05T05:23:10.091846+00:00,174551328000000,174551359000000,56.859000000,online_observation,10,0,2089,2087,0.101242732000,0.098174770425,76,7.6,27,0,2640,2641,0.880504972246,0.882038953034,75,7.5,26,0,2611,2607,0.848291375701,0.842155452549,76,7.6,27,0,2708,2701,0.969475857944,0.958737992429,75,7.5,27,1,2074,2073,0.012271846303,0.010737865515,75,7.5,26,0
847,2026-09-05T05:23:10.157523+00:00,174551375000000,174551437000000,56.937000000,online_inference,11,0,2089,2087,0.101242732000,0.098174770425,76,7.6,27,1,2640,2641,0.880504972246,0.882038953034,75,7.5,26,0,2611,2607,0.848291375701,0.842155452549,76,7.6,27,1,2708,2701,0.969475857944,0.958737992429,75,7.5,27,1,2074,2073,0.012271846303,0.010737865515,76,7.6,26,0
848,2026-09-05T05:23:10.244715+00:00,174551453000000,174551515000000,57.015000000,online_inference,11,0,2089,2087,0.101242732000,0.098174770425,76,7.6,27,1,2640,2641,0.880504972246,0.882038953034,75,7.5,26,0,2611,2607,0.848291375701,0.842155452549,76,7.6,27,1,2708,2701,0.969475857944,0.958737992429,75,7.5,27,1,2074,2073,0.012271846303,0.010737865515,76,7.6,26,0
849,2026-09-05T05:23:10.368886+00:00,174551562000000,174551640000000,57.140000000,online_inference,11,0,2089,2087,0.101242732000,0.098174770425,76,7.6,27,1,2640,2641,0.880504972246,0.882038953034,75,7.5,26,0,2611,2607,0.848291375701,0.842155452549,76,7.6,27,1,2708,2701,0.969475857944,0.958737992429,75,7.5,27,1,2074,2073,0.012271846303,0.010737865515,76,7.6,26,0
850,2026-09-05T05:23:10.451581+00:00,174551656000000,174551734000000,57.234000000,online_inference,11,0,2089,2087,0.101242732000,0.098174770425,76,7.6,27,1,2640,2641,0.880504972246,0.882038953034,75,7.5,26,0,2611,2607,0.848291375701,0.842155452549,76,7.6,27,0,2708,2701,0.969475857944,0.958737992429,75,7.5,27,1,2074,2073,0.012271846303,0.010737865515,76,7.6,26,0
851,2026-09-05T05:23:10.536519+00:00,174551750000000,174551812000000,57.312000000,online_inference,11,0,2089,2087,0.101242732000,0.098174770425,76,7.6,27,1,2640,2641,0.880504972246,0.882038953034,75,7.5,26,0,2611,2607,0.848291375701,0.842155452549,76,7.6,27,0,2708,2701,0.969475857944,0.958737992429,75,7.5,27,1,2074,2073,0.012271846303,0.010737865515,75,7.5,26,0
852,2026-09-05T05:23:10.612646+00:00,174551828000000,174551890000000,57.390000000,online_inference,11,0,2089,2087,0.101242732000,0.098174770425,76,7.6,27,0,2640,2641,0.880504972246,0.882038953034,75,7.5,26,0,2611,2607,0.848291375701,0.842155452549,76,7.6,27,0,2708,2701,0.969475857944,0.958737992429,75,7.5,27,1,2074,2073,0.012271846303,0.010737865515,76,7.6,26,0
853,2026-09-05T05:23:10.687570+00:00,174551906000000,174551968000000,57.468000000,online_inference,11,0,2089,2087,0.101242732000,0.098174770425,76,7.6,27,1,2640,2641,0.880504972246,0.882038953034,75,7.5,26,0,2611,2607,0.848291375701,0.842155452549,76,7.6,27,0,2708,2701,0.969475857944,0.958737992429,75,7.5,27,1,2074,2073,0.012271846303,0.010737865515,76,7.6,26,0
854,2026-09-05T05:23:10.779447+00:00,174551984000000,174552046000000,57.546000000,online_inference,11,0,2089,2087,0.101242732000,0.098174770425,76,7.6,27,1,2640,2641,0.880504972246,0.882038953034,75,7.5,26,0,2611,2607,0.848291375701,0.842155452549,76,7.6,27,1,2708,2701,0.969475857944,0.958737992429,75,7.5,27,1,2074,2073,0.012271846303,0.010737865515,76,7.6,26,0
855,2026-09-05T05:23:10.898598+00:00,174552109000000,174552171000000,57.671000000,online_inference,11,0,2089,2087,0.101242732000,0.098174770425,76,7.6,27,1,2640,2641,0.880504972246,0.882038953034,75,7.5,26,0,2611,2607,0.848291375701,0.842155452549,76,7.6,27,1,2708,2701,0.969475857944,0.958737992429,75,7.5,27,1,2074,2073,0.012271846303,0.010737865515,75,7.5,26,0
856,2026-09-05T05:23:10.984495+00:00,174552187000000,174552265000000,57.765000000,online_inference,11,0,2089,2087,0.101242732000,0.098174770425,76,7.6,27,1,2640,2641,0.880504972246,0.882038953034,75,7.5,26,0,2611,2607,0.848291375701,0.842155452549,75,7.5,27,1,2708,2701,0.969475857944,0.958737992429,75,7.5,27,1,2074,2073,0.012271846303,0.010737865515,75,7.5,26,0
857,2026-09-05T05:23:11.056502+00:00,174552281000000,174552328000000,57.828000000,online_inference,11,0,2089,2087,0.101242732000,0.098174770425,76,7.6,27,1,2640,2641,0.880504972246,0.882038953034,75,7.5,26,0,2611,2607,0.848291375701,0.842155452549,76,7.6,27,1,2708,2701,0.969475857944,0.958737992429,75,7.5,27,1,2074,2073,0.012271846303,0.010737865515,75,7.5,26,0
858,2026-09-05T05:23:11.143860+00:00,174552343000000,174552421000000,57.921000000,online_inference,11,0,2089,2087,0.101242732000,0.098174770425,76,7.6,27,1,2640,2641,0.880504972246,0.882038953034,75,7.5,26,0,2611,2607,0.848291375701,0.842155452549,76,7.6,27,1,2708,2701,0.969475857944,0.958737992429,75,7.5,27,1,2074,2073,0.012271846303,0.010737865515,75,7.5,26,0
859,2026-09-05T05:23:11.242355+00:00,174552437000000,174552515000000,58.015000000,online_inference,11,0,2089,2087,0.101242732000,0.098174770425,76,7.6,27,0,2640,2641,0.880504972246,0.882038953034,75,7.5,26,0,2611,2607,0.848291375701,0.842155452549,76,7.6,27,1,2708,2701,0.969475857944,0.958737992429,75,7.5,27,1,2074,2073,0.012271846303,0.010737865515,75,7.5,26,0
860,2026-09-05T05:23:11.330835+00:00,174552531000000,174552609000000,58.109000000,online_inference,11,0,2089,2087,0.101242732000,0.098174770425,76,7.6,27,1,2640,2641,0.880504972246,0.882038953034,75,7.5,26,0,2611,2607,0.848291375701,0.842155452549,76,7.6,27,1,2708,2701,0.969475857944,0.958737992429,75,7.5,27,1,2074,2073,0.012271846303,0.010737865515,75,7.5,26,0
861,2026-09-05T05:23:11.468379+00:00,174552656000000,174552750000000,58.250000000,online_inference,11,0,2089,2087,0.101242732000,0.098174770425,76,7.6,27,0,2640,2641,0.880504972246,0.882038953034,75,7.5,26,0,2611,2607,0.848291375701,0.842155452549,76,7.6,27,1,2708,2701,0.969475857944,0.958737992429,75,7.5,27,1,2074,2073,0.012271846303,0.010737865515,76,7.6,26,0
862,2026-09-05T05:23:11.558250+00:00,174552765000000,174552828000000,58.328000000,online_inference,11,0,2089,2087,0.101242732000,0.098174770425,76,7.6,27,0,2640,2641,0.880504972246,0.882038953034,75,7.5,26,0,2611,2607,0.848291375701,0.842155452549,76,7.6,27,1,2708,2701,0.969475857944,0.958737992429,75,7.5,27,1,2074,2073,0.012271846303,0.010737865515,75,7.5,26,0
863,2026-09-05T05:23:11.644326+00:00,174552843000000,174552921000000,58.421000000,online_inference,11,0,2089,2087,0.101242732000,0.098174770425,76,7.6,27,1,2640,2641,0.880504972246,0.882038953034,75,7.5,26,0,2611,2607,0.848291375701,0.842155452549,76,7.6,27,0,2708,2701,0.969475857944,0.958737992429,75,7.5,27,1,2074,2073,0.012271846303,0.010737865515,75,7.5,26,0
864,2026-09-05T05:23:11.742134+00:00,174552937000000,174553015000000,58.515000000,online_inference,11,0,2089,2087,0.101242732000,0.098174770425,76,7.6,27,1,2640,2641,0.880504972246,0.882038953034,75,7.5,26,0,2611,2607,0.848291375701,0.842155452549,76,7.6,27,1,2708,2701,0.969475857944,0.958737992429,75,7.5,27,1,2074,2073,0.012271846303,0.010737865515,75,7.5,26,0
865,2026-09-05T05:23:11.832515+00:00,174553031000000,174553109000000,58.609000000,online_inference,11,0,2089,2087,0.101242732000,0.098174770425,76,7.6,27,1,2640,2641,0.880504972246,0.882038953034,75,7.5,26,0,2611,2607,0.848291375701,0.842155452549,76,7.6,27,0,2708,2701,0.969475857944,0.958737992429,75,7.5,27,0,2074,2073,0.012271846303,0.010737865515,75,7.5,26,0
866,2026-09-05T05:23:11.922079+00:00,174553125000000,174553203000000,58.703000000,online_inference,11,0,2089,2087,0.101242732000,0.098174770425,76,7.6,27,1,2640,2641,0.880504972246,0.882038953034,75,7.5,26,0,2611,2607,0.848291375701,0.842155452549,76,7.6,27,0,2708,2701,0.969475857944,0.958737992429,75,7.5,27,1,2074,2073,0.012271846303,0.010737865515,75,7.5,26,0
867,2026-09-05T05:23:12.055945+00:00,174553234000000,174553328000000,58.828000000,online_inference,11,0,2089,2087,0.101242732000,0.098174770425,76,7.6,27,0,2640,2641,0.880504972246,0.882038953034,75,7.5,25,0,2611,2607,0.848291375701,0.842155452549,76,7.6,27,0,2708,2701,0.969475857944,0.958737992429,75,7.5,27,1,2074,2073,0.012271846303,0.010737865515,76,7.6,26,0
868,2026-09-05T05:23:12.137032+00:00,174553343000000,174553406000000,58.906000000,online_inference,11,0,2089,2087,0.101242732000,0.098174770425,76,7.6,27,1,2640,2641,0.880504972246,0.882038953034,75,7.5,26,0,2611,2607,0.848291375701,0.842155452549,76,7.6,27,1,2708,2701,0.969475857944,0.958737992429,75,7.5,27,1,2074,2073,0.012271846303,0.010737865515,76,7.6,26,0
869,2026-09-05T05:23:12.231332+00:00,174553421000000,174553500000000,59.000000000,online_inference,11,0,2089,2087,0.101242732000,0.098174770425,76,7.6,27,1,2640,2641,0.880504972246,0.882038953034,75,7.5,26,0,2611,2607,0.848291375701,0.842155452549,76,7.6,27,1,2708,2701,0.969475857944,0.958737992429,75,7.5,27,1,2074,2073,0.012271846303,0.010737865515,76,7.6,26,0
870,2026-09-05T05:23:12.324124+00:00,174553515000000,174553593000000,59.093000000,online_inference,11,0,2089,2087,0.101242732000,0.098174770425,76,7.6,27,0,2640,2641,0.880504972246,0.882038953034,75,7.5,26,0,2611,2607,0.848291375701,0.842155452549,76,7.6,27,1,2708,2701,0.969475857944,0.958737992429,75,7.5,27,1,2074,2073,0.012271846303,0.010737865515,75,7.5,26,0
871,2026-09-05T05:23:12.409136+00:00,174553609000000,174553687000000,59.187000000,online_inference,11,0,2089,2087,0.101242732000,0.098174770425,76,7.6,27,1,2640,2641,0.880504972246,0.882038953034,75,7.5,26,0,2611,2607,0.848291375701,0.842155452549,76,7.6,27,1,2708,2701,0.969475857944,0.958737992429,75,7.5,27,1,2074,2073,0.012271846303,0.010737865515,75,7.5,26,0
872,2026-09-05T05:23:12.490407+00:00,174553703000000,174553765000000,59.265000000,online_inference,11,0,2089,2087,0.101242732000,0.098174770425,76,7.6,27,0,2640,2641,0.880504972246,0.882038953034,75,7.5,26,0,2611,2607,0.848291375701,0.842155452549,76,7.6,27,1,2708,2701,0.969475857944,0.958737992429,75,7.5,27,1,2074,2073,0.012271846303,0.010737865515,75,7.5,26,0
873,2026-09-05T05:23:12.627432+00:00,174553812000000,174553906000000,59.406000000,online_inference,11,0,2089,2087,0.101242732000,0.098174770425,76,7.6,27,1,2640,2641,0.880504972246,0.882038953034,75,7.5,26,0,2611,2607,0.848291375701,0.842155452549,76,7.6,27,1,2708,2701,0.969475857944,0.958737992429,75,7.5,27,1,2074,2073,0.012271846303,0.010737865515,75,7.5,26,0
874,2026-09-05T05:23:12.739555+00:00,174553921000000,174554015000000,59.515000000,online_inference,11,0,2089,2087,0.101242732000,0.098174770425,76,7.6,27,0,2640,2641,0.880504972246,0.882038953034,75,7.5,26,0,2611,2607,0.848291375701,0.842155452549,76,7.6,27,1,2708,2701,0.969475857944,0.958737992429,75,7.5,27,1,2074,2073,0.012271846303,0.010737865515,76,7.6,26,0
875,2026-09-05T05:23:12.841046+00:00,174554031000000,174554109000000,59.609000000,online_inference,11,0,2089,2087,0.101242732000,0.098174770425,76,7.6,27,1,2640,2641,0.880504972246,0.882038953034,75,7.5,26,0,2611,2607,0.848291375701,0.842155452549,76,7.6,27,0,2708,2701,0.969475857944,0.958737992429,75,7.5,29,1,2074,2073,0.012271846303,0.010737865515,75,7.5,26,0
876,2026-09-05T05:23:12.919810+00:00,174554125000000,174554187000000,59.687000000,online_inference,11,0,2089,2087,0.101242732000,0.098174770425,76,7.6,27,0,2640,2641,0.880504972246,0.882038953034,75,7.5,26,0,2611,2607,0.848291375701,0.842155452549,76,7.6,27,0,2708,2701,0.969475857944,0.958737992429,75,7.5,27,1,2074,2073,0.012271846303,0.010737865515,76,7.6,26,0
877,2026-09-05T05:23:13.011372+00:00,174554203000000,174554281000000,59.781000000,online_inference,11,0,2089,2087,0.101242732000,0.098174770425,76,7.6,27,1,2640,2641,0.880504972246,0.882038953034,75,7.5,26,0,2611,2607,0.848291375701,0.842155452549,76,7.6,27,1,2708,2701,0.969475857944,0.958737992429,75,7.5,27,1,2074,2073,0.012271846303,0.010737865515,75,7.5,26,0
878,2026-09-05T05:23:13.096036+00:00,174554296000000,174554375000000,59.875000000,online_inference,11,0,2089,2087,0.101242732000,0.098174770425,76,7.6,27,1,2640,2641,0.880504972246,0.882038953034,75,7.5,26,0,2611,2607,0.848291375701,0.842155452549,76,7.6,27,0,2708,2701,0.969475857944,0.958737992429,75,7.5,27,2,2074,2073,0.012271846303,0.010737865515,76,7.6,26,0
879,2026-09-05T05:23:13.219618+00:00,174554406000000,174554500000000,60.000000000,online_inference,11,0,2089,2087,0.101242732000,0.098174770425,76,7.6,27,1,2640,2641,0.880504972246,0.882038953034,75,7.5,26,0,2611,2607,0.848291375701,0.842155452549,76,7.6,27,1,2708,2701,0.969475857944,0.958737992429,75,7.5,27,1,2074,2073,0.012271846303,0.010737865515,76,7.6,26,0
880,2026-09-05T05:23:13.305638+00:00,174554515000000,174554578000000,60.078000000,online_inference,11,0,2089,2087,0.101242732000,0.098174770425,76,7.6,27,1,2640,2641,0.880504972246,0.882038953034,75,7.5,26,0,2611,2607,0.848291375701,0.842155452549,76,7.6,27,0,2708,2701,0.969475857944,0.958737992429,75,7.5,27,1,2074,2073,0.012271846303,0.010737865515,76,7.6,26,0
881,2026-09-05T05:23:13.398711+00:00,174554593000000,174554671000000,60.171000000,online_inference,11,0,2089,2087,0.101242732000,0.098174770425,76,7.6,27,1,2640,2641,0.880504972246,0.882038953034,75,7.5,26,0,2611,2607,0.848291375701,0.842155452549,76,7.6,27,0,2708,2701,0.969475857944,0.958737992429,75,7.5,27,1,2074,2073,0.012271846303,0.010737865515,75,7.5,26,0
882,2026-09-05T05:23:13.474394+00:00,174554687000000,174554750000000,60.250000000,online_inference,11,0,2089,2087,0.101242732000,0.098174770425,76,7.6,27,1,2640,2641,0.880504972246,0.882038953034,75,7.5,26,0,2611,2607,0.848291375701,0.842155452549,76,7.6,27,0,2708,2701,0.969475857944,0.958737992429,75,7.5,27,1,2074,2073,0.012271846303,0.010737865515,75,7.5,26,0
883,2026-09-05T05:23:13.570806+00:00,174554765000000,174554843000000,60.343000000,online_inference,11,0,2089,2087,0.101242732000,0.098174770425,76,7.6,27,1,2640,2641,0.880504972246,0.882038953034,75,7.5,26,0,2611,2607,0.848291375701,0.842155452549,76,7.6,27,0,2708,2701,0.969475857944,0.958737992429,75,7.5,27,2,2074,2073,0.012271846303,0.010737865515,76,7.6,26,0
884,2026-09-05T05:23:13.665081+00:00,174554859000000,174554937000000,60.437000000,online_inference,11,0,2089,2087,0.101242732000,0.098174770425,76,7.6,27,0,2640,2641,0.880504972246,0.882038953034,75,7.5,26,0,2611,2607,0.848291375701,0.842155452549,76,7.6,27,1,2708,2701,0.969475857944,0.958737992429,75,7.5,27,1,2074,2073,0.012271846303,0.010737865515,75,7.5,26,0
885,2026-09-05T05:23:13.784916+00:00,174554984000000,174555062000000,60.562000000,online_inference,11,0,2089,2087,0.101242732000,0.098174770425,76,7.6,27,0,2640,2641,0.880504972246,0.882038953034,75,7.5,26,0,2611,2607,0.848291375701,0.842155452549,76,7.6,27,1,2708,2701,0.969475857944,0.958737992429,75,7.5,27,1,2074,2073,0.012271846303,0.010737865515,75,7.5,26,0
886,2026-09-05T05:23:13.857549+00:00,174555078000000,174555125000000,60.625000000,online_inference,11,0,2089,2087,0.101242732000,0.098174770425,76,7.6,27,0,2640,2641,0.880504972246,0.882038953034,75,7.5,26,0,2611,2607,0.848291375701,0.842155452549,76,7.6,27,1,2708,2701,0.969475857944,0.958737992429,75,7.5,27,1,2074,2073,0.012271846303,0.010737865515,76,7.6,26,0
887,2026-09-05T05:23:13.923925+00:00,174555140000000,174555203000000,60.703000000,online_inference,11,0,2089,2087,0.101242732000,0.098174770425,76,7.6,27,1,2640,2641,0.880504972246,0.882038953034,75,7.5,26,0,2611,2607,0.848291375701,0.842155452549,76,7.6,27,1,2708,2701,0.969475857944,0.958737992429,75,7.5,27,1,2074,2073,0.012271846303,0.010737865515,75,7.5,26,0
888,2026-09-05T05:23:14.000897+00:00,174555218000000,174555281000000,60.781000000,online_inference,11,0,2089,2087,0.101242732000,0.098174770425,76,7.6,27,0,2640,2641,0.880504972246,0.882038953034,75,7.5,26,0,2611,2607,0.848291375701,0.842155452549,76,7.6,27,1,2708,2701,0.969475857944,0.958737992429,75,7.5,27,1,2074,2073,0.012271846303,0.010737865515,75,7.5,26,0
889,2026-09-05T05:23:14.060604+00:00,174555296000000,174555328000000,60.828000000,online_inference,11,0,2089,2087,0.101242732000,0.098174770425,76,7.6,27,1,2640,2641,0.880504972246,0.882038953034,75,7.5,26,0,2611,2607,0.848291375701,0.842155452549,76,7.6,27,0,2708,2701,0.969475857944,0.958737992429,75,7.5,27,1,2074,2073,0.012271846303,0.010737865515,75,7.5,26,0
890,2026-09-05T05:23:14.136479+00:00,174555343000000,174555406000000,60.906000000,online_inference,11,0,2089,2087,0.101242732000,0.098174770425,76,7.6,27,1,2640,2641,0.880504972246,0.882038953034,75,7.5,26,0,2611,2607,0.848291375701,0.842155452549,76,7.6,27,1,2708,2701,0.969475857944,0.958737992429,75,7.5,27,1,2074,2073,0.012271846303,0.010737865515,75,7.5,26,0
891,2026-09-05T05:23:14.190021+00:00,174555421000000,174555468000000,60.968000000,online_inference,11,0,2089,2087,0.101242732000,0.098174770425,76,7.6,27,0,2640,2641,0.880504972246,0.882038953034,75,7.5,26,0,2611,2607,0.848291375701,0.842155452549,76,7.6,27,1,2708,2701,0.969475857944,0.958737992429,75,7.5,27,1,2074,2073,0.012271846303,0.010737865515,76,7.6,26,0
892,2026-09-05T05:23:14.306493+00:00,174555515000000,174555578000000,61.078000000,online_inference,11,0,2089,2087,0.101242732000,0.098174770425,76,7.6,27,0,2640,2641,0.880504972246,0.882038953034,75,7.5,26,0,2611,2607,0.848291375701,0.842155452549,76,7.6,27,1,2708,2701,0.969475857944,0.958737992429,75,7.5,27,1,2074,2073,0.012271846303,0.010737865515,75,7.5,26,0
893,2026-09-05T05:23:14.382169+00:00,174555593000000,174555656000000,61.156000000,online_inference,11,0,2089,2087,0.101242732000,0.098174770425,76,7.6,27,0,2640,2641,0.880504972246,0.882038953034,75,7.5,26,0,2611,2607,0.848291375701,0.842155452549,76,7.6,27,1,2708,2701,0.969475857944,0.958737992429,75,7.5,28,2,2074,2073,0.012271846303,0.010737865515,75,7.5,26,0
894,2026-09-05T05:23:14.443705+00:00,174555671000000,174555718000000,61.218000000,online_inference,11,0,2089,2087,0.101242732000,0.098174770425,76,7.6,27,1,2640,2641,0.880504972246,0.882038953034,75,7.5,26,0,2611,2607,0.848291375701,0.842155452549,76,7.6,27,1,2708,2701,0.969475857944,0.958737992429,75,7.5,27,1,2074,2073,0.012271846303,0.010737865515,76,7.6,26,0
895,2026-09-05T05:23:14.511817+00:00,174555734000000,174555781000000,61.281000000,online_inference,11,0,2089,2087,0.101242732000,0.098174770425,76,7.6,27,1,2640,2641,0.880504972246,0.882038953034,75,7.5,26,0,2611,2607,0.848291375701,0.842155452549,76,7.6,27,1,2708,2701,0.969475857944,0.958737992429,75,7.5,27,1,2074,2073,0.012271846303,0.010737865515,76,7.6,26,0
896,2026-09-05T05:23:14.570491+00:00,174555796000000,174555843000000,61.343000000,online_inference,11,0,2089,2087,0.101242732000,0.098174770425,76,7.6,27,1,2640,2641,0.880504972246,0.882038953034,75,7.5,26,0,2611,2607,0.848291375701,0.842155452549,76,7.6,27,1,2708,2701,0.969475857944,0.958737992429,75,7.5,27,1,2074,2073,0.012271846303,0.010737865515,75,7.5,26,0
897,2026-09-05T05:23:14.626122+00:00,174555859000000,174555906000000,61.406000000,online_inference,11,0,2089,2087,0.101242732000,0.098174770425,76,7.6,27,0,2640,2641,0.880504972246,0.882038953034,75,7.5,26,0,2611,2607,0.848291375701,0.842155452549,76,7.6,27,1,2708,2701,0.969475857944,0.958737992429,75,7.5,27,1,2074,2073,0.012271846303,0.010737865515,75,7.5,26,0
898,2026-09-05T05:23:14.704326+00:00,174555921000000,174555984000000,61.484000000,online_inference,11,0,2089,2087,0.101242732000,0.098174770425,76,7.6,27,1,2640,2641,0.880504972246,0.882038953034,75,7.5,26,0,2611,2607,0.848291375701,0.842155452549,76,7.6,27,1,2708,2701,0.969475857944,0.958737992429,75,7.5,27,1,2074,2073,0.012271846303,0.010737865515,76,7.6,26,0
899,2026-09-05T05:23:14.788464+00:00,174556000000000,174556062000000,61.562000000,online_inference,11,0,2089,2087,0.101242732000,0.098174770425,76,7.6,27,1,2640,2641,0.880504972246,0.882038953034,75,7.5,26,0,2611,2607,0.848291375701,0.842155452549,76,7.6,27,1,2708,2701,0.969475857944,0.958737992429,75,7.5,27,1,2074,2073,0.012271846303,0.010737865515,76,7.6,26,0
900,2026-09-05T05:23:14.884420+00:00,174556093000000,174556156000000,61.656000000,online_inference,11,0,2089,2087,0.101242732000,0.098174770425,76,7.6,27,1,2640,2641,0.880504972246,0.882038953034,75,7.5,26,0,2611,2607,0.848291375701,0.842155452549,76,7.6,27,0,2708,2701,0.969475857944,0.958737992429,75,7.5,27,1,2074,2073,0.012271846303,0.010737865515,76,7.6,26,0
901,2026-09-05T05:23:14.960026+00:00,174556171000000,174556234000000,61.734000000,online_inference,11,0,2089,2087,0.101242732000,0.098174770425,76,7.6,27,1,2640,2641,0.880504972246,0.882038953034,75,7.5,26,0,2611,2607,0.848291375701,0.842155452549,76,7.6,27,0,2708,2701,0.969475857944,0.958737992429,75,7.5,27,1,2074,2073,0.012271846303,0.010737865515,75,7.5,26,0
902,2026-09-05T05:23:15.012070+00:00,174556250000000,174556281000000,61.781000000,online_inference,11,0,2089,2087,0.101242732000,0.098174770425,76,7.6,27,0,2640,2641,0.880504972246,0.882038953034,75,7.5,26,0,2611,2607,0.848291375701,0.842155452549,76,7.6,27,0,2708,2701,0.969475857944,0.958737992429,75,7.5,28,2,2074,2073,0.012271846303,0.010737865515,76,7.6,28,0
903,2026-09-05T05:23:15.075063+00:00,174556296000000,174556343000000,61.843000000,online_inference,11,0,2089,2087,0.101242732000,0.098174770425,76,7.6,27,0,2640,2641,0.880504972246,0.882038953034,75,7.5,26,0,2611,2607,0.848291375701,0.842155452549,76,7.6,27,0,2708,2701,0.969475857944,0.958737992429,75,7.5,27,1,2074,2073,0.012271846303,0.010737865515,76,7.6,26,0
904,2026-09-05T05:23:15.133503+00:00,174556359000000,174556406000000,61.906000000,online_inference,11,0,2089,2087,0.101242732000,0.098174770425,76,7.6,27,1,2640,2641,0.880504972246,0.882038953034,75,7.5,26,0,2611,2607,0.848291375701,0.842155452549,76,7.6,27,1,2708,2701,0.969475857944,0.958737992429,75,7.5,27,1,2074,2073,0.012271846303,0.010737865515,76,7.6,26,0
905,2026-09-05T05:23:15.184362+00:00,174556421000000,174556453000000,61.953000000,online_inference,11,0,2089,2087,0.101242732000,0.098174770425,76,7.6,27,1,2640,2641,0.880504972246,0.882038953034,75,7.5,26,0,2611,2607,0.848291375701,0.842155452549,76,7.6,27,0,2708,2701,0.969475857944,0.958737992429,75,7.5,27,1,2074,2073,0.012271846303,0.010737865515,75,7.5,26,0
906,2026-09-05T05:23:15.252947+00:00,174556468000000,174556531000000,62.031000000,online_inference,11,0,2089,2087,0.101242732000,0.098174770425,76,7.6,27,0,2640,2641,0.880504972246,0.882038953034,75,7.5,26,0,2611,2607,0.848291375701,0.842155452549,76,7.6,27,1,2708,2701,0.969475857944,0.958737992429,75,7.5,27,2,2074,2073,0.012271846303,0.010737865515,75,7.5,26,0
907,2026-09-05T05:23:15.313923+00:00,174556546000000,174556593000000,62.093000000,online_inference,11,0,2089,2087,0.101242732000,0.098174770425,76,7.6,27,0,2640,2641,0.880504972246,0.882038953034,75,7.5,26,0,2611,2607,0.848291375701,0.842155452549,76,7.6,27,1,2708,2701,0.969475857944,0.958737992429,75,7.5,27,1,2074,2073,0.012271846303,0.010737865515,76,7.6,26,0
908,2026-09-05T05:23:15.405004+00:00,174556625000000,174556687000000,62.187000000,online_inference,11,0,2089,2087,0.101242732000,0.098174770425,76,7.6,27,1,2640,2641,0.880504972246,0.882038953034,75,7.5,26,0,2611,2607,0.848291375701,0.842155452549,76,7.6,27,1,2708,2701,0.969475857944,0.958737992429,75,7.5,27,1,2074,2073,0.012271846303,0.010737865515,76,7.6,26,0
909,2026-09-05T05:23:15.468764+00:00,174556703000000,174556750000000,62.250000000,online_inference,11,0,2089,2087,0.101242732000,0.098174770425,76,7.6,27,1,2640,2641,0.880504972246,0.882038953034,75,7.5,26,0,2611,2607,0.848291375701,0.842155452549,76,7.6,27,1,2708,2701,0.969475857944,0.958737992429,75,7.5,27,1,2074,2073,0.012271846303,0.010737865515,76,7.6,26,0
910,2026-09-05T05:23:15.542180+00:00,174556765000000,174556812000000,62.312000000,online_inference,11,0,2089,2087,0.101242732000,0.098174770425,76,7.6,27,1,2640,2641,0.880504972246,0.882038953034,75,7.5,26,0,2611,2607,0.848291375701,0.842155452549,76,7.6,27,1,2708,2701,0.969475857944,0.958737992429,75,7.5,27,1,2074,2073,0.012271846303,0.010737865515,75,7.5,26,0
911,2026-09-05T05:23:15.606547+00:00,174556828000000,174556875000000,62.375000000,online_inference,11,0,2089,2087,0.101242732000,0.098174770425,76,7.6,27,1,2640,2641,0.880504972246,0.882038953034,75,7.5,26,0,2611,2607,0.848291375701,0.842155452549,76,7.6,27,1,2708,2701,0.969475857944,0.958737992429,75,7.5,27,1,2074,2073,0.012271846303,0.010737865515,75,7.5,26,0
912,2026-09-05T05:23:15.652821+00:00,174556890000000,174556921000000,62.421000000,online_inference,11,0,2089,2087,0.101242732000,0.098174770425,76,7.6,27,0,2640,2641,0.880504972246,0.882038953034,75,7.5,26,0,2611,2607,0.848291375701,0.842155452549,76,7.6,27,0,2708,2701,0.969475857944,0.958737992429,75,7.5,27,1,2074,2073,0.012271846303,0.010737865515,75,7.5,26,0
913,2026-09-05T05:23:15.724135+00:00,174556937000000,174557000000000,62.500000000,online_inference,11,0,2089,2087,0.101242732000,0.098174770425,76,7.6,27,1,2640,2641,0.880504972246,0.882038953034,75,7.5,26,0,2611,2607,0.848291375701,0.842155452549,76,7.6,27,1,2708,2701,0.969475857944,0.958737992429,75,7.5,27,1,2074,2073,0.012271846303,0.010737865515,75,7.5,26,0
914,2026-09-05T05:23:15.792743+00:00,174557015000000,174557062000000,62.562000000,online_inference,11,0,2089,2087,0.101242732000,0.098174770425,76,7.6,27,0,2640,2641,0.880504972246,0.882038953034,75,7.5,26,0,2611,2607,0.848291375701,0.842155452549,76,7.6,27,1,2708,2701,0.969475857944,0.958737992429,75,7.5,27,0,2074,2073,0.012271846303,0.010737865515,76,7.6,26,0
915,2026-09-05T05:23:15.858224+00:00,174557078000000,174557140000000,62.640000000,online_inference,11,0,2089,2087,0.101242732000,0.098174770425,76,7.6,27,0,2640,2641,0.880504972246,0.882038953034,75,7.5,26,0,2611,2607,0.848291375701,0.842155452549,76,7.6,27,1,2708,2701,0.969475857944,0.958737992429,75,7.5,27,1,2074,2073,0.012271846303,0.010737865515,76,7.6,26,0
916,2026-09-05T05:23:15.962770+00:00,174557171000000,174557234000000,62.734000000,online_inference,11,0,2089,2087,0.101242732000,0.098174770425,76,7.6,27,1,2640,2641,0.880504972246,0.882038953034,75,7.5,26,0,2611,2607,0.848291375701,0.842155452549,76,7.6,27,1,2708,2701,0.969475857944,0.958737992429,75,7.5,27,1,2074,2073,0.012271846303,0.010737865515,75,7.5,26,0
917,2026-09-05T05:23:16.020057+00:00,174557250000000,174557296000000,62.796000000,online_inference,11,0,2089,2087,0.101242732000,0.098174770425,76,7.6,27,1,2640,2641,0.880504972246,0.882038953034,75,7.5,26,0,2611,2607,0.848291375701,0.842155452549,76,7.6,27,0,2708,2701,0.969475857944,0.958737992429,75,7.5,27,2,2074,2073,0.012271846303,0.010737865515,75,7.5,26,0
918,2026-09-05T05:23:16.091201+00:00,174557312000000,174557359000000,62.859000000,online_inference,11,0,2089,2087,0.101242732000,0.098174770425,76,7.6,27,0,2640,2641,0.880504972246,0.882038953034,75,7.5,26,0,2611,2607,0.848291375701,0.842155452549,76,7.6,27,0,2708,2701,0.969475857944,0.958737992429,75,7.5,27,1,2074,2073,0.012271846303,0.010737865515,76,7.6,26,0
919,2026-09-05T05:23:16.167412+00:00,174557375000000,174557437000000,62.937000000,online_inference,11,0,2089,2087,0.101242732000,0.098174770425,76,7.6,27,0,2640,2641,0.880504972246,0.882038953034,75,7.5,26,0,2611,2607,0.848291375701,0.842155452549,76,7.6,27,1,2708,2701,0.969475857944,0.958737992429,75,7.5,27,1,2074,2073,0.012271846303,0.010737865515,75,7.5,26,0
920,2026-09-05T05:23:16.231044+00:00,174557453000000,174557500000000,63.000000000,online_inference,11,0,2089,2087,0.101242732000,0.098174770425,76,7.6,27,1,2640,2641,0.880504972246,0.882038953034,75,7.5,26,0,2611,2607,0.848291375701,0.842155452549,76,7.6,27,1,2708,2701,0.969475857944,0.958737992429,75,7.5,27,1,2074,2073,0.012271846303,0.010737865515,75,7.5,26,0
921,2026-09-05T05:23:16.304365+00:00,174557515000000,174557578000000,63.078000000,online_inference,11,0,2089,2087,0.101242732000,0.098174770425,76,7.6,27,1,2640,2641,0.880504972246,0.882038953034,75,7.5,26,0,2611,2607,0.848291375701,0.842155452549,76,7.6,27,1,2708,2701,0.969475857944,0.958737992429,75,7.5,27,1,2074,2073,0.012271846303,0.010737865515,76,7.6,26,0
922,2026-09-05T05:23:16.380614+00:00,174557593000000,174557656000000,63.156000000,online_inference,11,0,2089,2087,0.101242732000,0.098174770425,76,7.6,27,1,2640,2641,0.880504972246,0.882038953034,75,7.5,25,0,2611,2607,0.848291375701,0.842155452549,76,7.6,27,1,2708,2701,0.969475857944,0.958737992429,75,7.5,27,1,2074,2073,0.012271846303,0.010737865515,76,7.6,26,0
923,2026-09-05T05:23:16.501585+00:00,174557703000000,174557781000000,63.281000000,online_inference,11,0,2089,2087,0.101242732000,0.098174770425,76,7.6,27,1,2640,2641,0.880504972246,0.882038953034,75,7.5,26,0,2611,2607,0.848291375701,0.842155452549,76,7.6,27,1,2708,2701,0.969475857944,0.958737992429,75,7.5,27,1,2074,2073,0.012271846303,0.010737865515,76,7.6,26,0
924,2026-09-05T05:23:16.586464+00:00,174557796000000,174557859000000,63.359000000,online_inference,11,0,2089,2087,0.101242732000,0.098174770425,76,7.6,27,0,2640,2641,0.880504972246,0.882038953034,75,7.5,26,0,2611,2607,0.848291375701,0.842155452549,76,7.6,27,1,2708,2701,0.969475857944,0.958737992429,75,7.5,27,1,2074,2073,0.012271846303,0.010737865515,76,7.6,26,0
925,2026-09-05T05:23:16.663570+00:00,174557875000000,174557937000000,63.437000000,online_inference,11,0,2089,2087,0.101242732000,0.098174770425,76,7.6,27,1,2640,2641,0.880504972246,0.882038953034,75,7.5,26,0,2611,2607,0.848291375701,0.842155452549,76,7.6,27,0,2708,2701,0.969475857944,0.958737992429,75,7.5,27,2,2074,2073,0.012271846303,0.010737865515,76,7.6,26,0
926,2026-09-05T05:23:16.741750+00:00,174557953000000,174558015000000,63.515000000,online_inference,11,0,2089,2087,0.101242732000,0.098174770425,76,7.6,27,1,2640,2641,0.880504972246,0.882038953034,75,7.5,26,0,2611,2607,0.848291375701,0.842155452549,76,7.6,27,0,2708,2701,0.969475857944,0.958737992429,75,7.5,27,1,2074,2073,0.012271846303,0.010737865515,75,7.5,26,0
927,2026-09-05T05:23:16.815443+00:00,174558031000000,174558093000000,63.593000000,online_inference,11,0,2089,2087,0.101242732000,0.098174770425,76,7.6,27,1,2640,2641,0.880504972246,0.882038953034,75,7.5,26,0,2611,2607,0.848291375701,0.842155452549,76,7.6,27,1,2708,2701,0.969475857944,0.958737992429,75,7.5,27,1,2074,2073,0.012271846303,0.010737865515,76,7.6,26,0
928,2026-09-05T05:23:16.889140+00:00,174558109000000,174558171000000,63.671000000,online_inference,11,0,2089,2087,0.101242732000,0.098174770425,76,7.6,27,0,2640,2641,0.880504972246,0.882038953034,75,7.5,26,0,2611,2607,0.848291375701,0.842155452549,76,7.6,27,1,2708,2701,0.969475857944,0.958737992429,75,7.5,27,1,2074,2073,0.012271846303,0.010737865515,76,7.6,26,0
929,2026-09-05T05:23:16.968201+00:00,174558187000000,174558250000000,63.750000000,online_inference,11,0,2089,2087,0.101242732000,0.098174770425,76,7.6,27,0,2640,2641,0.880504972246,0.882038953034,75,7.5,26,0,2611,2607,0.848291375701,0.842155452549,76,7.6,27,1,2708,2701,0.969475857944,0.958737992429,75,7.5,27,1,2074,2073,0.012271846303,0.010737865515,75,7.5,26,0
930,2026-09-05T05:23:17.075862+00:00,174558281000000,174558343000000,63.843000000,online_inference,11,0,2089,2087,0.101242732000,0.098174770425,76,7.6,27,0,2640,2641,0.880504972246,0.882038953034,75,7.5,26,0,2611,2607,0.848291375701,0.842155452549,76,7.6,27,0,2708,2701,0.969475857944,0.958737992429,75,7.5,27,1,2074,2073,0.012271846303,0.010737865515,76,7.6,26,0
931,2026-09-05T05:23:17.133046+00:00,174558359000000,174558406000000,63.906000000,online_inference,11,0,2089,2087,0.101242732000,0.098174770425,76,7.6,27,0,2640,2641,0.880504972246,0.882038953034,75,7.5,26,0,2611,2607,0.848291375701,0.842155452549,76,7.6,27,0,2708,2701,0.969475857944,0.958737992429,75,7.5,27,1,2074,2073,0.012271846303,0.010737865515,75,7.5,26,0
932,2026-09-05T05:23:17.182698+00:00,174558421000000,174558453000000,63.953000000,online_inference,11,0,2089,2087,0.101242732000,0.098174770425,76,7.6,27,1,2640,2641,0.880504972246,0.882038953034,75,7.5,26,0,2611,2607,0.848291375701,0.842155452549,76,7.6,27,1,2708,2701,0.969475857944,0.958737992429,75,7.5,27,1,2074,2073,0.012271846303,0.010737865515,75,7.5,26,0
933,2026-09-05T05:23:17.236427+00:00,174558468000000,174558515000000,64.015000000,online_archive,11,0,2089,2087,0.101242732000,0.098174770425,76,7.6,27,0,2640,2641,0.880504972246,0.882038953034,75,7.5,26,0,2611,2607,0.848291375701,0.842155452549,76,7.6,27,1,2708,2701,0.969475857944,0.958737992429,75,7.5,27,1,2074,2073,0.012271846303,0.010737865515,76,7.6,26,0
934,2026-09-05T05:23:17.299842+00:00,174558531000000,174558578000000,64.078000000,online_archive,11,0,2089,2087,0.101242732000,0.098174770425,76,7.6,27,0,2640,2641,0.880504972246,0.882038953034,75,7.5,26,0,2611,2607,0.848291375701,0.842155452549,76,7.6,27,1,2708,2701,0.969475857944,0.958737992429,75,7.5,27,1,2074,2073,0.012271846303,0.010737865515,75,7.5,26,0
935,2026-09-05T05:23:17.406013+00:00,174558640000000,174558687000000,64.187000000,online_observation,11,0,2089,2087,0.101242732000,0.098174770425,76,7.6,27,0,2640,2641,0.880504972246,0.882038953034,75,7.5,26,0,2611,2607,0.848291375701,0.842155452549,76,7.6,27,1,2708,2701,0.969475857944,0.958737992429,75,7.5,27,1,2074,2073,0.012271846303,0.010737865515,75,7.5,26,0
936,2026-09-05T05:23:17.474148+00:00,174558703000000,174558750000000,64.250000000,online_observation,11,0,2089,2087,0.101242732000,0.098174770425,76,7.6,27,0,2640,2641,0.880504972246,0.882038953034,75,7.5,26,0,2611,2607,0.848291375701,0.842155452549,76,7.6,27,1,2708,2701,0.969475857944,0.958737992429,75,7.5,27,1,2074,2073,0.012271846303,0.010737865515,75,7.5,26,0
937,2026-09-05T05:23:17.524589+00:00,174558765000000,174558796000000,64.296000000,online_observation,11,0,2089,2087,0.101242732000,0.098174770425,76,7.6,27,1,2640,2641,0.880504972246,0.882038953034,75,7.5,26,0,2611,2607,0.848291375701,0.842155452549,76,7.6,27,0,2708,2701,0.969475857944,0.958737992429,75,7.5,27,1,2074,2073,0.012271846303,0.010737865515,76,7.6,26,0
938,2026-09-05T05:23:17.608278+00:00,174558843000000,174558890000000,64.390000000,online_observation,11,0,2089,2087,0.101242732000,0.098174770425,76,7.6,27,0,2640,2641,0.880504972246,0.882038953034,75,7.5,26,0,2611,2607,0.848291375701,0.842155452549,76,7.6,27,1,2708,2701,0.969475857944,0.958737992429,75,7.5,27,1,2074,2073,0.012271846303,0.010737865515,76,7.6,26,0
939,2026-09-05T05:23:17.673611+00:00,174558906000000,174558953000000,64.453000000,online_observation,11,0,2089,2087,0.101242732000,0.098174770425,76,7.6,27,1,2640,2641,0.880504972246,0.882038953034,75,7.5,26,0,2611,2607,0.848291375701,0.842155452549,76,7.6,27,1,2708,2701,0.969475857944,0.958737992429,75,7.5,27,1,2074,2073,0.012271846303,0.010737865515,76,7.6,26,0
940,2026-09-05T05:23:17.733672+00:00,174558968000000,174559015000000,64.515000000,online_observation,11,0,2089,2087,0.101242732000,0.098174770425,76,7.6,27,1,2640,2641,0.880504972246,0.882038953034,75,7.5,26,0,2611,2607,0.848291375701,0.842155452549,76,7.6,27,1,2708,2701,0.969475857944,0.958737992429,75,7.5,27,1,2074,2073,0.012271846303,0.010737865515,75,7.5,26,0
941,2026-09-05T05:23:17.802065+00:00,174559031000000,174559078000000,64.578000000,online_inference,12,0,2089,2087,0.101242732000,0.098174770425,76,7.6,27,1,2640,2641,0.880504972246,0.882038953034,75,7.5,26,0,2611,2607,0.848291375701,0.842155452549,76,7.6,27,1,2708,2701,0.969475857944,0.958737992429,75,7.5,27,1,2074,2073,0.012271846303,0.010737865515,75,7.5,26,0
942,2026-09-05T05:23:17.886324+00:00,174559093000000,174559156000000,64.656000000,online_inference,12,0,2089,2087,0.101242732000,0.098174770425,76,7.6,27,0,2640,2641,0.880504972246,0.882038953034,75,7.5,26,0,2611,2607,0.848291375701,0.842155452549,76,7.6,27,1,2708,2701,0.969475857944,0.958737992429,75,7.5,27,1,2074,2073,0.012271846303,0.010737865515,75,7.5,26,0
943,2026-09-05T05:23:17.959169+00:00,174559171000000,174559234000000,64.734000000,online_inference,12,0,2089,2087,0.101242732000,0.098174770425,76,7.6,27,1,2640,2641,0.880504972246,0.882038953034,75,7.5,26,0,2611,2607,0.848291375701,0.842155452549,76,7.6,27,1,2708,2701,0.969475857944,0.958737992429,75,7.5,27,1,2074,2073,0.012271846303,0.010737865515,75,7.5,26,0
944,2026-09-05T05:23:18.055561+00:00,174559250000000,174559328000000,64.828000000,online_inference,12,0,2089,2087,0.101242732000,0.098174770425,76,7.6,27,0,2640,2641,0.880504972246,0.882038953034,75,7.5,26,0,2611,2607,0.848291375701,0.842155452549,76,7.6,27,1,2708,2701,0.969475857944,0.958737992429,75,7.5,27,1,2074,2073,0.012271846303,0.010737865515,76,7.6,26,0
945,2026-09-05T05:23:18.194780+00:00,174559390000000,174559468000000,64.968000000,online_inference,12,0,2089,2087,0.101242732000,0.098174770425,76,7.6,27,0,2640,2641,0.880504972246,0.882038953034,75,7.5,26,0,2611,2607,0.848291375701,0.842155452549,76,7.6,27,0,2708,2701,0.969475857944,0.958737992429,75,7.5,27,1,2074,2073,0.012271846303,0.010737865515,76,7.6,26,0
946,2026-09-05T05:23:18.275529+00:00,174559484000000,174559546000000,65.046000000,online_inference,12,0,2089,2087,0.101242732000,0.098174770425,76,7.6,27,1,2640,2641,0.880504972246,0.882038953034,75,7.5,26,0,2611,2607,0.848291375701,0.842155452549,76,7.6,27,1,2708,2701,0.969475857944,0.958737992429,75,7.5,27,1,2074,2073,0.012271846303,0.010737865515,76,7.6,26,0
947,2026-09-05T05:23:18.341533+00:00,174559562000000,174559609000000,65.109000000,online_inference,12,0,2089,2087,0.101242732000,0.098174770425,76,7.6,27,1,2640,2641,0.880504972246,0.882038953034,75,7.5,26,0,2611,2607,0.848291375701,0.842155452549,76,7.6,27,0,2708,2701,0.969475857944,0.958737992429,75,7.5,27,1,2074,2073,0.012271846303,0.010737865515,75,7.5,26,0
948,2026-09-05T05:23:18.420741+00:00,174559625000000,174559703000000,65.203000000,online_inference,12,0,2089,2087,0.101242732000,0.098174770425,76,7.6,27,0,2640,2641,0.880504972246,0.882038953034,75,7.5,26,0,2611,2607,0.848291375701,0.842155452549,76,7.6,27,0,2708,2701,0.969475857944,0.958737992429,75,7.5,27,1,2074,2073,0.012271846303,0.010737865515,75,7.5,26,0
949,2026-09-05T05:23:18.500485+00:00,174559718000000,174559781000000,65.281000000,online_inference,12,0,2089,2087,0.101242732000,0.098174770425,76,7.6,27,1,2640,2641,0.880504972246,0.882038953034,75,7.5,26,0,2611,2607,0.848291375701,0.842155452549,76,7.6,27,0,2708,2701,0.969475857944,0.958737992429,75,7.5,27,1,2074,2073,0.012271846303,0.010737865515,75,7.5,26,0
950,2026-09-05T05:23:18.584813+00:00,174559796000000,174559859000000,65.359000000,online_inference,12,0,2089,2087,0.101242732000,0.098174770425,76,7.6,27,1,2640,2641,0.880504972246,0.882038953034,75,7.5,26,0,2611,2607,0.848291375701,0.842155452549,76,7.6,27,1,2708,2701,0.969475857944,0.958737992429,75,7.5,27,2,2074,2073,0.012271846303,0.010737865515,75,7.5,26,0
951,2026-09-05T05:23:18.662965+00:00,174559875000000,174559937000000,65.437000000,online_inference,12,0,2089,2087,0.101242732000,0.098174770425,76,7.6,27,1,2640,2641,0.880504972246,0.882038953034,75,7.5,26,0,2611,2607,0.848291375701,0.842155452549,76,7.6,27,1,2708,2701,0.969475857944,0.958737992429,75,7.5,27,1,2074,2073,0.012271846303,0.010737865515,76,7.6,26,0
952,2026-09-05T05:23:18.789597+00:00,174559984000000,174560062000000,65.562000000,online_inference,12,0,2089,2087,0.101242732000,0.098174770425,76,7.6,27,0,2640,2641,0.880504972246,0.882038953034,75,7.5,26,0,2611,2607,0.848291375701,0.842155452549,76,7.6,27,0,2708,2701,0.969475857944,0.958737992429,75,7.5,27,1,2074,2073,0.012271846303,0.010737865515,75,7.5,26,0
953,2026-09-05T05:23:18.874698+00:00,174560078000000,174560156000000,65.656000000,online_inference,12,0,2089,2087,0.101242732000,0.098174770425,76,7.6,27,0,2640,2641,0.880504972246,0.882038953034,75,7.5,26,0,2611,2607,0.848291375701,0.842155452549,76,7.6,27,1,2708,2701,0.969475857944,0.958737992429,75,7.5,27,1,2074,2073,0.012271846303,0.010737865515,74,7.4,26,0
954,2026-09-05T05:23:18.960433+00:00,174560171000000,174560234000000,65.734000000,online_inference,12,0,2089,2087,0.101242732000,0.098174770425,76,7.6,27,1,2640,2641,0.880504972246,0.882038953034,75,7.5,26,0,2611,2607,0.848291375701,0.842155452549,76,7.6,27,0,2708,2701,0.969475857944,0.958737992429,75,7.5,27,1,2074,2073,0.012271846303,0.010737865515,76,7.6,26,0
955,2026-09-05T05:23:19.046322+00:00,174560250000000,174560328000000,65.828000000,online_inference,12,0,2089,2087,0.101242732000,0.098174770425,76,7.6,27,0,2640,2641,0.880504972246,0.882038953034,75,7.5,26,0,2611,2607,0.848291375701,0.842155452549,76,7.6,27,1,2708,2701,0.969475857944,0.958737992429,75,7.5,27,1,2074,2073,0.012271846303,0.010737865515,76,7.6,26,0
956,2026-09-05T05:23:19.123760+00:00,174560343000000,174560406000000,65.906000000,online_inference,12,0,2089,2087,0.101242732000,0.098174770425,76,7.6,27,1,2640,2641,0.880504972246,0.882038953034,75,7.5,26,0,2611,2607,0.848291375701,0.842155452549,76,7.6,27,1,2708,2701,0.969475857944,0.958737992429,75,7.5,27,1,2074,2073,0.012271846303,0.010737865515,75,7.5,26,0
957,2026-09-05T05:23:19.210072+00:00,174560421000000,174560484000000,65.984000000,online_inference,12,0,2089,2087,0.101242732000,0.098174770425,76,7.6,27,1,2640,2641,0.880504972246,0.882038953034,75,7.5,26,0,2611,2607,0.848291375701,0.842155452549,76,7.6,27,1,2708,2701,0.969475857944,0.958737992429,75,7.5,27,1,2074,2073,0.012271846303,0.010737865515,76,7.6,26,0
958,2026-09-05T05:23:19.320088+00:00,174560531000000,174560593000000,66.093000000,online_inference,12,0,2089,2087,0.101242732000,0.098174770425,76,7.6,27,1,2640,2641,0.880504972246,0.882038953034,75,7.5,26,0,2611,2607,0.848291375701,0.842155452549,76,7.6,27,1,2708,2701,0.969475857944,0.958737992429,75,7.5,27,1,2074,2073,0.012271846303,0.010737865515,76,7.6,26,0
959,2026-09-05T05:23:19.386952+00:00,174560609000000,174560656000000,66.156000000,online_inference,12,0,2089,2087,0.101242732000,0.098174770425,76,7.6,27,1,2640,2641,0.880504972246,0.882038953034,75,7.5,26,0,2611,2607,0.848291375701,0.842155452549,76,7.6,27,1,2708,2701,0.969475857944,0.958737992429,75,7.5,27,2,2074,2073,0.012271846303,0.010737865515,76,7.6,26,0
960,2026-09-05T05:23:19.462411+00:00,174560671000000,174560734000000,66.234000000,online_inference,12,0,2089,2087,0.101242732000,0.098174770425,76,7.6,27,1,2640,2641,0.880504972246,0.882038953034,75,7.5,26,0,2611,2607,0.848291375701,0.842155452549,76,7.6,27,1,2708,2701,0.969475857944,0.958737992429,75,7.5,27,2,2074,2073,0.012271846303,0.010737865515,75,7.5,26,0
961,2026-09-05T05:23:19.519905+00:00,174560750000000,174560796000000,66.296000000,online_inference,12,0,2089,2087,0.101242732000,0.098174770425,76,7.6,27,0,2640,2641,0.880504972246,0.882038953034,75,7.5,26,0,2611,2607,0.848291375701,0.842155452549,76,7.6,27,1,2708,2701,0.969475857944,0.958737992429,75,7.5,27,1,2074,2073,0.012271846303,0.010737865515,75,7.5,26,0
962,2026-09-05T05:23:19.591002+00:00,174560812000000,174560859000000,66.359000000,online_inference,12,0,2089,2087,0.101242732000,0.098174770425,76,7.6,27,1,2640,2641,0.880504972246,0.882038953034,75,7.5,26,0,2611,2607,0.848291375701,0.842155452549,76,7.6,27,1,2708,2701,0.969475857944,0.958737992429,75,7.5,27,1,2074,2073,0.012271846303,0.010737865515,75,7.5,26,0
963,2026-09-05T05:23:19.656244+00:00,174560875000000,174560937000000,66.437000000,online_inference,12,0,2089,2087,0.101242732000,0.098174770425,76,7.6,27,1,2640,2641,0.880504972246,0.882038953034,75,7.5,26,0,2611,2607,0.848291375701,0.842155452549,76,7.6,27,1,2708,2701,0.969475857944,0.958737992429,75,7.5,27,1,2074,2073,0.012271846303,0.010737865515,76,7.6,26,0
964,2026-09-05T05:23:19.732297+00:00,174560953000000,174561000000000,66.500000000,online_inference,12,0,2089,2087,0.101242732000,0.098174770425,76,7.6,27,1,2640,2641,0.880504972246,0.882038953034,75,7.5,26,0,2611,2607,0.848291375701,0.842155452549,76,7.6,27,1,2708,2701,0.969475857944,0.958737992429,75,7.5,27,1,2074,2073,0.012271846303,0.010737865515,75,7.5,26,0
965,2026-09-05T05:23:19.847244+00:00,174561062000000,174561125000000,66.625000000,online_inference,12,0,2089,2087,0.101242732000,0.098174770425,76,7.6,27,1,2640,2641,0.880504972246,0.882038953034,75,7.5,26,0,2611,2607,0.848291375701,0.842155452549,76,7.6,27,0,2708,2701,0.969475857944,0.958737992429,75,7.5,27,1,2074,2073,0.012271846303,0.010737865515,75,7.5,26,0
966,2026-09-05T05:23:19.924785+00:00,174561140000000,174561203000000,66.703000000,online_inference,12,0,2089,2087,0.101242732000,0.098174770425,76,7.6,27,0,2640,2641,0.880504972246,0.882038953034,75,7.5,25,0,2611,2607,0.848291375701,0.842155452549,76,7.6,27,1,2708,2701,0.969475857944,0.958737992429,75,7.5,27,1,2074,2073,0.012271846303,0.010737865515,76,7.6,26,0
967,2026-09-05T05:23:20.002464+00:00,174561218000000,174561281000000,66.781000000,online_inference,12,0,2089,2087,0.101242732000,0.098174770425,76,7.6,27,1,2640,2641,0.880504972246,0.882038953034,75,7.5,26,0,2611,2607,0.848291375701,0.842155452549,76,7.6,27,1,2708,2701,0.969475857944,0.958737992429,75,7.5,27,1,2074,2073,0.012271846303,0.010737865515,70,7.0,26,0
968,2026-09-05T05:23:20.084483+00:00,174561296000000,174561359000000,66.859000000,online_inference,12,0,2089,2087,0.101242732000,0.098174770425,76,7.6,27,0,2640,2641,0.880504972246,0.882038953034,75,7.5,26,0,2611,2607,0.848291375701,0.842155452549,76,7.6,27,1,2708,2701,0.969475857944,0.958737992429,75,7.5,27,1,2074,2073,0.012271846303,0.010737865515,75,7.5,26,0
969,2026-09-05T05:23:20.153715+00:00,174561375000000,174561421000000,66.921000000,online_inference,12,0,2089,2087,0.101242732000,0.098174770425,76,7.6,27,0,2640,2641,0.880504972246,0.882038953034,75,7.5,26,0,2611,2607,0.848291375701,0.842155452549,76,7.6,27,0,2708,2701,0.969475857944,0.958737992429,75,7.5,27,0,2074,2073,0.012271846303,0.010737865515,76,7.6,26,0
970,2026-09-05T05:23:20.225340+00:00,174561437000000,174561500000000,67.000000000,online_inference,12,0,2089,2087,0.101242732000,0.098174770425,76,7.6,27,2,2640,2641,0.880504972246,0.882038953034,75,7.5,26,0,2611,2607,0.848291375701,0.842155452549,76,7.6,27,1,2708,2701,0.969475857944,0.958737992429,75,7.5,27,1,2074,2073,0.012271846303,0.010737865515,76,7.6,26,0
971,2026-09-05T05:23:20.304216+00:00,174561515000000,174561578000000,67.078000000,online_inference,12,0,2089,2087,0.101242732000,0.098174770425,76,7.6,27,1,2640,2641,0.880504972246,0.882038953034,75,7.5,26,0,2611,2607,0.848291375701,0.842155452549,76,7.6,27,0,2708,2701,0.969475857944,0.958737992429,75,7.5,27,1,2074,2073,0.012271846303,0.010737865515,76,7.6,26,0
972,2026-09-05T05:23:20.411486+00:00,174561625000000,174561687000000,67.187000000,online_inference,12,0,2089,2087,0.101242732000,0.098174770425,76,7.6,27,0,2640,2641,0.880504972246,0.882038953034,75,7.5,26,0,2611,2607,0.848291375701,0.842155452549,76,7.6,27,1,2708,2701,0.969475857944,0.958737992429,75,7.5,27,1,2074,2073,0.012271846303,0.010737865515,76,7.6,26,0
973,2026-09-05T05:23:20.481761+00:00,174561703000000,174561750000000,67.250000000,online_inference,12,0,2089,2087,0.101242732000,0.098174770425,76,7.6,27,0,2640,2641,0.880504972246,0.882038953034,75,7.5,26,0,2611,2607,0.848291375701,0.842155452549,76,7.6,27,1,2708,2701,0.969475857944,0.958737992429,75,7.5,27,1,2074,2073,0.012271846303,0.010737865515,75,7.5,26,0
974,2026-09-05T05:23:20.532297+00:00,174561765000000,174561812000000,67.312000000,online_inference,12,0,2089,2087,0.101242732000,0.098174770425,76,7.6,27,1,2640,2641,0.880504972246,0.882038953034,75,7.5,26,0,2611,2607,0.848291375701,0.842155452549,76,7.6,27,0,2708,2701,0.969475857944,0.958737992429,75,7.5,27,1,2074,2073,0.012271846303,0.010737865515,75,7.5,26,0
975,2026-09-05T05:23:20.611246+00:00,174561828000000,174561890000000,67.390000000,online_inference,12,0,2089,2087,0.101242732000,0.098174770425,76,7.6,27,1,2640,2641,0.880504972246,0.882038953034,75,7.5,26,0,2611,2607,0.848291375701,0.842155452549,76,7.6,27,0,2708,2701,0.969475857944,0.958737992429,75,7.5,27,2,2074,2073,0.012271846303,0.010737865515,75,7.5,26,0
976,2026-09-05T05:23:20.674706+00:00,174561906000000,174561953000000,67.453000000,online_inference,12,0,2089,2087,0.101242732000,0.098174770425,76,7.6,27,1,2640,2641,0.880504972246,0.882038953034,75,7.5,26,0,2611,2607,0.848291375701,0.842155452549,76,7.6,27,1,2708,2701,0.969475857944,0.958737992429,75,7.5,27,1,2074,2073,0.012271846303,0.010737865515,75,7.5,26,0
977,2026-09-05T05:23:20.742763+00:00,174561968000000,174562015000000,67.515000000,online_inference,12,0,2089,2087,0.101242732000,0.098174770425,76,7.6,27,1,2640,2641,0.880504972246,0.882038953034,75,7.5,26,0,2611,2607,0.848291375701,0.842155452549,76,7.6,27,1,2708,2701,0.969475857944,0.958737992429,75,7.5,27,1,2074,2073,0.012271846303,0.010737865515,76,7.6,26,0
978,2026-09-05T05:23:20.795230+00:00,174562031000000,174562062000000,67.562000000,online_inference,12,0,2089,2087,0.101242732000,0.098174770425,76,7.6,27,1,2640,2641,0.880504972246,0.882038953034,75,7.5,26,0,2611,2607,0.848291375701,0.842155452549,76,7.6,27,1,2708,2701,0.969475857944,0.958737992429,75,7.5,27,1,2074,2073,0.012271846303,0.010737865515,75,7.5,26,0
979,2026-09-05T05:23:20.846244+00:00,174562078000000,174562125000000,67.625000000,online_inference,12,0,2089,2087,0.101242732000,0.098174770425,76,7.6,27,1,2640,2641,0.880504972246,0.882038953034,75,7.5,26,0,2611,2607,0.848291375701,0.842155452549,76,7.6,27,1,2708,2701,0.969475857944,0.958737992429,75,7.5,27,1,2074,2073,0.012271846303,0.010737865515,76,7.6,26,0
980,2026-09-05T05:23:20.927398+00:00,174562156000000,174562203000000,67.703000000,online_inference,12,0,2089,2087,0.101242732000,0.098174770425,76,7.6,27,1,2640,2641,0.880504972246,0.882038953034,75,7.5,26,0,2611,2607,0.848291375701,0.842155452549,76,7.6,27,0,2708,2701,0.969475857944,0.958737992429,75,7.5,27,1,2074,2073,0.012271846303,0.010737865515,75,7.5,26,0
981,2026-09-05T05:23:20.981491+00:00,174562218000000,174562250000000,67.750000000,online_inference,12,0,2089,2087,0.101242732000,0.098174770425,76,7.6,27,0,2640,2641,0.880504972246,0.882038953034,75,7.5,26,0,2611,2607,0.848291375701,0.842155452549,76,7.6,27,1,2708,2701,0.969475857944,0.958737992429,75,7.5,27,1,2074,2073,0.012271846303,0.010737865515,76,7.6,26,0
982,2026-09-05T05:23:21.048109+00:00,174562265000000,174562328000000,67.828000000,online_inference,12,0,2089,2087,0.101242732000,0.098174770425,76,7.6,27,0,2640,2641,0.880504972246,0.882038953034,75,7.5,26,0,2611,2607,0.848291375701,0.842155452549,76,7.6,27,0,2708,2701,0.969475857944,0.958737992429,75,7.5,27,1,2074,2073,0.012271846303,0.010737865515,75,7.5,26,0
983,2026-09-05T05:23:21.114531+00:00,174562343000000,174562390000000,67.890000000,online_inference,12,0,2089,2087,0.101242732000,0.098174770425,76,7.6,27,0,2640,2641,0.880504972246,0.882038953034,75,7.5,26,0,2611,2607,0.848291375701,0.842155452549,76,7.6,27,1,2708,2701,0.969475857944,0.958737992429,75,7.5,27,1,2074,2073,0.012271846303,0.010737865515,76,7.6,26,0
984,2026-09-05T05:23:21.178755+00:00,174562406000000,174562453000000,67.953000000,online_inference,12,0,2089,2087,0.101242732000,0.098174770425,76,7.6,27,1,2640,2641,0.880504972246,0.882038953034,75,7.5,26,0,2611,2607,0.848291375701,0.842155452549,76,7.6,27,1,2708,2701,0.969475857944,0.958737992429,75,7.5,27,1,2074,2073,0.012271846303,0.010737865515,75,7.5,26,0
985,2026-09-05T05:23:21.243303+00:00,174562468000000,174562515000000,68.015000000,online_inference,12,0,2089,2087,0.101242732000,0.098174770425,76,7.6,27,0,2640,2641,0.880504972246,0.882038953034,75,7.5,26,0,2611,2607,0.848291375701,0.842155452549,76,7.6,27,1,2708,2701,0.969475857944,0.958737992429,75,7.5,27,1,2074,2073,0.012271846303,0.010737865515,75,7.5,26,0
986,2026-09-05T05:23:21.303380+00:00,174562531000000,174562578000000,68.078000000,online_inference,12,0,2089,2087,0.101242732000,0.098174770425,76,7.6,27,0,2640,2641,0.880504972246,0.882038953034,75,7.5,26,0,2611,2607,0.848291375701,0.842155452549,76,7.6,27,1,2708,2701,0.969475857944,0.958737992429,75,7.5,27,1,2074,2073,0.012271846303,0.010737865515,76,7.6,26,0
987,2026-09-05T05:23:21.355609+00:00,174562593000000,174562625000000,68.125000000,online_inference,12,0,2089,2087,0.101242732000,0.098174770425,76,7.6,27,0,2640,2641,0.880504972246,0.882038953034,75,7.5,26,0,2611,2607,0.848291375701,0.842155452549,76,7.6,27,0,2708,2701,0.969475857944,0.958737992429,75,7.5,27,2,2074,2073,0.012271846303,0.010737865515,75,7.5,26,0
988,2026-09-05T05:23:21.415140+00:00,174562640000000,174562687000000,68.187000000,online_inference,12,0,2089,2087,0.101242732000,0.098174770425,76,7.6,27,0,2640,2641,0.880504972246,0.882038953034,75,7.5,26,0,2611,2607,0.848291375701,0.842155452549,76,7.6,27,0,2708,2701,0.969475857944,0.958737992429,75,7.5,27,1,2074,2073,0.012271846303,0.010737865515,75,7.5,26,1
989,2026-09-05T05:23:21.494662+00:00,174562718000000,174562765000000,68.265000000,online_inference,12,0,2089,2087,0.101242732000,0.098174770425,76,7.6,27,0,2640,2641,0.880504972246,0.882038953034,75,7.5,26,0,2611,2607,0.848291375701,0.842155452549,76,7.6,27,1,2708,2701,0.969475857944,0.958737992429,75,7.5,27,1,2074,2073,0.012271846303,0.010737865515,75,7.5,26,0
990,2026-09-05T05:23:21.543756+00:00,174562781000000,174562812000000,68.312000000,online_inference,12,0,2089,2087,0.101242732000,0.098174770425,76,7.6,27,1,2640,2641,0.880504972246,0.882038953034,75,7.5,26,0,2611,2607,0.848291375701,0.842155452549,76,7.6,27,0,2708,2701,0.969475857944,0.958737992429,75,7.5,27,1,2074,2073,0.012271846303,0.010737865515,75,7.5,26,0
991,2026-09-05T05:23:21.600871+00:00,174562828000000,174562875000000,68.375000000,online_inference,12,0,2089,2087,0.101242732000,0.098174770425,76,7.6,27,0,2640,2641,0.880504972246,0.882038953034,75,7.5,26,0,2611,2607,0.848291375701,0.842155452549,76,7.6,27,1,2708,2701,0.969475857944,0.958737992429,75,7.5,27,1,2074,2073,0.012271846303,0.010737865515,75,7.5,26,0
992,2026-09-05T05:23:21.664736+00:00,174562890000000,174562937000000,68.437000000,online_inference,12,0,2089,2087,0.101242732000,0.098174770425,76,7.6,27,0,2640,2641,0.880504972246,0.882038953034,75,7.5,26,1,2611,2607,0.848291375701,0.842155452549,76,7.6,27,1,2708,2701,0.969475857944,0.958737992429,75,7.5,27,1,2074,2073,0.012271846303,0.010737865515,76,7.6,26,0
993,2026-09-05T05:23:21.718367+00:00,174562953000000,174563000000000,68.500000000,online_inference,12,0,2089,2087,0.101242732000,0.098174770425,76,7.6,27,0,2640,2641,0.880504972246,0.882038953034,75,7.5,26,0,2611,2607,0.848291375701,0.842155452549,76,7.6,27,1,2708,2701,0.969475857944,0.958737992429,75,7.5,27,1,2074,2073,0.012271846303,0.010737865515,75,7.5,26,0
994,2026-09-05T05:23:21.782757+00:00,174563015000000,174563062000000,68.562000000,online_inference,12,0,2089,2087,0.101242732000,0.098174770425,76,7.6,27,0,2640,2641,0.880504972246,0.882038953034,75,7.5,26,0,2611,2607,0.848291375701,0.842155452549,76,7.6,27,1,2708,2701,0.969475857944,0.958737992429,75,7.5,27,1,2074,2073,0.012271846303,0.010737865515,76,7.6,26,0
995,2026-09-05T05:23:21.835829+00:00,174563078000000,174563109000000,68.609000000,online_inference,12,0,2089,2087,0.101242732000,0.098174770425,76,7.6,27,0,2640,2641,0.880504972246,0.882038953034,75,7.5,25,0,2611,2607,0.848291375701,0.842155452549,76,7.6,27,1,2708,2701,0.969475857944,0.958737992429,75,7.5,27,1,2074,2073,0.012271846303,0.010737865515,76,7.6,26,0
996,2026-09-05T05:23:21.898235+00:00,174563125000000,174563171000000,68.671000000,online_inference,12,0,2089,2087,0.101242732000,0.098174770425,76,7.6,26,1,2640,2641,0.880504972246,0.882038953034,75,7.5,26,0,2611,2607,0.848291375701,0.842155452549,76,7.6,27,1,2708,2701,0.969475857944,0.958737992429,75,7.5,27,1,2074,2073,0.012271846303,0.010737865515,75,7.5,26,0
997,2026-09-05T05:23:21.948546+00:00,174563187000000,174563218000000,68.718000000,online_inference,12,0,2089,2087,0.101242732000,0.098174770425,76,7.6,27,1,2640,2641,0.880504972246,0.882038953034,75,7.5,26,0,2611,2607,0.848291375701,0.842155452549,76,7.6,27,1,2708,2701,0.969475857944,0.958737992429,75,7.5,27,1,2074,2073,0.012271846303,0.010737865515,76,7.6,26,0
998,2026-09-05T05:23:22.016021+00:00,174563250000000,174563296000000,68.796000000,online_inference,12,0,2089,2087,0.101242732000,0.098174770425,76,7.6,27,1,2640,2641,0.880504972246,0.882038953034,75,7.5,26,0,2611,2607,0.848291375701,0.842155452549,76,7.6,27,1,2708,2701,0.969475857944,0.958737992429,75,7.5,27,1,2074,2073,0.012271846303,0.010737865515,75,7.5,26,0
999,2026-09-05T05:23:22.089866+00:00,174563312000000,174563359000000,68.859000000,online_inference,12,0,2089,2087,0.101242732000,0.098174770425,76,7.6,27,1,2640,2641,0.880504972246,0.882038953034,75,7.5,26,0,2611,2607,0.848291375701,0.842155452549,76,7.6,27,1,2708,2701,0.969475857944,0.958737992429,75,7.5,27,1,2074,2073,0.012271846303,0.010737865515,75,7.5,26,0
1000,2026-09-05T05:23:22.145698+00:00,174563375000000,174563421000000,68.921000000,online_inference,12,0,2089,2087,0.101242732000,0.098174770425,76,7.6,27,1,2640,2641,0.880504972246,0.882038953034,75,7.5,26,0,2611,2607,0.848291375701,0.842155452549,76,7.6,27,1,2708,2701,0.969475857944,0.958737992429,75,7.5,27,2,2074,2073,0.012271846303,0.010737865515,76,7.6,26,0
1001,2026-09-05T05:23:22.207089+00:00,174563437000000,174563484000000,68.984000000,online_inference,12,0,2089,2087,0.101242732000,0.098174770425,76,7.6,27,0,2640,2641,0.880504972246,0.882038953034,75,7.5,26,0,2611,2607,0.848291375701,0.842155452549,76,7.6,27,1,2708,2701,0.969475857944,0.958737992429,75,7.5,27,1,2074,2073,0.012271846303,0.010737865515,76,7.6,26,0
1002,2026-09-05T05:23:22.273919+00:00,174563500000000,174563546000000,69.046000000,online_inference,12,0,2089,2087,0.101242732000,0.098174770425,76,7.6,27,1,2640,2641,0.880504972246,0.882038953034,75,7.5,26,0,2611,2607,0.848291375701,0.842155452549,76,7.6,27,1,2708,2701,0.969475857944,0.958737992429,75,7.5,27,1,2074,2073,0.012271846303,0.010737865515,76,7.6,26,0
1003,2026-09-05T05:23:22.335344+00:00,174563562000000,174563609000000,69.109000000,online_inference,12,0,2089,2087,0.101242732000,0.098174770425,76,7.6,27,1,2640,2641,0.880504972246,0.882038953034,75,7.5,26,0,2611,2607,0.848291375701,0.842155452549,76,7.6,27,1,2708,2701,0.969475857944,0.958737992429,75,7.5,27,1,2074,2073,0.012271846303,0.010737865515,76,7.6,26,0
1004,2026-09-05T05:23:22.382212+00:00,174563625000000,174563656000000,69.156000000,online_inference,12,0,2089,2087,0.101242732000,0.098174770425,76,7.6,27,1,2640,2641,0.880504972246,0.882038953034,75,7.5,26,0,2611,2607,0.848291375701,0.842155452549,76,7.6,27,1,2708,2701,0.969475857944,0.958737992429,75,7.5,27,1,2074,2073,0.012271846303,0.010737865515,76,7.6,26,0
1005,2026-09-05T05:23:22.445341+00:00,174563671000000,174563718000000,69.218000000,online_inference,12,0,2089,2087,0.101242732000,0.098174770425,76,7.6,27,0,2640,2641,0.880504972246,0.882038953034,75,7.5,26,0,2611,2607,0.848291375701,0.842155452549,76,7.6,27,1,2708,2701,0.969475857944,0.958737992429,75,7.5,27,1,2074,2073,0.012271846303,0.010737865515,76,7.6,26,0
1006,2026-09-05T05:23:22.499504+00:00,174563734000000,174563781000000,69.281000000,online_inference,12,0,2089,2087,0.101242732000,0.098174770425,76,7.6,27,0,2640,2641,0.880504972246,0.882038953034,75,7.5,26,0,2611,2607,0.848291375701,0.842155452549,76,7.6,27,0,2708,2701,0.969475857944,0.958737992429,75,7.5,27,2,2074,2073,0.012271846303,0.010737865515,76,7.6,26,0
1007,2026-09-05T05:23:22.575086+00:00,174563812000000,174563843000000,69.343000000,online_inference,12,0,2089,2087,0.101242732000,0.098174770425,76,7.6,27,0,2640,2641,0.880504972246,0.882038953034,75,7.5,26,0,2611,2607,0.848291375701,0.842155452549,76,7.6,27,1,2708,2701,0.969475857944,0.958737992429,75,7.5,27,1,2074,2073,0.012271846303,0.010737865515,76,7.6,26,0
1008,2026-09-05T05:23:22.636909+00:00,174563859000000,174563906000000,69.406000000,online_inference,12,0,2089,2087,0.101242732000,0.098174770425,76,7.6,27,1,2640,2641,0.880504972246,0.882038953034,75,7.5,26,0,2611,2607,0.848291375701,0.842155452549,76,7.6,27,1,2708,2701,0.969475857944,0.958737992429,75,7.5,27,1,2074,2073,0.012271846303,0.010737865515,76,7.6,26,0
1009,2026-09-05T05:23:22.678979+00:00,174563921000000,174563953000000,69.453000000,online_inference,12,0,2089,2087,0.101242732000,0.098174770425,76,7.6,27,1,2640,2641,0.880504972246,0.882038953034,75,7.5,26,0,2611,2607,0.848291375701,0.842155452549,76,7.6,27,1,2708,2701,0.969475857944,0.958737992429,75,7.5,27,1,2074,2073,0.012271846303,0.010737865515,75,7.5,26,0
1010,2026-09-05T05:23:22.742658+00:00,174563968000000,174564015000000,69.515000000,online_inference,12,0,2089,2087,0.101242732000,0.098174770425,76,7.6,27,1,2640,2641,0.880504972246,0.882038953034,75,7.5,26,0,2611,2607,0.848291375701,0.842155452549,76,7.6,27,1,2708,2701,0.969475857944,0.958737992429,75,7.5,27,1,2074,2073,0.012271846303,0.010737865515,76,7.6,26,0
1011,2026-09-05T05:23:22.783334+00:00,174564031000000,174564062000000,69.562000000,online_inference,12,0,2089,2087,0.101242732000,0.098174770425,76,7.6,27,0,2640,2641,0.880504972246,0.882038953034,75,7.5,26,0,2611,2607,0.848291375701,0.842155452549,76,7.6,27,0,2708,2701,0.969475857944,0.958737992429,75,7.5,27,1,2074,2073,0.012271846303,0.010737865515,75,7.5,26,0
1012,2026-09-05T05:23:22.847377+00:00,174564078000000,174564125000000,69.625000000,online_inference,12,0,2089,2087,0.101242732000,0.098174770425,76,7.6,27,0,2640,2641,0.880504972246,0.882038953034,75,7.5,26,0,2611,2607,0.848291375701,0.842155452549,76,7.6,27,1,2708,2701,0.969475857944,0.958737992429,75,7.5,27,2,2074,2073,0.012271846303,0.010737865515,75,7.5,26,0
1013,2026-09-05T05:23:22.907545+00:00,174564140000000,174564187000000,69.687000000,online_inference,12,0,2089,2087,0.101242732000,0.098174770425,76,7.6,27,0,2640,2641,0.880504972246,0.882038953034,75,7.5,26,0,2611,2607,0.848291375701,0.842155452549,76,7.6,27,1,2708,2701,0.969475857944,0.958737992429,75,7.5,27,1,2074,2073,0.012271846303,0.010737865515,75,7.5,26,0
1014,2026-09-05T05:23:22.961936+00:00,174564203000000,174564234000000,69.734000000,online_inference,12,0,2089,2087,0.101242732000,0.098174770425,76,7.6,27,1,2640,2641,0.880504972246,0.882038953034,75,7.5,26,0,2611,2607,0.848291375701,0.842155452549,76,7.6,27,1,2708,2701,0.969475857944,0.958737992429,75,7.5,27,1,2074,2073,0.012271846303,0.010737865515,75,7.5,26,0
1015,2026-09-05T05:23:23.012299+00:00,174564250000000,174564281000000,69.781000000,online_inference,12,0,2089,2087,0.101242732000,0.098174770425,76,7.6,27,1,2640,2641,0.880504972246,0.882038953034,75,7.5,26,0,2611,2607,0.848291375701,0.842155452549,76,7.6,27,1,2708,2701,0.969475857944,0.958737992429,75,7.5,27,1,2074,2073,0.012271846303,0.010737865515,76,7.6,26,0
1016,2026-09-05T05:23:23.056638+00:00,174564296000000,174564328000000,69.828000000,online_archive,12,0,2089,2087,0.101242732000,0.098174770425,76,7.6,27,0,2640,2641,0.880504972246,0.882038953034,75,7.5,26,0,2611,2607,0.848291375701,0.842155452549,76,7.6,27,0,2708,2701,0.969475857944,0.958737992429,75,7.5,27,1,2074,2073,0.012271846303,0.010737865515,75,7.5,26,0
1017,2026-09-05T05:23:23.127762+00:00,174564359000000,174564406000000,69.906000000,online_archive,12,0,2089,2087,0.101242732000,0.098174770425,76,7.6,27,0,2640,2641,0.880504972246,0.882038953034,75,7.5,26,0,2611,2607,0.848291375701,0.842155452549,76,7.6,27,0,2708,2701,0.969475857944,0.958737992429,75,7.5,27,1,2074,2073,0.012271846303,0.010737865515,75,7.5,26,0
1018,2026-09-05T05:23:23.218536+00:00,174564453000000,174564500000000,70.000000000,online_observation,12,0,2089,2087,0.101242732000,0.098174770425,76,7.6,27,0,2640,2641,0.880504972246,0.882038953034,75,7.5,26,0,2611,2607,0.848291375701,0.842155452549,76,7.6,27,0,2708,2701,0.969475857944,0.958737992429,75,7.5,27,1,2074,2073,0.012271846303,0.010737865515,75,7.5,26,0
1019,2026-09-05T05:23:23.275226+00:00,174564515000000,174564546000000,70.046000000,online_observation,12,0,2089,2087,0.101242732000,0.098174770425,76,7.6,27,0,2640,2641,0.880504972246,0.882038953034,75,7.5,26,0,2611,2607,0.848291375701,0.842155452549,76,7.6,27,1,2708,2701,0.969475857944,0.958737992429,75,7.5,27,2,2074,2073,0.012271846303,0.010737865515,75,7.5,26,0
1020,2026-09-05T05:23:23.333132+00:00,174564562000000,174564609000000,70.109000000,online_observation,12,0,2089,2087,0.101242732000,0.098174770425,76,7.6,27,1,2640,2641,0.880504972246,0.882038953034,75,7.5,26,0,2611,2607,0.848291375701,0.842155452549,76,7.6,27,1,2708,2701,0.969475857944,0.958737992429,75,7.5,27,1,2074,2073,0.012271846303,0.010737865515,76,7.6,26,0
1021,2026-09-05T05:23:23.384550+00:00,174564625000000,174564656000000,70.156000000,online_observation,12,0,2089,2087,0.101242732000,0.098174770425,76,7.6,27,1,2640,2641,0.880504972246,0.882038953034,75,7.5,26,0,2611,2607,0.848291375701,0.842155452549,76,7.6,27,0,2708,2701,0.969475857944,0.958737992429,75,7.5,27,1,2074,2073,0.012271846303,0.010737865515,76,7.6,26,0
1022,2026-09-05T05:23:23.429861+00:00,174564671000000,174564703000000,70.203000000,online_observation,12,0,2089,2087,0.101242732000,0.098174770425,76,7.6,27,0,2640,2641,0.880504972246,0.882038953034,75,7.5,26,0,2611,2607,0.848291375701,0.842155452549,76,7.6,27,1,2708,2701,0.969475857944,0.958737992429,75,7.5,27,1,2074,2073,0.012271846303,0.010737865515,75,7.5,26,0
1023,2026-09-05T05:23:23.482270+00:00,174564718000000,174564750000000,70.250000000,online_observation,12,0,2089,2087,0.101242732000,0.098174770425,76,7.6,27,0,2640,2641,0.880504972246,0.882038953034,75,7.5,26,0,2611,2607,0.848291375701,0.842155452549,76,7.6,27,1,2708,2701,0.969475857944,0.958737992429,75,7.5,27,1,2074,2073,0.012271846303,0.010737865515,76,7.6,26,0
1024,2026-09-05T05:23:23.529689+00:00,174564765000000,174564812000000,70.312000000,online_observation,12,0,2089,2087,0.101242732000,0.098174770425,76,7.6,27,0,2640,2641,0.880504972246,0.882038953034,75,7.5,26,0,2611,2607,0.848291375701,0.842155452549,76,7.6,27,0,2708,2701,0.969475857944,0.958737992429,75,7.5,27,1,2074,2073,0.012271846303,0.010737865515,75,7.5,26,0
1025,2026-09-05T05:23:23.592705+00:00,174564828000000,174564875000000,70.375000000,online_inference,13,0,2089,2087,0.101242732000,0.098174770425,76,7.6,27,1,2640,2641,0.880504972246,0.882038953034,75,7.5,26,0,2611,2607,0.848291375701,0.842155452549,76,7.6,27,0,2708,2701,0.969475857944,0.958737992429,75,7.5,27,1,2074,2073,0.012271846303,0.010737865515,75,7.5,26,0
1026,2026-09-05T05:23:23.681936+00:00,174564890000000,174564953000000,70.453000000,online_inference,13,0,2089,2087,0.101242732000,0.098174770425,76,7.6,27,1,2640,2641,0.880504972246,0.882038953034,75,7.5,26,0,2611,2607,0.848291375701,0.842155452549,76,7.6,27,1,2708,2701,0.969475857944,0.958737992429,75,7.5,27,1,2074,2073,0.012271846303,0.010737865515,76,7.6,26,0
1027,2026-09-05T05:23:23.750302+00:00,174564968000000,174565031000000,70.531000000,online_inference,13,0,2089,2087,0.101242732000,0.098174770425,76,7.6,27,0,2640,2641,0.880504972246,0.882038953034,75,7.5,26,0,2611,2607,0.848291375701,0.842155452549,76,7.6,27,1,2708,2701,0.969475857944,0.958737992429,75,7.5,27,1,2074,2073,0.012271846303,0.010737865515,75,7.5,26,0
1028,2026-09-05T05:23:23.812871+00:00,174565046000000,174565093000000,70.593000000,online_inference,13,0,2089,2087,0.101242732000,0.098174770425,76,7.6,27,0,2640,2641,0.880504972246,0.882038953034,75,7.5,26,0,2611,2607,0.848291375701,0.842155452549,76,7.6,27,1,2708,2701,0.969475857944,0.958737992429,75,7.5,27,1,2074,2073,0.012271846303,0.010737865515,76,7.6,26,0
1029,2026-09-05T05:23:23.888177+00:00,174565109000000,174565156000000,70.656000000,online_inference,13,0,2089,2087,0.101242732000,0.098174770425,76,7.6,27,1,2640,2641,0.880504972246,0.882038953034,75,7.5,26,0,2611,2607,0.848291375701,0.842155452549,76,7.6,27,0,2708,2701,0.969475857944,0.958737992429,75,7.5,27,1,2074,2073,0.012271846303,0.010737865515,75,7.5,30,0
1030,2026-09-05T05:23:23.947435+00:00,174565171000000,174565218000000,70.718000000,online_inference,13,0,2089,2087,0.101242732000,0.098174770425,76,7.6,27,0,2640,2641,0.880504972246,0.882038953034,75,7.5,26,0,2611,2607,0.848291375701,0.842155452549,76,7.6,27,1,2708,2701,0.969475857944,0.958737992429,75,7.5,27,2,2074,2073,0.012271846303,0.010737865515,76,7.6,26,0
1031,2026-09-05T05:23:24.005802+00:00,174565234000000,174565281000000,70.781000000,online_inference,13,0,2089,2087,0.101242732000,0.098174770425,76,7.6,27,1,2640,2641,0.880504972246,0.882038953034,75,7.5,26,0,2611,2607,0.848291375701,0.842155452549,76,7.6,27,1,2708,2701,0.969475857944,0.958737992429,75,7.5,27,2,2074,2073,0.012271846303,0.010737865515,75,7.5,26,0
1032,2026-09-05T05:23:24.068896+00:00,174565296000000,174565343000000,70.843000000,online_inference,13,0,2089,2087,0.101242732000,0.098174770425,76,7.6,27,1,2640,2641,0.880504972246,0.882038953034,75,7.5,26,0,2611,2607,0.848291375701,0.842155452549,76,7.6,27,1,2708,2701,0.969475857944,0.958737992429,75,7.5,27,1,2074,2073,0.012271846303,0.010737865515,76,7.6,26,0
1033,2026-09-05T05:23:24.137644+00:00,174565359000000,174565406000000,70.906000000,online_inference,13,0,2089,2087,0.101242732000,0.098174770425,76,7.6,27,1,2640,2641,0.880504972246,0.882038953034,75,7.5,26,0,2611,2607,0.848291375701,0.842155452549,76,7.6,27,0,2708,2701,0.969475857944,0.958737992429,75,7.5,27,2,2074,2073,0.012271846303,0.010737865515,76,7.6,26,0
1034,2026-09-05T05:23:24.209006+00:00,174565437000000,174565484000000,70.984000000,online_inference,13,0,2089,2087,0.101242732000,0.098174770425,76,7.6,27,0,2640,2641,0.880504972246,0.882038953034,75,7.5,26,0,2611,2607,0.848291375701,0.842155452549,76,7.6,27,1,2708,2701,0.969475857944,0.958737992429,75,7.5,27,1,2074,2073,0.012271846303,0.010737865515,75,7.5,26,0
1035,2026-09-05T05:23:24.262735+00:00,174565500000000,174565531000000,71.031000000,online_inference,13,0,2089,2087,0.101242732000,0.098174770425,76,7.6,27,0,2640,2641,0.880504972246,0.882038953034,75,7.5,26,0,2611,2607,0.848291375701,0.842155452549,76,7.6,27,1,2708,2701,0.969475857944,0.958737992429,75,7.5,27,1,2074,2073,0.012271846303,0.010737865515,76,7.6,26,0
1036,2026-09-05T05:23:24.317803+00:00,174565546000000,174565593000000,71.093000000,online_inference,13,0,2089,2087,0.101242732000,0.098174770425,76,7.6,27,1,2640,2641,0.880504972246,0.882038953034,75,7.5,26,0,2611,2607,0.848291375701,0.842155452549,76,7.6,27,1,2708,2701,0.969475857944,0.958737992429,75,7.5,27,1,2074,2073,0.012271846303,0.010737865515,75,7.5,26,0
1037,2026-09-05T05:23:24.369823+00:00,174565609000000,174565640000000,71.140000000,online_inference,13,0,2089,2087,0.101242732000,0.098174770425,76,7.6,27,1,2640,2641,0.880504972246,0.882038953034,75,7.5,26,0,2611,2607,0.848291375701,0.842155452549,76,7.6,27,1,2708,2701,0.969475857944,0.958737992429,75,7.5,27,0,2074,2073,0.012271846303,0.010737865515,76,7.6,26,0
1038,2026-09-05T05:23:24.418682+00:00,174565656000000,174565687000000,71.187000000,online_inference,13,0,2089,2087,0.101242732000,0.098174770425,76,7.6,27,1,2640,2641,0.880504972246,0.882038953034,75,7.5,26,0,2611,2607,0.848291375701,0.842155452549,76,7.6,27,0,2708,2701,0.969475857944,0.958737992429,75,7.5,27,1,2074,2073,0.012271846303,0.010737865515,75,7.5,26,0
1039,2026-09-05T05:23:24.462340+00:00,174565703000000,174565734000000,71.234000000,online_inference,13,0,2089,2087,0.101242732000,0.098174770425,76,7.6,27,1,2640,2641,0.880504972246,0.882038953034,75,7.5,25,0,2611,2607,0.848291375701,0.842155452549,76,7.6,27,1,2708,2701,0.969475857944,0.958737992429,75,7.5,27,1,2074,2073,0.012271846303,0.010737865515,75,7.5,26,0
1040,2026-09-05T05:23:24.519142+00:00,174565750000000,174565796000000,71.296000000,online_inference,13,0,2089,2087,0.101242732000,0.098174770425,76,7.6,27,1,2640,2641,0.880504972246,0.882038953034,75,7.5,26,0,2611,2607,0.848291375701,0.842155452549,76,7.6,27,1,2708,2701,0.969475857944,0.958737992429,75,7.5,27,1,2074,2073,0.012271846303,0.010737865515,76,7.6,26,0
1041,2026-09-05T05:23:24.575834+00:00,174565812000000,174565843000000,71.343000000,online_inference,13,0,2089,2087,0.101242732000,0.098174770425,76,7.6,27,0,2640,2641,0.880504972246,0.882038953034,75,7.5,26,0,2611,2607,0.848291375701,0.842155452549,76,7.6,27,1,2708,2701,0.969475857944,0.958737992429,75,7.5,27,1,2074,2073,0.012271846303,0.010737865515,75,7.5,26,0
1042,2026-09-05T05:23:24.634106+00:00,174565859000000,174565906000000,71.406000000,online_inference,13,0,2089,2087,0.101242732000,0.098174770425,76,7.6,27,0,2640,2641,0.880504972246,0.882038953034,75,7.5,26,0,2611,2607,0.848291375701,0.842155452549,76,7.6,27,0,2708,2701,0.969475857944,0.958737992429,75,7.5,27,1,2074,2073,0.012271846303,0.010737865515,75,7.5,26,0
1043,2026-09-05T05:23:24.693129+00:00,174565921000000,174565968000000,71.468000000,online_inference,13,0,2089,2087,0.101242732000,0.098174770425,76,7.6,27,1,2640,2641,0.880504972246,0.882038953034,75,7.5,26,0,2611,2607,0.848291375701,0.842155452549,76,7.6,27,0,2708,2701,0.969475857944,0.958737992429,75,7.5,27,1,2074,2073,0.012271846303,0.010737865515,76,7.6,26,0
1044,2026-09-05T05:23:24.774149+00:00,174566000000000,174566046000000,71.546000000,online_inference,13,0,2089,2087,0.101242732000,0.098174770425,76,7.6,27,0,2640,2641,0.880504972246,0.882038953034,75,7.5,26,0,2611,2607,0.848291375701,0.842155452549,76,7.6,27,1,2708,2701,0.969475857944,0.958737992429,75,7.5,27,2,2074,2073,0.012271846303,0.010737865515,74,7.4,26,0
1045,2026-09-05T05:23:24.823372+00:00,174566062000000,174566093000000,71.593000000,online_inference,13,0,2089,2087,0.101242732000,0.098174770425,76,7.6,27,1,2640,2641,0.880504972246,0.882038953034,75,7.5,26,0,2611,2607,0.848291375701,0.842155452549,76,7.6,27,0,2708,2701,0.969475857944,0.958737992429,75,7.5,27,1,2074,2073,0.012271846303,0.010737865515,76,7.6,26,0
1046,2026-09-05T05:23:24.876028+00:00,174566109000000,174566156000000,71.656000000,online_inference,13,0,2089,2087,0.101242732000,0.098174770425,76,7.6,27,0,2640,2641,0.880504972246,0.882038953034,75,7.5,26,0,2611,2607,0.848291375701,0.842155452549,76,7.6,27,0,2708,2701,0.969475857944,0.958737992429,75,7.5,27,1,2074,2073,0.012271846303,0.010737865515,76,7.6,26,0
1047,2026-09-05T05:23:24.931968+00:00,174566171000000,174566203000000,71.703000000,online_inference,13,0,2089,2087,0.101242732000,0.098174770425,76,7.6,27,1,2640,2641,0.880504972246,0.882038953034,75,7.5,26,0,2611,2607,0.848291375701,0.842155452549,76,7.6,27,0,2708,2701,0.969475857944,0.958737992429,75,7.5,27,1,2074,2073,0.012271846303,0.010737865515,75,7.5,26,0
1048,2026-09-05T05:23:24.998537+00:00,174566218000000,174566281000000,71.781000000,online_inference,13,0,2089,2087,0.101242732000,0.098174770425,76,7.6,27,1,2640,2641,0.880504972246,0.882038953034,75,7.5,26,0,2611,2607,0.848291375701,0.842155452549,76,7.6,27,1,2708,2701,0.969475857944,0.958737992429,75,7.5,27,1,2074,2073,0.012271846303,0.010737865515,75,7.5,26,0
1049,2026-09-05T05:23:25.076828+00:00,174566296000000,174566359000000,71.859000000,online_inference,13,0,2089,2087,0.101242732000,0.098174770425,76,7.6,27,0,2640,2641,0.880504972246,0.882038953034,75,7.5,26,0,2611,2607,0.848291375701,0.842155452549,76,7.6,27,0,2708,2701,0.969475857944,0.958737992429,75,7.5,27,1,2074,2073,0.012271846303,0.010737865515,75,7.5,26,0
1050,2026-09-05T05:23:25.153506+00:00,174566375000000,174566421000000,71.921000000,online_inference,13,0,2089,2087,0.101242732000,0.098174770425,76,7.6,27,1,2640,2641,0.880504972246,0.882038953034,75,7.5,26,0,2611,2607,0.848291375701,0.842155452549,76,7.6,27,1,2708,2701,0.969475857944,0.958737992429,75,7.5,27,1,2074,2073,0.012271846303,0.010737865515,76,7.6,26,0
1051,2026-09-05T05:23:25.214473+00:00,174566437000000,174566484000000,71.984000000,online_inference,13,0,2089,2087,0.101242732000,0.098174770425,76,7.6,27,0,2640,2641,0.880504972246,0.882038953034,75,7.5,26,0,2611,2607,0.848291375701,0.842155452549,76,7.6,27,0,2708,2701,0.969475857944,0.958737992429,75,7.5,27,1,2074,2073,0.012271846303,0.010737865515,76,7.6,26,0
1052,2026-09-05T05:23:25.323822+00:00,174566531000000,174566593000000,72.093000000,online_inference,13,0,2089,2087,0.101242732000,0.098174770425,76,7.6,27,1,2640,2641,0.880504972246,0.882038953034,75,7.5,26,0,2611,2607,0.848291375701,0.842155452549,76,7.6,27,0,2708,2701,0.969475857944,0.958737992429,75,7.5,27,0,2074,2073,0.012271846303,0.010737865515,76,7.6,26,0
1053,2026-09-05T05:23:25.384975+00:00,174566609000000,174566656000000,72.156000000,online_inference,13,0,2089,2087,0.101242732000,0.098174770425,76,7.6,27,1,2640,2641,0.880504972246,0.882038953034,75,7.5,26,0,2611,2607,0.848291375701,0.842155452549,76,7.6,27,0,2708,2701,0.969475857944,0.958737992429,75,7.5,27,1,2074,2073,0.012271846303,0.010737865515,76,7.6,26,0
1054,2026-09-05T05:23:25.440467+00:00,174566671000000,174566718000000,72.218000000,online_inference,13,0,2089,2087,0.101242732000,0.098174770425,76,7.6,27,1,2640,2641,0.880504972246,0.882038953034,75,7.5,26,0,2611,2607,0.848291375701,0.842155452549,76,7.6,27,1,2708,2701,0.969475857944,0.958737992429,75,7.5,27,1,2074,2073,0.012271846303,0.010737865515,76,7.6,26,0
1055,2026-09-05T05:23:25.500456+00:00,174566734000000,174566781000000,72.281000000,online_inference,13,0,2089,2087,0.101242732000,0.098174770425,76,7.6,27,1,2640,2641,0.880504972246,0.882038953034,75,7.5,26,0,2611,2607,0.848291375701,0.842155452549,76,7.6,27,1,2708,2701,0.969475857944,0.958737992429,75,7.5,27,1,2074,2073,0.012271846303,0.010737865515,76,7.6,26,0
1056,2026-09-05T05:23:25.575269+00:00,174566796000000,174566843000000,72.343000000,online_inference,13,0,2089,2087,0.101242732000,0.098174770425,76,7.6,27,1,2640,2641,0.880504972246,0.882038953034,75,7.5,26,0,2611,2607,0.848291375701,0.842155452549,76,7.6,27,1,2708,2701,0.969475857944,0.958737992429,75,7.5,27,1,2074,2073,0.012271846303,0.010737865515,75,7.5,26,0
1057,2026-09-05T05:23:25.634964+00:00,174566859000000,174566906000000,72.406000000,online_inference,13,0,2089,2087,0.101242732000,0.098174770425,76,7.6,27,0,2640,2641,0.880504972246,0.882038953034,75,7.5,26,0,2611,2607,0.848291375701,0.842155452549,76,7.6,27,0,2708,2701,0.969475857944,0.958737992429,75,7.5,27,1,2074,2073,0.012271846303,0.010737865515,76,7.6,26,0
1058,2026-09-05T05:23:25.702218+00:00,174566921000000,174566984000000,72.484000000,online_inference,13,0,2089,2087,0.101242732000,0.098174770425,76,7.6,27,0,2640,2641,0.880504972246,0.882038953034,75,7.5,26,0,2611,2607,0.848291375701,0.842155452549,76,7.6,27,1,2708,2701,0.969475857944,0.958737992429,75,7.5,27,0,2074,2073,0.012271846303,0.010737865515,76,7.6,26,0
1059,2026-09-05T05:23:25.765274+00:00,174567000000000,174567046000000,72.546000000,online_inference,13,0,2089,2087,0.101242732000,0.098174770425,76,7.6,27,0,2640,2641,0.880504972246,0.882038953034,75,7.5,26,0,2611,2607,0.848291375701,0.842155452549,76,7.6,27,0,2708,2701,0.969475857944,0.958737992429,75,7.5,27,1,2074,2073,0.012271846303,0.010737865515,76,7.6,26,0
1060,2026-09-05T05:23:25.855189+00:00,174567078000000,174567125000000,72.625000000,online_inference,13,0,2089,2087,0.101242732000,0.098174770425,76,7.6,27,1,2640,2641,0.880504972246,0.882038953034,75,7.5,26,0,2611,2607,0.848291375701,0.842155452549,76,7.6,27,1,2708,2701,0.969475857944,0.958737992429,75,7.5,27,1,2074,2073,0.012271846303,0.010737865515,75,7.5,26,0
1061,2026-09-05T05:23:25.910525+00:00,174567140000000,174567187000000,72.687000000,online_inference,13,0,2089,2087,0.101242732000,0.098174770425,76,7.6,27,0,2640,2641,0.880504972246,0.882038953034,75,7.5,26,0,2611,2607,0.848291375701,0.842155452549,75,7.5,27,1,2708,2701,0.969475857944,0.958737992429,75,7.5,27,2,2074,2073,0.012271846303,0.010737865515,76,7.6,26,0
1062,2026-09-05T05:23:25.967304+00:00,174567203000000,174567250000000,72.750000000,online_inference,13,0,2089,2087,0.101242732000,0.098174770425,76,7.6,27,1,2640,2641,0.880504972246,0.882038953034,75,7.5,26,0,2611,2607,0.848291375701,0.842155452549,76,7.6,27,1,2708,2701,0.969475857944,0.958737992429,75,7.5,27,1,2074,2073,0.012271846303,0.010737865515,76,7.6,26,0
1063,2026-09-05T05:23:26.033962+00:00,174567265000000,174567312000000,72.812000000,online_inference,13,0,2089,2087,0.101242732000,0.098174770425,76,7.6,27,1,2640,2641,0.880504972246,0.882038953034,75,7.5,26,0,2611,2607,0.848291375701,0.842155452549,75,7.5,27,1,2708,2701,0.969475857944,0.958737992429,75,7.5,27,1,2074,2073,0.012271846303,0.010737865515,76,7.6,26,0
1064,2026-09-05T05:23:26.099668+00:00,174567328000000,174567375000000,72.875000000,online_inference,13,0,2089,2087,0.101242732000,0.098174770425,76,7.6,27,1,2640,2641,0.880504972246,0.882038953034,75,7.5,26,0,2611,2607,0.848291375701,0.842155452549,76,7.6,27,1,2708,2701,0.969475857944,0.958737992429,75,7.5,27,1,2074,2073,0.012271846303,0.010737865515,76,7.6,26,0
1065,2026-09-05T05:23:26.163586+00:00,174567390000000,174567437000000,72.937000000,online_inference,13,0,2089,2087,0.101242732000,0.098174770425,76,7.6,27,1,2640,2641,0.880504972246,0.882038953034,75,7.5,26,0,2611,2607,0.848291375701,0.842155452549,76,7.6,27,1,2708,2701,0.969475857944,0.958737992429,75,7.5,27,1,2074,2073,0.012271846303,0.010737865515,76,7.6,26,0
1066,2026-09-05T05:23:26.224067+00:00,174567453000000,174567500000000,73.000000000,online_inference,13,0,2089,2087,0.101242732000,0.098174770425,76,7.6,27,1,2640,2641,0.880504972246,0.882038953034,75,7.5,26,0,2611,2607,0.848291375701,0.842155452549,76,7.6,27,1,2708,2701,0.969475857944,0.958737992429,75,7.5,27,1,2074,2073,0.012271846303,0.010737865515,76,7.6,26,0
1067,2026-09-05T05:23:26.298827+00:00,174567515000000,174567578000000,73.078000000,online_inference,13,0,2089,2087,0.101242732000,0.098174770425,76,7.6,27,1,2640,2641,0.880504972246,0.882038953034,75,7.5,26,0,2611,2607,0.848291375701,0.842155452549,76,7.6,27,0,2708,2701,0.969475857944,0.958737992429,75,7.5,27,2,2074,2073,0.012271846303,0.010737865515,76,7.6,26,0
1068,2026-09-05T05:23:26.394052+00:00,174567609000000,174567671000000,73.171000000,online_inference,13,0,2089,2087,0.101242732000,0.098174770425,76,7.6,27,1,2640,2641,0.880504972246,0.882038953034,75,7.5,26,0,2611,2607,0.848291375701,0.842155452549,76,7.6,27,1,2708,2701,0.969475857944,0.958737992429,75,7.5,27,1,2074,2073,0.012271846303,0.010737865515,76,7.6,26,0
1069,2026-09-05T05:23:26.463784+00:00,174567687000000,174567734000000,73.234000000,online_inference,13,0,2089,2087,0.101242732000,0.098174770425,76,7.6,27,0,2640,2641,0.880504972246,0.882038953034,75,7.5,26,0,2611,2607,0.848291375701,0.842155452549,76,7.6,27,1,2708,2701,0.969475857944,0.958737992429,75,7.5,27,1,2074,2073,0.012271846303,0.010737865515,76,7.6,26,0
1070,2026-09-05T05:23:26.522347+00:00,174567750000000,174567796000000,73.296000000,online_inference,13,0,2089,2087,0.101242732000,0.098174770425,76,7.6,27,1,2640,2641,0.880504972246,0.882038953034,75,7.5,26,0,2611,2607,0.848291375701,0.842155452549,76,7.6,27,0,2708,2701,0.969475857944,0.958737992429,75,7.5,27,1,2074,2073,0.012271846303,0.010737865515,75,7.5,26,0
1071,2026-09-05T05:23:26.596612+00:00,174567812000000,174567875000000,73.375000000,online_inference,13,0,2089,2087,0.101242732000,0.098174770425,76,7.6,27,1,2640,2641,0.880504972246,0.882038953034,75,7.5,26,0,2611,2607,0.848291375701,0.842155452549,76,7.6,27,0,2708,2701,0.969475857944,0.958737992429,75,7.5,27,1,2074,2073,0.012271846303,0.010737865515,75,7.5,26,0
1072,2026-09-05T05:23:26.666327+00:00,174567890000000,174567937000000,73.437000000,online_inference,13,0,2089,2087,0.101242732000,0.098174770425,76,7.6,27,0,2640,2641,0.880504972246,0.882038953034,75,7.5,26,0,2611,2607,0.848291375701,0.842155452549,76,7.6,27,1,2708,2701,0.969475857944,0.958737992429,75,7.5,27,0,2074,2073,0.012271846303,0.010737865515,76,7.6,26,0
1073,2026-09-05T05:23:26.725705+00:00,174567953000000,174568000000000,73.500000000,online_inference,13,0,2089,2087,0.101242732000,0.098174770425,76,7.6,27,1,2640,2641,0.880504972246,0.882038953034,75,7.5,26,0,2611,2607,0.848291375701,0.842155452549,76,7.6,27,1,2708,2701,0.969475857944,0.958737992429,75,7.5,27,1,2074,2073,0.012271846303,0.010737865515,75,7.5,26,0
1074,2026-09-05T05:23:26.784735+00:00,174568015000000,174568062000000,73.562000000,online_inference,13,0,2089,2087,0.101242732000,0.098174770425,76,7.6,27,1,2640,2641,0.880504972246,0.882038953034,75,7.5,26,0,2611,2607,0.848291375701,0.842155452549,76,7.6,27,0,2708,2701,0.969475857944,0.958737992429,75,7.5,27,1,2074,2073,0.012271846303,0.010737865515,75,7.5,26,0
1075,2026-09-05T05:23:26.853890+00:00,174568078000000,174568125000000,73.625000000,online_inference,13,0,2089,2087,0.101242732000,0.098174770425,76,7.6,27,1,2640,2641,0.880504972246,0.882038953034,75,7.5,26,0,2611,2607,0.848291375701,0.842155452549,76,7.6,27,1,2708,2701,0.969475857944,0.958737992429,75,7.5,27,1,2074,2073,0.012271846303,0.010737865515,76,7.6,26,0
1076,2026-09-05T05:23:26.925179+00:00,174568156000000,174568203000000,73.703000000,online_inference,13,0,2089,2087,0.101242732000,0.098174770425,76,7.6,27,0,2640,2641,0.880504972246,0.882038953034,75,7.5,26,0,2611,2607,0.848291375701,0.842155452549,76,7.6,27,0,2708,2701,0.969475857944,0.958737992429,75,7.5,27,1,2074,2073,0.012271846303,0.010737865515,76,7.6,26,0
1077,2026-09-05T05:23:26.975675+00:00,174568218000000,174568250000000,73.750000000,online_inference,13,0,2089,2087,0.101242732000,0.098174770425,76,7.6,27,1,2640,2641,0.880504972246,0.882038953034,75,7.5,26,0,2611,2607,0.848291375701,0.842155452549,76,7.6,27,0,2708,2701,0.969475857944,0.958737992429,75,7.5,27,1,2074,2073,0.012271846303,0.010737865515,75,7.5,26,0
1078,2026-09-05T05:23:27.028700+00:00,174568265000000,174568296000000,73.796000000,online_inference,13,0,2089,2087,0.101242732000,0.098174770425,76,7.6,27,1,2640,2641,0.880504972246,0.882038953034,75,7.5,26,0,2611,2607,0.848291375701,0.842155452549,76,7.6,27,1,2708,2701,0.969475857944,0.958737992429,75,7.5,27,1,2074,2073,0.012271846303,0.010737865515,76,7.6,26,0
1079,2026-09-05T05:23:27.079737+00:00,174568312000000,174568359000000,73.859000000,online_inference,13,0,2089,2087,0.101242732000,0.098174770425,76,7.6,27,1,2640,2641,0.880504972246,0.882038953034,75,7.5,26,0,2611,2607,0.848291375701,0.842155452549,76,7.6,27,1,2708,2701,0.969475857944,0.958737992429,75,7.5,27,1,2074,2073,0.012271846303,0.010737865515,75,7.5,26,0
1080,2026-09-05T05:23:27.139705+00:00,174568375000000,174568421000000,73.921000000,online_inference,13,0,2089,2087,0.101242732000,0.098174770425,76,7.6,27,1,2640,2641,0.880504972246,0.882038953034,75,7.5,26,0,2611,2607,0.848291375701,0.842155452549,76,7.6,27,1,2708,2701,0.969475857944,0.958737992429,75,7.5,27,1,2074,2073,0.012271846303,0.010737865515,75,7.5,26,0
1081,2026-09-05T05:23:27.195477+00:00,174568437000000,174568468000000,73.968000000,online_inference,13,0,2089,2087,0.101242732000,0.098174770425,76,7.6,27,1,2640,2641,0.880504972246,0.882038953034,75,7.5,26,0,2611,2607,0.848291375701,0.842155452549,76,7.6,27,0,2708,2701,0.969475857944,0.958737992429,75,7.5,27,1,2074,2073,0.012271846303,0.010737865515,75,7.5,26,0
1082,2026-09-05T05:23:27.252725+00:00,174568484000000,174568531000000,74.031000000,online_inference,13,0,2089,2087,0.101242732000,0.098174770425,76,7.6,27,0,2640,2641,0.880504972246,0.882038953034,75,7.5,26,0,2611,2607,0.848291375701,0.842155452549,76,7.6,27,1,2708,2701,0.969475857944,0.958737992429,75,7.5,27,1,2074,2073,0.012271846303,0.010737865515,75,7.5,26,0
1083,2026-09-05T05:23:27.332397+00:00,174568546000000,174568609000000,74.109000000,online_inference,13,0,2089,2087,0.101242732000,0.098174770425,76,7.6,27,0,2640,2641,0.880504972246,0.882038953034,75,7.5,26,0,2611,2607,0.848291375701,0.842155452549,76,7.6,27,1,2708,2701,0.969475857944,0.958737992429,75,7.5,27,1,2074,2073,0.012271846303,0.010737865515,75,7.5,26,0
1084,2026-09-05T05:23:27.407223+00:00,174568625000000,174568687000000,74.187000000,online_inference,13,0,2089,2087,0.101242732000,0.098174770425,76,7.6,27,1,2640,2641,0.880504972246,0.882038953034,75,7.5,26,0,2611,2607,0.848291375701,0.842155452549,76,7.6,27,1,2708,2701,0.969475857944,0.958737992429,75,7.5,27,1,2074,2073,0.012271846303,0.010737865515,75,7.5,26,0
1085,2026-09-05T05:23:27.475843+00:00,174568703000000,174568750000000,74.250000000,online_inference,13,0,2089,2087,0.101242732000,0.098174770425,76,7.6,27,1,2640,2641,0.880504972246,0.882038953034,75,7.5,26,0,2611,2607,0.848291375701,0.842155452549,76,7.6,27,1,2708,2701,0.969475857944,0.958737992429,75,7.5,27,1,2074,2073,0.012271846303,0.010737865515,76,7.6,26,0
1086,2026-09-05T05:23:27.523917+00:00,174568765000000,174568796000000,74.296000000,online_inference,13,0,2089,2087,0.101242732000,0.098174770425,76,7.6,27,1,2640,2641,0.880504972246,0.882038953034,75,7.5,26,0,2611,2607,0.848291375701,0.842155452549,76,7.6,27,1,2708,2701,0.969475857944,0.958737992429,75,7.5,27,1,2074,2073,0.012271846303,0.010737865515,75,7.5,26,0
1087,2026-09-05T05:23:27.568978+00:00,174568812000000,174568843000000,74.343000000,online_inference,13,0,2089,2087,0.101242732000,0.098174770425,76,7.6,27,0,2640,2641,0.880504972246,0.882038953034,75,7.5,25,0,2611,2607,0.848291375701,0.842155452549,76,7.6,27,1,2708,2701,0.969475857944,0.958737992429,75,7.5,27,1,2074,2073,0.012271846303,0.010737865515,75,7.5,26,0
1088,2026-09-05T05:23:27.627540+00:00,174568859000000,174568906000000,74.406000000,online_archive,13,0,2089,2087,0.101242732000,0.098174770425,76,7.6,27,0,2640,2641,0.880504972246,0.882038953034,75,7.5,26,0,2611,2607,0.848291375701,0.842155452549,76,7.6,27,1,2708,2701,0.969475857944,0.958737992429,75,7.5,27,1,2074,2073,0.012271846303,0.010737865515,75,7.5,26,0
1089,2026-09-05T05:23:27.679123+00:00,174568921000000,174568953000000,74.453000000,online_archive,13,0,2089,2087,0.101242732000,0.098174770425,76,7.6,27,1,2640,2641,0.880504972246,0.882038953034,75,7.5,26,0,2611,2607,0.848291375701,0.842155452549,76,7.6,27,0,2708,2701,0.969475857944,0.958737992429,75,7.5,27,1,2074,2073,0.012271846303,0.010737865515,75,7.5,26,0
1090,2026-09-05T05:23:27.774666+00:00,174569000000000,174569046000000,74.546000000,online_observation,13,0,2089,2087,0.101242732000,0.098174770425,76,7.6,27,0,2640,2641,0.880504972246,0.882038953034,75,7.5,26,0,2611,2607,0.848291375701,0.842155452549,76,7.6,27,0,2708,2701,0.969475857944,0.958737992429,75,7.5,27,1,2074,2073,0.012271846303,0.010737865515,75,7.5,26,0
1091,2026-09-05T05:23:27.822114+00:00,174569062000000,174569093000000,74.593000000,online_observation,13,0,2089,2087,0.101242732000,0.098174770425,76,7.6,27,1,2640,2641,0.880504972246,0.882038953034,75,7.5,26,0,2611,2607,0.848291375701,0.842155452549,76,7.6,27,1,2708,2701,0.969475857944,0.958737992429,75,7.5,27,1,2074,2073,0.012271846303,0.010737865515,75,7.5,26,0
1092,2026-09-05T05:23:27.872895+00:00,174569109000000,174569140000000,74.640000000,online_observation,13,0,2089,2087,0.101242732000,0.098174770425,76,7.6,27,1,2640,2641,0.880504972246,0.882038953034,75,7.5,26,0,2611,2607,0.848291375701,0.842155452549,76,7.6,27,1,2708,2701,0.969475857944,0.958737992429,75,7.5,27,1,2074,2073,0.012271846303,0.010737865515,76,7.6,26,0
1093,2026-09-05T05:23:27.921318+00:00,174569171000000,174569203000000,74.703000000,online_observation,13,0,2089,2087,0.101242732000,0.098174770425,76,7.6,27,0,2640,2641,0.880504972246,0.882038953034,75,7.5,26,0,2611,2607,0.848291375701,0.842155452549,76,7.6,27,1,2708,2701,0.969475857944,0.958737992429,75,7.5,27,1,2074,2073,0.012271846303,0.010737865515,76,7.6,26,0
1094,2026-09-05T05:23:27.984526+00:00,174569218000000,174569265000000,74.765000000,online_observation,13,0,2089,2087,0.101242732000,0.098174770425,76,7.6,27,1,2640,2641,0.880504972246,0.882038953034,75,7.5,26,0,2611,2607,0.848291375701,0.842155452549,76,7.6,27,1,2708,2701,0.969475857944,0.958737992429,75,7.5,27,1,2074,2073,0.012271846303,0.010737865515,75,7.5,26,0
1095,2026-09-05T05:23:28.030891+00:00,174569281000000,174569312000000,74.812000000,online_observation,13,0,2089,2087,0.101242732000,0.098174770425,76,7.6,27,1,2640,2641,0.880504972246,0.882038953034,75,7.5,26,0,2611,2607,0.848291375701,0.842155452549,76,7.6,27,0,2708,2701,0.969475857944,0.958737992429,75,7.5,27,1,2074,2073,0.012271846303,0.010737865515,75,7.5,26,0
1096,2026-09-05T05:23:28.085991+00:00,174569328000000,174569359000000,74.859000000,online_observation,13,0,2089,2087,0.101242732000,0.098174770425,76,7.6,27,0,2640,2641,0.880504972246,0.882038953034,75,7.5,26,0,2611,2607,0.848291375701,0.842155452549,76,7.6,27,0,2708,2701,0.969475857944,0.958737992429,75,7.5,27,1,2074,2073,0.012271846303,0.010737865515,75,7.5,26,0
1097,2026-09-05T05:23:28.137990+00:00,174569375000000,174569406000000,74.906000000,online_inference,14,0,2089,2087,0.101242732000,0.098174770425,76,7.6,27,1,2640,2641,0.880504972246,0.882038953034,75,7.5,26,0,2611,2607,0.848291375701,0.842155452549,76,7.6,27,0,2708,2701,0.969475857944,0.958737992429,75,7.5,27,1,2074,2073,0.012271846303,0.010737865515,76,7.6,26,0
1098,2026-09-05T05:23:28.202412+00:00,174569421000000,174569484000000,74.984000000,online_inference,14,0,2089,2087,0.101242732000,0.098174770425,76,7.6,27,1,2640,2641,0.880504972246,0.882038953034,75,7.5,26,0,2611,2607,0.848291375701,0.842155452549,76,7.6,27,1,2708,2701,0.969475857944,0.958737992429,75,7.5,27,1,2074,2073,0.012271846303,0.010737865515,76,7.6,26,0
1099,2026-09-05T05:23:28.277916+00:00,174569500000000,174569546000000,75.046000000,online_inference,14,0,2089,2087,0.101242732000,0.098174770425,76,7.6,27,1,2640,2641,0.880504972246,0.882038953034,75,7.5,26,0,2611,2607,0.848291375701,0.842155452549,76,7.6,27,0,2708,2701,0.969475857944,0.958737992429,75,7.5,27,1,2074,2073,0.012271846303,0.010737865515,75,7.5,26,0
1100,2026-09-05T05:23:28.342520+00:00,174569562000000,174569625000000,75.125000000,online_inference,14,0,2089,2087,0.101242732000,0.098174770425,76,7.6,27,0,2640,2641,0.880504972246,0.882038953034,75,7.5,26,0,2611,2607,0.848291375701,0.842155452549,76,7.6,27,0,2708,2701,0.969475857944,0.958737992429,75,7.5,27,1,2074,2073,0.012271846303,0.010737865515,76,7.6,26,0
1101,2026-09-05T05:23:28.417315+00:00,174569640000000,174569687000000,75.187000000,online_inference,14,0,2089,2087,0.101242732000,0.098174770425,76,7.6,27,0,2640,2641,0.880504972246,0.882038953034,75,7.5,26,0,2611,2607,0.848291375701,0.842155452549,76,7.6,27,0,2708,2701,0.969475857944,0.958737992429,75,7.5,27,1,2074,2073,0.012271846303,0.010737865515,76,7.6,26,0
1102,2026-09-05T05:23:28.471972+00:00,174569703000000,174569750000000,75.250000000,online_inference,14,0,2089,2087,0.101242732000,0.098174770425,76,7.6,27,1,2640,2641,0.880504972246,0.882038953034,75,7.5,26,0,2611,2607,0.848291375701,0.842155452549,76,7.6,27,1,2708,2701,0.969475857944,0.958737992429,75,7.5,27,1,2074,2073,0.012271846303,0.010737865515,76,7.6,26,0
1103,2026-09-05T05:23:28.547971+00:00,174569765000000,174569828000000,75.328000000,online_inference,14,0,2089,2087,0.101242732000,0.098174770425,76,7.6,27,1,2640,2641,0.880504972246,0.882038953034,75,7.5,26,0,2611,2607,0.848291375701,0.842155452549,76,7.6,27,0,2708,2701,0.969475857944,0.958737992429,75,7.5,27,1,2074,2073,0.012271846303,0.010737865515,76,7.6,26,0
1104,2026-09-05T05:23:28.612506+00:00,174569843000000,174569890000000,75.390000000,online_inference,14,0,2089,2087,0.101242732000,0.098174770425,76,7.6,27,1,2640,2641,0.880504972246,0.882038953034,75,7.5,26,0,2611,2607,0.848291375701,0.842155452549,76,7.6,27,0,2708,2701,0.969475857944,0.958737992429,75,7.5,27,1,2074,2073,0.012271846303,0.010737865515,75,7.5,26,0
1105,2026-09-05T05:23:28.667919+00:00,174569906000000,174569937000000,75.437000000,online_inference,14,0,2089,2087,0.101242732000,0.098174770425,76,7.6,27,0,2640,2641,0.880504972246,0.882038953034,75,7.5,26,0,2611,2607,0.848291375701,0.842155452549,76,7.6,27,0,2708,2701,0.969475857944,0.958737992429,75,7.5,27,1,2074,2073,0.012271846303,0.010737865515,75,7.5,26,0
1106,2026-09-05T05:23:28.720395+00:00,174569953000000,174570000000000,75.500000000,online_inference,14,0,2089,2087,0.101242732000,0.098174770425,76,7.6,27,1,2640,2641,0.880504972246,0.882038953034,75,7.5,26,0,2611,2607,0.848291375701,0.842155452549,76,7.6,27,1,2708,2701,0.969475857944,0.958737992429,75,7.5,27,1,2074,2073,0.012271846303,0.010737865515,75,7.5,26,0
1107,2026-09-05T05:23:28.778415+00:00,174570015000000,174570046000000,75.546000000,online_inference,14,0,2089,2087,0.101242732000,0.098174770425,76,7.6,27,1,2640,2641,0.880504972246,0.882038953034,75,7.5,26,0,2611,2607,0.848291375701,0.842155452549,76,7.6,27,1,2708,2701,0.969475857944,0.958737992429,75,7.5,27,1,2074,2073,0.012271846303,0.010737865515,75,7.5,26,0
1108,2026-09-05T05:23:28.831427+00:00,174570062000000,174570109000000,75.609000000,online_inference,14,0,2089,2087,0.101242732000,0.098174770425,76,7.6,27,0,2640,2641,0.880504972246,0.882038953034,75,7.5,26,0,2611,2607,0.848291375701,0.842155452549,76,7.6,27,0,2708,2701,0.969475857944,0.958737992429,75,7.5,27,1,2074,2073,0.012271846303,0.010737865515,75,7.5,26,0
1109,2026-09-05T05:23:28.890308+00:00,174570125000000,174570171000000,75.671000000,online_inference,14,0,2089,2087,0.101242732000,0.098174770425,76,7.6,27,0,2640,2641,0.880504972246,0.882038953034,75,7.5,26,0,2611,2607,0.848291375701,0.842155452549,76,7.6,27,1,2708,2701,0.969475857944,0.958737992429,75,7.5,27,1,2074,2073,0.012271846303,0.010737865515,76,7.6,26,0
1110,2026-09-05T05:23:28.944895+00:00,174570187000000,174570218000000,75.718000000,online_inference,14,0,2089,2087,0.101242732000,0.098174770425,76,7.6,27,0,2640,2641,0.880504972246,0.882038953034,75,7.5,26,0,2611,2607,0.848291375701,0.842155452549,76,7.6,27,1,2708,2701,0.969475857944,0.958737992429,75,7.5,27,1,2074,2073,0.012271846303,0.010737865515,76,7.6,26,0
1111,2026-09-05T05:23:28.997534+00:00,174570234000000,174570265000000,75.765000000,online_inference,14,0,2089,2087,0.101242732000,0.098174770425,76,7.6,27,0,2640,2641,0.880504972246,0.882038953034,75,7.5,26,0,2611,2607,0.848291375701,0.842155452549,76,7.6,27,1,2708,2701,0.969475857944,0.958737992429,75,7.5,27,1,2074,2073,0.012271846303,0.010737865515,76,7.6,26,0
1112,2026-09-05T05:23:29.080760+00:00,174570296000000,174570359000000,75.859000000,online_inference,14,0,2089,2087,0.101242732000,0.098174770425,76,7.6,27,1,2640,2641,0.880504972246,0.882038953034,75,7.5,26,0,2611,2607,0.848291375701,0.842155452549,76,7.6,27,1,2708,2701,0.969475857944,0.958737992429,75,7.5,27,2,2074,2073,0.012271846303,0.010737865515,75,7.5,26,0
1113,2026-09-05T05:23:29.135065+00:00,174570375000000,174570406000000,75.906000000,online_inference,14,0,2089,2087,0.101242732000,0.098174770425,76,7.6,27,0,2640,2641,0.880504972246,0.882038953034,75,7.5,26,0,2611,2607,0.848291375701,0.842155452549,76,7.6,27,1,2708,2701,0.969475857944,0.958737992429,75,7.5,27,1,2074,2073,0.012271846303,0.010737865515,76,7.6,26,0
1114,2026-09-05T05:23:29.190491+00:00,174570421000000,174570468000000,75.968000000,online_inference,14,0,2089,2087,0.101242732000,0.098174770425,76,7.6,27,0,2640,2641,0.880504972246,0.882038953034,75,7.5,26,0,2611,2607,0.848291375701,0.842155452549,76,7.6,27,0,2708,2701,0.969475857944,0.958737992429,75,7.5,27,1,2074,2073,0.012271846303,0.010737865515,75,7.5,26,0
1115,2026-09-05T05:23:29.240506+00:00,174570484000000,174570515000000,76.015000000,online_inference,14,0,2089,2087,0.101242732000,0.098174770425,76,7.6,27,1,2640,2641,0.880504972246,0.882038953034,75,7.5,26,0,2611,2607,0.848291375701,0.842155452549,76,7.6,27,1,2708,2701,0.969475857944,0.958737992429,75,7.5,27,1,2074,2073,0.012271846303,0.010737865515,75,7.5,26,0
1116,2026-09-05T05:23:29.303790+00:00,174570531000000,174570578000000,76.078000000,online_inference,14,0,2089,2087,0.101242732000,0.098174770425,76,7.6,27,0,2640,2641,0.880504972246,0.882038953034,75,7.5,26,0,2611,2607,0.848291375701,0.842155452549,76,7.6,27,1,2708,2701,0.969475857944,0.958737992429,75,7.5,27,1,2074,2073,0.012271846303,0.010737865515,76,7.6,26,0
1117,2026-09-05T05:23:29.350445+00:00,174570593000000,174570625000000,76.125000000,online_inference,14,0,2089,2087,0.101242732000,0.098174770425,76,7.6,27,0,2640,2641,0.880504972246,0.882038953034,75,7.5,26,0,2611,2607,0.848291375701,0.842155452549,76,7.6,27,1,2708,2701,0.969475857944,0.958737992429,75,7.5,27,2,2074,2073,0.012271846303,0.010737865515,75,7.5,26,0
1118,2026-09-05T05:23:29.408041+00:00,174570640000000,174570687000000,76.187000000,online_inference,14,0,2089,2087,0.101242732000,0.098174770425,76,7.6,27,0,2640,2641,0.880504972246,0.882038953034,75,7.5,26,0,2611,2607,0.848291375701,0.842155452549,76,7.6,27,0,2708,2701,0.969475857944,0.958737992429,75,7.5,27,1,2074,2073,0.012271846303,0.010737865515,75,7.5,26,0
1119,2026-09-05T05:23:29.466356+00:00,174570703000000,174570734000000,76.234000000,online_inference,14,0,2089,2087,0.101242732000,0.098174770425,76,7.6,27,1,2640,2641,0.880504972246,0.882038953034,75,7.5,26,0,2611,2607,0.848291375701,0.842155452549,76,7.6,27,1,2708,2701,0.969475857944,0.958737992429,75,7.5,27,1,2074,2073,0.012271846303,0.010737865515,76,7.6,26,1
1120,2026-09-05T05:23:29.532958+00:00,174570765000000,174570812000000,76.312000000,online_inference,14,0,2089,2087,0.101242732000,0.098174770425,76,7.6,27,0,2640,2641,0.880504972246,0.882038953034,75,7.5,27,0,2611,2607,0.848291375701,0.842155452549,76,7.6,27,1,2708,2701,0.969475857944,0.958737992429,75,7.5,27,1,2074,2073,0.012271846303,0.010737865515,75,7.5,26,0
1121,2026-09-05T05:23:29.600124+00:00,174570843000000,174570875000000,76.375000000,online_inference,14,0,2089,2087,0.101242732000,0.098174770425,76,7.6,27,1,2640,2641,0.880504972246,0.882038953034,75,7.5,26,0,2611,2607,0.848291375701,0.842155452549,76,7.6,27,1,2708,2701,0.969475857944,0.958737992429,75,7.5,27,1,2074,2073,0.012271846303,0.010737865515,76,7.6,26,0
1122,2026-09-05T05:23:29.656022+00:00,174570890000000,174570937000000,76.437000000,online_inference,14,0,2089,2087,0.101242732000,0.098174770425,76,7.6,27,1,2640,2641,0.880504972246,0.882038953034,75,7.5,26,0,2611,2607,0.848291375701,0.842155452549,76,7.6,27,1,2708,2701,0.969475857944,0.958737992429,75,7.5,27,1,2074,2073,0.012271846303,0.010737865515,76,7.6,26,0
1123,2026-09-05T05:23:29.713661+00:00,174570953000000,174570984000000,76.484000000,online_inference,14,0,2089,2087,0.101242732000,0.098174770425,76,7.6,27,1,2640,2641,0.880504972246,0.882038953034,75,7.5,26,0,2611,2607,0.848291375701,0.842155452549,76,7.6,27,1,2708,2701,0.969475857944,0.958737992429,75,7.5,27,1,2074,2073,0.012271846303,0.010737865515,76,7.6,26,0
1124,2026-09-05T05:23:29.773417+00:00,174571000000000,174571046000000,76.546000000,online_inference,14,0,2089,2087,0.101242732000,0.098174770425,76,7.6,27,1,2640,2641,0.880504972246,0.882038953034,75,7.5,26,0,2611,2607,0.848291375701,0.842155452549,76,7.6,27,1,2708,2701,0.969475857944,0.958737992429,75,7.5,27,1,2074,2073,0.012271846303,0.010737865515,76,7.6,26,0
1125,2026-09-05T05:23:29.829515+00:00,174571062000000,174571109000000,76.609000000,online_inference,14,0,2089,2087,0.101242732000,0.098174770425,76,7.6,27,1,2640,2641,0.880504972246,0.882038953034,75,7.5,26,0,2611,2607,0.848291375701,0.842155452549,76,7.6,27,1,2708,2701,0.969475857944,0.958737992429,75,7.5,27,1,2074,2073,0.012271846303,0.010737865515,75,7.5,26,1
1126,2026-09-05T05:23:29.886696+00:00,174571125000000,174571156000000,76.656000000,online_inference,14,0,2089,2087,0.101242732000,0.098174770425,76,7.6,27,0,2640,2641,0.880504972246,0.882038953034,75,7.5,26,0,2611,2607,0.848291375701,0.842155452549,76,7.6,27,1,2708,2701,0.969475857944,0.958737992429,75,7.5,27,1,2074,2073,0.012271846303,0.010737865515,76,7.6,26,0
1127,2026-09-05T05:23:29.941725+00:00,174571171000000,174571218000000,76.718000000,online_inference,14,0,2089,2087,0.101242732000,0.098174770425,76,7.6,27,0,2640,2641,0.880504972246,0.882038953034,75,7.5,26,0,2611,2607,0.848291375701,0.842155452549,76,7.6,27,1,2708,2701,0.969475857944,0.958737992429,75,7.5,27,2,2074,2073,0.012271846303,0.010737865515,75,7.5,26,0
1128,2026-09-05T05:23:29.997114+00:00,174571234000000,174571265000000,76.765000000,online_inference,14,0,2089,2087,0.101242732000,0.098174770425,76,7.6,27,0,2640,2641,0.880504972246,0.882038953034,75,7.5,26,0,2611,2607,0.848291375701,0.842155452549,76,7.6,27,0,2708,2701,0.969475857944,0.958737992429,75,7.5,27,1,2074,2073,0.012271846303,0.010737865515,75,7.5,26,0
1129,2026-09-05T05:23:30.049682+00:00,174571281000000,174571328000000,76.828000000,online_inference,14,0,2089,2087,0.101242732000,0.098174770425,76,7.6,27,1,2640,2641,0.880504972246,0.882038953034,75,7.5,26,0,2611,2607,0.848291375701,0.842155452549,76,7.6,27,0,2708,2701,0.969475857944,0.958737992429,75,7.5,27,1,2074,2073,0.012271846303,0.010737865515,75,7.5,26,0
1130,2026-09-05T05:23:30.141876+00:00,174571359000000,174571421000000,76.921000000,online_inference,14,0,2089,2087,0.101242732000,0.098174770425,76,7.6,27,1,2640,2641,0.880504972246,0.882038953034,75,7.5,26,0,2611,2607,0.848291375701,0.842155452549,76,7.6,27,0,2708,2701,0.969475857944,0.958737992429,75,7.5,27,1,2074,2073,0.012271846303,0.010737865515,75,7.5,26,0
1131,2026-09-05T05:23:30.212633+00:00,174571437000000,174571484000000,76.984000000,online_inference,14,0,2089,2087,0.101242732000,0.098174770425,76,7.6,27,1,2640,2641,0.880504972246,0.882038953034,75,7.5,26,0,2611,2607,0.848291375701,0.842155452549,76,7.6,27,1,2708,2701,0.969475857944,0.958737992429,75,7.5,27,1,2074,2073,0.012271846303,0.010737865515,75,7.5,26,0
1132,2026-09-05T05:23:30.276621+00:00,174571500000000,174571546000000,77.046000000,online_inference,14,0,2089,2087,0.101242732000,0.098174770425,76,7.6,27,1,2640,2641,0.880504972246,0.882038953034,75,7.5,26,0,2611,2607,0.848291375701,0.842155452549,76,7.6,27,0,2708,2701,0.969475857944,0.958737992429,75,7.5,27,1,2074,2073,0.012271846303,0.010737865515,75,7.5,26,0
1133,2026-09-05T05:23:30.336965+00:00,174571562000000,174571609000000,77.109000000,online_inference,14,0,2089,2087,0.101242732000,0.098174770425,76,7.6,27,1,2640,2641,0.880504972246,0.882038953034,75,7.5,26,0,2611,2607,0.848291375701,0.842155452549,76,7.6,27,1,2708,2701,0.969475857944,0.958737992429,75,7.5,27,1,2074,2073,0.012271846303,0.010737865515,75,7.5,26,0
1134,2026-09-05T05:23:30.392398+00:00,174571625000000,174571671000000,77.171000000,online_inference,14,0,2089,2087,0.101242732000,0.098174770425,76,7.6,27,0,2640,2641,0.880504972246,0.882038953034,75,7.5,26,0,2611,2607,0.848291375701,0.842155452549,76,7.6,27,1,2708,2701,0.969475857944,0.958737992429,75,7.5,27,1,2074,2073,0.012271846303,0.010737865515,76,7.6,26,0
1135,2026-09-05T05:23:30.449020+00:00,174571687000000,174571718000000,77.218000000,online_inference,14,0,2089,2087,0.101242732000,0.098174770425,76,7.6,27,1,2640,2641,0.880504972246,0.882038953034,75,7.5,26,0,2611,2607,0.848291375701,0.842155452549,76,7.6,27,1,2708,2701,0.969475857944,0.958737992429,75,7.5,27,2,2074,2073,0.012271846303,0.010737865515,75,7.5,26,0
1136,2026-09-05T05:23:30.501049+00:00,174571734000000,174571781000000,77.281000000,online_inference,14,0,2089,2087,0.101242732000,0.098174770425,76,7.6,27,0,2640,2641,0.880504972246,0.882038953034,75,7.5,26,0,2611,2607,0.848291375701,0.842155452549,76,7.6,27,1,2708,2701,0.969475857944,0.958737992429,75,7.5,27,1,2074,2073,0.012271846303,0.010737865515,75,7.5,26,0
1137,2026-09-05T05:23:30.568334+00:00,174571796000000,174571843000000,77.343000000,online_inference,14,0,2089,2087,0.101242732000,0.098174770425,76,7.6,27,1,2640,2641,0.880504972246,0.882038953034,75,7.5,26,0,2611,2607,0.848291375701,0.842155452549,76,7.6,27,1,2708,2701,0.969475857944,0.958737992429,75,7.5,27,1,2074,2073,0.012271846303,0.010737865515,75,7.5,26,0
1138,2026-09-05T05:23:30.664552+00:00,174571890000000,174571937000000,77.437000000,online_inference,14,0,2089,2087,0.101242732000,0.098174770425,76,7.6,27,0,2640,2641,0.880504972246,0.882038953034,75,7.5,26,0,2611,2607,0.848291375701,0.842155452549,76,7.6,27,1,2708,2701,0.969475857944,0.958737992429,75,7.5,27,1,2074,2073,0.012271846303,0.010737865515,75,7.5,26,0
1139,2026-09-05T05:23:30.728288+00:00,174571953000000,174572000000000,77.500000000,online_inference,14,0,2089,2087,0.101242732000,0.098174770425,76,7.6,27,1,2640,2641,0.880504972246,0.882038953034,75,7.5,26,0,2611,2607,0.848291375701,0.842155452549,76,7.6,27,1,2708,2701,0.969475857944,0.958737992429,75,7.5,27,1,2074,2073,0.012271846303,0.010737865515,76,7.6,26,0
1140,2026-09-05T05:23:30.791930+00:00,174572015000000,174572062000000,77.562000000,online_inference,14,0,2089,2087,0.101242732000,0.098174770425,76,7.6,27,1,2640,2641,0.880504972246,0.882038953034,75,7.5,26,0,2611,2607,0.848291375701,0.842155452549,76,7.6,27,1,2708,2701,0.969475857944,0.958737992429,75,7.5,27,1,2074,2073,0.012271846303,0.010737865515,75,7.5,26,0
1141,2026-09-05T05:23:30.835327+00:00,174572078000000,174572109000000,77.609000000,online_inference,14,0,2089,2087,0.101242732000,0.098174770425,76,7.6,27,1,2640,2641,0.880504972246,0.882038953034,75,7.5,26,0,2611,2607,0.848291375701,0.842155452549,76,7.6,27,1,2708,2701,0.969475857944,0.958737992429,75,7.5,27,1,2074,2073,0.012271846303,0.010737865515,75,7.5,26,0
1142,2026-09-05T05:23:30.893468+00:00,174572125000000,174572171000000,77.671000000,online_inference,14,0,2089,2087,0.101242732000,0.098174770425,76,7.6,27,1,2640,2641,0.880504972246,0.882038953034,75,7.5,26,0,2611,2607,0.848291375701,0.842155452549,76,7.6,27,0,2708,2701,0.969475857944,0.958737992429,75,7.5,27,1,2074,2073,0.012271846303,0.010737865515,75,7.5,26,0
1143,2026-09-05T05:23:30.946938+00:00,174572187000000,174572218000000,77.718000000,online_inference,14,0,2089,2087,0.101242732000,0.098174770425,76,7.6,27,1,2640,2641,0.880504972246,0.882038953034,75,7.5,26,0,2611,2607,0.848291375701,0.842155452549,76,7.6,27,1,2708,2701,0.969475857944,0.958737992429,75,7.5,27,1,2074,2073,0.012271846303,0.010737865515,75,7.5,26,0
1144,2026-09-05T05:23:31.003192+00:00,174572234000000,174572281000000,77.781000000,online_inference,14,0,2089,2087,0.101242732000,0.098174770425,76,7.6,27,1,2640,2641,0.880504972246,0.882038953034,75,7.5,26,0,2611,2607,0.848291375701,0.842155452549,76,7.6,27,0,2708,2701,0.969475857944,0.958737992429,75,7.5,27,1,2074,2073,0.012271846303,0.010737865515,76,7.6,26,0
1145,2026-09-05T05:23:31.067270+00:00,174572296000000,174572343000000,77.843000000,online_inference,14,0,2089,2087,0.101242732000,0.098174770425,76,7.6,27,1,2640,2641,0.880504972246,0.882038953034,75,7.5,26,0,2611,2607,0.848291375701,0.842155452549,76,7.6,27,1,2708,2701,0.969475857944,0.958737992429,75,7.5,27,0,2074,2073,0.012271846303,0.010737865515,75,7.5,26,0
1146,2026-09-05T05:23:31.124442+00:00,174572359000000,174572406000000,77.906000000,online_inference,14,0,2089,2087,0.101242732000,0.098174770425,76,7.6,27,0,2640,2641,0.880504972246,0.882038953034,75,7.5,26,0,2611,2607,0.848291375701,0.842155452549,76,7.6,27,1,2708,2701,0.969475857944,0.958737992429,75,7.5,27,1,2074,2073,0.012271846303,0.010737865515,75,7.5,26,0
1147,2026-09-05T05:23:31.225987+00:00,174572437000000,174572500000000,78.000000000,online_inference,14,0,2089,2087,0.101242732000,0.098174770425,76,7.6,27,1,2640,2641,0.880504972246,0.882038953034,75,7.5,26,0,2611,2607,0.848291375701,0.842155452549,76,7.6,27,0,2708,2701,0.969475857944,0.958737992429,75,7.5,27,1,2074,2073,0.012271846303,0.010737865515,76,7.6,26,0
1148,2026-09-05T05:23:31.282327+00:00,174572515000000,174572562000000,78.062000000,online_inference,14,0,2089,2087,0.101242732000,0.098174770425,76,7.6,27,0,2640,2641,0.880504972246,0.882038953034,75,7.5,26,0,2611,2607,0.848291375701,0.842155452549,76,7.6,27,1,2708,2701,0.969475857944,0.958737992429,75,7.5,27,1,2074,2073,0.012271846303,0.010737865515,75,7.5,26,0
1149,2026-09-05T05:23:31.352412+00:00,174572578000000,174572625000000,78.125000000,online_inference,14,0,2089,2087,0.101242732000,0.098174770425,76,7.6,27,0,2640,2641,0.880504972246,0.882038953034,75,7.5,26,0,2611,2607,0.848291375701,0.842155452549,76,7.6,27,1,2708,2701,0.969475857944,0.958737992429,75,7.5,27,2,2074,2073,0.012271846303,0.010737865515,75,7.5,26,0
1150,2026-09-05T05:23:31.407371+00:00,174572640000000,174572687000000,78.187000000,online_inference,14,0,2089,2087,0.101242732000,0.098174770425,76,7.6,27,0,2640,2641,0.880504972246,0.882038953034,75,7.5,26,0,2611,2607,0.848291375701,0.842155452549,76,7.6,27,1,2708,2701,0.969475857944,0.958737992429,75,7.5,27,1,2074,2073,0.012271846303,0.010737865515,76,7.6,26,0
1151,2026-09-05T05:23:31.481874+00:00,174572703000000,174572750000000,78.250000000,online_inference,14,0,2089,2087,0.101242732000,0.098174770425,76,7.6,27,1,2640,2641,0.880504972246,0.882038953034,75,7.5,26,0,2611,2607,0.848291375701,0.842155452549,76,7.6,27,1,2708,2701,0.969475857944,0.958737992429,75,7.5,27,2,2074,2073,0.012271846303,0.010737865515,75,7.5,26,0
1152,2026-09-05T05:23:31.538006+00:00,174572765000000,174572812000000,78.312000000,online_inference,14,0,2089,2087,0.101242732000,0.098174770425,76,7.6,27,1,2640,2641,0.880504972246,0.882038953034,75,7.5,26,0,2611,2607,0.848291375701,0.842155452549,76,7.6,27,1,2708,2701,0.969475857944,0.958737992429,75,7.5,27,1,2074,2073,0.012271846303,0.010737865515,76,7.6,26,0
1153,2026-09-05T05:23:31.585919+00:00,174572828000000,174572859000000,78.359000000,online_inference,14,0,2089,2087,0.101242732000,0.098174770425,76,7.6,27,1,2640,2641,0.880504972246,0.882038953034,75,7.5,26,0,2611,2607,0.848291375701,0.842155452549,76,7.6,27,1,2708,2701,0.969475857944,0.958737992429,75,7.5,27,1,2074,2073,0.012271846303,0.010737865515,76,7.6,26,0
1154,2026-09-05T05:23:31.650514+00:00,174572875000000,174572921000000,78.421000000,online_archive,14,0,2089,2087,0.101242732000,0.098174770425,76,7.6,27,1,2640,2641,0.880504972246,0.882038953034,75,7.5,26,0,2611,2607,0.848291375701,0.842155452549,76,7.6,27,0,2708,2701,0.969475857944,0.958737992429,75,7.5,27,1,2074,2073,0.012271846303,0.010737865515,75,7.5,26,0
1155,2026-09-05T05:23:31.738721+00:00,174572953000000,174573015000000,78.515000000,online_archive,14,0,2089,2087,0.101242732000,0.098174770425,76,7.6,27,1,2640,2641,0.880504972246,0.882038953034,75,7.5,26,0,2611,2607,0.848291375701,0.842155452549,76,7.6,27,1,2708,2701,0.969475857944,0.958737992429,75,7.5,27,1,2074,2073,0.012271846303,0.010737865515,75,7.5,26,0
1156,2026-09-05T05:23:31.854534+00:00,174573078000000,174573125000000,78.625000000,online_observation,14,0,2089,2087,0.101242732000,0.098174770425,76,7.6,27,1,2640,2641,0.880504972246,0.882038953034,75,7.5,26,0,2611,2607,0.848291375701,0.842155452549,76,7.6,27,1,2708,2701,0.969475857944,0.958737992429,75,7.5,27,1,2074,2073,0.012271846303,0.010737865515,75,7.5,26,0
1157,2026-09-05T05:23:31.911334+00:00,174573140000000,174573187000000,78.687000000,online_observation,14,0,2089,2087,0.101242732000,0.098174770425,76,7.6,27,0,2640,2641,0.880504972246,0.882038953034,75,7.5,26,0,2611,2607,0.848291375701,0.842155452549,76,7.6,27,1,2708,2701,0.969475857944,0.958737992429,75,7.5,27,1,2074,2073,0.012271846303,0.010737865515,75,7.5,26,0
1158,2026-09-05T05:23:31.961623+00:00,174573203000000,174573234000000,78.734000000,online_observation,14,0,2089,2087,0.101242732000,0.098174770425,76,7.6,27,0,2640,2641,0.880504972246,0.882038953034,75,7.5,26,0,2611,2607,0.848291375701,0.842155452549,76,7.6,27,1,2708,2701,0.969475857944,0.958737992429,75,7.5,27,1,2074,2073,0.012271846303,0.010737865515,75,7.5,26,0
1159,2026-09-05T05:23:32.015291+00:00,174573250000000,174573296000000,78.796000000,online_observation,14,0,2089,2087,0.101242732000,0.098174770425,76,7.6,26,0,2640,2641,0.880504972246,0.882038953034,75,7.5,26,0,2611,2607,0.848291375701,0.842155452549,76,7.6,27,0,2708,2701,0.969475857944,0.958737992429,75,7.5,27,1,2074,2073,0.012271846303,0.010737865515,75,7.5,26,0
1160,2026-09-05T05:23:32.061449+00:00,174573312000000,174573343000000,78.843000000,online_observation,14,0,2089,2087,0.101242732000,0.098174770425,76,7.6,27,1,2640,2641,0.880504972246,0.882038953034,75,7.5,26,0,2611,2607,0.848291375701,0.842155452549,76,7.6,27,1,2708,2701,0.969475857944,0.958737992429,75,7.5,27,1,2074,2073,0.012271846303,0.010737865515,76,7.6,26,0
1161,2026-09-05T05:23:32.122206+00:00,174573359000000,174573390000000,78.890000000,online_observation,14,0,2089,2087,0.101242732000,0.098174770425,76,7.6,27,0,2640,2641,0.880504972246,0.882038953034,75,7.5,26,0,2611,2607,0.848291375701,0.842155452549,76,7.6,27,0,2708,2701,0.969475857944,0.958737992429,75,7.5,27,1,2074,2073,0.012271846303,0.010737865515,75,7.5,26,0
1162,2026-09-05T05:23:32.167643+00:00,174573406000000,174573437000000,78.937000000,online_observation,14,0,2089,2087,0.101242732000,0.098174770425,76,7.6,27,0,2640,2641,0.880504972246,0.882038953034,75,7.5,26,0,2611,2607,0.848291375701,0.842155452549,76,7.6,27,0,2708,2701,0.969475857944,0.958737992429,75,7.5,27,1,2074,2073,0.012271846303,0.010737865515,76,7.6,26,0
1163,2026-09-05T05:23:32.268503+00:00,174573484000000,174573546000000,79.046000000,online_inference,15,0,2089,2087,0.101242732000,0.098174770425,76,7.6,27,0,2640,2641,0.880504972246,0.882038953034,75,7.5,26,0,2611,2607,0.848291375701,0.842155452549,76,7.6,27,1,2708,2701,0.969475857944,0.958737992429,75,7.5,27,0,2074,2073,0.012271846303,0.010737865515,76,7.6,26,0
1164,2026-09-05T05:23:32.342965+00:00,174573562000000,174573625000000,79.125000000,online_inference,15,0,2089,2087,0.101242732000,0.098174770425,76,7.6,27,1,2640,2641,0.880504972246,0.882038953034,75,7.5,26,0,2611,2607,0.848291375701,0.842155452549,76,7.6,27,0,2708,2701,0.969475857944,0.958737992429,75,7.5,27,1,2074,2073,0.012271846303,0.010737865515,75,7.5,26,0
1165,2026-09-05T05:23:32.423863+00:00,174573640000000,174573703000000,79.203000000,online_inference,15,0,2089,2087,0.101242732000,0.098174770425,76,7.6,27,0,2640,2641,0.880504972246,0.882038953034,75,7.5,26,0,2611,2607,0.848291375701,0.842155452549,76,7.6,27,1,2708,2701,0.969475857944,0.958737992429,75,7.5,27,1,2074,2073,0.012271846303,0.010737865515,76,7.6,26,0
1166,2026-09-05T05:23:32.505165+00:00,174573718000000,174573781000000,79.281000000,online_inference,15,0,2089,2087,0.101242732000,0.098174770425,76,7.6,27,1,2640,2641,0.880504972246,0.882038953034,75,7.5,26,0,2611,2607,0.848291375701,0.842155452549,76,7.6,27,0,2708,2701,0.969475857944,0.958737992429,75,7.5,27,1,2074,2073,0.012271846303,0.010737865515,76,7.6,26,0
1167,2026-09-05T05:23:32.590378+00:00,174573796000000,174573859000000,79.359000000,online_inference,15,0,2089,2087,0.101242732000,0.098174770425,76,7.6,27,1,2640,2641,0.880504972246,0.882038953034,75,7.5,26,0,2611,2607,0.848291375701,0.842155452549,76,7.6,27,1,2708,2701,0.969475857944,0.958737992429,75,7.5,27,2,2074,2073,0.012271846303,0.010737865515,76,7.6,26,0
1168,2026-09-05T05:23:32.667672+00:00,174573875000000,174573937000000,79.437000000,online_inference,15,0,2089,2087,0.101242732000,0.098174770425,76,7.6,27,1,2640,2641,0.880504972246,0.882038953034,75,7.5,26,0,2611,2607,0.848291375701,0.842155452549,76,7.6,27,1,2708,2701,0.969475857944,0.958737992429,75,7.5,27,1,2074,2073,0.012271846303,0.010737865515,76,7.6,26,0
1169,2026-09-05T05:23:32.742634+00:00,174573953000000,174574015000000,79.515000000,online_inference,15,0,2089,2087,0.101242732000,0.098174770425,76,7.6,27,1,2640,2641,0.880504972246,0.882038953034,75,7.5,26,0,2611,2607,0.848291375701,0.842155452549,76,7.6,27,1,2708,2701,0.969475857944,0.958737992429,75,7.5,27,1,2074,2073,0.012271846303,0.010737865515,76,7.6,26,0
1170,2026-09-05T05:23:32.860038+00:00,174574062000000,174574140000000,79.640000000,online_inference,15,0,2089,2087,0.101242732000,0.098174770425,76,7.6,27,1,2640,2641,0.880504972246,0.882038953034,75,7.5,26,0,2611,2607,0.848291375701,0.842155452549,76,7.6,27,0,2708,2701,0.969475857944,0.958737992429,75,7.5,27,1,2074,2073,0.012271846303,0.010737865515,75,7.5,26,0
1171,2026-09-05T05:23:32.946249+00:00,174574156000000,174574218000000,79.718000000,online_inference,15,0,2089,2087,0.101242732000,0.098174770425,76,7.6,27,1,2640,2641,0.880504972246,0.882038953034,75,7.5,26,0,2611,2607,0.848291375701,0.842155452549,76,7.6,27,1,2708,2701,0.969475857944,0.958737992429,75,7.5,27,1,2074,2073,0.012271846303,0.010737865515,75,7.5,26,0
1172,2026-09-05T05:23:33.012651+00:00,174574234000000,174574281000000,79.781000000,online_inference,15,0,2089,2087,0.101242732000,0.098174770425,76,7.6,27,0,2640,2641,0.880504972246,0.882038953034,75,7.5,26,0,2611,2607,0.848291375701,0.842155452549,76,7.6,27,1,2708,2701,0.969475857944,0.958737992429,75,7.5,27,1,2074,2073,0.012271846303,0.010737865515,75,7.5,26,0
1173,2026-09-05T05:23:33.072813+00:00,174574296000000,174574343000000,79.843000000,online_inference,15,0,2089,2087,0.101242732000,0.098174770425,76,7.6,27,1,2640,2641,0.880504972246,0.882038953034,75,7.5,26,0,2611,2607,0.848291375701,0.842155452549,76,7.6,27,1,2708,2701,0.969475857944,0.958737992429,75,7.5,27,1,2074,2073,0.012271846303,0.010737865515,75,7.5,26,0
1174,2026-09-05T05:23:33.138040+00:00,174574359000000,174574406000000,79.906000000,online_inference,15,0,2089,2087,0.101242732000,0.098174770425,76,7.6,27,1,2640,2641,0.880504972246,0.882038953034,75,7.5,26,0,2611,2607,0.848291375701,0.842155452549,76,7.6,27,0,2708,2701,0.969475857944,0.958737992429,75,7.5,27,1,2074,2073,0.012271846303,0.010737865515,75,7.5,26,0
1175,2026-09-05T05:23:33.193690+00:00,174574421000000,174574468000000,79.968000000,online_inference,15,0,2089,2087,0.101242732000,0.098174770425,76,7.6,27,0,2640,2641,0.880504972246,0.882038953034,75,7.5,26,0,2611,2607,0.848291375701,0.842155452549,76,7.6,27,0,2708,2701,0.969475857944,0.958737992429,75,7.5,27,1,2074,2073,0.012271846303,0.010737865515,75,7.5,26,0
1176,2026-09-05T05:23:33.261346+00:00,174574484000000,174574531000000,80.031000000,online_inference,15,0,2089,2087,0.101242732000,0.098174770425,76,7.6,27,1,2640,2641,0.880504972246,0.882038953034,75,7.5,26,0,2611,2607,0.848291375701,0.842155452549,76,7.6,27,0,2708,2701,0.969475857944,0.958737992429,75,7.5,27,1,2074,2073,0.012271846303,0.010737865515,75,7.5,26,0
1177,2026-09-05T05:23:33.325541+00:00,174574546000000,174574593000000,80.093000000,online_inference,15,0,2089,2087,0.101242732000,0.098174770425,76,7.6,27,1,2640,2641,0.880504972246,0.882038953034,75,7.5,26,0,2611,2607,0.848291375701,0.842155452549,76,7.6,27,1,2708,2701,0.969475857944,0.958737992429,75,7.5,27,1,2074,2073,0.012271846303,0.010737865515,76,7.6,26,0
1178,2026-09-05T05:23:33.422708+00:00,174574640000000,174574703000000,80.203000000,online_inference,15,0,2089,2087,0.101242732000,0.098174770425,76,7.6,27,0,2640,2641,0.880504972246,0.882038953034,75,7.5,26,0,2611,2607,0.848291375701,0.842155452549,76,7.6,27,1,2708,2701,0.969475857944,0.958737992429,75,7.5,27,1,2074,2073,0.012271846303,0.010737865515,75,7.5,26,0
1179,2026-09-05T05:23:33.504368+00:00,174574718000000,174574781000000,80.281000000,online_inference,15,0,2089,2087,0.101242732000,0.098174770425,76,7.6,27,1,2640,2641,0.880504972246,0.882038953034,75,7.5,26,0,2611,2607,0.848291375701,0.842155452549,76,7.6,27,1,2708,2701,0.969475857944,0.958737992429,75,7.5,27,1,2074,2073,0.012271846303,0.010737865515,75,7.5,26,0
1180,2026-09-05T05:23:33.569655+00:00,174574796000000,174574843000000,80.343000000,online_inference,15,0,2089,2087,0.101242732000,0.098174770425,76,7.6,27,1,2640,2641,0.880504972246,0.882038953034,75,7.5,26,0,2611,2607,0.848291375701,0.842155452549,76,7.6,27,1,2708,2701,0.969475857944,0.958737992429,75,7.5,27,1,2074,2073,0.012271846303,0.010737865515,76,7.6,26,0
1181,2026-09-05T05:23:33.639142+00:00,174574859000000,174574921000000,80.421000000,online_inference,15,0,2089,2087,0.101242732000,0.098174770425,76,7.6,27,0,2640,2641,0.880504972246,0.882038953034,75,7.5,26,0,2611,2607,0.848291375701,0.842155452549,76,7.6,27,1,2708,2701,0.969475857944,0.958737992429,75,7.5,27,1,2074,2073,0.012271846303,0.010737865515,75,7.5,26,0
1182,2026-09-05T05:23:33.726670+00:00,174574937000000,174575000000000,80.500000000,online_inference,15,0,2089,2087,0.101242732000,0.098174770425,76,7.6,27,1,2640,2641,0.880504972246,0.882038953034,75,7.5,26,0,2611,2607,0.848291375701,0.842155452549,76,7.6,27,0,2708,2701,0.969475857944,0.958737992429,75,7.5,27,1,2074,2073,0.012271846303,0.010737865515,75,7.5,26,0
1183,2026-09-05T05:23:33.787264+00:00,174575015000000,174575062000000,80.562000000,online_inference,15,0,2089,2087,0.101242732000,0.098174770425,76,7.6,27,0,2640,2641,0.880504972246,0.882038953034,75,7.5,26,0,2611,2607,0.848291375701,0.842155452549,76,7.6,27,1,2708,2701,0.969475857944,0.958737992429,75,7.5,27,1,2074,2073,0.012271846303,0.010737865515,76,7.6,26,0
1184,2026-09-05T05:23:33.851730+00:00,174575078000000,174575125000000,80.625000000,online_inference,15,0,2089,2087,0.101242732000,0.098174770425,76,7.6,27,1,2640,2641,0.880504972246,0.882038953034,75,7.5,26,0,2611,2607,0.848291375701,0.842155452549,76,7.6,27,1,2708,2701,0.969475857944,0.958737992429,75,7.5,27,1,2074,2073,0.012271846303,0.010737865515,75,7.5,26,0
1185,2026-09-05T05:23:33.962764+00:00,174575171000000,174575234000000,80.734000000,online_inference,15,0,2089,2087,0.101242732000,0.098174770425,76,7.6,27,1,2640,2641,0.880504972246,0.882038953034,75,7.5,26,0,2611,2607,0.848291375701,0.842155452549,76,7.6,27,1,2708,2701,0.969475857944,0.958737992429,75,7.5,27,1,2074,2073,0.012271846303,0.010737865515,76,7.6,26,0
1186,2026-09-05T05:23:34.025576+00:00,174575250000000,174575296000000,80.796000000,online_inference,15,0,2089,2087,0.101242732000,0.098174770425,76,7.6,27,1,2640,2641,0.880504972246,0.882038953034,75,7.5,26,0,2611,2607,0.848291375701,0.842155452549,76,7.6,27,1,2708,2701,0.969475857944,0.958737992429,75,7.5,27,2,2074,2073,0.012271846303,0.010737865515,75,7.5,26,0
1187,2026-09-05T05:23:34.092671+00:00,174575312000000,174575375000000,80.875000000,online_inference,15,0,2089,2087,0.101242732000,0.098174770425,76,7.6,27,1,2640,2641,0.880504972246,0.882038953034,75,7.5,26,0,2611,2607,0.848291375701,0.842155452549,76,7.6,27,0,2708,2701,0.969475857944,0.958737992429,75,7.5,27,1,2074,2073,0.012271846303,0.010737865515,75,7.5,26,0
1188,2026-09-05T05:23:34.168277+00:00,174575390000000,174575437000000,80.937000000,online_inference,15,0,2089,2087,0.101242732000,0.098174770425,76,7.6,27,1,2640,2641,0.880504972246,0.882038953034,75,7.5,26,0,2611,2607,0.848291375701,0.842155452549,76,7.6,27,1,2708,2701,0.969475857944,0.958737992429,75,7.5,27,1,2074,2073,0.012271846303,0.010737865515,76,7.6,26,0
1189,2026-09-05T05:23:34.224164+00:00,174575453000000,174575500000000,81.000000000,online_inference,15,0,2089,2087,0.101242732000,0.098174770425,76,7.6,27,0,2640,2641,0.880504972246,0.882038953034,75,7.5,26,0,2611,2607,0.848291375701,0.842155452549,76,7.6,27,0,2708,2701,0.969475857944,0.958737992429,75,7.5,27,1,2074,2073,0.012271846303,0.010737865515,76,7.6,26,0
1190,2026-09-05T05:23:34.299069+00:00,174575515000000,174575578000000,81.078000000,online_inference,15,0,2089,2087,0.101242732000,0.098174770425,76,7.6,27,1,2640,2641,0.880504972246,0.882038953034,75,7.5,26,0,2611,2607,0.848291375701,0.842155452549,76,7.6,27,1,2708,2701,0.969475857944,0.958737992429,75,7.5,27,1,2074,2073,0.012271846303,0.010737865515,76,7.6,26,0
1191,2026-09-05T05:23:34.377760+00:00,174575593000000,174575656000000,81.156000000,online_inference,15,0,2089,2087,0.101242732000,0.098174770425,76,7.6,27,1,2640,2641,0.880504972246,0.882038953034,75,7.5,25,0,2611,2607,0.848291375701,0.842155452549,76,7.6,27,1,2708,2701,0.969475857944,0.958737992429,75,7.5,27,1,2074,2073,0.012271846303,0.010737865515,76,7.6,26,0
1192,2026-09-05T05:23:34.494513+00:00,174575703000000,174575765000000,81.265000000,online_inference,15,0,2089,2087,0.101242732000,0.098174770425,76,7.6,27,0,2640,2641,0.880504972246,0.882038953034,75,7.5,26,0,2611,2607,0.848291375701,0.842155452549,76,7.6,27,0,2708,2701,0.969475857944,0.958737992429,75,7.5,27,1,2074,2073,0.012271846303,0.010737865515,76,7.6,26,0
1193,2026-09-05T05:23:34.560774+00:00,174575781000000,174575828000000,81.328000000,online_inference,15,0,2089,2087,0.101242732000,0.098174770425,76,7.6,27,0,2640,2641,0.880504972246,0.882038953034,75,7.5,26,0,2611,2607,0.848291375701,0.842155452549,76,7.6,27,1,2708,2701,0.969475857944,0.958737992429,75,7.5,27,1,2074,2073,0.012271846303,0.010737865515,76,7.6,26,0
1194,2026-09-05T05:23:34.619913+00:00,174575843000000,174575890000000,81.390000000,online_inference,15,0,2089,2087,0.101242732000,0.098174770425,76,7.6,27,0,2640,2641,0.880504972246,0.882038953034,75,7.5,26,0,2611,2607,0.848291375701,0.842155452549,76,7.6,27,0,2708,2701,0.969475857944,0.958737992429,75,7.5,27,1,2074,2073,0.012271846303,0.010737865515,76,7.6,26,0
1195,2026-09-05T05:23:34.681561+00:00,174575906000000,174575953000000,81.453000000,online_inference,15,0,2089,2087,0.101242732000,0.098174770425,76,7.6,27,0,2640,2641,0.880504972246,0.882038953034,75,7.5,26,0,2611,2607,0.848291375701,0.842155452549,76,7.6,27,0,2708,2701,0.969475857944,0.958737992429,75,7.5,27,1,2074,2073,0.012271846303,0.010737865515,75,7.5,26,0
1196,2026-09-05T05:23:34.759381+00:00,174575968000000,174576031000000,81.531000000,online_inference,15,0,2089,2087,0.101242732000,0.098174770425,76,7.6,27,0,2640,2641,0.880504972246,0.882038953034,75,7.5,26,0,2611,2607,0.848291375701,0.842155452549,76,7.6,27,0,2708,2701,0.969475857944,0.958737992429,75,7.5,27,1,2074,2073,0.012271846303,0.010737865515,75,7.5,26,0
1197,2026-09-05T05:23:34.832284+00:00,174576046000000,174576109000000,81.609000000,online_inference,15,0,2089,2087,0.101242732000,0.098174770425,76,7.6,27,1,2640,2641,0.880504972246,0.882038953034,75,7.5,26,0,2611,2607,0.848291375701,0.842155452549,76,7.6,27,1,2708,2701,0.969475857944,0.958737992429,75,7.5,27,1,2074,2073,0.012271846303,0.010737865515,76,7.6,26,0
1198,2026-09-05T05:23:34.917560+00:00,174576125000000,174576187000000,81.687000000,online_inference,15,0,2089,2087,0.101242732000,0.098174770425,76,7.6,27,1,2640,2641,0.880504972246,0.882038953034,75,7.5,26,0,2611,2607,0.848291375701,0.842155452549,76,7.6,27,1,2708,2701,0.969475857944,0.958737992429,75,7.5,27,1,2074,2073,0.012271846303,0.010737865515,75,7.5,26,0
1199,2026-09-05T05:23:35.028558+00:00,174576234000000,174576296000000,81.796000000,online_inference,15,0,2089,2087,0.101242732000,0.098174770425,76,7.6,27,1,2640,2641,0.880504972246,0.882038953034,75,7.5,26,0,2611,2607,0.848291375701,0.842155452549,76,7.6,27,1,2708,2701,0.969475857944,0.958737992429,75,7.5,27,1,2074,2073,0.012271846303,0.010737865515,75,7.5,26,0
1200,2026-09-05T05:23:35.091258+00:00,174576312000000,174576359000000,81.859000000,online_inference,15,0,2089,2087,0.101242732000,0.098174770425,76,7.6,27,1,2640,2641,0.880504972246,0.882038953034,75,7.5,26,0,2611,2607,0.848291375701,0.842155452549,76,7.6,27,1,2708,2701,0.969475857944,0.958737992429,75,7.5,27,1,2074,2073,0.012271846303,0.010737865515,76,7.6,26,0
1201,2026-09-05T05:23:35.151554+00:00,174576375000000,174576421000000,81.921000000,online_inference,15,0,2089,2087,0.101242732000,0.098174770425,76,7.6,27,0,2640,2641,0.880504972246,0.882038953034,75,7.5,26,0,2611,2607,0.848291375701,0.842155452549,76,7.6,27,0,2708,2701,0.969475857944,0.958737992429,75,7.5,27,2,2074,2073,0.012271846303,0.010737865515,76,7.6,26,0
1202,2026-09-05T05:23:35.218899+00:00,174576437000000,174576500000000,82.000000000,online_inference,15,0,2089,2087,0.101242732000,0.098174770425,76,7.6,27,1,2640,2641,0.880504972246,0.882038953034,75,7.5,26,0,2611,2607,0.848291375701,0.842155452549,76,7.6,27,1,2708,2701,0.969475857944,0.958737992429,75,7.5,27,1,2074,2073,0.012271846303,0.010737865515,76,7.6,26,0
1203,2026-09-05T05:23:35.295064+00:00,174576515000000,174576562000000,82.062000000,online_inference,15,0,2089,2087,0.101242732000,0.098174770425,76,7.6,27,1,2640,2641,0.880504972246,0.882038953034,75,7.5,26,0,2611,2607,0.848291375701,0.842155452549,76,7.6,27,1,2708,2701,0.969475857944,0.958737992429,75,7.5,27,1,2074,2073,0.012271846303,0.010737865515,75,7.5,26,1
1204,2026-09-05T05:23:35.364068+00:00,174576578000000,174576640000000,82.140000000,online_inference,15,0,2089,2087,0.101242732000,0.098174770425,76,7.6,27,1,2640,2641,0.880504972246,0.882038953034,75,7.5,26,0,2611,2607,0.848291375701,0.842155452549,76,7.6,27,1,2708,2701,0.969475857944,0.958737992429,75,7.5,27,1,2074,2073,0.012271846303,0.010737865515,75,7.5,26,0
1205,2026-09-05T05:23:35.433238+00:00,174576656000000,174576703000000,82.203000000,online_inference,15,0,2089,2087,0.101242732000,0.098174770425,76,7.6,27,0,2640,2641,0.880504972246,0.882038953034,75,7.5,26,0,2611,2607,0.848291375701,0.842155452549,76,7.6,27,0,2708,2701,0.969475857944,0.958737992429,75,7.5,27,1,2074,2073,0.012271846303,0.010737865515,76,7.6,26,0
1206,2026-09-05T05:23:35.497116+00:00,174576718000000,174576765000000,82.265000000,online_inference,15,0,2089,2087,0.101242732000,0.098174770425,76,7.6,27,1,2640,2641,0.880504972246,0.882038953034,75,7.5,26,0,2611,2607,0.848291375701,0.842155452549,76,7.6,27,1,2708,2701,0.969475857944,0.958737992429,75,7.5,27,1,2074,2073,0.012271846303,0.010737865515,76,7.6,26,0
1207,2026-09-05T05:23:35.613650+00:00,174576812000000,174576890000000,82.390000000,online_inference,15,0,2089,2087,0.101242732000,0.098174770425,76,7.6,27,0,2640,2641,0.880504972246,0.882038953034,75,7.5,26,0,2611,2607,0.848291375701,0.842155452549,76,7.6,27,0,2708,2701,0.969475857944,0.958737992429,75,7.5,27,1,2074,2073,0.012271846303,0.010737865515,76,7.6,26,0
1208,2026-09-05T05:23:35.698041+00:00,174576906000000,174576968000000,82.468000000,online_inference,15,0,2089,2087,0.101242732000,0.098174770425,76,7.6,27,1,2640,2641,0.880504972246,0.882038953034,75,7.5,26,0,2611,2607,0.848291375701,0.842155452549,76,7.6,27,1,2708,2701,0.969475857944,0.958737992429,75,7.5,27,1,2074,2073,0.012271846303,0.010737865515,76,7.6,26,0
1209,2026-09-05T05:23:35.783373+00:00,174576984000000,174577062000000,82.562000000,online_inference,15,0,2089,2087,0.101242732000,0.098174770425,76,7.6,27,0,2640,2641,0.880504972246,0.882038953034,75,7.5,26,0,2611,2607,0.848291375701,0.842155452549,76,7.6,27,1,2708,2701,0.969475857944,0.958737992429,75,7.5,27,1,2074,2073,0.012271846303,0.010737865515,76,7.6,26,0
1210,2026-09-05T05:23:35.876628+00:00,174577078000000,174577156000000,82.656000000,online_inference,15,0,2089,2087,0.101242732000,0.098174770425,76,7.6,27,1,2640,2641,0.880504972246,0.882038953034,75,7.5,26,0,2611,2607,0.848291375701,0.842155452549,76,7.6,27,1,2708,2701,0.969475857944,0.958737992429,75,7.5,27,1,2074,2073,0.012271846303,0.010737865515,76,7.6,26,0
1211,2026-09-05T05:23:35.964008+00:00,174577171000000,174577234000000,82.734000000,online_inference,15,0,2089,2087,0.101242732000,0.098174770425,76,7.6,27,1,2640,2641,0.880504972246,0.882038953034,75,7.5,26,0,2611,2607,0.848291375701,0.842155452549,76,7.6,27,0,2708,2701,0.969475857944,0.958737992429,75,7.5,27,1,2074,2073,0.012271846303,0.010737865515,75,7.5,26,0
1212,2026-09-05T05:23:36.043702+00:00,174577250000000,174577312000000,82.812000000,online_inference,15,0,2089,2087,0.101242732000,0.098174770425,76,7.6,27,0,2640,2641,0.880504972246,0.882038953034,75,7.5,26,0,2611,2607,0.848291375701,0.842155452549,76,7.6,27,1,2708,2701,0.969475857944,0.958737992429,75,7.5,27,1,2074,2073,0.012271846303,0.010737865515,75,7.5,26,0
1213,2026-09-05T05:23:36.168406+00:00,174577359000000,174577437000000,82.937000000,online_inference,15,0,2089,2087,0.101242732000,0.098174770425,76,7.6,27,1,2640,2641,0.880504972246,0.882038953034,75,7.5,26,0,2611,2607,0.848291375701,0.842155452549,76,7.6,27,1,2708,2701,0.969475857944,0.958737992429,75,7.5,27,1,2074,2073,0.012271846303,0.010737865515,76,7.6,26,0
