camera,frame_index,grab_start_monotonic_ns,grab_end_monotonic_ns,capture_mid_monotonic_ns,host_utc,device_frame_id,device_timestamp,width,height
daheng_sn_FDE23080341,0,175305796000000,175305812000000,175305804000000,2026-09-05T05:35:44.625707+00:00,0,9654184828275,1920,1200
daheng_sn_FDE23080341,1,175305906000000,175305906000000,175305906000000,2026-09-05T05:35:44.648721+00:00,1,9654192513075,1920,1200
daheng_sn_FDE23080341,2,175306000000000,175306000000000,175306000000000,2026-09-05T05:35:44.745712+00:00,2,9654200197875,1920,1200
daheng_sn_FDE23080341,3,175306093000000,175306093000000,175306093000000,2026-09-05T05:35:44.836312+00:00,3,9654207882675,1920,1200
directshow_index_1,0,175305921000000,175306187000000,175306054000000,2026-09-05T05:35:44.922198+00:00,,,640,480
daheng_sn_FDE23080341,4,175306187000000,175306187000000,175306187000000,2026-09-05T05:35:44.925689+00:00,4,9654215567475,1920,1200
directshow_index_1,1,175306203000000,175306234000000,175306218500000,2026-09-05T05:35:44.967992+00:00,,,640,480
directshow_index_1,2,175306296000000,175306296000000,175306296000000,2026-09-05T05:35:45.017223+00:00,,,640,480
daheng_sn_FDE23080341,5,175306281000000,175306281000000,175306281000000,2026-09-05T05:35:45.026735+00:00,5,9654223252275,1920,1200
daheng_sn_FDE23080341,6,175306375000000,175306375000000,175306375000000,2026-09-05T05:35:45.114613+00:00,6,9654230937075,1920,1200
directshow_index_1,3,175306390000000,175306390000000,175306390000000,2026-09-05T05:35:45.114613+00:00,,,640,480
directshow_index_1,4,175306484000000,175306484000000,175306484000000,2026-09-05T05:35:45.204133+00:00,,,640,480
daheng_sn_FDE23080341,7,175306468000000,175306468000000,175306468000000,2026-09-05T05:35:45.206136+00:00,7,9654238621875,1920,1200
directshow_index_1,5,175306578000000,175306578000000,175306578000000,2026-09-05T05:35:45.300412+00:00,,,640,480
daheng_sn_FDE23080341,8,175306562000000,175306562000000,175306562000000,2026-09-05T05:35:45.305412+00:00,8,9654246306675,1920,1200
directshow_index_1,6,175306671000000,175306671000000,175306671000000,2026-09-05T05:35:45.399696+00:00,,,640,480
daheng_sn_FDE23080341,9,175306656000000,175306656000000,175306656000000,2026-09-05T05:35:45.402692+00:00,9,9654253991475,1920,1200
directshow_index_1,7,175306765000000,175306765000000,175306765000000,2026-09-05T05:35:45.488792+00:00,,,640,480
daheng_sn_FDE23080341,10,175306750000000,175306750000000,175306750000000,2026-09-05T05:35:45.490784+00:00,10,9654261676275,1920,1200
directshow_index_1,8,175306859000000,175306859000000,175306859000000,2026-09-05T05:35:45.579872+00:00,,,640,480
daheng_sn_FDE23080341,11,175306843000000,175306843000000,175306843000000,2026-09-05T05:35:45.587394+00:00,11,9654269361075,1920,1200
daheng_sn_FDE23080341,12,175306937000000,175306937000000,175306937000000,2026-09-05T05:35:45.677918+00:00,12,9654277045875,1920,1200
directshow_index_1,9,175306953000000,175306953000000,175306953000000,2026-09-05T05:35:45.678920+00:00,,,640,480
directshow_index_1,10,175307046000000,175307046000000,175307046000000,2026-09-05T05:35:45.769903+00:00,,,640,480
daheng_sn_FDE23080341,13,175307031000000,175307031000000,175307031000000,2026-09-05T05:35:45.776901+00:00,25,9654376948275,1920,1200
daheng_sn_FDE23080341,14,175307125000000,175307125000000,175307125000000,2026-09-05T05:35:45.866859+00:00,36,9654461481075,1920,1200
directshow_index_1,11,175307140000000,175307140000000,175307140000000,2026-09-05T05:35:45.866859+00:00,,,640,480
directshow_index_1,12,175307234000000,175307234000000,175307234000000,2026-09-05T05:35:45.957835+00:00,,,640,480
daheng_sn_FDE23080341,15,175307218000000,175307218000000,175307218000000,2026-09-05T05:35:45.970930+00:00,48,9654553698675,1920,1200
directshow_index_1,13,175307328000000,175307328000000,175307328000000,2026-09-05T05:35:46.050290+00:00,,,640,480
daheng_sn_FDE23080341,16,175307312000000,175307312000000,175307312000000,2026-09-05T05:35:46.064640+00:00,61,9654653601075,1920,1200
directshow_index_1,14,175307421000000,175307421000000,175307421000000,2026-09-05T05:35:46.147640+00:00,,,640,480
daheng_sn_FDE23080341,17,175307406000000,175307406000000,175307406000000,2026-09-05T05:35:46.152653+00:00,73,9654745818675,1920,1200
directshow_index_1,15,175307515000000,175307515000000,175307515000000,2026-09-05T05:35:46.236737+00:00,,,640,480
daheng_sn_FDE23080341,18,175307500000000,175307500000000,175307500000000,2026-09-05T05:35:46.248007+00:00,85,9654838036275,1920,1200
directshow_index_1,16,175307609000000,175307609000000,175307609000000,2026-09-05T05:35:46.335872+00:00,,,640,480
daheng_sn_FDE23080341,19,175307593000000,175307593000000,175307593000000,2026-09-05T05:35:46.339559+00:00,97,9654930253875,1920,1200
directshow_index_1,17,175307703000000,175307703000000,175307703000000,2026-09-05T05:35:46.426446+00:00,,,640,480
daheng_sn_FDE23080341,20,175307687000000,175307687000000,175307687000000,2026-09-05T05:35:46.452795+00:00,109,9655022471475,1920,1200
directshow_index_1,18,175307796000000,175307796000000,175307796000000,2026-09-05T05:35:46.519292+00:00,,,640,480
daheng_sn_FDE23080341,21,175307781000000,175307781000000,175307781000000,2026-09-05T05:35:46.538429+00:00,122,9655122373875,1920,1200
directshow_index_1,19,175307890000000,175307890000000,175307890000000,2026-09-05T05:35:46.616678+00:00,,,640,480
daheng_sn_FDE23080341,22,175307875000000,175307875000000,175307875000000,2026-09-05T05:35:46.643202+00:00,134,9655214591475,1920,1200
directshow_index_1,20,175307984000000,175307984000000,175307984000000,2026-09-05T05:35:46.707419+00:00,,,640,480
daheng_sn_FDE23080341,23,175307968000000,175307968000000,175307968000000,2026-09-05T05:35:46.723425+00:00,146,9655306809075,1920,1200
directshow_index_1,21,175308078000000,175308078000000,175308078000000,2026-09-05T05:35:46.804642+00:00,,,640,480
daheng_sn_FDE23080341,24,175308062000000,175308062000000,175308062000000,2026-09-05T05:35:46.817855+00:00,159,9655406711475,1920,1200
directshow_index_1,22,175308171000000,175308171000000,175308171000000,2026-09-05T05:35:46.897075+00:00,,,640,480
daheng_sn_FDE23080341,25,175308156000000,175308156000000,175308156000000,2026-09-05T05:35:46.909085+00:00,171,9655498929075,1920,1200
directshow_index_1,23,175308265000000,175308265000000,175308265000000,2026-09-05T05:35:46.985785+00:00,,,640,480
daheng_sn_FDE23080341,26,175308250000000,175308250000000,175308250000000,2026-09-05T05:35:47.000796+00:00,183,9655591146675,1920,1200
directshow_index_1,24,175308359000000,175308359000000,175308359000000,2026-09-05T05:35:47.085102+00:00,,,640,480
daheng_sn_FDE23080341,27,175308343000000,175308343000000,175308343000000,2026-09-05T05:35:47.092111+00:00,195,9655683364275,1920,1200
directshow_index_1,25,175308453000000,175308453000000,175308453000000,2026-09-05T05:35:47.177390+00:00,,,640,480
daheng_sn_FDE23080341,28,175308437000000,175308437000000,175308437000000,2026-09-05T05:35:47.194845+00:00,207,9655775581875,1920,1200
directshow_index_1,26,175308546000000,175308546000000,175308546000000,2026-09-05T05:35:47.269881+00:00,,,640,480
daheng_sn_FDE23080341,29,175308531000000,175308531000000,175308531000000,2026-09-05T05:35:47.284768+00:00,220,9655875484275,1920,1200
directshow_index_1,27,175308640000000,175308640000000,175308640000000,2026-09-05T05:35:47.366127+00:00,,,640,480
daheng_sn_FDE23080341,30,175308625000000,175308625000000,175308625000000,2026-09-05T05:35:47.380125+00:00,232,9655967701875,1920,1200
daheng_sn_FDE23080341,31,175308718000000,175308718000000,175308718000000,2026-09-05T05:35:47.462566+00:00,244,9656059919475,1920,1200
directshow_index_1,28,175308734000000,175308734000000,175308734000000,2026-09-05T05:35:47.463134+00:00,,,640,480
directshow_index_1,29,175308828000000,175308828000000,175308828000000,2026-09-05T05:35:47.552508+00:00,,,640,480
daheng_sn_FDE23080341,32,175308812000000,175308812000000,175308812000000,2026-09-05T05:35:47.562260+00:00,256,9656152137075,1920,1200
directshow_index_1,30,175308921000000,175308921000000,175308921000000,2026-09-05T05:35:47.646579+00:00,,,640,480
daheng_sn_FDE23080341,33,175308906000000,175308906000000,175308906000000,2026-09-05T05:35:47.656586+00:00,269,9656252039475,1920,1200
directshow_index_1,31,175309015000000,175309015000000,175309015000000,2026-09-05T05:35:47.737332+00:00,,,640,480
daheng_sn_FDE23080341,34,175309000000000,175309000000000,175309000000000,2026-09-05T05:35:47.745341+00:00,280,9656336572275,1920,1200
directshow_index_1,32,175309109000000,175309109000000,175309109000000,2026-09-05T05:35:47.828860+00:00,,,640,480
daheng_sn_FDE23080341,35,175309093000000,175309093000000,175309093000000,2026-09-05T05:35:47.844792+00:00,293,9656436474675,1920,1200
directshow_index_1,33,175309203000000,175309203000000,175309203000000,2026-09-05T05:35:47.925925+00:00,,,640,480
daheng_sn_FDE23080341,36,175309187000000,175309187000000,175309187000000,2026-09-05T05:35:47.936873+00:00,305,9656528692275,1920,1200
directshow_index_1,34,175309296000000,175309296000000,175309296000000,2026-09-05T05:35:48.016957+00:00,,,640,480
daheng_sn_FDE23080341,37,175309281000000,175309281000000,175309281000000,2026-09-05T05:35:48.038756+00:00,317,9656620909875,1920,1200
directshow_index_1,35,175309390000000,175309390000000,175309390000000,2026-09-05T05:35:48.113591+00:00,,,640,480
daheng_sn_FDE23080341,38,175309375000000,175309375000000,175309375000000,2026-09-05T05:35:48.126596+00:00,329,9656713127475,1920,1200
directshow_index_1,36,175309484000000,175309484000000,175309484000000,2026-09-05T05:35:48.205153+00:00,,,640,480
daheng_sn_FDE23080341,39,175309468000000,175309468000000,175309468000000,2026-09-05T05:35:48.218332+00:00,342,9656813029875,1920,1200
directshow_index_1,37,175309578000000,175309578000000,175309578000000,2026-09-05T05:35:48.303446+00:00,,,640,480
daheng_sn_FDE23080341,40,175309562000000,175309562000000,175309562000000,2026-09-05T05:35:48.309453+00:00,354,9656905247475,1920,1200
directshow_index_1,38,175309671000000,175309671000000,175309671000000,2026-09-05T05:35:48.393854+00:00,,,640,480
daheng_sn_FDE23080341,41,175309656000000,175309656000000,175309656000000,2026-09-05T05:35:48.408305+00:00,366,9656997465075,1920,1200
directshow_index_1,39,175309765000000,175309765000000,175309765000000,2026-09-05T05:35:48.489085+00:00,,,640,480
daheng_sn_FDE23080341,42,175309750000000,175309750000000,175309750000000,2026-09-05T05:35:48.495600+00:00,378,9657089682675,1920,1200
directshow_index_1,40,175309859000000,175309859000000,175309859000000,2026-09-05T05:35:48.579431+00:00,,,640,480
daheng_sn_FDE23080341,43,175309843000000,175309843000000,175309843000000,2026-09-05T05:35:48.596998+00:00,390,9657181900275,1920,1200
directshow_index_1,41,175309953000000,175309953000000,175309953000000,2026-09-05T05:35:48.677567+00:00,,,640,480
daheng_sn_FDE23080341,44,175309937000000,175309937000000,175309937000000,2026-09-05T05:35:48.689580+00:00,402,9657274117875,1920,1200
directshow_index_1,42,175310046000000,175310046000000,175310046000000,2026-09-05T05:35:48.768381+00:00,,,640,480
daheng_sn_FDE23080341,45,175310031000000,175310031000000,175310031000000,2026-09-05T05:35:48.787471+00:00,415,9657374020275,1920,1200
directshow_index_1,43,175310140000000,175310140000000,175310140000000,2026-09-05T05:35:48.862120+00:00,,,640,480
daheng_sn_FDE23080341,46,175310125000000,175310125000000,175310125000000,2026-09-05T05:35:48.882737+00:00,427,9657466237875,1920,1200
directshow_index_1,44,175310234000000,175310234000000,175310234000000,2026-09-05T05:35:48.961143+00:00,,,640,480
daheng_sn_FDE23080341,47,175310218000000,175310218000000,175310218000000,2026-09-05T05:35:48.977144+00:00,439,9657558455475,1920,1200
directshow_index_1,45,175310328000000,175310328000000,175310328000000,2026-09-05T05:35:49.052672+00:00,,,640,480
daheng_sn_FDE23080341,48,175310312000000,175310312000000,175310312000000,2026-09-05T05:35:49.060681+00:00,452,9657658357875,1920,1200
directshow_index_1,46,175310421000000,175310421000000,175310421000000,2026-09-05T05:35:49.145154+00:00,,,640,480
daheng_sn_FDE23080341,49,175310406000000,175310406000000,175310406000000,2026-09-05T05:35:49.157162+00:00,463,9657742890675,1920,1200
directshow_index_1,47,175310515000000,175310515000000,175310515000000,2026-09-05T05:35:49.236850+00:00,,,640,480
daheng_sn_FDE23080341,50,175310500000000,175310500000000,175310500000000,2026-09-05T05:35:49.250855+00:00,476,9657842793075,1920,1200
directshow_index_1,48,175310609000000,175310609000000,175310609000000,2026-09-05T05:35:49.335014+00:00,,,640,480
daheng_sn_FDE23080341,51,175310593000000,175310593000000,175310593000000,2026-09-05T05:35:49.348016+00:00,488,9657935010675,1920,1200
directshow_index_1,49,175310703000000,175310703000000,175310703000000,2026-09-05T05:35:49.427252+00:00,,,640,480
daheng_sn_FDE23080341,52,175310687000000,175310687000000,175310687000000,2026-09-05T05:35:49.443257+00:00,500,9658027228275,1920,1200
directshow_index_1,50,175310796000000,175310796000000,175310796000000,2026-09-05T05:35:49.518871+00:00,,,640,480
daheng_sn_FDE23080341,53,175310781000000,175310781000000,175310781000000,2026-09-05T05:35:49.538876+00:00,512,9658119445875,1920,1200
directshow_index_1,51,175310890000000,175310890000000,175310890000000,2026-09-05T05:35:49.616049+00:00,,,640,480
daheng_sn_FDE23080341,54,175310875000000,175310875000000,175310875000000,2026-09-05T05:35:49.623046+00:00,525,9658219348275,1920,1200
directshow_index_1,52,175310984000000,175310984000000,175310984000000,2026-09-05T05:35:49.709108+00:00,,,640,480
daheng_sn_FDE23080341,55,175310968000000,175310968000000,175310968000000,2026-09-05T05:35:49.718717+00:00,537,9658311565875,1920,1200
directshow_index_1,53,175311078000000,175311078000000,175311078000000,2026-09-05T05:35:49.800062+00:00,,,640,480
daheng_sn_FDE23080341,56,175311062000000,175311062000000,175311062000000,2026-09-05T05:35:49.814822+00:00,549,9658403783475,1920,1200
directshow_index_1,54,175311171000000,175311171000000,175311171000000,2026-09-05T05:35:49.898086+00:00,,,640,480
daheng_sn_FDE23080341,57,175311156000000,175311156000000,175311156000000,2026-09-05T05:35:49.910093+00:00,562,9658503685875,1920,1200
directshow_index_1,55,175311265000000,175311265000000,175311265000000,2026-09-05T05:35:49.991264+00:00,,,640,480
daheng_sn_FDE23080341,58,175311250000000,175311250000000,175311250000000,2026-09-05T05:35:50.005262+00:00,573,9658588218675,1920,1200
directshow_index_1,56,175311359000000,175311359000000,175311359000000,2026-09-05T05:35:50.082448+00:00,,,640,480
daheng_sn_FDE23080341,59,175311343000000,175311343000000,175311343000000,2026-09-05T05:35:50.102701+00:00,585,9658680436275,1920,1200
directshow_index_1,57,175311453000000,175311453000000,175311453000000,2026-09-05T05:35:50.178025+00:00,,,640,480
daheng_sn_FDE23080341,60,175311437000000,175311437000000,175311437000000,2026-09-05T05:35:50.202464+00:00,598,9658780338675,1920,1200
directshow_index_1,58,175311546000000,175311546000000,175311546000000,2026-09-05T05:35:50.269621+00:00,,,640,480
daheng_sn_FDE23080341,61,175311531000000,175311531000000,175311531000000,2026-09-05T05:35:50.289155+00:00,610,9658872556275,1920,1200
directshow_index_1,59,175311640000000,175311640000000,175311640000000,2026-09-05T05:35:50.365585+00:00,,,640,480
daheng_sn_FDE23080341,62,175311625000000,175311625000000,175311625000000,2026-09-05T05:35:50.377848+00:00,622,9658964773875,1920,1200
directshow_index_1,60,175311734000000,175311734000000,175311734000000,2026-09-05T05:35:50.458736+00:00,,,640,480
daheng_sn_FDE23080341,63,175311718000000,175311718000000,175311718000000,2026-09-05T05:35:50.474254+00:00,635,9659064676275,1920,1200
directshow_index_1,61,175311828000000,175311828000000,175311828000000,2026-09-05T05:35:50.553198+00:00,,,640,480
daheng_sn_FDE23080341,64,175311812000000,175311812000000,175311812000000,2026-09-05T05:35:50.570785+00:00,647,9659156893875,1920,1200
directshow_index_1,62,175311921000000,175311921000000,175311921000000,2026-09-05T05:35:50.643613+00:00,,,640,480
daheng_sn_FDE23080341,65,175311906000000,175311906000000,175311906000000,2026-09-05T05:35:50.655623+00:00,658,9659241426675,1920,1200
directshow_index_1,63,175312015000000,175312015000000,175312015000000,2026-09-05T05:35:50.737291+00:00,,,640,480
daheng_sn_FDE23080341,66,175312000000000,175312000000000,175312000000000,2026-09-05T05:35:50.752608+00:00,671,9659341329075,1920,1200
directshow_index_1,64,175312109000000,175312109000000,175312109000000,2026-09-05T05:35:50.835380+00:00,,,640,480
daheng_sn_FDE23080341,67,175312093000000,175312093000000,175312093000000,2026-09-05T05:35:50.845382+00:00,683,9659433546675,1920,1200
directshow_index_1,65,175312203000000,175312203000000,175312203000000,2026-09-05T05:35:50.926305+00:00,,,640,480
daheng_sn_FDE23080341,68,175312187000000,175312187000000,175312187000000,2026-09-05T05:35:50.933052+00:00,695,9659525764275,1920,1200
directshow_index_1,66,175312296000000,175312296000000,175312296000000,2026-09-05T05:35:51.017018+00:00,,,640,480
daheng_sn_FDE23080341,69,175312281000000,175312281000000,175312281000000,2026-09-05T05:35:51.029019+00:00,708,9659625666675,1920,1200
directshow_index_1,67,175312390000000,175312390000000,175312390000000,2026-09-05T05:35:51.115647+00:00,,,640,480
daheng_sn_FDE23080341,70,175312375000000,175312375000000,175312375000000,2026-09-05T05:35:51.125645+00:00,720,9659717884275,1920,1200
directshow_index_1,68,175312484000000,175312484000000,175312484000000,2026-09-05T05:35:51.205123+00:00,,,640,480
daheng_sn_FDE23080341,71,175312468000000,175312468000000,175312468000000,2026-09-05T05:35:51.214332+00:00,732,9659810101875,1920,1200
directshow_index_1,69,175312578000000,175312578000000,175312578000000,2026-09-05T05:35:51.298610+00:00,,,640,480
daheng_sn_FDE23080341,72,175312562000000,175312562000000,175312562000000,2026-09-05T05:35:51.305213+00:00,744,9659902319475,1920,1200
directshow_index_1,70,175312671000000,175312671000000,175312671000000,2026-09-05T05:35:51.395899+00:00,,,640,480
daheng_sn_FDE23080341,73,175312656000000,175312656000000,175312656000000,2026-09-05T05:35:51.403414+00:00,756,9659994537075,1920,1200
directshow_index_1,71,175312765000000,175312765000000,175312765000000,2026-09-05T05:35:51.487473+00:00,,,640,480
daheng_sn_FDE23080341,74,175312750000000,175312750000000,175312750000000,2026-09-05T05:35:51.506394+00:00,769,9660094439475,1920,1200
directshow_index_1,72,175312859000000,175312859000000,175312859000000,2026-09-05T05:35:51.584314+00:00,,,640,480
daheng_sn_FDE23080341,75,175312843000000,175312843000000,175312843000000,2026-09-05T05:35:51.591104+00:00,781,9660186657075,1920,1200
directshow_index_1,73,175312953000000,175312953000000,175312953000000,2026-09-05T05:35:51.674238+00:00,,,640,480
daheng_sn_FDE23080341,76,175312937000000,175312937000000,175312937000000,2026-09-05T05:35:51.681240+00:00,793,9660278874675,1920,1200
daheng_sn_FDE23080341,77,175313031000000,175313031000000,175313031000000,2026-09-05T05:35:51.773394+00:00,806,9660378777075,1920,1200
directshow_index_1,74,175313046000000,175313046000000,175313046000000,2026-09-05T05:35:51.774395+00:00,,,640,480
directshow_index_1,75,175313140000000,175313140000000,175313140000000,2026-09-05T05:35:51.864254+00:00,,,640,480
daheng_sn_FDE23080341,78,175313125000000,175313125000000,175313125000000,2026-09-05T05:35:51.871774+00:00,817,9660463309875,1920,1200
directshow_index_1,76,175313234000000,175313234000000,175313234000000,2026-09-05T05:35:51.954613+00:00,,,640,480
daheng_sn_FDE23080341,79,175313218000000,175313218000000,175313218000000,2026-09-05T05:35:51.962618+00:00,829,9660555527475,1920,1200
directshow_index_1,77,175313328000000,175313328000000,175313328000000,2026-09-05T05:35:52.049793+00:00,,,640,480
daheng_sn_FDE23080341,80,175313312000000,175313312000000,175313312000000,2026-09-05T05:35:52.054782+00:00,842,9660655429875,1920,1200
directshow_index_1,78,175313421000000,175313421000000,175313421000000,2026-09-05T05:35:52.146163+00:00,,,640,480
daheng_sn_FDE23080341,81,175313406000000,175313406000000,175313406000000,2026-09-05T05:35:52.148649+00:00,854,9660747647475,1920,1200
directshow_index_1,79,175313515000000,175313515000000,175313515000000,2026-09-05T05:35:52.235919+00:00,,,640,480
daheng_sn_FDE23080341,82,175313500000000,175313500000000,175313500000000,2026-09-05T05:35:52.249325+00:00,866,9660839865075,1920,1200
directshow_index_1,80,175313609000000,175313609000000,175313609000000,2026-09-05T05:35:52.336207+00:00,,,640,480
daheng_sn_FDE23080341,83,175313593000000,175313593000000,175313593000000,2026-09-05T05:35:52.340028+00:00,878,9660932082675,1920,1200
directshow_index_1,81,175313703000000,175313703000000,175313703000000,2026-09-05T05:35:52.427097+00:00,,,640,480
daheng_sn_FDE23080341,84,175313687000000,175313687000000,175313687000000,2026-09-05T05:35:52.436435+00:00,890,9661024300275,1920,1200
directshow_index_1,82,175313796000000,175313796000000,175313796000000,2026-09-05T05:35:52.518539+00:00,,,640,480
daheng_sn_FDE23080341,85,175313781000000,175313781000000,175313781000000,2026-09-05T05:35:52.532694+00:00,903,9661124202675,1920,1200
directshow_index_1,83,175313890000000,175313890000000,175313890000000,2026-09-05T05:35:52.613703+00:00,,,640,480
daheng_sn_FDE23080341,86,175313875000000,175313875000000,175313875000000,2026-09-05T05:35:52.617778+00:00,915,9661216420275,1920,1200
directshow_index_1,84,175313984000000,175313984000000,175313984000000,2026-09-05T05:35:52.705140+00:00,,,640,480
daheng_sn_FDE23080341,87,175313968000000,175313968000000,175313968000000,2026-09-05T05:35:52.720869+00:00,927,9661308637875,1920,1200
daheng_sn_FDE23080341,88,175314062000000,175314062000000,175314062000000,2026-09-05T05:35:52.803400+00:00,939,9661400855475,1920,1200
directshow_index_1,85,175314078000000,175314078000000,175314078000000,2026-09-05T05:35:52.803981+00:00,,,640,480
directshow_index_1,86,175314171000000,175314171000000,175314171000000,2026-09-05T05:35:52.893760+00:00,,,640,480
daheng_sn_FDE23080341,89,175314156000000,175314156000000,175314156000000,2026-09-05T05:35:52.897116+00:00,952,9661500757875,1920,1200
directshow_index_1,87,175314265000000,175314265000000,175314265000000,2026-09-05T05:35:52.987649+00:00,,,640,480
daheng_sn_FDE23080341,90,175314250000000,175314250000000,175314250000000,2026-09-05T05:35:52.992431+00:00,964,9661592975475,1920,1200
daheng_sn_FDE23080341,91,175314343000000,175314343000000,175314343000000,2026-09-05T05:35:53.086271+00:00,976,9661685193075,1920,1200
directshow_index_1,88,175314359000000,175314359000000,175314359000000,2026-09-05T05:35:53.086271+00:00,,,640,480
directshow_index_1,89,175314453000000,175314453000000,175314453000000,2026-09-05T05:35:53.175218+00:00,,,640,480
daheng_sn_FDE23080341,92,175314437000000,175314437000000,175314437000000,2026-09-05T05:35:53.187259+00:00,988,9661777410675,1920,1200
directshow_index_1,90,175314546000000,175314546000000,175314546000000,2026-09-05T05:35:53.266769+00:00,,,640,480
daheng_sn_FDE23080341,93,175314531000000,175314531000000,175314531000000,2026-09-05T05:35:53.269999+00:00,1001,9661877313075,1920,1200
daheng_sn_FDE23080341,94,175314625000000,175314625000000,175314625000000,2026-09-05T05:35:53.361277+00:00,1013,9661969530675,1920,1200
directshow_index_1,91,175314640000000,175314640000000,175314640000000,2026-09-05T05:35:53.361277+00:00,,,640,480
directshow_index_1,92,175314734000000,175314734000000,175314734000000,2026-09-05T05:35:53.458890+00:00,,,640,480
daheng_sn_FDE23080341,95,175314718000000,175314718000000,175314718000000,2026-09-05T05:35:53.465003+00:00,1025,9662061748275,1920,1200
directshow_index_1,93,175314828000000,175314828000000,175314828000000,2026-09-05T05:35:53.549652+00:00,,,640,480
daheng_sn_FDE23080341,96,175314812000000,175314812000000,175314812000000,2026-09-05T05:35:53.562603+00:00,1037,9662153965875,1920,1200
directshow_index_1,94,175314921000000,175314921000000,175314921000000,2026-09-05T05:35:53.641028+00:00,,,640,480
daheng_sn_FDE23080341,97,175314906000000,175314906000000,175314906000000,2026-09-05T05:35:53.645031+00:00,1049,9662246183475,1920,1200
directshow_index_1,95,175315015000000,175315015000000,175315015000000,2026-09-05T05:35:53.736539+00:00,,,640,480
daheng_sn_FDE23080341,98,175315000000000,175315000000000,175315000000000,2026-09-05T05:35:53.742149+00:00,1062,9662346085875,1920,1200
directshow_index_1,96,175315109000000,175315109000000,175315109000000,2026-09-05T05:35:53.834367+00:00,,,640,480
daheng_sn_FDE23080341,99,175315093000000,175315093000000,175315093000000,2026-09-05T05:35:53.846365+00:00,1073,9662430618675,1920,1200
directshow_index_1,97,175315203000000,175315203000000,175315203000000,2026-09-05T05:35:53.924601+00:00,,,640,480
daheng_sn_FDE23080341,100,175315187000000,175315187000000,175315187000000,2026-09-05T05:35:53.931123+00:00,1086,9662530521075,1920,1200
directshow_index_1,98,175315296000000,175315296000000,175315296000000,2026-09-05T05:35:54.020761+00:00,,,640,480
daheng_sn_FDE23080341,101,175315281000000,175315281000000,175315281000000,2026-09-05T05:35:54.025751+00:00,1098,9662622738675,1920,1200
directshow_index_1,99,175315390000000,175315390000000,175315390000000,2026-09-05T05:35:54.114405+00:00,,,640,480
daheng_sn_FDE23080341,102,175315375000000,175315375000000,175315375000000,2026-09-05T05:35:54.131124+00:00,1110,9662714956275,1920,1200
directshow_index_1,100,175315484000000,175315484000000,175315484000000,2026-09-05T05:35:54.206749+00:00,,,640,480
daheng_sn_FDE23080341,103,175315468000000,175315468000000,175315468000000,2026-09-05T05:35:54.232078+00:00,1123,9662814858675,1920,1200
directshow_index_1,101,175315578000000,175315578000000,175315578000000,2026-09-05T05:35:54.298318+00:00,,,640,480
daheng_sn_FDE23080341,104,175315562000000,175315562000000,175315562000000,2026-09-05T05:35:54.312316+00:00,1134,9662899391475,1920,1200
directshow_index_1,102,175315671000000,175315671000000,175315671000000,2026-09-05T05:35:54.394852+00:00,,,640,480
daheng_sn_FDE23080341,105,175315656000000,175315656000000,175315656000000,2026-09-05T05:35:54.406863+00:00,1147,9662999293875,1920,1200
directshow_index_1,103,175315765000000,175315765000000,175315765000000,2026-09-05T05:35:54.486836+00:00,,,640,480
daheng_sn_FDE23080341,106,175315750000000,175315750000000,175315750000000,2026-09-05T05:35:54.508257+00:00,1159,9663091511475,1920,1200
directshow_index_1,104,175315859000000,175315859000000,175315859000000,2026-09-05T05:35:54.584844+00:00,,,640,480
daheng_sn_FDE23080341,107,175315843000000,175315843000000,175315843000000,2026-09-05T05:35:54.596300+00:00,1171,9663183729075,1920,1200
directshow_index_1,105,175315953000000,175315953000000,175315953000000,2026-09-05T05:35:54.677639+00:00,,,640,480
daheng_sn_FDE23080341,108,175315937000000,175315937000000,175315937000000,2026-09-05T05:35:54.694242+00:00,1183,9663275946675,1920,1200
directshow_index_1,106,175316046000000,175316046000000,175316046000000,2026-09-05T05:35:54.770466+00:00,,,640,480
daheng_sn_FDE23080341,109,175316031000000,175316031000000,175316031000000,2026-09-05T05:35:54.787099+00:00,1195,9663368164275,1920,1200
directshow_index_1,107,175316140000000,175316140000000,175316140000000,2026-09-05T05:35:54.861152+00:00,,,640,480
daheng_sn_FDE23080341,110,175316125000000,175316125000000,175316125000000,2026-09-05T05:35:54.876133+00:00,1208,9663468066675,1920,1200
directshow_index_1,108,175316234000000,175316234000000,175316234000000,2026-09-05T05:35:54.959141+00:00,,,640,480
daheng_sn_FDE23080341,111,175316218000000,175316218000000,175316218000000,2026-09-05T05:35:54.971319+00:00,1220,9663560284275,1920,1200
directshow_index_1,109,175316328000000,175316328000000,175316328000000,2026-09-05T05:35:55.052755+00:00,,,640,480
daheng_sn_FDE23080341,112,175316312000000,175316312000000,175316312000000,2026-09-05T05:35:55.070926+00:00,1232,9663652501875,1920,1200
directshow_index_1,110,175316421000000,175316421000000,175316421000000,2026-09-05T05:35:55.145224+00:00,,,640,480
daheng_sn_FDE23080341,113,175316406000000,175316406000000,175316406000000,2026-09-05T05:35:55.161891+00:00,1244,9663744719475,1920,1200
directshow_index_1,111,175316515000000,175316515000000,175316515000000,2026-09-05T05:35:55.236590+00:00,,,640,480
daheng_sn_FDE23080341,114,175316500000000,175316500000000,175316500000000,2026-09-05T05:35:55.261643+00:00,1257,9663844621875,1920,1200
directshow_index_1,112,175316609000000,175316609000000,175316609000000,2026-09-05T05:35:55.329884+00:00,,,640,480
daheng_sn_FDE23080341,115,175316593000000,175316593000000,175316593000000,2026-09-05T05:35:55.342525+00:00,1268,9663929154675,1920,1200
directshow_index_1,113,175316703000000,175316703000000,175316703000000,2026-09-05T05:35:55.423197+00:00,,,640,480
daheng_sn_FDE23080341,116,175316687000000,175316687000000,175316687000000,2026-09-05T05:35:55.436705+00:00,1281,9664029057075,1920,1200
directshow_index_1,114,175316796000000,175316796000000,175316796000000,2026-09-05T05:35:55.522025+00:00,,,640,480
daheng_sn_FDE23080341,117,175316781000000,175316781000000,175316781000000,2026-09-05T05:35:55.535022+00:00,1293,9664121274675,1920,1200
directshow_index_1,115,175316890000000,175316890000000,175316890000000,2026-09-05T05:35:55.612946+00:00,,,640,480
daheng_sn_FDE23080341,118,175316875000000,175316875000000,175316875000000,2026-09-05T05:35:55.618946+00:00,1305,9664213492275,1920,1200
directshow_index_1,116,175316984000000,175316984000000,175316984000000,2026-09-05T05:35:55.706354+00:00,,,640,480
daheng_sn_FDE23080341,119,175316968000000,175316968000000,175316968000000,2026-09-05T05:35:55.712353+00:00,1318,9664313394675,1920,1200
directshow_index_1,117,175317078000000,175317078000000,175317078000000,2026-09-05T05:35:55.799221+00:00,,,640,480
daheng_sn_FDE23080341,120,175317062000000,175317062000000,175317062000000,2026-09-05T05:35:55.812805+00:00,1330,9664405612275,1920,1200
daheng_sn_FDE23080341,121,175317156000000,175317156000000,175317156000000,2026-09-05T05:35:55.897720+00:00,1342,9664497829875,1920,1200
directshow_index_1,118,175317171000000,175317171000000,175317171000000,2026-09-05T05:35:55.898728+00:00,,,640,480
directshow_index_1,119,175317265000000,175317265000000,175317265000000,2026-09-05T05:35:55.989329+00:00,,,640,480
daheng_sn_FDE23080341,122,175317250000000,175317250000000,175317250000000,2026-09-05T05:35:55.993329+00:00,1354,9664590047475,1920,1200
directshow_index_1,120,175317359000000,175317359000000,175317359000000,2026-09-05T05:35:56.080889+00:00,,,640,480
daheng_sn_FDE23080341,123,175317343000000,175317343000000,175317343000000,2026-09-05T05:35:56.099603+00:00,1366,9664682265075,1920,1200
directshow_index_1,121,175317453000000,175317453000000,175317453000000,2026-09-05T05:35:56.177954+00:00,,,640,480
daheng_sn_FDE23080341,124,175317437000000,175317437000000,175317437000000,2026-09-05T05:35:56.181958+00:00,1378,9664774482675,1920,1200
directshow_index_1,122,175317546000000,175317546000000,175317546000000,2026-09-05T05:35:56.270118+00:00,,,640,480
daheng_sn_FDE23080341,125,175317531000000,175317531000000,175317531000000,2026-09-05T05:35:56.276625+00:00,1391,9664874385075,1920,1200
directshow_index_1,123,175317640000000,175317640000000,175317640000000,2026-09-05T05:35:56.366646+00:00,,,640,480
daheng_sn_FDE23080341,126,175317625000000,175317625000000,175317625000000,2026-09-05T05:35:56.377847+00:00,1403,9664966602675,1920,1200
directshow_index_1,124,175317734000000,175317734000000,175317734000000,2026-09-05T05:35:56.462118+00:00,,,640,480
daheng_sn_FDE23080341,127,175317718000000,175317718000000,175317718000000,2026-09-05T05:35:56.492833+00:00,1415,9665058820275,1920,1200
directshow_index_1,125,175317828000000,175317828000000,175317828000000,2026-09-05T05:35:56.555183+00:00,,,640,480
daheng_sn_FDE23080341,128,175317812000000,175317812000000,175317812000000,2026-09-05T05:35:56.579159+00:00,1428,9665158722675,1920,1200
directshow_index_1,126,175317921000000,175317921000000,175317921000000,2026-09-05T05:35:56.645878+00:00,,,640,480
daheng_sn_FDE23080341,129,175317906000000,175317906000000,175317906000000,2026-09-05T05:35:56.657106+00:00,1440,9665250940275,1920,1200
directshow_index_1,127,175318015000000,175318015000000,175318015000000,2026-09-05T05:35:56.736864+00:00,,,640,480
daheng_sn_FDE23080341,130,175318000000000,175318000000000,175318000000000,2026-09-05T05:35:56.753373+00:00,1452,9665343157875,1920,1200
directshow_index_1,128,175318109000000,175318109000000,175318109000000,2026-09-05T05:35:56.835670+00:00,,,640,480
daheng_sn_FDE23080341,131,175318093000000,175318093000000,175318093000000,2026-09-05T05:35:56.848670+00:00,1464,9665435375475,1920,1200
directshow_index_1,129,175318203000000,175318203000000,175318203000000,2026-09-05T05:35:56.925578+00:00,,,640,480
daheng_sn_FDE23080341,132,175318187000000,175318187000000,175318187000000,2026-09-05T05:35:56.936319+00:00,1476,9665527593075,1920,1200
directshow_index_1,130,175318296000000,175318296000000,175318296000000,2026-09-05T05:35:57.016809+00:00,,,640,480
daheng_sn_FDE23080341,133,175318281000000,175318281000000,175318281000000,2026-09-05T05:35:57.030975+00:00,1488,9665619810675,1920,1200
directshow_index_1,131,175318390000000,175318390000000,175318390000000,2026-09-05T05:35:57.110639+00:00,,,640,480
daheng_sn_FDE23080341,134,175318375000000,175318375000000,175318375000000,2026-09-05T05:35:57.125490+00:00,1501,9665719713075,1920,1200
directshow_index_1,132,175318484000000,175318484000000,175318484000000,2026-09-05T05:35:57.207028+00:00,,,640,480
daheng_sn_FDE23080341,135,175318468000000,175318468000000,175318468000000,2026-09-05T05:35:57.214031+00:00,1513,9665811930675,1920,1200
directshow_index_1,133,175318578000000,175318578000000,175318578000000,2026-09-05T05:35:57.297705+00:00,,,640,480
daheng_sn_FDE23080341,136,175318562000000,175318562000000,175318562000000,2026-09-05T05:35:57.307079+00:00,1525,9665904148275,1920,1200
directshow_index_1,134,175318671000000,175318671000000,175318671000000,2026-09-05T05:35:57.394298+00:00,,,640,480
daheng_sn_FDE23080341,137,175318656000000,175318656000000,175318656000000,2026-09-05T05:35:57.399157+00:00,1537,9665996365875,1920,1200
directshow_index_1,135,175318765000000,175318765000000,175318765000000,2026-09-05T05:35:57.490415+00:00,,,640,480
daheng_sn_FDE23080341,138,175318750000000,175318750000000,175318750000000,2026-09-05T05:35:57.494414+00:00,1549,9666088583475,1920,1200
directshow_index_1,136,175318859000000,175318859000000,175318859000000,2026-09-05T05:35:57.580726+00:00,,,640,480
daheng_sn_FDE23080341,139,175318843000000,175318843000000,175318843000000,2026-09-05T05:35:57.585725+00:00,1562,9666188485875,1920,1200
directshow_index_1,137,175318953000000,175318953000000,175318953000000,2026-09-05T05:35:57.677884+00:00,,,640,480
daheng_sn_FDE23080341,140,175318937000000,175318937000000,175318937000000,2026-09-05T05:35:57.681013+00:00,1574,9666280703475,1920,1200
directshow_index_1,138,175319046000000,175319046000000,175319046000000,2026-09-05T05:35:57.768849+00:00,,,640,480
daheng_sn_FDE23080341,141,175319031000000,175319031000000,175319031000000,2026-09-05T05:35:57.780368+00:00,1586,9666372921075,1920,1200
directshow_index_1,139,175319140000000,175319140000000,175319140000000,2026-09-05T05:35:57.866928+00:00,,,640,480
daheng_sn_FDE23080341,142,175319125000000,175319125000000,175319125000000,2026-09-05T05:35:57.874923+00:00,1598,9666465138675,1920,1200
directshow_index_1,140,175319234000000,175319234000000,175319234000000,2026-09-05T05:35:57.957198+00:00,,,640,480
daheng_sn_FDE23080341,143,175319218000000,175319218000000,175319218000000,2026-09-05T05:35:57.963801+00:00,1611,9666565041075,1920,1200
daheng_sn_FDE23080341,144,175319312000000,175319312000000,175319312000000,2026-09-05T05:35:58.055873+00:00,1623,9666657258675,1920,1200
directshow_index_1,141,175319328000000,175319328000000,175319328000000,2026-09-05T05:35:58.055873+00:00,,,640,480
directshow_index_1,142,175319421000000,175319421000000,175319421000000,2026-09-05T05:35:58.145365+00:00,,,640,480
daheng_sn_FDE23080341,145,175319406000000,175319406000000,175319406000000,2026-09-05T05:35:58.154375+00:00,1635,9666749476275,1920,1200
daheng_sn_FDE23080341,146,175319500000000,175319500000000,175319500000000,2026-09-05T05:35:58.238879+00:00,1647,9666841693875,1920,1200
directshow_index_1,143,175319515000000,175319515000000,175319515000000,2026-09-05T05:35:58.238879+00:00,,,640,480
daheng_sn_FDE23080341,147,175319593000000,175319593000000,175319593000000,2026-09-05T05:35:58.336210+00:00,1659,9666933911475,1920,1200
directshow_index_1,144,175319609000000,175319609000000,175319609000000,2026-09-05T05:35:58.336210+00:00,,,640,480
directshow_index_1,145,175319703000000,175319703000000,175319703000000,2026-09-05T05:35:58.425787+00:00,,,640,480
daheng_sn_FDE23080341,148,175319687000000,175319687000000,175319687000000,2026-09-05T05:35:58.431790+00:00,1671,9667026129075,1920,1200
daheng_sn_FDE23080341,149,175319781000000,175319781000000,175319781000000,2026-09-05T05:35:58.522785+00:00,1683,9667118346675,1920,1200
directshow_index_1,146,175319796000000,175319796000000,175319796000000,2026-09-05T05:35:58.523792+00:00,,,640,480
directshow_index_1,147,175319890000000,175319890000000,175319890000000,2026-09-05T05:35:58.611315+00:00,,,640,480
daheng_sn_FDE23080341,150,175319875000000,175319875000000,175319875000000,2026-09-05T05:35:58.617314+00:00,1695,9667210564275,1920,1200
daheng_sn_FDE23080341,151,175319968000000,175319968000000,175319968000000,2026-09-05T05:35:58.710416+00:00,1708,9667310466675,1920,1200
directshow_index_1,148,175319984000000,175319984000000,175319984000000,2026-09-05T05:35:58.710416+00:00,,,640,480
directshow_index_1,149,175320078000000,175320078000000,175320078000000,2026-09-05T05:35:58.801335+00:00,,,640,480
daheng_sn_FDE23080341,152,175320062000000,175320062000000,175320062000000,2026-09-05T05:35:58.807926+00:00,1721,9667410369075,1920,1200
directshow_index_1,150,175320171000000,175320171000000,175320171000000,2026-09-05T05:35:58.891450+00:00,,,640,480
daheng_sn_FDE23080341,153,175320156000000,175320156000000,175320156000000,2026-09-05T05:35:58.898451+00:00,1733,9667502586675,1920,1200
directshow_index_1,151,175320265000000,175320265000000,175320265000000,2026-09-05T05:35:58.988082+00:00,,,640,480
daheng_sn_FDE23080341,154,175320250000000,175320250000000,175320250000000,2026-09-05T05:35:58.996095+00:00,1745,9667594804275,1920,1200
daheng_sn_FDE23080341,155,175320343000000,175320343000000,175320343000000,2026-09-05T05:35:59.084604+00:00,1757,9667687021875,1920,1200
directshow_index_1,152,175320359000000,175320359000000,175320359000000,2026-09-05T05:35:59.084604+00:00,,,640,480
directshow_index_1,153,175320453000000,175320453000000,175320453000000,2026-09-05T05:35:59.174344+00:00,,,640,480
daheng_sn_FDE23080341,156,175320437000000,175320437000000,175320437000000,2026-09-05T05:35:59.182390+00:00,1769,9667779239475,1920,1200
directshow_index_1,154,175320546000000,175320546000000,175320546000000,2026-09-05T05:35:59.269606+00:00,,,640,480
daheng_sn_FDE23080341,157,175320531000000,175320531000000,175320531000000,2026-09-05T05:35:59.271605+00:00,1781,9667871457075,1920,1200
directshow_index_1,155,175320640000000,175320640000000,175320640000000,2026-09-05T05:35:59.363305+00:00,,,640,480
daheng_sn_FDE23080341,158,175320625000000,175320625000000,175320625000000,2026-09-05T05:35:59.366841+00:00,1793,9667963674675,1920,1200
daheng_sn_FDE23080341,159,175320718000000,175320718000000,175320718000000,2026-09-05T05:35:59.459760+00:00,1806,9668063577075,1920,1200
directshow_index_1,156,175320734000000,175320734000000,175320734000000,2026-09-05T05:35:59.459760+00:00,,,640,480
directshow_index_1,157,175320828000000,175320828000000,175320828000000,2026-09-05T05:35:59.554919+00:00,,,640,480
daheng_sn_FDE23080341,160,175320812000000,175320812000000,175320812000000,2026-09-05T05:35:59.562918+00:00,1818,9668155794675,1920,1200
daheng_sn_FDE23080341,161,175320906000000,175320906000000,175320906000000,2026-09-05T05:35:59.646255+00:00,1830,9668248012275,1920,1200
directshow_index_1,158,175320921000000,175320921000000,175320921000000,2026-09-05T05:35:59.646255+00:00,,,640,480
directshow_index_1,159,175321015000000,175321015000000,175321015000000,2026-09-05T05:35:59.736781+00:00,,,640,480
daheng_sn_FDE23080341,162,175321000000000,175321000000000,175321000000000,2026-09-05T05:35:59.741561+00:00,1842,9668340229875,1920,1200
directshow_index_1,160,175321109000000,175321109000000,175321109000000,2026-09-05T05:35:59.829841+00:00,,,640,480
daheng_sn_FDE23080341,163,175321093000000,175321093000000,175321093000000,2026-09-05T05:35:59.840839+00:00,1855,9668440132275,1920,1200
directshow_index_1,161,175321203000000,175321203000000,175321203000000,2026-09-05T05:35:59.925642+00:00,,,640,480
daheng_sn_FDE23080341,164,175321187000000,175321187000000,175321187000000,2026-09-05T05:35:59.929651+00:00,1866,9668524665075,1920,1200
directshow_index_1,162,175321296000000,175321296000000,175321296000000,2026-09-05T05:36:00.016664+00:00,,,640,480
daheng_sn_FDE23080341,165,175321281000000,175321281000000,175321281000000,2026-09-05T05:36:00.030081+00:00,1879,9668624567475,1920,1200
directshow_index_1,163,175321390000000,175321390000000,175321390000000,2026-09-05T05:36:00.114201+00:00,,,640,480
daheng_sn_FDE23080341,166,175321375000000,175321375000000,175321375000000,2026-09-05T05:36:00.125208+00:00,1891,9668716785075,1920,1200
directshow_index_1,164,175321484000000,175321484000000,175321484000000,2026-09-05T05:36:00.205646+00:00,,,640,480
daheng_sn_FDE23080341,167,175321468000000,175321468000000,175321468000000,2026-09-05T05:36:00.214649+00:00,1903,9668809002675,1920,1200
directshow_index_1,165,175321578000000,175321578000000,175321578000000,2026-09-05T05:36:00.301977+00:00,,,640,480
daheng_sn_FDE23080341,168,175321562000000,175321562000000,175321562000000,2026-09-05T05:36:00.305975+00:00,1915,9668901220275,1920,1200
directshow_index_1,166,175321671000000,175321671000000,175321671000000,2026-09-05T05:36:00.391071+00:00,,,640,480
daheng_sn_FDE23080341,169,175321656000000,175321656000000,175321656000000,2026-09-05T05:36:00.397069+00:00,1928,9669001122675,1920,1200
directshow_index_1,167,175321765000000,175321765000000,175321765000000,2026-09-05T05:36:00.488011+00:00,,,640,480
daheng_sn_FDE23080341,170,175321750000000,175321750000000,175321750000000,2026-09-05T05:36:00.494528+00:00,1940,9669093340275,1920,1200
directshow_index_1,168,175321859000000,175321859000000,175321859000000,2026-09-05T05:36:00.582830+00:00,,,640,480
daheng_sn_FDE23080341,171,175321843000000,175321843000000,175321843000000,2026-09-05T05:36:00.597493+00:00,1952,9669185557875,1920,1200
directshow_index_1,169,175321953000000,175321953000000,175321953000000,2026-09-05T05:36:00.676868+00:00,,,640,480
daheng_sn_FDE23080341,172,175321937000000,175321937000000,175321937000000,2026-09-05T05:36:00.694072+00:00,1964,9669277775475,1920,1200
directshow_index_1,170,175322046000000,175322046000000,175322046000000,2026-09-05T05:36:00.765893+00:00,,,640,480
daheng_sn_FDE23080341,173,175322031000000,175322031000000,175322031000000,2026-09-05T05:36:00.781919+00:00,1976,9669369993075,1920,1200
directshow_index_1,171,175322140000000,175322140000000,175322140000000,2026-09-05T05:36:00.863060+00:00,,,640,480
daheng_sn_FDE23080341,174,175322125000000,175322125000000,175322125000000,2026-09-05T05:36:00.871065+00:00,1989,9669469895475,1920,1200
daheng_sn_FDE23080341,175,175322218000000,175322218000000,175322218000000,2026-09-05T05:36:00.961859+00:00,2001,9669562113075,1920,1200
directshow_index_1,172,175322234000000,175322234000000,175322234000000,2026-09-05T05:36:00.962492+00:00,,,640,480
directshow_index_1,173,175322328000000,175322328000000,175322328000000,2026-09-05T05:36:01.053453+00:00,,,640,480
daheng_sn_FDE23080341,176,175322312000000,175322312000000,175322312000000,2026-09-05T05:36:01.058798+00:00,2013,9669654330675,1920,1200
directshow_index_1,174,175322421000000,175322421000000,175322421000000,2026-09-05T05:36:01.143956+00:00,,,640,480
daheng_sn_FDE23080341,177,175322406000000,175322406000000,175322406000000,2026-09-05T05:36:01.150955+00:00,2025,9669746548275,1920,1200
daheng_sn_FDE23080341,178,175322500000000,175322500000000,175322500000000,2026-09-05T05:36:01.246544+00:00,2037,9669838765875,1920,1200
directshow_index_1,175,175322515000000,175322515000000,175322515000000,2026-09-05T05:36:01.247544+00:00,,,640,480
directshow_index_1,176,175322609000000,175322609000000,175322609000000,2026-09-05T05:36:01.331438+00:00,,,640,480
daheng_sn_FDE23080341,179,175322593000000,175322593000000,175322593000000,2026-09-05T05:36:01.337948+00:00,2050,9669938668275,1920,1200
daheng_sn_FDE23080341,180,175322687000000,175322687000000,175322687000000,2026-09-05T05:36:01.428797+00:00,2061,9670023201075,1920,1200
directshow_index_1,177,175322703000000,175322703000000,175322703000000,2026-09-05T05:36:01.428797+00:00,,,640,480
directshow_index_1,178,175322796000000,175322796000000,175322796000000,2026-09-05T05:36:01.521503+00:00,,,640,480
daheng_sn_FDE23080341,181,175322781000000,175322781000000,175322781000000,2026-09-05T05:36:01.524503+00:00,2074,9670123103475,1920,1200
directshow_index_1,179,175322890000000,175322890000000,175322890000000,2026-09-05T05:36:01.612423+00:00,,,640,480
daheng_sn_FDE23080341,182,175322875000000,175322875000000,175322875000000,2026-09-05T05:36:01.621901+00:00,2086,9670215321075,1920,1200
directshow_index_1,180,175322984000000,175322984000000,175322984000000,2026-09-05T05:36:01.708330+00:00,,,640,480
daheng_sn_FDE23080341,183,175322968000000,175322968000000,175322968000000,2026-09-05T05:36:01.714370+00:00,2098,9670307538675,1920,1200
directshow_index_1,181,175323078000000,175323078000000,175323078000000,2026-09-05T05:36:01.802130+00:00,,,640,480
daheng_sn_FDE23080341,184,175323062000000,175323062000000,175323062000000,2026-09-05T05:36:01.808417+00:00,2111,9670407441075,1920,1200
directshow_index_1,182,175323171000000,175323171000000,175323171000000,2026-09-05T05:36:01.891981+00:00,,,640,480
daheng_sn_FDE23080341,185,175323156000000,175323156000000,175323156000000,2026-09-05T05:36:01.903262+00:00,2122,9670491973875,1920,1200
directshow_index_1,183,175323265000000,175323265000000,175323265000000,2026-09-05T05:36:01.989483+00:00,,,640,480
daheng_sn_FDE23080341,186,175323250000000,175323250000000,175323250000000,2026-09-05T05:36:01.993482+00:00,2135,9670591876275,1920,1200
directshow_index_1,184,175323359000000,175323359000000,175323359000000,2026-09-05T05:36:02.079720+00:00,,,640,480
daheng_sn_FDE23080341,187,175323343000000,175323343000000,175323343000000,2026-09-05T05:36:02.085771+00:00,2147,9670684093875,1920,1200
directshow_index_1,185,175323453000000,175323453000000,175323453000000,2026-09-05T05:36:02.175165+00:00,,,640,480
daheng_sn_FDE23080341,188,175323437000000,175323437000000,175323437000000,2026-09-05T05:36:02.189678+00:00,2159,9670776311475,1920,1200
directshow_index_1,186,175323546000000,175323546000000,175323546000000,2026-09-05T05:36:02.272734+00:00,,,640,480
daheng_sn_FDE23080341,189,175323531000000,175323531000000,175323531000000,2026-09-05T05:36:02.278734+00:00,2171,9670868529075,1920,1200
directshow_index_1,187,175323640000000,175323640000000,175323640000000,2026-09-05T05:36:02.361108+00:00,,,640,480
daheng_sn_FDE23080341,190,175323625000000,175323625000000,175323625000000,2026-09-05T05:36:02.372744+00:00,2184,9670968431475,1920,1200
directshow_index_1,188,175323734000000,175323734000000,175323734000000,2026-09-05T05:36:02.453358+00:00,,,640,480
daheng_sn_FDE23080341,191,175323718000000,175323718000000,175323718000000,2026-09-05T05:36:02.466360+00:00,2196,9671060649075,1920,1200
directshow_index_1,189,175323828000000,175323828000000,175323828000000,2026-09-05T05:36:02.550885+00:00,,,640,480
daheng_sn_FDE23080341,192,175323812000000,175323812000000,175323812000000,2026-09-05T05:36:02.562888+00:00,2208,9671152866675,1920,1200
daheng_sn_FDE23080341,193,175323906000000,175323906000000,175323906000000,2026-09-05T05:36:02.649011+00:00,2221,9671252769075,1920,1200
directshow_index_1,190,175323921000000,175323921000000,175323921000000,2026-09-05T05:36:02.650011+00:00,,,640,480
daheng_sn_FDE23080341,194,175324000000000,175324000000000,175324000000000,2026-09-05T05:36:02.740314+00:00,2233,9671344986675,1920,1200
directshow_index_1,191,175324015000000,175324015000000,175324015000000,2026-09-05T05:36:02.740943+00:00,,,640,480
directshow_index_1,192,175324109000000,175324109000000,175324109000000,2026-09-05T05:36:02.831050+00:00,,,640,480
daheng_sn_FDE23080341,195,175324093000000,175324093000000,175324093000000,2026-09-05T05:36:02.838051+00:00,2245,9671437204275,1920,1200
daheng_sn_FDE23080341,196,175324187000000,175324187000000,175324187000000,2026-09-05T05:36:02.930543+00:00,2257,9671529421875,1920,1200
directshow_index_1,193,175324203000000,175324203000000,175324203000000,2026-09-05T05:36:02.931081+00:00,,,640,480
directshow_index_1,194,175324296000000,175324296000000,175324296000000,2026-09-05T05:36:03.016245+00:00,,,640,480
daheng_sn_FDE23080341,197,175324281000000,175324281000000,175324281000000,2026-09-05T05:36:03.022243+00:00,2269,9671621639475,1920,1200
directshow_index_1,195,175324390000000,175324390000000,175324390000000,2026-09-05T05:36:03.112756+00:00,,,640,480
daheng_sn_FDE23080341,198,175324375000000,175324375000000,175324375000000,2026-09-05T05:36:03.120704+00:00,2281,9671713857075,1920,1200
directshow_index_1,196,175324484000000,175324484000000,175324484000000,2026-09-05T05:36:03.208921+00:00,,,640,480
daheng_sn_FDE23080341,199,175324468000000,175324468000000,175324468000000,2026-09-05T05:36:03.212926+00:00,2294,9671813759475,1920,1200
directshow_index_1,197,175324578000000,175324578000000,175324578000000,2026-09-05T05:36:03.299064+00:00,,,640,480
daheng_sn_FDE23080341,200,175324562000000,175324562000000,175324562000000,2026-09-05T05:36:03.306060+00:00,2306,9671905977075,1920,1200
directshow_index_1,198,175324671000000,175324671000000,175324671000000,2026-09-05T05:36:03.392549+00:00,,,640,480
daheng_sn_FDE23080341,201,175324656000000,175324656000000,175324656000000,2026-09-05T05:36:03.398550+00:00,2318,9671998194675,1920,1200
directshow_index_1,199,175324765000000,175324765000000,175324765000000,2026-09-05T05:36:03.486549+00:00,,,640,480
daheng_sn_FDE23080341,202,175324750000000,175324750000000,175324750000000,2026-09-05T05:36:03.493964+00:00,2330,9672090412275,1920,1200
daheng_sn_FDE23080341,203,175324843000000,175324843000000,175324843000000,2026-09-05T05:36:03.582598+00:00,2343,9672190314675,1920,1200
directshow_index_1,200,175324859000000,175324859000000,175324859000000,2026-09-05T05:36:03.584599+00:00,,,640,480
directshow_index_1,201,175324953000000,175324953000000,175324953000000,2026-09-05T05:36:03.673496+00:00,,,640,480
daheng_sn_FDE23080341,204,175324937000000,175324937000000,175324937000000,2026-09-05T05:36:03.676856+00:00,2354,9672274847475,1920,1200
daheng_sn_FDE23080341,205,175325031000000,175325031000000,175325031000000,2026-09-05T05:36:03.770774+00:00,2366,9672367065075,1920,1200
directshow_index_1,202,175325046000000,175325046000000,175325046000000,2026-09-05T05:36:03.770774+00:00,,,640,480
daheng_sn_FDE23080341,206,175325125000000,175325125000000,175325125000000,2026-09-05T05:36:03.863653+00:00,2379,9672466967475,1920,1200
directshow_index_1,203,175325140000000,175325140000000,175325140000000,2026-09-05T05:36:03.864657+00:00,,,640,480
directshow_index_1,204,175325234000000,175325234000000,175325234000000,2026-09-05T05:36:03.954716+00:00,,,640,480
daheng_sn_FDE23080341,207,175325218000000,175325218000000,175325218000000,2026-09-05T05:36:03.957716+00:00,2391,9672559185075,1920,1200
directshow_index_1,205,175325328000000,175325328000000,175325328000000,2026-09-05T05:36:04.051672+00:00,,,640,480
daheng_sn_FDE23080341,208,175325312000000,175325312000000,175325312000000,2026-09-05T05:36:04.057667+00:00,2403,9672651402675,1920,1200
daheng_sn_FDE23080341,209,175325406000000,175325406000000,175325406000000,2026-09-05T05:36:04.141878+00:00,2416,9672751305075,1920,1200
directshow_index_1,206,175325421000000,175325421000000,175325421000000,2026-09-05T05:36:04.142875+00:00,,,640,480
daheng_sn_FDE23080341,210,175325500000000,175325500000000,175325500000000,2026-09-05T05:36:04.237758+00:00,2428,9672843522675,1920,1200
directshow_index_1,207,175325515000000,175325515000000,175325515000000,2026-09-05T05:36:04.237758+00:00,,,640,480
daheng_sn_FDE23080341,211,175325593000000,175325593000000,175325593000000,2026-09-05T05:36:04.332386+00:00,2440,9672935740275,1920,1200
directshow_index_1,208,175325609000000,175325609000000,175325609000000,2026-09-05T05:36:04.334387+00:00,,,640,480
daheng_sn_FDE23080341,212,175325687000000,175325687000000,175325687000000,2026-09-05T05:36:04.424424+00:00,2452,9673027957875,1920,1200
directshow_index_1,209,175325703000000,175325703000000,175325703000000,2026-09-05T05:36:04.425427+00:00,,,640,480
directshow_index_1,210,175325796000000,175325796000000,175325796000000,2026-09-05T05:36:04.522595+00:00,,,640,480
daheng_sn_FDE23080341,213,175325781000000,175325781000000,175325781000000,2026-09-05T05:36:04.525595+00:00,2465,9673127860275,1920,1200
directshow_index_1,211,175325890000000,175325890000000,175325890000000,2026-09-05T05:36:04.612363+00:00,,,640,480
daheng_sn_FDE23080341,214,175325875000000,175325875000000,175325875000000,2026-09-05T05:36:04.614572+00:00,2476,9673212393075,1920,1200
directshow_index_1,212,175325984000000,175325984000000,175325984000000,2026-09-05T05:36:04.709240+00:00,,,640,480
daheng_sn_FDE23080341,215,175325968000000,175325968000000,175325968000000,2026-09-05T05:36:04.711240+00:00,2489,9673312295475,1920,1200
directshow_index_1,213,175326078000000,175326078000000,175326078000000,2026-09-05T05:36:04.799886+00:00,,,640,480
daheng_sn_FDE23080341,216,175326062000000,175326062000000,175326062000000,2026-09-05T05:36:04.802890+00:00,2501,9673404513075,1920,1200
directshow_index_1,214,175326171000000,175326171000000,175326171000000,2026-09-05T05:36:04.896074+00:00,,,640,480
daheng_sn_FDE23080341,217,175326156000000,175326156000000,175326156000000,2026-09-05T05:36:04.900086+00:00,2513,9673496730675,1920,1200
directshow_index_1,215,175326265000000,175326265000000,175326265000000,2026-09-05T05:36:04.988459+00:00,,,640,480
daheng_sn_FDE23080341,218,175326250000000,175326250000000,175326250000000,2026-09-05T05:36:05.005456+00:00,2525,9673588948275,1920,1200
directshow_index_1,216,175326359000000,175326359000000,175326359000000,2026-09-05T05:36:05.083073+00:00,,,640,480
daheng_sn_FDE23080341,219,175326343000000,175326343000000,175326343000000,2026-09-05T05:36:05.105895+00:00,2537,9673681165875,1920,1200
directshow_index_1,217,175326453000000,175326453000000,175326453000000,2026-09-05T05:36:05.174481+00:00,,,640,480
daheng_sn_FDE23080341,220,175326437000000,175326437000000,175326437000000,2026-09-05T05:36:05.185987+00:00,2549,9673773383475,1920,1200
directshow_index_1,218,175326546000000,175326546000000,175326546000000,2026-09-05T05:36:05.272391+00:00,,,640,480
daheng_sn_FDE23080341,221,175326531000000,175326531000000,175326531000000,2026-09-05T05:36:05.281915+00:00,2562,9673873285875,1920,1200
directshow_index_1,219,175326640000000,175326640000000,175326640000000,2026-09-05T05:36:05.362599+00:00,,,640,480
daheng_sn_FDE23080341,222,175326625000000,175326625000000,175326625000000,2026-09-05T05:36:05.366599+00:00,2574,9673965503475,1920,1200
directshow_index_1,220,175326734000000,175326734000000,175326734000000,2026-09-05T05:36:05.453675+00:00,,,640,480
daheng_sn_FDE23080341,223,175326718000000,175326718000000,175326718000000,2026-09-05T05:36:05.465673+00:00,2586,9674057721075,1920,1200
directshow_index_1,221,175326828000000,175326828000000,175326828000000,2026-09-05T05:36:05.553325+00:00,,,640,480
daheng_sn_FDE23080341,224,175326812000000,175326812000000,175326812000000,2026-09-05T05:36:05.555059+00:00,2599,9674157623475,1920,1200
directshow_index_1,222,175326921000000,175326921000000,175326921000000,2026-09-05T05:36:05.644074+00:00,,,640,480
daheng_sn_FDE23080341,225,175326906000000,175326906000000,175326906000000,2026-09-05T05:36:05.647072+00:00,2610,9674242156275,1920,1200
directshow_index_1,223,175327015000000,175327015000000,175327015000000,2026-09-05T05:36:05.740376+00:00,,,640,480
daheng_sn_FDE23080341,226,175327000000000,175327000000000,175327000000000,2026-09-05T05:36:05.742375+00:00,2623,9674342058675,1920,1200
directshow_index_1,224,175327109000000,175327109000000,175327109000000,2026-09-05T05:36:05.831714+00:00,,,640,480
daheng_sn_FDE23080341,227,175327093000000,175327093000000,175327093000000,2026-09-05T05:36:05.839714+00:00,2635,9674434276275,1920,1200
directshow_index_1,225,175327203000000,175327203000000,175327203000000,2026-09-05T05:36:05.923340+00:00,,,640,480
daheng_sn_FDE23080341,228,175327187000000,175327187000000,175327187000000,2026-09-05T05:36:05.938339+00:00,2647,9674526493875,1920,1200
daheng_sn_FDE23080341,229,175327281000000,175327281000000,175327281000000,2026-09-05T05:36:06.022981+00:00,2659,9674618711475,1920,1200
directshow_index_1,226,175327296000000,175327296000000,175327296000000,2026-09-05T05:36:06.023980+00:00,,,640,480
directshow_index_1,227,175327390000000,175327390000000,175327390000000,2026-09-05T05:36:06.113517+00:00,,,640,480
daheng_sn_FDE23080341,230,175327375000000,175327375000000,175327375000000,2026-09-05T05:36:06.119517+00:00,2672,9674718613875,1920,1200
daheng_sn_FDE23080341,231,175327468000000,175327468000000,175327468000000,2026-09-05T05:36:06.210155+00:00,2684,9674810831475,1920,1200
directshow_index_1,228,175327484000000,175327484000000,175327484000000,2026-09-05T05:36:06.211159+00:00,,,640,480
directshow_index_1,229,175327578000000,175327578000000,175327578000000,2026-09-05T05:36:06.300523+00:00,,,640,480
daheng_sn_FDE23080341,232,175327562000000,175327562000000,175327562000000,2026-09-05T05:36:06.310522+00:00,2696,9674903049075,1920,1200
directshow_index_1,230,175327671000000,175327671000000,175327671000000,2026-09-05T05:36:06.397493+00:00,,,640,480
daheng_sn_FDE23080341,233,175327656000000,175327656000000,175327656000000,2026-09-05T05:36:06.400495+00:00,2708,9674995266675,1920,1200
directshow_index_1,231,175327765000000,175327765000000,175327765000000,2026-09-05T05:36:06.487498+00:00,,,640,480
daheng_sn_FDE23080341,234,175327750000000,175327750000000,175327750000000,2026-09-05T05:36:06.492499+00:00,2721,9675095169075,1920,1200
directshow_index_1,232,175327859000000,175327859000000,175327859000000,2026-09-05T05:36:06.584012+00:00,,,640,480
daheng_sn_FDE23080341,235,175327843000000,175327843000000,175327843000000,2026-09-05T05:36:06.586760+00:00,2733,9675187386675,1920,1200
directshow_index_1,233,175327953000000,175327953000000,175327953000000,2026-09-05T05:36:06.673823+00:00,,,640,480
daheng_sn_FDE23080341,236,175327937000000,175327937000000,175327937000000,2026-09-05T05:36:06.677821+00:00,2745,9675279604275,1920,1200
directshow_index_1,234,175328046000000,175328046000000,175328046000000,2026-09-05T05:36:06.770422+00:00,,,640,480
daheng_sn_FDE23080341,237,175328031000000,175328031000000,175328031000000,2026-09-05T05:36:06.772430+00:00,2757,9675371821875,1920,1200
directshow_index_1,235,175328140000000,175328140000000,175328140000000,2026-09-05T05:36:06.864396+00:00,,,640,480
daheng_sn_FDE23080341,238,175328125000000,175328125000000,175328125000000,2026-09-05T05:36:06.868407+00:00,2769,9675464039475,1920,1200
directshow_index_1,236,175328234000000,175328234000000,175328234000000,2026-09-05T05:36:06.953931+00:00,,,640,480
daheng_sn_FDE23080341,239,175328218000000,175328218000000,175328218000000,2026-09-05T05:36:06.959928+00:00,2781,9675556257075,1920,1200
directshow_index_1,237,175328328000000,175328328000000,175328328000000,2026-09-05T05:36:07.051110+00:00,,,640,480
daheng_sn_FDE23080341,240,175328312000000,175328312000000,175328312000000,2026-09-05T05:36:07.058109+00:00,2793,9675648474675,1920,1200
directshow_index_1,238,175328421000000,175328421000000,175328421000000,2026-09-05T05:36:07.141989+00:00,,,640,480
daheng_sn_FDE23080341,241,175328406000000,175328406000000,175328406000000,2026-09-05T05:36:07.163994+00:00,2806,9675748377075,1920,1200
directshow_index_1,239,175328515000000,175328515000000,175328515000000,2026-09-05T05:36:07.235807+00:00,,,640,480
daheng_sn_FDE23080341,242,175328500000000,175328500000000,175328500000000,2026-09-05T05:36:07.240234+00:00,2818,9675840594675,1920,1200
directshow_index_1,240,175328609000000,175328609000000,175328609000000,2026-09-05T05:36:07.332527+00:00,,,640,480
daheng_sn_FDE23080341,243,175328593000000,175328593000000,175328593000000,2026-09-05T05:36:07.336040+00:00,2831,9675940497075,1920,1200
directshow_index_1,241,175328703000000,175328703000000,175328703000000,2026-09-05T05:36:07.422389+00:00,,,640,480
daheng_sn_FDE23080341,244,175328687000000,175328687000000,175328687000000,2026-09-05T05:36:07.425386+00:00,2843,9676032714675,1920,1200
daheng_sn_FDE23080341,245,175328781000000,175328781000000,175328781000000,2026-09-05T05:36:07.521226+00:00,2855,9676124932275,1920,1200
directshow_index_1,242,175328796000000,175328796000000,175328796000000,2026-09-05T05:36:07.521226+00:00,,,640,480
directshow_index_1,243,175328890000000,175328890000000,175328890000000,2026-09-05T05:36:07.610986+00:00,,,640,480
daheng_sn_FDE23080341,246,175328875000000,175328875000000,175328875000000,2026-09-05T05:36:07.617984+00:00,2867,9676217149875,1920,1200
directshow_index_1,244,175328984000000,175328984000000,175328984000000,2026-09-05T05:36:07.708159+00:00,,,640,480
daheng_sn_FDE23080341,247,175328968000000,175328968000000,175328968000000,2026-09-05T05:36:07.712680+00:00,2879,9676309367475,1920,1200
daheng_sn_FDE23080341,248,175329062000000,175329062000000,175329062000000,2026-09-05T05:36:07.800202+00:00,2891,9676401585075,1920,1200
directshow_index_1,245,175329078000000,175329078000000,175329078000000,2026-09-05T05:36:07.800202+00:00,,,640,480
daheng_sn_FDE23080341,249,175329156000000,175329156000000,175329156000000,2026-09-05T05:36:07.894046+00:00,2904,9676501487475,1920,1200
directshow_index_1,246,175329171000000,175329171000000,175329171000000,2026-09-05T05:36:07.896050+00:00,,,640,480
daheng_sn_FDE23080341,250,175329250000000,175329250000000,175329250000000,2026-09-05T05:36:07.987189+00:00,2915,9676586020275,1920,1200
directshow_index_1,247,175329265000000,175329265000000,175329265000000,2026-09-05T05:36:07.987189+00:00,,,640,480
daheng_sn_FDE23080341,251,175329343000000,175329343000000,175329343000000,2026-09-05T05:36:08.079107+00:00,2928,9676685922675,1920,1200
directshow_index_1,248,175329359000000,175329359000000,175329359000000,2026-09-05T05:36:08.084106+00:00,,,640,480
daheng_sn_FDE23080341,252,175329437000000,175329437000000,175329437000000,2026-09-05T05:36:08.174762+00:00,2940,9676778140275,1920,1200
directshow_index_1,249,175329453000000,175329453000000,175329453000000,2026-09-05T05:36:08.174762+00:00,,,640,480
daheng_sn_FDE23080341,253,175329531000000,175329531000000,175329531000000,2026-09-05T05:36:08.269672+00:00,2952,9676870357875,1920,1200
directshow_index_1,250,175329546000000,175329546000000,175329546000000,2026-09-05T05:36:08.270663+00:00,,,640,480
daheng_sn_FDE23080341,254,175329625000000,175329625000000,175329625000000,2026-09-05T05:36:08.363789+00:00,2964,9676962575475,1920,1200
directshow_index_1,251,175329640000000,175329640000000,175329640000000,2026-09-05T05:36:08.364790+00:00,,,640,480
daheng_sn_FDE23080341,255,175329718000000,175329718000000,175329718000000,2026-09-05T05:36:08.455844+00:00,2976,9677054793075,1920,1200
directshow_index_1,252,175329734000000,175329734000000,175329734000000,2026-09-05T05:36:08.455844+00:00,,,640,480
daheng_sn_FDE23080341,256,175329812000000,175329812000000,175329812000000,2026-09-05T05:36:08.552582+00:00,2989,9677154695475,1920,1200
directshow_index_1,253,175329828000000,175329828000000,175329828000000,2026-09-05T05:36:08.553585+00:00,,,640,480
daheng_sn_FDE23080341,257,175329906000000,175329906000000,175329906000000,2026-09-05T05:36:08.644750+00:00,3001,9677246913075,1920,1200
directshow_index_1,254,175329921000000,175329921000000,175329921000000,2026-09-05T05:36:08.644750+00:00,,,640,480
daheng_sn_FDE23080341,258,175330000000000,175330000000000,175330000000000,2026-09-05T05:36:08.738577+00:00,3014,9677346815475,1920,1200
directshow_index_1,255,175330015000000,175330015000000,175330015000000,2026-09-05T05:36:08.738577+00:00,,,640,480
daheng_sn_FDE23080341,259,175330093000000,175330093000000,175330093000000,2026-09-05T05:36:08.831955+00:00,3025,9677431348275,1920,1200
directshow_index_1,256,175330109000000,175330109000000,175330109000000,2026-09-05T05:36:08.834961+00:00,,,640,480
daheng_sn_FDE23080341,260,175330187000000,175330187000000,175330187000000,2026-09-05T05:36:08.926263+00:00,3037,9677523565875,1920,1200
directshow_index_1,257,175330203000000,175330203000000,175330203000000,2026-09-05T05:36:08.926864+00:00,,,640,480
directshow_index_1,258,175330296000000,175330296000000,175330296000000,2026-09-05T05:36:09.016011+00:00,,,640,480
daheng_sn_FDE23080341,261,175330281000000,175330281000000,175330281000000,2026-09-05T05:36:09.021527+00:00,3050,9677623468275,1920,1200
directshow_index_1,259,175330390000000,175330390000000,175330390000000,2026-09-05T05:36:09.114242+00:00,,,640,480
daheng_sn_FDE23080341,262,175330375000000,175330375000000,175330375000000,2026-09-05T05:36:09.128989+00:00,3062,9677715685875,1920,1200
directshow_index_1,260,175330484000000,175330484000000,175330484000000,2026-09-05T05:36:09.213785+00:00,,,640,480
daheng_sn_FDE23080341,263,175330468000000,175330468000000,175330468000000,2026-09-05T05:36:09.228785+00:00,3074,9677807903475,1920,1200
directshow_index_1,261,175330578000000,175330578000000,175330578000000,2026-09-05T05:36:09.299723+00:00,,,640,480
daheng_sn_FDE23080341,264,175330562000000,175330562000000,175330562000000,2026-09-05T05:36:09.311453+00:00,3086,9677900121075,1920,1200
directshow_index_1,262,175330671000000,175330671000000,175330671000000,2026-09-05T05:36:09.397081+00:00,,,640,480
daheng_sn_FDE23080341,265,175330656000000,175330656000000,175330656000000,2026-09-05T05:36:09.410198+00:00,3098,9677992338675,1920,1200
directshow_index_1,263,175330765000000,175330765000000,175330765000000,2026-09-05T05:36:09.487329+00:00,,,640,480
daheng_sn_FDE23080341,266,175330750000000,175330750000000,175330750000000,2026-09-05T05:36:09.499645+00:00,3111,9678092241075,1920,1200
directshow_index_1,264,175330859000000,175330859000000,175330859000000,2026-09-05T05:36:09.585051+00:00,,,640,480
daheng_sn_FDE23080341,267,175330843000000,175330843000000,175330843000000,2026-09-05T05:36:09.594820+00:00,3123,9678184458675,1920,1200
directshow_index_1,265,175330953000000,175330953000000,175330953000000,2026-09-05T05:36:09.677222+00:00,,,640,480
daheng_sn_FDE23080341,268,175330937000000,175330937000000,175330937000000,2026-09-05T05:36:09.683225+00:00,3135,9678276676275,1920,1200
directshow_index_1,266,175331046000000,175331046000000,175331046000000,2026-09-05T05:36:09.771294+00:00,,,640,480
daheng_sn_FDE23080341,269,175331031000000,175331031000000,175331031000000,2026-09-05T05:36:09.775834+00:00,3147,9678368893875,1920,1200
directshow_index_1,267,175331140000000,175331140000000,175331140000000,2026-09-05T05:36:09.861129+00:00,,,640,480
daheng_sn_FDE23080341,270,175331125000000,175331125000000,175331125000000,2026-09-05T05:36:09.867653+00:00,3159,9678461111475,1920,1200
daheng_sn_FDE23080341,271,175331218000000,175331218000000,175331218000000,2026-09-05T05:36:09.958782+00:00,3172,9678561013875,1920,1200
directshow_index_1,268,175331234000000,175331234000000,175331234000000,2026-09-05T05:36:09.959784+00:00,,,640,480
directshow_index_1,269,175331328000000,175331328000000,175331328000000,2026-09-05T05:36:10.050843+00:00,,,640,480
daheng_sn_FDE23080341,272,175331312000000,175331312000000,175331312000000,2026-09-05T05:36:10.062858+00:00,3184,9678653231475,1920,1200
directshow_index_1,270,175331421000000,175331421000000,175331421000000,2026-09-05T05:36:10.141219+00:00,,,640,480
daheng_sn_FDE23080341,273,175331406000000,175331406000000,175331406000000,2026-09-05T05:36:10.147225+00:00,3196,9678745449075,1920,1200
directshow_index_1,271,175331515000000,175331515000000,175331515000000,2026-09-05T05:36:10.238828+00:00,,,640,480
daheng_sn_FDE23080341,274,175331500000000,175331500000000,175331500000000,2026-09-05T05:36:10.243829+00:00,3209,9678845351475,1920,1200
directshow_index_1,272,175331609000000,175331609000000,175331609000000,2026-09-05T05:36:10.329259+00:00,,,640,480
daheng_sn_FDE23080341,275,175331593000000,175331593000000,175331593000000,2026-09-05T05:36:10.333736+00:00,3221,9678937569075,1920,1200
directshow_index_1,273,175331703000000,175331703000000,175331703000000,2026-09-05T05:36:10.427863+00:00,,,640,480
daheng_sn_FDE23080341,276,175331687000000,175331687000000,175331687000000,2026-09-05T05:36:10.432865+00:00,3233,9679029786675,1920,1200
directshow_index_1,274,175331796000000,175331796000000,175331796000000,2026-09-05T05:36:10.518934+00:00,,,640,480
daheng_sn_FDE23080341,277,175331781000000,175331781000000,175331781000000,2026-09-05T05:36:10.523554+00:00,3245,9679122004275,1920,1200
directshow_index_1,275,175331890000000,175331890000000,175331890000000,2026-09-05T05:36:10.609884+00:00,,,640,480
daheng_sn_FDE23080341,278,175331875000000,175331875000000,175331875000000,2026-09-05T05:36:10.624415+00:00,3258,9679221906675,1920,1200
directshow_index_1,276,175331984000000,175331984000000,175331984000000,2026-09-05T05:36:10.706034+00:00,,,640,480
daheng_sn_FDE23080341,279,175331968000000,175331968000000,175331968000000,2026-09-05T05:36:10.713034+00:00,3269,9679306439475,1920,1200
directshow_index_1,277,175332078000000,175332078000000,175332078000000,2026-09-05T05:36:10.802186+00:00,,,640,480
daheng_sn_FDE23080341,280,175332062000000,175332062000000,175332062000000,2026-09-05T05:36:10.806187+00:00,3282,9679406341875,1920,1200
directshow_index_1,278,175332171000000,175332171000000,175332171000000,2026-09-05T05:36:10.892140+00:00,,,640,480
daheng_sn_FDE23080341,281,175332156000000,175332156000000,175332156000000,2026-09-05T05:36:10.899288+00:00,3294,9679498559475,1920,1200
directshow_index_1,279,175332265000000,175332265000000,175332265000000,2026-09-05T05:36:10.986052+00:00,,,640,480
daheng_sn_FDE23080341,282,175332250000000,175332250000000,175332250000000,2026-09-05T05:36:10.994241+00:00,3306,9679590777075,1920,1200
directshow_index_1,280,175332359000000,175332359000000,175332359000000,2026-09-05T05:36:11.083204+00:00,,,640,480
daheng_sn_FDE23080341,283,175332343000000,175332343000000,175332343000000,2026-09-05T05:36:11.092197+00:00,3318,9679682994675,1920,1200
directshow_index_1,281,175332453000000,175332453000000,175332453000000,2026-09-05T05:36:11.173262+00:00,,,640,480
daheng_sn_FDE23080341,284,175332437000000,175332437000000,175332437000000,2026-09-05T05:36:11.179786+00:00,3330,9679775212275,1920,1200
directshow_index_1,282,175332546000000,175332546000000,175332546000000,2026-09-05T05:36:11.269274+00:00,,,640,480
daheng_sn_FDE23080341,285,175332531000000,175332531000000,175332531000000,2026-09-05T05:36:11.273954+00:00,3343,9679875114675,1920,1200
directshow_index_1,283,175332640000000,175332640000000,175332640000000,2026-09-05T05:36:11.363840+00:00,,,640,480
daheng_sn_FDE23080341,286,175332625000000,175332625000000,175332625000000,2026-09-05T05:36:11.371841+00:00,3355,9679967332275,1920,1200
directshow_index_1,284,175332734000000,175332734000000,175332734000000,2026-09-05T05:36:11.462046+00:00,,,640,480
daheng_sn_FDE23080341,287,175332718000000,175332718000000,175332718000000,2026-09-05T05:36:11.463446+00:00,3367,9680059549875,1920,1200
directshow_index_1,285,175332828000000,175332828000000,175332828000000,2026-09-05T05:36:11.553316+00:00,,,640,480
daheng_sn_FDE23080341,288,175332812000000,175332812000000,175332812000000,2026-09-05T05:36:11.555867+00:00,3379,9680151767475,1920,1200
directshow_index_1,286,175332921000000,175332921000000,175332921000000,2026-09-05T05:36:11.643967+00:00,,,640,480
daheng_sn_FDE23080341,289,175332906000000,175332906000000,175332906000000,2026-09-05T05:36:11.649963+00:00,3392,9680251669875,1920,1200
directshow_index_1,287,175333015000000,175333015000000,175333015000000,2026-09-05T05:36:11.740103+00:00,,,640,480
daheng_sn_FDE23080341,290,175333000000000,175333000000000,175333000000000,2026-09-05T05:36:11.745368+00:00,3403,9680336202675,1920,1200
directshow_index_1,288,175333109000000,175333109000000,175333109000000,2026-09-05T05:36:11.830656+00:00,,,640,480
daheng_sn_FDE23080341,291,175333093000000,175333093000000,175333093000000,2026-09-05T05:36:11.837657+00:00,3416,9680436105075,1920,1200
daheng_sn_FDE23080341,292,175333187000000,175333187000000,175333187000000,2026-09-05T05:36:11.930939+00:00,3428,9680528322675,1920,1200
directshow_index_1,289,175333203000000,175333203000000,175333203000000,2026-09-05T05:36:11.930939+00:00,,,640,480
directshow_index_1,290,175333296000000,175333296000000,175333296000000,2026-09-05T05:36:12.021675+00:00,,,640,480
daheng_sn_FDE23080341,293,175333281000000,175333281000000,175333281000000,2026-09-05T05:36:12.025672+00:00,3440,9680620540275,1920,1200
directshow_index_1,291,175333390000000,175333390000000,175333390000000,2026-09-05T05:36:12.111234+00:00,,,640,480
daheng_sn_FDE23080341,294,175333375000000,175333375000000,175333375000000,2026-09-05T05:36:12.118747+00:00,3452,9680712757875,1920,1200
directshow_index_1,292,175333484000000,175333484000000,175333484000000,2026-09-05T05:36:12.204403+00:00,,,640,480
daheng_sn_FDE23080341,295,175333468000000,175333468000000,175333468000000,2026-09-05T05:36:12.214410+00:00,3464,9680804975475,1920,1200
directshow_index_1,293,175333578000000,175333578000000,175333578000000,2026-09-05T05:36:12.303930+00:00,,,640,480
daheng_sn_FDE23080341,296,175333562000000,175333562000000,175333562000000,2026-09-05T05:36:12.306928+00:00,3476,9680897193075,1920,1200
directshow_index_1,294,175333671000000,175333671000000,175333671000000,2026-09-05T05:36:12.397077+00:00,,,640,480
daheng_sn_FDE23080341,297,175333656000000,175333656000000,175333656000000,2026-09-05T05:36:12.403080+00:00,3489,9680997095475,1920,1200
directshow_index_1,295,175333765000000,175333765000000,175333765000000,2026-09-05T05:36:12.486236+00:00,,,640,480
daheng_sn_FDE23080341,298,175333750000000,175333750000000,175333750000000,2026-09-05T05:36:12.500742+00:00,3501,9681089313075,1920,1200
daheng_sn_FDE23080341,299,175333843000000,175333843000000,175333843000000,2026-09-05T05:36:12.584484+00:00,3513,9681181530675,1920,1200
directshow_index_1,296,175333859000000,175333859000000,175333859000000,2026-09-05T05:36:12.584484+00:00,,,640,480
directshow_index_1,297,175333953000000,175333953000000,175333953000000,2026-09-05T05:36:12.674821+00:00,,,640,480
daheng_sn_FDE23080341,300,175333937000000,175333937000000,175333937000000,2026-09-05T05:36:12.680338+00:00,3525,9681273748275,1920,1200
directshow_index_1,298,175334046000000,175334046000000,175334046000000,2026-09-05T05:36:12.771603+00:00,,,640,480
daheng_sn_FDE23080341,301,175334031000000,175334031000000,175334031000000,2026-09-05T05:36:12.777834+00:00,3538,9681373650675,1920,1200
directshow_index_1,299,175334140000000,175334140000000,175334140000000,2026-09-05T05:36:12.861902+00:00,,,640,480
daheng_sn_FDE23080341,302,175334125000000,175334125000000,175334125000000,2026-09-05T05:36:12.868979+00:00,3550,9681465868275,1920,1200
daheng_sn_FDE23080341,303,175334218000000,175334218000000,175334218000000,2026-09-05T05:36:12.959065+00:00,3562,9681558085875,1920,1200
directshow_index_1,300,175334234000000,175334234000000,175334234000000,2026-09-05T05:36:12.960064+00:00,,,640,480
directshow_index_1,301,175334328000000,175334328000000,175334328000000,2026-09-05T05:36:13.051946+00:00,,,640,480
daheng_sn_FDE23080341,304,175334312000000,175334312000000,175334312000000,2026-09-05T05:36:13.059948+00:00,3574,9681650303475,1920,1200
directshow_index_1,302,175334421000000,175334421000000,175334421000000,2026-09-05T05:36:13.142256+00:00,,,640,480
daheng_sn_FDE23080341,305,175334406000000,175334406000000,175334406000000,2026-09-05T05:36:13.153254+00:00,3586,9681742521075,1920,1200
directshow_index_1,303,175334515000000,175334515000000,175334515000000,2026-09-05T05:36:13.237491+00:00,,,640,480
daheng_sn_FDE23080341,306,175334500000000,175334500000000,175334500000000,2026-09-05T05:36:13.242492+00:00,3599,9681842423475,1920,1200
daheng_sn_FDE23080341,307,175334593000000,175334593000000,175334593000000,2026-09-05T05:36:13.333518+00:00,3611,9681934641075,1920,1200
directshow_index_1,304,175334609000000,175334609000000,175334609000000,2026-09-05T05:36:13.334517+00:00,,,640,480
directshow_index_1,305,175334703000000,175334703000000,175334703000000,2026-09-05T05:36:13.427281+00:00,,,640,480
daheng_sn_FDE23080341,308,175334687000000,175334687000000,175334687000000,2026-09-05T05:36:13.450507+00:00,3623,9682026858675,1920,1200
directshow_index_1,306,175334796000000,175334796000000,175334796000000,2026-09-05T05:36:13.518381+00:00,,,640,480
daheng_sn_FDE23080341,309,175334781000000,175334781000000,175334781000000,2026-09-05T05:36:13.547965+00:00,3636,9682126761075,1920,1200
directshow_index_1,307,175334890000000,175334890000000,175334890000000,2026-09-05T05:36:13.612241+00:00,,,640,480
daheng_sn_FDE23080341,310,175334875000000,175334875000000,175334875000000,2026-09-05T05:36:13.629099+00:00,3647,9682211293875,1920,1200
directshow_index_1,308,175334984000000,175334984000000,175334984000000,2026-09-05T05:36:13.711675+00:00,,,640,480
daheng_sn_FDE23080341,311,175334968000000,175334968000000,175334968000000,2026-09-05T05:36:13.727158+00:00,3660,9682311196275,1920,1200
directshow_index_1,309,175335078000000,175335078000000,175335078000000,2026-09-05T05:36:13.803212+00:00,,,640,480
daheng_sn_FDE23080341,312,175335062000000,175335062000000,175335062000000,2026-09-05T05:36:13.815391+00:00,3672,9682403413875,1920,1200
directshow_index_1,310,175335171000000,175335171000000,175335171000000,2026-09-05T05:36:13.895458+00:00,,,640,480
daheng_sn_FDE23080341,313,175335156000000,175335156000000,175335156000000,2026-09-05T05:36:13.909988+00:00,3684,9682495631475,1920,1200
directshow_index_1,311,175335265000000,175335265000000,175335265000000,2026-09-05T05:36:13.986068+00:00,,,640,480
daheng_sn_FDE23080341,314,175335250000000,175335250000000,175335250000000,2026-09-05T05:36:14.001642+00:00,3696,9682587849075,1920,1200
directshow_index_1,312,175335359000000,175335359000000,175335359000000,2026-09-05T05:36:14.087072+00:00,,,640,480
daheng_sn_FDE23080341,315,175335343000000,175335343000000,175335343000000,2026-09-05T05:36:14.092219+00:00,3709,9682687751475,1920,1200
directshow_index_1,313,175335453000000,175335453000000,175335453000000,2026-09-05T05:36:14.179217+00:00,,,640,480
daheng_sn_FDE23080341,316,175335437000000,175335437000000,175335437000000,2026-09-05T05:36:14.183224+00:00,3721,9682779969075,1920,1200
directshow_index_1,314,175335546000000,175335546000000,175335546000000,2026-09-05T05:36:14.270225+00:00,,,640,480
daheng_sn_FDE23080341,317,175335531000000,175335531000000,175335531000000,2026-09-05T05:36:14.281567+00:00,3733,9682872186675,1920,1200
directshow_index_1,315,175335640000000,175335640000000,175335640000000,2026-09-05T05:36:14.362791+00:00,,,640,480
daheng_sn_FDE23080341,318,175335625000000,175335625000000,175335625000000,2026-09-05T05:36:14.381788+00:00,3745,9682964404275,1920,1200
directshow_index_1,316,175335734000000,175335734000000,175335734000000,2026-09-05T05:36:14.456487+00:00,,,640,480
daheng_sn_FDE23080341,319,175335718000000,175335718000000,175335718000000,2026-09-05T05:36:14.478480+00:00,3758,9683064306675,1920,1200
directshow_index_1,317,175335828000000,175335828000000,175335828000000,2026-09-05T05:36:14.548733+00:00,,,640,480
daheng_sn_FDE23080341,320,175335812000000,175335812000000,175335812000000,2026-09-05T05:36:14.568592+00:00,3770,9683156524275,1920,1200
directshow_index_1,318,175335921000000,175335921000000,175335921000000,2026-09-05T05:36:14.646522+00:00,,,640,480
daheng_sn_FDE23080341,321,175335906000000,175335906000000,175335906000000,2026-09-05T05:36:14.670615+00:00,3782,9683248741875,1920,1200
directshow_index_1,319,175336015000000,175336015000000,175336015000000,2026-09-05T05:36:14.739003+00:00,,,640,480
daheng_sn_FDE23080341,322,175336000000000,175336000000000,175336000000000,2026-09-05T05:36:14.756531+00:00,3794,9683340959475,1920,1200
directshow_index_1,320,175336109000000,175336109000000,175336109000000,2026-09-05T05:36:14.835242+00:00,,,640,480
daheng_sn_FDE23080341,323,175336093000000,175336093000000,175336093000000,2026-09-05T05:36:14.858830+00:00,3806,9683433177075,1920,1200
directshow_index_1,321,175336203000000,175336203000000,175336203000000,2026-09-05T05:36:14.926915+00:00,,,640,480
daheng_sn_FDE23080341,324,175336187000000,175336187000000,175336187000000,2026-09-05T05:36:14.946573+00:00,3819,9683533079475,1920,1200
directshow_index_1,322,175336296000000,175336296000000,175336296000000,2026-09-05T05:36:15.018371+00:00,,,640,480
daheng_sn_FDE23080341,325,175336281000000,175336281000000,175336281000000,2026-09-05T05:36:15.046861+00:00,3831,9683625297075,1920,1200
directshow_index_1,323,175336390000000,175336390000000,175336390000000,2026-09-05T05:36:15.116986+00:00,,,640,480
daheng_sn_FDE23080341,326,175336375000000,175336375000000,175336375000000,2026-09-05T05:36:15.132986+00:00,3843,9683717514675,1920,1200
directshow_index_1,324,175336484000000,175336484000000,175336484000000,2026-09-05T05:36:15.210229+00:00,,,640,480
daheng_sn_FDE23080341,327,175336468000000,175336468000000,175336468000000,2026-09-05T05:36:15.243761+00:00,3855,9683809732275,1920,1200
directshow_index_1,325,175336578000000,175336578000000,175336578000000,2026-09-05T05:36:15.302140+00:00,,,640,480
daheng_sn_FDE23080341,328,175336562000000,175336562000000,175336562000000,2026-09-05T05:36:15.325473+00:00,3867,9683901949875,1920,1200
directshow_index_1,326,175336671000000,175336671000000,175336671000000,2026-09-05T05:36:15.395163+00:00,,,640,480
daheng_sn_FDE23080341,329,175336656000000,175336656000000,175336656000000,2026-09-05T05:36:15.410684+00:00,3879,9683994167475,1920,1200
directshow_index_1,327,175336765000000,175336765000000,175336765000000,2026-09-05T05:36:15.486498+00:00,,,640,480
daheng_sn_FDE23080341,330,175336750000000,175336750000000,175336750000000,2026-09-05T05:36:15.513917+00:00,3892,9684094069875,1920,1200
directshow_index_1,328,175336859000000,175336859000000,175336859000000,2026-09-05T05:36:15.584149+00:00,,,640,480
daheng_sn_FDE23080341,331,175336843000000,175336843000000,175336843000000,2026-09-05T05:36:15.599558+00:00,3904,9684186287475,1920,1200
directshow_index_1,329,175336953000000,175336953000000,175336953000000,2026-09-05T05:36:15.676574+00:00,,,640,480
daheng_sn_FDE23080341,332,175336937000000,175336937000000,175336937000000,2026-09-05T05:36:15.697587+00:00,3916,9684278505075,1920,1200
directshow_index_1,330,175337046000000,175337046000000,175337046000000,2026-09-05T05:36:15.770763+00:00,,,640,480
daheng_sn_FDE23080341,333,175337031000000,175337031000000,175337031000000,2026-09-05T05:36:15.790880+00:00,3928,9684370722675,1920,1200
directshow_index_1,331,175337140000000,175337140000000,175337140000000,2026-09-05T05:36:15.862523+00:00,,,640,480
daheng_sn_FDE23080341,334,175337125000000,175337125000000,175337125000000,2026-09-05T05:36:15.881317+00:00,3941,9684470625075,1920,1200
directshow_index_1,332,175337234000000,175337234000000,175337234000000,2026-09-05T05:36:15.960856+00:00,,,640,480
daheng_sn_FDE23080341,335,175337218000000,175337218000000,175337218000000,2026-09-05T05:36:15.977194+00:00,3952,9684555157875,1920,1200
directshow_index_1,333,175337328000000,175337328000000,175337328000000,2026-09-05T05:36:16.054369+00:00,,,640,480
daheng_sn_FDE23080341,336,175337312000000,175337312000000,175337312000000,2026-09-05T05:36:16.070950+00:00,3965,9684655060275,1920,1200
directshow_index_1,334,175337421000000,175337421000000,175337421000000,2026-09-05T05:36:16.145790+00:00,,,640,480
daheng_sn_FDE23080341,337,175337406000000,175337406000000,175337406000000,2026-09-05T05:36:16.165311+00:00,3977,9684747277875,1920,1200
directshow_index_1,335,175337515000000,175337515000000,175337515000000,2026-09-05T05:36:16.240376+00:00,,,640,480
daheng_sn_FDE23080341,338,175337500000000,175337500000000,175337500000000,2026-09-05T05:36:16.263905+00:00,3989,9684839495475,1920,1200
directshow_index_1,336,175337609000000,175337609000000,175337609000000,2026-09-05T05:36:16.332041+00:00,,,640,480
daheng_sn_FDE23080341,339,175337593000000,175337593000000,175337593000000,2026-09-05T05:36:16.351004+00:00,4002,9684939397875,1920,1200
directshow_index_1,337,175337703000000,175337703000000,175337703000000,2026-09-05T05:36:16.426798+00:00,,,640,480
daheng_sn_FDE23080341,340,175337687000000,175337687000000,175337687000000,2026-09-05T05:36:16.447040+00:00,4013,9685023930675,1920,1200
directshow_index_1,338,175337796000000,175337796000000,175337796000000,2026-09-05T05:36:16.518465+00:00,,,640,480
daheng_sn_FDE23080341,341,175337781000000,175337781000000,175337781000000,2026-09-05T05:36:16.538580+00:00,4026,9685123833075,1920,1200
directshow_index_1,339,175337890000000,175337890000000,175337890000000,2026-09-05T05:36:16.614892+00:00,,,640,480
daheng_sn_FDE23080341,342,175337875000000,175337875000000,175337875000000,2026-09-05T05:36:16.632886+00:00,4038,9685216050675,1920,1200
directshow_index_1,340,175337984000000,175337984000000,175337984000000,2026-09-05T05:36:16.709136+00:00,,,640,480
daheng_sn_FDE23080341,343,175337968000000,175337968000000,175337968000000,2026-09-05T05:36:16.731316+00:00,4051,9685315953075,1920,1200
directshow_index_1,341,175338078000000,175338078000000,175338078000000,2026-09-05T05:36:16.801584+00:00,,,640,480
daheng_sn_FDE23080341,344,175338062000000,175338062000000,175338062000000,2026-09-05T05:36:16.818545+00:00,4063,9685408170675,1920,1200
directshow_index_1,342,175338171000000,175338171000000,175338171000000,2026-09-05T05:36:16.895283+00:00,,,640,480
daheng_sn_FDE23080341,345,175338156000000,175338156000000,175338156000000,2026-09-05T05:36:16.917188+00:00,4074,9685492703475,1920,1200
directshow_index_1,343,175338265000000,175338265000000,175338265000000,2026-09-05T05:36:16.988223+00:00,,,640,480
daheng_sn_FDE23080341,346,175338250000000,175338250000000,175338250000000,2026-09-05T05:36:17.010452+00:00,4087,9685592605875,1920,1200
directshow_index_1,344,175338359000000,175338359000000,175338359000000,2026-09-05T05:36:17.082300+00:00,,,640,480
daheng_sn_FDE23080341,347,175338343000000,175338343000000,175338343000000,2026-09-05T05:36:17.112599+00:00,4099,9685684823475,1920,1200
directshow_index_1,345,175338453000000,175338453000000,175338453000000,2026-09-05T05:36:17.175016+00:00,,,640,480
daheng_sn_FDE23080341,348,175338437000000,175338437000000,175338437000000,2026-09-05T05:36:17.194032+00:00,4111,9685777041075,1920,1200
directshow_index_1,346,175338546000000,175338546000000,175338546000000,2026-09-05T05:36:17.269346+00:00,,,640,480
daheng_sn_FDE23080341,349,175338531000000,175338531000000,175338531000000,2026-09-05T05:36:17.294356+00:00,4124,9685876943475,1920,1200
directshow_index_1,347,175338640000000,175338640000000,175338640000000,2026-09-05T05:36:17.364622+00:00,,,640,480
daheng_sn_FDE23080341,350,175338625000000,175338625000000,175338625000000,2026-09-05T05:36:17.387178+00:00,4136,9685969161075,1920,1200
directshow_index_1,348,175338734000000,175338734000000,175338734000000,2026-09-05T05:36:17.456785+00:00,,,640,480
daheng_sn_FDE23080341,351,175338718000000,175338718000000,175338718000000,2026-09-05T05:36:17.481511+00:00,4148,9686061378675,1920,1200
directshow_index_1,349,175338828000000,175338828000000,175338828000000,2026-09-05T05:36:17.550856+00:00,,,640,480
daheng_sn_FDE23080341,352,175338812000000,175338812000000,175338812000000,2026-09-05T05:36:17.572853+00:00,4160,9686153596275,1920,1200
directshow_index_1,350,175338921000000,175338921000000,175338921000000,2026-09-05T05:36:17.643116+00:00,,,640,480
daheng_sn_FDE23080341,353,175338906000000,175338906000000,175338906000000,2026-09-05T05:36:17.668388+00:00,4172,9686245813875,1920,1200
directshow_index_1,351,175339015000000,175339015000000,175339015000000,2026-09-05T05:36:17.741688+00:00,,,640,480
daheng_sn_FDE23080341,354,175339000000000,175339000000000,175339000000000,2026-09-05T05:36:17.760594+00:00,4185,9686345716275,1920,1200
directshow_index_1,352,175339109000000,175339109000000,175339109000000,2026-09-05T05:36:17.833389+00:00,,,640,480
daheng_sn_FDE23080341,355,175339093000000,175339093000000,175339093000000,2026-09-05T05:36:17.850657+00:00,4196,9686430249075,1920,1200
directshow_index_1,353,175339203000000,175339203000000,175339203000000,2026-09-05T05:36:17.924832+00:00,,,640,480
daheng_sn_FDE23080341,356,175339187000000,175339187000000,175339187000000,2026-09-05T05:36:17.942456+00:00,4209,9686530151475,1920,1200
directshow_index_1,354,175339296000000,175339296000000,175339296000000,2026-09-05T05:36:18.024763+00:00,,,640,480
daheng_sn_FDE23080341,357,175339281000000,175339281000000,175339281000000,2026-09-05T05:36:18.042589+00:00,4221,9686622369075,1920,1200
directshow_index_1,355,175339390000000,175339390000000,175339390000000,2026-09-05T05:36:18.110943+00:00,,,640,480
daheng_sn_FDE23080341,358,175339375000000,175339375000000,175339375000000,2026-09-05T05:36:18.141947+00:00,4233,9686714586675,1920,1200
directshow_index_1,356,175339484000000,175339484000000,175339484000000,2026-09-05T05:36:18.208654+00:00,,,640,480
daheng_sn_FDE23080341,359,175339468000000,175339468000000,175339468000000,2026-09-05T05:36:18.224840+00:00,4245,9686806804275,1920,1200
directshow_index_1,357,175339578000000,175339578000000,175339578000000,2026-09-05T05:36:18.306377+00:00,,,640,480
daheng_sn_FDE23080341,360,175339562000000,175339562000000,175339562000000,2026-09-05T05:36:18.319364+00:00,4258,9686906706675,1920,1200
directshow_index_1,358,175339671000000,175339671000000,175339671000000,2026-09-05T05:36:18.397736+00:00,,,640,480
daheng_sn_FDE23080341,361,175339656000000,175339656000000,175339656000000,2026-09-05T05:36:18.410268+00:00,4270,9686998924275,1920,1200
directshow_index_1,359,175339765000000,175339765000000,175339765000000,2026-09-05T05:36:18.492292+00:00,,,640,480
daheng_sn_FDE23080341,362,175339750000000,175339750000000,175339750000000,2026-09-05T05:36:18.511824+00:00,4282,9687091141875,1920,1200
directshow_index_1,360,175339859000000,175339859000000,175339859000000,2026-09-05T05:36:18.583493+00:00,,,640,480
daheng_sn_FDE23080341,363,175339843000000,175339843000000,175339843000000,2026-09-05T05:36:18.596033+00:00,4295,9687191044275,1920,1200
directshow_index_1,361,175339953000000,175339953000000,175339953000000,2026-09-05T05:36:18.675698+00:00,,,640,480
daheng_sn_FDE23080341,364,175339937000000,175339937000000,175339937000000,2026-09-05T05:36:18.687698+00:00,4306,9687275577075,1920,1200
directshow_index_1,362,175340046000000,175340046000000,175340046000000,2026-09-05T05:36:18.767629+00:00,,,640,480
daheng_sn_FDE23080341,365,175340031000000,175340031000000,175340031000000,2026-09-05T05:36:18.785142+00:00,4319,9687375479475,1920,1200
directshow_index_1,363,175340140000000,175340140000000,175340140000000,2026-09-05T05:36:18.864650+00:00,,,640,480
daheng_sn_FDE23080341,366,175340125000000,175340125000000,175340125000000,2026-09-05T05:36:18.879652+00:00,4331,9687467697075,1920,1200
directshow_index_1,364,175340234000000,175340234000000,175340234000000,2026-09-05T05:36:18.958196+00:00,,,640,480
daheng_sn_FDE23080341,367,175340218000000,175340218000000,175340218000000,2026-09-05T05:36:18.970933+00:00,4343,9687559914675,1920,1200
directshow_index_1,365,175340328000000,175340328000000,175340328000000,2026-09-05T05:36:19.049934+00:00,,,640,480
daheng_sn_FDE23080341,368,175340312000000,175340312000000,175340312000000,2026-09-05T05:36:19.060738+00:00,4355,9687652132275,1920,1200
directshow_index_1,366,175340421000000,175340421000000,175340421000000,2026-09-05T05:36:19.147941+00:00,,,640,480
daheng_sn_FDE23080341,369,175340406000000,175340406000000,175340406000000,2026-09-05T05:36:19.157299+00:00,4368,9687752034675,1920,1200
directshow_index_1,367,175340515000000,175340515000000,175340515000000,2026-09-05T05:36:19.237890+00:00,,,640,480
daheng_sn_FDE23080341,370,175340500000000,175340500000000,175340500000000,2026-09-05T05:36:19.250711+00:00,4380,9687844252275,1920,1200
directshow_index_1,368,175340609000000,175340609000000,175340609000000,2026-09-05T05:36:19.330929+00:00,,,640,480
daheng_sn_FDE23080341,371,175340593000000,175340593000000,175340593000000,2026-09-05T05:36:19.342930+00:00,4392,9687936469875,1920,1200
directshow_index_1,369,175340703000000,175340703000000,175340703000000,2026-09-05T05:36:19.428902+00:00,,,640,480
daheng_sn_FDE23080341,372,175340687000000,175340687000000,175340687000000,2026-09-05T05:36:19.448896+00:00,4404,9688028687475,1920,1200
directshow_index_1,370,175340796000000,175340796000000,175340796000000,2026-09-05T05:36:19.521491+00:00,,,640,480
daheng_sn_FDE23080341,373,175340781000000,175340781000000,175340781000000,2026-09-05T05:36:19.536103+00:00,4417,9688128589875,1920,1200
directshow_index_1,371,175340890000000,175340890000000,175340890000000,2026-09-05T05:36:19.613062+00:00,,,640,480
daheng_sn_FDE23080341,374,175340875000000,175340875000000,175340875000000,2026-09-05T05:36:19.632060+00:00,4429,9688220807475,1920,1200
directshow_index_1,372,175340984000000,175340984000000,175340984000000,2026-09-05T05:36:19.705544+00:00,,,640,480
daheng_sn_FDE23080341,375,175340968000000,175340968000000,175340968000000,2026-09-05T05:36:19.730772+00:00,4441,9688313025075,1920,1200
directshow_index_1,373,175341078000000,175341078000000,175341078000000,2026-09-05T05:36:19.804895+00:00,,,640,480
daheng_sn_FDE23080341,376,175341062000000,175341062000000,175341062000000,2026-09-05T05:36:19.840698+00:00,4453,9688405242675,1920,1200
directshow_index_1,374,175341171000000,175341171000000,175341171000000,2026-09-05T05:36:19.898747+00:00,,,640,480
daheng_sn_FDE23080341,377,175341156000000,175341156000000,175341156000000,2026-09-05T05:36:19.918148+00:00,4465,9688497460275,1920,1200
directshow_index_1,375,175341265000000,175341265000000,175341265000000,2026-09-05T05:36:19.991186+00:00,,,640,480
daheng_sn_FDE23080341,378,175341250000000,175341250000000,175341250000000,2026-09-05T05:36:20.016371+00:00,4477,9688589677875,1920,1200
directshow_index_1,376,175341359000000,175341359000000,175341359000000,2026-09-05T05:36:20.083749+00:00,,,640,480
daheng_sn_FDE23080341,379,175341343000000,175341343000000,175341343000000,2026-09-05T05:36:20.107594+00:00,4489,9688681895475,1920,1200
directshow_index_1,377,175341453000000,175341453000000,175341453000000,2026-09-05T05:36:20.176270+00:00,,,640,480
daheng_sn_FDE23080341,380,175341437000000,175341437000000,175341437000000,2026-09-05T05:36:20.198321+00:00,4502,9688781797875,1920,1200
directshow_index_1,378,175341546000000,175341546000000,175341546000000,2026-09-05T05:36:20.268206+00:00,,,640,480
daheng_sn_FDE23080341,381,175341531000000,175341531000000,175341531000000,2026-09-05T05:36:20.292630+00:00,4513,9688866330675,1920,1200
directshow_index_1,379,175341640000000,175341640000000,175341640000000,2026-09-05T05:36:20.364515+00:00,,,640,480
daheng_sn_FDE23080341,382,175341625000000,175341625000000,175341625000000,2026-09-05T05:36:20.388428+00:00,4526,9688966233075,1920,1200
directshow_index_1,380,175341734000000,175341734000000,175341734000000,2026-09-05T05:36:20.459562+00:00,,,640,480
daheng_sn_FDE23080341,383,175341718000000,175341718000000,175341718000000,2026-09-05T05:36:20.483349+00:00,4539,9689066135475,1920,1200
directshow_index_1,381,175341828000000,175341828000000,175341828000000,2026-09-05T05:36:20.550524+00:00,,,640,480
daheng_sn_FDE23080341,384,175341812000000,175341812000000,175341812000000,2026-09-05T05:36:20.569657+00:00,4550,9689150668275,1920,1200
directshow_index_1,382,175341921000000,175341921000000,175341921000000,2026-09-05T05:36:20.647661+00:00,,,640,480
daheng_sn_FDE23080341,385,175341906000000,175341906000000,175341906000000,2026-09-05T05:36:20.662437+00:00,4563,9689250570675,1920,1200
directshow_index_1,383,175342015000000,175342015000000,175342015000000,2026-09-05T05:36:20.738426+00:00,,,640,480
daheng_sn_FDE23080341,386,175342000000000,175342000000000,175342000000000,2026-09-05T05:36:20.759505+00:00,4575,9689342788275,1920,1200
directshow_index_1,384,175342109000000,175342109000000,175342109000000,2026-09-05T05:36:20.831822+00:00,,,640,480
daheng_sn_FDE23080341,387,175342093000000,175342093000000,175342093000000,2026-09-05T05:36:20.855454+00:00,4587,9689435005875,1920,1200
directshow_index_1,385,175342203000000,175342203000000,175342203000000,2026-09-05T05:36:20.925371+00:00,,,640,480
daheng_sn_FDE23080341,388,175342187000000,175342187000000,175342187000000,2026-09-05T05:36:20.949183+00:00,4599,9689527223475,1920,1200
directshow_index_1,386,175342296000000,175342296000000,175342296000000,2026-09-05T05:36:21.019222+00:00,,,640,480
daheng_sn_FDE23080341,389,175342281000000,175342281000000,175342281000000,2026-09-05T05:36:21.044229+00:00,4611,9689619441075,1920,1200
directshow_index_1,387,175342390000000,175342390000000,175342390000000,2026-09-05T05:36:21.112404+00:00,,,640,480
daheng_sn_FDE23080341,390,175342375000000,175342375000000,175342375000000,2026-09-05T05:36:21.138401+00:00,4624,9689719343475,1920,1200
directshow_index_1,388,175342484000000,175342484000000,175342484000000,2026-09-05T05:36:21.211447+00:00,,,640,480
daheng_sn_FDE23080341,391,175342468000000,175342468000000,175342468000000,2026-09-05T05:36:21.223972+00:00,4636,9689811561075,1920,1200
directshow_index_1,389,175342578000000,175342578000000,175342578000000,2026-09-05T05:36:21.304582+00:00,,,640,480
daheng_sn_FDE23080341,392,175342562000000,175342562000000,175342562000000,2026-09-05T05:36:21.317292+00:00,4648,9689903778675,1920,1200
directshow_index_1,390,175342671000000,175342671000000,175342671000000,2026-09-05T05:36:21.395746+00:00,,,640,480
daheng_sn_FDE23080341,393,175342656000000,175342656000000,175342656000000,2026-09-05T05:36:21.417014+00:00,4661,9690003681075,1920,1200
directshow_index_1,391,175342765000000,175342765000000,175342765000000,2026-09-05T05:36:21.487182+00:00,,,640,480
daheng_sn_FDE23080341,394,175342750000000,175342750000000,175342750000000,2026-09-05T05:36:21.508320+00:00,4673,9690095898675,1920,1200
directshow_index_1,392,175342859000000,175342859000000,175342859000000,2026-09-05T05:36:21.584486+00:00,,,640,480
daheng_sn_FDE23080341,395,175342843000000,175342843000000,175342843000000,2026-09-05T05:36:21.598854+00:00,4684,9690180431475,1920,1200
directshow_index_1,393,175342953000000,175342953000000,175342953000000,2026-09-05T05:36:21.677317+00:00,,,640,480
daheng_sn_FDE23080341,396,175342937000000,175342937000000,175342937000000,2026-09-05T05:36:21.696293+00:00,4697,9690280333875,1920,1200
directshow_index_1,394,175343046000000,175343046000000,175343046000000,2026-09-05T05:36:21.769205+00:00,,,640,480
daheng_sn_FDE23080341,397,175343031000000,175343031000000,175343031000000,2026-09-05T05:36:21.791721+00:00,4709,9690372551475,1920,1200
directshow_index_1,395,175343140000000,175343140000000,175343140000000,2026-09-05T05:36:21.863199+00:00,,,640,480
daheng_sn_FDE23080341,398,175343125000000,175343125000000,175343125000000,2026-09-05T05:36:21.888480+00:00,4721,9690464769075,1920,1200
directshow_index_1,396,175343234000000,175343234000000,175343234000000,2026-09-05T05:36:21.959995+00:00,,,640,480
daheng_sn_FDE23080341,399,175343218000000,175343218000000,175343218000000,2026-09-05T05:36:21.975162+00:00,4734,9690564671475,1920,1200
directshow_index_1,397,175343328000000,175343328000000,175343328000000,2026-09-05T05:36:22.051657+00:00,,,640,480
daheng_sn_FDE23080341,400,175343312000000,175343312000000,175343312000000,2026-09-05T05:36:22.073660+00:00,4746,9690656889075,1920,1200
directshow_index_1,398,175343421000000,175343421000000,175343421000000,2026-09-05T05:36:22.151807+00:00,,,640,480
daheng_sn_FDE23080341,401,175343406000000,175343406000000,175343406000000,2026-09-05T05:36:22.169826+00:00,4758,9690749106675,1920,1200
directshow_index_1,399,175343515000000,175343515000000,175343515000000,2026-09-05T05:36:22.238525+00:00,,,640,480
daheng_sn_FDE23080341,402,175343500000000,175343500000000,175343500000000,2026-09-05T05:36:22.261520+00:00,4770,9690841324275,1920,1200
directshow_index_1,400,175343609000000,175343609000000,175343609000000,2026-09-05T05:36:22.330710+00:00,,,640,480
daheng_sn_FDE23080341,403,175343593000000,175343593000000,175343593000000,2026-09-05T05:36:22.353005+00:00,4782,9690933541875,1920,1200
directshow_index_1,401,175343703000000,175343703000000,175343703000000,2026-09-05T05:36:22.429743+00:00,,,640,480
daheng_sn_FDE23080341,404,175343687000000,175343687000000,175343687000000,2026-09-05T05:36:22.445399+00:00,4795,9691033444275,1920,1200
directshow_index_1,402,175343796000000,175343796000000,175343796000000,2026-09-05T05:36:22.521969+00:00,,,640,480
daheng_sn_FDE23080341,405,175343781000000,175343781000000,175343781000000,2026-09-05T05:36:22.536605+00:00,4807,9691125661875,1920,1200
directshow_index_1,403,175343890000000,175343890000000,175343890000000,2026-09-05T05:36:22.614575+00:00,,,640,480
daheng_sn_FDE23080341,406,175343875000000,175343875000000,175343875000000,2026-09-05T05:36:22.633572+00:00,4819,9691217879475,1920,1200
directshow_index_1,404,175343984000000,175343984000000,175343984000000,2026-09-05T05:36:22.708333+00:00,,,640,480
daheng_sn_FDE23080341,407,175343968000000,175343968000000,175343968000000,2026-09-05T05:36:22.726258+00:00,4831,9691310097075,1920,1200
directshow_index_1,405,175344078000000,175344078000000,175344078000000,2026-09-05T05:36:22.805402+00:00,,,640,480
daheng_sn_FDE23080341,408,175344062000000,175344062000000,175344062000000,2026-09-05T05:36:22.817735+00:00,4843,9691402314675,1920,1200
directshow_index_1,406,175344171000000,175344171000000,175344171000000,2026-09-05T05:36:22.895899+00:00,,,640,480
daheng_sn_FDE23080341,409,175344156000000,175344156000000,175344156000000,2026-09-05T05:36:22.917139+00:00,4856,9691502217075,1920,1200
directshow_index_1,407,175344265000000,175344265000000,175344265000000,2026-09-05T05:36:22.987541+00:00,,,640,480
daheng_sn_FDE23080341,410,175344250000000,175344250000000,175344250000000,2026-09-05T05:36:23.010550+00:00,4868,9691594434675,1920,1200
directshow_index_1,408,175344359000000,175344359000000,175344359000000,2026-09-05T05:36:23.079546+00:00,,,640,480
daheng_sn_FDE23080341,411,175344343000000,175344343000000,175344343000000,2026-09-05T05:36:23.099654+00:00,4880,9691686652275,1920,1200
directshow_index_1,409,175344453000000,175344453000000,175344453000000,2026-09-05T05:36:23.178852+00:00,,,640,480
daheng_sn_FDE23080341,412,175344437000000,175344437000000,175344437000000,2026-09-05T05:36:23.195848+00:00,4892,9691778869875,1920,1200
directshow_index_1,410,175344546000000,175344546000000,175344546000000,2026-09-05T05:36:23.270643+00:00,,,640,480
daheng_sn_FDE23080341,413,175344531000000,175344531000000,175344531000000,2026-09-05T05:36:23.289645+00:00,4905,9691878772275,1920,1200
directshow_index_1,411,175344640000000,175344640000000,175344640000000,2026-09-05T05:36:23.362726+00:00,,,640,480
daheng_sn_FDE23080341,414,175344625000000,175344625000000,175344625000000,2026-09-05T05:36:23.385693+00:00,4917,9691970989875,1920,1200
directshow_index_1,412,175344734000000,175344734000000,175344734000000,2026-09-05T05:36:23.455101+00:00,,,640,480
daheng_sn_FDE23080341,415,175344718000000,175344718000000,175344718000000,2026-09-05T05:36:23.475309+00:00,4929,9692063207475,1920,1200
directshow_index_1,413,175344828000000,175344828000000,175344828000000,2026-09-05T05:36:23.554716+00:00,,,640,480
daheng_sn_FDE23080341,416,175344812000000,175344812000000,175344812000000,2026-09-05T05:36:23.566502+00:00,4941,9692155425075,1920,1200
directshow_index_1,414,175344921000000,175344921000000,175344921000000,2026-09-05T05:36:23.647791+00:00,,,640,480
daheng_sn_FDE23080341,417,175344906000000,175344906000000,175344906000000,2026-09-05T05:36:23.664333+00:00,4953,9692247642675,1920,1200
directshow_index_1,415,175345015000000,175345015000000,175345015000000,2026-09-05T05:36:23.738174+00:00,,,640,480
daheng_sn_FDE23080341,418,175345000000000,175345000000000,175345000000000,2026-09-05T05:36:23.757173+00:00,4965,9692339860275,1920,1200
directshow_index_1,416,175345109000000,175345109000000,175345109000000,2026-09-05T05:36:23.830970+00:00,,,640,480
daheng_sn_FDE23080341,419,175345093000000,175345093000000,175345093000000,2026-09-05T05:36:23.848897+00:00,4977,9692432077875,1920,1200
directshow_index_1,417,175345203000000,175345203000000,175345203000000,2026-09-05T05:36:23.931645+00:00,,,640,480
daheng_sn_FDE23080341,420,175345187000000,175345187000000,175345187000000,2026-09-05T05:36:23.939626+00:00,4990,9692531980275,1920,1200
directshow_index_1,418,175345296000000,175345296000000,175345296000000,2026-09-05T05:36:24.017417+00:00,,,640,480
daheng_sn_FDE23080341,421,175345281000000,175345281000000,175345281000000,2026-09-05T05:36:24.032416+00:00,5002,9692624197875,1920,1200
directshow_index_1,419,175345390000000,175345390000000,175345390000000,2026-09-05T05:36:24.113597+00:00,,,640,480
daheng_sn_FDE23080341,422,175345375000000,175345375000000,175345375000000,2026-09-05T05:36:24.128151+00:00,5014,9692716415475,1920,1200
directshow_index_1,420,175345484000000,175345484000000,175345484000000,2026-09-05T05:36:24.213910+00:00,,,640,480
daheng_sn_FDE23080341,423,175345468000000,175345468000000,175345468000000,2026-09-05T05:36:24.226625+00:00,5026,9692808633075,1920,1200
directshow_index_1,421,175345578000000,175345578000000,175345578000000,2026-09-05T05:36:24.300274+00:00,,,640,480
daheng_sn_FDE23080341,424,175345562000000,175345562000000,175345562000000,2026-09-05T05:36:24.319350+00:00,5038,9692900850675,1920,1200
directshow_index_1,422,175345671000000,175345671000000,175345671000000,2026-09-05T05:36:24.396244+00:00,,,640,480
daheng_sn_FDE23080341,425,175345656000000,175345656000000,175345656000000,2026-09-05T05:36:24.412775+00:00,5050,9692993068275,1920,1200
directshow_index_1,423,175345765000000,175345765000000,175345765000000,2026-09-05T05:36:24.487055+00:00,,,640,480
daheng_sn_FDE23080341,426,175345750000000,175345750000000,175345750000000,2026-09-05T05:36:24.503060+00:00,5063,9693092970675,1920,1200
directshow_index_1,424,175345859000000,175345859000000,175345859000000,2026-09-05T05:36:24.583482+00:00,,,640,480
daheng_sn_FDE23080341,427,175345843000000,175345843000000,175345843000000,2026-09-05T05:36:24.606332+00:00,5075,9693185188275,1920,1200
directshow_index_1,425,175345953000000,175345953000000,175345953000000,2026-09-05T05:36:24.675359+00:00,,,640,480
daheng_sn_FDE23080341,428,175345937000000,175345937000000,175345937000000,2026-09-05T05:36:24.700562+00:00,5087,9693277405875,1920,1200
directshow_index_1,426,175346046000000,175346046000000,175346046000000,2026-09-05T05:36:24.768064+00:00,,,640,480
daheng_sn_FDE23080341,429,175346031000000,175346031000000,175346031000000,2026-09-05T05:36:24.788061+00:00,5100,9693377308275,1920,1200
directshow_index_1,427,175346140000000,175346140000000,175346140000000,2026-09-05T05:36:24.865285+00:00,,,640,480
daheng_sn_FDE23080341,430,175346125000000,175346125000000,175346125000000,2026-09-05T05:36:24.880671+00:00,5112,9693469525875,1920,1200
directshow_index_1,428,175346234000000,175346234000000,175346234000000,2026-09-05T05:36:24.957615+00:00,,,640,480
daheng_sn_FDE23080341,431,175346218000000,175346218000000,175346218000000,2026-09-05T05:36:24.975842+00:00,5124,9693561743475,1920,1200
directshow_index_1,429,175346328000000,175346328000000,175346328000000,2026-09-05T05:36:25.052170+00:00,,,640,480
daheng_sn_FDE23080341,432,175346312000000,175346312000000,175346312000000,2026-09-05T05:36:25.082729+00:00,5136,9693653961075,1920,1200
directshow_index_1,430,175346421000000,175346421000000,175346421000000,2026-09-05T05:36:25.146436+00:00,,,640,480
daheng_sn_FDE23080341,433,175346406000000,175346406000000,175346406000000,2026-09-05T05:36:25.171455+00:00,5148,9693746178675,1920,1200
directshow_index_1,431,175346515000000,175346515000000,175346515000000,2026-09-05T05:36:25.237042+00:00,,,640,480
daheng_sn_FDE23080341,434,175346500000000,175346500000000,175346500000000,2026-09-05T05:36:25.266044+00:00,5161,9693846081075,1920,1200
directshow_index_1,432,175346609000000,175346609000000,175346609000000,2026-09-05T05:36:25.331496+00:00,,,640,480
daheng_sn_FDE23080341,435,175346593000000,175346593000000,175346593000000,2026-09-05T05:36:25.353310+00:00,5173,9693938298675,1920,1200
directshow_index_1,433,175346703000000,175346703000000,175346703000000,2026-09-05T05:36:25.424539+00:00,,,640,480
daheng_sn_FDE23080341,436,175346687000000,175346687000000,175346687000000,2026-09-05T05:36:25.444537+00:00,5185,9694030516275,1920,1200
directshow_index_1,434,175346796000000,175346796000000,175346796000000,2026-09-05T05:36:25.524259+00:00,,,640,480
daheng_sn_FDE23080341,437,175346781000000,175346781000000,175346781000000,2026-09-05T05:36:25.538735+00:00,5197,9694122733875,1920,1200
directshow_index_1,435,175346890000000,175346890000000,175346890000000,2026-09-05T05:36:25.612662+00:00,,,640,480
daheng_sn_FDE23080341,438,175346875000000,175346875000000,175346875000000,2026-09-05T05:36:25.634193+00:00,5209,9694214951475,1920,1200
directshow_index_1,436,175346984000000,175346984000000,175346984000000,2026-09-05T05:36:25.712115+00:00,,,640,480
daheng_sn_FDE23080341,439,175346968000000,175346968000000,175346968000000,2026-09-05T05:36:25.731139+00:00,5222,9694314853875,1920,1200
directshow_index_1,437,175347078000000,175347078000000,175347078000000,2026-09-05T05:36:25.803907+00:00,,,640,480
daheng_sn_FDE23080341,440,175347062000000,175347062000000,175347062000000,2026-09-05T05:36:25.822020+00:00,5233,9694399386675,1920,1200
directshow_index_1,438,175347171000000,175347171000000,175347171000000,2026-09-05T05:36:25.894664+00:00,,,640,480
daheng_sn_FDE23080341,441,175347156000000,175347156000000,175347156000000,2026-09-05T05:36:25.916571+00:00,5245,9694491604275,1920,1200
directshow_index_1,439,175347265000000,175347265000000,175347265000000,2026-09-05T05:36:25.986055+00:00,,,640,480
daheng_sn_FDE23080341,442,175347250000000,175347250000000,175347250000000,2026-09-05T05:36:26.002854+00:00,5258,9694591506675,1920,1200
directshow_index_1,440,175347359000000,175347359000000,175347359000000,2026-09-05T05:36:26.084409+00:00,,,640,480
daheng_sn_FDE23080341,443,175347343000000,175347343000000,175347343000000,2026-09-05T05:36:26.097257+00:00,5270,9694683724275,1920,1200
directshow_index_1,441,175347453000000,175347453000000,175347453000000,2026-09-05T05:36:26.175817+00:00,,,640,480
daheng_sn_FDE23080341,444,175347437000000,175347437000000,175347437000000,2026-09-05T05:36:26.187825+00:00,5283,9694783626675,1920,1200
directshow_index_1,442,175347546000000,175347546000000,175347546000000,2026-09-05T05:36:26.267165+00:00,,,640,480
daheng_sn_FDE23080341,445,175347531000000,175347531000000,175347531000000,2026-09-05T05:36:26.280022+00:00,5294,9694868159475,1920,1200
directshow_index_1,443,175347640000000,175347640000000,175347640000000,2026-09-05T05:36:26.366947+00:00,,,640,480
daheng_sn_FDE23080341,446,175347625000000,175347625000000,175347625000000,2026-09-05T05:36:26.389947+00:00,5307,9694968061875,1920,1200
directshow_index_1,444,175347734000000,175347734000000,175347734000000,2026-09-05T05:36:26.458293+00:00,,,640,480
daheng_sn_FDE23080341,447,175347718000000,175347718000000,175347718000000,2026-09-05T05:36:26.467287+00:00,5319,9695060279475,1920,1200
directshow_index_1,445,175347828000000,175347828000000,175347828000000,2026-09-05T05:36:26.549714+00:00,,,640,480
daheng_sn_FDE23080341,448,175347812000000,175347812000000,175347812000000,2026-09-05T05:36:26.564843+00:00,5331,9695152497075,1920,1200
directshow_index_1,446,175347921000000,175347921000000,175347921000000,2026-09-05T05:36:26.647321+00:00,,,640,480
daheng_sn_FDE23080341,449,175347906000000,175347906000000,175347906000000,2026-09-05T05:36:26.655462+00:00,5344,9695252399475,1920,1200
directshow_index_1,447,175348015000000,175348015000000,175348015000000,2026-09-05T05:36:26.738764+00:00,,,640,480
daheng_sn_FDE23080341,450,175348000000000,175348000000000,175348000000000,2026-09-05T05:36:26.751762+00:00,5356,9695344617075,1920,1200
directshow_index_1,448,175348109000000,175348109000000,175348109000000,2026-09-05T05:36:26.834488+00:00,,,640,480
daheng_sn_FDE23080341,451,175348093000000,175348093000000,175348093000000,2026-09-05T05:36:26.842391+00:00,5368,9695436834675,1920,1200
directshow_index_1,449,175348203000000,175348203000000,175348203000000,2026-09-05T05:36:26.926845+00:00,,,640,480
daheng_sn_FDE23080341,452,175348187000000,175348187000000,175348187000000,2026-09-05T05:36:26.937798+00:00,5380,9695529052275,1920,1200
directshow_index_1,450,175348296000000,175348296000000,175348296000000,2026-09-05T05:36:27.018472+00:00,,,640,480
daheng_sn_FDE23080341,453,175348281000000,175348281000000,175348281000000,2026-09-05T05:36:27.031488+00:00,5392,9695621269875,1920,1200
directshow_index_1,451,175348390000000,175348390000000,175348390000000,2026-09-05T05:36:27.112797+00:00,,,640,480
daheng_sn_FDE23080341,454,175348375000000,175348375000000,175348375000000,2026-09-05T05:36:27.120839+00:00,5404,9695713487475,1920,1200
directshow_index_1,452,175348484000000,175348484000000,175348484000000,2026-09-05T05:36:27.204448+00:00,,,640,480
daheng_sn_FDE23080341,455,175348468000000,175348468000000,175348468000000,2026-09-05T05:36:27.215958+00:00,5417,9695813389875,1920,1200
directshow_index_1,453,175348578000000,175348578000000,175348578000000,2026-09-05T05:36:27.301047+00:00,,,640,480
daheng_sn_FDE23080341,456,175348562000000,175348562000000,175348562000000,2026-09-05T05:36:27.310047+00:00,5428,9695897922675,1920,1200
directshow_index_1,454,175348671000000,175348671000000,175348671000000,2026-09-05T05:36:27.393238+00:00,,,640,480
daheng_sn_FDE23080341,457,175348656000000,175348656000000,175348656000000,2026-09-05T05:36:27.408242+00:00,5441,9695997825075,1920,1200
directshow_index_1,455,175348765000000,175348765000000,175348765000000,2026-09-05T05:36:27.488190+00:00,,,640,480
directshow_index_1,456,175348859000000,175348859000000,175348859000000,2026-09-05T05:36:27.578898+00:00,,,640,480
