sample_index,host_utc,read_start_monotonic_ns,read_end_monotonic_ns,elapsed_s,phase,segment_index,read_retry_count,j1_position_raw,j1_target_raw,j1_position_rad,j1_target_rad,j1_voltage_raw,j1_voltage_v,j1_temperature_c,j1_current_raw,j2_position_raw,j2_target_raw,j2_position_rad,j2_target_rad,j2_voltage_raw,j2_voltage_v,j2_temperature_c,j2_current_raw,j3_position_raw,j3_target_raw,j3_position_rad,j3_target_rad,j3_voltage_raw,j3_voltage_v,j3_temperature_c,j3_current_raw,j4_position_raw,j4_target_raw,j4_position_rad,j4_target_rad,j4_voltage_raw,j4_voltage_v,j4_temperature_c,j4_current_raw,j5_position_raw,j5_target_raw,j5_position_rad,j5_target_rad,j5_voltage_raw,j5_voltage_v,j5_temperature_c,j5_current_raw
0,2026-09-05T05:35:45.986926+00:00,175307218000000,175307265000000,0.047000000,start_alignment,-1,0,2089,2089,0.101242732000,0.101242732000,76,7.6,27,0,2639,2639,0.878970991458,0.878970991458,75,7.5,26,0,2606,2606,0.840621471761,0.840621471761,76,7.6,27,0,2726,2726,0.997087512126,0.997087512126,75,7.5,27,0,2074,2074,0.012271846303,0.012271846303,75,7.5,26,1
1,2026-09-05T05:35:46.045960+00:00,175307281000000,175307328000000,0.110000000,start_alignment,-1,0,2089,2089,0.101242732000,0.101242732000,76,7.6,27,0,2639,2640,0.878970991458,0.880504972246,75,7.5,25,0,2606,2606,0.840621471761,0.840621471761,76,7.6,27,1,2726,2725,0.997087512126,0.995553531338,75,7.5,27,0,2074,2074,0.012271846303,0.012271846303,76,7.6,26,1
2,2026-09-05T05:35:46.105647+00:00,175307343000000,175307375000000,0.157000000,start_alignment,-1,0,2089,2089,0.101242732000,0.101242732000,76,7.6,27,0,2639,2640,0.878970991458,0.880504972246,75,7.5,25,0,2606,2607,0.840621471761,0.842155452549,76,7.6,27,1,2726,2724,0.997087512126,0.994019550550,75,7.5,27,1,2074,2074,0.012271846303,0.012271846303,76,7.6,26,1
3,2026-09-05T05:35:46.430524+00:00,175307656000000,175307703000000,0.485000000,online_inference,0,0,2089,2089,0.101242732000,0.101242732000,76,7.6,27,0,2639,2641,0.878970991458,0.882038953034,75,7.5,25,0,2606,2607,0.840621471761,0.842155452549,76,7.6,27,0,2726,2723,0.997087512126,0.992485569762,75,7.5,27,0,2074,2074,0.012271846303,0.012271846303,76,7.6,26,0
4,2026-09-05T05:35:46.485305+00:00,175307718000000,175307765000000,0.547000000,online_inference,0,0,2089,2089,0.101242732000,0.101242732000,76,7.6,27,0,2639,2641,0.878970991458,0.882038953034,75,7.5,25,1,2606,2607,0.840621471761,0.842155452549,76,7.6,27,0,2726,2723,0.997087512126,0.992485569762,75,7.5,27,1,2074,2074,0.012271846303,0.012271846303,76,7.6,26,0
5,2026-09-05T05:35:46.548516+00:00,175307781000000,175307828000000,0.610000000,online_inference,0,0,2089,2089,0.101242732000,0.101242732000,76,7.6,27,0,2639,2641,0.878970991458,0.882038953034,75,7.5,26,1,2606,2607,0.840621471761,0.842155452549,76,7.6,27,0,2726,2723,0.997087512126,0.992485569762,75,7.5,27,0,2074,2074,0.012271846303,0.012271846303,76,7.6,26,0
6,2026-09-05T05:35:46.622679+00:00,175307843000000,175307890000000,0.672000000,online_inference,0,0,2089,2089,0.101242732000,0.101242732000,76,7.6,27,0,2639,2641,0.878970991458,0.882038953034,75,7.5,26,1,2606,2607,0.840621471761,0.842155452549,76,7.6,27,0,2726,2723,0.997087512126,0.992485569762,75,7.5,27,1,2074,2074,0.012271846303,0.012271846303,75,7.5,26,0
7,2026-09-05T05:35:46.675700+00:00,175307906000000,175307953000000,0.735000000,online_inference,0,0,2089,2089,0.101242732000,0.101242732000,76,7.6,27,0,2639,2641,0.878970991458,0.882038953034,75,7.5,26,0,2606,2607,0.840621471761,0.842155452549,76,7.6,27,0,2726,2723,0.997087512126,0.992485569762,75,7.5,27,1,2074,2074,0.012271846303,0.012271846303,75,7.5,26,0
8,2026-09-05T05:35:46.754561+00:00,175307968000000,175308031000000,0.813000000,online_inference,0,0,2089,2089,0.101242732000,0.101242732000,76,7.6,27,0,2639,2641,0.878970991458,0.882038953034,75,7.5,25,1,2606,2607,0.840621471761,0.842155452549,76,7.6,27,0,2726,2723,0.997087512126,0.992485569762,75,7.5,27,1,2074,2074,0.012271846303,0.012271846303,76,7.6,26,0
9,2026-09-05T05:35:46.815084+00:00,175308046000000,175308093000000,0.875000000,online_inference,0,0,2089,2089,0.101242732000,0.101242732000,76,7.6,27,0,2639,2641,0.878970991458,0.882038953034,75,7.5,25,1,2606,2607,0.840621471761,0.842155452549,76,7.6,27,0,2726,2723,0.997087512126,0.992485569762,75,7.5,27,1,2074,2074,0.012271846303,0.012271846303,75,7.5,26,0
10,2026-09-05T05:35:46.888077+00:00,175308109000000,175308156000000,0.938000000,online_inference,0,0,2089,2089,0.101242732000,0.101242732000,76,7.6,27,0,2639,2641,0.878970991458,0.882038953034,75,7.5,25,1,2606,2607,0.840621471761,0.842155452549,76,7.6,27,0,2726,2723,0.997087512126,0.992485569762,75,7.5,27,1,2074,2074,0.012271846303,0.012271846303,76,7.6,26,0
11,2026-09-05T05:35:46.945430+00:00,175308187000000,175308218000000,1.000000000,online_inference,0,0,2089,2089,0.101242732000,0.101242732000,76,7.6,27,0,2639,2641,0.878970991458,0.882038953034,75,7.5,25,0,2606,2607,0.840621471761,0.842155452549,76,7.6,27,0,2726,2723,0.997087512126,0.992485569762,75,7.5,27,1,2074,2074,0.012271846303,0.012271846303,75,7.5,26,0
12,2026-09-05T05:35:47.013780+00:00,175308234000000,175308281000000,1.063000000,online_inference,0,0,2089,2089,0.101242732000,0.101242732000,76,7.6,27,0,2639,2641,0.878970991458,0.882038953034,75,7.5,26,1,2606,2607,0.840621471761,0.842155452549,75,7.5,27,0,2726,2723,0.997087512126,0.992485569762,75,7.5,27,0,2074,2074,0.012271846303,0.012271846303,76,7.6,26,0
13,2026-09-05T05:35:47.062935+00:00,175308296000000,175308343000000,1.125000000,online_inference,0,0,2089,2089,0.101242732000,0.101242732000,76,7.6,27,0,2639,2641,0.878970991458,0.882038953034,75,7.5,25,1,2606,2607,0.840621471761,0.842155452549,75,7.5,27,0,2726,2723,0.997087512126,0.992485569762,75,7.5,27,1,2074,2074,0.012271846303,0.012271846303,76,7.6,26,0
14,2026-09-05T05:35:47.134932+00:00,175308359000000,175308406000000,1.188000000,online_inference,0,0,2089,2089,0.101242732000,0.101242732000,76,7.6,27,0,2639,2641,0.878970991458,0.882038953034,75,7.5,26,0,2606,2607,0.840621471761,0.842155452549,76,7.6,27,0,2726,2723,0.997087512126,0.992485569762,75,7.5,27,0,2074,2074,0.012271846303,0.012271846303,75,7.5,26,0
15,2026-09-05T05:35:47.206526+00:00,175308421000000,175308484000000,1.266000000,online_inference,0,0,2089,2089,0.101242732000,0.101242732000,76,7.6,27,0,2639,2641,0.878970991458,0.882038953034,75,7.5,25,1,2606,2607,0.840621471761,0.842155452549,76,7.6,27,0,2726,2723,0.997087512126,0.992485569762,75,7.5,27,1,2074,2074,0.012271846303,0.012271846303,76,7.6,26,0
16,2026-09-05T05:35:47.277475+00:00,175308500000000,175308546000000,1.328000000,online_inference,0,0,2089,2089,0.101242732000,0.101242732000,76,7.6,27,0,2639,2641,0.878970991458,0.882038953034,75,7.5,26,1,2606,2607,0.840621471761,0.842155452549,76,7.6,27,0,2726,2723,0.997087512126,0.992485569762,75,7.5,27,0,2074,2074,0.012271846303,0.012271846303,75,7.5,26,0
17,2026-09-05T05:35:47.338682+00:00,175308562000000,175308609000000,1.391000000,online_inference,0,0,2089,2089,0.101242732000,0.101242732000,76,7.6,27,0,2639,2641,0.878970991458,0.882038953034,75,7.5,25,0,2606,2607,0.840621471761,0.842155452549,76,7.6,27,0,2726,2723,0.997087512126,0.992485569762,75,7.5,27,0,2074,2074,0.012271846303,0.012271846303,75,7.5,26,0
18,2026-09-05T05:35:47.410699+00:00,175308625000000,175308687000000,1.469000000,online_inference,0,0,2089,2089,0.101242732000,0.101242732000,76,7.6,27,0,2639,2641,0.878970991458,0.882038953034,75,7.5,25,1,2606,2607,0.840621471761,0.842155452549,76,7.6,27,0,2726,2723,0.997087512126,0.992485569762,75,7.5,27,1,2074,2074,0.012271846303,0.012271846303,76,7.6,26,0
19,2026-09-05T05:35:47.492773+00:00,175308703000000,175308765000000,1.547000000,online_inference,0,0,2089,2089,0.101242732000,0.101242732000,76,7.6,27,0,2639,2641,0.878970991458,0.882038953034,75,7.5,26,1,2606,2607,0.840621471761,0.842155452549,76,7.6,27,0,2726,2723,0.997087512126,0.992485569762,75,7.5,27,1,2074,2074,0.012271846303,0.012271846303,75,7.5,26,0
20,2026-09-05T05:35:47.551509+00:00,175308781000000,175308828000000,1.610000000,online_inference,0,0,2089,2089,0.101242732000,0.101242732000,76,7.6,27,0,2639,2641,0.878970991458,0.882038953034,75,7.5,26,1,2606,2607,0.840621471761,0.842155452549,76,7.6,27,0,2726,2723,0.997087512126,0.992485569762,75,7.5,27,1,2074,2074,0.012271846303,0.012271846303,75,7.5,26,0
21,2026-09-05T05:35:47.610234+00:00,175308843000000,175308890000000,1.672000000,online_inference,0,0,2089,2089,0.101242732000,0.101242732000,76,7.6,27,0,2639,2641,0.878970991458,0.882038953034,75,7.5,25,0,2606,2607,0.840621471761,0.842155452549,76,7.6,27,0,2726,2723,0.997087512126,0.992485569762,75,7.5,27,0,2074,2074,0.012271846303,0.012271846303,76,7.6,26,0
22,2026-09-05T05:35:47.690039+00:00,175308906000000,175308968000000,1.750000000,online_inference,0,0,2089,2089,0.101242732000,0.101242732000,76,7.6,27,0,2639,2641,0.878970991458,0.882038953034,75,7.5,25,1,2606,2607,0.840621471761,0.842155452549,76,7.6,27,0,2726,2723,0.997087512126,0.992485569762,75,7.5,27,1,2074,2074,0.012271846303,0.012271846303,76,7.6,26,0
23,2026-09-05T05:35:47.755352+00:00,175308984000000,175309031000000,1.813000000,online_inference,0,0,2089,2089,0.101242732000,0.101242732000,76,7.6,27,0,2639,2641,0.878970991458,0.882038953034,75,7.5,25,0,2606,2607,0.840621471761,0.842155452549,76,7.6,27,0,2726,2723,0.997087512126,0.992485569762,75,7.5,27,1,2074,2074,0.012271846303,0.012271846303,75,7.5,26,0
24,2026-09-05T05:35:47.813179+00:00,175309046000000,175309093000000,1.875000000,online_inference,0,0,2089,2089,0.101242732000,0.101242732000,76,7.6,27,0,2639,2641,0.878970991458,0.882038953034,75,7.5,25,0,2606,2607,0.840621471761,0.842155452549,76,7.6,27,0,2726,2723,0.997087512126,0.992485569762,75,7.5,27,1,2074,2074,0.012271846303,0.012271846303,75,7.5,26,0
25,2026-09-05T05:35:47.885040+00:00,175309109000000,175309156000000,1.938000000,online_inference,0,0,2089,2089,0.101242732000,0.101242732000,76,7.6,27,0,2639,2641,0.878970991458,0.882038953034,75,7.5,25,0,2606,2607,0.840621471761,0.842155452549,76,7.6,27,0,2726,2723,0.997087512126,0.992485569762,75,7.5,27,1,2074,2074,0.012271846303,0.012271846303,75,7.5,26,0
26,2026-09-05T05:35:47.951914+00:00,175309171000000,175309234000000,2.016000000,online_inference,0,0,2089,2089,0.101242732000,0.101242732000,76,7.6,27,0,2639,2641,0.878970991458,0.882038953034,75,7.5,26,1,2606,2607,0.840621471761,0.842155452549,76,7.6,27,0,2726,2723,0.997087512126,0.992485569762,75,7.5,27,1,2074,2074,0.012271846303,0.012271846303,76,7.6,26,0
27,2026-09-05T05:35:48.022956+00:00,175309250000000,175309296000000,2.078000000,online_inference,0,0,2089,2089,0.101242732000,0.101242732000,76,7.6,27,0,2639,2641,0.878970991458,0.882038953034,75,7.5,25,1,2606,2607,0.840621471761,0.842155452549,76,7.6,27,0,2726,2723,0.997087512126,0.992485569762,75,7.5,27,1,2074,2074,0.012271846303,0.012271846303,75,7.5,26,0
28,2026-09-05T05:35:48.082729+00:00,175309312000000,175309359000000,2.141000000,online_inference,0,0,2089,2089,0.101242732000,0.101242732000,76,7.6,27,0,2639,2641,0.878970991458,0.882038953034,75,7.5,25,1,2606,2607,0.840621471761,0.842155452549,76,7.6,27,0,2726,2723,0.997087512126,0.992485569762,75,7.5,27,1,2074,2074,0.012271846303,0.012271846303,76,7.6,26,0
29,2026-09-05T05:35:48.154787+00:00,175309375000000,175309437000000,2.219000000,online_inference,0,0,2089,2089,0.101242732000,0.101242732000,76,7.6,27,0,2639,2641,0.878970991458,0.882038953034,75,7.5,25,0,2606,2607,0.840621471761,0.842155452549,76,7.6,27,0,2726,2723,0.997087512126,0.992485569762,75,7.5,27,0,2074,2074,0.012271846303,0.012271846303,75,7.5,26,0
30,2026-09-05T05:35:48.236046+00:00,175309453000000,175309515000000,2.297000000,online_inference,0,0,2089,2089,0.101242732000,0.101242732000,76,7.6,27,0,2639,2641,0.878970991458,0.882038953034,75,7.5,26,1,2606,2607,0.840621471761,0.842155452549,76,7.6,27,0,2726,2723,0.997087512126,0.992485569762,75,7.5,27,1,2074,2074,0.012271846303,0.012271846303,76,7.6,26,0
31,2026-09-05T05:35:48.309453+00:00,175309531000000,175309578000000,2.360000000,online_inference,0,0,2089,2089,0.101242732000,0.101242732000,76,7.6,27,0,2639,2641,0.878970991458,0.882038953034,75,7.5,26,1,2606,2607,0.840621471761,0.842155452549,76,7.6,27,0,2726,2723,0.997087512126,0.992485569762,75,7.5,27,0,2074,2074,0.012271846303,0.012271846303,76,7.6,26,0
32,2026-09-05T05:35:48.370310+00:00,175309593000000,175309640000000,2.422000000,online_inference,0,0,2089,2089,0.101242732000,0.101242732000,76,7.6,27,0,2639,2641,0.878970991458,0.882038953034,75,7.5,26,1,2606,2607,0.840621471761,0.842155452549,76,7.6,27,0,2726,2723,0.997087512126,0.992485569762,75,7.5,27,1,2074,2074,0.012271846303,0.012271846303,76,7.6,26,0
33,2026-09-05T05:35:48.436314+00:00,175309656000000,175309718000000,2.500000000,online_inference,0,0,2089,2089,0.101242732000,0.101242732000,76,7.6,27,0,2639,2641,0.878970991458,0.882038953034,75,7.5,25,1,2606,2607,0.840621471761,0.842155452549,76,7.6,27,0,2726,2723,0.997087512126,0.992485569762,75,7.5,27,1,2074,2074,0.012271846303,0.012271846303,76,7.6,26,0
34,2026-09-05T05:35:48.523172+00:00,175309750000000,175309796000000,2.578000000,online_inference,0,0,2089,2089,0.101242732000,0.101242732000,76,7.6,27,0,2639,2641,0.878970991458,0.882038953034,75,7.5,25,0,2606,2607,0.840621471761,0.842155452549,76,7.6,27,0,2726,2723,0.997087512126,0.992485569762,75,7.5,27,1,2074,2074,0.012271846303,0.012271846303,75,7.5,26,0
35,2026-09-05T05:35:48.587425+00:00,175309812000000,175309859000000,2.641000000,online_inference,0,0,2089,2089,0.101242732000,0.101242732000,76,7.6,27,0,2639,2641,0.878970991458,0.882038953034,75,7.5,25,1,2606,2607,0.840621471761,0.842155452549,76,7.6,27,0,2726,2723,0.997087512126,0.992485569762,75,7.5,27,1,2074,2074,0.012271846303,0.012271846303,75,7.5,26,1
36,2026-09-05T05:35:48.641998+00:00,175309875000000,175309921000000,2.703000000,online_inference,0,0,2089,2089,0.101242732000,0.101242732000,76,7.6,27,0,2639,2641,0.878970991458,0.882038953034,75,7.5,25,0,2606,2607,0.840621471761,0.842155452549,76,7.6,27,0,2726,2723,0.997087512126,0.992485569762,75,7.5,27,0,2074,2074,0.012271846303,0.012271846303,75,7.5,26,0
37,2026-09-05T05:35:48.726568+00:00,175309937000000,175310000000000,2.782000000,online_inference,0,0,2089,2089,0.101242732000,0.101242732000,76,7.6,27,0,2639,2641,0.878970991458,0.882038953034,75,7.5,25,1,2606,2607,0.840621471761,0.842155452549,76,7.6,27,0,2726,2723,0.997087512126,0.992485569762,75,7.5,27,0,2074,2074,0.012271846303,0.012271846303,76,7.6,26,0
38,2026-09-05T05:35:48.795471+00:00,175310015000000,175310078000000,2.860000000,online_inference,0,0,2089,2089,0.101242732000,0.101242732000,76,7.6,27,0,2639,2641,0.878970991458,0.882038953034,75,7.5,25,0,2606,2607,0.840621471761,0.842155452549,76,7.6,27,0,2726,2723,0.997087512126,0.992485569762,75,7.5,27,1,2074,2074,0.012271846303,0.012271846303,76,7.6,26,0
39,2026-09-05T05:35:48.876635+00:00,175310093000000,175310156000000,2.938000000,online_inference,0,0,2089,2089,0.101242732000,0.101242732000,76,7.6,27,0,2639,2641,0.878970991458,0.882038953034,75,7.5,26,1,2606,2607,0.840621471761,0.842155452549,76,7.6,27,0,2726,2723,0.997087512126,0.992485569762,75,7.5,27,1,2074,2074,0.012271846303,0.012271846303,76,7.6,26,0
40,2026-09-05T05:35:48.962743+00:00,175310171000000,175310234000000,3.016000000,online_inference,0,0,2089,2089,0.101242732000,0.101242732000,76,7.6,27,0,2639,2641,0.878970991458,0.882038953034,75,7.5,25,1,2606,2607,0.840621471761,0.842155452549,76,7.6,27,0,2726,2723,0.997087512126,0.992485569762,75,7.5,27,1,2074,2074,0.012271846303,0.012271846303,75,7.5,26,0
41,2026-09-05T05:35:49.043050+00:00,175310265000000,175310312000000,3.094000000,online_inference,0,0,2089,2089,0.101242732000,0.101242732000,76,7.6,27,0,2639,2641,0.878970991458,0.882038953034,75,7.5,25,0,2606,2607,0.840621471761,0.842155452549,76,7.6,27,0,2726,2723,0.997087512126,0.992485569762,75,7.5,27,1,2074,2074,0.012271846303,0.012271846303,76,7.6,26,0
42,2026-09-05T05:35:49.102404+00:00,175310328000000,175310375000000,3.157000000,online_inference,0,0,2089,2089,0.101242732000,0.101242732000,76,7.6,27,0,2639,2641,0.878970991458,0.882038953034,75,7.5,26,1,2606,2607,0.840621471761,0.842155452549,76,7.6,27,0,2726,2723,0.997087512126,0.992485569762,75,7.5,27,1,2074,2074,0.012271846303,0.012271846303,76,7.6,26,0
43,2026-09-05T05:35:49.165267+00:00,175310390000000,175310437000000,3.219000000,online_inference,0,0,2089,2089,0.101242732000,0.101242732000,76,7.6,27,0,2639,2641,0.878970991458,0.882038953034,75,7.5,25,1,2606,2607,0.840621471761,0.842155452549,76,7.6,27,0,2726,2723,0.997087512126,0.992485569762,75,7.5,27,1,2074,2074,0.012271846303,0.012271846303,76,7.6,26,0
44,2026-09-05T05:35:49.226041+00:00,175310453000000,175310500000000,3.282000000,online_inference,0,0,2089,2089,0.101242732000,0.101242732000,76,7.6,27,0,2639,2641,0.878970991458,0.882038953034,75,7.5,25,0,2606,2607,0.840621471761,0.842155452549,76,7.6,27,0,2726,2723,0.997087512126,0.992485569762,75,7.5,27,1,2074,2074,0.012271846303,0.012271846303,76,7.6,26,0
45,2026-09-05T05:35:49.293501+00:00,175310515000000,175310562000000,3.344000000,online_inference,0,0,2089,2089,0.101242732000,0.101242732000,76,7.6,27,0,2639,2641,0.878970991458,0.882038953034,75,7.5,25,1,2606,2607,0.840621471761,0.842155452549,76,7.6,27,0,2726,2723,0.997087512126,0.992485569762,75,7.5,27,1,2074,2074,0.012271846303,0.012271846303,76,7.6,26,0
46,2026-09-05T05:35:49.359018+00:00,175310578000000,175310640000000,3.422000000,online_inference,0,0,2089,2089,0.101242732000,0.101242732000,76,7.6,27,0,2639,2641,0.878970991458,0.882038953034,75,7.5,25,1,2606,2607,0.840621471761,0.842155452549,76,7.6,27,0,2726,2723,0.997087512126,0.992485569762,75,7.5,27,1,2074,2074,0.012271846303,0.012271846303,75,7.5,26,0
47,2026-09-05T05:35:49.447248+00:00,175310656000000,175310718000000,3.500000000,online_inference,0,0,2089,2089,0.101242732000,0.101242732000,76,7.6,27,0,2639,2641,0.878970991458,0.882038953034,75,7.5,26,1,2606,2607,0.840621471761,0.842155452549,76,7.6,27,1,2726,2723,0.997087512126,0.992485569762,75,7.5,27,0,2074,2074,0.012271846303,0.012271846303,75,7.5,26,0
48,2026-09-05T05:35:49.519872+00:00,175310734000000,175310796000000,3.578000000,online_inference,0,0,2089,2089,0.101242732000,0.101242732000,76,7.6,27,0,2639,2641,0.878970991458,0.882038953034,75,7.5,25,0,2606,2607,0.840621471761,0.842155452549,76,7.6,27,0,2726,2723,0.997087512126,0.992485569762,75,7.5,27,1,2074,2074,0.012271846303,0.012271846303,75,7.5,26,0
49,2026-09-05T05:35:49.586384+00:00,175310812000000,175310859000000,3.641000000,online_inference,0,0,2089,2089,0.101242732000,0.101242732000,76,7.6,27,0,2639,2641,0.878970991458,0.882038953034,75,7.5,26,1,2606,2607,0.840621471761,0.842155452549,76,7.6,27,0,2726,2723,0.997087512126,0.992485569762,75,7.5,27,0,2074,2074,0.012271846303,0.012271846303,76,7.6,26,0
50,2026-09-05T05:35:49.654052+00:00,175310875000000,175310921000000,3.703000000,online_inference,0,0,2089,2089,0.101242732000,0.101242732000,76,7.6,27,0,2639,2641,0.878970991458,0.882038953034,75,7.5,25,0,2606,2607,0.840621471761,0.842155452549,76,7.6,27,0,2726,2723,0.997087512126,0.992485569762,75,7.5,27,1,2074,2074,0.012271846303,0.012271846303,76,7.6,26,0
51,2026-09-05T05:35:49.712111+00:00,175310937000000,175310984000000,3.766000000,online_inference,0,0,2089,2089,0.101242732000,0.101242732000,76,7.6,27,0,2639,2641,0.878970991458,0.882038953034,75,7.5,25,1,2606,2607,0.840621471761,0.842155452549,76,7.6,27,0,2726,2723,0.997087512126,0.992485569762,75,7.5,27,1,2074,2074,0.012271846303,0.012271846303,75,7.5,26,0
52,2026-09-05T05:35:49.791151+00:00,175311000000000,175311062000000,3.844000000,online_inference,0,0,2089,2089,0.101242732000,0.101242732000,76,7.6,27,0,2639,2641,0.878970991458,0.882038953034,75,7.5,25,0,2606,2607,0.840621471761,0.842155452549,76,7.6,27,0,2726,2723,0.997087512126,0.992485569762,75,7.5,27,0,2074,2074,0.012271846303,0.012271846303,76,7.6,26,0
53,2026-09-05T05:35:49.853067+00:00,175311078000000,175311125000000,3.907000000,online_inference,0,0,2089,2089,0.101242732000,0.101242732000,76,7.6,27,0,2639,2641,0.878970991458,0.882038953034,75,7.5,25,1,2606,2607,0.840621471761,0.842155452549,76,7.6,27,0,2726,2723,0.997087512126,0.992485569762,75,7.5,27,1,2074,2074,0.012271846303,0.012271846303,75,7.5,26,0
54,2026-09-05T05:35:49.918767+00:00,175311140000000,175311187000000,3.969000000,online_inference,0,0,2089,2089,0.101242732000,0.101242732000,76,7.6,27,0,2639,2641,0.878970991458,0.882038953034,75,7.5,25,1,2606,2607,0.840621471761,0.842155452549,76,7.6,27,0,2726,2723,0.997087512126,0.992485569762,75,7.5,27,0,2074,2074,0.012271846303,0.012271846303,75,7.5,26,0
55,2026-09-05T05:35:49.970351+00:00,175311203000000,175311250000000,4.032000000,online_inference,0,0,2089,2089,0.101242732000,0.101242732000,76,7.6,27,0,2639,2641,0.878970991458,0.882038953034,75,7.5,25,0,2606,2607,0.840621471761,0.842155452549,76,7.6,27,0,2726,2723,0.997087512126,0.992485569762,75,7.5,27,1,2074,2074,0.012271846303,0.012271846303,76,7.6,26,0
56,2026-09-05T05:35:50.044264+00:00,175311265000000,175311312000000,4.094000000,online_inference,0,0,2089,2089,0.101242732000,0.101242732000,76,7.6,27,0,2639,2641,0.878970991458,0.882038953034,75,7.5,25,1,2606,2607,0.840621471761,0.842155452549,76,7.6,27,0,2726,2723,0.997087512126,0.992485569762,75,7.5,27,1,2074,2074,0.012271846303,0.012271846303,76,7.6,26,0
57,2026-09-05T05:35:50.141726+00:00,175311343000000,175311421000000,4.203000000,online_inference,0,0,2089,2089,0.101242732000,0.101242732000,76,7.6,27,0,2639,2641,0.878970991458,0.882038953034,75,7.5,26,0,2606,2607,0.840621471761,0.842155452549,76,7.6,27,0,2726,2723,0.997087512126,0.992485569762,75,7.5,27,1,2074,2074,0.012271846303,0.012271846303,75,7.5,26,0
58,2026-09-05T05:35:50.229559+00:00,175311437000000,175311500000000,4.282000000,online_inference,0,0,2089,2089,0.101242732000,0.101242732000,76,7.6,27,0,2639,2641,0.878970991458,0.882038953034,75,7.5,25,1,2606,2607,0.840621471761,0.842155452549,76,7.6,27,0,2726,2723,0.997087512126,0.992485569762,75,7.5,27,1,2074,2074,0.012271846303,0.012271846303,76,7.6,26,0
59,2026-09-05T05:35:50.304836+00:00,175311515000000,175311578000000,4.360000000,online_inference,0,0,2089,2089,0.101242732000,0.101242732000,76,7.6,27,0,2639,2641,0.878970991458,0.882038953034,75,7.5,25,0,2606,2607,0.840621471761,0.842155452549,76,7.6,27,0,2726,2723,0.997087512126,0.992485569762,75,7.5,27,1,2074,2074,0.012271846303,0.012271846303,76,7.6,26,0
60,2026-09-05T05:35:50.377848+00:00,175311593000000,175311656000000,4.438000000,online_inference,0,0,2089,2089,0.101242732000,0.101242732000,76,7.6,27,0,2639,2641,0.878970991458,0.882038953034,75,7.5,25,1,2606,2607,0.840621471761,0.842155452549,76,7.6,27,0,2726,2723,0.997087512126,0.992485569762,75,7.5,27,1,2074,2074,0.012271846303,0.012271846303,76,7.6,26,0
61,2026-09-05T05:35:50.447702+00:00,175311671000000,175311718000000,4.500000000,online_inference,0,0,2089,2089,0.101242732000,0.101242732000,76,7.6,27,0,2639,2641,0.878970991458,0.882038953034,75,7.5,26,0,2606,2607,0.840621471761,0.842155452549,76,7.6,27,0,2726,2723,0.997087512126,0.992485569762,75,7.5,27,1,2074,2074,0.012271846303,0.012271846303,75,7.5,26,0
62,2026-09-05T05:35:50.508878+00:00,175311734000000,175311781000000,4.563000000,online_inference,0,0,2089,2089,0.101242732000,0.101242732000,76,7.6,27,0,2639,2641,0.878970991458,0.882038953034,75,7.5,25,1,2606,2607,0.840621471761,0.842155452549,76,7.6,27,0,2726,2723,0.997087512126,0.992485569762,75,7.5,27,1,2074,2074,0.012271846303,0.012271846303,76,7.6,26,0
63,2026-09-05T05:35:50.586782+00:00,175311796000000,175311859000000,4.641000000,online_inference,0,0,2089,2089,0.101242732000,0.101242732000,76,7.6,27,0,2639,2641,0.878970991458,0.882038953034,75,7.5,26,0,2606,2607,0.840621471761,0.842155452549,76,7.6,27,0,2726,2723,0.997087512126,0.992485569762,75,7.5,27,1,2074,2074,0.012271846303,0.012271846303,75,7.5,26,0
64,2026-09-05T05:35:50.661614+00:00,175311875000000,175311937000000,4.719000000,online_inference,0,0,2089,2089,0.101242732000,0.101242732000,76,7.6,27,0,2639,2641,0.878970991458,0.882038953034,75,7.5,26,1,2606,2607,0.840621471761,0.842155452549,76,7.6,28,0,2726,2723,0.997087512126,0.992485569762,75,7.5,27,0,2074,2074,0.012271846303,0.012271846303,76,7.6,26,0
65,2026-09-05T05:35:50.732909+00:00,175311953000000,175312015000000,4.797000000,online_inference,0,0,2089,2089,0.101242732000,0.101242732000,76,7.6,27,0,2639,2641,0.878970991458,0.882038953034,75,7.5,26,1,2606,2607,0.840621471761,0.842155452549,76,7.6,27,0,2726,2723,0.997087512126,0.992485569762,75,7.5,27,1,2074,2074,0.012271846303,0.012271846303,75,7.5,26,0
66,2026-09-05T05:35:50.791121+00:00,175312031000000,175312062000000,4.844000000,online_inference,0,0,2089,2089,0.101242732000,0.101242732000,76,7.6,27,0,2639,2641,0.878970991458,0.882038953034,75,7.5,25,0,2606,2607,0.840621471761,0.842155452549,76,7.6,27,0,2726,2723,0.997087512126,0.992485569762,75,7.5,27,1,2074,2074,0.012271846303,0.012271846303,76,7.6,26,0
67,2026-09-05T05:35:50.855020+00:00,175312078000000,175312125000000,4.907000000,online_inference,0,0,2089,2089,0.101242732000,0.101242732000,76,7.6,27,0,2639,2641,0.878970991458,0.882038953034,75,7.5,25,0,2606,2607,0.840621471761,0.842155452549,76,7.6,27,0,2726,2723,0.997087512126,0.992485569762,75,7.5,27,1,2074,2074,0.012271846303,0.012271846303,75,7.5,26,0
68,2026-09-05T05:35:50.902320+00:00,175312140000000,175312171000000,4.953000000,online_inference,0,0,2089,2089,0.101242732000,0.101242732000,76,7.6,27,0,2639,2641,0.878970991458,0.882038953034,75,7.5,25,1,2606,2607,0.840621471761,0.842155452549,76,7.6,27,0,2726,2723,0.997087512126,0.992485569762,75,7.5,27,0,2074,2074,0.012271846303,0.012271846303,75,7.5,26,0
69,2026-09-05T05:35:50.966185+00:00,175312187000000,175312234000000,5.016000000,online_inference,0,0,2089,2089,0.101242732000,0.101242732000,76,7.6,27,0,2639,2641,0.878970991458,0.882038953034,75,7.5,25,1,2606,2607,0.840621471761,0.842155452549,76,7.6,27,0,2726,2723,0.997087512126,0.992485569762,75,7.5,27,1,2074,2074,0.012271846303,0.012271846303,75,7.5,26,0
70,2026-09-05T05:35:51.044021+00:00,175312265000000,175312312000000,5.094000000,online_inference,0,0,2089,2089,0.101242732000,0.101242732000,76,7.6,27,0,2639,2641,0.878970991458,0.882038953034,75,7.5,25,1,2606,2607,0.840621471761,0.842155452549,76,7.6,27,0,2726,2723,0.997087512126,0.992485569762,75,7.5,27,1,2074,2074,0.012271846303,0.012271846303,75,7.5,26,0
71,2026-09-05T05:35:51.083048+00:00,175312328000000,175312359000000,5.141000000,online_inference,0,0,2089,2089,0.101242732000,0.101242732000,76,7.6,27,0,2639,2641,0.878970991458,0.882038953034,75,7.5,25,1,2606,2607,0.840621471761,0.842155452549,76,7.6,27,0,2726,2723,0.997087512126,0.992485569762,75,7.5,27,0,2074,2074,0.012271846303,0.012271846303,76,7.6,26,0
72,2026-09-05T05:35:51.160143+00:00,175312390000000,175312437000000,5.219000000,online_inference,0,0,2089,2089,0.101242732000,0.101242732000,76,7.6,27,0,2639,2641,0.878970991458,0.882038953034,75,7.5,26,0,2606,2607,0.840621471761,0.842155452549,76,7.6,27,0,2726,2723,0.997087512126,0.992485569762,75,7.5,27,1,2074,2074,0.012271846303,0.012271846303,75,7.5,26,0
73,2026-09-05T05:35:51.215435+00:00,175312453000000,175312484000000,5.266000000,online_inference,0,0,2089,2089,0.101242732000,0.101242732000,76,7.6,27,0,2639,2641,0.878970991458,0.882038953034,75,7.5,25,1,2606,2607,0.840621471761,0.842155452549,76,7.6,27,0,2726,2723,0.997087512126,0.992485569762,75,7.5,27,1,2074,2074,0.012271846303,0.012271846303,76,7.6,26,0
74,2026-09-05T05:35:51.280340+00:00,175312500000000,175312562000000,5.344000000,online_archive,0,0,2089,2089,0.101242732000,0.101242732000,76,7.6,27,0,2639,2641,0.878970991458,0.882038953034,75,7.5,25,0,2606,2607,0.840621471761,0.842155452549,76,7.6,27,0,2726,2723,0.997087512126,0.992485569762,75,7.5,27,0,2074,2074,0.012271846303,0.012271846303,76,7.6,26,0
75,2026-09-05T05:35:51.338021+00:00,175312578000000,175312609000000,5.391000000,online_archive,0,0,2089,2089,0.101242732000,0.101242732000,76,7.6,27,0,2639,2641,0.878970991458,0.882038953034,75,7.5,25,1,2606,2607,0.840621471761,0.842155452549,76,7.6,27,0,2726,2723,0.997087512126,0.992485569762,75,7.5,27,1,2074,2074,0.012271846303,0.012271846303,76,7.6,26,0
76,2026-09-05T05:35:51.422120+00:00,175312656000000,175312703000000,5.485000000,fixed_trajectory,0,0,2089,2089,0.101242732000,0.101242732000,76,7.6,27,0,2639,2641,0.878970991458,0.882038953034,75,7.5,25,1,2606,2607,0.840621471761,0.842155452549,76,7.6,27,0,2726,2723,0.997087512126,0.992485569762,75,7.5,27,0,2074,2074,0.012271846303,0.012271846303,76,7.6,26,0
77,2026-09-05T05:35:51.470471+00:00,175312718000000,175312750000000,5.532000000,fixed_trajectory,0,0,2089,2089,0.101242732000,0.101242732000,76,7.6,27,0,2639,2642,0.878970991458,0.883572933822,75,7.5,25,1,2606,2606,0.840621471761,0.840621471761,76,7.6,27,0,2726,2722,0.997087512126,0.990951588974,75,7.5,27,1,2074,2074,0.012271846303,0.012271846303,75,7.5,26,0
78,2026-09-05T05:35:51.527457+00:00,175312765000000,175312796000000,5.578000000,fixed_trajectory,0,0,2089,2089,0.101242732000,0.101242732000,76,7.6,27,0,2639,2642,0.878970991458,0.883572933822,75,7.5,25,1,2606,2606,0.840621471761,0.840621471761,76,7.6,27,0,2726,2721,0.997087512126,0.989417608186,75,7.5,27,1,2074,2074,0.012271846303,0.012271846303,76,7.6,26,0
79,2026-09-05T05:35:51.570264+00:00,175312812000000,175312843000000,5.625000000,fixed_trajectory,0,0,2089,2089,0.101242732000,0.101242732000,76,7.6,27,0,2639,2643,0.878970991458,0.885106914610,75,7.5,25,0,2606,2605,0.840621471761,0.839087490973,76,7.6,27,0,2726,2720,0.997087512126,0.987883627398,75,7.5,27,1,2074,2074,0.012271846303,0.012271846303,76,7.6,26,0
80,2026-09-05T05:35:51.628401+00:00,175312859000000,175312906000000,5.688000000,fixed_trajectory,0,0,2089,2089,0.101242732000,0.101242732000,76,7.6,27,0,2639,2643,0.878970991458,0.885106914610,75,7.5,26,0,2607,2605,0.842155452549,0.839087490973,76,7.6,27,0,2723,2719,0.992485569762,0.986349646610,75,7.5,27,1,2074,2074,0.012271846303,0.012271846303,76,7.6,26,0
81,2026-09-05T05:35:51.816068+00:00,175313046000000,175313093000000,5.875000000,fixed_trajectory,0,0,2089,2088,0.101242732000,0.099708751213,76,7.6,27,0,2639,2644,0.878970991458,0.886640895398,75,7.5,25,1,2607,2604,0.842155452549,0.837553510186,76,7.6,27,1,2722,2718,0.990951588974,0.984815665823,75,7.5,27,1,2074,2074,0.012271846303,0.012271846303,76,7.6,26,0
82,2026-09-05T05:35:51.870257+00:00,175313109000000,175313140000000,5.922000000,fixed_trajectory,0,0,2089,2088,0.101242732000,0.099708751213,76,7.6,27,0,2639,2644,0.878970991458,0.886640895398,75,7.5,25,1,2607,2604,0.842155452549,0.837553510186,76,7.6,27,1,2722,2717,0.990951588974,0.983281685035,75,7.5,27,0,2074,2074,0.012271846303,0.012271846303,75,7.5,26,0
83,2026-09-05T05:35:51.916907+00:00,175313156000000,175313187000000,5.969000000,fixed_trajectory,0,0,2089,2088,0.101242732000,0.099708751213,76,7.6,27,0,2639,2645,0.878970991458,0.888174876186,75,7.5,26,1,2607,2603,0.842155452549,0.836019529398,76,7.6,27,0,2721,2716,0.989417608186,0.981747704247,75,7.5,27,0,2074,2074,0.012271846303,0.012271846303,76,7.6,26,0
84,2026-09-05T05:35:51.967310+00:00,175313203000000,175313250000000,6.032000000,fixed_trajectory,0,0,2089,2088,0.101242732000,0.099708751213,76,7.6,27,0,2639,2645,0.878970991458,0.888174876186,75,7.5,26,1,2607,2603,0.842155452549,0.836019529398,76,7.6,27,1,2719,2715,0.986349646610,0.980213723459,75,7.5,27,1,2074,2074,0.012271846303,0.012271846303,75,7.5,26,0
85,2026-09-05T05:35:52.021614+00:00,175313265000000,175313296000000,6.078000000,fixed_trajectory,0,0,2089,2088,0.101242732000,0.099708751213,76,7.6,27,0,2639,2646,0.878970991458,0.889708856974,75,7.5,26,2,2607,2602,0.842155452549,0.834485548610,76,7.6,27,1,2717,2714,0.983281685035,0.978679742671,75,7.5,27,0,2074,2074,0.012271846303,0.012271846303,76,7.6,26,0
86,2026-09-05T05:35:52.075408+00:00,175313312000000,175313343000000,6.125000000,fixed_trajectory,0,0,2089,2088,0.101242732000,0.099708751213,76,7.6,27,0,2639,2646,0.878970991458,0.889708856974,75,7.5,26,1,2608,2602,0.843689433337,0.834485548610,76,7.6,27,1,2717,2713,0.983281685035,0.977145761883,75,7.5,27,1,2074,2074,0.012271846303,0.012271846303,75,7.5,26,0
87,2026-09-05T05:35:52.117029+00:00,175313359000000,175313390000000,6.172000000,fixed_trajectory,0,0,2089,2088,0.101242732000,0.099708751213,76,7.6,27,0,2639,2647,0.878970991458,0.891242837762,75,7.5,25,1,2608,2601,0.843689433337,0.832951567822,76,7.6,27,1,2716,2712,0.981747704247,0.975611781095,75,7.5,27,1,2074,2074,0.012271846303,0.012271846303,75,7.5,26,0
88,2026-09-05T05:35:52.166735+00:00,175313406000000,175313437000000,6.219000000,fixed_trajectory,0,0,2089,2088,0.101242732000,0.099708751213,76,7.6,27,0,2639,2648,0.878970991458,0.892776818549,75,7.5,25,2,2608,2600,0.843689433337,0.831417587034,76,7.6,27,1,2716,2711,0.981747704247,0.974077800307,75,7.5,27,0,2074,2074,0.012271846303,0.012271846303,75,7.5,26,0
89,2026-09-05T05:35:52.213518+00:00,175313453000000,175313484000000,6.266000000,fixed_trajectory,0,0,2089,2088,0.101242732000,0.099708751213,76,7.6,27,0,2639,2648,0.878970991458,0.892776818549,75,7.5,26,1,2608,2600,0.843689433337,0.831417587034,76,7.6,27,1,2716,2710,0.981747704247,0.972543819519,75,7.5,27,0,2074,2074,0.012271846303,0.012271846303,75,7.5,26,0
90,2026-09-05T05:35:52.278940+00:00,175313515000000,175313546000000,6.328000000,fixed_trajectory,0,0,2089,2087,0.101242732000,0.098174770425,76,7.6,27,1,2639,2649,0.878970991458,0.894310799337,75,7.5,26,1,2608,2599,0.843689433337,0.829883606246,76,7.6,27,1,2716,2709,0.981747704247,0.971009838732,75,7.5,27,1,2074,2074,0.012271846303,0.012271846303,75,7.5,26,0
91,2026-09-05T05:35:52.336207+00:00,175313578000000,175313609000000,6.391000000,fixed_trajectory,0,0,2089,2087,0.101242732000,0.098174770425,76,7.6,27,1,2642,2649,0.883572933822,0.894310799337,75,7.5,25,0,2605,2599,0.839087490973,0.829883606246,76,7.6,27,0,2716,2708,0.981747704247,0.969475857944,75,7.5,27,1,2074,2074,0.012271846303,0.012271846303,75,7.5,26,0
92,2026-09-05T05:35:52.386505+00:00,175313625000000,175313656000000,6.438000000,fixed_trajectory,0,0,2089,2087,0.101242732000,0.098174770425,76,7.6,27,1,2643,2650,0.885106914610,0.895844780125,75,7.5,25,1,2603,2598,0.836019529398,0.828349625458,76,7.6,27,1,2716,2707,0.981747704247,0.967941877156,75,7.5,27,2,2074,2074,0.012271846303,0.012271846303,75,7.5,26,0
93,2026-09-05T05:35:52.439186+00:00,175313671000000,175313718000000,6.500000000,fixed_trajectory,0,0,2089,2087,0.101242732000,0.098174770425,76,7.6,27,1,2643,2650,0.885106914610,0.895844780125,75,7.5,25,1,2601,2598,0.832951567822,0.828349625458,76,7.6,27,1,2716,2706,0.981747704247,0.966407896368,75,7.5,27,1,2074,2074,0.012271846303,0.012271846303,75,7.5,26,0
94,2026-09-05T05:35:52.496348+00:00,175313734000000,175313765000000,6.547000000,fixed_trajectory,0,0,2089,2087,0.101242732000,0.098174770425,76,7.6,27,1,2643,2651,0.885106914610,0.897378760913,75,7.5,26,2,2600,2597,0.831417587034,0.826815644670,76,7.6,27,1,2716,2705,0.981747704247,0.964873915580,75,7.5,27,2,2074,2074,0.012271846303,0.012271846303,75,7.5,26,0
95,2026-09-05T05:35:52.548698+00:00,175313781000000,175313828000000,6.610000000,fixed_trajectory,0,0,2089,2087,0.101242732000,0.098174770425,76,7.6,27,0,2643,2651,0.885106914610,0.897378760913,75,7.5,26,1,2600,2597,0.831417587034,0.826815644670,76,7.6,27,1,2716,2704,0.981747704247,0.963339934792,75,7.5,27,2,2074,2074,0.012271846303,0.012271846303,75,7.5,26,0
96,2026-09-05T05:35:52.603186+00:00,175313843000000,175313875000000,6.657000000,fixed_trajectory,0,0,2089,2087,0.101242732000,0.098174770425,76,7.6,27,1,2643,2652,0.885106914610,0.898912741701,75,7.5,25,1,2600,2596,0.831417587034,0.825281663882,76,7.6,27,0,2716,2703,0.981747704247,0.961805954004,75,7.5,27,2,2074,2074,0.012271846303,0.012271846303,76,7.6,26,0
97,2026-09-05T05:35:52.648196+00:00,175313890000000,175313921000000,6.703000000,fixed_trajectory,0,0,2089,2087,0.101242732000,0.098174770425,76,7.6,27,1,2643,2652,0.885106914610,0.898912741701,75,7.5,25,1,2600,2596,0.831417587034,0.825281663882,76,7.6,27,0,2713,2702,0.977145761883,0.960271973216,75,7.5,27,2,2074,2074,0.012271846303,0.012271846303,75,7.5,26,0
98,2026-09-05T05:35:52.690052+00:00,175313937000000,175313968000000,6.750000000,fixed_trajectory,0,0,2089,2086,0.101242732000,0.096640789637,76,7.6,27,1,2643,2653,0.885106914610,0.900446722489,75,7.5,25,2,2600,2595,0.831417587034,0.823747683095,75,7.5,27,1,2713,2701,0.977145761883,0.958737992429,75,7.5,27,2,2074,2074,0.012271846303,0.012271846303,75,7.5,26,0
99,2026-09-05T05:35:52.753993+00:00,175313984000000,175314031000000,6.813000000,fixed_trajectory,0,0,2089,2086,0.101242732000,0.096640789637,76,7.6,27,0,2643,2653,0.885106914610,0.900446722489,75,7.5,26,1,2600,2595,0.831417587034,0.823747683095,75,7.5,27,1,2713,2700,0.977145761883,0.957204011641,75,7.5,27,2,2074,2074,0.012271846303,0.012271846303,75,7.5,26,0
100,2026-09-05T05:35:52.802844+00:00,175314046000000,175314078000000,6.860000000,fixed_trajectory,0,0,2089,2086,0.101242732000,0.096640789637,76,7.6,27,1,2643,2654,0.885106914610,0.901980703277,75,7.5,26,2,2600,2594,0.831417587034,0.822213702307,76,7.6,27,2,2713,2699,0.977145761883,0.955670030853,75,7.5,27,2,2074,2074,0.012271846303,0.012271846303,75,7.5,26,0
101,2026-09-05T05:35:52.996421+00:00,175314234000000,175314265000000,7.047000000,fixed_trajectory,0,0,2089,2086,0.101242732000,0.096640789637,76,7.6,27,1,2647,2655,0.891242837762,0.903514684065,75,7.5,25,2,2600,2593,0.831417587034,0.820679721519,76,7.6,27,1,2709,2698,0.971009838732,0.954136050065,75,7.5,27,2,2073,2074,0.010737865515,0.012271846303,75,7.5,26,0
102,2026-09-05T05:35:53.038590+00:00,175314281000000,175314312000000,7.094000000,fixed_trajectory,0,0,2089,2086,0.101242732000,0.096640789637,76,7.6,27,0,2647,2655,0.891242837762,0.903514684065,75,7.5,26,1,2600,2593,0.831417587034,0.820679721519,76,7.6,27,1,2709,2697,0.971009838732,0.952602069277,75,7.5,27,2,2073,2074,0.010737865515,0.012271846303,75,7.5,26,0
103,2026-09-05T05:35:53.093259+00:00,175314328000000,175314375000000,7.157000000,fixed_trajectory,0,0,2089,2086,0.101242732000,0.096640789637,76,7.6,27,1,2647,2656,0.891242837762,0.905048664853,75,7.5,26,1,2600,2592,0.831417587034,0.819145740731,76,7.6,27,1,2709,2696,0.971009838732,0.951068088489,75,7.5,27,2,2073,2074,0.010737865515,0.012271846303,75,7.5,26,0
104,2026-09-05T05:35:53.144658+00:00,175314390000000,175314421000000,7.203000000,fixed_trajectory,0,0,2089,2086,0.101242732000,0.096640789637,76,7.6,27,1,2647,2656,0.891242837762,0.905048664853,75,7.5,25,1,2598,2592,0.828349625458,0.819145740731,76,7.6,27,0,2709,2695,0.971009838732,0.949534107701,75,7.5,27,2,2073,2074,0.010737865515,0.012271846303,75,7.5,26,0
105,2026-09-05T05:35:53.206748+00:00,175314437000000,175314484000000,7.266000000,fixed_trajectory,0,0,2089,2086,0.101242732000,0.096640789637,76,7.6,27,0,2647,2657,0.891242837762,0.906582645640,75,7.5,25,1,2597,2591,0.826815644670,0.817611759943,76,7.6,27,1,2707,2694,0.967941877156,0.948000126913,75,7.5,27,2,2073,2074,0.010737865515,0.012271846303,76,7.6,26,0
106,2026-09-05T05:35:53.259467+00:00,175314500000000,175314531000000,7.313000000,fixed_trajectory,0,0,2089,2086,0.101242732000,0.096640789637,76,7.6,27,0,2649,2657,0.894310799337,0.906582645640,75,7.5,25,1,2597,2591,0.826815644670,0.817611759943,76,7.6,27,0,2705,2693,0.964873915580,0.946466146125,75,7.5,27,1,2072,2074,0.009203884727,0.012271846303,75,7.5,26,1
107,2026-09-05T05:35:53.305821+00:00,175314546000000,175314578000000,7.360000000,fixed_trajectory,0,0,2089,2085,0.101242732000,0.095106808849,76,7.6,27,1,2650,2658,0.895844780125,0.908116626428,75,7.5,25,1,2597,2590,0.826815644670,0.816077779155,76,7.6,27,1,2703,2692,0.961805954004,0.944932165338,75,7.5,27,1,2073,2074,0.010737865515,0.012271846303,75,7.5,26,0
108,2026-09-05T05:35:53.342858+00:00,175314593000000,175314625000000,7.407000000,fixed_trajectory,0,0,2089,2085,0.101242732000,0.095106808849,76,7.6,27,1,2651,2658,0.897378760913,0.908116626428,75,7.5,25,1,2597,2590,0.826815644670,0.816077779155,76,7.6,27,1,2701,2691,0.958737992429,0.943398184550,75,7.5,27,1,2073,2074,0.010737865515,0.012271846303,75,7.5,26,0
109,2026-09-05T05:35:53.407005+00:00,175314640000000,175314687000000,7.469000000,fixed_trajectory,0,0,2089,2085,0.101242732000,0.095106808849,76,7.6,27,1,2651,2659,0.897378760913,0.909650607216,75,7.5,26,1,2597,2589,0.826815644670,0.814543798367,76,7.6,27,1,2699,2690,0.955670030853,0.941864203762,75,7.5,27,2,2073,2074,0.010737865515,0.012271846303,75,7.5,26,0
110,2026-09-05T05:35:53.467811+00:00,175314703000000,175314750000000,7.532000000,fixed_trajectory,0,0,2089,2085,0.101242732000,0.095106808849,76,7.6,27,0,2651,2659,0.897378760913,0.909650607216,75,7.5,25,1,2597,2589,0.826815644670,0.814543798367,76,7.6,27,1,2699,2689,0.955670030853,0.940330222974,75,7.5,27,2,2073,2074,0.010737865515,0.012271846303,75,7.5,26,0
111,2026-09-05T05:35:53.656760+00:00,175314890000000,175314937000000,7.719000000,online_observation,0,0,2089,2085,0.101242732000,0.095106808849,76,7.6,27,1,2651,2660,0.897378760913,0.911184588004,75,7.5,26,1,2597,2588,0.826815644670,0.813009817579,76,7.6,27,2,2695,2688,0.949534107701,0.938796242186,75,7.5,27,1,2073,2074,0.010737865515,0.012271846303,75,7.5,26,0
112,2026-09-05T05:35:53.704879+00:00,175314953000000,175314984000000,7.766000000,online_observation,0,0,2089,2085,0.101242732000,0.095106808849,76,7.6,27,0,2651,2660,0.897378760913,0.911184588004,74,7.4,25,1,2597,2588,0.826815644670,0.813009817579,76,7.6,27,1,2695,2688,0.949534107701,0.938796242186,75,7.5,27,1,2073,2074,0.010737865515,0.012271846303,75,7.5,26,0
113,2026-09-05T05:35:53.767738+00:00,175315000000000,175315046000000,7.828000000,online_observation,0,0,2089,2085,0.101242732000,0.095106808849,76,7.6,27,1,2651,2660,0.897378760913,0.911184588004,75,7.5,26,2,2597,2588,0.826815644670,0.813009817579,76,7.6,27,1,2695,2688,0.949534107701,0.938796242186,75,7.5,27,1,2073,2074,0.010737865515,0.012271846303,76,7.6,26,0
114,2026-09-05T05:35:53.814617+00:00,175315062000000,175315093000000,7.875000000,online_observation,0,0,2089,2085,0.101242732000,0.095106808849,76,7.6,27,1,2651,2660,0.897378760913,0.911184588004,75,7.5,26,2,2597,2588,0.826815644670,0.813009817579,76,7.6,27,1,2695,2688,0.949534107701,0.938796242186,75,7.5,27,1,2073,2074,0.010737865515,0.012271846303,75,7.5,26,0
115,2026-09-05T05:35:53.875147+00:00,175315109000000,175315156000000,7.938000000,online_observation,0,0,2089,2085,0.101242732000,0.095106808849,76,7.6,27,1,2651,2660,0.897378760913,0.911184588004,75,7.5,25,1,2597,2588,0.826815644670,0.813009817579,75,7.5,27,1,2695,2688,0.949534107701,0.938796242186,75,7.5,27,1,2073,2074,0.010737865515,0.012271846303,75,7.5,26,0
116,2026-09-05T05:35:53.926606+00:00,175315171000000,175315203000000,7.985000000,online_observation,0,0,2089,2085,0.101242732000,0.095106808849,76,7.6,27,1,2651,2660,0.897378760913,0.911184588004,75,7.5,25,1,2597,2588,0.826815644670,0.813009817579,75,7.5,27,1,2695,2688,0.949534107701,0.938796242186,75,7.5,27,1,2073,2074,0.010737865515,0.012271846303,75,7.5,26,0
117,2026-09-05T05:35:53.980114+00:00,175315218000000,175315250000000,8.032000000,online_observation,0,0,2089,2085,0.101242732000,0.095106808849,76,7.6,27,1,2651,2660,0.897378760913,0.911184588004,75,7.5,25,1,2597,2588,0.826815644670,0.813009817579,76,7.6,27,2,2695,2688,0.949534107701,0.938796242186,75,7.5,27,1,2073,2074,0.010737865515,0.012271846303,75,7.5,26,0
118,2026-09-05T05:35:54.042496+00:00,175315265000000,175315312000000,8.094000000,online_inference,1,0,2089,2085,0.101242732000,0.095106808849,76,7.6,27,0,2651,2660,0.897378760913,0.911184588004,75,7.5,25,2,2597,2588,0.826815644670,0.813009817579,76,7.6,27,2,2695,2688,0.949534107701,0.938796242186,75,7.5,27,1,2073,2074,0.010737865515,0.012271846303,75,7.5,26,0
119,2026-09-05T05:35:54.101285+00:00,175315328000000,175315375000000,8.157000000,online_inference,1,0,2089,2085,0.101242732000,0.095106808849,76,7.6,27,1,2651,2660,0.897378760913,0.911184588004,75,7.5,25,2,2597,2588,0.826815644670,0.813009817579,76,7.6,27,2,2695,2688,0.949534107701,0.938796242186,75,7.5,27,1,2073,2074,0.010737865515,0.012271846303,75,7.5,26,0
120,2026-09-05T05:35:54.183725+00:00,175315406000000,175315453000000,8.235000000,online_inference,1,0,2089,2085,0.101242732000,0.095106808849,76,7.6,27,0,2651,2660,0.897378760913,0.911184588004,75,7.5,25,2,2597,2588,0.826815644670,0.813009817579,76,7.6,27,1,2695,2688,0.949534107701,0.938796242186,75,7.5,27,1,2073,2074,0.010737865515,0.012271846303,75,7.5,26,0
121,2026-09-05T05:35:54.255000+00:00,175315468000000,175315531000000,8.313000000,online_inference,1,0,2089,2085,0.101242732000,0.095106808849,76,7.6,27,0,2651,2660,0.897378760913,0.911184588004,75,7.5,25,2,2597,2588,0.826815644670,0.813009817579,75,7.5,27,1,2695,2688,0.949534107701,0.938796242186,75,7.5,27,1,2073,2074,0.010737865515,0.012271846303,75,7.5,26,0
122,2026-09-05T05:35:54.324316+00:00,175315546000000,175315593000000,8.375000000,online_inference,1,0,2089,2085,0.101242732000,0.095106808849,76,7.6,27,1,2651,2660,0.897378760913,0.911184588004,75,7.5,26,2,2597,2588,0.826815644670,0.813009817579,76,7.6,27,1,2695,2688,0.949534107701,0.938796242186,75,7.5,27,1,2073,2074,0.010737865515,0.012271846303,75,7.5,26,0
123,2026-09-05T05:35:54.385437+00:00,175315609000000,175315656000000,8.438000000,online_inference,1,0,2089,2085,0.101242732000,0.095106808849,76,7.6,27,1,2651,2660,0.897378760913,0.911184588004,75,7.5,25,1,2597,2588,0.826815644670,0.813009817579,76,7.6,27,2,2695,2688,0.949534107701,0.938796242186,75,7.5,27,1,2073,2074,0.010737865515,0.012271846303,75,7.5,26,0
124,2026-09-05T05:35:54.439632+00:00,175315671000000,175315718000000,8.500000000,online_inference,1,0,2089,2085,0.101242732000,0.095106808849,76,7.6,27,0,2651,2660,0.897378760913,0.911184588004,75,7.5,25,1,2597,2588,0.826815644670,0.813009817579,76,7.6,27,2,2695,2688,0.949534107701,0.938796242186,75,7.5,27,1,2073,2074,0.010737865515,0.012271846303,75,7.5,26,0
125,2026-09-05T05:35:54.513865+00:00,175315734000000,175315781000000,8.563000000,online_inference,1,0,2089,2085,0.101242732000,0.095106808849,76,7.6,27,1,2651,2660,0.897378760913,0.911184588004,75,7.5,26,1,2597,2588,0.826815644670,0.813009817579,75,7.5,27,1,2695,2688,0.949534107701,0.938796242186,75,7.5,27,1,2073,2074,0.010737865515,0.012271846303,75,7.5,26,0
126,2026-09-05T05:35:54.567751+00:00,175315796000000,175315843000000,8.625000000,online_inference,1,0,2089,2085,0.101242732000,0.095106808849,76,7.6,27,1,2651,2660,0.897378760913,0.911184588004,75,7.5,25,1,2597,2588,0.826815644670,0.813009817579,76,7.6,27,2,2695,2688,0.949534107701,0.938796242186,75,7.5,27,1,2073,2074,0.010737865515,0.012271846303,75,7.5,26,0
127,2026-09-05T05:35:54.633481+00:00,175315859000000,175315906000000,8.688000000,online_inference,1,0,2089,2085,0.101242732000,0.095106808849,76,7.6,27,1,2651,2660,0.897378760913,0.911184588004,75,7.5,26,1,2597,2588,0.826815644670,0.813009817579,76,7.6,27,1,2695,2688,0.949534107701,0.938796242186,75,7.5,27,1,2073,2074,0.010737865515,0.012271846303,76,7.6,26,0
128,2026-09-05T05:35:54.720244+00:00,175315937000000,175316000000000,8.782000000,online_inference,1,0,2089,2085,0.101242732000,0.095106808849,76,7.6,27,1,2651,2660,0.897378760913,0.911184588004,75,7.5,25,1,2597,2588,0.826815644670,0.813009817579,75,7.5,27,1,2695,2688,0.949534107701,0.938796242186,75,7.5,27,1,2073,2074,0.010737865515,0.012271846303,75,7.5,26,0
129,2026-09-05T05:35:54.795105+00:00,175316015000000,175316062000000,8.844000000,online_inference,1,0,2089,2085,0.101242732000,0.095106808849,76,7.6,27,1,2651,2660,0.897378760913,0.911184588004,75,7.5,25,1,2597,2588,0.826815644670,0.813009817579,76,7.6,27,2,2695,2688,0.949534107701,0.938796242186,75,7.5,27,2,2073,2074,0.010737865515,0.012271846303,75,7.5,26,0
130,2026-09-05T05:35:54.841062+00:00,175316078000000,175316109000000,8.891000000,online_inference,1,0,2089,2085,0.101242732000,0.095106808849,76,7.6,27,1,2651,2660,0.897378760913,0.911184588004,75,7.5,26,2,2597,2588,0.826815644670,0.813009817579,76,7.6,27,2,2695,2688,0.949534107701,0.938796242186,75,7.5,27,1,2073,2074,0.010737865515,0.012271846303,75,7.5,26,0
131,2026-09-05T05:35:54.913776+00:00,175316125000000,175316187000000,8.969000000,online_inference,1,0,2089,2085,0.101242732000,0.095106808849,76,7.6,27,1,2651,2660,0.897378760913,0.911184588004,75,7.5,26,1,2597,2588,0.826815644670,0.813009817579,75,7.5,27,2,2695,2688,0.949534107701,0.938796242186,75,7.5,27,1,2073,2074,0.010737865515,0.012271846303,76,7.6,26,0
132,2026-09-05T05:35:54.980844+00:00,175316203000000,175316250000000,9.032000000,online_inference,1,0,2089,2085,0.101242732000,0.095106808849,76,7.6,27,1,2651,2660,0.897378760913,0.911184588004,75,7.5,25,2,2597,2588,0.826815644670,0.813009817579,75,7.5,27,2,2695,2688,0.949534107701,0.938796242186,75,7.5,27,1,2073,2074,0.010737865515,0.012271846303,75,7.5,26,0
133,2026-09-05T05:35:55.060763+00:00,175316265000000,175316328000000,9.110000000,online_inference,1,0,2089,2085,0.101242732000,0.095106808849,76,7.6,27,0,2651,2660,0.897378760913,0.911184588004,75,7.5,25,2,2597,2588,0.826815644670,0.813009817579,76,7.6,27,2,2695,2688,0.949534107701,0.938796242186,75,7.5,27,2,2073,2074,0.010737865515,0.012271846303,75,7.5,26,0
134,2026-09-05T05:35:55.112447+00:00,175316343000000,175316390000000,9.172000000,online_inference,1,0,2089,2085,0.101242732000,0.095106808849,76,7.6,27,1,2651,2660,0.897378760913,0.911184588004,75,7.5,25,1,2597,2588,0.826815644670,0.813009817579,76,7.6,27,2,2695,2688,0.949534107701,0.938796242186,75,7.5,27,1,2073,2074,0.010737865515,0.012271846303,75,7.5,26,0
135,2026-09-05T05:35:55.183779+00:00,175316406000000,175316453000000,9.235000000,online_inference,1,0,2089,2085,0.101242732000,0.095106808849,76,7.6,27,1,2651,2660,0.897378760913,0.911184588004,75,7.5,25,1,2597,2588,0.826815644670,0.813009817579,76,7.6,27,2,2695,2688,0.949534107701,0.938796242186,75,7.5,27,1,2073,2074,0.010737865515,0.012271846303,75,7.5,26,0
136,2026-09-05T05:35:55.254588+00:00,175316468000000,175316531000000,9.313000000,online_inference,1,0,2089,2085,0.101242732000,0.095106808849,76,7.6,27,1,2651,2660,0.897378760913,0.911184588004,75,7.5,26,2,2597,2588,0.826815644670,0.813009817579,76,7.6,27,1,2695,2688,0.949534107701,0.938796242186,75,7.5,27,1,2073,2074,0.010737865515,0.012271846303,75,7.5,26,0
137,2026-09-05T05:35:55.308584+00:00,175316546000000,175316578000000,9.360000000,online_inference,1,0,2089,2085,0.101242732000,0.095106808849,76,7.6,27,1,2651,2660,0.897378760913,0.911184588004,75,7.5,26,1,2597,2588,0.826815644670,0.813009817579,76,7.6,27,2,2695,2688,0.949534107701,0.938796242186,75,7.5,27,1,2073,2074,0.010737865515,0.012271846303,75,7.5,26,0
138,2026-09-05T05:35:55.366530+00:00,175316593000000,175316640000000,9.422000000,online_inference,1,0,2089,2085,0.101242732000,0.095106808849,76,7.6,27,1,2651,2660,0.897378760913,0.911184588004,75,7.5,25,1,2597,2588,0.826815644670,0.813009817579,76,7.6,27,1,2695,2688,0.949534107701,0.938796242186,75,7.5,27,1,2073,2074,0.010737865515,0.012271846303,75,7.5,26,0
139,2026-09-05T05:35:55.419203+00:00,175316656000000,175316687000000,9.469000000,online_inference,1,0,2089,2085,0.101242732000,0.095106808849,76,7.6,27,0,2651,2660,0.897378760913,0.911184588004,75,7.5,25,1,2597,2588,0.826815644670,0.813009817579,76,7.6,27,2,2695,2688,0.949534107701,0.938796242186,75,7.5,27,1,2073,2074,0.010737865515,0.012271846303,75,7.5,26,0
140,2026-09-05T05:35:55.480178+00:00,175316703000000,175316750000000,9.532000000,online_inference,1,0,2089,2085,0.101242732000,0.095106808849,76,7.6,27,1,2651,2660,0.897378760913,0.911184588004,75,7.5,26,1,2597,2588,0.826815644670,0.813009817579,76,7.6,27,1,2695,2688,0.949534107701,0.938796242186,75,7.5,27,1,2073,2074,0.010737865515,0.012271846303,75,7.5,26,0
141,2026-09-05T05:35:55.544024+00:00,175316765000000,175316812000000,9.594000000,online_inference,1,0,2089,2085,0.101242732000,0.095106808849,76,7.6,27,1,2651,2660,0.897378760913,0.911184588004,75,7.5,25,2,2597,2588,0.826815644670,0.813009817579,76,7.6,27,1,2695,2688,0.949534107701,0.938796242186,75,7.5,27,1,2073,2074,0.010737865515,0.012271846303,75,7.5,26,0
142,2026-09-05T05:35:55.601517+00:00,175316828000000,175316875000000,9.657000000,online_inference,1,0,2089,2085,0.101242732000,0.095106808849,76,7.6,27,1,2651,2660,0.897378760913,0.911184588004,75,7.5,25,2,2597,2588,0.826815644670,0.813009817579,76,7.6,27,2,2695,2688,0.949534107701,0.938796242186,75,7.5,27,1,2073,2074,0.010737865515,0.012271846303,75,7.5,26,0
143,2026-09-05T05:35:55.656948+00:00,175316890000000,175316937000000,9.719000000,online_inference,1,0,2089,2085,0.101242732000,0.095106808849,76,7.6,27,1,2651,2660,0.897378760913,0.911184588004,75,7.5,25,1,2597,2588,0.826815644670,0.813009817579,76,7.6,27,2,2695,2688,0.949534107701,0.938796242186,75,7.5,27,1,2073,2074,0.010737865515,0.012271846303,75,7.5,26,0
144,2026-09-05T05:35:55.722354+00:00,175316953000000,175317000000000,9.782000000,online_inference,1,0,2089,2085,0.101242732000,0.095106808849,76,7.6,27,1,2651,2660,0.897378760913,0.911184588004,75,7.5,25,2,2597,2588,0.826815644670,0.813009817579,76,7.6,27,2,2695,2688,0.949534107701,0.938796242186,75,7.5,27,1,2073,2074,0.010737865515,0.012271846303,75,7.5,26,0
145,2026-09-05T05:35:55.781867+00:00,175317015000000,175317062000000,9.844000000,online_inference,1,0,2089,2085,0.101242732000,0.095106808849,76,7.6,27,0,2651,2660,0.897378760913,0.911184588004,75,7.5,26,2,2597,2588,0.826815644670,0.813009817579,76,7.6,27,2,2695,2688,0.949534107701,0.938796242186,75,7.5,27,1,2073,2074,0.010737865515,0.012271846303,75,7.5,26,0
146,2026-09-05T05:35:55.849794+00:00,175317078000000,175317125000000,9.907000000,online_inference,1,0,2089,2085,0.101242732000,0.095106808849,76,7.6,27,1,2651,2660,0.897378760913,0.911184588004,75,7.5,26,2,2597,2588,0.826815644670,0.813009817579,76,7.6,27,1,2695,2688,0.949534107701,0.938796242186,75,7.5,27,1,2073,2074,0.010737865515,0.012271846303,75,7.5,26,1
147,2026-09-05T05:35:55.906735+00:00,175317140000000,175317187000000,9.969000000,online_inference,1,0,2089,2085,0.101242732000,0.095106808849,76,7.6,27,1,2651,2660,0.897378760913,0.911184588004,75,7.5,25,2,2597,2588,0.826815644670,0.813009817579,76,7.6,27,1,2695,2688,0.949534107701,0.938796242186,75,7.5,27,1,2073,2074,0.010737865515,0.012271846303,75,7.5,26,0
148,2026-09-05T05:35:55.972214+00:00,175317203000000,175317250000000,10.032000000,online_inference,1,0,2089,2085,0.101242732000,0.095106808849,76,7.6,27,1,2652,2660,0.898912741701,0.911184588004,75,7.5,25,0,2593,2588,0.820679721519,0.813009817579,76,7.6,27,1,2695,2688,0.949534107701,0.938796242186,75,7.5,27,2,2073,2074,0.010737865515,0.012271846303,75,7.5,26,0
149,2026-09-05T05:35:56.028381+00:00,175317265000000,175317296000000,10.078000000,online_inference,1,0,2089,2085,0.101242732000,0.095106808849,76,7.6,27,1,2652,2660,0.898912741701,0.911184588004,75,7.5,25,1,2593,2588,0.820679721519,0.813009817579,76,7.6,27,1,2695,2688,0.949534107701,0.938796242186,75,7.5,27,1,2073,2074,0.010737865515,0.012271846303,75,7.5,26,0
150,2026-09-05T05:35:56.091887+00:00,175317312000000,175317359000000,10.141000000,online_inference,1,0,2089,2085,0.101242732000,0.095106808849,76,7.6,27,1,2652,2660,0.898912741701,0.911184588004,75,7.5,26,1,2593,2588,0.820679721519,0.813009817579,76,7.6,27,0,2695,2688,0.949534107701,0.938796242186,75,7.5,27,2,2073,2074,0.010737865515,0.012271846303,76,7.6,26,0
151,2026-09-05T05:35:56.141629+00:00,175317375000000,175317421000000,10.203000000,online_inference,1,0,2089,2085,0.101242732000,0.095106808849,76,7.6,27,0,2652,2660,0.898912741701,0.911184588004,75,7.5,25,1,2593,2588,0.820679721519,0.813009817579,75,7.5,27,1,2695,2688,0.949534107701,0.938796242186,75,7.5,27,1,2073,2074,0.010737865515,0.012271846303,75,7.5,26,0
152,2026-09-05T05:35:56.212719+00:00,175317437000000,175317484000000,10.266000000,online_inference,1,0,2089,2085,0.101242732000,0.095106808849,76,7.6,27,1,2652,2660,0.898912741701,0.911184588004,75,7.5,25,2,2593,2588,0.820679721519,0.813009817579,76,7.6,27,1,2695,2688,0.949534107701,0.938796242186,75,7.5,27,1,2073,2074,0.010737865515,0.012271846303,76,7.6,26,0
153,2026-09-05T05:35:56.271118+00:00,175317500000000,175317546000000,10.328000000,online_inference,1,0,2089,2085,0.101242732000,0.095106808849,76,7.6,27,1,2652,2660,0.898912741701,0.911184588004,75,7.5,25,1,2593,2588,0.820679721519,0.813009817579,76,7.6,27,1,2695,2688,0.949534107701,0.938796242186,75,7.5,27,1,2073,2074,0.010737865515,0.012271846303,75,7.5,26,0
154,2026-09-05T05:35:56.334693+00:00,175317562000000,175317609000000,10.391000000,online_inference,1,0,2089,2085,0.101242732000,0.095106808849,76,7.6,27,1,2652,2660,0.898912741701,0.911184588004,75,7.5,25,1,2593,2588,0.820679721519,0.813009817579,76,7.6,27,1,2695,2688,0.949534107701,0.938796242186,75,7.5,27,1,2073,2074,0.010737865515,0.012271846303,75,7.5,26,0
155,2026-09-05T05:35:56.403623+00:00,175317625000000,175317671000000,10.453000000,online_inference,1,0,2089,2085,0.101242732000,0.095106808849,76,7.6,27,0,2652,2660,0.898912741701,0.911184588004,75,7.5,26,1,2593,2588,0.820679721519,0.813009817579,76,7.6,27,1,2695,2688,0.949534107701,0.938796242186,75,7.5,27,1,2073,2074,0.010737865515,0.012271846303,75,7.5,26,0
156,2026-09-05T05:35:56.477185+00:00,175317687000000,175317750000000,10.532000000,online_inference,1,0,2089,2085,0.101242732000,0.095106808849,76,7.6,27,1,2652,2660,0.898912741701,0.911184588004,75,7.5,26,1,2593,2588,0.820679721519,0.813009817579,76,7.6,27,1,2695,2688,0.949534107701,0.938796242186,75,7.5,27,1,2073,2074,0.010737865515,0.012271846303,75,7.5,26,0
157,2026-09-05T05:35:56.560306+00:00,175317765000000,175317828000000,10.610000000,online_inference,1,0,2089,2085,0.101242732000,0.095106808849,76,7.6,27,1,2652,2660,0.898912741701,0.911184588004,75,7.5,25,1,2593,2588,0.820679721519,0.813009817579,76,7.6,27,1,2695,2688,0.949534107701,0.938796242186,75,7.5,27,1,2073,2074,0.010737865515,0.012271846303,75,7.5,26,0
158,2026-09-05T05:35:56.621279+00:00,175317843000000,175317890000000,10.672000000,online_inference,1,0,2089,2085,0.101242732000,0.095106808849,76,7.6,27,2,2652,2660,0.898912741701,0.911184588004,75,7.5,26,2,2593,2588,0.820679721519,0.813009817579,76,7.6,27,1,2695,2688,0.949534107701,0.938796242186,75,7.5,27,1,2073,2074,0.010737865515,0.012271846303,75,7.5,26,0
159,2026-09-05T05:35:56.679772+00:00,175317906000000,175317953000000,10.735000000,online_inference,1,0,2089,2085,0.101242732000,0.095106808849,76,7.6,27,1,2652,2660,0.898912741701,0.911184588004,75,7.5,25,1,2593,2588,0.820679721519,0.813009817579,76,7.6,27,1,2695,2688,0.949534107701,0.938796242186,75,7.5,27,1,2073,2074,0.010737865515,0.012271846303,76,7.6,26,0
160,2026-09-05T05:35:56.745434+00:00,175317968000000,175318015000000,10.797000000,online_inference,1,0,2089,2085,0.101242732000,0.095106808849,76,7.6,27,1,2652,2660,0.898912741701,0.911184588004,75,7.5,26,1,2593,2588,0.820679721519,0.813009817579,76,7.6,27,1,2695,2688,0.949534107701,0.938796242186,75,7.5,27,1,2073,2074,0.010737865515,0.012271846303,75,7.5,26,0
161,2026-09-05T05:35:56.796553+00:00,175318031000000,175318078000000,10.860000000,online_inference,1,0,2089,2085,0.101242732000,0.095106808849,76,7.6,27,0,2652,2660,0.898912741701,0.911184588004,75,7.5,25,1,2593,2588,0.820679721519,0.813009817579,76,7.6,27,2,2695,2688,0.949534107701,0.938796242186,75,7.5,27,1,2073,2074,0.010737865515,0.012271846303,75,7.5,26,0
162,2026-09-05T05:35:56.878363+00:00,175318093000000,175318156000000,10.938000000,online_inference,1,0,2089,2085,0.101242732000,0.095106808849,76,7.6,27,0,2652,2660,0.898912741701,0.911184588004,75,7.5,25,1,2593,2588,0.820679721519,0.813009817579,76,7.6,27,0,2695,2688,0.949534107701,0.938796242186,75,7.5,27,1,2073,2074,0.010737865515,0.012271846303,75,7.5,26,0
163,2026-09-05T05:35:56.934322+00:00,175318171000000,175318203000000,10.985000000,online_inference,1,0,2089,2085,0.101242732000,0.095106808849,76,7.6,27,1,2652,2660,0.898912741701,0.911184588004,75,7.5,25,1,2593,2588,0.820679721519,0.813009817579,76,7.6,27,1,2695,2688,0.949534107701,0.938796242186,75,7.5,27,0,2073,2074,0.010737865515,0.012271846303,75,7.5,26,0
164,2026-09-05T05:35:56.989577+00:00,175318218000000,175318265000000,11.047000000,online_inference,1,0,2089,2085,0.101242732000,0.095106808849,76,7.6,27,1,2652,2660,0.898912741701,0.911184588004,75,7.5,25,1,2593,2588,0.820679721519,0.813009817579,76,7.6,27,1,2695,2688,0.949534107701,0.938796242186,75,7.5,27,1,2073,2074,0.010737865515,0.012271846303,75,7.5,26,0
165,2026-09-05T05:35:57.045981+00:00,175318281000000,175318328000000,11.110000000,online_inference,1,0,2089,2085,0.101242732000,0.095106808849,76,7.6,27,1,2652,2660,0.898912741701,0.911184588004,75,7.5,25,1,2593,2588,0.820679721519,0.813009817579,76,7.6,27,1,2695,2688,0.949534107701,0.938796242186,75,7.5,27,1,2073,2074,0.010737865515,0.012271846303,75,7.5,26,0
166,2026-09-05T05:35:57.109846+00:00,175318343000000,175318390000000,11.172000000,online_inference,1,0,2089,2085,0.101242732000,0.095106808849,76,7.6,27,1,2652,2660,0.898912741701,0.911184588004,75,7.5,26,1,2593,2588,0.820679721519,0.813009817579,76,7.6,27,1,2695,2688,0.949534107701,0.938796242186,75,7.5,27,1,2073,2074,0.010737865515,0.012271846303,75,7.5,26,0
167,2026-09-05T05:35:57.159491+00:00,175318406000000,175318437000000,11.219000000,online_inference,1,0,2089,2085,0.101242732000,0.095106808849,76,7.6,27,1,2652,2660,0.898912741701,0.911184588004,75,7.5,25,1,2593,2588,0.820679721519,0.813009817579,76,7.6,27,1,2695,2688,0.949534107701,0.938796242186,75,7.5,27,1,2073,2074,0.010737865515,0.012271846303,75,7.5,26,0
168,2026-09-05T05:35:57.220148+00:00,175318453000000,175318500000000,11.282000000,online_inference,1,0,2089,2085,0.101242732000,0.095106808849,76,7.6,27,1,2652,2660,0.898912741701,0.911184588004,75,7.5,25,1,2593,2588,0.820679721519,0.813009817579,76,7.6,27,1,2695,2688,0.949534107701,0.938796242186,75,7.5,27,1,2073,2074,0.010737865515,0.012271846303,75,7.5,26,0
169,2026-09-05T05:35:57.271061+00:00,175318515000000,175318546000000,11.328000000,online_inference,1,0,2089,2085,0.101242732000,0.095106808849,76,7.6,27,1,2652,2660,0.898912741701,0.911184588004,75,7.5,25,2,2593,2588,0.820679721519,0.813009817579,76,7.6,27,1,2695,2688,0.949534107701,0.938796242186,75,7.5,27,1,2073,2074,0.010737865515,0.012271846303,75,7.5,26,0
170,2026-09-05T05:35:57.333005+00:00,175318562000000,175318609000000,11.391000000,online_inference,1,0,2089,2085,0.101242732000,0.095106808849,76,7.6,27,1,2652,2660,0.898912741701,0.911184588004,75,7.5,25,1,2593,2588,0.820679721519,0.813009817579,76,7.6,27,1,2695,2688,0.949534107701,0.938796242186,75,7.5,27,1,2073,2074,0.010737865515,0.012271846303,75,7.5,26,0
171,2026-09-05T05:35:57.394298+00:00,175318625000000,175318671000000,11.453000000,online_inference,1,0,2089,2085,0.101242732000,0.095106808849,76,7.6,27,1,2652,2660,0.898912741701,0.911184588004,75,7.5,25,1,2593,2588,0.820679721519,0.813009817579,76,7.6,27,1,2695,2688,0.949534107701,0.938796242186,75,7.5,27,1,2073,2074,0.010737865515,0.012271846303,75,7.5,26,0
172,2026-09-05T05:35:57.447190+00:00,175318687000000,175318718000000,11.500000000,online_inference,1,0,2089,2085,0.101242732000,0.095106808849,76,7.6,27,0,2652,2660,0.898912741701,0.911184588004,75,7.5,25,1,2593,2588,0.820679721519,0.813009817579,75,7.5,27,0,2695,2688,0.949534107701,0.938796242186,75,7.5,27,1,2073,2074,0.010737865515,0.012271846303,75,7.5,26,0
173,2026-09-05T05:35:57.498425+00:00,175318734000000,175318781000000,11.563000000,online_inference,1,0,2089,2085,0.101242732000,0.095106808849,76,7.6,27,1,2652,2660,0.898912741701,0.911184588004,75,7.5,26,2,2593,2588,0.820679721519,0.813009817579,76,7.6,27,1,2695,2688,0.949534107701,0.938796242186,75,7.5,27,1,2073,2074,0.010737865515,0.012271846303,75,7.5,26,0
174,2026-09-05T05:35:57.556785+00:00,175318796000000,175318828000000,11.610000000,online_inference,1,0,2089,2085,0.101242732000,0.095106808849,76,7.6,27,1,2652,2660,0.898912741701,0.911184588004,75,7.5,26,1,2593,2588,0.820679721519,0.813009817579,76,7.6,27,0,2695,2688,0.949534107701,0.938796242186,75,7.5,27,1,2073,2074,0.010737865515,0.012271846303,76,7.6,26,0
175,2026-09-05T05:35:57.608749+00:00,175318843000000,175318890000000,11.672000000,online_inference,1,0,2089,2085,0.101242732000,0.095106808849,76,7.6,27,1,2652,2660,0.898912741701,0.911184588004,75,7.5,25,1,2593,2588,0.820679721519,0.813009817579,76,7.6,27,1,2695,2688,0.949534107701,0.938796242186,75,7.5,27,1,2073,2074,0.010737865515,0.012271846303,75,7.5,26,0
176,2026-09-05T05:35:57.671206+00:00,175318906000000,175318953000000,11.735000000,online_inference,1,0,2089,2085,0.101242732000,0.095106808849,76,7.6,27,1,2652,2660,0.898912741701,0.911184588004,75,7.5,25,1,2593,2588,0.820679721519,0.813009817579,76,7.6,27,1,2695,2688,0.949534107701,0.938796242186,75,7.5,27,1,2073,2074,0.010737865515,0.012271846303,75,7.5,26,0
177,2026-09-05T05:35:57.723803+00:00,175318968000000,175319000000000,11.782000000,online_inference,1,0,2089,2085,0.101242732000,0.095106808849,76,7.6,27,1,2652,2660,0.898912741701,0.911184588004,75,7.5,26,1,2593,2588,0.820679721519,0.813009817579,76,7.6,27,1,2695,2688,0.949534107701,0.938796242186,75,7.5,27,1,2073,2074,0.010737865515,0.012271846303,76,7.6,26,0
178,2026-09-05T05:35:57.785377+00:00,175319015000000,175319062000000,11.844000000,online_inference,1,0,2089,2085,0.101242732000,0.095106808849,76,7.6,27,1,2652,2660,0.898912741701,0.911184588004,75,7.5,25,2,2593,2588,0.820679721519,0.813009817579,76,7.6,27,1,2695,2688,0.949534107701,0.938796242186,75,7.5,27,1,2073,2074,0.010737865515,0.012271846303,75,7.5,26,0
179,2026-09-05T05:35:57.835223+00:00,175319078000000,175319109000000,11.891000000,online_inference,1,0,2089,2085,0.101242732000,0.095106808849,76,7.6,27,1,2652,2660,0.898912741701,0.911184588004,75,7.5,25,1,2593,2588,0.820679721519,0.813009817579,76,7.6,27,1,2695,2688,0.949534107701,0.938796242186,75,7.5,27,1,2073,2074,0.010737865515,0.012271846303,75,7.5,26,0
180,2026-09-05T05:35:57.911448+00:00,175319140000000,175319187000000,11.969000000,online_inference,1,0,2089,2085,0.101242732000,0.095106808849,76,7.6,27,1,2652,2660,0.898912741701,0.911184588004,75,7.5,26,1,2593,2588,0.820679721519,0.813009817579,76,7.6,27,1,2695,2688,0.949534107701,0.938796242186,75,7.5,27,1,2073,2074,0.010737865515,0.012271846303,75,7.5,26,0
181,2026-09-05T05:35:57.961198+00:00,175319203000000,175319234000000,12.016000000,online_inference,1,0,2089,2085,0.101242732000,0.095106808849,76,7.6,27,0,2652,2660,0.898912741701,0.911184588004,75,7.5,25,1,2593,2588,0.820679721519,0.813009817579,76,7.6,27,1,2695,2688,0.949534107701,0.938796242186,75,7.5,27,1,2073,2074,0.010737865515,0.012271846303,76,7.6,26,0
182,2026-09-05T05:35:58.020373+00:00,175319250000000,175319296000000,12.078000000,online_inference,1,0,2089,2085,0.101242732000,0.095106808849,76,7.6,27,1,2652,2660,0.898912741701,0.911184588004,75,7.5,25,1,2593,2588,0.820679721519,0.813009817579,75,7.5,27,1,2695,2688,0.949534107701,0.938796242186,75,7.5,27,2,2073,2074,0.010737865515,0.012271846303,76,7.6,26,0
183,2026-09-05T05:35:58.066875+00:00,175319312000000,175319343000000,12.125000000,online_inference,1,0,2089,2085,0.101242732000,0.095106808849,76,7.6,27,1,2652,2660,0.898912741701,0.911184588004,75,7.5,25,1,2593,2588,0.820679721519,0.813009817579,76,7.6,27,1,2695,2688,0.949534107701,0.938796242186,75,7.5,27,1,2073,2074,0.010737865515,0.012271846303,76,7.6,26,0
184,2026-09-05T05:35:58.118412+00:00,175319359000000,175319390000000,12.172000000,online_archive,1,0,2089,2085,0.101242732000,0.095106808849,76,7.6,27,1,2652,2660,0.898912741701,0.911184588004,75,7.5,26,2,2593,2588,0.820679721519,0.813009817579,76,7.6,27,1,2695,2688,0.949534107701,0.938796242186,75,7.5,27,2,2073,2074,0.010737865515,0.012271846303,75,7.5,26,0
185,2026-09-05T05:35:58.164879+00:00,175319406000000,175319437000000,12.219000000,online_archive,1,0,2089,2085,0.101242732000,0.095106808849,76,7.6,27,1,2652,2660,0.898912741701,0.911184588004,75,7.5,25,1,2593,2588,0.820679721519,0.813009817579,76,7.6,27,1,2695,2688,0.949534107701,0.938796242186,75,7.5,27,1,2073,2074,0.010737865515,0.012271846303,75,7.5,26,0
186,2026-09-05T05:35:58.235630+00:00,175319468000000,175319515000000,12.297000000,fixed_trajectory,1,0,2089,2085,0.101242732000,0.095106808849,76,7.6,27,0,2652,2660,0.898912741701,0.911184588004,75,7.5,25,1,2593,2588,0.820679721519,0.813009817579,76,7.6,27,1,2695,2688,0.949534107701,0.938796242186,75,7.5,27,1,2073,2074,0.010737865515,0.012271846303,75,7.5,26,0
187,2026-09-05T05:35:58.279443+00:00,175319531000000,175319546000000,12.328000000,fixed_trajectory,1,0,2089,2085,0.101242732000,0.095106808849,76,7.6,27,1,2652,2660,0.898912741701,0.911184588004,75,7.5,25,1,2593,2588,0.820679721519,0.813009817579,76,7.6,27,1,2695,2687,0.949534107701,0.937262261398,75,7.5,27,1,2073,2074,0.010737865515,0.012271846303,75,7.5,26,0
188,2026-09-05T05:35:58.338209+00:00,175319578000000,175319609000000,12.391000000,fixed_trajectory,1,0,2089,2085,0.101242732000,0.095106808849,76,7.6,27,1,2652,2661,0.898912741701,0.912718568792,75,7.5,25,1,2593,2587,0.820679721519,0.811475836792,76,7.6,27,1,2695,2686,0.949534107701,0.935728280610,75,7.5,27,1,2073,2074,0.010737865515,0.012271846303,75,7.5,26,0
189,2026-09-05T05:35:58.376251+00:00,175319625000000,175319656000000,12.438000000,fixed_trajectory,1,0,2089,2085,0.101242732000,0.095106808849,76,7.6,27,1,2652,2661,0.898912741701,0.912718568792,75,7.5,25,2,2593,2587,0.820679721519,0.811475836792,76,7.6,27,1,2695,2685,0.949534107701,0.934194299822,75,7.5,27,2,2073,2074,0.010737865515,0.012271846303,76,7.6,26,0
190,2026-09-05T05:35:58.556961+00:00,175319796000000,175319828000000,12.610000000,fixed_trajectory,1,0,2089,2085,0.101242732000,0.095106808849,76,7.6,27,1,2655,2662,0.903514684065,0.914252549580,75,7.5,25,1,2593,2587,0.820679721519,0.811475836792,76,7.6,27,0,2695,2684,0.949534107701,0.932660319034,75,7.5,27,2,2073,2074,0.010737865515,0.012271846303,75,7.5,26,0
191,2026-09-05T05:35:58.591220+00:00,175319843000000,175319859000000,12.641000000,fixed_trajectory,1,0,2089,2085,0.101242732000,0.095106808849,76,7.6,27,1,2655,2662,0.903514684065,0.914252549580,75,7.5,25,1,2593,2587,0.820679721519,0.811475836792,76,7.6,27,0,2695,2683,0.949534107701,0.931126338247,75,7.5,27,2,2073,2074,0.010737865515,0.012271846303,75,7.5,26,0
192,2026-09-05T05:35:58.638332+00:00,175319890000000,175319906000000,12.688000000,fixed_trajectory,1,0,2089,2085,0.101242732000,0.095106808849,76,7.6,27,1,2655,2662,0.903514684065,0.914252549580,75,7.5,25,1,2593,2586,0.820679721519,0.809941856004,76,7.6,27,1,2695,2682,0.949534107701,0.929592357459,75,7.5,27,2,2073,2074,0.010737865515,0.012271846303,75,7.5,26,0
193,2026-09-05T05:35:58.687374+00:00,175319937000000,175319968000000,12.750000000,fixed_trajectory,1,0,2089,2085,0.101242732000,0.095106808849,76,7.6,27,1,2655,2663,0.903514684065,0.915786530368,75,7.5,26,2,2593,2586,0.820679721519,0.809941856004,76,7.6,27,1,2695,2681,0.949534107701,0.928058376671,75,7.5,27,2,2073,2074,0.010737865515,0.012271846303,75,7.5,26,0
194,2026-09-05T05:35:58.739085+00:00,175319984000000,175320015000000,12.797000000,fixed_trajectory,1,0,2089,2085,0.101242732000,0.095106808849,76,7.6,27,1,2655,2663,0.903514684065,0.915786530368,75,7.5,25,1,2593,2586,0.820679721519,0.809941856004,76,7.6,27,1,2695,2680,0.949534107701,0.926524395883,75,7.5,27,2,2073,2074,0.010737865515,0.012271846303,75,7.5,26,0
195,2026-09-05T05:35:58.784400+00:00,175320031000000,175320062000000,12.844000000,fixed_trajectory,1,0,2089,2085,0.101242732000,0.095106808849,76,7.6,27,1,2655,2663,0.903514684065,0.915786530368,75,7.5,25,2,2593,2585,0.820679721519,0.808407875216,76,7.6,27,1,2691,2679,0.943398184550,0.924990415095,75,7.5,27,1,2073,2074,0.010737865515,0.012271846303,76,7.6,26,0
196,2026-09-05T05:35:58.841221+00:00,175320093000000,175320109000000,12.891000000,fixed_trajectory,1,0,2089,2085,0.101242732000,0.095106808849,76,7.6,27,1,2655,2664,0.903514684065,0.917320511156,75,7.5,25,2,2593,2585,0.820679721519,0.808407875216,75,7.5,27,2,2689,2678,0.940330222974,0.923456434307,75,7.5,27,2,2073,2074,0.010737865515,0.012271846303,75,7.5,26,0
197,2026-09-05T05:35:58.901455+00:00,175320140000000,175320171000000,12.953000000,fixed_trajectory,1,0,2089,2085,0.101242732000,0.095106808849,76,7.6,27,0,2655,2664,0.903514684065,0.917320511156,75,7.5,26,1,2593,2585,0.820679721519,0.808407875216,76,7.6,27,2,2687,2677,0.937262261398,0.921922453519,75,7.5,27,1,2073,2074,0.010737865515,0.012271846303,75,7.5,26,0
198,2026-09-05T05:35:58.942038+00:00,175320187000000,175320218000000,13.000000000,fixed_trajectory,1,0,2089,2085,0.101242732000,0.095106808849,76,7.6,27,1,2655,2665,0.903514684065,0.918854491943,75,7.5,26,2,2593,2585,0.820679721519,0.808407875216,76,7.6,27,1,2686,2676,0.935728280610,0.920388472731,75,7.5,26,2,2073,2074,0.010737865515,0.012271846303,75,7.5,26,0
199,2026-09-05T05:35:58.987279+00:00,175320234000000,175320265000000,13.047000000,fixed_trajectory,1,0,2089,2085,0.101242732000,0.095106808849,76,7.6,27,1,2655,2665,0.903514684065,0.918854491943,75,7.5,25,1,2593,2584,0.820679721519,0.806873894428,76,7.6,27,1,2686,2675,0.935728280610,0.918854491943,75,7.5,27,2,2073,2074,0.010737865515,0.012271846303,75,7.5,26,0
200,2026-09-05T05:35:59.168548+00:00,175320406000000,175320437000000,13.219000000,fixed_trajectory,1,0,2089,2085,0.101242732000,0.095106808849,76,7.6,27,1,2655,2665,0.903514684065,0.918854491943,75,7.5,26,1,2593,2584,0.820679721519,0.806873894428,76,7.6,27,2,2686,2674,0.935728280610,0.917320511156,75,7.5,27,2,2073,2074,0.010737865515,0.012271846303,75,7.5,26,0
201,2026-09-05T05:35:59.200477+00:00,175320453000000,175320468000000,13.250000000,fixed_trajectory,1,0,2089,2085,0.101242732000,0.095106808849,76,7.6,27,1,2655,2666,0.903514684065,0.920388472731,75,7.5,26,2,2593,2584,0.820679721519,0.806873894428,76,7.6,27,2,2686,2673,0.935728280610,0.915786530368,75,7.5,27,3,2073,2074,0.010737865515,0.012271846303,75,7.5,26,0
202,2026-09-05T05:35:59.247350+00:00,175320500000000,175320515000000,13.297000000,fixed_trajectory,1,0,2089,2085,0.101242732000,0.095106808849,76,7.6,27,1,2655,2666,0.903514684065,0.920388472731,75,7.5,25,2,2593,2583,0.820679721519,0.805339913640,76,7.6,27,2,2686,2672,0.935728280610,0.914252549580,75,7.5,27,3,2073,2074,0.010737865515,0.012271846303,75,7.5,26,0
203,2026-09-05T05:35:59.296614+00:00,175320546000000,175320578000000,13.360000000,fixed_trajectory,1,0,2089,2085,0.101242732000,0.095106808849,76,7.6,27,1,2655,2667,0.903514684065,0.921922453519,75,7.5,26,2,2593,2583,0.820679721519,0.805339913640,76,7.6,27,2,2686,2671,0.935728280610,0.912718568792,75,7.5,27,3,2073,2074,0.010737865515,0.012271846303,75,7.5,26,0
204,2026-09-05T05:35:59.355747+00:00,175320593000000,175320625000000,13.407000000,fixed_trajectory,1,0,2089,2085,0.101242732000,0.095106808849,76,7.6,27,1,2656,2667,0.905048664853,0.921922453519,75,7.5,25,0,2593,2583,0.820679721519,0.805339913640,75,7.5,27,1,2684,2670,0.932660319034,0.911184588004,75,7.5,27,1,2073,2074,0.010737865515,0.012271846303,75,7.5,26,0
205,2026-09-05T05:35:59.396359+00:00,175320640000000,175320671000000,13.453000000,fixed_trajectory,1,0,2089,2085,0.101242732000,0.095106808849,76,7.6,27,1,2658,2667,0.908116626428,0.921922453519,75,7.5,26,1,2593,2582,0.820679721519,0.803805932852,76,7.6,27,2,2680,2669,0.926524395883,0.909650607216,75,7.5,27,1,2073,2074,0.010737865515,0.012271846303,75,7.5,26,0
206,2026-09-05T05:35:59.458750+00:00,175320703000000,175320734000000,13.516000000,fixed_trajectory,1,0,2089,2085,0.101242732000,0.095106808849,76,7.6,27,0,2658,2668,0.908116626428,0.923456434307,75,7.5,25,2,2590,2582,0.816077779155,0.803805932852,76,7.6,27,0,2678,2668,0.923456434307,0.908116626428,75,7.5,27,1,2073,2074,0.010737865515,0.012271846303,76,7.6,26,0
207,2026-09-05T05:35:59.498545+00:00,175320750000000,175320781000000,13.563000000,fixed_trajectory,1,0,2089,2085,0.101242732000,0.095106808849,76,7.6,27,1,2661,2668,0.912718568792,0.923456434307,75,7.5,26,1,2587,2582,0.811475836792,0.803805932852,76,7.6,27,0,2676,2667,0.920388472731,0.906582645640,75,7.5,27,1,2073,2074,0.010737865515,0.012271846303,75,7.5,26,0
208,2026-09-05T05:35:59.561918+00:00,175320796000000,175320843000000,13.625000000,fixed_trajectory,1,0,2089,2085,0.101242732000,0.095106808849,76,7.6,27,1,2662,2669,0.914252549580,0.924990415095,75,7.5,25,0,2587,2582,0.811475836792,0.803805932852,76,7.6,27,1,2676,2666,0.920388472731,0.905048664853,75,7.5,27,2,2073,2074,0.010737865515,0.012271846303,75,7.5,26,0
209,2026-09-05T05:35:59.607249+00:00,175320859000000,175320875000000,13.657000000,fixed_trajectory,1,0,2089,2085,0.101242732000,0.095106808849,76,7.6,27,1,2662,2669,0.914252549580,0.924990415095,75,7.5,25,1,2587,2581,0.811475836792,0.802271952064,76,7.6,27,1,2674,2665,0.917320511156,0.903514684065,75,7.5,27,1,2073,2074,0.010737865515,0.012271846303,75,7.5,26,0
210,2026-09-05T05:35:59.771563+00:00,175321015000000,175321046000000,13.828000000,fixed_trajectory,1,0,2089,2085,0.101242732000,0.095106808849,76,7.6,27,1,2662,2669,0.914252549580,0.924990415095,75,7.5,26,1,2587,2581,0.811475836792,0.802271952064,76,7.6,27,1,2672,2664,0.914252549580,0.901980703277,75,7.5,27,2,2073,2074,0.010737865515,0.012271846303,75,7.5,26,0
211,2026-09-05T05:35:59.813104+00:00,175321062000000,175321093000000,13.875000000,fixed_trajectory,1,0,2089,2085,0.101242732000,0.095106808849,76,7.6,27,1,2662,2670,0.914252549580,0.926524395883,75,7.5,25,1,2587,2581,0.811475836792,0.802271952064,76,7.6,27,1,2672,2663,0.914252549580,0.900446722489,75,7.5,27,1,2073,2074,0.010737865515,0.012271846303,75,7.5,26,0
212,2026-09-05T05:35:59.860481+00:00,175321109000000,175321140000000,13.922000000,fixed_trajectory,1,0,2089,2085,0.101242732000,0.095106808849,76,7.6,27,1,2662,2670,0.914252549580,0.926524395883,75,7.5,25,2,2587,2580,0.811475836792,0.800737971276,76,7.6,27,1,2672,2662,0.914252549580,0.898912741701,75,7.5,27,2,2073,2074,0.010737865515,0.012271846303,75,7.5,26,0
213,2026-09-05T05:35:59.914249+00:00,175321156000000,175321187000000,13.969000000,fixed_trajectory,1,0,2089,2085,0.101242732000,0.095106808849,76,7.6,27,1,2662,2670,0.914252549580,0.926524395883,75,7.5,25,1,2587,2580,0.811475836792,0.800737971276,76,7.6,27,2,2672,2661,0.914252549580,0.897378760913,75,7.5,27,1,2073,2074,0.010737865515,0.012271846303,75,7.5,26,0
214,2026-09-05T05:35:59.957647+00:00,175321203000000,175321234000000,14.016000000,fixed_trajectory,1,0,2089,2085,0.101242732000,0.095106808849,76,7.6,27,1,2662,2671,0.914252549580,0.928058376671,75,7.5,25,2,2587,2580,0.811475836792,0.800737971276,76,7.6,27,1,2670,2660,0.911184588004,0.895844780125,75,7.5,27,1,2073,2074,0.010737865515,0.012271846303,76,7.6,26,0
215,2026-09-05T05:36:00.000839+00:00,175321250000000,175321281000000,14.063000000,fixed_trajectory,1,0,2089,2085,0.101242732000,0.095106808849,76,7.6,27,1,2662,2671,0.914252549580,0.928058376671,75,7.5,26,1,2587,2580,0.811475836792,0.800737971276,76,7.6,27,1,2668,2659,0.908116626428,0.894310799337,75,7.5,27,1,2073,2074,0.010737865515,0.012271846303,75,7.5,26,0
216,2026-09-05T05:36:00.064090+00:00,175321312000000,175321343000000,14.125000000,fixed_trajectory,1,0,2089,2085,0.101242732000,0.095106808849,76,7.6,27,0,2662,2672,0.914252549580,0.929592357459,75,7.5,25,2,2587,2579,0.811475836792,0.799203990488,76,7.6,27,1,2668,2658,0.908116626428,0.892776818549,75,7.5,27,1,2073,2074,0.010737865515,0.012271846303,75,7.5,26,0
217,2026-09-05T05:36:00.120199+00:00,175321359000000,175321390000000,14.172000000,online_observation,1,0,2089,2085,0.101242732000,0.095106808849,76,7.6,27,1,2663,2672,0.915786530368,0.929592357459,75,7.5,25,1,2587,2579,0.811475836792,0.799203990488,76,7.6,27,1,2666,2657,0.905048664853,0.891242837762,75,7.5,27,2,2073,2074,0.010737865515,0.012271846303,75,7.5,26,0
218,2026-09-05T05:36:00.160625+00:00,175321406000000,175321437000000,14.219000000,online_observation,1,0,2089,2085,0.101242732000,0.095106808849,76,7.6,27,1,2663,2672,0.915786530368,0.929592357459,75,7.5,25,1,2587,2579,0.811475836792,0.799203990488,76,7.6,27,1,2666,2657,0.905048664853,0.891242837762,75,7.5,27,1,2073,2074,0.010737865515,0.012271846303,75,7.5,26,0
219,2026-09-05T05:36:00.213646+00:00,175321453000000,175321484000000,14.266000000,online_observation,1,0,2089,2085,0.101242732000,0.095106808849,76,7.6,27,1,2663,2672,0.915786530368,0.929592357459,75,7.5,26,2,2587,2579,0.811475836792,0.799203990488,76,7.6,27,1,2666,2657,0.905048664853,0.891242837762,75,7.5,27,1,2073,2074,0.010737865515,0.012271846303,75,7.5,26,0
220,2026-09-05T05:36:00.259160+00:00,175321500000000,175321531000000,14.313000000,online_observation,1,0,2089,2085,0.101242732000,0.095106808849,76,7.6,27,0,2663,2672,0.915786530368,0.929592357459,75,7.5,25,1,2587,2579,0.811475836792,0.799203990488,76,7.6,27,1,2666,2657,0.905048664853,0.891242837762,75,7.5,27,1,2073,2074,0.010737865515,0.012271846303,75,7.5,26,0
221,2026-09-05T05:36:00.318981+00:00,175321562000000,175321593000000,14.375000000,online_observation,1,0,2089,2085,0.101242732000,0.095106808849,76,7.6,27,1,2663,2672,0.915786530368,0.929592357459,75,7.5,25,2,2587,2579,0.811475836792,0.799203990488,76,7.6,27,1,2666,2657,0.905048664853,0.891242837762,74,7.4,27,1,2073,2074,0.010737865515,0.012271846303,75,7.5,26,0
222,2026-09-05T05:36:00.362916+00:00,175321609000000,175321640000000,14.422000000,online_observation,1,0,2089,2085,0.101242732000,0.095106808849,76,7.6,27,1,2663,2672,0.915786530368,0.929592357459,75,7.5,25,1,2587,2579,0.811475836792,0.799203990488,75,7.5,27,1,2666,2657,0.905048664853,0.891242837762,75,7.5,27,2,2073,2074,0.010737865515,0.012271846303,75,7.5,26,0
223,2026-09-05T05:36:00.412069+00:00,175321656000000,175321687000000,14.469000000,online_observation,1,0,2089,2085,0.101242732000,0.095106808849,76,7.6,27,1,2663,2672,0.915786530368,0.929592357459,75,7.5,25,2,2587,2579,0.811475836792,0.799203990488,76,7.6,27,1,2666,2657,0.905048664853,0.891242837762,75,7.5,27,2,2073,2074,0.010737865515,0.012271846303,75,7.5,26,0
224,2026-09-05T05:36:00.460132+00:00,175321703000000,175321734000000,14.516000000,online_observation,1,0,2089,2085,0.101242732000,0.095106808849,76,7.6,27,0,2663,2672,0.915786530368,0.929592357459,75,7.5,26,1,2587,2579,0.811475836792,0.799203990488,76,7.6,27,2,2666,2657,0.905048664853,0.891242837762,75,7.5,27,2,2073,2074,0.010737865515,0.012271846303,75,7.5,26,0
225,2026-09-05T05:36:00.517085+00:00,175321750000000,175321796000000,14.578000000,online_inference,2,0,2089,2085,0.101242732000,0.095106808849,76,7.6,27,1,2663,2672,0.915786530368,0.929592357459,75,7.5,25,1,2587,2579,0.811475836792,0.799203990488,76,7.6,27,2,2666,2657,0.905048664853,0.891242837762,75,7.5,27,1,2073,2074,0.010737865515,0.012271846303,75,7.5,26,0
226,2026-09-05T05:36:00.588837+00:00,175321812000000,175321859000000,14.641000000,online_inference,2,0,2089,2085,0.101242732000,0.095106808849,76,7.6,27,1,2663,2672,0.915786530368,0.929592357459,75,7.5,25,2,2587,2579,0.811475836792,0.799203990488,76,7.6,27,1,2666,2657,0.905048664853,0.891242837762,75,7.5,27,2,2073,2074,0.010737865515,0.012271846303,75,7.5,26,0
227,2026-09-05T05:36:00.650006+00:00,175321875000000,175321921000000,14.703000000,online_inference,2,0,2089,2085,0.101242732000,0.095106808849,76,7.6,27,1,2663,2672,0.915786530368,0.929592357459,75,7.5,26,1,2587,2579,0.811475836792,0.799203990488,75,7.5,27,1,2666,2657,0.905048664853,0.891242837762,75,7.5,27,2,2073,2074,0.010737865515,0.012271846303,76,7.6,26,0
228,2026-09-05T05:36:00.709079+00:00,175321937000000,175321984000000,14.766000000,online_inference,2,0,2089,2085,0.101242732000,0.095106808849,76,7.6,27,1,2663,2672,0.915786530368,0.929592357459,75,7.5,26,2,2587,2579,0.811475836792,0.799203990488,76,7.6,27,1,2666,2657,0.905048664853,0.891242837762,75,7.5,27,1,2073,2074,0.010737865515,0.012271846303,75,7.5,26,0
229,2026-09-05T05:36:00.762888+00:00,175322000000000,175322031000000,14.813000000,online_inference,2,0,2089,2085,0.101242732000,0.095106808849,76,7.6,27,1,2663,2672,0.915786530368,0.929592357459,75,7.5,25,2,2587,2579,0.811475836792,0.799203990488,76,7.6,27,1,2666,2657,0.905048664853,0.891242837762,75,7.5,27,2,2073,2074,0.010737865515,0.012271846303,75,7.5,26,0
230,2026-09-05T05:36:00.828617+00:00,175322062000000,175322109000000,14.891000000,online_inference,2,0,2089,2085,0.101242732000,0.095106808849,76,7.6,27,1,2663,2672,0.915786530368,0.929592357459,75,7.5,25,2,2587,2579,0.811475836792,0.799203990488,76,7.6,27,1,2666,2657,0.905048664853,0.891242837762,75,7.5,27,2,2073,2074,0.010737865515,0.012271846303,75,7.5,26,0
231,2026-09-05T05:36:00.894384+00:00,175322125000000,175322171000000,14.953000000,online_inference,2,0,2089,2085,0.101242732000,0.095106808849,76,7.6,27,0,2663,2672,0.915786530368,0.929592357459,75,7.5,25,1,2587,2579,0.811475836792,0.799203990488,76,7.6,27,2,2666,2657,0.905048664853,0.891242837762,75,7.5,27,2,2073,2074,0.010737865515,0.012271846303,75,7.5,26,0
232,2026-09-05T05:36:00.949349+00:00,175322187000000,175322218000000,15.000000000,online_inference,2,0,2089,2085,0.101242732000,0.095106808849,76,7.6,27,1,2663,2672,0.915786530368,0.929592357459,75,7.5,25,1,2587,2579,0.811475836792,0.799203990488,76,7.6,27,1,2666,2657,0.905048664853,0.891242837762,75,7.5,27,2,2073,2074,0.010737865515,0.012271846303,75,7.5,26,0
233,2026-09-05T05:36:00.989523+00:00,175322234000000,175322265000000,15.047000000,online_inference,2,0,2089,2085,0.101242732000,0.095106808849,76,7.6,27,1,2663,2672,0.915786530368,0.929592357459,75,7.5,26,1,2587,2579,0.811475836792,0.799203990488,75,7.5,27,2,2666,2657,0.905048664853,0.891242837762,75,7.5,27,1,2073,2074,0.010737865515,0.012271846303,75,7.5,26,0
234,2026-09-05T05:36:01.047551+00:00,175322281000000,175322328000000,15.110000000,online_inference,2,0,2089,2085,0.101242732000,0.095106808849,76,7.6,27,1,2663,2672,0.915786530368,0.929592357459,75,7.5,25,2,2587,2579,0.811475836792,0.799203990488,76,7.6,27,2,2666,2657,0.905048664853,0.891242837762,75,7.5,27,1,2073,2074,0.010737865515,0.012271846303,75,7.5,26,0
235,2026-09-05T05:36:01.095712+00:00,175322343000000,175322375000000,15.157000000,online_inference,2,0,2089,2085,0.101242732000,0.095106808849,76,7.6,27,1,2663,2672,0.915786530368,0.929592357459,75,7.5,26,1,2587,2579,0.811475836792,0.799203990488,76,7.6,27,2,2666,2657,0.905048664853,0.891242837762,75,7.5,27,1,2073,2074,0.010737865515,0.012271846303,76,7.6,26,0
236,2026-09-05T05:36:01.155956+00:00,175322390000000,175322437000000,15.219000000,online_inference,2,0,2089,2085,0.101242732000,0.095106808849,76,7.6,27,0,2663,2672,0.915786530368,0.929592357459,75,7.5,26,1,2587,2579,0.811475836792,0.799203990488,76,7.6,27,1,2666,2657,0.905048664853,0.891242837762,75,7.5,27,2,2073,2074,0.010737865515,0.012271846303,75,7.5,26,0
237,2026-09-05T05:36:01.207877+00:00,175322453000000,175322484000000,15.266000000,online_inference,2,0,2089,2085,0.101242732000,0.095106808849,76,7.6,27,0,2663,2672,0.915786530368,0.929592357459,75,7.5,25,1,2587,2579,0.811475836792,0.799203990488,76,7.6,27,1,2666,2657,0.905048664853,0.891242837762,75,7.5,27,1,2073,2074,0.010737865515,0.012271846303,75,7.5,26,0
238,2026-09-05T05:36:01.268557+00:00,175322500000000,175322546000000,15.328000000,online_inference,2,0,2089,2085,0.101242732000,0.095106808849,76,7.6,27,1,2663,2672,0.915786530368,0.929592357459,75,7.5,25,1,2587,2579,0.811475836792,0.799203990488,76,7.6,27,1,2666,2657,0.905048664853,0.891242837762,75,7.5,27,1,2073,2074,0.010737865515,0.012271846303,76,7.6,26,0
239,2026-09-05T05:36:01.335435+00:00,175322562000000,175322609000000,15.391000000,online_inference,2,0,2089,2085,0.101242732000,0.095106808849,76,7.6,27,1,2663,2672,0.915786530368,0.929592357459,75,7.5,25,1,2587,2579,0.811475836792,0.799203990488,75,7.5,27,1,2666,2657,0.905048664853,0.891242837762,75,7.5,27,1,2073,2074,0.010737865515,0.012271846303,75,7.5,26,0
240,2026-09-05T05:36:01.386245+00:00,175322625000000,175322656000000,15.438000000,online_inference,2,0,2089,2085,0.101242732000,0.095106808849,76,7.6,27,1,2663,2672,0.915786530368,0.929592357459,75,7.5,25,1,2587,2579,0.811475836792,0.799203990488,76,7.6,27,1,2666,2657,0.905048664853,0.891242837762,75,7.5,27,2,2073,2074,0.010737865515,0.012271846303,75,7.5,26,0
241,2026-09-05T05:36:01.436797+00:00,175322671000000,175322718000000,15.500000000,online_inference,2,0,2089,2085,0.101242732000,0.095106808849,76,7.6,27,1,2663,2672,0.915786530368,0.929592357459,75,7.5,25,1,2587,2579,0.811475836792,0.799203990488,76,7.6,27,2,2666,2657,0.905048664853,0.891242837762,75,7.5,27,2,2073,2074,0.010737865515,0.012271846303,76,7.6,26,0
242,2026-09-05T05:36:01.494088+00:00,175322734000000,175322765000000,15.547000000,online_inference,2,0,2089,2085,0.101242732000,0.095106808849,76,7.6,27,1,2663,2672,0.915786530368,0.929592357459,75,7.5,25,1,2587,2579,0.811475836792,0.799203990488,76,7.6,27,1,2666,2657,0.905048664853,0.891242837762,75,7.5,27,1,2073,2074,0.010737865515,0.012271846303,75,7.5,25,0
243,2026-09-05T05:36:01.545835+00:00,175322781000000,175322828000000,15.610000000,online_inference,2,0,2089,2085,0.101242732000,0.095106808849,76,7.6,27,1,2663,2672,0.915786530368,0.929592357459,75,7.5,25,2,2587,2579,0.811475836792,0.799203990488,76,7.6,27,1,2666,2657,0.905048664853,0.891242837762,75,7.5,27,2,2073,2074,0.010737865515,0.012271846303,75,7.5,26,0
244,2026-09-05T05:36:01.608117+00:00,175322843000000,175322890000000,15.672000000,online_inference,2,0,2089,2085,0.101242732000,0.095106808849,76,7.6,27,1,2663,2672,0.915786530368,0.929592357459,75,7.5,25,2,2587,2579,0.811475836792,0.799203990488,76,7.6,27,1,2666,2657,0.905048664853,0.891242837762,75,7.5,27,2,2073,2074,0.010737865515,0.012271846303,75,7.5,26,0
245,2026-09-05T05:36:01.661426+00:00,175322906000000,175322937000000,15.719000000,online_inference,2,0,2089,2085,0.101242732000,0.095106808849,76,7.6,27,1,2663,2672,0.915786530368,0.929592357459,75,7.5,26,1,2587,2579,0.811475836792,0.799203990488,76,7.6,27,1,2666,2657,0.905048664853,0.891242837762,75,7.5,27,1,2073,2074,0.010737865515,0.012271846303,75,7.5,26,0
246,2026-09-05T05:36:01.719470+00:00,175322953000000,175323000000000,15.782000000,online_inference,2,0,2089,2085,0.101242732000,0.095106808849,76,7.6,27,0,2663,2672,0.915786530368,0.929592357459,75,7.5,26,1,2587,2579,0.811475836792,0.799203990488,76,7.6,27,1,2666,2657,0.905048664853,0.891242837762,75,7.5,27,1,2073,2074,0.010737865515,0.012271846303,75,7.5,26,0
247,2026-09-05T05:36:01.775656+00:00,175323015000000,175323046000000,15.828000000,online_inference,2,0,2089,2085,0.101242732000,0.095106808849,76,7.6,27,1,2663,2672,0.915786530368,0.929592357459,75,7.5,26,2,2587,2579,0.811475836792,0.799203990488,76,7.6,27,2,2666,2657,0.905048664853,0.891242837762,75,7.5,27,2,2073,2074,0.010737865515,0.012271846303,75,7.5,26,0
248,2026-09-05T05:36:01.847366+00:00,175323078000000,175323125000000,15.907000000,online_inference,2,0,2089,2085,0.101242732000,0.095106808849,76,7.6,27,1,2663,2672,0.915786530368,0.929592357459,75,7.5,25,2,2587,2579,0.811475836792,0.799203990488,75,7.5,27,1,2666,2657,0.905048664853,0.891242837762,75,7.5,27,2,2073,2074,0.010737865515,0.012271846303,75,7.5,26,0
249,2026-09-05T05:36:01.907262+00:00,175323140000000,175323187000000,15.969000000,online_inference,2,0,2089,2085,0.101242732000,0.095106808849,76,7.6,27,0,2663,2672,0.915786530368,0.929592357459,75,7.5,26,1,2587,2579,0.811475836792,0.799203990488,76,7.6,27,1,2666,2657,0.905048664853,0.891242837762,75,7.5,27,2,2073,2074,0.010737865515,0.012271846303,75,7.5,26,0
250,2026-09-05T05:36:01.959350+00:00,175323203000000,175323234000000,16.016000000,online_inference,2,0,2089,2085,0.101242732000,0.095106808849,76,7.6,27,1,2663,2672,0.915786530368,0.929592357459,75,7.5,25,2,2587,2579,0.811475836792,0.799203990488,76,7.6,27,1,2666,2657,0.905048664853,0.891242837762,75,7.5,27,1,2073,2074,0.010737865515,0.012271846303,75,7.5,26,0
251,2026-09-05T05:36:02.016095+00:00,175323250000000,175323296000000,16.078000000,online_inference,2,0,2089,2085,0.101242732000,0.095106808849,76,7.6,27,1,2663,2672,0.915786530368,0.929592357459,75,7.5,26,1,2587,2579,0.811475836792,0.799203990488,76,7.6,27,1,2666,2657,0.905048664853,0.891242837762,75,7.5,27,1,2073,2074,0.010737865515,0.012271846303,75,7.5,26,0
252,2026-09-05T05:36:02.082456+00:00,175323312000000,175323359000000,16.141000000,online_inference,2,0,2089,2085,0.101242732000,0.095106808849,76,7.6,27,1,2663,2672,0.915786530368,0.929592357459,75,7.5,26,2,2587,2579,0.811475836792,0.799203990488,76,7.6,27,1,2666,2657,0.905048664853,0.891242837762,75,7.5,27,2,2073,2074,0.010737865515,0.012271846303,75,7.5,35,0
253,2026-09-05T05:36:02.133160+00:00,175323375000000,175323406000000,16.188000000,online_inference,2,0,2089,2085,0.101242732000,0.095106808849,76,7.6,27,1,2663,2672,0.915786530368,0.929592357459,75,7.5,26,1,2587,2579,0.811475836792,0.799203990488,76,7.6,27,2,2666,2657,0.905048664853,0.891242837762,75,7.5,27,1,2073,2074,0.010737865515,0.012271846303,75,7.5,26,0
254,2026-09-05T05:36:02.194679+00:00,175323421000000,175323468000000,16.250000000,online_inference,2,0,2089,2085,0.101242732000,0.095106808849,76,7.6,27,1,2663,2672,0.915786530368,0.929592357459,75,7.5,26,1,2587,2579,0.811475836792,0.799203990488,76,7.6,27,1,2666,2657,0.905048664853,0.891242837762,75,7.5,27,1,2073,2074,0.010737865515,0.012271846303,76,7.6,26,0
255,2026-09-05T05:36:02.239901+00:00,175323484000000,175323515000000,16.297000000,online_inference,2,0,2089,2085,0.101242732000,0.095106808849,76,7.6,27,1,2663,2672,0.915786530368,0.929592357459,75,7.5,26,1,2587,2579,0.811475836792,0.799203990488,76,7.6,27,1,2666,2657,0.905048664853,0.891242837762,75,7.5,27,2,2073,2074,0.010737865515,0.012271846303,75,7.5,26,0
256,2026-09-05T05:36:02.301246+00:00,175323531000000,175323578000000,16.360000000,online_inference,2,0,2089,2085,0.101242732000,0.095106808849,76,7.6,27,1,2663,2672,0.915786530368,0.929592357459,75,7.5,26,1,2587,2579,0.811475836792,0.799203990488,76,7.6,27,1,2666,2657,0.905048664853,0.891242837762,75,7.5,27,2,2073,2074,0.010737865515,0.012271846303,75,7.5,26,0
257,2026-09-05T05:36:02.363166+00:00,175323593000000,175323640000000,16.422000000,online_inference,2,0,2089,2085,0.101242732000,0.095106808849,76,7.6,27,1,2663,2672,0.915786530368,0.929592357459,75,7.5,25,2,2587,2579,0.811475836792,0.799203990488,76,7.6,27,2,2666,2657,0.905048664853,0.891242837762,75,7.5,27,1,2073,2074,0.010737865515,0.012271846303,75,7.5,26,0
258,2026-09-05T05:36:02.418218+00:00,175323656000000,175323687000000,16.469000000,online_inference,2,0,2089,2085,0.101242732000,0.095106808849,76,7.6,27,1,2663,2672,0.915786530368,0.929592357459,75,7.5,25,2,2587,2579,0.811475836792,0.799203990488,76,7.6,28,1,2666,2657,0.905048664853,0.891242837762,75,7.5,27,2,2073,2074,0.010737865515,0.012271846303,75,7.5,26,0
259,2026-09-05T05:36:02.472372+00:00,175323703000000,175323750000000,16.532000000,online_inference,2,0,2089,2085,0.101242732000,0.095106808849,76,7.6,27,0,2663,2672,0.915786530368,0.929592357459,75,7.5,26,2,2587,2579,0.811475836792,0.799203990488,76,7.6,27,1,2666,2657,0.905048664853,0.891242837762,75,7.5,27,1,2073,2074,0.010737865515,0.012271846303,76,7.6,26,0
260,2026-09-05T05:36:02.525373+00:00,175323765000000,175323796000000,16.578000000,online_inference,2,0,2089,2085,0.101242732000,0.095106808849,76,7.6,27,0,2663,2672,0.915786530368,0.929592357459,75,7.5,25,1,2587,2579,0.811475836792,0.799203990488,76,7.6,27,1,2666,2657,0.905048664853,0.891242837762,75,7.5,27,2,2073,2074,0.010737865515,0.012271846303,75,7.5,26,0
261,2026-09-05T05:36:02.578892+00:00,175323812000000,175323859000000,16.641000000,online_inference,2,0,2089,2085,0.101242732000,0.095106808849,76,7.6,27,1,2663,2672,0.915786530368,0.929592357459,75,7.5,25,1,2587,2579,0.811475836792,0.799203990488,76,7.6,27,0,2666,2657,0.905048664853,0.891242837762,75,7.5,27,2,2073,2074,0.010737865515,0.012271846303,75,7.5,26,0
262,2026-09-05T05:36:02.637491+00:00,175323875000000,175323906000000,16.688000000,online_inference,2,0,2089,2085,0.101242732000,0.095106808849,76,7.6,27,1,2663,2672,0.915786530368,0.929592357459,75,7.5,26,1,2587,2579,0.811475836792,0.799203990488,76,7.6,27,1,2666,2657,0.905048664853,0.891242837762,75,7.5,29,2,2073,2074,0.010737865515,0.012271846303,75,7.5,26,0
263,2026-09-05T05:36:02.684596+00:00,175323921000000,175323953000000,16.735000000,online_inference,2,0,2089,2085,0.101242732000,0.095106808849,76,7.6,27,1,2663,2672,0.915786530368,0.929592357459,75,7.5,25,1,2587,2579,0.811475836792,0.799203990488,76,7.6,27,1,2666,2657,0.905048664853,0.891242837762,75,7.5,27,2,2073,2074,0.010737865515,0.012271846303,75,7.5,26,0
264,2026-09-05T05:36:02.735312+00:00,175323968000000,175324015000000,16.797000000,online_inference,2,0,2089,2085,0.101242732000,0.095106808849,76,7.6,27,1,2663,2672,0.915786530368,0.929592357459,75,7.5,25,1,2587,2579,0.811475836792,0.799203990488,76,7.6,27,1,2666,2657,0.905048664853,0.891242837762,75,7.5,27,1,2073,2074,0.010737865515,0.012271846303,75,7.5,26,0
265,2026-09-05T05:36:02.788395+00:00,175324031000000,175324062000000,16.844000000,online_inference,2,0,2089,2085,0.101242732000,0.095106808849,76,7.6,27,1,2663,2672,0.915786530368,0.929592357459,75,7.5,25,2,2587,2579,0.811475836792,0.799203990488,76,7.6,27,2,2666,2657,0.905048664853,0.891242837762,75,7.5,27,1,2073,2074,0.010737865515,0.012271846303,75,7.5,26,0
266,2026-09-05T05:36:02.846050+00:00,175324078000000,175324125000000,16.907000000,online_inference,2,0,2089,2085,0.101242732000,0.095106808849,76,7.6,27,1,2663,2672,0.915786530368,0.929592357459,75,7.5,25,1,2587,2579,0.811475836792,0.799203990488,76,7.6,27,2,2666,2657,0.905048664853,0.891242837762,75,7.5,27,1,2073,2074,0.010737865515,0.012271846303,75,7.5,26,0
267,2026-09-05T05:36:02.898128+00:00,175324140000000,175324171000000,16.953000000,online_inference,2,0,2089,2085,0.101242732000,0.095106808849,76,7.6,27,0,2663,2672,0.915786530368,0.929592357459,75,7.5,26,2,2587,2579,0.811475836792,0.799203990488,76,7.6,27,1,2666,2657,0.905048664853,0.891242837762,75,7.5,27,1,2073,2074,0.010737865515,0.012271846303,75,7.5,26,0
268,2026-09-05T05:36:02.956434+00:00,175324187000000,175324234000000,17.016000000,online_inference,2,0,2089,2085,0.101242732000,0.095106808849,76,7.6,27,1,2663,2672,0.915786530368,0.929592357459,75,7.5,25,1,2587,2579,0.811475836792,0.799203990488,76,7.6,27,1,2666,2657,0.905048664853,0.891242837762,75,7.5,27,1,2073,2074,0.010737865515,0.012271846303,76,7.6,26,0
269,2026-09-05T05:36:03.010571+00:00,175324250000000,175324281000000,17.063000000,online_inference,2,0,2089,2085,0.101242732000,0.095106808849,76,7.6,27,1,2663,2672,0.915786530368,0.929592357459,75,7.5,25,2,2587,2579,0.811475836792,0.799203990488,76,7.6,27,1,2666,2657,0.905048664853,0.891242837762,75,7.5,27,2,2073,2074,0.010737865515,0.012271846303,75,7.5,26,0
270,2026-09-05T05:36:03.059940+00:00,175324296000000,175324328000000,17.110000000,online_inference,2,0,2089,2085,0.101242732000,0.095106808849,76,7.6,27,0,2663,2672,0.915786530368,0.929592357459,75,7.5,25,1,2587,2579,0.811475836792,0.799203990488,76,7.6,27,1,2666,2657,0.905048664853,0.891242837762,75,7.5,27,1,2073,2074,0.010737865515,0.012271846303,75,7.5,26,0
271,2026-09-05T05:36:03.111980+00:00,175324343000000,175324390000000,17.172000000,online_inference,2,0,2089,2085,0.101242732000,0.095106808849,76,7.6,27,1,2663,2672,0.915786530368,0.929592357459,75,7.5,25,2,2587,2579,0.811475836792,0.799203990488,76,7.6,27,2,2666,2657,0.905048664853,0.891242837762,75,7.5,27,2,2073,2074,0.010737865515,0.012271846303,75,7.5,26,0
272,2026-09-05T05:36:03.162228+00:00,175324406000000,175324437000000,17.219000000,online_inference,2,0,2089,2085,0.101242732000,0.095106808849,76,7.6,27,1,2663,2672,0.915786530368,0.929592357459,75,7.5,26,2,2587,2579,0.811475836792,0.799203990488,76,7.6,27,1,2666,2657,0.905048664853,0.891242837762,75,7.5,27,1,2073,2074,0.010737865515,0.012271846303,76,7.6,26,0
273,2026-09-05T05:36:03.218920+00:00,175324453000000,175324500000000,17.282000000,online_inference,2,0,2089,2085,0.101242732000,0.095106808849,76,7.6,27,1,2663,2672,0.915786530368,0.929592357459,75,7.5,26,1,2587,2579,0.811475836792,0.799203990488,76,7.6,27,2,2666,2657,0.905048664853,0.891242837762,75,7.5,27,1,2073,2074,0.010737865515,0.012271846303,75,7.5,26,0
274,2026-09-05T05:36:03.275180+00:00,175324515000000,175324546000000,17.328000000,online_inference,2,0,2089,2085,0.101242732000,0.095106808849,76,7.6,27,1,2663,2672,0.915786530368,0.929592357459,75,7.5,25,2,2587,2579,0.811475836792,0.799203990488,76,7.6,27,1,2666,2657,0.905048664853,0.891242837762,75,7.5,27,2,2073,2074,0.010737865515,0.012271846303,75,7.5,26,0
275,2026-09-05T05:36:03.319059+00:00,175324562000000,175324593000000,17.375000000,online_inference,2,0,2089,2085,0.101242732000,0.095106808849,76,7.6,27,1,2663,2672,0.915786530368,0.929592357459,75,7.5,26,1,2587,2579,0.811475836792,0.799203990488,76,7.6,27,1,2666,2657,0.905048664853,0.891242837762,75,7.5,27,1,2073,2074,0.010737865515,0.012271846303,75,7.5,26,0
276,2026-09-05T05:36:03.364443+00:00,175324609000000,175324640000000,17.422000000,online_archive,2,0,2089,2085,0.101242732000,0.095106808849,76,7.6,27,1,2663,2672,0.915786530368,0.929592357459,75,7.5,26,1,2587,2579,0.811475836792,0.799203990488,76,7.6,27,1,2666,2657,0.905048664853,0.891242837762,75,7.5,27,2,2073,2074,0.010737865515,0.012271846303,75,7.5,26,0
277,2026-09-05T05:36:03.414548+00:00,175324656000000,175324687000000,17.469000000,online_archive,2,0,2089,2085,0.101242732000,0.095106808849,76,7.6,27,1,2663,2672,0.915786530368,0.929592357459,75,7.5,26,1,2587,2579,0.811475836792,0.799203990488,76,7.6,27,1,2666,2657,0.905048664853,0.891242837762,75,7.5,27,2,2073,2074,0.010737865515,0.012271846303,75,7.5,26,0
278,2026-09-05T05:36:03.483601+00:00,175324718000000,175324765000000,17.547000000,fixed_trajectory,2,0,2089,2085,0.101242732000,0.095106808849,76,7.6,27,1,2663,2672,0.915786530368,0.929592357459,75,7.5,25,1,2587,2579,0.811475836792,0.799203990488,75,7.5,27,1,2666,2657,0.905048664853,0.891242837762,75,7.5,27,1,2073,2074,0.010737865515,0.012271846303,75,7.5,26,0
279,2026-09-05T05:36:03.530075+00:00,175324781000000,175324812000000,17.594000000,fixed_trajectory,2,0,2089,2085,0.101242732000,0.095106808849,76,7.6,27,1,2663,2672,0.915786530368,0.929592357459,75,7.5,25,1,2587,2579,0.811475836792,0.799203990488,75,7.5,27,1,2666,2656,0.905048664853,0.889708856974,75,7.5,27,1,2073,2074,0.010737865515,0.012271846303,75,7.5,26,0
280,2026-09-05T05:36:03.587119+00:00,175324828000000,175324859000000,17.641000000,fixed_trajectory,2,0,2089,2085,0.101242732000,0.095106808849,76,7.6,27,1,2663,2673,0.915786530368,0.931126338247,75,7.5,26,2,2587,2578,0.811475836792,0.797670009701,76,7.6,27,1,2664,2655,0.901980703277,0.888174876186,75,7.5,27,2,2073,2074,0.010737865515,0.012271846303,75,7.5,26,0
281,2026-09-05T05:36:03.627634+00:00,175324875000000,175324906000000,17.688000000,fixed_trajectory,2,0,2089,2085,0.101242732000,0.095106808849,76,7.6,27,0,2664,2673,0.917320511156,0.931126338247,75,7.5,25,0,2587,2578,0.811475836792,0.797670009701,76,7.6,27,1,2664,2654,0.901980703277,0.886640895398,75,7.5,27,1,2073,2074,0.010737865515,0.012271846303,75,7.5,26,0
282,2026-09-05T05:36:03.686479+00:00,175324921000000,175324968000000,17.750000000,fixed_trajectory,2,0,2089,2085,0.101242732000,0.095106808849,76,7.6,27,1,2666,2674,0.920388472731,0.932660319034,75,7.5,25,1,2587,2578,0.811475836792,0.797670009701,76,7.6,27,2,2662,2653,0.898912741701,0.885106914610,75,7.5,27,1,2073,2074,0.010737865515,0.012271846303,75,7.5,26,0
283,2026-09-05T05:36:03.734652+00:00,175324984000000,175325015000000,17.797000000,fixed_trajectory,2,0,2089,2085,0.101242732000,0.095106808849,76,7.6,27,1,2666,2674,0.920388472731,0.932660319034,75,7.5,25,1,2587,2577,0.811475836792,0.796136028913,76,7.6,27,2,2660,2652,0.895844780125,0.883572933822,75,7.5,27,1,2073,2074,0.010737865515,0.012271846303,75,7.5,26,0
284,2026-09-05T05:36:03.785282+00:00,175325031000000,175325062000000,17.844000000,fixed_trajectory,2,0,2089,2085,0.101242732000,0.095106808849,76,7.6,27,1,2666,2674,0.920388472731,0.932660319034,75,7.5,25,1,2586,2577,0.809941856004,0.796136028913,76,7.6,27,1,2660,2651,0.895844780125,0.882038953034,75,7.5,27,1,2073,2074,0.010737865515,0.012271846303,76,7.6,26,0
285,2026-09-05T05:36:03.835436+00:00,175325078000000,175325109000000,17.891000000,fixed_trajectory,2,0,2089,2085,0.101242732000,0.095106808849,76,7.6,27,1,2667,2675,0.921922453519,0.934194299822,75,7.5,25,1,2583,2577,0.805339913640,0.796136028913,76,7.6,27,1,2660,2650,0.895844780125,0.880504972246,75,7.5,27,1,2073,2074,0.010737865515,0.012271846303,75,7.5,26,0
286,2026-09-05T05:36:03.878747+00:00,175325125000000,175325156000000,17.938000000,fixed_trajectory,2,0,2089,2085,0.101242732000,0.095106808849,76,7.6,27,0,2667,2675,0.921922453519,0.934194299822,75,7.5,25,2,2583,2576,0.805339913640,0.794602048125,76,7.6,27,1,2660,2649,0.895844780125,0.878970991458,75,7.5,27,2,2073,2074,0.010737865515,0.012271846303,75,7.5,26,0
287,2026-09-05T05:36:03.921746+00:00,175325171000000,175325203000000,17.985000000,fixed_trajectory,2,0,2089,2085,0.101242732000,0.095106808849,76,7.6,27,1,2668,2675,0.923456434307,0.934194299822,75,7.5,26,1,2581,2576,0.802271952064,0.794602048125,76,7.6,27,1,2660,2648,0.895844780125,0.877437010671,75,7.5,27,1,2073,2074,0.010737865515,0.012271846303,75,7.5,26,0
288,2026-09-05T05:36:03.981333+00:00,175325234000000,175325250000000,18.032000000,fixed_trajectory,2,0,2089,2085,0.101242732000,0.095106808849,76,7.6,27,1,2669,2676,0.924990415095,0.935728280610,75,7.5,26,1,2581,2576,0.802271952064,0.794602048125,76,7.6,27,0,2659,2647,0.894310799337,0.875903029883,75,7.5,27,1,2073,2074,0.010737865515,0.012271846303,75,7.5,26,0
289,2026-09-05T05:36:04.037416+00:00,175325281000000,175325312000000,18.094000000,fixed_trajectory,2,0,2089,2086,0.101242732000,0.096640789637,76,7.6,27,1,2669,2676,0.924990415095,0.935728280610,75,7.5,26,1,2581,2575,0.802271952064,0.793068067337,76,7.6,27,1,2656,2646,0.889708856974,0.874369049095,75,7.5,27,1,2073,2074,0.010737865515,0.012271846303,76,7.6,26,0
290,2026-09-05T05:36:04.078671+00:00,175325328000000,175325359000000,18.141000000,fixed_trajectory,2,0,2089,2086,0.101242732000,0.096640789637,76,7.6,27,0,2670,2677,0.926524395883,0.937262261398,75,7.5,26,1,2581,2575,0.802271952064,0.793068067337,76,7.6,27,0,2654,2645,0.886640895398,0.872835068307,75,7.5,27,1,2073,2074,0.010737865515,0.012271846303,75,7.5,26,0
291,2026-09-05T05:36:04.136878+00:00,175325375000000,175325406000000,18.188000000,fixed_trajectory,2,0,2089,2086,0.101242732000,0.096640789637,76,7.6,27,0,2671,2677,0.928058376671,0.937262261398,75,7.5,26,1,2581,2575,0.802271952064,0.793068067337,76,7.6,27,1,2652,2644,0.883572933822,0.871301087519,75,7.5,27,2,2073,2074,0.010737865515,0.012271846303,75,7.5,26,0
292,2026-09-05T05:36:04.179297+00:00,175325421000000,175325453000000,18.235000000,fixed_trajectory,2,0,2089,2086,0.101242732000,0.096640789637,76,7.6,27,0,2671,2677,0.928058376671,0.937262261398,75,7.5,25,1,2581,2574,0.802271952064,0.791534086549,76,7.6,27,1,2652,2643,0.883572933822,0.869767106731,75,7.5,27,2,2073,2074,0.010737865515,0.012271846303,76,7.6,26,0
293,2026-09-05T05:36:04.240754+00:00,175325484000000,175325515000000,18.297000000,fixed_trajectory,2,0,2089,2086,0.101242732000,0.096640789637,76,7.6,27,1,2671,2678,0.928058376671,0.938796242186,75,7.5,26,2,2581,2574,0.802271952064,0.791534086549,76,7.6,27,1,2652,2642,0.883572933822,0.868233125943,75,7.5,27,2,2073,2074,0.010737865515,0.012271846303,75,7.5,26,0
294,2026-09-05T05:36:04.280802+00:00,175325531000000,175325562000000,18.344000000,fixed_trajectory,2,0,2089,2086,0.101242732000,0.096640789637,76,7.6,27,1,2671,2678,0.928058376671,0.938796242186,75,7.5,25,1,2581,2574,0.802271952064,0.791534086549,76,7.6,27,1,2652,2641,0.883572933822,0.866699145155,75,7.5,27,1,2073,2074,0.010737865515,0.012271846303,75,7.5,26,0
295,2026-09-05T05:36:04.333383+00:00,175325578000000,175325609000000,18.391000000,fixed_trajectory,2,0,2089,2086,0.101242732000,0.096640789637,76,7.6,27,0,2671,2678,0.928058376671,0.938796242186,75,7.5,25,1,2581,2573,0.802271952064,0.790000105761,76,7.6,27,1,2649,2640,0.878970991458,0.865165164368,75,7.5,27,0,2073,2074,0.010737865515,0.012271846303,76,7.6,26,0
296,2026-09-05T05:36:04.376912+00:00,175325625000000,175325656000000,18.438000000,fixed_trajectory,2,0,2089,2086,0.101242732000,0.096640789637,76,7.6,27,0,2671,2679,0.928058376671,0.940330222974,75,7.5,26,1,2581,2573,0.802271952064,0.790000105761,76,7.6,27,1,2648,2639,0.877437010671,0.863631183580,75,7.5,27,1,2073,2074,0.010737865515,0.012271846303,75,7.5,26,0
297,2026-09-05T05:36:04.422422+00:00,175325671000000,175325703000000,18.485000000,fixed_trajectory,2,0,2089,2086,0.101242732000,0.096640789637,76,7.6,27,1,2671,2679,0.928058376671,0.940330222974,75,7.5,25,2,2581,2573,0.802271952064,0.790000105761,76,7.6,27,1,2646,2638,0.874369049095,0.862097202792,75,7.5,27,2,2073,2074,0.010737865515,0.012271846303,75,7.5,26,0
298,2026-09-05T05:36:04.485411+00:00,175325734000000,175325765000000,18.547000000,fixed_trajectory,2,0,2089,2086,0.101242732000,0.096640789637,76,7.6,27,1,2672,2680,0.929592357459,0.941864203762,75,7.5,25,2,2581,2572,0.802271952064,0.788466124973,76,7.6,27,1,2644,2637,0.871301087519,0.860563222004,75,7.5,27,1,2073,2074,0.010737865515,0.012271846303,75,7.5,26,0
299,2026-09-05T05:36:04.534596+00:00,175325781000000,175325812000000,18.594000000,online_observation,2,0,2089,2086,0.101242732000,0.096640789637,76,7.6,27,0,2672,2680,0.929592357459,0.941864203762,75,7.5,25,2,2581,2572,0.802271952064,0.788466124973,76,7.6,27,1,2644,2636,0.871301087519,0.859029241216,75,7.5,27,1,2073,2074,0.010737865515,0.012271846303,76,7.6,26,0
300,2026-09-05T05:36:04.581650+00:00,175325828000000,175325859000000,18.641000000,online_observation,2,0,2089,2086,0.101242732000,0.096640789637,76,7.6,27,0,2672,2680,0.929592357459,0.941864203762,75,7.5,26,1,2581,2572,0.802271952064,0.788466124973,76,7.6,27,1,2644,2636,0.871301087519,0.859029241216,75,7.5,27,1,2073,2074,0.010737865515,0.012271846303,75,7.5,26,0
301,2026-09-05T05:36:04.628185+00:00,175325875000000,175325906000000,18.688000000,online_observation,2,0,2089,2086,0.101242732000,0.096640789637,76,7.6,27,1,2672,2680,0.929592357459,0.941864203762,75,7.5,25,1,2581,2572,0.802271952064,0.788466124973,76,7.6,27,1,2644,2636,0.871301087519,0.859029241216,75,7.5,27,1,2073,2074,0.010737865515,0.012271846303,76,7.6,26,0
302,2026-09-05T05:36:04.678233+00:00,175325921000000,175325953000000,18.735000000,online_observation,2,0,2089,2086,0.101242732000,0.096640789637,76,7.6,27,1,2672,2680,0.929592357459,0.941864203762,75,7.5,26,1,2581,2572,0.802271952064,0.788466124973,76,7.6,27,1,2644,2636,0.871301087519,0.859029241216,75,7.5,27,1,2073,2074,0.010737865515,0.012271846303,75,7.5,26,0
303,2026-09-05T05:36:04.737239+00:00,175325984000000,175326015000000,18.797000000,online_observation,2,0,2089,2086,0.101242732000,0.096640789637,76,7.6,27,0,2672,2680,0.929592357459,0.941864203762,75,7.5,25,1,2581,2572,0.802271952064,0.788466124973,76,7.6,27,2,2644,2636,0.871301087519,0.859029241216,75,7.5,27,1,2073,2074,0.010737865515,0.012271846303,76,7.6,26,0
304,2026-09-05T05:36:04.788369+00:00,175326031000000,175326062000000,18.844000000,online_observation,2,0,2089,2086,0.101242732000,0.096640789637,76,7.6,27,1,2672,2680,0.929592357459,0.941864203762,75,7.5,25,1,2581,2572,0.802271952064,0.788466124973,76,7.6,27,2,2644,2636,0.871301087519,0.859029241216,75,7.5,27,1,2073,2074,0.010737865515,0.012271846303,75,7.5,26,0
305,2026-09-05T05:36:04.833787+00:00,175326078000000,175326109000000,18.891000000,online_observation,2,0,2089,2086,0.101242732000,0.096640789637,76,7.6,27,1,2672,2680,0.929592357459,0.941864203762,75,7.5,25,1,2581,2572,0.802271952064,0.788466124973,76,7.6,27,2,2644,2636,0.871301087519,0.859029241216,75,7.5,27,1,2073,2074,0.010737865515,0.012271846303,75,7.5,26,0
306,2026-09-05T05:36:04.883423+00:00,175326125000000,175326156000000,18.938000000,online_observation,2,0,2089,2086,0.101242732000,0.096640789637,76,7.6,27,0,2672,2680,0.929592357459,0.941864203762,75,7.5,25,1,2581,2572,0.802271952064,0.788466124973,76,7.6,27,1,2644,2636,0.871301087519,0.859029241216,75,7.5,27,1,2073,2074,0.010737865515,0.012271846303,75,7.5,26,0
307,2026-09-05T05:36:04.962616+00:00,175326187000000,175326234000000,19.016000000,online_inference,3,0,2089,2086,0.101242732000,0.096640789637,76,7.6,27,1,2672,2680,0.929592357459,0.941864203762,75,7.5,26,1,2581,2572,0.802271952064,0.788466124973,76,7.6,27,2,2644,2636,0.871301087519,0.859029241216,75,7.5,27,2,2073,2074,0.010737865515,0.012271846303,75,7.5,26,0
308,2026-09-05T05:36:05.027076+00:00,175326250000000,175326296000000,19.078000000,online_inference,3,0,2089,2086,0.101242732000,0.096640789637,76,7.6,27,1,2672,2680,0.929592357459,0.941864203762,75,7.5,25,1,2581,2572,0.802271952064,0.788466124973,75,7.5,27,1,2644,2636,0.871301087519,0.859029241216,75,7.5,27,2,2073,2074,0.010737865515,0.012271846303,76,7.6,26,0
309,2026-09-05T05:36:05.092586+00:00,175326312000000,175326375000000,19.157000000,online_inference,3,0,2089,2086,0.101242732000,0.096640789637,76,7.6,27,1,2672,2680,0.929592357459,0.941864203762,75,7.5,25,1,2581,2572,0.802271952064,0.788466124973,76,7.6,27,2,2644,2636,0.871301087519,0.859029241216,75,7.5,27,1,2073,2074,0.010737865515,0.012271846303,75,7.5,26,0
310,2026-09-05T05:36:05.158419+00:00,175326390000000,175326437000000,19.219000000,online_inference,3,0,2089,2086,0.101242732000,0.096640789637,76,7.6,27,1,2672,2680,0.929592357459,0.941864203762,75,7.5,25,2,2581,2572,0.802271952064,0.788466124973,76,7.6,27,1,2644,2636,0.871301087519,0.859029241216,75,7.5,27,1,2073,2074,0.010737865515,0.012271846303,75,7.5,26,0
311,2026-09-05T05:36:05.214347+00:00,175326453000000,175326484000000,19.266000000,online_inference,3,0,2089,2086,0.101242732000,0.096640789637,76,7.6,27,1,2672,2680,0.929592357459,0.941864203762,75,7.5,25,1,2581,2572,0.802271952064,0.788466124973,76,7.6,27,1,2644,2636,0.871301087519,0.859029241216,75,7.5,27,2,2073,2074,0.010737865515,0.012271846303,75,7.5,26,0
312,2026-09-05T05:36:05.271949+00:00,175326500000000,175326546000000,19.328000000,online_inference,3,0,2089,2086,0.101242732000,0.096640789637,76,7.6,27,0,2672,2680,0.929592357459,0.941864203762,75,7.5,25,1,2581,2572,0.802271952064,0.788466124973,76,7.6,27,1,2644,2636,0.871301087519,0.859029241216,75,7.5,27,1,2073,2074,0.010737865515,0.012271846303,75,7.5,26,0
313,2026-09-05T05:36:05.320151+00:00,175326562000000,175326593000000,19.375000000,online_inference,3,0,2089,2086,0.101242732000,0.096640789637,76,7.6,27,1,2672,2680,0.929592357459,0.941864203762,75,7.5,25,1,2581,2572,0.802271952064,0.788466124973,76,7.6,27,1,2644,2636,0.871301087519,0.859029241216,75,7.5,27,1,2073,2074,0.010737865515,0.012271846303,75,7.5,26,0
314,2026-09-05T05:36:05.374610+00:00,175326609000000,175326656000000,19.438000000,online_inference,3,0,2089,2086,0.101242732000,0.096640789637,76,7.6,27,1,2672,2680,0.929592357459,0.941864203762,75,7.5,25,1,2581,2572,0.802271952064,0.788466124973,76,7.6,27,1,2644,2636,0.871301087519,0.859029241216,75,7.5,27,1,2073,2074,0.010737865515,0.012271846303,75,7.5,26,0
315,2026-09-05T05:36:05.427673+00:00,175326671000000,175326703000000,19.485000000,online_inference,3,0,2089,2086,0.101242732000,0.096640789637,76,7.6,27,0,2672,2680,0.929592357459,0.941864203762,75,7.5,25,2,2581,2572,0.802271952064,0.788466124973,76,7.6,27,2,2644,2636,0.871301087519,0.859029241216,75,7.5,27,1,2073,2074,0.010737865515,0.012271846303,75,7.5,26,0
316,2026-09-05T05:36:05.488193+00:00,175326718000000,175326765000000,19.547000000,online_inference,3,0,2089,2086,0.101242732000,0.096640789637,76,7.6,27,1,2672,2680,0.929592357459,0.941864203762,75,7.5,25,1,2581,2572,0.802271952064,0.788466124973,76,7.6,27,1,2644,2636,0.871301087519,0.859029241216,75,7.5,27,1,2073,2074,0.010737865515,0.012271846303,75,7.5,26,0
317,2026-09-05T05:36:05.545725+00:00,175326781000000,175326828000000,19.610000000,online_inference,3,0,2089,2086,0.101242732000,0.096640789637,76,7.6,27,0,2672,2680,0.929592357459,0.941864203762,75,7.5,25,2,2581,2572,0.802271952064,0.788466124973,76,7.6,27,2,2644,2636,0.871301087519,0.859029241216,75,7.5,27,2,2073,2074,0.010737865515,0.012271846303,75,7.5,26,0
318,2026-09-05T05:36:05.599914+00:00,175326843000000,175326875000000,19.657000000,online_inference,3,0,2089,2086,0.101242732000,0.096640789637,76,7.6,27,1,2672,2680,0.929592357459,0.941864203762,75,7.5,26,1,2581,2572,0.802271952064,0.788466124973,76,7.6,27,1,2644,2636,0.871301087519,0.859029241216,75,7.5,27,1,2073,2074,0.010737865515,0.012271846303,75,7.5,26,0
319,2026-09-05T05:36:05.656072+00:00,175326890000000,175326937000000,19.719000000,online_inference,3,0,2089,2086,0.101242732000,0.096640789637,76,7.6,27,1,2672,2680,0.929592357459,0.941864203762,75,7.5,26,1,2581,2572,0.802271952064,0.788466124973,76,7.6,27,2,2644,2636,0.871301087519,0.859029241216,75,7.5,27,2,2073,2074,0.010737865515,0.012271846303,75,7.5,26,0
320,2026-09-05T05:36:05.706845+00:00,175326953000000,175326984000000,19.766000000,online_inference,3,0,2089,2086,0.101242732000,0.096640789637,76,7.6,27,1,2672,2680,0.929592357459,0.941864203762,75,7.5,25,2,2581,2572,0.802271952064,0.788466124973,76,7.6,27,2,2644,2636,0.871301087519,0.859029241216,75,7.5,27,1,2073,2074,0.010737865515,0.012271846303,75,7.5,27,0
321,2026-09-05T05:36:05.762378+00:00,175327000000000,175327031000000,19.813000000,online_inference,3,0,2089,2086,0.101242732000,0.096640789637,76,7.6,27,1,2672,2680,0.929592357459,0.941864203762,75,7.5,25,1,2581,2572,0.802271952064,0.788466124973,76,7.6,27,1,2644,2636,0.871301087519,0.859029241216,75,7.5,27,1,2073,2074,0.010737865515,0.012271846303,75,7.5,26,0
322,2026-09-05T05:36:05.807409+00:00,175327046000000,175327078000000,19.860000000,online_inference,3,0,2089,2086,0.101242732000,0.096640789637,76,7.6,27,1,2672,2680,0.929592357459,0.941864203762,75,7.5,25,1,2581,2572,0.802271952064,0.788466124973,76,7.6,27,1,2644,2636,0.871301087519,0.859029241216,75,7.5,27,1,2073,2074,0.010737865515,0.012271846303,75,7.5,26,0
323,2026-09-05T05:36:05.863100+00:00,175327093000000,175327140000000,19.922000000,online_inference,3,0,2089,2086,0.101242732000,0.096640789637,76,7.6,27,1,2672,2680,0.929592357459,0.941864203762,75,7.5,25,1,2581,2572,0.802271952064,0.788466124973,76,7.6,27,1,2644,2636,0.871301087519,0.859029241216,75,7.5,27,2,2073,2074,0.010737865515,0.012271846303,75,7.5,26,0
324,2026-09-05T05:36:05.916056+00:00,175327156000000,175327187000000,19.969000000,online_inference,3,0,2089,2086,0.101242732000,0.096640789637,76,7.6,27,0,2672,2680,0.929592357459,0.941864203762,75,7.5,25,1,2581,2572,0.802271952064,0.788466124973,76,7.6,27,1,2644,2636,0.871301087519,0.859029241216,75,7.5,27,2,2073,2074,0.010737865515,0.012271846303,75,7.5,26,0
325,2026-09-05T05:36:05.961920+00:00,175327203000000,175327234000000,20.016000000,online_inference,3,0,2089,2086,0.101242732000,0.096640789637,76,7.6,27,1,2672,2680,0.929592357459,0.941864203762,75,7.5,25,1,2581,2572,0.802271952064,0.788466124973,76,7.6,27,1,2644,2636,0.871301087519,0.859029241216,75,7.5,27,1,2073,2074,0.010737865515,0.012271846303,75,7.5,26,0
326,2026-09-05T05:36:06.024982+00:00,175327250000000,175327296000000,20.078000000,online_inference,3,0,2089,2086,0.101242732000,0.096640789637,76,7.6,27,1,2672,2680,0.929592357459,0.941864203762,75,7.5,25,1,2581,2572,0.802271952064,0.788466124973,75,7.5,27,1,2644,2636,0.871301087519,0.859029241216,75,7.5,27,1,2073,2074,0.010737865515,0.012271846303,75,7.5,26,0
327,2026-09-05T05:36:06.072493+00:00,175327312000000,175327343000000,20.125000000,online_inference,3,0,2089,2086,0.101242732000,0.096640789637,76,7.6,27,0,2672,2680,0.929592357459,0.941864203762,75,7.5,25,1,2581,2572,0.802271952064,0.788466124973,76,7.6,27,1,2644,2636,0.871301087519,0.859029241216,75,7.5,27,1,2073,2074,0.010737865515,0.012271846303,76,7.6,26,0
328,2026-09-05T05:36:06.120519+00:00,175327359000000,175327390000000,20.172000000,online_inference,3,0,2089,2086,0.101242732000,0.096640789637,76,7.6,27,1,2672,2680,0.929592357459,0.941864203762,75,7.5,26,2,2581,2572,0.802271952064,0.788466124973,76,7.6,27,1,2644,2636,0.871301087519,0.859029241216,75,7.5,27,1,2073,2074,0.010737865515,0.012271846303,75,7.5,26,0
329,2026-09-05T05:36:06.169138+00:00,175327406000000,175327437000000,20.219000000,online_inference,3,0,2089,2086,0.101242732000,0.096640789637,76,7.6,27,1,2672,2680,0.929592357459,0.941864203762,75,7.5,26,2,2581,2572,0.802271952064,0.788466124973,76,7.6,27,2,2644,2636,0.871301087519,0.859029241216,75,7.5,27,1,2073,2074,0.010737865515,0.012271846303,75,7.5,26,0
330,2026-09-05T05:36:06.225574+00:00,175327453000000,175327500000000,20.282000000,online_inference,3,0,2089,2086,0.101242732000,0.096640789637,76,7.6,27,1,2672,2680,0.929592357459,0.941864203762,75,7.5,25,1,2581,2572,0.802271952064,0.788466124973,76,7.6,27,2,2644,2636,0.871301087519,0.859029241216,75,7.5,27,1,2073,2074,0.010737865515,0.012271846303,75,7.5,26,0
331,2026-09-05T05:36:06.276032+00:00,175327515000000,175327546000000,20.328000000,online_inference,3,0,2089,2086,0.101242732000,0.096640789637,76,7.6,27,1,2672,2680,0.929592357459,0.941864203762,75,7.5,25,1,2581,2572,0.802271952064,0.788466124973,76,7.6,27,1,2644,2636,0.871301087519,0.859029241216,75,7.5,27,1,2073,2074,0.010737865515,0.012271846303,75,7.5,26,0
332,2026-09-05T05:36:06.331668+00:00,175327562000000,175327609000000,20.391000000,online_inference,3,0,2089,2086,0.101242732000,0.096640789637,76,7.6,27,1,2672,2680,0.929592357459,0.941864203762,75,7.5,25,1,2581,2572,0.802271952064,0.788466124973,76,7.6,27,2,2644,2636,0.871301087519,0.859029241216,75,7.5,27,1,2073,2074,0.010737865515,0.012271846303,75,7.5,26,0
333,2026-09-05T05:36:06.388971+00:00,175327625000000,175327656000000,20.438000000,online_inference,3,0,2089,2086,0.101242732000,0.096640789637,76,7.6,27,1,2672,2680,0.929592357459,0.941864203762,75,7.5,25,2,2581,2572,0.802271952064,0.788466124973,76,7.6,27,1,2644,2636,0.871301087519,0.859029241216,75,7.5,27,1,2073,2074,0.010737865515,0.012271846303,75,7.5,26,0
334,2026-09-05T05:36:06.436086+00:00,175327671000000,175327718000000,20.500000000,online_inference,3,0,2089,2086,0.101242732000,0.096640789637,76,7.6,27,0,2672,2680,0.929592357459,0.941864203762,75,7.5,25,1,2581,2572,0.802271952064,0.788466124973,76,7.6,27,1,2644,2636,0.871301087519,0.859029241216,75,7.5,27,1,2073,2074,0.010737865515,0.012271846303,76,7.6,26,0
335,2026-09-05T05:36:06.498457+00:00,175327734000000,175327781000000,20.563000000,online_inference,3,0,2089,2086,0.101242732000,0.096640789637,76,7.6,27,0,2672,2680,0.929592357459,0.941864203762,75,7.5,25,1,2581,2572,0.802271952064,0.788466124973,76,7.6,27,2,2644,2636,0.871301087519,0.859029241216,75,7.5,27,2,2073,2074,0.010737865515,0.012271846303,76,7.6,26,0
336,2026-09-05T05:36:06.555481+00:00,175327796000000,175327828000000,20.610000000,online_inference,3,0,2089,2086,0.101242732000,0.096640789637,76,7.6,27,1,2672,2680,0.929592357459,0.941864203762,75,7.5,25,2,2581,2572,0.802271952064,0.788466124973,76,7.6,27,1,2644,2636,0.871301087519,0.859029241216,75,7.5,27,1,2073,2074,0.010737865515,0.012271846303,75,7.5,26,0
337,2026-09-05T05:36:06.605250+00:00,175327843000000,175327875000000,20.657000000,online_inference,3,0,2089,2086,0.101242732000,0.096640789637,76,7.6,27,0,2672,2680,0.929592357459,0.941864203762,75,7.5,26,1,2581,2572,0.802271952064,0.788466124973,75,7.5,27,1,2644,2636,0.871301087519,0.859029241216,75,7.5,27,2,2073,2074,0.010737865515,0.012271846303,75,7.5,26,0
338,2026-09-05T05:36:06.650764+00:00,175327890000000,175327921000000,20.703000000,online_inference,3,0,2089,2086,0.101242732000,0.096640789637,76,7.6,27,1,2672,2680,0.929592357459,0.941864203762,75,7.5,25,1,2581,2572,0.802271952064,0.788466124973,76,7.6,27,1,2644,2636,0.871301087519,0.859029241216,75,7.5,27,1,2073,2074,0.010737865515,0.012271846303,75,7.5,26,0
339,2026-09-05T05:36:06.699476+00:00,175327937000000,175327968000000,20.750000000,online_inference,3,0,2089,2086,0.101242732000,0.096640789637,76,7.6,27,0,2672,2680,0.929592357459,0.941864203762,75,7.5,25,1,2581,2572,0.802271952064,0.788466124973,76,7.6,27,1,2644,2636,0.871301087519,0.859029241216,75,7.5,27,1,2073,2074,0.010737865515,0.012271846303,75,7.5,26,0
340,2026-09-05T05:36:06.750112+00:00,175327984000000,175328031000000,20.813000000,online_inference,3,0,2089,2086,0.101242732000,0.096640789637,76,7.6,27,0,2672,2680,0.929592357459,0.941864203762,75,7.5,25,1,2581,2572,0.802271952064,0.788466124973,75,7.5,27,2,2644,2636,0.871301087519,0.859029241216,75,7.5,27,2,2073,2074,0.010737865515,0.012271846303,75,7.5,26,0
341,2026-09-05T05:36:06.804142+00:00,175328046000000,175328078000000,20.860000000,online_inference,3,0,2089,2086,0.101242732000,0.096640789637,76,7.6,27,0,2672,2680,0.929592357459,0.941864203762,75,7.5,25,1,2581,2572,0.802271952064,0.788466124973,75,7.5,27,1,2644,2636,0.871301087519,0.859029241216,75,7.5,27,1,2073,2074,0.010737865515,0.012271846303,75,7.5,26,0
342,2026-09-05T05:36:06.855877+00:00,175328093000000,175328125000000,20.907000000,online_inference,3,0,2089,2086,0.101242732000,0.096640789637,76,7.6,27,1,2672,2680,0.929592357459,0.941864203762,75,7.5,26,2,2581,2572,0.802271952064,0.788466124973,76,7.6,27,2,2644,2636,0.871301087519,0.859029241216,75,7.5,27,1,2073,2074,0.010737865515,0.012271846303,75,7.5,26,0
343,2026-09-05T05:36:06.901933+00:00,175328140000000,175328171000000,20.953000000,online_inference,3,0,2089,2086,0.101242732000,0.096640789637,76,7.6,27,0,2672,2680,0.929592357459,0.941864203762,75,7.5,25,1,2581,2572,0.802271952064,0.788466124973,76,7.6,27,1,2644,2636,0.871301087519,0.859029241216,75,7.5,27,1,2073,2074,0.010737865515,0.012271846303,76,7.6,26,0
344,2026-09-05T05:36:06.961929+00:00,175328187000000,175328234000000,21.016000000,online_inference,3,0,2089,2086,0.101242732000,0.096640789637,76,7.6,27,1,2672,2680,0.929592357459,0.941864203762,75,7.5,25,1,2581,2572,0.802271952064,0.788466124973,76,7.6,27,2,2644,2636,0.871301087519,0.859029241216,75,7.5,27,1,2073,2074,0.010737865515,0.012271846303,75,7.5,26,0
345,2026-09-05T05:36:07.007226+00:00,175328250000000,175328281000000,21.063000000,online_inference,3,0,2089,2086,0.101242732000,0.096640789637,76,7.6,27,0,2672,2680,0.929592357459,0.941864203762,75,7.5,26,2,2581,2572,0.802271952064,0.788466124973,76,7.6,27,1,2644,2636,0.871301087519,0.859029241216,75,7.5,27,1,2073,2074,0.010737865515,0.012271846303,75,7.5,26,0
346,2026-09-05T05:36:07.080114+00:00,175328296000000,175328359000000,21.141000000,online_inference,3,0,2089,2086,0.101242732000,0.096640789637,76,7.6,27,1,2672,2680,0.929592357459,0.941864203762,75,7.5,25,1,2581,2572,0.802271952064,0.788466124973,76,7.6,27,1,2644,2636,0.871301087519,0.859029241216,75,7.5,27,1,2073,2074,0.010737865515,0.012271846303,75,7.5,26,0
347,2026-09-05T05:36:07.134469+00:00,175328375000000,175328406000000,21.188000000,online_inference,3,0,2089,2086,0.101242732000,0.096640789637,76,7.6,27,1,2672,2680,0.929592357459,0.941864203762,75,7.5,25,1,2581,2572,0.802271952064,0.788466124973,76,7.6,27,2,2644,2636,0.871301087519,0.859029241216,75,7.5,27,2,2073,2074,0.010737865515,0.012271846303,75,7.5,26,0
348,2026-09-05T05:36:07.181997+00:00,175328421000000,175328453000000,21.235000000,online_inference,3,0,2089,2086,0.101242732000,0.096640789637,76,7.6,27,1,2672,2680,0.929592357459,0.941864203762,75,7.5,25,1,2581,2572,0.802271952064,0.788466124973,75,7.5,27,2,2644,2636,0.871301087519,0.859029241216,75,7.5,27,1,2073,2074,0.010737865515,0.012271846303,75,7.5,26,0
349,2026-09-05T05:36:07.232454+00:00,175328468000000,175328500000000,21.282000000,online_inference,3,0,2089,2086,0.101242732000,0.096640789637,76,7.6,27,0,2672,2680,0.929592357459,0.941864203762,75,7.5,25,1,2581,2572,0.802271952064,0.788466124973,76,7.6,27,1,2644,2636,0.871301087519,0.859029241216,75,7.5,27,1,2073,2074,0.010737865515,0.012271846303,75,7.5,26,0
350,2026-09-05T05:36:07.267979+00:00,175328515000000,175328546000000,21.328000000,online_inference,3,0,2089,2086,0.101242732000,0.096640789637,76,7.6,27,0,2672,2680,0.929592357459,0.941864203762,75,7.5,25,1,2581,2572,0.802271952064,0.788466124973,76,7.6,27,1,2644,2636,0.871301087519,0.859029241216,75,7.5,27,2,2073,2074,0.010737865515,0.012271846303,75,7.5,26,0
351,2026-09-05T05:36:07.332527+00:00,175328562000000,175328609000000,21.391000000,online_inference,3,0,2089,2086,0.101242732000,0.096640789637,76,7.6,27,0,2672,2680,0.929592357459,0.941864203762,75,7.5,25,1,2581,2572,0.802271952064,0.788466124973,76,7.6,27,2,2644,2636,0.871301087519,0.859029241216,75,7.5,27,1,2073,2074,0.010737865515,0.012271846303,75,7.5,26,0
352,2026-09-05T05:36:07.379186+00:00,175328625000000,175328656000000,21.438000000,online_inference,3,0,2089,2086,0.101242732000,0.096640789637,76,7.6,27,1,2672,2680,0.929592357459,0.941864203762,75,7.5,25,1,2581,2572,0.802271952064,0.788466124973,76,7.6,27,1,2644,2636,0.871301087519,0.859029241216,75,7.5,27,1,2073,2074,0.010737865515,0.012271846303,75,7.5,26,0
353,2026-09-05T05:36:07.436389+00:00,175328671000000,175328718000000,21.500000000,online_inference,3,0,2089,2086,0.101242732000,0.096640789637,76,7.6,27,0,2672,2680,0.929592357459,0.941864203762,75,7.5,25,1,2581,2572,0.802271952064,0.788466124973,76,7.6,27,2,2644,2636,0.871301087519,0.859029241216,75,7.5,27,2,2073,2074,0.010737865515,0.012271846303,76,7.6,26,0
354,2026-09-05T05:36:07.493330+00:00,175328734000000,175328765000000,21.547000000,online_inference,3,0,2089,2086,0.101242732000,0.096640789637,76,7.6,27,0,2672,2680,0.929592357459,0.941864203762,75,7.5,25,1,2581,2572,0.802271952064,0.788466124973,76,7.6,27,2,2644,2636,0.871301087519,0.859029241216,75,7.5,27,2,2073,2074,0.010737865515,0.012271846303,75,7.5,26,0
355,2026-09-05T05:36:07.549435+00:00,175328781000000,175328828000000,21.610000000,online_inference,3,0,2089,2086,0.101242732000,0.096640789637,76,7.6,27,1,2672,2680,0.929592357459,0.941864203762,75,7.5,25,1,2581,2572,0.802271952064,0.788466124973,76,7.6,27,1,2644,2636,0.871301087519,0.859029241216,75,7.5,27,1,2073,2074,0.010737865515,0.012271846303,75,7.5,26,0
356,2026-09-05T05:36:07.598946+00:00,175328843000000,175328875000000,21.657000000,online_inference,3,0,2089,2086,0.101242732000,0.096640789637,76,7.6,27,1,2672,2680,0.929592357459,0.941864203762,75,7.5,25,1,2581,2572,0.802271952064,0.788466124973,76,7.6,27,2,2644,2636,0.871301087519,0.859029241216,75,7.5,27,1,2073,2074,0.010737865515,0.012271846303,75,7.5,26,0
357,2026-09-05T05:36:07.643057+00:00,175328890000000,175328921000000,21.703000000,online_inference,3,0,2089,2086,0.101242732000,0.096640789637,76,7.6,27,1,2672,2680,0.929592357459,0.941864203762,75,7.5,26,1,2581,2572,0.802271952064,0.788466124973,76,7.6,27,2,2644,2636,0.871301087519,0.859029241216,75,7.5,27,1,2073,2074,0.010737865515,0.012271846303,75,7.5,26,0
358,2026-09-05T05:36:07.698157+00:00,175328937000000,175328968000000,21.750000000,online_archive,3,0,2089,2086,0.101242732000,0.096640789637,76,7.6,27,0,2672,2680,0.929592357459,0.941864203762,75,7.5,25,1,2581,2572,0.802271952064,0.788466124973,76,7.6,27,1,2644,2636,0.871301087519,0.859029241216,75,7.5,27,1,2073,2074,0.010737865515,0.012271846303,75,7.5,26,0
359,2026-09-05T05:36:07.742674+00:00,175328984000000,175329015000000,21.797000000,online_archive,3,0,2089,2086,0.101242732000,0.096640789637,76,7.6,27,1,2672,2680,0.929592357459,0.941864203762,75,7.5,25,1,2581,2572,0.802271952064,0.788466124973,76,7.6,27,2,2644,2636,0.871301087519,0.859029241216,75,7.5,27,1,2073,2074,0.010737865515,0.012271846303,76,7.6,26,0
360,2026-09-05T05:36:07.809707+00:00,175329046000000,175329078000000,21.860000000,fixed_trajectory,3,0,2089,2086,0.101242732000,0.096640789637,76,7.6,27,1,2672,2680,0.929592357459,0.941864203762,75,7.5,25,2,2581,2572,0.802271952064,0.788466124973,76,7.6,27,2,2644,2636,0.871301087519,0.859029241216,75,7.5,27,1,2073,2074,0.010737865515,0.012271846303,75,7.5,26,0
361,2026-09-05T05:36:07.843431+00:00,175329093000000,175329125000000,21.907000000,fixed_trajectory,3,0,2089,2086,0.101242732000,0.096640789637,76,7.6,27,1,2672,2680,0.929592357459,0.941864203762,75,7.5,25,2,2581,2572,0.802271952064,0.788466124973,76,7.6,27,2,2644,2635,0.871301087519,0.857495260428,75,7.5,27,1,2073,2074,0.010737865515,0.012271846303,75,7.5,26,0
362,2026-09-05T05:36:07.892046+00:00,175329140000000,175329171000000,21.953000000,fixed_trajectory,3,0,2089,2086,0.101242732000,0.096640789637,76,7.6,27,0,2672,2681,0.929592357459,0.943398184550,75,7.5,25,1,2581,2572,0.802271952064,0.788466124973,76,7.6,27,2,2644,2634,0.871301087519,0.855961279640,75,7.5,27,1,2073,2074,0.010737865515,0.012271846303,75,7.5,26,0
363,2026-09-05T05:36:07.942038+00:00,175329187000000,175329218000000,22.000000000,fixed_trajectory,3,0,2089,2086,0.101242732000,0.096640789637,76,7.6,27,1,2672,2681,0.929592357459,0.943398184550,75,7.5,26,2,2581,2571,0.802271952064,0.786932144185,76,7.6,27,2,2643,2633,0.869767106731,0.854427298852,75,7.5,27,1,2073,2074,0.010737865515,0.012271846303,76,7.6,26,0
364,2026-09-05T05:36:07.987189+00:00,175329234000000,175329265000000,22.047000000,fixed_trajectory,3,0,2089,2086,0.101242732000,0.096640789637,76,7.6,27,0,2673,2681,0.931126338247,0.943398184550,75,7.5,25,1,2581,2571,0.802271952064,0.786932144185,76,7.6,27,1,2642,2632,0.868233125943,0.852893318064,75,7.5,27,1,2073,2074,0.010737865515,0.012271846303,75,7.5,26,0
365,2026-09-05T05:36:08.029220+00:00,175329281000000,175329296000000,22.078000000,fixed_trajectory,3,0,2089,2086,0.101242732000,0.096640789637,76,7.6,27,1,2673,2682,0.931126338247,0.944932165338,75,7.5,25,1,2581,2571,0.802271952064,0.786932144185,76,7.6,27,1,2640,2631,0.865165164368,0.851359337277,75,7.5,27,1,2073,2074,0.010737865515,0.012271846303,75,7.5,26,0
366,2026-09-05T05:36:08.106629+00:00,175329343000000,175329375000000,22.157000000,fixed_trajectory,3,0,2089,2086,0.101242732000,0.096640789637,76,7.6,27,1,2675,2682,0.934194299822,0.944932165338,75,7.5,25,0,2581,2571,0.802271952064,0.786932144185,76,7.6,27,2,2638,2630,0.862097202792,0.849825356489,75,7.5,27,1,2073,2074,0.010737865515,0.012271846303,75,7.5,26,0
367,2026-09-05T05:36:08.142156+00:00,175329390000000,175329421000000,22.203000000,fixed_trajectory,3,0,2089,2086,0.101242732000,0.096640789637,76,7.6,27,0,2675,2682,0.934194299822,0.944932165338,75,7.5,25,0,2581,2571,0.802271952064,0.786932144185,76,7.6,27,2,2638,2629,0.862097202792,0.848291375701,75,7.5,27,2,2073,2074,0.010737865515,0.012271846303,75,7.5,26,0
368,2026-09-05T05:36:08.192278+00:00,175329437000000,175329468000000,22.250000000,fixed_trajectory,3,0,2089,2087,0.101242732000,0.098174770425,76,7.6,27,1,2677,2683,0.937262261398,0.946466146125,75,7.5,25,1,2581,2570,0.802271952064,0.785398163397,76,7.6,27,1,2638,2628,0.862097202792,0.846757394913,75,7.5,27,2,2073,2074,0.010737865515,0.012271846303,75,7.5,26,0
369,2026-09-05T05:36:08.234082+00:00,175329484000000,175329515000000,22.297000000,fixed_trajectory,3,0,2089,2087,0.101242732000,0.098174770425,76,7.6,27,1,2678,2683,0.938796242186,0.946466146125,75,7.5,25,1,2577,2570,0.796136028913,0.785398163397,76,7.6,27,0,2638,2627,0.862097202792,0.845223414125,75,7.5,27,2,2073,2074,0.010737865515,0.012271846303,75,7.5,26,0
370,2026-09-05T05:36:08.289171+00:00,175329531000000,175329562000000,22.344000000,fixed_trajectory,3,0,2089,2087,0.101242732000,0.098174770425,76,7.6,27,1,2679,2683,0.940330222974,0.946466146125,75,7.5,25,1,2575,2570,0.793068067337,0.785398163397,75,7.5,27,1,2635,2626,0.857495260428,0.843689433337,75,7.5,27,1,2073,2074,0.010737865515,0.012271846303,75,7.5,26,0
371,2026-09-05T05:36:08.347247+00:00,175329593000000,175329625000000,22.407000000,fixed_trajectory,3,0,2089,2087,0.101242732000,0.098174770425,76,7.6,27,0,2681,2683,0.943398184550,0.946466146125,75,7.5,25,1,2574,2570,0.791534086549,0.785398163397,76,7.6,27,0,2633,2625,0.854427298852,0.842155452549,75,7.5,27,0,2073,2074,0.010737865515,0.012271846303,75,7.5,26,0
372,2026-09-05T05:36:08.395710+00:00,175329640000000,175329671000000,22.453000000,fixed_trajectory,3,0,2089,2087,0.101242732000,0.098174770425,76,7.6,27,0,2683,2684,0.946466146125,0.948000126913,75,7.5,26,1,2573,2570,0.790000105761,0.785398163397,76,7.6,27,1,2629,2624,0.848291375701,0.840621471761,75,7.5,27,0,2073,2074,0.010737865515,0.012271846303,76,7.6,26,0
373,2026-09-05T05:36:08.436300+00:00,175329687000000,175329718000000,22.500000000,fixed_trajectory,3,0,2089,2087,0.101242732000,0.098174770425,76,7.6,27,1,2683,2684,0.946466146125,0.948000126913,75,7.5,25,0,2573,2570,0.790000105761,0.785398163397,76,7.6,27,1,2628,2623,0.846757394913,0.839087490973,75,7.5,27,0,2073,2074,0.010737865515,0.012271846303,76,7.6,26,0
374,2026-09-05T05:36:08.490419+00:00,175329734000000,175329765000000,22.547000000,fixed_trajectory,3,0,2089,2087,0.101242732000,0.098174770425,76,7.6,27,1,2683,2684,0.946466146125,0.948000126913,75,7.5,25,0,2573,2569,0.790000105761,0.783864182610,76,7.6,27,1,2628,2622,0.846757394913,0.837553510186,75,7.5,27,1,2073,2074,0.010737865515,0.012271846303,76,7.6,26,0
375,2026-09-05T05:36:08.531547+00:00,175329781000000,175329812000000,22.594000000,fixed_trajectory,3,0,2089,2087,0.101242732000,0.098174770425,76,7.6,27,1,2683,2685,0.946466146125,0.949534107701,75,7.5,26,0,2573,2569,0.790000105761,0.783864182610,76,7.6,27,1,2628,2621,0.846757394913,0.836019529398,75,7.5,27,1,2073,2074,0.010737865515,0.012271846303,75,7.5,26,0
376,2026-09-05T05:36:08.704799+00:00,175329953000000,175329984000000,22.766000000,online_observation,3,0,2089,2087,0.101242732000,0.098174770425,76,7.6,27,1,2684,2685,0.948000126913,0.949534107701,75,7.5,25,0,2573,2569,0.790000105761,0.783864182610,76,7.6,27,0,2628,2620,0.846757394913,0.834485548610,75,7.5,27,1,2073,2074,0.010737865515,0.012271846303,76,7.6,26,0
377,2026-09-05T05:36:08.753579+00:00,175330000000000,175330031000000,22.813000000,online_observation,3,0,2089,2087,0.101242732000,0.098174770425,76,7.6,27,0,2684,2685,0.948000126913,0.949534107701,75,7.5,25,0,2573,2569,0.790000105761,0.783864182610,76,7.6,27,1,2628,2620,0.846757394913,0.834485548610,75,7.5,27,2,2073,2074,0.010737865515,0.012271846303,76,7.6,26,0
378,2026-09-05T05:36:08.798768+00:00,175330046000000,175330078000000,22.860000000,online_observation,3,0,2089,2087,0.101242732000,0.098174770425,76,7.6,27,1,2684,2685,0.948000126913,0.949534107701,75,7.5,25,0,2573,2569,0.790000105761,0.783864182610,76,7.6,27,1,2628,2620,0.846757394913,0.834485548610,75,7.5,27,1,2073,2074,0.010737865515,0.012271846303,76,7.6,26,1
379,2026-09-05T05:36:08.848953+00:00,175330093000000,175330125000000,22.907000000,online_observation,3,0,2089,2087,0.101242732000,0.098174770425,76,7.6,27,1,2684,2685,0.948000126913,0.949534107701,75,7.5,25,0,2573,2569,0.790000105761,0.783864182610,76,7.6,27,1,2628,2620,0.846757394913,0.834485548610,75,7.5,27,1,2073,2074,0.010737865515,0.012271846303,75,7.5,26,0
380,2026-09-05T05:36:08.890259+00:00,175330140000000,175330171000000,22.953000000,online_observation,3,0,2089,2087,0.101242732000,0.098174770425,76,7.6,27,0,2684,2685,0.948000126913,0.949534107701,75,7.5,25,0,2573,2569,0.790000105761,0.783864182610,76,7.6,27,1,2628,2620,0.846757394913,0.834485548610,75,7.5,27,2,2073,2074,0.010737865515,0.012271846303,76,7.6,26,0
381,2026-09-05T05:36:08.947183+00:00,175330187000000,175330218000000,23.000000000,online_observation,3,0,2089,2087,0.101242732000,0.098174770425,76,7.6,27,0,2684,2685,0.948000126913,0.949534107701,75,7.5,25,0,2573,2569,0.790000105761,0.783864182610,76,7.6,27,1,2628,2620,0.846757394913,0.834485548610,75,7.5,27,2,2073,2074,0.010737865515,0.012271846303,75,7.5,26,0
382,2026-09-05T05:36:09.003410+00:00,175330250000000,175330281000000,23.063000000,online_observation,3,0,2089,2087,0.101242732000,0.098174770425,76,7.6,27,0,2684,2685,0.948000126913,0.949534107701,75,7.5,25,0,2573,2569,0.790000105761,0.783864182610,76,7.6,27,1,2628,2620,0.846757394913,0.834485548610,75,7.5,27,1,2073,2074,0.010737865515,0.012271846303,75,7.5,26,0
383,2026-09-05T05:36:09.050527+00:00,175330296000000,175330328000000,23.110000000,online_observation,3,0,2089,2087,0.101242732000,0.098174770425,76,7.6,27,0,2684,2685,0.948000126913,0.949534107701,75,7.5,25,0,2573,2569,0.790000105761,0.783864182610,76,7.6,27,1,2628,2620,0.846757394913,0.834485548610,75,7.5,27,1,2073,2074,0.010737865515,0.012271846303,75,7.5,26,0
384,2026-09-05T05:36:09.121772+00:00,175330343000000,175330390000000,23.172000000,online_inference,4,0,2089,2087,0.101242732000,0.098174770425,76,7.6,27,1,2684,2685,0.948000126913,0.949534107701,75,7.5,26,0,2573,2569,0.790000105761,0.783864182610,76,7.6,27,1,2628,2620,0.846757394913,0.834485548610,75,7.5,27,1,2073,2074,0.010737865515,0.012271846303,75,7.5,26,0
385,2026-09-05T05:36:09.184459+00:00,175330406000000,175330453000000,23.235000000,online_inference,4,0,2089,2087,0.101242732000,0.098174770425,76,7.6,27,0,2684,2685,0.948000126913,0.949534107701,75,7.5,26,0,2573,2569,0.790000105761,0.783864182610,76,7.6,27,1,2628,2620,0.846757394913,0.834485548610,75,7.5,27,1,2073,2074,0.010737865515,0.012271846303,76,7.6,26,0
386,2026-09-05T05:36:09.290276+00:00,175330484000000,175330562000000,23.344000000,online_inference,4,0,2089,2087,0.101242732000,0.098174770425,76,7.6,27,0,2684,2685,0.948000126913,0.949534107701,75,7.5,25,0,2573,2569,0.790000105761,0.783864182610,76,7.6,27,1,2628,2620,0.846757394913,0.834485548610,75,7.5,27,2,2073,2074,0.010737865515,0.012271846303,76,7.6,26,0
387,2026-09-05T05:36:09.338891+00:00,175330578000000,175330609000000,23.391000000,online_inference,4,0,2089,2087,0.101242732000,0.098174770425,76,7.6,27,1,2684,2685,0.948000126913,0.949534107701,75,7.5,25,0,2573,2569,0.790000105761,0.783864182610,76,7.6,27,1,2628,2620,0.846757394913,0.834485548610,75,7.5,27,1,2073,2074,0.010737865515,0.012271846303,76,7.6,26,0
388,2026-09-05T05:36:09.405083+00:00,175330625000000,175330687000000,23.469000000,online_inference,4,0,2089,2087,0.101242732000,0.098174770425,76,7.6,27,0,2684,2685,0.948000126913,0.949534107701,75,7.5,25,0,2573,2569,0.790000105761,0.783864182610,76,7.6,27,1,2628,2620,0.846757394913,0.834485548610,75,7.5,27,1,2073,2074,0.010737865515,0.012271846303,76,7.6,26,0
389,2026-09-05T05:36:09.468960+00:00,175330703000000,175330750000000,23.532000000,online_inference,4,0,2089,2087,0.101242732000,0.098174770425,76,7.6,27,0,2684,2685,0.948000126913,0.949534107701,75,7.5,25,0,2573,2569,0.790000105761,0.783864182610,76,7.6,27,1,2628,2620,0.846757394913,0.834485548610,75,7.5,27,1,2073,2074,0.010737865515,0.012271846303,76,7.6,26,0
390,2026-09-05T05:36:09.536261+00:00,175330765000000,175330812000000,23.594000000,online_inference,4,0,2089,2087,0.101242732000,0.098174770425,76,7.6,27,0,2684,2685,0.948000126913,0.949534107701,75,7.5,25,0,2573,2569,0.790000105761,0.783864182610,76,7.6,27,0,2628,2620,0.846757394913,0.834485548610,75,7.5,27,1,2073,2074,0.010737865515,0.012271846303,75,7.5,26,0
391,2026-09-05T05:36:09.589665+00:00,175330828000000,175330859000000,23.641000000,online_inference,4,0,2089,2087,0.101242732000,0.098174770425,76,7.6,27,0,2684,2685,0.948000126913,0.949534107701,75,7.5,25,0,2573,2569,0.790000105761,0.783864182610,76,7.6,27,0,2628,2620,0.846757394913,0.834485548610,75,7.5,27,1,2073,2074,0.010737865515,0.012271846303,76,7.6,26,0
392,2026-09-05T05:36:09.638360+00:00,175330875000000,175330906000000,23.688000000,online_inference,4,0,2089,2087,0.101242732000,0.098174770425,76,7.6,27,0,2684,2685,0.948000126913,0.949534107701,75,7.5,26,0,2573,2569,0.790000105761,0.783864182610,76,7.6,27,1,2628,2620,0.846757394913,0.834485548610,75,7.5,27,2,2073,2074,0.010737865515,0.012271846303,75,7.5,26,0
393,2026-09-05T05:36:09.699734+00:00,175330937000000,175330968000000,23.750000000,online_inference,4,0,2089,2087,0.101242732000,0.098174770425,76,7.6,27,1,2684,2685,0.948000126913,0.949534107701,75,7.5,25,0,2573,2569,0.790000105761,0.783864182610,76,7.6,27,0,2628,2620,0.846757394913,0.834485548610,75,7.5,27,1,2073,2074,0.010737865515,0.012271846303,75,7.5,26,0
394,2026-09-05T05:36:09.770292+00:00,175331000000000,175331046000000,23.828000000,online_inference,4,0,2089,2087,0.101242732000,0.098174770425,76,7.6,27,1,2684,2685,0.948000126913,0.949534107701,75,7.5,25,0,2573,2569,0.790000105761,0.783864182610,76,7.6,27,0,2628,2620,0.846757394913,0.834485548610,75,7.5,27,1,2073,2074,0.010737865515,0.012271846303,76,7.6,26,0
395,2026-09-05T05:36:09.816250+00:00,175331062000000,175331093000000,23.875000000,online_inference,4,0,2089,2087,0.101242732000,0.098174770425,76,7.6,27,1,2684,2685,0.948000126913,0.949534107701,75,7.5,25,0,2573,2569,0.790000105761,0.783864182610,76,7.6,27,1,2628,2620,0.846757394913,0.834485548610,75,7.5,27,2,2073,2074,0.010737865515,0.012271846303,76,7.6,26,0
396,2026-09-05T05:36:09.875654+00:00,175331109000000,175331156000000,23.938000000,online_inference,4,0,2089,2087,0.101242732000,0.098174770425,76,7.6,27,0,2684,2685,0.948000126913,0.949534107701,75,7.5,25,0,2573,2569,0.790000105761,0.783864182610,76,7.6,27,1,2628,2620,0.846757394913,0.834485548610,75,7.5,27,2,2073,2074,0.010737865515,0.012271846303,75,7.5,26,0
397,2026-09-05T05:36:09.927754+00:00,175331171000000,175331203000000,23.985000000,online_inference,4,0,2089,2087,0.101242732000,0.098174770425,76,7.6,27,1,2684,2685,0.948000126913,0.949534107701,75,7.5,25,0,2573,2569,0.790000105761,0.783864182610,76,7.6,27,1,2628,2620,0.846757394913,0.834485548610,75,7.5,27,2,2073,2074,0.010737865515,0.012271846303,76,7.6,26,0
398,2026-09-05T05:36:09.983357+00:00,175331218000000,175331265000000,24.047000000,online_inference,4,0,2089,2087,0.101242732000,0.098174770425,76,7.6,27,1,2684,2685,0.948000126913,0.949534107701,75,7.5,25,0,2573,2569,0.790000105761,0.783864182610,76,7.6,27,1,2628,2620,0.846757394913,0.834485548610,75,7.5,27,1,2073,2074,0.010737865515,0.012271846303,76,7.6,26,0
399,2026-09-05T05:36:10.043329+00:00,175331281000000,175331312000000,24.094000000,online_inference,4,0,2089,2087,0.101242732000,0.098174770425,76,7.6,27,0,2684,2685,0.948000126913,0.949534107701,75,7.5,25,0,2573,2569,0.790000105761,0.783864182610,76,7.6,27,0,2628,2620,0.846757394913,0.834485548610,75,7.5,27,1,2073,2074,0.010737865515,0.012271846303,75,7.5,26,0
400,2026-09-05T05:36:10.095813+00:00,175331328000000,175331375000000,24.157000000,online_inference,4,0,2089,2087,0.101242732000,0.098174770425,76,7.6,27,1,2684,2685,0.948000126913,0.949534107701,75,7.5,25,0,2573,2569,0.790000105761,0.783864182610,76,7.6,27,1,2628,2620,0.846757394913,0.834485548610,75,7.5,27,1,2073,2074,0.010737865515,0.012271846303,75,7.5,26,0
401,2026-09-05T05:36:10.152226+00:00,175331390000000,175331421000000,24.203000000,online_inference,4,0,2089,2087,0.101242732000,0.098174770425,76,7.6,27,1,2684,2685,0.948000126913,0.949534107701,75,7.5,26,0,2573,2569,0.790000105761,0.783864182610,76,7.6,27,1,2628,2620,0.846757394913,0.834485548610,75,7.5,27,2,2073,2074,0.010737865515,0.012271846303,76,7.6,26,0
402,2026-09-05T05:36:10.203079+00:00,175331437000000,175331484000000,24.266000000,online_inference,4,0,2089,2087,0.101242732000,0.098174770425,76,7.6,27,0,2684,2685,0.948000126913,0.949534107701,75,7.5,25,0,2573,2569,0.790000105761,0.783864182610,76,7.6,27,1,2628,2620,0.846757394913,0.834485548610,75,7.5,27,1,2073,2074,0.010737865515,0.012271846303,75,7.5,26,0
403,2026-09-05T05:36:10.278832+00:00,175331515000000,175331546000000,24.328000000,online_inference,4,0,2089,2087,0.101242732000,0.098174770425,76,7.6,27,0,2684,2685,0.948000126913,0.949534107701,75,7.5,26,0,2573,2569,0.790000105761,0.783864182610,76,7.6,27,1,2628,2620,0.846757394913,0.834485548610,75,7.5,27,1,2073,2074,0.010737865515,0.012271846303,75,7.5,26,0
404,2026-09-05T05:36:10.328849+00:00,175331562000000,175331609000000,24.391000000,online_inference,4,0,2089,2087,0.101242732000,0.098174770425,76,7.6,27,0,2684,2685,0.948000126913,0.949534107701,75,7.5,25,0,2573,2569,0.790000105761,0.783864182610,76,7.6,27,1,2628,2620,0.846757394913,0.834485548610,75,7.5,27,1,2073,2074,0.010737865515,0.012271846303,75,7.5,26,0
405,2026-09-05T05:36:10.380287+00:00,175331625000000,175331656000000,24.438000000,online_inference,4,0,2089,2087,0.101242732000,0.098174770425,76,7.6,27,1,2684,2685,0.948000126913,0.949534107701,75,7.5,26,0,2573,2569,0.790000105761,0.783864182610,76,7.6,27,1,2628,2620,0.846757394913,0.834485548610,75,7.5,27,1,2073,2074,0.010737865515,0.012271846303,75,7.5,26,0
406,2026-09-05T05:36:10.438862+00:00,175331671000000,175331718000000,24.500000000,online_inference,4,0,2089,2087,0.101242732000,0.098174770425,76,7.6,27,1,2684,2685,0.948000126913,0.949534107701,75,7.5,26,0,2573,2569,0.790000105761,0.783864182610,76,7.6,27,1,2628,2620,0.846757394913,0.834485548610,75,7.5,27,1,2073,2074,0.010737865515,0.012271846303,76,7.6,26,0
407,2026-09-05T05:36:10.490376+00:00,175331734000000,175331765000000,24.547000000,online_inference,4,0,2089,2087,0.101242732000,0.098174770425,76,7.6,27,1,2684,2685,0.948000126913,0.949534107701,75,7.5,25,0,2573,2569,0.790000105761,0.783864182610,76,7.6,27,1,2628,2620,0.846757394913,0.834485548610,75,7.5,27,1,2073,2074,0.010737865515,0.012271846303,76,7.6,26,0
408,2026-09-05T05:36:10.546552+00:00,175331781000000,175331828000000,24.610000000,online_inference,4,0,2089,2087,0.101242732000,0.098174770425,76,7.6,27,1,2684,2685,0.948000126913,0.949534107701,75,7.5,25,0,2573,2569,0.790000105761,0.783864182610,76,7.6,27,1,2628,2620,0.846757394913,0.834485548610,75,7.5,27,1,2073,2074,0.010737865515,0.012271846303,76,7.6,26,0
409,2026-09-05T05:36:10.605881+00:00,175331843000000,175331875000000,24.657000000,online_inference,4,0,2089,2087,0.101242732000,0.098174770425,76,7.6,27,1,2684,2685,0.948000126913,0.949534107701,75,7.5,26,0,2573,2569,0.790000105761,0.783864182610,76,7.6,27,1,2628,2620,0.846757394913,0.834485548610,75,7.5,27,2,2073,2074,0.010737865515,0.012271846303,75,7.5,26,0
410,2026-09-05T05:36:10.655403+00:00,175331890000000,175331937000000,24.719000000,online_inference,4,0,2089,2087,0.101242732000,0.098174770425,76,7.6,27,1,2684,2685,0.948000126913,0.949534107701,75,7.5,25,0,2573,2569,0.790000105761,0.783864182610,76,7.6,27,1,2628,2620,0.846757394913,0.834485548610,75,7.5,27,1,2073,2074,0.010737865515,0.012271846303,75,7.5,26,0
411,2026-09-05T05:36:10.717033+00:00,175331953000000,175331984000000,24.766000000,online_inference,4,0,2089,2087,0.101242732000,0.098174770425,76,7.6,27,1,2684,2685,0.948000126913,0.949534107701,75,7.5,25,0,2573,2569,0.790000105761,0.783864182610,76,7.6,27,1,2628,2620,0.846757394913,0.834485548610,75,7.5,27,1,2073,2074,0.010737865515,0.012271846303,75,7.5,26,0
412,2026-09-05T05:36:10.765661+00:00,175332000000000,175332046000000,24.828000000,online_inference,4,0,2089,2087,0.101242732000,0.098174770425,76,7.6,27,1,2684,2685,0.948000126913,0.949534107701,75,7.5,25,0,2573,2569,0.790000105761,0.783864182610,76,7.6,28,0,2628,2620,0.846757394913,0.834485548610,75,7.5,27,2,2073,2074,0.010737865515,0.012271846303,75,7.5,26,0
413,2026-09-05T05:36:10.833016+00:00,175332062000000,175332109000000,24.891000000,online_inference,4,0,2089,2087,0.101242732000,0.098174770425,76,7.6,27,1,2684,2685,0.948000126913,0.949534107701,75,7.5,25,0,2573,2569,0.790000105761,0.783864182610,76,7.6,27,1,2628,2620,0.846757394913,0.834485548610,75,7.5,27,1,2073,2074,0.010737865515,0.012271846303,75,7.5,26,0
414,2026-09-05T05:36:10.891139+00:00,175332125000000,175332171000000,24.953000000,online_inference,4,0,2089,2087,0.101242732000,0.098174770425,76,7.6,27,0,2684,2685,0.948000126913,0.949534107701,75,7.5,25,0,2573,2569,0.790000105761,0.783864182610,76,7.6,27,1,2628,2620,0.846757394913,0.834485548610,75,7.5,27,1,2073,2074,0.010737865515,0.012271846303,75,7.5,26,0
415,2026-09-05T05:36:10.948865+00:00,175332187000000,175332218000000,25.000000000,online_inference,4,0,2089,2087,0.101242732000,0.098174770425,76,7.6,27,1,2684,2685,0.948000126913,0.949534107701,75,7.5,25,0,2573,2569,0.790000105761,0.783864182610,76,7.6,27,1,2628,2620,0.846757394913,0.834485548610,75,7.5,27,1,2073,2074,0.010737865515,0.012271846303,76,7.6,26,0
416,2026-09-05T05:36:11.005246+00:00,175332234000000,175332281000000,25.063000000,online_inference,4,0,2089,2087,0.101242732000,0.098174770425,76,7.6,27,0,2684,2685,0.948000126913,0.949534107701,75,7.5,25,0,2573,2569,0.790000105761,0.783864182610,76,7.6,27,1,2628,2620,0.846757394913,0.834485548610,75,7.5,27,1,2073,2074,0.010737865515,0.012271846303,76,7.6,26,0
417,2026-09-05T05:36:11.057031+00:00,175332296000000,175332328000000,25.110000000,online_inference,4,0,2089,2087,0.101242732000,0.098174770425,76,7.6,27,1,2684,2685,0.948000126913,0.949534107701,75,7.5,25,0,2573,2569,0.790000105761,0.783864182610,76,7.6,27,1,2628,2620,0.846757394913,0.834485548610,75,7.5,27,1,2073,2074,0.010737865515,0.012271846303,75,7.5,26,0
418,2026-09-05T05:36:11.117937+00:00,175332343000000,175332390000000,25.172000000,online_inference,4,0,2089,2087,0.101242732000,0.098174770425,76,7.6,27,1,2684,2685,0.948000126913,0.949534107701,75,7.5,25,0,2573,2569,0.790000105761,0.783864182610,76,7.6,27,1,2628,2620,0.846757394913,0.834485548610,75,7.5,27,1,2073,2074,0.010737865515,0.012271846303,75,7.5,26,0
419,2026-09-05T05:36:11.169266+00:00,175332406000000,175332437000000,25.219000000,online_inference,4,0,2089,2087,0.101242732000,0.098174770425,76,7.6,27,1,2684,2685,0.948000126913,0.949534107701,75,7.5,25,0,2573,2569,0.790000105761,0.783864182610,76,7.6,27,1,2628,2620,0.846757394913,0.834485548610,75,7.5,27,1,2073,2074,0.010737865515,0.012271846303,76,7.6,26,0
420,2026-09-05T05:36:11.222781+00:00,175332453000000,175332500000000,25.282000000,online_inference,4,0,2089,2087,0.101242732000,0.098174770425,76,7.6,27,0,2684,2685,0.948000126913,0.949534107701,75,7.5,25,0,2573,2569,0.790000105761,0.783864182610,76,7.6,27,1,2628,2620,0.846757394913,0.834485548610,75,7.5,27,1,2073,2074,0.010737865515,0.012271846303,75,7.5,26,0
421,2026-09-05T05:36:11.280953+00:00,175332515000000,175332562000000,25.344000000,online_inference,4,0,2089,2087,0.101242732000,0.098174770425,76,7.6,27,1,2684,2685,0.948000126913,0.949534107701,75,7.5,26,0,2573,2569,0.790000105761,0.783864182610,76,7.6,27,0,2628,2620,0.846757394913,0.834485548610,75,7.5,27,1,2073,2074,0.010737865515,0.012271846303,75,7.5,26,0
422,2026-09-05T05:36:11.351481+00:00,175332578000000,175332625000000,25.407000000,online_inference,4,0,2089,2087,0.101242732000,0.098174770425,76,7.6,27,1,2684,2685,0.948000126913,0.949534107701,75,7.5,26,0,2573,2569,0.790000105761,0.783864182610,76,7.6,27,1,2628,2620,0.846757394913,0.834485548610,75,7.5,27,2,2073,2074,0.010737865515,0.012271846303,75,7.5,26,0
423,2026-09-05T05:36:11.399234+00:00,175332640000000,175332671000000,25.453000000,online_inference,4,0,2089,2087,0.101242732000,0.098174770425,76,7.6,27,1,2684,2685,0.948000126913,0.949534107701,75,7.5,25,0,2573,2569,0.790000105761,0.783864182610,76,7.6,27,0,2628,2620,0.846757394913,0.834485548610,75,7.5,27,1,2073,2074,0.010737865515,0.012271846303,75,7.5,26,0
424,2026-09-05T05:36:11.452052+00:00,175332687000000,175332734000000,25.516000000,online_inference,4,0,2089,2087,0.101242732000,0.098174770425,76,7.6,27,0,2684,2685,0.948000126913,0.949534107701,75,7.5,25,0,2573,2569,0.790000105761,0.783864182610,76,7.6,27,1,2628,2620,0.846757394913,0.834485548610,75,7.5,27,2,2073,2074,0.010737865515,0.012271846303,76,7.6,26,0
425,2026-09-05T05:36:11.507834+00:00,175332750000000,175332781000000,25.563000000,online_inference,4,0,2089,2087,0.101242732000,0.098174770425,76,7.6,27,0,2684,2685,0.948000126913,0.949534107701,75,7.5,25,0,2573,2569,0.790000105761,0.783864182610,76,7.6,27,1,2628,2620,0.846757394913,0.834485548610,75,7.5,27,1,2073,2074,0.010737865515,0.012271846303,75,7.5,26,0
426,2026-09-05T05:36:11.565969+00:00,175332796000000,175332843000000,25.625000000,online_inference,4,0,2089,2087,0.101242732000,0.098174770425,76,7.6,27,1,2684,2685,0.948000126913,0.949534107701,75,7.5,26,0,2573,2569,0.790000105761,0.783864182610,76,7.6,27,0,2628,2620,0.846757394913,0.834485548610,75,7.5,27,1,2073,2074,0.010737865515,0.012271846303,76,7.6,26,0
427,2026-09-05T05:36:11.619440+00:00,175332859000000,175332890000000,25.672000000,online_inference,4,0,2089,2087,0.101242732000,0.098174770425,76,7.6,27,0,2684,2685,0.948000126913,0.949534107701,75,7.5,25,0,2573,2569,0.790000105761,0.783864182610,76,7.6,27,1,2628,2620,0.846757394913,0.834485548610,75,7.5,27,1,2073,2074,0.010737865515,0.012271846303,75,7.5,26,0
428,2026-09-05T05:36:11.674576+00:00,175332906000000,175332953000000,25.735000000,online_inference,4,0,2089,2087,0.101242732000,0.098174770425,76,7.6,27,1,2684,2685,0.948000126913,0.949534107701,75,7.5,25,0,2573,2569,0.790000105761,0.783864182610,76,7.6,27,1,2628,2620,0.846757394913,0.834485548610,75,7.5,27,1,2073,2074,0.010737865515,0.012271846303,75,7.5,26,0
429,2026-09-05T05:36:11.733501+00:00,175332968000000,175333015000000,25.797000000,online_inference,4,0,2089,2087,0.101242732000,0.098174770425,76,7.6,27,1,2684,2685,0.948000126913,0.949534107701,75,7.5,25,0,2573,2569,0.790000105761,0.783864182610,76,7.6,27,1,2628,2620,0.846757394913,0.834485548610,75,7.5,27,1,2073,2074,0.010737865515,0.012271846303,75,7.5,26,0
430,2026-09-05T05:36:11.792974+00:00,175333031000000,175333062000000,25.844000000,online_inference,4,0,2089,2087,0.101242732000,0.098174770425,76,7.6,27,0,2684,2685,0.948000126913,0.949534107701,75,7.5,25,0,2573,2569,0.790000105761,0.783864182610,76,7.6,27,1,2628,2620,0.846757394913,0.834485548610,75,7.5,27,1,2073,2074,0.010737865515,0.012271846303,75,7.5,26,0
431,2026-09-05T05:36:11.864825+00:00,175333093000000,175333140000000,25.922000000,online_inference,4,0,2089,2087,0.101242732000,0.098174770425,76,7.6,27,0,2684,2685,0.948000126913,0.949534107701,75,7.5,26,0,2573,2569,0.790000105761,0.783864182610,76,7.6,27,1,2628,2620,0.846757394913,0.834485548610,75,7.5,27,1,2073,2074,0.010737865515,0.012271846303,75,7.5,26,0
432,2026-09-05T05:36:11.919943+00:00,175333156000000,175333187000000,25.969000000,online_inference,4,0,2089,2087,0.101242732000,0.098174770425,76,7.6,27,0,2684,2685,0.948000126913,0.949534107701,75,7.5,25,0,2573,2569,0.790000105761,0.783864182610,76,7.6,27,1,2628,2620,0.846757394913,0.834485548610,75,7.5,27,1,2073,2074,0.010737865515,0.012271846303,76,7.6,26,0
433,2026-09-05T05:36:11.977793+00:00,175333218000000,175333250000000,26.032000000,online_inference,4,0,2089,2087,0.101242732000,0.098174770425,76,7.6,27,0,2684,2685,0.948000126913,0.949534107701,75,7.5,26,0,2573,2569,0.790000105761,0.783864182610,76,7.6,27,1,2628,2620,0.846757394913,0.834485548610,75,7.5,27,1,2073,2074,0.010737865515,0.012271846303,75,7.5,26,0
434,2026-09-05T05:36:12.030675+00:00,175333265000000,175333312000000,26.094000000,online_inference,4,0,2089,2087,0.101242732000,0.098174770425,76,7.6,27,1,2684,2685,0.948000126913,0.949534107701,75,7.5,25,0,2573,2569,0.790000105761,0.783864182610,76,7.6,27,1,2628,2620,0.846757394913,0.834485548610,75,7.5,27,1,2073,2074,0.010737865515,0.012271846303,76,7.6,26,0
435,2026-09-05T05:36:12.089167+00:00,175333328000000,175333359000000,26.141000000,online_inference,4,0,2089,2087,0.101242732000,0.098174770425,76,7.6,27,0,2684,2685,0.948000126913,0.949534107701,75,7.5,25,0,2573,2569,0.790000105761,0.783864182610,76,7.6,27,1,2628,2620,0.846757394913,0.834485548610,75,7.5,27,1,2073,2074,0.010737865515,0.012271846303,75,7.5,26,0
436,2026-09-05T05:36:12.134755+00:00,175333375000000,175333406000000,26.188000000,online_inference,4,0,2089,2087,0.101242732000,0.098174770425,76,7.6,27,0,2684,2685,0.948000126913,0.949534107701,75,7.5,25,0,2573,2569,0.790000105761,0.783864182610,76,7.6,27,0,2628,2620,0.846757394913,0.834485548610,75,7.5,27,2,2073,2074,0.010737865515,0.012271846303,76,7.6,26,0
437,2026-09-05T05:36:12.198044+00:00,175333421000000,175333468000000,26.250000000,online_archive,4,0,2089,2087,0.101242732000,0.098174770425,76,7.6,27,1,2684,2685,0.948000126913,0.949534107701,75,7.5,25,0,2573,2569,0.790000105761,0.783864182610,76,7.6,27,1,2628,2620,0.846757394913,0.834485548610,75,7.5,27,1,2073,2074,0.010737865515,0.012271846303,75,7.5,26,0
438,2026-09-05T05:36:12.236403+00:00,175333484000000,175333515000000,26.297000000,online_archive,4,0,2089,2087,0.101242732000,0.098174770425,76,7.6,27,0,2684,2685,0.948000126913,0.949534107701,75,7.5,25,0,2573,2569,0.790000105761,0.783864182610,76,7.6,27,1,2628,2620,0.846757394913,0.834485548610,75,7.5,27,1,2073,2074,0.010737865515,0.012271846303,75,7.5,26,0
439,2026-09-05T05:36:12.327927+00:00,175333562000000,175333609000000,26.391000000,fixed_trajectory,4,0,2089,2087,0.101242732000,0.098174770425,76,7.6,27,1,2684,2685,0.948000126913,0.949534107701,75,7.5,25,0,2573,2569,0.790000105761,0.783864182610,76,7.6,27,0,2628,2620,0.846757394913,0.834485548610,75,7.5,27,1,2073,2074,0.010737865515,0.012271846303,75,7.5,26,0
440,2026-09-05T05:36:12.516196+00:00,175333750000000,175333796000000,26.578000000,fixed_trajectory,4,0,2089,2087,0.101242732000,0.098174770425,76,7.6,27,0,2684,2686,0.948000126913,0.951068088489,75,7.5,25,1,2573,2569,0.790000105761,0.783864182610,76,7.6,27,1,2624,2619,0.840621471761,0.832951567822,75,7.5,27,1,2073,2074,0.010737865515,0.012271846303,76,7.6,26,0
441,2026-09-05T05:36:12.571445+00:00,175333812000000,175333843000000,26.625000000,fixed_trajectory,4,0,2089,2087,0.101242732000,0.098174770425,76,7.6,27,1,2684,2687,0.948000126913,0.952602069277,75,7.5,25,0,2573,2568,0.790000105761,0.782330201822,76,7.6,27,1,2624,2618,0.840621471761,0.831417587034,75,7.5,27,1,2073,2074,0.010737865515,0.012271846303,75,7.5,26,0
442,2026-09-05T05:36:12.612667+00:00,175333859000000,175333890000000,26.672000000,fixed_trajectory,4,0,2089,2087,0.101242732000,0.098174770425,76,7.6,27,1,2684,2687,0.948000126913,0.952602069277,75,7.5,25,1,2573,2568,0.790000105761,0.782330201822,76,7.6,27,0,2624,2617,0.840621471761,0.829883606246,75,7.5,27,1,2073,2074,0.010737865515,0.012271846303,75,7.5,26,0
443,2026-09-05T05:36:12.665823+00:00,175333906000000,175333937000000,26.719000000,fixed_trajectory,4,0,2089,2087,0.101242732000,0.098174770425,76,7.6,27,0,2684,2688,0.948000126913,0.954136050065,75,7.5,25,1,2573,2567,0.790000105761,0.780796221034,76,7.6,27,1,2624,2616,0.840621471761,0.828349625458,75,7.5,27,1,2073,2074,0.010737865515,0.012271846303,75,7.5,26,0
444,2026-09-05T05:36:12.708853+00:00,175333953000000,175333984000000,26.766000000,fixed_trajectory,4,0,2089,2087,0.101242732000,0.098174770425,76,7.6,27,0,2684,2689,0.948000126913,0.955670030853,75,7.5,25,1,2573,2567,0.790000105761,0.780796221034,76,7.6,27,1,2624,2615,0.840621471761,0.826815644670,75,7.5,27,1,2073,2074,0.010737865515,0.012271846303,75,7.5,26,0
445,2026-09-05T05:36:12.753815+00:00,175334000000000,175334031000000,26.813000000,fixed_trajectory,4,0,2089,2087,0.101242732000,0.098174770425,76,7.6,27,1,2684,2690,0.948000126913,0.957204011641,75,7.5,25,1,2573,2566,0.790000105761,0.779262240246,76,7.6,27,1,2624,2614,0.840621471761,0.825281663882,75,7.5,27,1,2073,2074,0.010737865515,0.012271846303,75,7.5,26,0
446,2026-09-05T05:36:12.812733+00:00,175334062000000,175334093000000,26.875000000,fixed_trajectory,4,0,2089,2087,0.101242732000,0.098174770425,76,7.6,27,0,2685,2691,0.949534107701,0.958737992429,75,7.5,25,1,2573,2566,0.790000105761,0.779262240246,76,7.6,27,1,2621,2613,0.836019529398,0.823747683095,75,7.5,27,0,2073,2074,0.010737865515,0.012271846303,75,7.5,26,0
447,2026-09-05T05:36:12.864983+00:00,175334109000000,175334140000000,26.922000000,fixed_trajectory,4,0,2089,2087,0.101242732000,0.098174770425,76,7.6,27,0,2685,2692,0.949534107701,0.960271973216,75,7.5,25,1,2573,2565,0.790000105761,0.777728259458,76,7.6,27,2,2619,2612,0.832951567822,0.822213702307,75,7.5,27,1,2073,2074,0.010737865515,0.012271846303,75,7.5,26,0
448,2026-09-05T05:36:12.904828+00:00,175334156000000,175334187000000,26.969000000,fixed_trajectory,4,0,2089,2087,0.101242732000,0.098174770425,76,7.6,27,0,2685,2692,0.949534107701,0.960271973216,75,7.5,25,2,2573,2565,0.790000105761,0.777728259458,76,7.6,27,1,2616,2611,0.828349625458,0.820679721519,75,7.5,27,0,2073,2074,0.010737865515,0.012271846303,75,7.5,26,0
449,2026-09-05T05:36:12.965374+00:00,175334203000000,175334234000000,27.016000000,fixed_trajectory,4,0,2089,2087,0.101242732000,0.098174770425,76,7.6,27,0,2687,2693,0.952602069277,0.961805954004,75,7.5,26,0,2573,2564,0.790000105761,0.776194278670,76,7.6,27,1,2616,2610,0.828349625458,0.819145740731,75,7.5,27,1,2073,2074,0.010737865515,0.012271846303,75,7.5,26,0
450,2026-09-05T05:36:13.014791+00:00,175334250000000,175334296000000,27.078000000,online_observation,4,0,2089,2087,0.101242732000,0.098174770425,76,7.6,27,1,2687,2694,0.952602069277,0.963339934792,75,7.5,25,0,2573,2564,0.790000105761,0.776194278670,76,7.6,27,1,2614,2609,0.825281663882,0.817611759943,75,7.5,27,1,2073,2074,0.010737865515,0.012271846303,76,7.6,26,0
451,2026-09-05T05:36:13.066947+00:00,175334312000000,175334343000000,27.125000000,online_observation,4,0,2089,2087,0.101242732000,0.098174770425,76,7.6,27,0,2690,2694,0.957204011641,0.963339934792,75,7.5,25,1,2573,2564,0.790000105761,0.776194278670,76,7.6,27,1,2613,2609,0.823747683095,0.817611759943,75,7.5,27,0,2073,2074,0.010737865515,0.012271846303,76,7.6,26,0
452,2026-09-05T05:36:13.112027+00:00,175334359000000,175334390000000,27.172000000,online_observation,4,0,2089,2087,0.101242732000,0.098174770425,76,7.6,27,0,2690,2694,0.957204011641,0.963339934792,75,7.5,25,0,2571,2564,0.786932144185,0.776194278670,76,7.6,27,1,2613,2609,0.823747683095,0.817611759943,75,7.5,27,1,2073,2074,0.010737865515,0.012271846303,76,7.6,26,0
453,2026-09-05T05:36:13.166248+00:00,175334406000000,175334437000000,27.219000000,online_observation,4,0,2089,2087,0.101242732000,0.098174770425,76,7.6,27,1,2691,2694,0.958737992429,0.963339934792,75,7.5,25,1,2569,2564,0.783864182610,0.776194278670,76,7.6,27,1,2613,2609,0.823747683095,0.817611759943,75,7.5,27,1,2073,2074,0.010737865515,0.012271846303,75,7.5,26,0
454,2026-09-05T05:36:13.211734+00:00,175334453000000,175334484000000,27.266000000,online_observation,4,0,2089,2087,0.101242732000,0.098174770425,76,7.6,27,0,2691,2694,0.958737992429,0.963339934792,75,7.5,25,1,2569,2564,0.783864182610,0.776194278670,76,7.6,27,1,2613,2609,0.823747683095,0.817611759943,75,7.5,27,1,2073,2074,0.010737865515,0.012271846303,76,7.6,26,0
455,2026-09-05T05:36:13.256526+00:00,175334500000000,175334531000000,27.313000000,online_observation,4,0,2089,2087,0.101242732000,0.098174770425,76,7.6,27,1,2691,2694,0.958737992429,0.963339934792,75,7.5,25,1,2569,2564,0.783864182610,0.776194278670,76,7.6,27,1,2613,2609,0.823747683095,0.817611759943,75,7.5,27,1,2073,2074,0.010737865515,0.012271846303,75,7.5,26,1
456,2026-09-05T05:36:13.321333+00:00,175334562000000,175334593000000,27.375000000,online_observation,4,0,2089,2087,0.101242732000,0.098174770425,76,7.6,27,1,2691,2694,0.958737992429,0.963339934792,75,7.5,26,1,2569,2564,0.783864182610,0.776194278670,76,7.6,27,2,2613,2609,0.823747683095,0.817611759943,75,7.5,27,0,2073,2074,0.010737865515,0.012271846303,76,7.6,26,0
457,2026-09-05T05:36:13.361714+00:00,175334609000000,175334640000000,27.422000000,online_observation,4,0,2089,2087,0.101242732000,0.098174770425,76,7.6,27,1,2691,2694,0.958737992429,0.963339934792,75,7.5,26,1,2569,2564,0.783864182610,0.776194278670,76,7.6,27,0,2613,2609,0.823747683095,0.817611759943,75,7.5,27,1,2073,2074,0.010737865515,0.012271846303,76,7.6,26,0
458,2026-09-05T05:36:13.448282+00:00,175334656000000,175334718000000,27.500000000,online_inference,5,0,2089,2087,0.101242732000,0.098174770425,76,7.6,27,0,2691,2694,0.958737992429,0.963339934792,75,7.5,25,1,2569,2564,0.783864182610,0.776194278670,76,7.6,27,1,2613,2609,0.823747683095,0.817611759943,75,7.5,27,0,2073,2074,0.010737865515,0.012271846303,76,7.6,26,0
459,2026-09-05T05:36:13.515382+00:00,175334734000000,175334796000000,27.578000000,online_inference,5,0,2089,2087,0.101242732000,0.098174770425,76,7.6,27,1,2691,2694,0.958737992429,0.963339934792,75,7.5,26,1,2569,2564,0.783864182610,0.776194278670,76,7.6,27,1,2613,2609,0.823747683095,0.817611759943,75,7.5,27,1,2073,2074,0.010737865515,0.012271846303,75,7.5,26,0
460,2026-09-05T05:36:13.619241+00:00,175334828000000,175334890000000,27.672000000,online_inference,5,0,2089,2087,0.101242732000,0.098174770425,76,7.6,27,1,2691,2694,0.958737992429,0.963339934792,75,7.5,26,1,2569,2564,0.783864182610,0.776194278670,76,7.6,27,1,2613,2609,0.823747683095,0.817611759943,75,7.5,27,1,2073,2074,0.010737865515,0.012271846303,75,7.5,26,0
461,2026-09-05T05:36:13.677095+00:00,175334906000000,175334953000000,27.735000000,online_inference,5,0,2089,2087,0.101242732000,0.098174770425,76,7.6,27,1,2691,2694,0.958737992429,0.963339934792,75,7.5,26,1,2569,2564,0.783864182610,0.776194278670,76,7.6,27,1,2613,2609,0.823747683095,0.817611759943,75,7.5,27,1,2073,2074,0.010737865515,0.012271846303,76,7.6,26,0
462,2026-09-05T05:36:13.749635+00:00,175334968000000,175335031000000,27.813000000,online_inference,5,0,2089,2087,0.101242732000,0.098174770425,76,7.6,27,1,2691,2694,0.958737992429,0.963339934792,75,7.5,25,1,2569,2564,0.783864182610,0.776194278670,76,7.6,27,1,2613,2609,0.823747683095,0.817611759943,75,7.5,27,0,2073,2074,0.010737865515,0.012271846303,76,7.6,26,0
463,2026-09-05T05:36:13.825398+00:00,175335046000000,175335093000000,27.875000000,online_inference,5,0,2089,2087,0.101242732000,0.098174770425,76,7.6,27,1,2691,2694,0.958737992429,0.963339934792,75,7.5,25,0,2569,2564,0.783864182610,0.776194278670,76,7.6,27,0,2613,2609,0.823747683095,0.817611759943,75,7.5,27,1,2073,2074,0.010737865515,0.012271846303,76,7.6,26,0
464,2026-09-05T05:36:13.874577+00:00,175335109000000,175335156000000,27.938000000,online_inference,5,0,2089,2087,0.101242732000,0.098174770425,76,7.6,27,0,2691,2694,0.958737992429,0.963339934792,75,7.5,25,1,2569,2564,0.783864182610,0.776194278670,76,7.6,27,1,2613,2609,0.823747683095,0.817611759943,75,7.5,27,1,2073,2074,0.010737865515,0.012271846303,75,7.5,26,0
465,2026-09-05T05:36:13.939574+00:00,175335171000000,175335218000000,28.000000000,online_inference,5,0,2089,2087,0.101242732000,0.098174770425,76,7.6,27,1,2691,2694,0.958737992429,0.963339934792,75,7.5,26,1,2569,2564,0.783864182610,0.776194278670,76,7.6,27,0,2613,2609,0.823747683095,0.817611759943,75,7.5,27,1,2073,2074,0.010737865515,0.012271846303,76,7.6,26,0
466,2026-09-05T05:36:14.007104+00:00,175335234000000,175335281000000,28.063000000,online_inference,5,0,2089,2087,0.101242732000,0.098174770425,76,7.6,27,0,2691,2694,0.958737992429,0.963339934792,75,7.5,26,1,2569,2564,0.783864182610,0.776194278670,76,7.6,27,1,2613,2609,0.823747683095,0.817611759943,75,7.5,30,1,2073,2074,0.010737865515,0.012271846303,76,7.6,26,0
467,2026-09-05T05:36:14.061897+00:00,175335296000000,175335343000000,28.125000000,online_inference,5,0,2089,2087,0.101242732000,0.098174770425,76,7.6,27,1,2691,2694,0.958737992429,0.963339934792,75,7.5,25,1,2569,2564,0.783864182610,0.776194278670,76,7.6,27,0,2613,2609,0.823747683095,0.817611759943,75,7.5,27,1,2073,2074,0.010737865515,0.012271846303,75,7.5,26,0
468,2026-09-05T05:36:14.136315+00:00,175335359000000,175335406000000,28.188000000,online_inference,5,0,2089,2087,0.101242732000,0.098174770425,76,7.6,27,0,2691,2694,0.958737992429,0.963339934792,75,7.5,26,1,2569,2564,0.783864182610,0.776194278670,76,7.6,27,1,2613,2609,0.823747683095,0.817611759943,75,7.5,27,1,2073,2074,0.010737865515,0.012271846303,75,7.5,26,0
469,2026-09-05T05:36:14.192222+00:00,175335421000000,175335468000000,28.250000000,online_inference,5,0,2089,2087,0.101242732000,0.098174770425,76,7.6,27,1,2691,2694,0.958737992429,0.963339934792,75,7.5,25,1,2569,2564,0.783864182610,0.776194278670,76,7.6,27,1,2613,2609,0.823747683095,0.817611759943,75,7.5,27,0,2073,2074,0.010737865515,0.012271846303,76,7.6,26,0
470,2026-09-05T05:36:14.268697+00:00,175335484000000,175335546000000,28.328000000,online_inference,5,0,2089,2087,0.101242732000,0.098174770425,76,7.6,27,1,2691,2694,0.958737992429,0.963339934792,75,7.5,25,1,2569,2564,0.783864182610,0.776194278670,76,7.6,27,1,2613,2609,0.823747683095,0.817611759943,75,7.5,27,0,2073,2074,0.010737865515,0.012271846303,75,7.5,26,0
471,2026-09-05T05:36:14.334077+00:00,175335562000000,175335609000000,28.391000000,online_inference,5,0,2089,2087,0.101242732000,0.098174770425,76,7.6,27,1,2691,2694,0.958737992429,0.963339934792,75,7.5,25,1,2569,2564,0.783864182610,0.776194278670,76,7.6,27,1,2613,2609,0.823747683095,0.817611759943,75,7.5,27,1,2073,2074,0.010737865515,0.012271846303,76,7.6,26,1
472,2026-09-05T05:36:14.411301+00:00,175335625000000,175335687000000,28.469000000,online_inference,5,0,2089,2087,0.101242732000,0.098174770425,76,7.6,27,1,2691,2694,0.958737992429,0.963339934792,75,7.5,26,0,2569,2564,0.783864182610,0.776194278670,76,7.6,27,1,2613,2609,0.823747683095,0.817611759943,75,7.5,27,0,2073,2074,0.010737865515,0.012271846303,75,7.5,26,0
473,2026-09-05T05:36:14.484493+00:00,175335703000000,175335765000000,28.547000000,online_inference,5,0,2089,2087,0.101242732000,0.098174770425,76,7.6,27,1,2691,2694,0.958737992429,0.963339934792,75,7.5,25,1,2569,2564,0.783864182610,0.776194278670,76,7.6,27,0,2613,2609,0.823747683095,0.817611759943,75,7.5,27,1,2073,2074,0.010737865515,0.012271846303,76,7.6,26,0
474,2026-09-05T05:36:14.561040+00:00,175335781000000,175335843000000,28.625000000,online_inference,5,0,2089,2087,0.101242732000,0.098174770425,76,7.6,27,1,2691,2694,0.958737992429,0.963339934792,75,7.5,25,1,2569,2564,0.783864182610,0.776194278670,76,7.6,27,1,2613,2609,0.823747683095,0.817611759943,75,7.5,27,1,2073,2074,0.010737865515,0.012271846303,76,7.6,26,0
475,2026-09-05T05:36:14.667713+00:00,175335875000000,175335937000000,28.719000000,online_inference,5,0,2089,2087,0.101242732000,0.098174770425,76,7.6,27,0,2691,2694,0.958737992429,0.963339934792,75,7.5,25,1,2569,2564,0.783864182610,0.776194278670,76,7.6,27,1,2613,2609,0.823747683095,0.817611759943,75,7.5,27,0,2073,2074,0.010737865515,0.012271846303,75,7.5,26,0
476,2026-09-05T05:36:14.746004+00:00,175335953000000,175336015000000,28.797000000,online_inference,5,0,2089,2087,0.101242732000,0.098174770425,76,7.6,27,1,2691,2694,0.958737992429,0.963339934792,75,7.5,25,0,2569,2564,0.783864182610,0.776194278670,76,7.6,27,1,2613,2609,0.823747683095,0.817611759943,75,7.5,27,1,2073,2074,0.010737865515,0.012271846303,75,7.5,26,0
477,2026-09-05T05:36:14.813867+00:00,175336031000000,175336093000000,28.875000000,online_inference,5,0,2089,2087,0.101242732000,0.098174770425,76,7.6,27,1,2691,2694,0.958737992429,0.963339934792,75,7.5,25,0,2569,2564,0.783864182610,0.776194278670,76,7.6,27,0,2613,2609,0.823747683095,0.817611759943,75,7.5,27,1,2073,2074,0.010737865515,0.012271846303,76,7.6,26,0
478,2026-09-05T05:36:14.898009+00:00,175336109000000,175336171000000,28.953000000,online_inference,5,0,2089,2087,0.101242732000,0.098174770425,76,7.6,27,0,2691,2694,0.958737992429,0.963339934792,75,7.5,25,1,2569,2564,0.783864182610,0.776194278670,76,7.6,27,1,2613,2609,0.823747683095,0.817611759943,75,7.5,27,0,2073,2074,0.010737865515,0.012271846303,75,7.5,26,0
479,2026-09-05T05:36:14.978553+00:00,175336187000000,175336250000000,29.032000000,online_inference,5,0,2089,2087,0.101242732000,0.098174770425,76,7.6,27,1,2691,2694,0.958737992429,0.963339934792,75,7.5,26,1,2569,2564,0.783864182610,0.776194278670,76,7.6,27,0,2613,2609,0.823747683095,0.817611759943,75,7.5,27,1,2073,2074,0.010737865515,0.012271846303,75,7.5,26,0
480,2026-09-05T05:36:15.053406+00:00,175336265000000,175336328000000,29.110000000,online_inference,5,0,2089,2087,0.101242732000,0.098174770425,76,7.6,27,1,2691,2694,0.958737992429,0.963339934792,75,7.5,25,1,2569,2564,0.783864182610,0.776194278670,76,7.6,27,0,2613,2609,0.823747683095,0.817611759943,75,7.5,27,1,2073,2074,0.010737865515,0.012271846303,75,7.5,26,0
481,2026-09-05T05:36:15.130987+00:00,175336343000000,175336406000000,29.188000000,online_inference,5,0,2089,2087,0.101242732000,0.098174770425,76,7.6,27,0,2691,2694,0.958737992429,0.963339934792,75,7.5,26,1,2569,2564,0.783864182610,0.776194278670,76,7.6,27,1,2613,2609,0.823747683095,0.817611759943,75,7.5,27,1,2073,2074,0.010737865515,0.012271846303,75,7.5,26,0
482,2026-09-05T05:36:15.230612+00:00,175336437000000,175336500000000,29.282000000,online_inference,5,0,2089,2087,0.101242732000,0.098174770425,76,7.6,27,0,2691,2694,0.958737992429,0.963339934792,75,7.5,26,0,2569,2564,0.783864182610,0.776194278670,76,7.6,27,1,2613,2609,0.823747683095,0.817611759943,75,7.5,27,1,2073,2074,0.010737865515,0.012271846303,76,7.6,26,0
483,2026-09-05T05:36:15.297463+00:00,175336515000000,175336578000000,29.360000000,online_inference,5,0,2089,2087,0.101242732000,0.098174770425,76,7.6,27,1,2691,2694,0.958737992429,0.963339934792,75,7.5,25,0,2569,2564,0.783864182610,0.776194278670,76,7.6,27,0,2613,2609,0.823747683095,0.817611759943,75,7.5,27,0,2073,2074,0.010737865515,0.012271846303,75,7.5,26,0
484,2026-09-05T05:36:15.367304+00:00,175336593000000,175336640000000,29.422000000,online_inference,5,0,2089,2087,0.101242732000,0.098174770425,76,7.6,27,1,2691,2694,0.958737992429,0.963339934792,75,7.5,25,1,2569,2564,0.783864182610,0.776194278670,76,7.6,27,1,2613,2609,0.823747683095,0.817611759943,75,7.5,27,1,2073,2074,0.010737865515,0.012271846303,75,7.5,26,0
485,2026-09-05T05:36:15.443862+00:00,175336656000000,175336718000000,29.500000000,online_inference,5,0,2089,2087,0.101242732000,0.098174770425,76,7.6,27,1,2691,2694,0.958737992429,0.963339934792,75,7.5,25,1,2569,2564,0.783864182610,0.776194278670,76,7.6,27,1,2613,2609,0.823747683095,0.817611759943,75,7.5,27,1,2073,2074,0.010737865515,0.012271846303,76,7.6,26,0
486,2026-09-05T05:36:15.517912+00:00,175336734000000,175336796000000,29.578000000,online_inference,5,0,2089,2087,0.101242732000,0.098174770425,76,7.6,27,1,2691,2694,0.958737992429,0.963339934792,75,7.5,25,1,2569,2564,0.783864182610,0.776194278670,76,7.6,27,1,2613,2609,0.823747683095,0.817611759943,75,7.5,27,0,2073,2074,0.010737865515,0.012271846303,76,7.6,26,0
487,2026-09-05T05:36:15.595546+00:00,175336812000000,175336875000000,29.657000000,online_inference,5,0,2089,2087,0.101242732000,0.098174770425,76,7.6,27,1,2691,2694,0.958737992429,0.963339934792,75,7.5,25,1,2569,2564,0.783864182610,0.776194278670,76,7.6,27,1,2613,2609,0.823747683095,0.817611759943,75,7.5,27,1,2073,2074,0.010737865515,0.012271846303,75,7.5,26,0
488,2026-09-05T05:36:15.672574+00:00,175336890000000,175336953000000,29.735000000,online_inference,5,0,2089,2087,0.101242732000,0.098174770425,76,7.6,27,0,2692,2694,0.960271973216,0.963339934792,75,7.5,25,0,2569,2564,0.783864182610,0.776194278670,76,7.6,27,1,2613,2609,0.823747683095,0.817611759943,75,7.5,27,1,2073,2074,0.010737865515,0.012271846303,76,7.6,26,0
489,2026-09-05T05:36:15.758676+00:00,175336968000000,175337031000000,29.813000000,online_inference,5,0,2089,2087,0.101242732000,0.098174770425,76,7.6,27,1,2692,2694,0.960271973216,0.963339934792,75,7.5,26,1,2569,2564,0.783864182610,0.776194278670,76,7.6,27,1,2613,2609,0.823747683095,0.817611759943,75,7.5,27,1,2073,2074,0.010737865515,0.012271846303,76,7.6,26,0
490,2026-09-05T05:36:15.831449+00:00,175337046000000,175337109000000,29.891000000,online_inference,5,0,2089,2087,0.101242732000,0.098174770425,76,7.6,27,0,2692,2694,0.960271973216,0.963339934792,75,7.5,25,0,2569,2564,0.783864182610,0.776194278670,76,7.6,27,1,2613,2609,0.823747683095,0.817611759943,75,7.5,27,0,2073,2074,0.010737865515,0.012271846303,75,7.5,26,0
491,2026-09-05T05:36:15.912304+00:00,175337125000000,175337187000000,29.969000000,online_inference,5,0,2089,2087,0.101242732000,0.098174770425,76,7.6,27,1,2692,2694,0.960271973216,0.963339934792,75,7.5,26,0,2569,2564,0.783864182610,0.776194278670,76,7.6,27,0,2613,2609,0.823747683095,0.817611759943,75,7.5,27,1,2073,2074,0.010737865515,0.012271846303,76,7.6,26,0
492,2026-09-05T05:36:15.980743+00:00,175337203000000,175337250000000,30.032000000,online_inference,5,0,2089,2087,0.101242732000,0.098174770425,76,7.6,27,1,2692,2694,0.960271973216,0.963339934792,75,7.5,25,0,2569,2564,0.783864182610,0.776194278670,76,7.6,27,1,2613,2609,0.823747683095,0.817611759943,75,7.5,28,1,2073,2074,0.010737865515,0.012271846303,76,7.6,26,0
493,2026-09-05T05:36:16.052589+00:00,175337265000000,175337328000000,30.110000000,online_inference,5,0,2089,2087,0.101242732000,0.098174770425,76,7.6,27,0,2692,2694,0.960271973216,0.963339934792,75,7.5,25,1,2569,2564,0.783864182610,0.776194278670,76,7.6,27,1,2613,2609,0.823747683095,0.817611759943,75,7.5,27,1,2073,2074,0.010737865515,0.012271846303,75,7.5,26,0
494,2026-09-05T05:36:16.122076+00:00,175337343000000,175337390000000,30.172000000,online_inference,5,0,2089,2087,0.101242732000,0.098174770425,76,7.6,27,1,2692,2694,0.960271973216,0.963339934792,75,7.5,25,1,2569,2564,0.783864182610,0.776194278670,76,7.6,27,2,2613,2609,0.823747683095,0.817611759943,75,7.5,27,1,2073,2074,0.010737865515,0.012271846303,75,7.5,26,0
495,2026-09-05T05:36:16.189323+00:00,175337406000000,175337468000000,30.250000000,online_inference,5,0,2089,2087,0.101242732000,0.098174770425,76,7.6,27,1,2692,2694,0.960271973216,0.963339934792,75,7.5,25,1,2569,2564,0.783864182610,0.776194278670,76,7.6,27,1,2613,2609,0.823747683095,0.817611759943,75,7.5,27,1,2073,2074,0.010737865515,0.012271846303,76,7.6,26,0
496,2026-09-05T05:36:16.288915+00:00,175337500000000,175337562000000,30.344000000,online_inference,5,0,2089,2087,0.101242732000,0.098174770425,76,7.6,27,1,2692,2694,0.960271973216,0.963339934792,75,7.5,26,1,2569,2564,0.783864182610,0.776194278670,76,7.6,27,0,2612,2609,0.822213702307,0.817611759943,75,7.5,27,1,2073,2074,0.010737865515,0.012271846303,75,7.5,26,0
497,2026-09-05T05:36:16.365669+00:00,175337578000000,175337640000000,30.422000000,online_inference,5,0,2089,2087,0.101242732000,0.098174770425,76,7.6,27,0,2692,2694,0.960271973216,0.963339934792,75,7.5,25,0,2569,2564,0.783864182610,0.776194278670,76,7.6,27,1,2612,2609,0.822213702307,0.817611759943,75,7.5,27,1,2073,2074,0.010737865515,0.012271846303,75,7.5,26,0
498,2026-09-05T05:36:16.439803+00:00,175337656000000,175337718000000,30.500000000,online_inference,5,0,2089,2087,0.101242732000,0.098174770425,76,7.6,27,0,2692,2694,0.960271973216,0.963339934792,75,7.5,25,1,2569,2564,0.783864182610,0.776194278670,76,7.6,27,1,2612,2609,0.822213702307,0.817611759943,75,7.5,27,1,2073,2074,0.010737865515,0.012271846303,75,7.5,26,0
499,2026-09-05T05:36:16.522016+00:00,175337734000000,175337796000000,30.578000000,online_inference,5,0,2089,2087,0.101242732000,0.098174770425,76,7.6,27,0,2692,2694,0.960271973216,0.963339934792,75,7.5,25,0,2569,2564,0.783864182610,0.776194278670,76,7.6,27,1,2612,2609,0.822213702307,0.817611759943,75,7.5,27,1,2073,2074,0.010737865515,0.012271846303,75,7.5,26,0
500,2026-09-05T05:36:16.581631+00:00,175337812000000,175337859000000,30.641000000,online_inference,5,0,2089,2087,0.101242732000,0.098174770425,76,7.6,27,1,2692,2694,0.960271973216,0.963339934792,75,7.5,25,1,2569,2564,0.783864182610,0.776194278670,76,7.6,27,1,2612,2609,0.822213702307,0.817611759943,75,7.5,27,1,2073,2074,0.010737865515,0.012271846303,76,7.6,26,0
501,2026-09-05T05:36:16.663552+00:00,175337875000000,175337937000000,30.719000000,online_inference,5,0,2089,2087,0.101242732000,0.098174770425,76,7.6,27,1,2692,2694,0.960271973216,0.963339934792,75,7.5,26,0,2569,2564,0.783864182610,0.776194278670,76,7.6,27,1,2612,2609,0.822213702307,0.817611759943,75,7.5,27,1,2073,2074,0.010737865515,0.012271846303,76,7.6,26,0
502,2026-09-05T05:36:16.741657+00:00,175337953000000,175338015000000,30.797000000,online_inference,5,0,2089,2087,0.101242732000,0.098174770425,76,7.6,27,1,2692,2694,0.960271973216,0.963339934792,75,7.5,25,1,2569,2564,0.783864182610,0.776194278670,76,7.6,27,0,2612,2609,0.822213702307,0.817611759943,75,7.5,27,0,2073,2074,0.010737865515,0.012271846303,76,7.6,26,0
503,2026-09-05T05:36:16.837875+00:00,175338046000000,175338109000000,30.891000000,online_inference,5,0,2089,2087,0.101242732000,0.098174770425,76,7.6,27,1,2692,2694,0.960271973216,0.963339934792,75,7.5,26,0,2569,2564,0.783864182610,0.776194278670,76,7.6,27,1,2612,2609,0.822213702307,0.817611759943,75,7.5,27,1,2073,2074,0.010737865515,0.012271846303,75,7.5,26,0
504,2026-09-05T05:36:16.906929+00:00,175338125000000,175338187000000,30.969000000,online_inference,5,0,2089,2087,0.101242732000,0.098174770425,76,7.6,27,1,2692,2694,0.960271973216,0.963339934792,75,7.5,25,1,2569,2564,0.783864182610,0.776194278670,76,7.6,27,1,2612,2609,0.822213702307,0.817611759943,75,7.5,27,1,2073,2074,0.010737865515,0.012271846303,76,7.6,26,0
505,2026-09-05T05:36:16.993229+00:00,175338203000000,175338265000000,31.047000000,online_inference,5,0,2089,2087,0.101242732000,0.098174770425,76,7.6,27,1,2692,2694,0.960271973216,0.963339934792,75,7.5,26,1,2569,2564,0.783864182610,0.776194278670,76,7.6,27,1,2612,2609,0.822213702307,0.817611759943,75,7.5,27,1,2073,2074,0.010737865515,0.012271846303,75,7.5,26,0
506,2026-09-05T05:36:17.061650+00:00,175338281000000,175338343000000,31.125000000,online_inference,5,0,2089,2087,0.101242732000,0.098174770425,76,7.6,27,1,2692,2694,0.960271973216,0.963339934792,75,7.5,26,0,2569,2564,0.783864182610,0.776194278670,76,7.6,27,0,2612,2609,0.822213702307,0.817611759943,75,7.5,27,1,2073,2074,0.010737865515,0.012271846303,75,7.5,26,0
507,2026-09-05T05:36:17.138471+00:00,175338359000000,175338406000000,31.188000000,online_inference,5,0,2089,2087,0.101242732000,0.098174770425,76,7.6,27,0,2692,2694,0.960271973216,0.963339934792,75,7.5,25,0,2569,2564,0.783864182610,0.776194278670,76,7.6,27,1,2612,2609,0.822213702307,0.817611759943,75,7.5,27,1,2073,2074,0.010737865515,0.012271846303,75,7.5,26,0
508,2026-09-05T05:36:17.210549+00:00,175338421000000,175338484000000,31.266000000,online_inference,5,0,2089,2087,0.101242732000,0.098174770425,76,7.6,27,1,2692,2694,0.960271973216,0.963339934792,75,7.5,25,0,2569,2564,0.783864182610,0.776194278670,76,7.6,27,1,2612,2609,0.822213702307,0.817611759943,75,7.5,27,0,2073,2074,0.010737865515,0.012271846303,76,7.6,26,0
509,2026-09-05T05:36:17.279348+00:00,175338500000000,175338546000000,31.328000000,online_inference,5,0,2089,2087,0.101242732000,0.098174770425,76,7.6,27,1,2693,2694,0.961805954004,0.963339934792,75,7.5,25,0,2569,2564,0.783864182610,0.776194278670,76,7.6,27,1,2612,2609,0.822213702307,0.817611759943,75,7.5,27,1,2073,2074,0.010737865515,0.012271846303,72,7.2,26,0
510,2026-09-05T05:36:17.378129+00:00,175338578000000,175338656000000,31.438000000,online_inference,5,0,2089,2087,0.101242732000,0.098174770425,76,7.6,27,1,2693,2694,0.961805954004,0.963339934792,75,7.5,25,0,2569,2564,0.783864182610,0.776194278670,76,7.6,27,1,2612,2609,0.822213702307,0.817611759943,75,7.5,27,1,2073,2074,0.010737865515,0.012271846303,75,7.5,26,0
511,2026-09-05T05:36:17.458784+00:00,175338671000000,175338734000000,31.516000000,online_inference,5,0,2089,2087,0.101242732000,0.098174770425,76,7.6,27,1,2693,2694,0.961805954004,0.963339934792,75,7.5,25,0,2569,2564,0.783864182610,0.776194278670,76,7.6,27,0,2612,2609,0.822213702307,0.817611759943,75,7.5,27,1,2073,2074,0.010737865515,0.012271846303,75,7.5,26,0
512,2026-09-05T05:36:17.526152+00:00,175338750000000,175338796000000,31.578000000,online_inference,5,0,2089,2087,0.101242732000,0.098174770425,76,7.6,27,1,2693,2694,0.961805954004,0.963339934792,75,7.5,25,0,2569,2564,0.783864182610,0.776194278670,76,7.6,27,1,2612,2609,0.822213702307,0.817611759943,75,7.5,27,0,2073,2074,0.010737865515,0.012271846303,76,7.6,26,0
513,2026-09-05T05:36:17.601866+00:00,175338812000000,175338875000000,31.657000000,online_inference,5,0,2089,2087,0.101242732000,0.098174770425,76,7.6,27,1,2693,2694,0.961805954004,0.963339934792,75,7.5,25,0,2569,2564,0.783864182610,0.776194278670,76,7.6,27,1,2612,2609,0.822213702307,0.817611759943,75,7.5,27,1,2073,2074,0.010737865515,0.012271846303,75,7.5,26,0
514,2026-09-05T05:36:17.680615+00:00,175338890000000,175338953000000,31.735000000,online_inference,5,0,2089,2087,0.101242732000,0.098174770425,76,7.6,27,1,2693,2694,0.961805954004,0.963339934792,75,7.5,25,0,2569,2564,0.783864182610,0.776194278670,76,7.6,27,0,2612,2609,0.822213702307,0.817611759943,75,7.5,27,1,2073,2074,0.010737865515,0.012271846303,76,7.6,26,0
515,2026-09-05T05:36:17.748160+00:00,175338968000000,175339015000000,31.797000000,online_inference,5,0,2089,2087,0.101242732000,0.098174770425,76,7.6,27,1,2693,2694,0.961805954004,0.963339934792,75,7.5,25,0,2569,2564,0.783864182610,0.776194278670,76,7.6,27,1,2612,2609,0.822213702307,0.817611759943,75,7.5,27,0,2073,2074,0.010737865515,0.012271846303,75,7.5,26,0
516,2026-09-05T05:36:17.821587+00:00,175339031000000,175339093000000,31.875000000,online_inference,5,0,2089,2087,0.101242732000,0.098174770425,76,7.6,27,1,2693,2694,0.961805954004,0.963339934792,75,7.5,25,0,2569,2564,0.783864182610,0.776194278670,76,7.6,27,1,2612,2609,0.822213702307,0.817611759943,75,7.5,27,1,2073,2074,0.010737865515,0.012271846303,75,7.5,26,0
517,2026-09-05T05:36:17.923833+00:00,175339125000000,175339203000000,31.985000000,online_inference,5,0,2089,2087,0.101242732000,0.098174770425,76,7.6,27,1,2693,2694,0.961805954004,0.963339934792,75,7.5,25,0,2569,2564,0.783864182610,0.776194278670,76,7.6,27,2,2612,2609,0.822213702307,0.817611759943,75,7.5,27,0,2073,2074,0.010737865515,0.012271846303,75,7.5,26,0
518,2026-09-05T05:36:17.990612+00:00,175339218000000,175339265000000,32.047000000,online_inference,5,0,2089,2087,0.101242732000,0.098174770425,76,7.6,27,1,2693,2694,0.961805954004,0.963339934792,75,7.5,25,0,2569,2564,0.783864182610,0.776194278670,76,7.6,27,0,2612,2609,0.822213702307,0.817611759943,75,7.5,27,1,2073,2074,0.010737865515,0.012271846303,75,7.5,26,1
519,2026-09-05T05:36:18.065599+00:00,175339281000000,175339343000000,32.125000000,online_inference,5,0,2089,2087,0.101242732000,0.098174770425,76,7.6,27,0,2693,2694,0.961805954004,0.963339934792,75,7.5,25,0,2569,2564,0.783864182610,0.776194278670,76,7.6,27,0,2612,2609,0.822213702307,0.817611759943,75,7.5,27,1,2073,2074,0.010737865515,0.012271846303,76,7.6,26,0
520,2026-09-05T05:36:18.148283+00:00,175339359000000,175339421000000,32.203000000,online_inference,5,0,2089,2087,0.101242732000,0.098174770425,76,7.6,27,1,2693,2694,0.961805954004,0.963339934792,75,7.5,25,0,2569,2564,0.783864182610,0.776194278670,76,7.6,27,1,2612,2609,0.822213702307,0.817611759943,75,7.5,27,1,2073,2074,0.010737865515,0.012271846303,76,7.6,26,0
521,2026-09-05T05:36:18.212654+00:00,175339437000000,175339484000000,32.266000000,online_inference,5,0,2089,2087,0.101242732000,0.098174770425,76,7.6,27,1,2693,2694,0.961805954004,0.963339934792,75,7.5,25,0,2569,2564,0.783864182610,0.776194278670,76,7.6,27,1,2612,2609,0.822213702307,0.817611759943,75,7.5,27,1,2073,2074,0.010737865515,0.012271846303,75,7.5,26,0
522,2026-09-05T05:36:18.260832+00:00,175339500000000,175339531000000,32.313000000,online_inference,5,0,2089,2087,0.101242732000,0.098174770425,76,7.6,27,1,2693,2694,0.961805954004,0.963339934792,75,7.5,25,0,2569,2564,0.783864182610,0.776194278670,76,7.6,27,1,2612,2609,0.822213702307,0.817611759943,75,7.5,27,0,2073,2074,0.010737865515,0.012271846303,76,7.6,26,0
523,2026-09-05T05:36:18.334364+00:00,175339546000000,175339609000000,32.391000000,online_archive,5,0,2089,2087,0.101242732000,0.098174770425,76,7.6,27,0,2693,2694,0.961805954004,0.963339934792,75,7.5,25,0,2569,2564,0.783864182610,0.776194278670,76,7.6,27,1,2612,2609,0.822213702307,0.817611759943,75,7.5,27,1,2073,2074,0.010737865515,0.012271846303,75,7.5,26,0
524,2026-09-05T05:36:18.420271+00:00,175339640000000,175339703000000,32.485000000,online_archive,5,0,2089,2087,0.101242732000,0.098174770425,76,7.6,27,0,2693,2694,0.961805954004,0.963339934792,75,7.5,25,0,2569,2564,0.783864182610,0.776194278670,76,7.6,27,1,2612,2609,0.822213702307,0.817611759943,75,7.5,27,0,2073,2074,0.010737865515,0.012271846303,75,7.5,26,0
525,2026-09-05T05:36:18.532443+00:00,175339765000000,175339812000000,32.594000000,fixed_trajectory,5,0,2089,2087,0.101242732000,0.098174770425,76,7.6,27,1,2693,2694,0.961805954004,0.963339934792,75,7.5,25,0,2569,2564,0.783864182610,0.776194278670,76,7.6,27,1,2612,2609,0.822213702307,0.817611759943,75,7.5,27,0,2073,2074,0.010737865515,0.012271846303,76,7.6,26,0
526,2026-09-05T05:36:18.589491+00:00,175339828000000,175339859000000,32.641000000,fixed_trajectory,5,0,2089,2087,0.101242732000,0.098174770425,76,7.6,27,1,2693,2694,0.961805954004,0.963339934792,75,7.5,25,0,2569,2564,0.783864182610,0.776194278670,76,7.6,27,1,2612,2608,0.822213702307,0.816077779155,75,7.5,27,1,2073,2074,0.010737865515,0.012271846303,75,7.5,26,0
527,2026-09-05T05:36:18.636183+00:00,175339875000000,175339906000000,32.688000000,fixed_trajectory,5,0,2089,2087,0.101242732000,0.098174770425,76,7.6,27,1,2693,2695,0.961805954004,0.964873915580,75,7.5,25,0,2569,2563,0.783864182610,0.774660297882,76,7.6,27,1,2612,2607,0.822213702307,0.814543798367,75,7.5,27,1,2073,2074,0.010737865515,0.012271846303,75,7.5,26,0
528,2026-09-05T05:36:18.688699+00:00,175339921000000,175339968000000,32.750000000,fixed_trajectory,5,0,2089,2087,0.101242732000,0.098174770425,76,7.6,27,1,2693,2695,0.961805954004,0.964873915580,75,7.5,26,1,2569,2563,0.783864182610,0.774660297882,76,7.6,27,0,2612,2606,0.822213702307,0.813009817579,75,7.5,27,1,2073,2074,0.010737865515,0.012271846303,76,7.6,26,0
529,2026-09-05T05:36:18.742320+00:00,175339984000000,175340015000000,32.797000000,fixed_trajectory,5,0,2089,2087,0.101242732000,0.098174770425,76,7.6,27,1,2693,2696,0.961805954004,0.966407896368,75,7.5,25,1,2569,2563,0.783864182610,0.774660297882,76,7.6,27,1,2612,2605,0.822213702307,0.811475836792,75,7.5,27,1,2073,2074,0.010737865515,0.012271846303,76,7.6,26,0
530,2026-09-05T05:36:18.798080+00:00,175340031000000,175340078000000,32.860000000,fixed_trajectory,5,0,2089,2087,0.101242732000,0.098174770425,76,7.6,27,1,2693,2696,0.961805954004,0.966407896368,75,7.5,25,0,2569,2563,0.783864182610,0.774660297882,76,7.6,27,1,2609,2604,0.817611759943,0.809941856004,75,7.5,27,1,2073,2074,0.010737865515,0.012271846303,76,7.6,26,0
531,2026-09-05T05:36:18.853128+00:00,175340093000000,175340125000000,32.907000000,fixed_trajectory,5,0,2089,2087,0.101242732000,0.098174770425,76,7.6,27,0,2693,2697,0.961805954004,0.967941877156,75,7.5,26,1,2569,2562,0.783864182610,0.773126317094,76,7.6,27,1,2609,2603,0.817611759943,0.808407875216,75,7.5,27,1,2073,2074,0.010737865515,0.012271846303,75,7.5,26,0
532,2026-09-05T05:36:18.914836+00:00,175340156000000,175340187000000,32.969000000,fixed_trajectory,5,0,2089,2087,0.101242732000,0.098174770425,76,7.6,27,1,2693,2697,0.961805954004,0.967941877156,75,7.5,25,0,2569,2562,0.783864182610,0.773126317094,76,7.6,27,1,2609,2602,0.817611759943,0.806873894428,75,7.5,27,0,2073,2074,0.010737865515,0.012271846303,75,7.5,26,0
533,2026-09-05T05:36:18.968622+00:00,175340203000000,175340250000000,33.032000000,fixed_trajectory,5,0,2089,2087,0.101242732000,0.098174770425,76,7.6,27,1,2693,2698,0.961805954004,0.969475857944,75,7.5,26,0,2569,2562,0.783864182610,0.773126317094,76,7.6,27,1,2609,2601,0.817611759943,0.805339913640,75,7.5,27,1,2073,2074,0.010737865515,0.012271846303,75,7.5,26,0
534,2026-09-05T05:36:19.023600+00:00,175340265000000,175340296000000,33.078000000,fixed_trajectory,5,0,2089,2087,0.101242732000,0.098174770425,76,7.6,27,0,2693,2698,0.961805954004,0.969475857944,75,7.5,25,1,2569,2562,0.783864182610,0.773126317094,76,7.6,27,1,2607,2600,0.814543798367,0.803805932852,75,7.5,27,1,2073,2074,0.010737865515,0.012271846303,76,7.6,26,0
535,2026-09-05T05:36:19.078828+00:00,175340312000000,175340359000000,33.141000000,fixed_trajectory,5,0,2089,2087,0.101242732000,0.098174770425,76,7.6,27,1,2693,2699,0.961805954004,0.971009838732,75,7.5,25,1,2569,2561,0.783864182610,0.771592336306,76,7.6,27,2,2604,2599,0.809941856004,0.802271952064,75,7.5,27,1,2073,2074,0.010737865515,0.012271846303,76,7.6,26,0
536,2026-09-05T05:36:19.135086+00:00,175340375000000,175340406000000,33.188000000,fixed_trajectory,5,0,2089,2087,0.101242732000,0.098174770425,76,7.6,27,1,2694,2699,0.963339934792,0.971009838732,75,7.5,25,1,2569,2561,0.783864182610,0.771592336306,76,7.6,27,1,2602,2598,0.806873894428,0.800737971276,75,7.5,27,1,2073,2074,0.010737865515,0.012271846303,75,7.5,26,0
537,2026-09-05T05:36:19.177476+00:00,175340421000000,175340453000000,33.235000000,fixed_trajectory,5,0,2089,2087,0.101242732000,0.098174770425,76,7.6,27,1,2695,2700,0.964873915580,0.972543819519,75,7.5,25,1,2569,2561,0.783864182610,0.771592336306,76,7.6,27,2,2602,2597,0.806873894428,0.799203990488,75,7.5,27,1,2073,2074,0.010737865515,0.012271846303,75,7.5,26,0
538,2026-09-05T05:36:19.236895+00:00,175340468000000,175340515000000,33.297000000,fixed_trajectory,5,0,2089,2087,0.101242732000,0.098174770425,76,7.6,27,1,2695,2700,0.964873915580,0.972543819519,75,7.5,25,1,2569,2561,0.783864182610,0.771592336306,76,7.6,27,1,2600,2596,0.803805932852,0.797670009701,75,7.5,27,0,2073,2074,0.010737865515,0.012271846303,75,7.5,26,0
539,2026-09-05T05:36:19.286430+00:00,175340531000000,175340562000000,33.344000000,fixed_trajectory,5,0,2089,2087,0.101242732000,0.098174770425,76,7.6,27,0,2695,2701,0.964873915580,0.974077800307,75,7.5,25,1,2569,2560,0.783864182610,0.770058355519,76,7.6,27,1,2599,2595,0.802271952064,0.796136028913,75,7.5,27,1,2073,2074,0.010737865515,0.012271846303,75,7.5,26,0
540,2026-09-05T05:36:19.344929+00:00,175340578000000,175340625000000,33.407000000,online_observation,5,0,2089,2087,0.101242732000,0.098174770425,76,7.6,27,0,2696,2701,0.966407896368,0.974077800307,75,7.5,25,1,2567,2560,0.780796221034,0.770058355519,76,7.6,27,0,2599,2594,0.802271952064,0.794602048125,75,7.5,27,0,2073,2074,0.010737865515,0.012271846303,75,7.5,26,0
541,2026-09-05T05:36:19.396508+00:00,175340640000000,175340671000000,33.453000000,online_observation,5,0,2089,2087,0.101242732000,0.098174770425,76,7.6,27,1,2697,2701,0.967941877156,0.974077800307,75,7.5,25,0,2565,2560,0.777728259458,0.770058355519,76,7.6,27,1,2599,2594,0.802271952064,0.794602048125,75,7.5,27,1,2073,2074,0.010737865515,0.012271846303,76,7.6,26,0
542,2026-09-05T05:36:19.469127+00:00,175340703000000,175340750000000,33.532000000,online_observation,5,0,2089,2087,0.101242732000,0.098174770425,76,7.6,27,1,2697,2701,0.967941877156,0.974077800307,75,7.5,26,1,2565,2560,0.777728259458,0.770058355519,76,7.6,27,2,2599,2594,0.802271952064,0.794602048125,75,7.5,27,1,2073,2074,0.010737865515,0.012271846303,76,7.6,26,0
543,2026-09-05T05:36:19.538252+00:00,175340765000000,175340812000000,33.594000000,online_observation,5,0,2089,2087,0.101242732000,0.098174770425,76,7.6,27,0,2697,2701,0.967941877156,0.974077800307,75,7.5,26,1,2565,2560,0.777728259458,0.770058355519,76,7.6,27,1,2599,2594,0.802271952064,0.794602048125,75,7.5,27,0,2073,2074,0.010737865515,0.012271846303,76,7.6,26,0
544,2026-09-05T05:36:19.584560+00:00,175340828000000,175340859000000,33.641000000,online_observation,5,0,2089,2087,0.101242732000,0.098174770425,76,7.6,27,0,2697,2701,0.967941877156,0.974077800307,75,7.5,25,0,2565,2560,0.777728259458,0.770058355519,76,7.6,27,1,2599,2594,0.802271952064,0.794602048125,75,7.5,27,1,2073,2074,0.010737865515,0.012271846303,75,7.5,26,0
545,2026-09-05T05:36:19.645543+00:00,175340875000000,175340921000000,33.703000000,online_observation,5,0,2089,2087,0.101242732000,0.098174770425,76,7.6,27,1,2697,2701,0.967941877156,0.974077800307,75,7.5,25,0,2565,2560,0.777728259458,0.770058355519,76,7.6,27,1,2599,2594,0.802271952064,0.794602048125,75,7.5,27,1,2073,2074,0.010737865515,0.012271846303,76,7.6,26,0
546,2026-09-05T05:36:19.710059+00:00,175340937000000,175340984000000,33.766000000,online_inference,6,0,2089,2087,0.101242732000,0.098174770425,76,7.6,27,1,2697,2701,0.967941877156,0.974077800307,75,7.5,25,1,2565,2560,0.777728259458,0.770058355519,76,7.6,27,1,2599,2594,0.802271952064,0.794602048125,75,7.5,27,1,2073,2074,0.010737865515,0.012271846303,76,7.6,26,0
547,2026-09-05T05:36:19.793080+00:00,175341000000000,175341062000000,33.844000000,online_inference,6,0,2089,2087,0.101242732000,0.098174770425,76,7.6,27,1,2697,2701,0.967941877156,0.974077800307,75,7.5,25,1,2565,2560,0.777728259458,0.770058355519,76,7.6,27,1,2599,2594,0.802271952064,0.794602048125,75,7.5,27,1,2073,2074,0.010737865515,0.012271846303,76,7.6,26,0
548,2026-09-05T05:36:19.872589+00:00,175341078000000,175341140000000,33.922000000,online_inference,6,0,2089,2087,0.101242732000,0.098174770425,76,7.6,27,1,2697,2701,0.967941877156,0.974077800307,75,7.5,26,1,2565,2560,0.777728259458,0.770058355519,76,7.6,27,0,2599,2594,0.802271952064,0.794602048125,75,7.5,27,1,2073,2074,0.010737865515,0.012271846303,75,7.5,26,0
549,2026-09-05T05:36:19.940690+00:00,175341156000000,175341218000000,34.000000000,online_inference,6,0,2089,2087,0.101242732000,0.098174770425,76,7.6,27,1,2697,2701,0.967941877156,0.974077800307,75,7.5,26,1,2565,2560,0.777728259458,0.770058355519,76,7.6,27,1,2598,2594,0.800737971276,0.794602048125,75,7.5,27,0,2073,2074,0.010737865515,0.012271846303,75,7.5,26,0
550,2026-09-05T05:36:20.035582+00:00,175341250000000,175341312000000,34.094000000,online_inference,6,0,2089,2087,0.101242732000,0.098174770425,76,7.6,27,1,2697,2701,0.967941877156,0.974077800307,75,7.5,25,1,2565,2560,0.777728259458,0.770058355519,76,7.6,27,1,2598,2594,0.800737971276,0.794602048125,75,7.5,27,0,2073,2074,0.010737865515,0.012271846303,76,7.6,26,0
551,2026-09-05T05:36:20.103470+00:00,175341328000000,175341375000000,34.157000000,online_inference,6,0,2089,2087,0.101242732000,0.098174770425,76,7.6,27,0,2697,2701,0.967941877156,0.974077800307,75,7.5,25,0,2563,2560,0.774660297882,0.770058355519,76,7.6,27,0,2598,2594,0.800737971276,0.794602048125,75,7.5,27,1,2073,2074,0.010737865515,0.012271846303,76,7.6,26,0
552,2026-09-05T05:36:20.176867+00:00,175341390000000,175341453000000,34.235000000,online_inference,6,0,2089,2087,0.101242732000,0.098174770425,76,7.6,27,1,2697,2701,0.967941877156,0.974077800307,75,7.5,25,0,2563,2560,0.774660297882,0.770058355519,76,7.6,27,0,2598,2594,0.800737971276,0.794602048125,75,7.5,27,1,2073,2074,0.010737865515,0.012271846303,76,7.6,26,0
553,2026-09-05T05:36:20.249766+00:00,175341468000000,175341531000000,34.313000000,online_inference,6,0,2089,2087,0.101242732000,0.098174770425,76,7.6,27,0,2697,2701,0.967941877156,0.974077800307,75,7.5,25,1,2563,2560,0.774660297882,0.770058355519,76,7.6,27,1,2598,2594,0.800737971276,0.794602048125,75,7.5,27,0,2073,2074,0.010737865515,0.012271846303,76,7.6,26,0
554,2026-09-05T05:36:20.321226+00:00,175341546000000,175341593000000,34.375000000,online_inference,6,0,2089,2087,0.101242732000,0.098174770425,76,7.6,27,0,2697,2701,0.967941877156,0.974077800307,75,7.5,25,1,2563,2560,0.774660297882,0.770058355519,76,7.6,27,1,2598,2594,0.800737971276,0.794602048125,75,7.5,27,0,2073,2074,0.010737865515,0.012271846303,76,7.6,26,0
555,2026-09-05T05:36:20.401933+00:00,175341609000000,175341671000000,34.453000000,online_inference,6,0,2089,2087,0.101242732000,0.098174770425,76,7.6,27,1,2697,2701,0.967941877156,0.974077800307,75,7.5,25,1,2563,2560,0.774660297882,0.770058355519,76,7.6,27,0,2598,2594,0.800737971276,0.794602048125,75,7.5,27,0,2073,2074,0.010737865515,0.012271846303,75,7.5,26,0
556,2026-09-05T05:36:20.462134+00:00,175341687000000,175341734000000,34.516000000,online_inference,6,0,2088,2087,0.099708751213,0.098174770425,76,7.6,27,0,2697,2701,0.967941877156,0.974077800307,75,7.5,25,0,2563,2560,0.774660297882,0.770058355519,76,7.6,27,0,2598,2594,0.800737971276,0.794602048125,75,7.5,27,0,2073,2074,0.010737865515,0.012271846303,75,7.5,26,0
557,2026-09-05T05:36:20.563524+00:00,175341781000000,175341843000000,34.625000000,online_inference,6,0,2088,2087,0.099708751213,0.098174770425,76,7.6,27,0,2697,2701,0.967941877156,0.974077800307,75,7.5,26,1,2563,2560,0.774660297882,0.770058355519,76,7.6,27,0,2598,2594,0.800737971276,0.794602048125,75,7.5,27,1,2073,2074,0.010737865515,0.012271846303,75,7.5,26,0
558,2026-09-05T05:36:20.648658+00:00,175341859000000,175341921000000,34.703000000,online_inference,6,0,2088,2087,0.099708751213,0.098174770425,76,7.6,27,0,2697,2701,0.967941877156,0.974077800307,75,7.5,25,0,2563,2560,0.774660297882,0.770058355519,76,7.6,27,1,2598,2594,0.800737971276,0.794602048125,75,7.5,27,1,2073,2074,0.010737865515,0.012271846303,75,7.5,26,0
559,2026-09-05T05:36:20.713345+00:00,175341937000000,175341984000000,34.766000000,online_inference,6,0,2088,2087,0.099708751213,0.098174770425,76,7.6,27,0,2697,2701,0.967941877156,0.974077800307,75,7.5,25,1,2563,2560,0.774660297882,0.770058355519,75,7.5,27,0,2598,2594,0.800737971276,0.794602048125,75,7.5,27,1,2073,2074,0.010737865515,0.012271846303,76,7.6,26,0
560,2026-09-05T05:36:20.784901+00:00,175342000000000,175342062000000,34.844000000,online_inference,6,0,2088,2087,0.099708751213,0.098174770425,76,7.6,27,0,2697,2701,0.967941877156,0.974077800307,75,7.5,25,1,2563,2560,0.774660297882,0.770058355519,76,7.6,27,1,2598,2594,0.800737971276,0.794602048125,75,7.5,27,1,2073,2074,0.010737865515,0.012271846303,75,7.5,26,0
561,2026-09-05T05:36:20.864591+00:00,175342078000000,175342140000000,34.922000000,online_inference,6,0,2088,2087,0.099708751213,0.098174770425,76,7.6,27,0,2697,2701,0.967941877156,0.974077800307,75,7.5,25,1,2563,2560,0.774660297882,0.770058355519,76,7.6,27,1,2598,2594,0.800737971276,0.794602048125,75,7.5,27,1,2073,2074,0.010737865515,0.012271846303,75,7.5,26,0
562,2026-09-05T05:36:20.934125+00:00,175342156000000,175342203000000,34.985000000,online_inference,6,0,2088,2087,0.099708751213,0.098174770425,76,7.6,27,0,2697,2701,0.967941877156,0.974077800307,75,7.5,25,1,2563,2560,0.774660297882,0.770058355519,76,7.6,27,0,2598,2594,0.800737971276,0.794602048125,75,7.5,27,1,2073,2074,0.010737865515,0.012271846303,75,7.5,26,0
563,2026-09-05T05:36:20.997505+00:00,175342218000000,175342265000000,35.047000000,online_inference,6,0,2088,2087,0.099708751213,0.098174770425,76,7.6,27,0,2697,2701,0.967941877156,0.974077800307,75,7.5,26,1,2563,2560,0.774660297882,0.770058355519,76,7.6,27,1,2598,2594,0.800737971276,0.794602048125,75,7.5,27,1,2073,2074,0.010737865515,0.012271846303,76,7.6,26,0
564,2026-09-05T05:36:21.091048+00:00,175342312000000,175342359000000,35.141000000,online_inference,6,0,2088,2087,0.099708751213,0.098174770425,76,7.6,27,0,2697,2701,0.967941877156,0.974077800307,75,7.5,25,1,2563,2560,0.774660297882,0.770058355519,76,7.6,27,1,2598,2594,0.800737971276,0.794602048125,75,7.5,27,1,2073,2074,0.010737865515,0.012271846303,75,7.5,26,0
565,2026-09-05T05:36:21.158397+00:00,175342375000000,175342437000000,35.219000000,online_inference,6,0,2088,2087,0.099708751213,0.098174770425,76,7.6,27,0,2697,2701,0.967941877156,0.974077800307,75,7.5,25,1,2563,2560,0.774660297882,0.770058355519,76,7.6,27,1,2598,2594,0.800737971276,0.794602048125,75,7.5,27,1,2073,2074,0.010737865515,0.012271846303,76,7.6,26,0
566,2026-09-05T05:36:21.238963+00:00,175342453000000,175342515000000,35.297000000,online_inference,6,0,2088,2087,0.099708751213,0.098174770425,76,7.6,27,0,2697,2701,0.967941877156,0.974077800307,75,7.5,26,1,2563,2560,0.774660297882,0.770058355519,76,7.6,27,1,2598,2594,0.800737971276,0.794602048125,75,7.5,27,1,2073,2074,0.010737865515,0.012271846303,76,7.6,26,0
567,2026-09-05T05:36:21.310653+00:00,175342531000000,175342578000000,35.360000000,online_inference,6,0,2088,2087,0.099708751213,0.098174770425,76,7.6,27,0,2697,2701,0.967941877156,0.974077800307,75,7.5,25,0,2563,2560,0.774660297882,0.770058355519,76,7.6,27,1,2598,2594,0.800737971276,0.794602048125,75,7.5,27,1,2073,2074,0.010737865515,0.012271846303,76,7.6,26,0
568,2026-09-05T05:36:21.372638+00:00,175342593000000,175342640000000,35.422000000,online_inference,6,0,2088,2087,0.099708751213,0.098174770425,76,7.6,27,0,2697,2701,0.967941877156,0.974077800307,75,7.5,26,1,2563,2560,0.774660297882,0.770058355519,76,7.6,27,0,2598,2594,0.800737971276,0.794602048125,75,7.5,27,0,2073,2074,0.010737865515,0.012271846303,75,7.5,26,0
569,2026-09-05T05:36:21.439005+00:00,175342656000000,175342718000000,35.500000000,online_inference,6,0,2088,2087,0.099708751213,0.098174770425,76,7.6,27,0,2697,2701,0.967941877156,0.974077800307,75,7.5,25,1,2563,2560,0.774660297882,0.770058355519,76,7.6,27,0,2598,2594,0.800737971276,0.794602048125,75,7.5,27,1,2073,2074,0.010737865515,0.012271846303,76,7.6,26,0
570,2026-09-05T05:36:21.513852+00:00,175342734000000,175342781000000,35.563000000,online_inference,6,0,2088,2087,0.099708751213,0.098174770425,76,7.6,27,0,2697,2701,0.967941877156,0.974077800307,75,7.5,25,1,2563,2560,0.774660297882,0.770058355519,76,7.6,27,0,2598,2594,0.800737971276,0.794602048125,75,7.5,27,1,2073,2074,0.010737865515,0.012271846303,75,7.5,26,0
571,2026-09-05T05:36:21.586247+00:00,175342796000000,175342859000000,35.641000000,online_inference,6,0,2088,2087,0.099708751213,0.098174770425,76,7.6,27,0,2697,2701,0.967941877156,0.974077800307,75,7.5,25,1,2563,2560,0.774660297882,0.770058355519,76,7.6,27,1,2598,2594,0.800737971276,0.794602048125,75,7.5,27,1,2073,2074,0.010737865515,0.012271846303,75,7.5,26,0
572,2026-09-05T05:36:21.677317+00:00,175342890000000,175342953000000,35.735000000,online_inference,6,0,2088,2087,0.099708751213,0.098174770425,76,7.6,27,0,2697,2701,0.967941877156,0.974077800307,75,7.5,25,1,2563,2560,0.774660297882,0.770058355519,76,7.6,27,1,2598,2594,0.800737971276,0.794602048125,75,7.5,27,1,2073,2074,0.010737865515,0.012271846303,76,7.6,26,0
573,2026-09-05T05:36:21.738184+00:00,175342968000000,175343015000000,35.797000000,online_inference,6,0,2088,2087,0.099708751213,0.098174770425,76,7.6,27,0,2697,2701,0.967941877156,0.974077800307,75,7.5,25,1,2563,2560,0.774660297882,0.770058355519,76,7.6,27,0,2598,2594,0.800737971276,0.794602048125,75,7.5,27,1,2073,2074,0.010737865515,0.012271846303,76,7.6,26,0
574,2026-09-05T05:36:21.824717+00:00,175343031000000,175343093000000,35.875000000,online_inference,6,0,2088,2087,0.099708751213,0.098174770425,76,7.6,27,0,2697,2701,0.967941877156,0.974077800307,75,7.5,25,1,2563,2560,0.774660297882,0.770058355519,76,7.6,27,0,2598,2594,0.800737971276,0.794602048125,75,7.5,27,1,2073,2074,0.010737865515,0.012271846303,76,7.6,26,0
575,2026-09-05T05:36:21.889048+00:00,175343109000000,175343171000000,35.953000000,online_inference,6,0,2088,2087,0.099708751213,0.098174770425,76,7.6,27,0,2697,2701,0.967941877156,0.974077800307,75,7.5,26,1,2563,2560,0.774660297882,0.770058355519,76,7.6,27,0,2598,2594,0.800737971276,0.794602048125,75,7.5,27,0,2073,2074,0.010737865515,0.012271846303,75,7.5,26,0
576,2026-09-05T05:36:21.965673+00:00,175343187000000,175343234000000,36.016000000,online_inference,6,0,2088,2087,0.099708751213,0.098174770425,76,7.6,27,0,2697,2701,0.967941877156,0.974077800307,75,7.5,25,1,2563,2560,0.774660297882,0.770058355519,75,7.5,27,1,2598,2594,0.800737971276,0.794602048125,75,7.5,27,1,2073,2074,0.010737865515,0.012271846303,76,7.6,26,1
577,2026-09-05T05:36:22.026418+00:00,175343250000000,175343296000000,36.078000000,online_inference,6,0,2088,2087,0.099708751213,0.098174770425,76,7.6,27,0,2697,2701,0.967941877156,0.974077800307,75,7.5,25,1,2563,2560,0.774660297882,0.770058355519,76,7.6,27,1,2598,2594,0.800737971276,0.794602048125,75,7.5,27,1,2073,2074,0.010737865515,0.012271846303,75,7.5,26,0
578,2026-09-05T05:36:22.091657+00:00,175343312000000,175343359000000,36.141000000,online_inference,6,0,2088,2087,0.099708751213,0.098174770425,76,7.6,27,0,2697,2701,0.967941877156,0.974077800307,75,7.5,25,0,2563,2560,0.774660297882,0.770058355519,76,7.6,27,1,2598,2594,0.800737971276,0.794602048125,75,7.5,27,1,2073,2074,0.010737865515,0.012271846303,75,7.5,26,0
579,2026-09-05T05:36:22.217000+00:00,175343421000000,175343484000000,36.266000000,online_inference,6,0,2088,2087,0.099708751213,0.098174770425,76,7.6,27,0,2697,2701,0.967941877156,0.974077800307,75,7.5,25,1,2563,2560,0.774660297882,0.770058355519,76,7.6,27,1,2598,2594,0.800737971276,0.794602048125,75,7.5,27,1,2073,2074,0.010737865515,0.012271846303,76,7.6,26,0
580,2026-09-05T05:36:22.285530+00:00,175343500000000,175343562000000,36.344000000,online_inference,6,0,2088,2087,0.099708751213,0.098174770425,76,7.6,27,0,2697,2701,0.967941877156,0.974077800307,75,7.5,25,0,2563,2560,0.774660297882,0.770058355519,76,7.6,27,1,2598,2594,0.800737971276,0.794602048125,75,7.5,27,1,2073,2074,0.010737865515,0.012271846303,75,7.5,26,0
581,2026-09-05T05:36:22.357021+00:00,175343578000000,175343625000000,36.407000000,online_inference,6,0,2088,2087,0.099708751213,0.098174770425,76,7.6,27,0,2697,2701,0.967941877156,0.974077800307,75,7.5,26,1,2563,2560,0.774660297882,0.770058355519,76,7.6,27,1,2598,2594,0.800737971276,0.794602048125,75,7.5,27,1,2073,2074,0.010737865515,0.012271846303,75,7.5,26,0
582,2026-09-05T05:36:22.422797+00:00,175343640000000,175343703000000,36.485000000,online_inference,6,0,2088,2087,0.099708751213,0.098174770425,76,7.6,27,0,2697,2701,0.967941877156,0.974077800307,75,7.5,26,1,2563,2560,0.774660297882,0.770058355519,76,7.6,27,1,2598,2594,0.800737971276,0.794602048125,75,7.5,27,1,2073,2074,0.010737865515,0.012271846303,76,7.6,26,0
583,2026-09-05T05:36:22.494912+00:00,175343718000000,175343765000000,36.547000000,online_inference,6,0,2088,2087,0.099708751213,0.098174770425,76,7.6,27,0,2697,2701,0.967941877156,0.974077800307,75,7.5,25,0,2563,2560,0.774660297882,0.770058355519,76,7.6,27,1,2598,2594,0.800737971276,0.794602048125,75,7.5,27,0,2073,2074,0.010737865515,0.012271846303,75,7.5,26,0
584,2026-09-05T05:36:22.559604+00:00,175343781000000,175343828000000,36.610000000,online_inference,6,0,2088,2087,0.099708751213,0.098174770425,76,7.6,27,0,2697,2701,0.967941877156,0.974077800307,75,7.5,25,1,2563,2560,0.774660297882,0.770058355519,76,7.6,27,1,2598,2594,0.800737971276,0.794602048125,75,7.5,27,1,2073,2074,0.010737865515,0.012271846303,76,7.6,26,0
585,2026-09-05T05:36:22.630573+00:00,175343843000000,175343906000000,36.688000000,online_inference,6,0,2088,2087,0.099708751213,0.098174770425,76,7.6,27,0,2697,2701,0.967941877156,0.974077800307,75,7.5,25,0,2563,2560,0.774660297882,0.770058355519,76,7.6,27,0,2598,2594,0.800737971276,0.794602048125,75,7.5,27,1,2073,2074,0.010737865515,0.012271846303,76,7.6,26,0
586,2026-09-05T05:36:22.731551+00:00,175343937000000,175344000000000,36.782000000,online_inference,6,0,2088,2087,0.099708751213,0.098174770425,76,7.6,27,0,2697,2701,0.967941877156,0.974077800307,75,7.5,25,1,2563,2560,0.774660297882,0.770058355519,76,7.6,27,1,2598,2594,0.800737971276,0.794602048125,75,7.5,27,1,2073,2074,0.010737865515,0.012271846303,76,7.6,26,0
587,2026-09-05T05:36:22.798185+00:00,175344015000000,175344078000000,36.860000000,online_inference,6,0,2088,2087,0.099708751213,0.098174770425,76,7.6,27,0,2697,2701,0.967941877156,0.974077800307,75,7.5,25,1,2563,2560,0.774660297882,0.770058355519,76,7.6,27,0,2598,2594,0.800737971276,0.794602048125,75,7.5,27,1,2073,2074,0.010737865515,0.012271846303,76,7.6,26,0
588,2026-09-05T05:36:22.884368+00:00,175344093000000,175344156000000,36.938000000,online_inference,6,0,2088,2087,0.099708751213,0.098174770425,76,7.6,27,0,2697,2701,0.967941877156,0.974077800307,75,7.5,25,1,2563,2560,0.774660297882,0.770058355519,76,7.6,27,1,2598,2594,0.800737971276,0.794602048125,75,7.5,27,1,2073,2074,0.010737865515,0.012271846303,75,7.5,26,0
589,2026-09-05T05:36:22.946731+00:00,175344171000000,175344218000000,37.000000000,online_inference,6,0,2088,2087,0.099708751213,0.098174770425,76,7.6,27,0,2697,2701,0.967941877156,0.974077800307,75,7.5,25,0,2563,2560,0.774660297882,0.770058355519,76,7.6,27,0,2598,2594,0.800737971276,0.794602048125,75,7.5,27,1,2073,2074,0.010737865515,0.012271846303,76,7.6,26,0
590,2026-09-05T05:36:23.017076+00:00,175344234000000,175344296000000,37.078000000,online_inference,6,0,2088,2087,0.099708751213,0.098174770425,76,7.6,27,0,2697,2701,0.967941877156,0.974077800307,75,7.5,25,1,2563,2560,0.774660297882,0.770058355519,76,7.6,27,0,2598,2594,0.800737971276,0.794602048125,75,7.5,27,1,2073,2074,0.010737865515,0.012271846303,75,7.5,26,0
591,2026-09-05T05:36:23.092541+00:00,175344312000000,175344375000000,37.157000000,online_inference,6,0,2088,2087,0.099708751213,0.098174770425,76,7.6,27,0,2697,2701,0.967941877156,0.974077800307,75,7.5,25,1,2563,2560,0.774660297882,0.770058355519,76,7.6,27,1,2598,2594,0.800737971276,0.794602048125,75,7.5,27,1,2073,2074,0.010737865515,0.012271846303,76,7.6,26,0
592,2026-09-05T05:36:23.160941+00:00,175344390000000,175344437000000,37.219000000,online_inference,6,0,2088,2087,0.099708751213,0.098174770425,76,7.6,27,0,2697,2701,0.967941877156,0.974077800307,75,7.5,26,0,2563,2560,0.774660297882,0.770058355519,76,7.6,27,1,2598,2594,0.800737971276,0.794602048125,75,7.5,27,0,2073,2074,0.010737865515,0.012271846303,75,7.5,26,0
593,2026-09-05T05:36:23.261983+00:00,175344468000000,175344531000000,37.313000000,online_inference,6,0,2088,2087,0.099708751213,0.098174770425,76,7.6,27,0,2697,2701,0.967941877156,0.974077800307,75,7.5,25,0,2563,2560,0.774660297882,0.770058355519,76,7.6,27,1,2598,2594,0.800737971276,0.794602048125,75,7.5,27,0,2073,2074,0.010737865515,0.012271846303,76,7.6,26,0
594,2026-09-05T05:36:23.321178+00:00,175344546000000,175344593000000,37.375000000,online_inference,6,0,2088,2087,0.099708751213,0.098174770425,76,7.6,27,0,2697,2701,0.967941877156,0.974077800307,75,7.5,25,1,2563,2560,0.774660297882,0.770058355519,76,7.6,27,0,2598,2594,0.800737971276,0.794602048125,75,7.5,27,1,2073,2074,0.010737865515,0.012271846303,75,7.5,26,0
595,2026-09-05T05:36:23.384734+00:00,175344609000000,175344656000000,37.438000000,online_inference,6,0,2088,2087,0.099708751213,0.098174770425,76,7.6,27,0,2697,2701,0.967941877156,0.974077800307,75,7.5,25,1,2563,2560,0.774660297882,0.770058355519,76,7.6,27,1,2598,2594,0.800737971276,0.794602048125,75,7.5,27,1,2073,2074,0.010737865515,0.012271846303,75,7.5,26,0
596,2026-09-05T05:36:23.454104+00:00,175344671000000,175344734000000,37.516000000,online_inference,6,0,2088,2087,0.099708751213,0.098174770425,76,7.6,27,0,2697,2701,0.967941877156,0.974077800307,75,7.5,26,1,2563,2560,0.774660297882,0.770058355519,76,7.6,27,1,2598,2594,0.800737971276,0.794602048125,75,7.5,27,1,2073,2074,0.010737865515,0.012271846303,75,7.5,26,0
597,2026-09-05T05:36:23.514637+00:00,175344750000000,175344796000000,37.578000000,online_inference,6,0,2088,2087,0.099708751213,0.098174770425,76,7.6,27,0,2697,2701,0.967941877156,0.974077800307,75,7.5,25,1,2563,2560,0.774660297882,0.770058355519,76,7.6,27,0,2598,2594,0.800737971276,0.794602048125,75,7.5,27,1,2073,2074,0.010737865515,0.012271846303,75,7.5,26,0
598,2026-09-05T05:36:23.593530+00:00,175344812000000,175344875000000,37.657000000,online_inference,6,0,2088,2087,0.099708751213,0.098174770425,76,7.6,27,0,2697,2701,0.967941877156,0.974077800307,75,7.5,25,0,2563,2560,0.774660297882,0.770058355519,76,7.6,27,1,2598,2594,0.800737971276,0.794602048125,75,7.5,27,1,2073,2074,0.010737865515,0.012271846303,76,7.6,26,0
599,2026-09-05T05:36:23.672734+00:00,175344890000000,175344953000000,37.735000000,online_inference,6,0,2088,2087,0.099708751213,0.098174770425,76,7.6,27,0,2697,2701,0.967941877156,0.974077800307,75,7.5,25,1,2563,2560,0.774660297882,0.770058355519,76,7.6,27,1,2598,2594,0.800737971276,0.794602048125,75,7.5,27,1,2073,2074,0.010737865515,0.012271846303,76,7.6,26,0
600,2026-09-05T05:36:23.775181+00:00,175344984000000,175345046000000,37.828000000,online_inference,6,0,2088,2087,0.099708751213,0.098174770425,76,7.6,27,0,2697,2701,0.967941877156,0.974077800307,75,7.5,25,0,2563,2560,0.774660297882,0.770058355519,76,7.6,27,1,2598,2594,0.800737971276,0.794602048125,75,7.5,27,1,2073,2074,0.010737865515,0.012271846303,76,7.6,26,0
601,2026-09-05T05:36:23.829451+00:00,175345062000000,175345109000000,37.891000000,online_inference,6,0,2088,2087,0.099708751213,0.098174770425,76,7.6,27,0,2697,2701,0.967941877156,0.974077800307,75,7.5,26,1,2563,2560,0.774660297882,0.770058355519,76,7.6,27,1,2598,2594,0.800737971276,0.794602048125,75,7.5,27,0,2073,2074,0.010737865515,0.012271846303,76,7.6,26,0
602,2026-09-05T05:36:23.895506+00:00,175345125000000,175345171000000,37.953000000,online_inference,6,0,2088,2087,0.099708751213,0.098174770425,76,7.6,27,0,2697,2701,0.967941877156,0.974077800307,75,7.5,26,1,2563,2560,0.774660297882,0.770058355519,76,7.6,27,0,2598,2594,0.800737971276,0.794602048125,75,7.5,27,1,2073,2074,0.010737865515,0.012271846303,75,7.5,26,0
603,2026-09-05T05:36:23.970233+00:00,175345187000000,175345250000000,38.032000000,online_inference,6,0,2088,2087,0.099708751213,0.098174770425,76,7.6,27,0,2697,2701,0.967941877156,0.974077800307,75,7.5,25,0,2563,2560,0.774660297882,0.770058355519,76,7.6,27,0,2598,2594,0.800737971276,0.794602048125,75,7.5,27,1,2073,2074,0.010737865515,0.012271846303,75,7.5,26,0
604,2026-09-05T05:36:24.042068+00:00,175345265000000,175345312000000,38.094000000,online_inference,6,0,2088,2087,0.099708751213,0.098174770425,76,7.6,27,0,2697,2701,0.967941877156,0.974077800307,75,7.5,25,1,2563,2560,0.774660297882,0.770058355519,76,7.6,27,1,2598,2594,0.800737971276,0.794602048125,75,7.5,27,1,2073,2074,0.010737865515,0.012271846303,75,7.5,26,0
605,2026-09-05T05:36:24.091820+00:00,175345328000000,175345359000000,38.141000000,online_inference,6,0,2088,2087,0.099708751213,0.098174770425,76,7.6,27,0,2697,2701,0.967941877156,0.974077800307,75,7.5,25,1,2563,2560,0.774660297882,0.770058355519,76,7.6,27,1,2598,2594,0.800737971276,0.794602048125,75,7.5,27,1,2073,2074,0.010737865515,0.012271846303,76,7.6,26,0
606,2026-09-05T05:36:24.156843+00:00,175345375000000,175345437000000,38.219000000,online_inference,6,0,2088,2087,0.099708751213,0.098174770425,76,7.6,27,0,2697,2701,0.967941877156,0.974077800307,75,7.5,26,1,2563,2560,0.774660297882,0.770058355519,76,7.6,27,1,2598,2594,0.800737971276,0.794602048125,75,7.5,27,1,2073,2074,0.010737865515,0.012271846303,75,7.5,26,0
607,2026-09-05T05:36:24.233619+00:00,175345453000000,175345500000000,38.297000000,online_inference,6,0,2088,2087,0.099708751213,0.098174770425,76,7.6,27,0,2697,2701,0.967941877156,0.974077800307,75,7.5,25,1,2563,2560,0.774660297882,0.770058355519,76,7.6,27,1,2598,2594,0.800737971276,0.794602048125,75,7.5,27,1,2073,2074,0.010737865515,0.012271846303,76,7.6,26,0
608,2026-09-05T05:36:24.314275+00:00,175345531000000,175345593000000,38.375000000,online_inference,6,0,2088,2087,0.099708751213,0.098174770425,76,7.6,27,0,2697,2701,0.967941877156,0.974077800307,75,7.5,25,0,2563,2560,0.774660297882,0.770058355519,76,7.6,27,1,2598,2594,0.800737971276,0.794602048125,75,7.5,27,1,2073,2074,0.010737865515,0.012271846303,76,7.6,26,0
609,2026-09-05T05:36:24.392246+00:00,175345609000000,175345671000000,38.453000000,online_inference,6,0,2088,2087,0.099708751213,0.098174770425,76,7.6,27,0,2697,2701,0.967941877156,0.974077800307,75,7.5,26,0,2563,2560,0.774660297882,0.770058355519,76,7.6,27,1,2598,2594,0.800737971276,0.794602048125,75,7.5,27,1,2073,2074,0.010737865515,0.012271846303,75,7.5,26,0
610,2026-09-05T05:36:24.460639+00:00,175345687000000,175345734000000,38.516000000,online_inference,6,0,2088,2087,0.099708751213,0.098174770425,76,7.6,27,0,2697,2701,0.967941877156,0.974077800307,75,7.5,25,1,2563,2560,0.774660297882,0.770058355519,76,7.6,27,0,2598,2594,0.800737971276,0.794602048125,75,7.5,26,1,2073,2074,0.010737865515,0.012271846303,76,7.6,26,0
611,2026-09-05T05:36:24.523584+00:00,175345750000000,175345796000000,38.578000000,online_inference,6,0,2088,2087,0.099708751213,0.098174770425,76,7.6,27,0,2697,2701,0.967941877156,0.974077800307,75,7.5,25,0,2563,2560,0.774660297882,0.770058355519,76,7.6,27,1,2598,2594,0.800737971276,0.794602048125,75,7.5,27,1,2073,2074,0.010737865515,0.012271846303,75,7.5,26,0
612,2026-09-05T05:36:24.606332+00:00,175345812000000,175345875000000,38.657000000,online_inference,6,0,2088,2087,0.099708751213,0.098174770425,76,7.6,27,0,2697,2701,0.967941877156,0.974077800307,75,7.5,25,1,2563,2560,0.774660297882,0.770058355519,76,7.6,27,1,2598,2594,0.800737971276,0.794602048125,75,7.5,27,1,2073,2074,0.010737865515,0.012271846303,75,7.5,26,0
613,2026-09-05T05:36:24.664981+00:00,175345890000000,175345937000000,38.719000000,online_inference,6,0,2088,2087,0.099708751213,0.098174770425,76,7.6,27,0,2697,2701,0.967941877156,0.974077800307,75,7.5,25,1,2563,2560,0.774660297882,0.770058355519,76,7.6,27,0,2598,2594,0.800737971276,0.794602048125,75,7.5,27,1,2073,2074,0.010737865515,0.012271846303,76,7.6,26,0
614,2026-09-05T05:36:24.740086+00:00,175345953000000,175346015000000,38.797000000,online_inference,6,0,2088,2087,0.099708751213,0.098174770425,76,7.6,27,0,2697,2701,0.967941877156,0.974077800307,75,7.5,26,0,2563,2560,0.774660297882,0.770058355519,76,7.6,27,1,2598,2594,0.800737971276,0.794602048125,75,7.5,27,0,2073,2074,0.010737865515,0.012271846303,76,7.6,26,0
615,2026-09-05T05:36:24.847485+00:00,175346062000000,175346125000000,38.907000000,online_inference,6,0,2088,2087,0.099708751213,0.098174770425,76,7.6,27,0,2697,2701,0.967941877156,0.974077800307,75,7.5,25,1,2563,2560,0.774660297882,0.770058355519,76,7.6,27,1,2598,2594,0.800737971276,0.794602048125,75,7.5,27,1,2073,2074,0.010737865515,0.012271846303,76,7.6,26,0
616,2026-09-05T05:36:24.914277+00:00,175346140000000,175346187000000,38.969000000,online_inference,6,0,2088,2087,0.099708751213,0.098174770425,76,7.6,27,0,2697,2701,0.967941877156,0.974077800307,75,7.5,25,0,2563,2560,0.774660297882,0.770058355519,76,7.6,27,1,2598,2594,0.800737971276,0.794602048125,75,7.5,27,1,2073,2074,0.010737865515,0.012271846303,76,7.6,26,0
617,2026-09-05T05:36:24.990570+00:00,175346203000000,175346265000000,39.047000000,online_inference,6,0,2088,2087,0.099708751213,0.098174770425,76,7.6,27,0,2697,2701,0.967941877156,0.974077800307,75,7.5,25,1,2563,2560,0.774660297882,0.770058355519,76,7.6,27,1,2598,2594,0.800737971276,0.794602048125,75,7.5,27,1,2073,2074,0.010737865515,0.012271846303,75,7.5,26,0
618,2026-09-05T05:36:25.064172+00:00,175346281000000,175346343000000,39.125000000,online_inference,6,0,2088,2087,0.099708751213,0.098174770425,76,7.6,27,0,2697,2701,0.967941877156,0.974077800307,75,7.5,25,1,2563,2560,0.774660297882,0.770058355519,76,7.6,27,1,2598,2594,0.800737971276,0.794602048125,75,7.5,27,0,2073,2074,0.010737865515,0.012271846303,75,7.5,26,0
619,2026-09-05T05:36:25.130308+00:00,175346359000000,175346406000000,39.188000000,online_inference,6,0,2088,2087,0.099708751213,0.098174770425,76,7.6,27,0,2697,2701,0.967941877156,0.974077800307,75,7.5,25,1,2563,2560,0.774660297882,0.770058355519,76,7.6,27,0,2598,2594,0.800737971276,0.794602048125,75,7.5,27,1,2073,2074,0.010737865515,0.012271846303,75,7.5,26,0
620,2026-09-05T05:36:25.206531+00:00,175346421000000,175346484000000,39.266000000,online_inference,6,0,2088,2087,0.099708751213,0.098174770425,76,7.6,27,0,2697,2701,0.967941877156,0.974077800307,75,7.5,25,0,2563,2560,0.774660297882,0.770058355519,76,7.6,27,0,2598,2594,0.800737971276,0.794602048125,75,7.5,27,1,2073,2074,0.010737865515,0.012271846303,76,7.6,26,0
621,2026-09-05T05:36:25.276044+00:00,175346500000000,175346546000000,39.328000000,online_inference,6,0,2088,2087,0.099708751213,0.098174770425,76,7.6,27,0,2697,2701,0.967941877156,0.974077800307,75,7.5,25,0,2563,2560,0.774660297882,0.770058355519,76,7.6,27,1,2598,2594,0.800737971276,0.794602048125,75,7.5,27,1,2073,2074,0.010737865515,0.012271846303,75,7.5,26,0
622,2026-09-05T05:36:25.371106+00:00,175346593000000,175346640000000,39.422000000,online_inference,6,0,2088,2087,0.099708751213,0.098174770425,76,7.6,27,0,2697,2701,0.967941877156,0.974077800307,75,7.5,25,1,2563,2560,0.774660297882,0.770058355519,76,7.6,27,1,2598,2594,0.800737971276,0.794602048125,75,7.5,27,0,2073,2074,0.010737865515,0.012271846303,75,7.5,26,0
623,2026-09-05T05:36:25.443534+00:00,175346656000000,175346718000000,39.500000000,online_inference,6,0,2088,2087,0.099708751213,0.098174770425,76,7.6,27,0,2697,2701,0.967941877156,0.974077800307,75,7.5,26,1,2563,2560,0.774660297882,0.770058355519,76,7.6,27,0,2598,2594,0.800737971276,0.794602048125,75,7.5,27,1,2073,2074,0.010737865515,0.012271846303,76,7.6,26,0
624,2026-09-05T05:36:25.508769+00:00,175346734000000,175346781000000,39.563000000,online_inference,6,0,2088,2087,0.099708751213,0.098174770425,76,7.6,27,0,2697,2701,0.967941877156,0.974077800307,75,7.5,25,1,2563,2560,0.774660297882,0.770058355519,76,7.6,27,1,2598,2594,0.800737971276,0.794602048125,75,7.5,27,1,2073,2074,0.010737865515,0.012271846303,75,7.5,26,0
625,2026-09-05T05:36:25.575003+00:00,175346796000000,175346843000000,39.625000000,online_inference,6,0,2088,2087,0.099708751213,0.098174770425,76,7.6,27,0,2697,2701,0.967941877156,0.974077800307,75,7.5,25,1,2563,2560,0.774660297882,0.770058355519,76,7.6,27,1,2598,2594,0.800737971276,0.794602048125,75,7.5,27,0,2073,2074,0.010737865515,0.012271846303,76,7.6,26,0
626,2026-09-05T05:36:25.638191+00:00,175346859000000,175346906000000,39.688000000,online_inference,6,0,2088,2087,0.099708751213,0.098174770425,76,7.6,27,0,2697,2701,0.967941877156,0.974077800307,75,7.5,26,1,2563,2560,0.774660297882,0.770058355519,76,7.6,27,1,2598,2594,0.800737971276,0.794602048125,75,7.5,27,1,2073,2074,0.010737865515,0.012271846303,75,7.5,26,0
627,2026-09-05T05:36:25.684968+00:00,175346921000000,175346953000000,39.735000000,online_inference,6,0,2088,2087,0.099708751213,0.098174770425,76,7.6,27,0,2697,2701,0.967941877156,0.974077800307,75,7.5,25,1,2563,2560,0.774660297882,0.770058355519,76,7.6,27,1,2598,2594,0.800737971276,0.794602048125,75,7.5,27,1,2073,2074,0.010737865515,0.012271846303,76,7.6,26,0
628,2026-09-05T05:36:25.750667+00:00,175346968000000,175347031000000,39.813000000,online_archive,6,0,2088,2087,0.099708751213,0.098174770425,76,7.6,27,0,2697,2701,0.967941877156,0.974077800307,75,7.5,25,1,2563,2560,0.774660297882,0.770058355519,76,7.6,27,1,2598,2594,0.800737971276,0.794602048125,75,7.5,27,1,2073,2074,0.010737865515,0.012271846303,76,7.6,26,0
629,2026-09-05T05:36:25.813320+00:00,175347046000000,175347093000000,39.875000000,online_archive,6,0,2088,2087,0.099708751213,0.098174770425,76,7.6,27,0,2697,2701,0.967941877156,0.974077800307,75,7.5,25,1,2563,2560,0.774660297882,0.770058355519,76,7.6,27,1,2598,2594,0.800737971276,0.794602048125,75,7.5,27,1,2073,2074,0.010737865515,0.012271846303,75,7.5,26,0
630,2026-09-05T05:36:25.955614+00:00,175347187000000,175347234000000,40.016000000,fixed_trajectory,6,0,2088,2087,0.099708751213,0.098174770425,76,7.6,27,0,2697,2701,0.967941877156,0.974077800307,75,7.5,26,1,2563,2560,0.774660297882,0.770058355519,76,7.6,27,0,2598,2594,0.800737971276,0.794602048125,75,7.5,27,1,2073,2074,0.010737865515,0.012271846303,75,7.5,26,0
631,2026-09-05T05:36:26.020102+00:00,175347250000000,175347296000000,40.078000000,online_observation,6,0,2088,2087,0.099708751213,0.098174770425,76,7.6,27,0,2697,2701,0.967941877156,0.974077800307,75,7.5,26,1,2563,2560,0.774660297882,0.770058355519,76,7.6,27,1,2598,2594,0.800737971276,0.794602048125,75,7.5,27,0,2073,2074,0.010737865515,0.012271846303,75,7.5,26,0
632,2026-09-05T05:36:26.076703+00:00,175347312000000,175347359000000,40.141000000,online_observation,6,0,2088,2087,0.099708751213,0.098174770425,76,7.6,27,0,2697,2701,0.967941877156,0.974077800307,75,7.5,26,1,2563,2560,0.774660297882,0.770058355519,76,7.6,27,0,2598,2594,0.800737971276,0.794602048125,75,7.5,27,1,2073,2074,0.010737865515,0.012271846303,76,7.6,26,0
633,2026-09-05T05:36:26.136641+00:00,175347375000000,175347406000000,40.188000000,online_observation,6,0,2088,2087,0.099708751213,0.098174770425,76,7.6,27,0,2697,2701,0.967941877156,0.974077800307,75,7.5,25,1,2563,2560,0.774660297882,0.770058355519,76,7.6,27,0,2598,2594,0.800737971276,0.794602048125,75,7.5,27,1,2073,2074,0.010737865515,0.012271846303,75,7.5,26,0
634,2026-09-05T05:36:26.182819+00:00,175347421000000,175347453000000,40.235000000,online_observation,6,0,2088,2087,0.099708751213,0.098174770425,76,7.6,27,0,2697,2701,0.967941877156,0.974077800307,75,7.5,25,1,2563,2560,0.774660297882,0.770058355519,76,7.6,27,1,2598,2594,0.800737971276,0.794602048125,75,7.5,27,1,2073,2074,0.010737865515,0.012271846303,75,7.5,26,0
635,2026-09-05T05:36:26.231660+00:00,175347468000000,175347500000000,40.282000000,online_observation,6,0,2088,2087,0.099708751213,0.098174770425,76,7.6,27,0,2697,2701,0.967941877156,0.974077800307,75,7.5,26,1,2563,2560,0.774660297882,0.770058355519,76,7.6,27,1,2598,2594,0.800737971276,0.794602048125,75,7.5,27,1,2073,2074,0.010737865515,0.012271846303,75,7.5,26,0
636,2026-09-05T05:36:26.286186+00:00,175347515000000,175347562000000,40.344000000,online_observation,6,0,2088,2087,0.099708751213,0.098174770425,76,7.6,27,0,2697,2701,0.967941877156,0.974077800307,75,7.5,25,1,2563,2560,0.774660297882,0.770058355519,76,7.6,27,1,2598,2594,0.800737971276,0.794602048125,75,7.5,27,0,2073,2074,0.010737865515,0.012271846303,76,7.6,26,0
637,2026-09-05T05:36:26.337237+00:00,175347578000000,175347609000000,40.391000000,online_observation,6,0,2088,2087,0.099708751213,0.098174770425,76,7.6,27,0,2697,2701,0.967941877156,0.974077800307,75,7.5,26,1,2563,2560,0.774660297882,0.770058355519,75,7.5,27,0,2598,2594,0.800737971276,0.794602048125,75,7.5,27,0,2073,2074,0.010737865515,0.012271846303,76,7.6,26,0
638,2026-09-05T05:36:26.428470+00:00,175347656000000,175347703000000,40.485000000,post_roll_hold,49,0,2088,2087,0.099708751213,0.098174770425,76,7.6,27,0,2697,2701,0.967941877156,0.974077800307,75,7.5,25,1,2563,2560,0.774660297882,0.770058355519,76,7.6,27,1,2598,2594,0.800737971276,0.794602048125,75,7.5,27,1,2073,2074,0.010737865515,0.012271846303,75,7.5,26,0
639,2026-09-05T05:36:26.486286+00:00,175347718000000,175347765000000,40.547000000,post_roll_hold,49,0,2088,2087,0.099708751213,0.098174770425,76,7.6,27,0,2697,2701,0.967941877156,0.974077800307,75,7.5,25,0,2563,2560,0.774660297882,0.770058355519,76,7.6,27,1,2598,2594,0.800737971276,0.794602048125,75,7.5,27,1,2073,2074,0.010737865515,0.012271846303,76,7.6,26,0
640,2026-09-05T05:36:26.535571+00:00,175347781000000,175347812000000,40.594000000,post_roll_hold,49,0,2088,2087,0.099708751213,0.098174770425,76,7.6,27,0,2697,2701,0.967941877156,0.974077800307,75,7.5,25,1,2563,2560,0.774660297882,0.770058355519,76,7.6,27,1,2598,2594,0.800737971276,0.794602048125,75,7.5,27,1,2073,2074,0.010737865515,0.012271846303,76,7.6,26,0
641,2026-09-05T05:36:26.592061+00:00,175347828000000,175347859000000,40.641000000,post_roll_hold,49,0,2088,2087,0.099708751213,0.098174770425,76,7.6,27,0,2697,2701,0.967941877156,0.974077800307,75,7.5,25,1,2563,2560,0.774660297882,0.770058355519,76,7.6,27,1,2598,2594,0.800737971276,0.794602048125,75,7.5,27,1,2073,2074,0.010737865515,0.012271846303,76,7.6,26,0
642,2026-09-05T05:36:26.642855+00:00,175347875000000,175347921000000,40.703000000,post_roll_hold,49,0,2088,2087,0.099708751213,0.098174770425,76,7.6,27,0,2697,2701,0.967941877156,0.974077800307,75,7.5,26,1,2563,2560,0.774660297882,0.770058355519,76,7.6,27,0,2598,2594,0.800737971276,0.794602048125,75,7.5,27,1,2073,2074,0.010737865515,0.012271846303,75,7.5,26,0
643,2026-09-05T05:36:26.691474+00:00,175347937000000,175347968000000,40.750000000,post_roll_hold,49,0,2088,2087,0.099708751213,0.098174770425,76,7.6,27,1,2697,2701,0.967941877156,0.974077800307,75,7.5,26,1,2563,2560,0.774660297882,0.770058355519,76,7.6,27,0,2598,2594,0.800737971276,0.794602048125,75,7.5,27,1,2073,2074,0.010737865515,0.012271846303,76,7.6,26,0
644,2026-09-05T05:36:26.747755+00:00,175347984000000,175348015000000,40.797000000,post_roll_hold,49,0,2088,2087,0.099708751213,0.098174770425,76,7.6,27,0,2697,2701,0.967941877156,0.974077800307,75,7.5,25,1,2563,2560,0.774660297882,0.770058355519,76,7.6,27,0,2598,2594,0.800737971276,0.794602048125,75,7.5,27,0,2073,2074,0.010737865515,0.012271846303,76,7.6,26,0
645,2026-09-05T05:36:26.788285+00:00,175348031000000,175348062000000,40.844000000,post_roll_hold,49,0,2088,2087,0.099708751213,0.098174770425,76,7.6,27,0,2697,2701,0.967941877156,0.974077800307,75,7.5,25,1,2563,2560,0.774660297882,0.770058355519,76,7.6,27,1,2598,2594,0.800737971276,0.794602048125,75,7.5,27,0,2073,2074,0.010737865515,0.012271846303,76,7.6,26,1
646,2026-09-05T05:36:26.842391+00:00,175348078000000,175348125000000,40.907000000,post_roll_hold,49,0,2088,2087,0.099708751213,0.098174770425,76,7.6,27,0,2697,2701,0.967941877156,0.974077800307,75,7.5,25,1,2563,2560,0.774660297882,0.770058355519,76,7.6,27,0,2598,2594,0.800737971276,0.794602048125,75,7.5,27,1,2073,2074,0.010737865515,0.012271846303,76,7.6,26,0
647,2026-09-05T05:36:26.892235+00:00,175348140000000,175348171000000,40.953000000,post_roll_hold,49,0,2088,2087,0.099708751213,0.098174770425,76,7.6,27,0,2697,2701,0.967941877156,0.974077800307,75,7.5,26,0,2563,2560,0.774660297882,0.770058355519,76,7.6,27,0,2598,2594,0.800737971276,0.794602048125,75,7.5,27,0,2073,2074,0.010737865515,0.012271846303,76,7.6,26,0
648,2026-09-05T05:36:26.955796+00:00,175348187000000,175348234000000,41.016000000,post_roll_hold,49,0,2088,2087,0.099708751213,0.098174770425,76,7.6,27,0,2697,2701,0.967941877156,0.974077800307,75,7.5,25,1,2563,2560,0.774660297882,0.770058355519,76,7.6,27,1,2598,2594,0.800737971276,0.794602048125,75,7.5,27,1,2073,2074,0.010737865515,0.012271846303,76,7.6,26,0
649,2026-09-05T05:36:27.008395+00:00,175348250000000,175348281000000,41.063000000,post_roll_hold,49,0,2088,2087,0.099708751213,0.098174770425,76,7.6,27,0,2697,2701,0.967941877156,0.974077800307,75,7.5,25,1,2563,2560,0.774660297882,0.770058355519,76,7.6,27,1,2598,2594,0.800737971276,0.794602048125,75,7.5,27,0,2073,2074,0.010737865515,0.012271846303,76,7.6,26,0
650,2026-09-05T05:36:27.056032+00:00,175348296000000,175348328000000,41.110000000,post_roll_hold,49,0,2088,2087,0.099708751213,0.098174770425,76,7.6,27,0,2697,2701,0.967941877156,0.974077800307,75,7.5,25,1,2563,2560,0.774660297882,0.770058355519,76,7.6,27,1,2598,2594,0.800737971276,0.794602048125,75,7.5,27,1,2073,2074,0.010737865515,0.012271846303,76,7.6,26,0
651,2026-09-05T05:36:27.103792+00:00,175348343000000,175348375000000,41.157000000,post_roll_hold,49,0,2088,2087,0.099708751213,0.098174770425,76,7.6,27,0,2697,2701,0.967941877156,0.974077800307,75,7.5,25,1,2563,2560,0.774660297882,0.770058355519,76,7.6,27,1,2598,2594,0.800737971276,0.794602048125,75,7.5,27,1,2073,2074,0.010737865515,0.012271846303,76,7.6,26,0
652,2026-09-05T05:36:27.156477+00:00,175348390000000,175348437000000,41.219000000,post_roll_hold,49,0,2088,2087,0.099708751213,0.098174770425,76,7.6,27,0,2697,2701,0.967941877156,0.974077800307,75,7.5,26,1,2563,2560,0.774660297882,0.770058355519,76,7.6,27,0,2598,2594,0.800737971276,0.794602048125,75,7.5,27,1,2073,2074,0.010737865515,0.012271846303,76,7.6,26,0
653,2026-09-05T05:36:27.208447+00:00,175348453000000,175348484000000,41.266000000,post_roll_hold,49,0,2088,2087,0.099708751213,0.098174770425,76,7.6,27,0,2697,2701,0.967941877156,0.974077800307,75,7.5,25,0,2563,2560,0.774660297882,0.770058355519,76,7.6,27,1,2598,2594,0.800737971276,0.794602048125,75,7.5,27,1,2073,2074,0.010737865515,0.012271846303,75,7.5,26,0
654,2026-09-05T05:36:27.256985+00:00,175348500000000,175348531000000,41.313000000,post_roll_hold,49,0,2088,2087,0.099708751213,0.098174770425,76,7.6,27,0,2697,2701,0.967941877156,0.974077800307,75,7.5,25,1,2563,2560,0.774660297882,0.770058355519,76,7.6,27,1,2598,2594,0.800737971276,0.794602048125,75,7.5,27,1,2073,2074,0.010737865515,0.012271846303,76,7.6,26,0
655,2026-09-05T05:36:27.304043+00:00,175348546000000,175348578000000,41.360000000,post_roll_hold,49,0,2088,2087,0.099708751213,0.098174770425,76,7.6,27,0,2697,2701,0.967941877156,0.974077800307,75,7.5,25,1,2563,2560,0.774660297882,0.770058355519,76,7.6,27,0,2598,2594,0.800737971276,0.794602048125,75,7.5,27,0,2073,2074,0.010737865515,0.012271846303,76,7.6,26,0
656,2026-09-05T05:36:27.349699+00:00,175348593000000,175348625000000,41.407000000,post_roll_hold,49,0,2088,2087,0.099708751213,0.098174770425,76,7.6,27,0,2697,2701,0.967941877156,0.974077800307,75,7.5,26,0,2563,2560,0.774660297882,0.770058355519,76,7.6,27,0,2598,2594,0.800737971276,0.794602048125,75,7.5,27,1,2073,2074,0.010737865515,0.012271846303,75,7.5,26,0
657,2026-09-05T05:36:27.407243+00:00,175348640000000,175348687000000,41.469000000,post_roll_hold,49,0,2088,2087,0.099708751213,0.098174770425,76,7.6,27,0,2697,2701,0.967941877156,0.974077800307,75,7.5,25,1,2563,2560,0.774660297882,0.770058355519,76,7.6,27,0,2598,2594,0.800737971276,0.794602048125,75,7.5,27,0,2073,2074,0.010737865515,0.012271846303,76,7.6,26,0
