sample_index,host_utc,read_start_monotonic_ns,read_end_monotonic_ns,elapsed_s,phase,segment_index,read_retry_count,j1_position_raw,j1_target_raw,j1_position_rad,j1_target_rad,j1_voltage_raw,j1_voltage_v,j1_temperature_c,j1_current_raw,j2_position_raw,j2_target_raw,j2_position_rad,j2_target_rad,j2_voltage_raw,j2_voltage_v,j2_temperature_c,j2_current_raw,j3_position_raw,j3_target_raw,j3_position_rad,j3_target_rad,j3_voltage_raw,j3_voltage_v,j3_temperature_c,j3_current_raw,j4_position_raw,j4_target_raw,j4_position_rad,j4_target_rad,j4_voltage_raw,j4_voltage_v,j4_temperature_c,j4_current_raw,j5_position_raw,j5_target_raw,j5_position_rad,j5_target_rad,j5_voltage_raw,j5_voltage_v,j5_temperature_c,j5_current_raw
0,2026-09-05T04:52:37.944828+00:00,172719156000000,172719218000000,0.062000000,start_alignment,-1,0,2089,2089,0.101242732000,0.101242732000,76,7.6,27,0,2635,2635,0.872835068307,0.872835068307,75,7.5,26,2,2611,2611,0.848291375701,0.848291375701,76,7.6,27,1,2726,2726,0.997087512126,0.997087512126,75,7.5,26,0,2076,2076,0.015339807879,0.015339807879,75,7.5,26,0
1,2026-09-05T04:52:37.986896+00:00,172719234000000,172719265000000,0.109000000,start_alignment,-1,0,2089,2089,0.101242732000,0.101242732000,76,7.6,27,0,2635,2636,0.872835068307,0.874369049095,75,7.5,26,1,2611,2610,0.848291375701,0.846757394913,76,7.6,27,1,2726,2726,0.997087512126,0.997087512126,75,7.5,26,0,2076,2076,0.015339807879,0.015339807879,75,7.5,26,1
2,2026-09-05T04:52:38.037006+00:00,172719281000000,172719312000000,0.156000000,start_alignment,-1,0,2089,2088,0.101242732000,0.099708751213,76,7.6,27,0,2635,2636,0.872835068307,0.874369049095,75,7.5,26,1,2611,2609,0.848291375701,0.845223414125,76,7.6,27,0,2726,2726,0.997087512126,0.997087512126,75,7.5,26,0,2076,2076,0.015339807879,0.015339807879,76,7.6,26,0
3,2026-09-05T04:52:38.082526+00:00,172719328000000,172719359000000,0.203000000,start_alignment,-1,0,2089,2088,0.101242732000,0.099708751213,76,7.6,27,0,2635,2637,0.872835068307,0.875903029883,75,7.5,26,1,2611,2608,0.848291375701,0.843689433337,76,7.6,27,0,2726,2726,0.997087512126,0.997087512126,75,7.5,26,0,2076,2076,0.015339807879,0.015339807879,75,7.5,26,1
4,2026-09-05T04:52:38.286942+00:00,172719500000000,172719562000000,0.406000000,online_inference,0,0,2089,2088,0.101242732000,0.099708751213,76,7.6,27,0,2635,2637,0.872835068307,0.875903029883,75,7.5,26,1,2611,2607,0.848291375701,0.842155452549,76,7.6,27,1,2726,2726,0.997087512126,0.997087512126,75,7.5,26,0,2076,2076,0.015339807879,0.015339807879,76,7.6,26,0
5,2026-09-05T04:52:38.348821+00:00,172719578000000,172719625000000,0.469000000,online_inference,0,0,2089,2088,0.101242732000,0.099708751213,76,7.6,27,0,2635,2637,0.872835068307,0.875903029883,75,7.5,26,0,2611,2607,0.848291375701,0.842155452549,76,7.6,27,1,2726,2726,0.997087512126,0.997087512126,75,7.5,26,0,2076,2076,0.015339807879,0.015339807879,76,7.6,26,0
6,2026-09-05T04:52:38.411147+00:00,172719640000000,172719687000000,0.531000000,online_inference,0,0,2089,2088,0.101242732000,0.099708751213,76,7.6,27,0,2635,2637,0.872835068307,0.875903029883,75,7.5,26,1,2611,2607,0.848291375701,0.842155452549,76,7.6,27,1,2726,2726,0.997087512126,0.997087512126,75,7.5,26,0,2076,2076,0.015339807879,0.015339807879,75,7.5,26,0
7,2026-09-05T04:52:38.483581+00:00,172719703000000,172719765000000,0.609000000,online_inference,0,0,2089,2088,0.101242732000,0.099708751213,76,7.6,27,0,2635,2637,0.872835068307,0.875903029883,75,7.5,26,0,2611,2607,0.848291375701,0.842155452549,76,7.6,27,1,2726,2726,0.997087512126,0.997087512126,75,7.5,26,0,2076,2076,0.015339807879,0.015339807879,76,7.6,26,0
8,2026-09-05T04:52:38.544867+00:00,172719781000000,172719812000000,0.656000000,online_inference,0,0,2089,2088,0.101242732000,0.099708751213,76,7.6,27,0,2635,2637,0.872835068307,0.875903029883,75,7.5,26,1,2611,2607,0.848291375701,0.842155452549,76,7.6,27,1,2726,2726,0.997087512126,0.997087512126,75,7.5,26,0,2076,2076,0.015339807879,0.015339807879,75,7.5,26,0
9,2026-09-05T04:52:38.590569+00:00,172719828000000,172719859000000,0.703000000,online_inference,0,0,2089,2088,0.101242732000,0.099708751213,76,7.6,27,0,2635,2637,0.872835068307,0.875903029883,75,7.5,26,0,2611,2607,0.848291375701,0.842155452549,76,7.6,27,1,2726,2726,0.997087512126,0.997087512126,75,7.5,26,0,2076,2076,0.015339807879,0.015339807879,75,7.5,26,0
10,2026-09-05T04:52:38.651365+00:00,172719875000000,172719921000000,0.765000000,online_inference,0,0,2089,2088,0.101242732000,0.099708751213,76,7.6,27,0,2635,2637,0.872835068307,0.875903029883,75,7.5,26,1,2611,2607,0.848291375701,0.842155452549,76,7.6,27,1,2726,2726,0.997087512126,0.997087512126,75,7.5,26,0,2076,2076,0.015339807879,0.015339807879,75,7.5,26,0
11,2026-09-05T04:52:38.690681+00:00,172719937000000,172719968000000,0.812000000,online_inference,0,0,2089,2088,0.101242732000,0.099708751213,76,7.6,27,0,2635,2637,0.872835068307,0.875903029883,75,7.5,26,0,2611,2607,0.848291375701,0.842155452549,76,7.6,27,0,2726,2726,0.997087512126,0.997087512126,75,7.5,26,0,2076,2076,0.015339807879,0.015339807879,76,7.6,26,0
12,2026-09-05T04:52:38.751147+00:00,172719984000000,172720031000000,0.875000000,online_inference,0,0,2089,2088,0.101242732000,0.099708751213,76,7.6,27,0,2635,2637,0.872835068307,0.875903029883,75,7.5,26,1,2611,2607,0.848291375701,0.842155452549,76,7.6,27,0,2726,2726,0.997087512126,0.997087512126,75,7.5,26,0,2076,2076,0.015339807879,0.015339807879,76,7.6,26,0
13,2026-09-05T04:52:38.807329+00:00,172720046000000,172720078000000,0.922000000,online_inference,0,0,2089,2088,0.101242732000,0.099708751213,76,7.6,27,0,2635,2637,0.872835068307,0.875903029883,75,7.5,26,0,2611,2607,0.848291375701,0.842155452549,76,7.6,27,1,2726,2726,0.997087512126,0.997087512126,75,7.5,26,0,2076,2076,0.015339807879,0.015339807879,76,7.6,25,0
14,2026-09-05T04:52:38.856412+00:00,172720093000000,172720125000000,0.969000000,online_inference,0,0,2089,2088,0.101242732000,0.099708751213,76,7.6,27,0,2635,2637,0.872835068307,0.875903029883,75,7.5,26,0,2611,2607,0.848291375701,0.842155452549,76,7.6,27,1,2726,2726,0.997087512126,0.997087512126,75,7.5,26,0,2076,2076,0.015339807879,0.015339807879,76,7.6,26,0
15,2026-09-05T04:52:38.905939+00:00,172720140000000,172720187000000,1.031000000,online_inference,0,0,2089,2088,0.101242732000,0.099708751213,76,7.6,27,0,2635,2637,0.872835068307,0.875903029883,75,7.5,26,1,2611,2607,0.848291375701,0.842155452549,76,7.6,27,1,2726,2726,0.997087512126,0.997087512126,75,7.5,26,0,2076,2076,0.015339807879,0.015339807879,76,7.6,26,0
16,2026-09-05T04:52:38.967694+00:00,172720203000000,172720250000000,1.094000000,online_inference,0,0,2089,2088,0.101242732000,0.099708751213,76,7.6,27,0,2635,2637,0.872835068307,0.875903029883,75,7.5,26,1,2611,2607,0.848291375701,0.842155452549,76,7.6,27,1,2726,2726,0.997087512126,0.997087512126,75,7.5,26,0,2076,2076,0.015339807879,0.015339807879,76,7.6,26,0
17,2026-09-05T04:52:39.033887+00:00,172720265000000,172720312000000,1.156000000,online_inference,0,0,2089,2088,0.101242732000,0.099708751213,76,7.6,27,0,2635,2637,0.872835068307,0.875903029883,75,7.5,26,0,2611,2607,0.848291375701,0.842155452549,76,7.6,27,1,2726,2726,0.997087512126,0.997087512126,75,7.5,26,0,2076,2076,0.015339807879,0.015339807879,75,7.5,26,0
18,2026-09-05T04:52:39.102466+00:00,172720328000000,172720375000000,1.219000000,online_inference,0,0,2089,2088,0.101242732000,0.099708751213,76,7.6,27,0,2635,2637,0.872835068307,0.875903029883,75,7.5,26,0,2611,2607,0.848291375701,0.842155452549,76,7.6,27,0,2726,2726,0.997087512126,0.997087512126,75,7.5,26,0,2076,2076,0.015339807879,0.015339807879,76,7.6,26,0
19,2026-09-05T04:52:39.151608+00:00,172720390000000,172720421000000,1.265000000,online_inference,0,0,2089,2088,0.101242732000,0.099708751213,76,7.6,27,0,2635,2637,0.872835068307,0.875903029883,75,7.5,26,1,2611,2607,0.848291375701,0.842155452549,76,7.6,27,1,2726,2726,0.997087512126,0.997087512126,75,7.5,26,0,2076,2076,0.015339807879,0.015339807879,76,7.6,26,0
20,2026-09-05T04:52:39.206215+00:00,172720437000000,172720484000000,1.328000000,online_inference,0,0,2089,2088,0.101242732000,0.099708751213,76,7.6,27,0,2635,2637,0.872835068307,0.875903029883,75,7.5,26,0,2611,2607,0.848291375701,0.842155452549,76,7.6,27,1,2726,2726,0.997087512126,0.997087512126,75,7.5,26,0,2076,2076,0.015339807879,0.015339807879,76,7.6,26,0
21,2026-09-05T04:52:39.254954+00:00,172720500000000,172720531000000,1.375000000,online_inference,0,0,2089,2088,0.101242732000,0.099708751213,76,7.6,27,0,2635,2637,0.872835068307,0.875903029883,75,7.5,26,0,2611,2607,0.848291375701,0.842155452549,76,7.6,27,1,2726,2726,0.997087512126,0.997087512126,75,7.5,26,0,2076,2076,0.015339807879,0.015339807879,75,7.5,26,0
22,2026-09-05T04:52:39.323637+00:00,172720562000000,172720593000000,1.437000000,online_inference,0,0,2089,2088,0.101242732000,0.099708751213,76,7.6,27,0,2635,2637,0.872835068307,0.875903029883,75,7.5,26,1,2611,2607,0.848291375701,0.842155452549,76,7.6,27,1,2726,2726,0.997087512126,0.997087512126,75,7.5,26,0,2076,2076,0.015339807879,0.015339807879,76,7.6,26,0
23,2026-09-05T04:52:39.367469+00:00,172720609000000,172720640000000,1.484000000,online_inference,0,0,2089,2088,0.101242732000,0.099708751213,76,7.6,27,0,2635,2637,0.872835068307,0.875903029883,75,7.5,26,1,2611,2607,0.848291375701,0.842155452549,76,7.6,27,1,2726,2726,0.997087512126,0.997087512126,75,7.5,26,0,2076,2076,0.015339807879,0.015339807879,76,7.6,26,0
24,2026-09-05T04:52:39.416499+00:00,172720656000000,172720687000000,1.531000000,online_inference,0,0,2089,2088,0.101242732000,0.099708751213,76,7.6,27,0,2635,2637,0.872835068307,0.875903029883,75,7.5,26,0,2611,2607,0.848291375701,0.842155452549,76,7.6,27,1,2726,2726,0.997087512126,0.997087512126,75,7.5,26,0,2076,2076,0.015339807879,0.015339807879,75,7.5,26,0
25,2026-09-05T04:52:39.464754+00:00,172720703000000,172720734000000,1.578000000,online_inference,0,0,2089,2088,0.101242732000,0.099708751213,76,7.6,27,0,2635,2637,0.872835068307,0.875903029883,75,7.5,26,0,2611,2607,0.848291375701,0.842155452549,76,7.6,27,1,2726,2726,0.997087512126,0.997087512126,75,7.5,26,0,2076,2076,0.015339807879,0.015339807879,76,7.6,26,0
26,2026-09-05T04:52:39.512554+00:00,172720750000000,172720781000000,1.625000000,online_inference,0,0,2089,2088,0.101242732000,0.099708751213,76,7.6,27,0,2635,2637,0.872835068307,0.875903029883,75,7.5,26,0,2611,2607,0.848291375701,0.842155452549,76,7.6,27,1,2726,2726,0.997087512126,0.997087512126,75,7.5,26,0,2076,2076,0.015339807879,0.015339807879,75,7.5,26,0
27,2026-09-05T04:52:39.563651+00:00,172720796000000,172720843000000,1.687000000,online_inference,0,0,2089,2088,0.101242732000,0.099708751213,76,7.6,27,0,2635,2637,0.872835068307,0.875903029883,75,7.5,26,1,2611,2607,0.848291375701,0.842155452549,76,7.6,27,1,2726,2726,0.997087512126,0.997087512126,75,7.5,26,0,2076,2076,0.015339807879,0.015339807879,76,7.6,26,0
28,2026-09-05T04:52:39.613515+00:00,172720859000000,172720890000000,1.734000000,online_inference,0,0,2089,2088,0.101242732000,0.099708751213,76,7.6,27,0,2635,2637,0.872835068307,0.875903029883,75,7.5,26,1,2611,2607,0.848291375701,0.842155452549,76,7.6,27,1,2726,2726,0.997087512126,0.997087512126,75,7.5,26,0,2076,2076,0.015339807879,0.015339807879,75,7.5,26,0
29,2026-09-05T04:52:39.670936+00:00,172720906000000,172720953000000,1.797000000,online_inference,0,0,2089,2088,0.101242732000,0.099708751213,76,7.6,27,0,2635,2637,0.872835068307,0.875903029883,75,7.5,26,1,2611,2607,0.848291375701,0.842155452549,76,7.6,27,1,2726,2726,0.997087512126,0.997087512126,75,7.5,26,0,2076,2076,0.015339807879,0.015339807879,75,7.5,26,0
30,2026-09-05T04:52:39.721133+00:00,172720968000000,172721000000000,1.844000000,online_inference,0,0,2089,2088,0.101242732000,0.099708751213,76,7.6,27,0,2635,2637,0.872835068307,0.875903029883,75,7.5,26,0,2611,2607,0.848291375701,0.842155452549,76,7.6,27,1,2726,2726,0.997087512126,0.997087512126,75,7.5,26,0,2076,2076,0.015339807879,0.015339807879,76,7.6,26,0
31,2026-09-05T04:52:39.783855+00:00,172721015000000,172721062000000,1.906000000,online_inference,0,0,2089,2088,0.101242732000,0.099708751213,76,7.6,27,0,2635,2637,0.872835068307,0.875903029883,75,7.5,26,0,2611,2607,0.848291375701,0.842155452549,76,7.6,27,0,2726,2726,0.997087512126,0.997087512126,75,7.5,26,0,2076,2076,0.015339807879,0.015339807879,76,7.6,26,0
32,2026-09-05T04:52:39.838990+00:00,172721078000000,172721109000000,1.953000000,online_inference,0,0,2089,2088,0.101242732000,0.099708751213,76,7.6,27,0,2635,2637,0.872835068307,0.875903029883,75,7.5,26,1,2611,2607,0.848291375701,0.842155452549,76,7.6,27,1,2726,2726,0.997087512126,0.997087512126,75,7.5,26,0,2076,2076,0.015339807879,0.015339807879,75,7.5,26,0
33,2026-09-05T04:52:39.884605+00:00,172721125000000,172721156000000,2.000000000,online_inference,0,0,2089,2088,0.101242732000,0.099708751213,76,7.6,27,0,2635,2637,0.872835068307,0.875903029883,75,7.5,26,0,2611,2607,0.848291375701,0.842155452549,76,7.6,27,0,2726,2726,0.997087512126,0.997087512126,75,7.5,26,0,2076,2076,0.015339807879,0.015339807879,75,7.5,26,0
34,2026-09-05T04:52:39.938899+00:00,172721171000000,172721218000000,2.062000000,online_inference,0,0,2089,2088,0.101242732000,0.099708751213,76,7.6,27,0,2635,2637,0.872835068307,0.875903029883,75,7.5,26,0,2611,2607,0.848291375701,0.842155452549,76,7.6,27,1,2726,2726,0.997087512126,0.997087512126,75,7.5,26,0,2076,2076,0.015339807879,0.015339807879,76,7.6,26,0
35,2026-09-05T04:52:39.994280+00:00,172721234000000,172721265000000,2.109000000,online_inference,0,0,2089,2088,0.101242732000,0.099708751213,76,7.6,27,0,2635,2637,0.872835068307,0.875903029883,75,7.5,26,0,2611,2607,0.848291375701,0.842155452549,76,7.6,27,1,2726,2726,0.997087512126,0.997087512126,75,7.5,26,0,2076,2076,0.015339807879,0.015339807879,75,7.5,26,0
36,2026-09-05T04:52:40.042438+00:00,172721281000000,172721312000000,2.156000000,online_inference,0,0,2089,2088,0.101242732000,0.099708751213,76,7.6,27,0,2635,2637,0.872835068307,0.875903029883,75,7.5,26,1,2611,2607,0.848291375701,0.842155452549,76,7.6,27,1,2726,2726,0.997087512126,0.997087512126,75,7.5,26,0,2076,2076,0.015339807879,0.015339807879,76,7.6,26,0
37,2026-09-05T04:52:40.088961+00:00,172721328000000,172721359000000,2.203000000,online_inference,0,0,2089,2088,0.101242732000,0.099708751213,76,7.6,27,0,2635,2637,0.872835068307,0.875903029883,75,7.5,26,1,2611,2607,0.848291375701,0.842155452549,76,7.6,27,0,2726,2726,0.997087512126,0.997087512126,75,7.5,26,0,2076,2076,0.015339807879,0.015339807879,76,7.6,26,0
38,2026-09-05T04:52:40.145152+00:00,172721375000000,172721421000000,2.265000000,online_inference,0,0,2089,2088,0.101242732000,0.099708751213,76,7.6,27,0,2635,2637,0.872835068307,0.875903029883,75,7.5,26,0,2611,2607,0.848291375701,0.842155452549,76,7.6,27,0,2726,2726,0.997087512126,0.997087512126,75,7.5,26,0,2076,2076,0.015339807879,0.015339807879,76,7.6,26,0
39,2026-09-05T04:52:40.196889+00:00,172721437000000,172721468000000,2.312000000,online_inference,0,0,2089,2088,0.101242732000,0.099708751213,76,7.6,27,0,2635,2637,0.872835068307,0.875903029883,75,7.5,26,1,2611,2607,0.848291375701,0.842155452549,76,7.6,27,1,2726,2726,0.997087512126,0.997087512126,75,7.5,26,0,2076,2076,0.015339807879,0.015339807879,76,7.6,26,0
40,2026-09-05T04:52:40.248443+00:00,172721484000000,172721531000000,2.375000000,online_inference,0,0,2089,2088,0.101242732000,0.099708751213,76,7.6,27,0,2635,2637,0.872835068307,0.875903029883,75,7.5,26,0,2611,2607,0.848291375701,0.842155452549,76,7.6,27,1,2726,2726,0.997087512126,0.997087512126,75,7.5,26,0,2076,2076,0.015339807879,0.015339807879,76,7.6,26,0
41,2026-09-05T04:52:40.311482+00:00,172721546000000,172721593000000,2.437000000,online_inference,0,0,2089,2088,0.101242732000,0.099708751213,76,7.6,27,0,2635,2637,0.872835068307,0.875903029883,75,7.5,26,0,2611,2607,0.848291375701,0.842155452549,76,7.6,27,1,2726,2726,0.997087512126,0.997087512126,75,7.5,26,0,2076,2076,0.015339807879,0.015339807879,75,7.5,26,0
42,2026-09-05T04:52:40.364508+00:00,172721609000000,172721640000000,2.484000000,online_inference,0,0,2089,2088,0.101242732000,0.099708751213,76,7.6,27,0,2635,2637,0.872835068307,0.875903029883,75,7.5,26,1,2611,2607,0.848291375701,0.842155452549,76,7.6,27,1,2726,2726,0.997087512126,0.997087512126,75,7.5,26,0,2076,2076,0.015339807879,0.015339807879,76,7.6,26,0
43,2026-09-05T04:52:40.420677+00:00,172721656000000,172721703000000,2.547000000,online_inference,0,0,2089,2088,0.101242732000,0.099708751213,76,7.6,27,0,2635,2637,0.872835068307,0.875903029883,75,7.5,26,1,2611,2607,0.848291375701,0.842155452549,76,7.6,27,1,2726,2726,0.997087512126,0.997087512126,75,7.5,26,0,2076,2076,0.015339807879,0.015339807879,76,7.6,26,0
44,2026-09-05T04:52:40.474708+00:00,172721718000000,172721750000000,2.594000000,online_inference,0,0,2089,2088,0.101242732000,0.099708751213,76,7.6,27,0,2635,2637,0.872835068307,0.875903029883,75,7.5,26,0,2611,2607,0.848291375701,0.842155452549,76,7.6,27,1,2726,2726,0.997087512126,0.997087512126,75,7.5,26,0,2076,2076,0.015339807879,0.015339807879,76,7.6,26,0
45,2026-09-05T04:52:40.535465+00:00,172721765000000,172721812000000,2.656000000,online_inference,0,0,2089,2088,0.101242732000,0.099708751213,76,7.6,27,0,2635,2637,0.872835068307,0.875903029883,75,7.5,26,0,2611,2607,0.848291375701,0.842155452549,76,7.6,27,1,2726,2726,0.997087512126,0.997087512126,75,7.5,26,0,2076,2076,0.015339807879,0.015339807879,76,7.6,26,0
46,2026-09-05T04:52:40.587485+00:00,172721828000000,172721859000000,2.703000000,online_inference,0,0,2089,2088,0.101242732000,0.099708751213,76,7.6,27,0,2635,2637,0.872835068307,0.875903029883,75,7.5,26,1,2611,2607,0.848291375701,0.842155452549,76,7.6,27,1,2726,2726,0.997087512126,0.997087512126,75,7.5,26,0,2076,2076,0.015339807879,0.015339807879,76,7.6,26,0
47,2026-09-05T04:52:40.634509+00:00,172721875000000,172721906000000,2.750000000,online_inference,0,0,2089,2088,0.101242732000,0.099708751213,76,7.6,27,0,2635,2637,0.872835068307,0.875903029883,75,7.5,26,1,2611,2607,0.848291375701,0.842155452549,76,7.6,27,0,2726,2726,0.997087512126,0.997087512126,75,7.5,26,0,2076,2076,0.015339807879,0.015339807879,76,7.6,26,0
48,2026-09-05T04:52:40.686665+00:00,172721921000000,172721968000000,2.812000000,online_inference,0,0,2089,2088,0.101242732000,0.099708751213,76,7.6,27,0,2635,2637,0.872835068307,0.875903029883,75,7.5,26,0,2611,2607,0.848291375701,0.842155452549,76,7.6,27,1,2726,2726,0.997087512126,0.997087512126,75,7.5,26,0,2076,2076,0.015339807879,0.015339807879,76,7.6,26,0
49,2026-09-05T04:52:40.739317+00:00,172721984000000,172722015000000,2.859000000,online_inference,0,0,2089,2088,0.101242732000,0.099708751213,76,7.6,27,0,2635,2637,0.872835068307,0.875903029883,75,7.5,26,1,2611,2607,0.848291375701,0.842155452549,76,7.6,27,1,2726,2726,0.997087512126,0.997087512126,75,7.5,26,0,2076,2076,0.015339807879,0.015339807879,76,7.6,26,0
50,2026-09-05T04:52:40.799236+00:00,172722031000000,172722078000000,2.922000000,online_inference,0,0,2089,2088,0.101242732000,0.099708751213,76,7.6,27,0,2635,2637,0.872835068307,0.875903029883,75,7.5,26,1,2611,2607,0.848291375701,0.842155452549,76,7.6,27,1,2726,2726,0.997087512126,0.997087512126,75,7.5,26,0,2076,2076,0.015339807879,0.015339807879,76,7.6,26,0
51,2026-09-05T04:52:40.859375+00:00,172722093000000,172722140000000,2.984000000,online_inference,0,0,2089,2088,0.101242732000,0.099708751213,76,7.6,27,0,2635,2637,0.872835068307,0.875903029883,75,7.5,26,1,2611,2607,0.848291375701,0.842155452549,76,7.6,27,1,2726,2726,0.997087512126,0.997087512126,75,7.5,26,0,2076,2076,0.015339807879,0.015339807879,75,7.5,26,0
52,2026-09-05T04:52:40.914634+00:00,172722156000000,172722187000000,3.031000000,online_inference,0,0,2089,2088,0.101242732000,0.099708751213,76,7.6,27,0,2635,2637,0.872835068307,0.875903029883,75,7.5,26,1,2611,2607,0.848291375701,0.842155452549,76,7.6,27,1,2726,2726,0.997087512126,0.997087512126,75,7.5,26,0,2076,2076,0.015339807879,0.015339807879,76,7.6,26,0
53,2026-09-05T04:52:40.968151+00:00,172722203000000,172722250000000,3.094000000,online_inference,0,0,2089,2088,0.101242732000,0.099708751213,76,7.6,27,0,2635,2637,0.872835068307,0.875903029883,75,7.5,26,0,2611,2607,0.848291375701,0.842155452549,76,7.6,27,0,2726,2726,0.997087512126,0.997087512126,75,7.5,26,0,2076,2076,0.015339807879,0.015339807879,76,7.6,26,0
54,2026-09-05T04:52:41.025176+00:00,172722265000000,172722296000000,3.140000000,online_inference,0,0,2089,2088,0.101242732000,0.099708751213,76,7.6,27,0,2635,2637,0.872835068307,0.875903029883,75,7.5,26,0,2611,2607,0.848291375701,0.842155452549,76,7.6,27,1,2726,2726,0.997087512126,0.997087512126,75,7.5,26,0,2076,2076,0.015339807879,0.015339807879,75,7.5,26,0
55,2026-09-05T04:52:41.066809+00:00,172722312000000,172722343000000,3.187000000,online_inference,0,0,2089,2088,0.101242732000,0.099708751213,76,7.6,27,0,2635,2637,0.872835068307,0.875903029883,75,7.5,26,0,2611,2607,0.848291375701,0.842155452549,76,7.6,27,0,2726,2726,0.997087512126,0.997087512126,75,7.5,26,0,2076,2076,0.015339807879,0.015339807879,76,7.6,26,0
56,2026-09-05T04:52:41.113530+00:00,172722359000000,172722390000000,3.234000000,online_archive,0,0,2089,2088,0.101242732000,0.099708751213,76,7.6,27,0,2635,2637,0.872835068307,0.875903029883,75,7.5,26,1,2611,2607,0.848291375701,0.842155452549,76,7.6,27,0,2726,2726,0.997087512126,0.997087512126,75,7.5,26,0,2076,2076,0.015339807879,0.015339807879,76,7.6,26,0
57,2026-09-05T04:52:41.162837+00:00,172722406000000,172722437000000,3.281000000,online_archive,0,0,2089,2088,0.101242732000,0.099708751213,76,7.6,27,0,2635,2637,0.872835068307,0.875903029883,75,7.5,26,0,2611,2607,0.848291375701,0.842155452549,76,7.6,27,1,2726,2726,0.997087512126,0.997087512126,75,7.5,26,0,2076,2076,0.015339807879,0.015339807879,76,7.6,26,0
58,2026-09-05T04:52:41.232990+00:00,172722468000000,172722515000000,3.359000000,fixed_trajectory,0,0,2089,2088,0.101242732000,0.099708751213,76,7.6,27,0,2635,2637,0.872835068307,0.875903029883,75,7.5,26,1,2611,2607,0.848291375701,0.842155452549,76,7.6,27,1,2726,2726,0.997087512126,0.997087512126,75,7.5,26,0,2076,2076,0.015339807879,0.015339807879,75,7.5,26,0
59,2026-09-05T04:52:41.280702+00:00,172722531000000,172722562000000,3.406000000,fixed_trajectory,0,0,2089,2088,0.101242732000,0.099708751213,76,7.6,27,0,2635,2638,0.872835068307,0.877437010671,75,7.5,26,0,2611,2607,0.848291375701,0.842155452549,76,7.6,27,1,2726,2725,0.997087512126,0.995553531338,75,7.5,26,0,2076,2076,0.015339807879,0.015339807879,76,7.6,26,0
60,2026-09-05T04:52:41.336418+00:00,172722578000000,172722609000000,3.453000000,fixed_trajectory,0,0,2089,2088,0.101242732000,0.099708751213,76,7.6,27,0,2635,2638,0.872835068307,0.877437010671,75,7.5,26,1,2611,2606,0.848291375701,0.840621471761,76,7.6,27,1,2726,2724,0.997087512126,0.994019550550,75,7.5,26,1,2076,2075,0.015339807879,0.013805827091,75,7.5,26,0
61,2026-09-05T04:52:41.380720+00:00,172722625000000,172722656000000,3.500000000,fixed_trajectory,0,0,2089,2088,0.101242732000,0.099708751213,76,7.6,27,0,2635,2639,0.872835068307,0.878970991458,75,7.5,26,0,2611,2606,0.848291375701,0.840621471761,76,7.6,27,1,2726,2723,0.997087512126,0.992485569762,75,7.5,26,0,2076,2075,0.015339807879,0.013805827091,75,7.5,26,0
62,2026-09-05T04:52:41.430564+00:00,172722671000000,172722703000000,3.547000000,fixed_trajectory,0,0,2089,2088,0.101242732000,0.099708751213,76,7.6,27,0,2635,2639,0.872835068307,0.878970991458,75,7.5,26,0,2611,2605,0.848291375701,0.839087490973,76,7.6,27,1,2726,2722,0.997087512126,0.990951588974,75,7.5,26,1,2076,2074,0.015339807879,0.012271846303,76,7.6,26,1
63,2026-09-05T04:52:41.475425+00:00,172722718000000,172722750000000,3.594000000,fixed_trajectory,0,0,2089,2088,0.101242732000,0.099708751213,76,7.6,27,0,2635,2640,0.872835068307,0.880504972246,75,7.5,27,1,2611,2605,0.848291375701,0.839087490973,76,7.6,27,1,2726,2721,0.997087512126,0.989417608186,75,7.5,26,0,2076,2074,0.015339807879,0.012271846303,76,7.6,26,0
64,2026-09-05T04:52:41.536004+00:00,172722781000000,172722812000000,3.656000000,fixed_trajectory,0,0,2089,2088,0.101242732000,0.099708751213,76,7.6,27,0,2635,2640,0.872835068307,0.880504972246,75,7.5,26,0,2611,2605,0.848291375701,0.839087490973,76,7.6,27,1,2722,2720,0.990951588974,0.987883627398,75,7.5,26,1,2076,2073,0.015339807879,0.010737865515,75,7.5,26,1
65,2026-09-05T04:52:41.578585+00:00,172722828000000,172722859000000,3.703000000,fixed_trajectory,0,0,2089,2088,0.101242732000,0.099708751213,76,7.6,27,0,2635,2641,0.872835068307,0.882038953034,75,7.5,26,1,2611,2604,0.848291375701,0.837553510186,76,7.6,27,1,2722,2719,0.990951588974,0.986349646610,75,7.5,26,1,2076,2073,0.015339807879,0.010737865515,76,7.6,26,0
66,2026-09-05T04:52:41.629649+00:00,172722875000000,172722906000000,3.750000000,fixed_trajectory,0,0,2089,2088,0.101242732000,0.099708751213,76,7.6,27,0,2635,2641,0.872835068307,0.882038953034,75,7.5,26,1,2611,2604,0.848291375701,0.837553510186,76,7.6,27,1,2722,2718,0.990951588974,0.984815665823,75,7.5,26,1,2076,2072,0.015339807879,0.009203884727,75,7.5,26,1
67,2026-09-05T04:52:41.674552+00:00,172722921000000,172722953000000,3.797000000,fixed_trajectory,0,0,2089,2088,0.101242732000,0.099708751213,76,7.6,27,0,2635,2642,0.872835068307,0.883572933822,75,7.5,26,1,2611,2603,0.848291375701,0.836019529398,76,7.6,27,1,2722,2717,0.990951588974,0.983281685035,75,7.5,26,1,2076,2072,0.015339807879,0.009203884727,75,7.5,26,1
68,2026-09-05T04:52:41.732326+00:00,172722968000000,172723000000000,3.844000000,fixed_trajectory,0,0,2089,2088,0.101242732000,0.099708751213,76,7.6,27,0,2636,2642,0.874369049095,0.883572933822,75,7.5,26,0,2607,2603,0.842155452549,0.836019529398,76,7.6,27,0,2722,2716,0.990951588974,0.981747704247,75,7.5,26,1,2076,2071,0.015339807879,0.007669903939,75,7.5,26,1
69,2026-09-05T04:52:41.780765+00:00,172723031000000,172723062000000,3.906000000,fixed_trajectory,0,0,2089,2088,0.101242732000,0.099708751213,76,7.6,27,0,2639,2643,0.878970991458,0.885106914610,75,7.5,26,1,2606,2602,0.840621471761,0.834485548610,76,7.6,27,0,2723,2715,0.992485569762,0.980213723459,75,7.5,26,1,2076,2071,0.015339807879,0.007669903939,75,7.5,26,2
70,2026-09-05T04:52:41.837318+00:00,172723078000000,172723109000000,3.953000000,fixed_trajectory,0,0,2089,2088,0.101242732000,0.099708751213,76,7.6,27,0,2640,2643,0.880504972246,0.885106914610,75,7.5,26,0,2606,2602,0.840621471761,0.834485548610,76,7.6,27,1,2721,2714,0.989417608186,0.978679742671,75,7.5,26,0,2075,2070,0.013805827091,0.006135923152,75,7.5,26,0
71,2026-09-05T04:52:42.017062+00:00,172723250000000,172723296000000,4.140000000,fixed_trajectory,0,0,2089,2088,0.101242732000,0.099708751213,76,7.6,27,0,2641,2644,0.882038953034,0.886640895398,75,7.5,26,0,2606,2602,0.840621471761,0.834485548610,76,7.6,27,1,2718,2713,0.984815665823,0.977145761883,75,7.5,26,1,2072,2070,0.009203884727,0.006135923152,76,7.6,26,0
72,2026-09-05T04:52:42.060423+00:00,172723312000000,172723328000000,4.172000000,fixed_trajectory,0,0,2089,2088,0.101242732000,0.099708751213,76,7.6,27,0,2641,2645,0.882038953034,0.888174876186,75,7.5,26,1,2606,2601,0.840621471761,0.832951567822,76,7.6,27,0,2718,2712,0.984815665823,0.975611781095,75,7.5,26,1,2071,2069,0.007669903939,0.004601942364,75,7.5,26,0
73,2026-09-05T04:52:42.114853+00:00,172723359000000,172723390000000,4.234000000,fixed_trajectory,0,0,2089,2088,0.101242732000,0.099708751213,76,7.6,27,0,2641,2645,0.882038953034,0.888174876186,75,7.5,26,1,2606,2601,0.840621471761,0.832951567822,76,7.6,27,1,2718,2711,0.984815665823,0.974077800307,75,7.5,27,1,2071,2069,0.007669903939,0.004601942364,75,7.5,26,0
74,2026-09-05T04:52:42.160130+00:00,172723406000000,172723437000000,4.281000000,fixed_trajectory,0,0,2089,2088,0.101242732000,0.099708751213,76,7.6,27,0,2641,2646,0.882038953034,0.889708856974,75,7.5,26,1,2606,2600,0.840621471761,0.831417587034,76,7.6,27,1,2718,2710,0.984815665823,0.972543819519,75,7.5,27,1,2071,2069,0.007669903939,0.004601942364,75,7.5,26,1
75,2026-09-05T04:52:42.215180+00:00,172723453000000,172723484000000,4.328000000,fixed_trajectory,0,0,2089,2088,0.101242732000,0.099708751213,76,7.6,27,0,2641,2646,0.882038953034,0.889708856974,75,7.5,26,1,2606,2600,0.840621471761,0.831417587034,76,7.6,27,1,2718,2709,0.984815665823,0.971009838732,75,7.5,26,1,2071,2068,0.007669903939,0.003067961576,76,7.6,26,1
76,2026-09-05T04:52:42.272666+00:00,172723500000000,172723546000000,4.390000000,fixed_trajectory,0,0,2089,2088,0.101242732000,0.099708751213,76,7.6,27,0,2641,2647,0.882038953034,0.891242837762,75,7.5,26,1,2606,2600,0.840621471761,0.831417587034,76,7.6,27,1,2717,2708,0.983281685035,0.969475857944,75,7.5,26,1,2070,2068,0.006135923152,0.003067961576,76,7.6,26,1
77,2026-09-05T04:52:42.318640+00:00,172723562000000,172723593000000,4.437000000,fixed_trajectory,0,0,2089,2088,0.101242732000,0.099708751213,76,7.6,27,0,2641,2647,0.882038953034,0.891242837762,75,7.5,26,1,2606,2599,0.840621471761,0.829883606246,76,7.6,27,2,2715,2707,0.980213723459,0.967941877156,75,7.5,26,2,2069,2067,0.004601942364,0.001533980788,76,7.6,26,0
78,2026-09-05T04:52:42.365308+00:00,172723609000000,172723640000000,4.484000000,fixed_trajectory,0,0,2089,2088,0.101242732000,0.099708751213,76,7.6,27,0,2641,2648,0.882038953034,0.892776818549,75,7.5,26,1,2606,2599,0.840621471761,0.829883606246,76,7.6,28,1,2715,2706,0.980213723459,0.966407896368,75,7.5,26,2,2068,2067,0.003067961576,0.001533980788,75,7.5,26,0
79,2026-09-05T04:52:42.404763+00:00,172723656000000,172723687000000,4.531000000,fixed_trajectory,0,0,2089,2088,0.101242732000,0.099708751213,76,7.6,27,0,2641,2648,0.882038953034,0.892776818549,75,7.5,26,1,2606,2598,0.840621471761,0.828349625458,76,7.6,27,1,2714,2705,0.978679742671,0.964873915580,75,7.5,26,1,2068,2066,0.003067961576,0.000000000000,75,7.5,26,1
80,2026-09-05T04:52:42.467719+00:00,172723703000000,172723750000000,4.594000000,fixed_trajectory,0,0,2089,2088,0.101242732000,0.099708751213,76,7.6,27,0,2641,2649,0.882038953034,0.894310799337,75,7.5,26,1,2607,2598,0.842155452549,0.828349625458,76,7.6,27,2,2713,2704,0.977145761883,0.963339934792,75,7.5,26,1,2067,2066,0.001533980788,0.000000000000,75,7.5,26,0
81,2026-09-05T04:52:42.640006+00:00,172723890000000,172723921000000,4.765000000,fixed_trajectory,0,0,2089,2088,0.101242732000,0.099708751213,76,7.6,27,0,2641,2649,0.882038953034,0.894310799337,75,7.5,26,1,2603,2598,0.836019529398,0.828349625458,76,7.6,27,1,2713,2703,0.977145761883,0.961805954004,75,7.5,26,2,2067,2065,0.001533980788,-0.001533980788,75,7.5,26,1
82,2026-09-05T04:52:42.687350+00:00,172723937000000,172723968000000,4.812000000,fixed_trajectory,0,0,2089,2088,0.101242732000,0.099708751213,76,7.6,27,0,2641,2650,0.882038953034,0.895844780125,75,7.5,26,1,2603,2597,0.836019529398,0.826815644670,75,7.5,27,1,2713,2702,0.977145761883,0.960271973216,75,7.5,26,2,2067,2065,0.001533980788,-0.001533980788,75,7.5,26,0
83,2026-09-05T04:52:42.732535+00:00,172723984000000,172724000000000,4.844000000,fixed_trajectory,0,0,2089,2088,0.101242732000,0.099708751213,76,7.6,27,0,2641,2650,0.882038953034,0.895844780125,75,7.5,26,1,2603,2597,0.836019529398,0.826815644670,75,7.5,27,1,2713,2701,0.977145761883,0.958737992429,75,7.5,26,2,2067,2064,0.001533980788,-0.003067961576,75,7.5,26,0
84,2026-09-05T04:52:42.782735+00:00,172724031000000,172724062000000,4.906000000,fixed_trajectory,0,0,2089,2088,0.101242732000,0.099708751213,76,7.6,27,0,2643,2651,0.885106914610,0.897378760913,75,7.5,26,1,2603,2596,0.836019529398,0.825281663882,76,7.6,27,1,2713,2700,0.977145761883,0.957204011641,75,7.5,26,3,2067,2064,0.001533980788,-0.003067961576,75,7.5,26,1
85,2026-09-05T04:52:42.842884+00:00,172724078000000,172724125000000,4.969000000,fixed_trajectory,0,0,2089,2088,0.101242732000,0.099708751213,76,7.6,27,0,2643,2651,0.885106914610,0.897378760913,75,7.5,26,1,2603,2596,0.836019529398,0.825281663882,76,7.6,27,1,2713,2699,0.977145761883,0.955670030853,75,7.5,26,2,2067,2063,0.001533980788,-0.004601942364,75,7.5,26,0
86,2026-09-05T04:52:42.889851+00:00,172724140000000,172724171000000,5.015000000,fixed_trajectory,0,0,2089,2088,0.101242732000,0.099708751213,76,7.6,27,0,2643,2652,0.885106914610,0.898912741701,75,7.5,26,2,2603,2595,0.836019529398,0.823747683095,76,7.6,27,1,2713,2698,0.977145761883,0.954136050065,75,7.5,26,1,2067,2063,0.001533980788,-0.004601942364,75,7.5,26,1
87,2026-09-05T04:52:42.947446+00:00,172724187000000,172724218000000,5.062000000,fixed_trajectory,0,0,2089,2088,0.101242732000,0.099708751213,76,7.6,27,0,2643,2653,0.885106914610,0.900446722489,75,7.5,26,1,2603,2595,0.836019529398,0.823747683095,76,7.6,27,1,2711,2697,0.974077800307,0.952602069277,75,7.5,26,2,2067,2063,0.001533980788,-0.004601942364,75,7.5,26,0
88,2026-09-05T04:52:42.988643+00:00,172724234000000,172724265000000,5.109000000,fixed_trajectory,0,0,2089,2088,0.101242732000,0.099708751213,76,7.6,27,0,2643,2653,0.885106914610,0.900446722489,75,7.5,26,1,2603,2595,0.836019529398,0.823747683095,76,7.6,27,1,2710,2696,0.972543819519,0.951068088489,75,7.5,26,2,2067,2062,0.001533980788,-0.006135923152,75,7.5,26,0
89,2026-09-05T04:52:43.034720+00:00,172724281000000,172724312000000,5.156000000,fixed_trajectory,0,0,2089,2088,0.101242732000,0.099708751213,76,7.6,27,0,2643,2654,0.885106914610,0.901980703277,75,7.5,26,1,2603,2594,0.836019529398,0.822213702307,75,7.5,27,1,2710,2695,0.972543819519,0.949534107701,75,7.5,26,2,2067,2062,0.001533980788,-0.006135923152,75,7.5,26,0
90,2026-09-05T04:52:43.077197+00:00,172724328000000,172724359000000,5.203000000,fixed_trajectory,0,0,2089,2088,0.101242732000,0.099708751213,76,7.6,27,0,2643,2654,0.885106914610,0.901980703277,75,7.5,26,1,2603,2594,0.836019529398,0.822213702307,76,7.6,27,1,2710,2694,0.972543819519,0.948000126913,75,7.5,26,3,2067,2061,0.001533980788,-0.007669903939,75,7.5,26,1
91,2026-09-05T04:52:43.266344+00:00,172724500000000,172724546000000,5.390000000,fixed_trajectory,0,0,2089,2088,0.101242732000,0.099708751213,76,7.6,27,0,2643,2655,0.885106914610,0.903514684065,75,7.5,26,2,2603,2593,0.836019529398,0.820679721519,75,7.5,27,2,2710,2693,0.972543819519,0.946466146125,75,7.5,26,3,2063,2061,-0.004601942364,-0.007669903939,75,7.5,26,0
92,2026-09-05T04:52:43.315858+00:00,172724562000000,172724593000000,5.437000000,fixed_trajectory,0,0,2089,2088,0.101242732000,0.099708751213,76,7.6,27,0,2643,2655,0.885106914610,0.903514684065,75,7.5,26,2,2603,2593,0.836019529398,0.820679721519,76,7.6,27,2,2710,2692,0.972543819519,0.944932165338,75,7.5,26,3,2061,2060,-0.007669903939,-0.009203884727,75,7.5,26,0
93,2026-09-05T04:52:43.361463+00:00,172724609000000,172724640000000,5.484000000,fixed_trajectory,0,0,2089,2088,0.101242732000,0.099708751213,76,7.6,27,0,2643,2656,0.885106914610,0.905048664853,75,7.5,26,1,2603,2593,0.836019529398,0.820679721519,76,7.6,27,1,2710,2691,0.972543819519,0.943398184550,75,7.5,26,4,2061,2060,-0.007669903939,-0.009203884727,75,7.5,26,0
94,2026-09-05T04:52:43.411614+00:00,172724656000000,172724687000000,5.531000000,fixed_trajectory,0,0,2089,2088,0.101242732000,0.099708751213,76,7.6,27,0,2643,2656,0.885106914610,0.905048664853,75,7.5,26,3,2603,2592,0.836019529398,0.819145740731,75,7.5,27,2,2710,2690,0.972543819519,0.941864203762,75,7.5,26,4,2061,2059,-0.007669903939,-0.010737865515,75,7.5,26,1
95,2026-09-05T04:52:43.452645+00:00,172724703000000,172724734000000,5.578000000,fixed_trajectory,0,0,2089,2088,0.101242732000,0.099708751213,76,7.6,27,0,2643,2657,0.885106914610,0.906582645640,75,7.5,26,2,2603,2592,0.836019529398,0.819145740731,76,7.6,27,1,2710,2689,0.972543819519,0.940330222974,75,7.5,26,4,2061,2059,-0.007669903939,-0.010737865515,75,7.5,26,0
96,2026-09-05T04:52:43.512601+00:00,172724750000000,172724781000000,5.625000000,fixed_trajectory,0,0,2089,2088,0.101242732000,0.099708751213,76,7.6,27,0,2643,2657,0.885106914610,0.906582645640,75,7.5,26,2,2603,2591,0.836019529398,0.817611759943,75,7.5,27,2,2710,2688,0.972543819519,0.938796242186,75,7.5,26,4,2061,2058,-0.007669903939,-0.012271846303,75,7.5,26,1
97,2026-09-05T04:52:43.564336+00:00,172724812000000,172724843000000,5.687000000,fixed_trajectory,0,0,2089,2088,0.101242732000,0.099708751213,76,7.6,27,0,2643,2658,0.885106914610,0.908116626428,75,7.5,26,3,2603,2591,0.836019529398,0.817611759943,76,7.6,27,2,2705,2687,0.964873915580,0.937262261398,75,7.5,26,2,2060,2058,-0.009203884727,-0.012271846303,75,7.5,26,1
98,2026-09-05T04:52:43.615450+00:00,172724859000000,172724890000000,5.734000000,fixed_trajectory,0,0,2089,2088,0.101242732000,0.099708751213,76,7.6,27,0,2646,2658,0.889708856974,0.908116626428,75,7.5,26,1,2601,2591,0.832951567822,0.817611759943,76,7.6,27,1,2701,2686,0.958737992429,0.935728280610,75,7.5,26,1,2060,2057,-0.009203884727,-0.013805827091,75,7.5,26,1
99,2026-09-05T04:52:43.652409+00:00,172724906000000,172724921000000,5.765000000,fixed_trajectory,0,0,2089,2088,0.101242732000,0.099708751213,76,7.6,27,0,2649,2659,0.894310799337,0.909650607216,75,7.5,26,0,2598,2590,0.828349625458,0.816077779155,76,7.6,27,0,2698,2685,0.954136050065,0.934194299822,75,7.5,26,1,2060,2057,-0.009203884727,-0.013805827091,75,7.5,26,1
100,2026-09-05T04:52:43.709829+00:00,172724953000000,172724984000000,5.828000000,fixed_trajectory,0,0,2089,2088,0.101242732000,0.099708751213,76,7.6,27,0,2652,2660,0.898912741701,0.911184588004,75,7.5,26,0,2595,2590,0.823747683095,0.816077779155,76,7.6,27,0,2694,2684,0.948000126913,0.932660319034,75,7.5,26,1,2060,2056,-0.009203884727,-0.015339807879,76,7.6,26,1
101,2026-09-05T04:52:43.885036+00:00,172725125000000,172725156000000,6.000000000,fixed_trajectory,0,0,2089,2088,0.101242732000,0.099708751213,76,7.6,27,0,2654,2660,0.901980703277,0.911184588004,75,7.5,26,1,2593,2589,0.820679721519,0.814543798367,76,7.6,27,1,2693,2683,0.946466146125,0.931126338247,75,7.5,26,2,2060,2056,-0.009203884727,-0.015339807879,75,7.5,26,1
102,2026-09-05T04:52:43.922333+00:00,172725171000000,172725203000000,6.047000000,fixed_trajectory,0,0,2089,2088,0.101242732000,0.099708751213,76,7.6,27,0,2654,2661,0.901980703277,0.912718568792,75,7.5,26,1,2593,2589,0.820679721519,0.814543798367,76,7.6,27,1,2693,2682,0.946466146125,0.929592357459,75,7.5,26,1,2060,2056,-0.009203884727,-0.015339807879,75,7.5,26,1
103,2026-09-05T04:52:43.977005+00:00,172725218000000,172725250000000,6.094000000,fixed_trajectory,0,0,2089,2088,0.101242732000,0.099708751213,76,7.6,27,0,2654,2661,0.901980703277,0.912718568792,75,7.5,26,1,2593,2589,0.820679721519,0.814543798367,75,7.5,27,1,2693,2681,0.946466146125,0.928058376671,75,7.5,27,2,2060,2055,-0.009203884727,-0.016873788667,75,7.5,26,1
104,2026-09-05T04:52:44.019520+00:00,172725265000000,172725296000000,6.140000000,fixed_trajectory,0,0,2089,2088,0.101242732000,0.099708751213,76,7.6,27,0,2654,2662,0.901980703277,0.914252549580,75,7.5,26,1,2593,2588,0.820679721519,0.813009817579,76,7.6,27,1,2693,2680,0.946466146125,0.926524395883,75,7.5,26,2,2058,2055,-0.012271846303,-0.016873788667,75,7.5,26,0
105,2026-09-05T04:52:44.068309+00:00,172725312000000,172725343000000,6.187000000,fixed_trajectory,0,0,2089,2088,0.101242732000,0.099708751213,76,7.6,27,0,2654,2662,0.901980703277,0.914252549580,75,7.5,26,1,2593,2588,0.820679721519,0.813009817579,76,7.6,27,0,2692,2679,0.944932165338,0.924990415095,75,7.5,26,1,2056,2054,-0.015339807879,-0.018407769455,76,7.6,26,1
106,2026-09-05T04:52:44.107948+00:00,172725359000000,172725390000000,6.234000000,fixed_trajectory,0,0,2089,2088,0.101242732000,0.099708751213,76,7.6,27,0,2654,2663,0.901980703277,0.915786530368,75,7.5,26,0,2593,2587,0.820679721519,0.811475836792,76,7.6,27,2,2689,2678,0.940330222974,0.923456434307,75,7.5,26,1,2055,2054,-0.016873788667,-0.018407769455,75,7.5,26,0
107,2026-09-05T04:52:44.177983+00:00,172725421000000,172725453000000,6.297000000,fixed_trajectory,0,0,2089,2088,0.101242732000,0.099708751213,76,7.6,27,0,2654,2663,0.901980703277,0.915786530368,75,7.5,26,2,2593,2587,0.820679721519,0.811475836792,76,7.6,27,1,2687,2677,0.937262261398,0.921922453519,75,7.5,26,1,2054,2053,-0.018407769455,-0.019941750243,75,7.5,26,1
108,2026-09-05T04:52:44.219395+00:00,172725468000000,172725500000000,6.344000000,fixed_trajectory,0,0,2089,2088,0.101242732000,0.099708751213,76,7.6,27,0,2655,2664,0.903514684065,0.917320511156,75,7.5,26,1,2593,2586,0.820679721519,0.809941856004,76,7.6,27,1,2686,2676,0.935728280610,0.920388472731,75,7.5,26,2,2054,2053,-0.018407769455,-0.019941750243,76,7.6,26,0
109,2026-09-05T04:52:44.274216+00:00,172725515000000,172725546000000,6.390000000,fixed_trajectory,0,0,2089,2088,0.101242732000,0.099708751213,76,7.6,27,0,2655,2664,0.903514684065,0.917320511156,75,7.5,26,2,2593,2586,0.820679721519,0.809941856004,76,7.6,27,1,2686,2675,0.935728280610,0.918854491943,75,7.5,26,2,2053,2052,-0.019941750243,-0.021475731030,75,7.5,26,0
110,2026-09-05T04:52:44.314447+00:00,172725562000000,172725593000000,6.437000000,fixed_trajectory,0,0,2089,2088,0.101242732000,0.099708751213,76,7.6,27,0,2655,2665,0.903514684065,0.918854491943,75,7.5,26,1,2593,2586,0.820679721519,0.809941856004,76,7.6,27,0,2686,2674,0.935728280610,0.917320511156,75,7.5,26,2,2053,2052,-0.019941750243,-0.021475731030,75,7.5,26,0
111,2026-09-05T04:52:44.496503+00:00,172725734000000,172725765000000,6.609000000,fixed_trajectory,0,0,2089,2088,0.101242732000,0.099708751213,76,7.6,27,0,2655,2665,0.903514684065,0.918854491943,75,7.5,26,1,2593,2585,0.820679721519,0.808407875216,76,7.6,27,1,2686,2673,0.935728280610,0.915786530368,75,7.5,26,2,2053,2051,-0.019941750243,-0.023009711818,75,7.5,26,1
112,2026-09-05T04:52:44.536755+00:00,172725781000000,172725812000000,6.656000000,fixed_trajectory,0,0,2089,2088,0.101242732000,0.099708751213,76,7.6,27,0,2655,2666,0.903514684065,0.920388472731,75,7.5,26,1,2593,2585,0.820679721519,0.808407875216,76,7.6,27,2,2686,2672,0.935728280610,0.914252549580,75,7.5,26,2,2053,2051,-0.019941750243,-0.023009711818,75,7.5,26,0
113,2026-09-05T04:52:44.581138+00:00,172725828000000,172725859000000,6.703000000,fixed_trajectory,0,0,2089,2088,0.101242732000,0.099708751213,76,7.6,27,0,2655,2666,0.903514684065,0.920388472731,75,7.5,26,2,2593,2584,0.820679721519,0.806873894428,76,7.6,27,2,2686,2671,0.935728280610,0.912718568792,75,7.5,26,3,2053,2050,-0.019941750243,-0.024543692606,75,7.5,26,0
114,2026-09-05T04:52:44.632721+00:00,172725875000000,172725906000000,6.750000000,online_observation,0,0,2089,2088,0.101242732000,0.099708751213,76,7.6,27,0,2655,2667,0.903514684065,0.921922453519,75,7.5,26,2,2593,2584,0.820679721519,0.806873894428,76,7.6,27,2,2683,2670,0.931126338247,0.911184588004,75,7.5,26,1,2053,2050,-0.019941750243,-0.024543692606,75,7.5,26,0
115,2026-09-05T04:52:44.673240+00:00,172725921000000,172725953000000,6.797000000,online_observation,0,0,2089,2088,0.101242732000,0.099708751213,76,7.6,27,0,2655,2667,0.903514684065,0.921922453519,75,7.5,26,2,2593,2584,0.820679721519,0.806873894428,76,7.6,27,2,2682,2670,0.929592357459,0.911184588004,75,7.5,26,1,2053,2050,-0.019941750243,-0.024543692606,75,7.5,26,0
116,2026-09-05T04:52:44.733211+00:00,172725968000000,172726015000000,6.859000000,online_observation,0,0,2089,2088,0.101242732000,0.099708751213,76,7.6,27,0,2658,2667,0.908116626428,0.921922453519,75,7.5,26,1,2593,2584,0.820679721519,0.806873894428,76,7.6,27,2,2680,2670,0.926524395883,0.911184588004,75,7.5,27,1,2053,2050,-0.019941750243,-0.024543692606,75,7.5,26,1
117,2026-09-05T04:52:44.780538+00:00,172726031000000,172726062000000,6.906000000,online_observation,0,0,2089,2088,0.101242732000,0.099708751213,76,7.6,27,0,2658,2667,0.908116626428,0.921922453519,75,7.5,26,2,2593,2584,0.820679721519,0.806873894428,76,7.6,27,2,2680,2670,0.926524395883,0.911184588004,75,7.5,26,2,2053,2050,-0.019941750243,-0.024543692606,75,7.5,26,1
118,2026-09-05T04:52:44.836995+00:00,172726078000000,172726109000000,6.953000000,online_observation,0,0,2089,2088,0.101242732000,0.099708751213,76,7.6,27,0,2658,2667,0.908116626428,0.921922453519,75,7.5,26,1,2593,2584,0.820679721519,0.806873894428,76,7.6,27,2,2680,2670,0.926524395883,0.911184588004,75,7.5,26,2,2053,2050,-0.019941750243,-0.024543692606,75,7.5,26,1
119,2026-09-05T04:52:44.873728+00:00,172726125000000,172726156000000,7.000000000,online_observation,0,0,2089,2088,0.101242732000,0.099708751213,76,7.6,27,0,2658,2667,0.908116626428,0.921922453519,75,7.5,26,2,2593,2584,0.820679721519,0.806873894428,76,7.6,27,2,2680,2670,0.926524395883,0.911184588004,75,7.5,27,2,2053,2050,-0.019941750243,-0.024543692606,75,7.5,26,0
120,2026-09-05T04:52:44.930550+00:00,172726171000000,172726203000000,7.047000000,online_observation,0,0,2089,2088,0.101242732000,0.099708751213,76,7.6,27,0,2658,2667,0.908116626428,0.921922453519,75,7.5,26,1,2593,2584,0.820679721519,0.806873894428,76,7.6,27,1,2680,2670,0.926524395883,0.911184588004,75,7.5,26,1,2053,2050,-0.019941750243,-0.024543692606,75,7.5,26,1
121,2026-09-05T04:52:44.966429+00:00,172726218000000,172726234000000,7.078000000,online_observation,0,0,2089,2088,0.101242732000,0.099708751213,76,7.6,27,0,2658,2667,0.908116626428,0.921922453519,75,7.5,26,1,2593,2584,0.820679721519,0.806873894428,76,7.6,27,2,2680,2670,0.926524395883,0.911184588004,75,7.5,26,2,2053,2050,-0.019941750243,-0.024543692606,75,7.5,26,0
122,2026-09-05T04:52:45.046777+00:00,172726281000000,172726328000000,7.172000000,online_inference,1,0,2089,2088,0.101242732000,0.099708751213,76,7.6,27,0,2658,2667,0.908116626428,0.921922453519,75,7.5,26,2,2593,2584,0.820679721519,0.806873894428,75,7.5,27,2,2680,2670,0.926524395883,0.911184588004,75,7.5,26,2,2053,2050,-0.019941750243,-0.024543692606,75,7.5,26,1
123,2026-09-05T04:52:45.119921+00:00,172726343000000,172726390000000,7.234000000,online_inference,1,0,2089,2088,0.101242732000,0.099708751213,76,7.6,27,0,2658,2667,0.908116626428,0.921922453519,75,7.5,26,1,2593,2584,0.820679721519,0.806873894428,76,7.6,27,2,2680,2670,0.926524395883,0.911184588004,75,7.5,26,1,2053,2050,-0.019941750243,-0.024543692606,75,7.5,26,0
124,2026-09-05T04:52:45.173776+00:00,172726406000000,172726453000000,7.297000000,online_inference,1,0,2089,2088,0.101242732000,0.099708751213,76,7.6,27,0,2658,2667,0.908116626428,0.921922453519,75,7.5,26,2,2593,2584,0.820679721519,0.806873894428,76,7.6,27,2,2680,2670,0.926524395883,0.911184588004,75,7.5,26,2,2053,2050,-0.019941750243,-0.024543692606,75,7.5,26,1
125,2026-09-05T04:52:45.234941+00:00,172726468000000,172726515000000,7.359000000,online_inference,1,0,2089,2088,0.101242732000,0.099708751213,76,7.6,27,0,2658,2667,0.908116626428,0.921922453519,75,7.5,26,1,2593,2584,0.820679721519,0.806873894428,76,7.6,27,1,2680,2670,0.926524395883,0.911184588004,75,7.5,26,1,2053,2050,-0.019941750243,-0.024543692606,75,7.5,26,1
126,2026-09-05T04:52:45.299700+00:00,172726531000000,172726578000000,7.422000000,online_inference,1,0,2089,2088,0.101242732000,0.099708751213,76,7.6,27,0,2658,2667,0.908116626428,0.921922453519,75,7.5,26,1,2593,2584,0.820679721519,0.806873894428,76,7.6,27,2,2680,2670,0.926524395883,0.911184588004,75,7.5,26,2,2053,2050,-0.019941750243,-0.024543692606,75,7.5,26,0
127,2026-09-05T04:52:45.342872+00:00,172726593000000,172726625000000,7.469000000,online_inference,1,0,2089,2088,0.101242732000,0.099708751213,76,7.6,27,0,2658,2667,0.908116626428,0.921922453519,75,7.5,26,1,2593,2584,0.820679721519,0.806873894428,76,7.6,27,1,2680,2670,0.926524395883,0.911184588004,75,7.5,26,2,2053,2050,-0.019941750243,-0.024543692606,75,7.5,26,0
128,2026-09-05T04:52:45.404368+00:00,172726640000000,172726671000000,7.515000000,online_inference,1,0,2089,2088,0.101242732000,0.099708751213,76,7.6,27,0,2658,2667,0.908116626428,0.921922453519,75,7.5,26,1,2593,2584,0.820679721519,0.806873894428,76,7.6,27,1,2680,2670,0.926524395883,0.911184588004,75,7.5,26,1,2053,2050,-0.019941750243,-0.024543692606,75,7.5,26,1
129,2026-09-05T04:52:45.461037+00:00,172726687000000,172726734000000,7.578000000,online_inference,1,0,2089,2088,0.101242732000,0.099708751213,76,7.6,27,0,2658,2667,0.908116626428,0.921922453519,75,7.5,26,2,2593,2584,0.820679721519,0.806873894428,76,7.6,27,2,2680,2670,0.926524395883,0.911184588004,75,7.5,26,1,2053,2050,-0.019941750243,-0.024543692606,75,7.5,26,1
130,2026-09-05T04:52:45.510484+00:00,172726750000000,172726781000000,7.625000000,online_inference,1,0,2089,2088,0.101242732000,0.099708751213,76,7.6,27,0,2658,2667,0.908116626428,0.921922453519,75,7.5,26,1,2593,2584,0.820679721519,0.806873894428,76,7.6,27,2,2680,2670,0.926524395883,0.911184588004,75,7.5,26,2,2053,2050,-0.019941750243,-0.024543692606,75,7.5,26,1
131,2026-09-05T04:52:45.567879+00:00,172726796000000,172726843000000,7.687000000,online_inference,1,0,2089,2088,0.101242732000,0.099708751213,76,7.6,27,0,2658,2667,0.908116626428,0.921922453519,75,7.5,26,1,2593,2584,0.820679721519,0.806873894428,76,7.6,27,1,2680,2670,0.926524395883,0.911184588004,75,7.5,26,2,2053,2050,-0.019941750243,-0.024543692606,75,7.5,26,1
132,2026-09-05T04:52:45.616956+00:00,172726859000000,172726890000000,7.734000000,online_inference,1,0,2089,2088,0.101242732000,0.099708751213,76,7.6,27,0,2658,2667,0.908116626428,0.921922453519,75,7.5,26,2,2593,2584,0.820679721519,0.806873894428,76,7.6,27,2,2680,2670,0.926524395883,0.911184588004,75,7.5,26,2,2053,2050,-0.019941750243,-0.024543692606,75,7.5,26,1
133,2026-09-05T04:52:45.666091+00:00,172726906000000,172726937000000,7.781000000,online_inference,1,0,2089,2088,0.101242732000,0.099708751213,76,7.6,27,0,2658,2667,0.908116626428,0.921922453519,75,7.5,26,1,2593,2584,0.820679721519,0.806873894428,76,7.6,27,2,2680,2670,0.926524395883,0.911184588004,75,7.5,26,2,2053,2050,-0.019941750243,-0.024543692606,75,7.5,26,1
134,2026-09-05T04:52:45.712290+00:00,172726953000000,172726984000000,7.828000000,online_inference,1,0,2089,2088,0.101242732000,0.099708751213,76,7.6,27,0,2658,2667,0.908116626428,0.921922453519,75,7.5,26,2,2593,2584,0.820679721519,0.806873894428,76,7.6,27,1,2680,2670,0.926524395883,0.911184588004,75,7.5,26,2,2053,2050,-0.019941750243,-0.024543692606,75,7.5,26,0
135,2026-09-05T04:52:45.765102+00:00,172727000000000,172727046000000,7.890000000,online_inference,1,0,2089,2088,0.101242732000,0.099708751213,76,7.6,27,0,2658,2667,0.908116626428,0.921922453519,75,7.5,26,1,2593,2584,0.820679721519,0.806873894428,76,7.6,27,1,2680,2670,0.926524395883,0.911184588004,75,7.5,26,2,2053,2050,-0.019941750243,-0.024543692606,75,7.5,26,1
136,2026-09-05T04:52:45.820211+00:00,172727062000000,172727093000000,7.937000000,online_inference,1,0,2089,2088,0.101242732000,0.099708751213,76,7.6,27,0,2658,2667,0.908116626428,0.921922453519,75,7.5,26,2,2593,2584,0.820679721519,0.806873894428,76,7.6,27,1,2680,2670,0.926524395883,0.911184588004,75,7.5,26,2,2053,2050,-0.019941750243,-0.024543692606,75,7.5,26,1
137,2026-09-05T04:52:45.876468+00:00,172727109000000,172727156000000,8.000000000,online_inference,1,0,2089,2088,0.101242732000,0.099708751213,76,7.6,27,0,2658,2667,0.908116626428,0.921922453519,75,7.5,26,2,2593,2584,0.820679721519,0.806873894428,76,7.6,27,1,2680,2670,0.926524395883,0.911184588004,75,7.5,26,2,2053,2050,-0.019941750243,-0.024543692606,76,7.6,26,0
138,2026-09-05T04:52:45.930696+00:00,172727171000000,172727203000000,8.047000000,online_inference,1,0,2089,2088,0.101242732000,0.099708751213,76,7.6,27,0,2658,2667,0.908116626428,0.921922453519,75,7.5,26,2,2593,2584,0.820679721519,0.806873894428,76,7.6,27,1,2680,2670,0.926524395883,0.911184588004,75,7.5,26,2,2053,2050,-0.019941750243,-0.024543692606,76,7.6,26,0
139,2026-09-05T04:52:45.982166+00:00,172727218000000,172727250000000,8.094000000,online_inference,1,0,2089,2088,0.101242732000,0.099708751213,76,7.6,27,0,2658,2667,0.908116626428,0.921922453519,75,7.5,26,1,2593,2584,0.820679721519,0.806873894428,75,7.5,27,1,2680,2670,0.926524395883,0.911184588004,75,7.5,26,1,2053,2050,-0.019941750243,-0.024543692606,75,7.5,26,1
140,2026-09-05T04:52:46.035536+00:00,172727265000000,172727312000000,8.156000000,online_inference,1,0,2089,2088,0.101242732000,0.099708751213,76,7.6,27,0,2658,2667,0.908116626428,0.921922453519,75,7.5,26,1,2593,2584,0.820679721519,0.806873894428,76,7.6,27,1,2680,2670,0.926524395883,0.911184588004,75,7.5,26,2,2053,2050,-0.019941750243,-0.024543692606,75,7.5,26,1
141,2026-09-05T04:52:46.095693+00:00,172727328000000,172727375000000,8.219000000,online_inference,1,0,2089,2088,0.101242732000,0.099708751213,76,7.6,27,0,2658,2667,0.908116626428,0.921922453519,75,7.5,26,1,2593,2584,0.820679721519,0.806873894428,76,7.6,27,2,2680,2670,0.926524395883,0.911184588004,75,7.5,26,2,2053,2050,-0.019941750243,-0.024543692606,75,7.5,26,0
142,2026-09-05T04:52:46.153416+00:00,172727390000000,172727421000000,8.265000000,online_inference,1,0,2089,2088,0.101242732000,0.099708751213,76,7.6,27,0,2658,2667,0.908116626428,0.921922453519,75,7.5,26,1,2593,2584,0.820679721519,0.806873894428,76,7.6,27,1,2680,2670,0.926524395883,0.911184588004,75,7.5,26,2,2053,2050,-0.019941750243,-0.024543692606,75,7.5,26,1
143,2026-09-05T04:52:46.199379+00:00,172727437000000,172727468000000,8.312000000,online_inference,1,0,2089,2088,0.101242732000,0.099708751213,76,7.6,27,0,2658,2667,0.908116626428,0.921922453519,75,7.5,26,1,2593,2584,0.820679721519,0.806873894428,75,7.5,27,1,2680,2670,0.926524395883,0.911184588004,75,7.5,26,2,2053,2050,-0.019941750243,-0.024543692606,75,7.5,26,1
144,2026-09-05T04:52:46.253598+00:00,172727484000000,172727531000000,8.375000000,online_inference,1,0,2089,2088,0.101242732000,0.099708751213,76,7.6,27,0,2658,2667,0.908116626428,0.921922453519,75,7.5,26,1,2593,2584,0.820679721519,0.806873894428,76,7.6,27,1,2680,2670,0.926524395883,0.911184588004,75,7.5,26,2,2053,2050,-0.019941750243,-0.024543692606,76,7.6,26,1
145,2026-09-05T04:52:46.310013+00:00,172727546000000,172727578000000,8.422000000,online_inference,1,0,2089,2088,0.101242732000,0.099708751213,76,7.6,27,0,2658,2667,0.908116626428,0.921922453519,75,7.5,26,2,2593,2584,0.820679721519,0.806873894428,75,7.5,27,2,2680,2670,0.926524395883,0.911184588004,75,7.5,26,1,2053,2050,-0.019941750243,-0.024543692606,75,7.5,26,1
146,2026-09-05T04:52:46.353775+00:00,172727593000000,172727625000000,8.469000000,online_inference,1,0,2089,2088,0.101242732000,0.099708751213,76,7.6,27,0,2658,2667,0.908116626428,0.921922453519,75,7.5,26,2,2593,2584,0.820679721519,0.806873894428,76,7.6,27,2,2680,2670,0.926524395883,0.911184588004,75,7.5,26,1,2053,2050,-0.019941750243,-0.024543692606,75,7.5,26,1
147,2026-09-05T04:52:46.405288+00:00,172727640000000,172727687000000,8.531000000,online_inference,1,0,2089,2088,0.101242732000,0.099708751213,76,7.6,27,0,2658,2667,0.908116626428,0.921922453519,75,7.5,26,2,2593,2584,0.820679721519,0.806873894428,76,7.6,27,2,2680,2670,0.926524395883,0.911184588004,75,7.5,26,2,2053,2050,-0.019941750243,-0.024543692606,75,7.5,26,1
148,2026-09-05T04:52:46.457188+00:00,172727703000000,172727734000000,8.578000000,online_inference,1,0,2089,2088,0.101242732000,0.099708751213,76,7.6,27,0,2658,2667,0.908116626428,0.921922453519,75,7.5,26,1,2593,2584,0.820679721519,0.806873894428,76,7.6,27,2,2680,2670,0.926524395883,0.911184588004,75,7.5,26,2,2053,2050,-0.019941750243,-0.024543692606,75,7.5,26,0
149,2026-09-05T04:52:46.514495+00:00,172727750000000,172727796000000,8.640000000,online_inference,1,0,2089,2088,0.101242732000,0.099708751213,76,7.6,27,0,2658,2667,0.908116626428,0.921922453519,75,7.5,26,1,2593,2584,0.820679721519,0.806873894428,76,7.6,27,1,2680,2670,0.926524395883,0.911184588004,75,7.5,26,2,2053,2050,-0.019941750243,-0.024543692606,75,7.5,26,1
150,2026-09-05T04:52:46.569149+00:00,172727812000000,172727843000000,8.687000000,online_inference,1,0,2089,2088,0.101242732000,0.099708751213,76,7.6,27,0,2658,2667,0.908116626428,0.921922453519,75,7.5,26,2,2593,2584,0.820679721519,0.806873894428,76,7.6,27,1,2680,2670,0.926524395883,0.911184588004,75,7.5,26,2,2053,2050,-0.019941750243,-0.024543692606,75,7.5,26,1
151,2026-09-05T04:52:46.632146+00:00,172727859000000,172727906000000,8.750000000,online_inference,1,0,2089,2088,0.101242732000,0.099708751213,76,7.6,27,0,2658,2667,0.908116626428,0.921922453519,75,7.5,26,2,2593,2584,0.820679721519,0.806873894428,76,7.6,27,2,2680,2670,0.926524395883,0.911184588004,75,7.5,27,2,2053,2050,-0.019941750243,-0.024543692606,75,7.5,26,0
152,2026-09-05T04:52:46.680878+00:00,172727921000000,172727953000000,8.797000000,online_inference,1,0,2089,2088,0.101242732000,0.099708751213,76,7.6,27,0,2658,2667,0.908116626428,0.921922453519,75,7.5,26,1,2593,2584,0.820679721519,0.806873894428,76,7.6,27,1,2680,2670,0.926524395883,0.911184588004,75,7.5,26,2,2053,2050,-0.019941750243,-0.024543692606,75,7.5,26,1
153,2026-09-05T04:52:46.726898+00:00,172727968000000,172728000000000,8.844000000,online_inference,1,0,2089,2088,0.101242732000,0.099708751213,76,7.6,27,0,2658,2667,0.908116626428,0.921922453519,75,7.5,26,1,2593,2584,0.820679721519,0.806873894428,76,7.6,27,2,2680,2670,0.926524395883,0.911184588004,75,7.5,26,2,2053,2050,-0.019941750243,-0.024543692606,75,7.5,26,0
154,2026-09-05T04:52:46.778450+00:00,172728015000000,172728046000000,8.890000000,online_inference,1,0,2089,2088,0.101242732000,0.099708751213,76,7.6,27,0,2658,2667,0.908116626428,0.921922453519,75,7.5,26,1,2593,2584,0.820679721519,0.806873894428,76,7.6,27,1,2680,2670,0.926524395883,0.911184588004,75,7.5,26,2,2053,2050,-0.019941750243,-0.024543692606,75,7.5,26,1
155,2026-09-05T04:52:46.826397+00:00,172728062000000,172728093000000,8.937000000,online_inference,1,0,2089,2088,0.101242732000,0.099708751213,76,7.6,27,0,2658,2667,0.908116626428,0.921922453519,75,7.5,26,1,2593,2584,0.820679721519,0.806873894428,76,7.6,27,1,2680,2670,0.926524395883,0.911184588004,75,7.5,26,2,2053,2050,-0.019941750243,-0.024543692606,75,7.5,26,0
156,2026-09-05T04:52:46.886927+00:00,172728109000000,172728156000000,9.000000000,online_inference,1,0,2089,2088,0.101242732000,0.099708751213,76,7.6,27,0,2658,2667,0.908116626428,0.921922453519,75,7.5,26,2,2593,2584,0.820679721519,0.806873894428,76,7.6,27,1,2680,2670,0.926524395883,0.911184588004,75,7.5,26,2,2053,2050,-0.019941750243,-0.024543692606,75,7.5,26,1
157,2026-09-05T04:52:46.925942+00:00,172728171000000,172728203000000,9.047000000,online_inference,1,0,2089,2088,0.101242732000,0.099708751213,76,7.6,27,0,2658,2667,0.908116626428,0.921922453519,75,7.5,26,1,2593,2584,0.820679721519,0.806873894428,76,7.6,27,2,2680,2670,0.926524395883,0.911184588004,75,7.5,26,1,2053,2050,-0.019941750243,-0.024543692606,75,7.5,26,1
158,2026-09-05T04:52:46.989868+00:00,172728218000000,172728265000000,9.109000000,online_inference,1,0,2089,2088,0.101242732000,0.099708751213,76,7.6,27,0,2658,2667,0.908116626428,0.921922453519,75,7.5,26,2,2593,2584,0.820679721519,0.806873894428,76,7.6,27,1,2680,2670,0.926524395883,0.911184588004,75,7.5,26,1,2053,2050,-0.019941750243,-0.024543692606,75,7.5,26,1
159,2026-09-05T04:52:47.039610+00:00,172728281000000,172728312000000,9.156000000,online_inference,1,0,2089,2088,0.101242732000,0.099708751213,76,7.6,27,0,2658,2667,0.908116626428,0.921922453519,75,7.5,26,1,2593,2584,0.820679721519,0.806873894428,76,7.6,27,1,2680,2670,0.926524395883,0.911184588004,75,7.5,26,1,2053,2050,-0.019941750243,-0.024543692606,75,7.5,26,0
160,2026-09-05T04:52:47.094212+00:00,172728328000000,172728375000000,9.219000000,online_inference,1,0,2089,2088,0.101242732000,0.099708751213,76,7.6,27,0,2658,2667,0.908116626428,0.921922453519,75,7.5,26,2,2593,2584,0.820679721519,0.806873894428,76,7.6,27,1,2680,2670,0.926524395883,0.911184588004,75,7.5,26,2,2053,2050,-0.019941750243,-0.024543692606,75,7.5,26,1
161,2026-09-05T04:52:47.149101+00:00,172728390000000,172728421000000,9.265000000,online_inference,1,0,2089,2088,0.101242732000,0.099708751213,76,7.6,27,0,2658,2667,0.908116626428,0.921922453519,75,7.5,26,1,2593,2584,0.820679721519,0.806873894428,76,7.6,27,2,2680,2670,0.926524395883,0.911184588004,75,7.5,26,1,2053,2050,-0.019941750243,-0.024543692606,75,7.5,26,1
162,2026-09-05T04:52:47.194745+00:00,172728437000000,172728468000000,9.312000000,online_inference,1,0,2089,2088,0.101242732000,0.099708751213,76,7.6,27,0,2658,2667,0.908116626428,0.921922453519,75,7.5,26,2,2593,2584,0.820679721519,0.806873894428,76,7.6,27,2,2680,2670,0.926524395883,0.911184588004,75,7.5,26,2,2053,2050,-0.019941750243,-0.024543692606,75,7.5,26,1
163,2026-09-05T04:52:47.246101+00:00,172728484000000,172728515000000,9.359000000,online_inference,1,0,2089,2088,0.101242732000,0.099708751213,76,7.6,27,0,2658,2667,0.908116626428,0.921922453519,75,7.5,26,1,2593,2584,0.820679721519,0.806873894428,76,7.6,27,1,2680,2670,0.926524395883,0.911184588004,75,7.5,26,2,2053,2050,-0.019941750243,-0.024543692606,76,7.6,26,1
164,2026-09-05T04:52:47.295580+00:00,172728531000000,172728578000000,9.422000000,online_inference,1,0,2089,2088,0.101242732000,0.099708751213,76,7.6,27,0,2658,2667,0.908116626428,0.921922453519,75,7.5,26,1,2593,2584,0.820679721519,0.806873894428,76,7.6,27,2,2680,2670,0.926524395883,0.911184588004,75,7.5,26,1,2053,2050,-0.019941750243,-0.024543692606,75,7.5,26,1
165,2026-09-05T04:52:47.353215+00:00,172728593000000,172728625000000,9.469000000,online_inference,1,0,2089,2088,0.101242732000,0.099708751213,76,7.6,27,0,2658,2667,0.908116626428,0.921922453519,75,7.5,26,2,2593,2584,0.820679721519,0.806873894428,75,7.5,27,2,2680,2670,0.926524395883,0.911184588004,75,7.5,26,2,2053,2050,-0.019941750243,-0.024543692606,75,7.5,26,1
166,2026-09-05T04:52:47.395732+00:00,172728640000000,172728671000000,9.515000000,online_inference,1,0,2089,2088,0.101242732000,0.099708751213,76,7.6,27,0,2658,2667,0.908116626428,0.921922453519,75,7.5,26,1,2593,2584,0.820679721519,0.806873894428,76,7.6,27,1,2680,2670,0.926524395883,0.911184588004,75,7.5,26,2,2053,2050,-0.019941750243,-0.024543692606,75,7.5,26,1
167,2026-09-05T04:52:47.458610+00:00,172728687000000,172728734000000,9.578000000,online_inference,1,0,2089,2088,0.101242732000,0.099708751213,76,7.6,27,0,2658,2667,0.908116626428,0.921922453519,75,7.5,26,1,2593,2584,0.820679721519,0.806873894428,76,7.6,27,1,2680,2670,0.926524395883,0.911184588004,75,7.5,26,2,2053,2050,-0.019941750243,-0.024543692606,75,7.5,26,0
168,2026-09-05T04:52:47.508024+00:00,172728750000000,172728781000000,9.625000000,online_inference,1,0,2089,2088,0.101242732000,0.099708751213,76,7.6,27,0,2658,2667,0.908116626428,0.921922453519,75,7.5,26,1,2593,2584,0.820679721519,0.806873894428,76,7.6,27,2,2680,2670,0.926524395883,0.911184588004,75,7.5,26,1,2053,2050,-0.019941750243,-0.024543692606,75,7.5,26,0
169,2026-09-05T04:52:47.567078+00:00,172728796000000,172728843000000,9.687000000,online_inference,1,0,2089,2088,0.101242732000,0.099708751213,76,7.6,27,0,2658,2667,0.908116626428,0.921922453519,75,7.5,26,2,2593,2584,0.820679721519,0.806873894428,76,7.6,27,2,2680,2670,0.926524395883,0.911184588004,75,7.5,26,2,2053,2050,-0.019941750243,-0.024543692606,75,7.5,26,1
170,2026-09-05T04:52:47.624695+00:00,172728859000000,172728906000000,9.750000000,online_inference,1,0,2089,2088,0.101242732000,0.099708751213,76,7.6,27,0,2658,2667,0.908116626428,0.921922453519,75,7.5,26,2,2593,2584,0.820679721519,0.806873894428,76,7.6,27,1,2680,2670,0.926524395883,0.911184588004,75,7.5,26,1,2053,2050,-0.019941750243,-0.024543692606,76,7.6,26,1
171,2026-09-05T04:52:47.674918+00:00,172728921000000,172728953000000,9.797000000,online_inference,1,0,2089,2088,0.101242732000,0.099708751213,76,7.6,27,0,2658,2667,0.908116626428,0.921922453519,75,7.5,26,1,2593,2584,0.820679721519,0.806873894428,76,7.6,27,2,2680,2670,0.926524395883,0.911184588004,75,7.5,27,2,2053,2050,-0.019941750243,-0.024543692606,75,7.5,26,1
172,2026-09-05T04:52:47.722561+00:00,172728968000000,172729000000000,9.844000000,online_inference,1,0,2089,2088,0.101242732000,0.099708751213,76,7.6,27,0,2658,2667,0.908116626428,0.921922453519,75,7.5,26,2,2593,2584,0.820679721519,0.806873894428,76,7.6,27,1,2680,2670,0.926524395883,0.911184588004,75,7.5,26,1,2053,2050,-0.019941750243,-0.024543692606,76,7.6,26,1
173,2026-09-05T04:52:47.770030+00:00,172729015000000,172729046000000,9.890000000,online_archive,1,0,2089,2088,0.101242732000,0.099708751213,76,7.6,27,0,2658,2667,0.908116626428,0.921922453519,75,7.5,26,1,2593,2584,0.820679721519,0.806873894428,76,7.6,27,1,2680,2670,0.926524395883,0.911184588004,75,7.5,26,2,2053,2050,-0.019941750243,-0.024543692606,75,7.5,26,0
174,2026-09-05T04:52:47.818146+00:00,172729062000000,172729093000000,9.937000000,online_archive,1,0,2089,2088,0.101242732000,0.099708751213,76,7.6,27,0,2658,2667,0.908116626428,0.921922453519,75,7.5,26,2,2593,2584,0.820679721519,0.806873894428,76,7.6,27,2,2680,2670,0.926524395883,0.911184588004,75,7.5,26,2,2053,2050,-0.019941750243,-0.024543692606,75,7.5,26,0
175,2026-09-05T04:52:47.886621+00:00,172729125000000,172729156000000,10.000000000,fixed_trajectory,1,0,2089,2088,0.101242732000,0.099708751213,76,7.6,27,0,2658,2667,0.908116626428,0.921922453519,75,7.5,26,2,2593,2584,0.820679721519,0.806873894428,76,7.6,27,2,2680,2670,0.926524395883,0.911184588004,75,7.5,26,1,2053,2050,-0.019941750243,-0.024543692606,75,7.5,26,0
176,2026-09-05T04:52:47.925266+00:00,172729171000000,172729203000000,10.047000000,fixed_trajectory,1,0,2089,2088,0.101242732000,0.099708751213,76,7.6,27,0,2658,2667,0.908116626428,0.921922453519,75,7.5,26,2,2593,2584,0.820679721519,0.806873894428,76,7.6,27,1,2680,2669,0.926524395883,0.909650607216,75,7.5,26,2,2053,2050,-0.019941750243,-0.024543692606,75,7.5,26,1
177,2026-09-05T04:52:47.969393+00:00,172729218000000,172729250000000,10.094000000,fixed_trajectory,1,0,2089,2088,0.101242732000,0.099708751213,76,7.6,27,0,2658,2668,0.908116626428,0.923456434307,75,7.5,26,1,2593,2583,0.820679721519,0.805339913640,76,7.6,27,2,2680,2668,0.926524395883,0.908116626428,75,7.5,27,2,2053,2049,-0.019941750243,-0.026077673394,75,7.5,26,1
178,2026-09-05T04:52:48.023880+00:00,172729265000000,172729296000000,10.140000000,fixed_trajectory,1,0,2089,2088,0.101242732000,0.099708751213,76,7.6,27,0,2658,2668,0.908116626428,0.923456434307,75,7.5,26,2,2591,2583,0.817611759943,0.805339913640,76,7.6,27,1,2680,2667,0.926524395883,0.906582645640,75,7.5,26,3,2053,2049,-0.019941750243,-0.026077673394,75,7.5,26,0
179,2026-09-05T04:52:48.068645+00:00,172729312000000,172729343000000,10.187000000,fixed_trajectory,1,0,2089,2088,0.101242732000,0.099708751213,76,7.6,27,0,2658,2669,0.908116626428,0.924990415095,75,7.5,26,2,2589,2582,0.814543798367,0.803805932852,75,7.5,27,1,2680,2666,0.926524395883,0.905048664853,75,7.5,27,1,2053,2048,-0.019941750243,-0.027611654182,75,7.5,26,1
180,2026-09-05T04:52:48.123568+00:00,172729359000000,172729406000000,10.250000000,fixed_trajectory,1,0,2089,2088,0.101242732000,0.099708751213,76,7.6,27,0,2661,2669,0.912718568792,0.924990415095,75,7.5,26,1,2587,2582,0.811475836792,0.803805932852,76,7.6,27,1,2678,2665,0.923456434307,0.903514684065,75,7.5,26,1,2053,2048,-0.019941750243,-0.027611654182,75,7.5,26,1
181,2026-09-05T04:52:48.189014+00:00,172729437000000,172729468000000,10.312000000,fixed_trajectory,1,0,2089,2088,0.101242732000,0.099708751213,76,7.6,27,0,2662,2670,0.914252549580,0.926524395883,75,7.5,26,1,2587,2582,0.811475836792,0.803805932852,76,7.6,28,1,2674,2664,0.917320511156,0.901980703277,75,7.5,26,1,2053,2047,-0.019941750243,-0.029145634970,75,7.5,26,1
182,2026-09-05T04:52:48.233272+00:00,172729484000000,172729515000000,10.359000000,fixed_trajectory,1,0,2089,2088,0.101242732000,0.099708751213,76,7.6,27,0,2662,2670,0.914252549580,0.926524395883,75,7.5,26,1,2587,2581,0.811475836792,0.802271952064,76,7.6,27,1,2672,2663,0.914252549580,0.900446722489,75,7.5,26,1,2053,2047,-0.019941750243,-0.029145634970,75,7.5,26,1
183,2026-09-05T04:52:48.285801+00:00,172729531000000,172729562000000,10.406000000,fixed_trajectory,1,0,2089,2088,0.101242732000,0.099708751213,76,7.6,27,0,2662,2671,0.914252549580,0.928058376671,75,7.5,26,1,2587,2581,0.811475836792,0.802271952064,76,7.6,27,1,2670,2662,0.911184588004,0.898912741701,75,7.5,26,1,2053,2046,-0.019941750243,-0.030679615758,75,7.5,26,2
184,2026-09-05T04:52:48.335830+00:00,172729578000000,172729609000000,10.453000000,fixed_trajectory,1,0,2089,2088,0.101242732000,0.099708751213,76,7.6,27,0,2662,2671,0.914252549580,0.928058376671,75,7.5,26,1,2587,2581,0.811475836792,0.802271952064,75,7.5,27,1,2670,2661,0.911184588004,0.897378760913,75,7.5,26,1,2053,2046,-0.019941750243,-0.030679615758,75,7.5,26,1
185,2026-09-05T04:52:48.380961+00:00,172729625000000,172729656000000,10.500000000,fixed_trajectory,1,0,2089,2088,0.101242732000,0.099708751213,76,7.6,27,0,2662,2672,0.914252549580,0.929592357459,75,7.5,26,1,2587,2580,0.811475836792,0.800737971276,75,7.5,27,1,2670,2660,0.911184588004,0.895844780125,75,7.5,26,2,2053,2045,-0.019941750243,-0.032213596546,75,7.5,26,1
186,2026-09-05T04:52:48.425250+00:00,172729671000000,172729703000000,10.547000000,fixed_trajectory,1,0,2089,2088,0.101242732000,0.099708751213,76,7.6,27,0,2662,2672,0.914252549580,0.929592357459,75,7.5,26,2,2587,2580,0.811475836792,0.800737971276,76,7.6,27,1,2670,2659,0.911184588004,0.894310799337,75,7.5,26,2,2051,2045,-0.023009711818,-0.032213596546,75,7.5,26,1
187,2026-09-05T04:52:48.489331+00:00,172729734000000,172729765000000,10.609000000,fixed_trajectory,1,0,2089,2088,0.101242732000,0.099708751213,76,7.6,27,0,2662,2673,0.914252549580,0.931126338247,75,7.5,26,2,2587,2579,0.811475836792,0.799203990488,76,7.6,27,1,2670,2658,0.911184588004,0.892776818549,75,7.5,26,2,2047,2044,-0.029145634970,-0.033747577333,75,7.5,26,1
188,2026-09-05T04:52:48.527471+00:00,172729781000000,172729796000000,10.640000000,fixed_trajectory,1,0,2089,2088,0.101242732000,0.099708751213,76,7.6,27,0,2662,2673,0.914252549580,0.931126338247,75,7.5,26,2,2587,2579,0.811475836792,0.799203990488,76,7.6,27,1,2670,2657,0.911184588004,0.891242837762,75,7.5,26,2,2047,2044,-0.029145634970,-0.033747577333,75,7.5,26,0
189,2026-09-05T04:52:48.583239+00:00,172729828000000,172729859000000,10.703000000,fixed_trajectory,1,0,2089,2088,0.101242732000,0.099708751213,76,7.6,27,0,2662,2674,0.914252549580,0.932660319034,75,7.5,26,2,2587,2579,0.811475836792,0.799203990488,76,7.6,27,1,2669,2656,0.909650607216,0.889708856974,75,7.5,26,1,2047,2043,-0.029145634970,-0.035281558121,75,7.5,26,1
190,2026-09-05T04:52:48.624549+00:00,172729875000000,172729906000000,10.750000000,fixed_trajectory,1,0,2089,2088,0.101242732000,0.099708751213,76,7.6,27,0,2662,2674,0.914252549580,0.932660319034,75,7.5,26,2,2587,2578,0.811475836792,0.797670009701,75,7.5,27,1,2666,2655,0.905048664853,0.888174876186,75,7.5,26,1,2047,2043,-0.029145634970,-0.035281558121,75,7.5,26,1
191,2026-09-05T04:52:48.800598+00:00,172730046000000,172730078000000,10.922000000,fixed_trajectory,1,0,2089,2088,0.101242732000,0.099708751213,76,7.6,27,0,2666,2675,0.920388472731,0.934194299822,75,7.5,26,1,2587,2578,0.811475836792,0.797670009701,76,7.6,27,2,2662,2654,0.898912741701,0.886640895398,75,7.5,27,2,2047,2042,-0.029145634970,-0.036815538909,75,7.5,26,2
192,2026-09-05T04:52:48.845000+00:00,172730093000000,172730125000000,10.969000000,fixed_trajectory,1,0,2089,2088,0.101242732000,0.099708751213,76,7.6,27,0,2666,2675,0.920388472731,0.934194299822,75,7.5,26,1,2587,2578,0.811475836792,0.797670009701,76,7.6,27,2,2662,2653,0.898912741701,0.885106914610,75,7.5,26,2,2047,2042,-0.029145634970,-0.036815538909,75,7.5,26,0
193,2026-09-05T04:52:48.892190+00:00,172730140000000,172730171000000,11.015000000,fixed_trajectory,1,0,2089,2088,0.101242732000,0.099708751213,76,7.6,27,0,2666,2676,0.920388472731,0.935728280610,75,7.5,26,2,2587,2577,0.811475836792,0.796136028913,76,7.6,27,1,2662,2652,0.898912741701,0.883572933822,75,7.5,26,1,2047,2041,-0.029145634970,-0.038349519697,75,7.5,26,1
194,2026-09-05T04:52:48.946791+00:00,172730187000000,172730218000000,11.062000000,fixed_trajectory,1,0,2089,2088,0.101242732000,0.099708751213,76,7.6,27,0,2666,2676,0.920388472731,0.935728280610,75,7.5,26,2,2585,2577,0.808407875216,0.796136028913,76,7.6,27,1,2662,2651,0.898912741701,0.882038953034,75,7.5,26,1,2047,2041,-0.029145634970,-0.038349519697,75,7.5,26,1
195,2026-09-05T04:52:48.988906+00:00,172730234000000,172730265000000,11.109000000,fixed_trajectory,1,0,2089,2088,0.101242732000,0.099708751213,76,7.6,27,0,2666,2677,0.920388472731,0.937262261398,75,7.5,26,2,2583,2576,0.805339913640,0.794602048125,76,7.6,27,1,2662,2650,0.898912741701,0.880504972246,75,7.5,26,2,2044,2040,-0.033747577333,-0.039883500485,75,7.5,26,0
196,2026-09-05T04:52:49.036162+00:00,172730281000000,172730312000000,11.156000000,fixed_trajectory,1,0,2089,2088,0.101242732000,0.099708751213,76,7.6,27,0,2667,2677,0.921922453519,0.937262261398,75,7.5,26,1,2581,2576,0.802271952064,0.794602048125,75,7.5,27,0,2662,2649,0.898912741701,0.878970991458,75,7.5,26,2,2043,2040,-0.035281558121,-0.039883500485,75,7.5,26,1
197,2026-09-05T04:52:49.092583+00:00,172730343000000,172730375000000,11.219000000,fixed_trajectory,1,0,2089,2088,0.101242732000,0.099708751213,76,7.6,27,0,2668,2678,0.923456434307,0.938796242186,75,7.5,26,0,2581,2576,0.802271952064,0.794602048125,76,7.6,27,0,2662,2648,0.898912741701,0.877437010671,75,7.5,26,1,2041,2039,-0.038349519697,-0.041417481273,75,7.5,26,0
198,2026-09-05T04:52:49.145111+00:00,172730390000000,172730421000000,11.265000000,fixed_trajectory,1,0,2089,2088,0.101242732000,0.099708751213,76,7.6,27,0,2671,2678,0.928058376671,0.938796242186,75,7.5,26,1,2581,2575,0.802271952064,0.793068067337,76,7.6,27,1,2657,2647,0.891242837762,0.875903029883,75,7.5,26,1,2041,2039,-0.038349519697,-0.041417481273,76,7.6,26,1
199,2026-09-05T04:52:49.193744+00:00,172730437000000,172730468000000,11.312000000,fixed_trajectory,1,0,2089,2088,0.101242732000,0.099708751213,76,7.6,27,0,2672,2679,0.929592357459,0.940330222974,75,7.5,26,1,2581,2575,0.802271952064,0.793068067337,76,7.6,27,1,2655,2646,0.888174876186,0.874369049095,75,7.5,26,0,2041,2038,-0.038349519697,-0.042951462061,75,7.5,26,1
200,2026-09-05T04:52:49.246718+00:00,172730484000000,172730515000000,11.359000000,fixed_trajectory,1,0,2089,2088,0.101242732000,0.099708751213,76,7.6,27,0,2672,2679,0.929592357459,0.940330222974,75,7.5,26,1,2581,2575,0.802271952064,0.793068067337,76,7.6,27,1,2652,2645,0.883572933822,0.872835068307,75,7.5,26,1,2041,2038,-0.038349519697,-0.042951462061,76,7.6,26,1
201,2026-09-05T04:52:49.415164+00:00,172730656000000,172730687000000,11.531000000,fixed_trajectory,1,0,2089,2088,0.101242732000,0.099708751213,76,7.6,27,0,2672,2680,0.929592357459,0.941864203762,75,7.5,26,1,2581,2574,0.802271952064,0.791534086549,76,7.6,27,1,2650,2644,0.880504972246,0.871301087519,75,7.5,26,1,2041,2037,-0.038349519697,-0.044485442849,75,7.5,26,0
202,2026-09-05T04:52:49.457886+00:00,172730703000000,172730734000000,11.578000000,fixed_trajectory,1,0,2089,2088,0.101242732000,0.099708751213,76,7.6,27,0,2672,2680,0.929592357459,0.941864203762,75,7.5,26,1,2581,2574,0.802271952064,0.791534086549,76,7.6,27,1,2650,2643,0.880504972246,0.869767106731,75,7.5,26,1,2041,2037,-0.038349519697,-0.044485442849,76,7.6,26,0
203,2026-09-05T04:52:49.505744+00:00,172730750000000,172730781000000,11.625000000,fixed_trajectory,1,0,2089,2088,0.101242732000,0.099708751213,76,7.6,27,0,2672,2681,0.929592357459,0.943398184550,75,7.5,26,1,2581,2573,0.802271952064,0.790000105761,76,7.6,27,1,2650,2642,0.880504972246,0.868233125943,75,7.5,26,1,2041,2036,-0.038349519697,-0.046019423637,75,7.5,26,1
204,2026-09-05T04:52:49.550811+00:00,172730796000000,172730828000000,11.672000000,fixed_trajectory,1,0,2089,2088,0.101242732000,0.099708751213,76,7.6,27,0,2672,2681,0.929592357459,0.943398184550,75,7.5,26,1,2581,2573,0.802271952064,0.790000105761,76,7.6,27,1,2650,2641,0.880504972246,0.866699145155,75,7.5,26,1,2041,2036,-0.038349519697,-0.046019423637,75,7.5,26,1
205,2026-09-05T04:52:49.597788+00:00,172730843000000,172730875000000,11.719000000,fixed_trajectory,1,0,2089,2088,0.101242732000,0.099708751213,76,7.6,27,0,2672,2682,0.929592357459,0.944932165338,75,7.5,26,2,2581,2573,0.802271952064,0.790000105761,76,7.6,27,2,2650,2640,0.880504972246,0.865165164368,75,7.5,26,2,2041,2035,-0.038349519697,-0.047553404424,75,7.5,26,1
206,2026-09-05T04:52:49.639024+00:00,172730890000000,172730921000000,11.765000000,fixed_trajectory,1,0,2089,2088,0.101242732000,0.099708751213,76,7.6,27,0,2672,2682,0.929592357459,0.944932165338,75,7.5,26,1,2581,2572,0.802271952064,0.788466124973,76,7.6,27,1,2650,2639,0.880504972246,0.863631183580,75,7.5,26,2,2041,2035,-0.038349519697,-0.047553404424,75,7.5,26,2
207,2026-09-05T04:52:49.709089+00:00,172730953000000,172730984000000,11.828000000,fixed_trajectory,1,0,2089,2088,0.101242732000,0.099708751213,76,7.6,27,0,2672,2683,0.929592357459,0.946466146125,75,7.5,26,2,2581,2572,0.802271952064,0.788466124973,76,7.6,27,2,2650,2638,0.880504972246,0.862097202792,75,7.5,26,2,2041,2034,-0.038349519697,-0.049087385212,75,7.5,26,1
208,2026-09-05T04:52:49.749046+00:00,172731000000000,172731031000000,11.875000000,fixed_trajectory,1,0,2089,2088,0.101242732000,0.099708751213,76,7.6,27,0,2672,2683,0.929592357459,0.946466146125,75,7.5,26,1,2581,2572,0.802271952064,0.788466124973,76,7.6,27,2,2650,2637,0.880504972246,0.860563222004,75,7.5,26,2,2041,2034,-0.038349519697,-0.049087385212,75,7.5,26,1
209,2026-09-05T04:52:49.802161+00:00,172731046000000,172731078000000,11.922000000,fixed_trajectory,1,0,2089,2088,0.101242732000,0.099708751213,76,7.6,27,0,2672,2684,0.929592357459,0.948000126913,74,7.4,26,2,2581,2571,0.802271952064,0.786932144185,76,7.6,27,2,2650,2636,0.880504972246,0.859029241216,75,7.5,26,2,2041,2033,-0.038349519697,-0.050621366000,75,7.5,26,1
210,2026-09-05T04:52:49.843526+00:00,172731093000000,172731125000000,11.969000000,fixed_trajectory,1,0,2089,2088,0.101242732000,0.099708751213,76,7.6,27,0,2672,2684,0.929592357459,0.948000126913,75,7.5,26,2,2581,2571,0.802271952064,0.786932144185,76,7.6,27,1,2650,2635,0.880504972246,0.857495260428,75,7.5,26,2,2039,2033,-0.041417481273,-0.050621366000,75,7.5,26,1
211,2026-09-05T04:52:50.022397+00:00,172731265000000,172731296000000,12.140000000,fixed_trajectory,1,0,2089,2088,0.101242732000,0.099708751213,76,7.6,27,0,2678,2685,0.938796242186,0.949534107701,75,7.5,26,1,2576,2570,0.794602048125,0.785398163397,76,7.6,27,1,2642,2634,0.868233125943,0.855961279640,75,7.5,26,1,2034,2032,-0.049087385212,-0.052155346788,75,7.5,26,0
212,2026-09-05T04:52:50.063303+00:00,172731312000000,172731343000000,12.187000000,online_observation,1,0,2089,2088,0.101242732000,0.099708751213,76,7.6,27,0,2678,2685,0.938796242186,0.949534107701,75,7.5,26,1,2574,2570,0.791534086549,0.785398163397,76,7.6,27,0,2642,2633,0.868233125943,0.854427298852,75,7.5,26,1,2034,2032,-0.049087385212,-0.052155346788,75,7.5,26,1
213,2026-09-05T04:52:50.110532+00:00,172731359000000,172731390000000,12.234000000,online_observation,1,0,2089,2088,0.101242732000,0.099708751213,76,7.6,27,0,2678,2685,0.938796242186,0.949534107701,75,7.5,26,1,2573,2570,0.790000105761,0.785398163397,75,7.5,27,0,2642,2633,0.868233125943,0.854427298852,75,7.5,26,1,2034,2032,-0.049087385212,-0.052155346788,75,7.5,26,1
214,2026-09-05T04:52:50.160097+00:00,172731406000000,172731437000000,12.281000000,online_observation,1,0,2089,2088,0.101242732000,0.099708751213,76,7.6,27,0,2678,2685,0.938796242186,0.949534107701,75,7.5,26,1,2573,2570,0.790000105761,0.785398163397,76,7.6,27,1,2642,2633,0.868233125943,0.854427298852,75,7.5,26,1,2034,2032,-0.049087385212,-0.052155346788,75,7.5,26,1
215,2026-09-05T04:52:50.199636+00:00,172731453000000,172731468000000,12.312000000,online_observation,1,0,2089,2088,0.101242732000,0.099708751213,76,7.6,27,0,2678,2685,0.938796242186,0.949534107701,75,7.5,26,1,2573,2570,0.790000105761,0.785398163397,76,7.6,27,0,2642,2633,0.868233125943,0.854427298852,75,7.5,26,2,2034,2032,-0.049087385212,-0.052155346788,75,7.5,26,1
216,2026-09-05T04:52:50.261463+00:00,172731500000000,172731531000000,12.375000000,online_observation,1,0,2089,2088,0.101242732000,0.099708751213,76,7.6,27,0,2678,2685,0.938796242186,0.949534107701,75,7.5,26,1,2573,2570,0.790000105761,0.785398163397,76,7.6,27,1,2642,2633,0.868233125943,0.854427298852,75,7.5,26,1,2034,2032,-0.049087385212,-0.052155346788,75,7.5,26,1
217,2026-09-05T04:52:50.312378+00:00,172731562000000,172731593000000,12.437000000,online_observation,1,0,2089,2088,0.101242732000,0.099708751213,76,7.6,27,0,2678,2685,0.938796242186,0.949534107701,75,7.5,26,1,2573,2570,0.790000105761,0.785398163397,76,7.6,27,0,2642,2633,0.868233125943,0.854427298852,75,7.5,26,2,2034,2032,-0.049087385212,-0.052155346788,75,7.5,26,1
218,2026-09-05T04:52:50.372950+00:00,172731609000000,172731640000000,12.484000000,online_observation,1,0,2089,2088,0.101242732000,0.099708751213,76,7.6,27,0,2678,2685,0.938796242186,0.949534107701,75,7.5,26,1,2573,2570,0.790000105761,0.785398163397,76,7.6,27,0,2642,2633,0.868233125943,0.854427298852,75,7.5,26,1,2034,2032,-0.049087385212,-0.052155346788,76,7.6,26,0
219,2026-09-05T04:52:50.408665+00:00,172731656000000,172731687000000,12.531000000,online_observation,1,0,2089,2088,0.101242732000,0.099708751213,76,7.6,27,0,2678,2685,0.938796242186,0.949534107701,75,7.5,26,1,2573,2570,0.790000105761,0.785398163397,76,7.6,27,1,2642,2633,0.868233125943,0.854427298852,75,7.5,26,2,2034,2032,-0.049087385212,-0.052155346788,76,7.6,26,1
220,2026-09-05T04:52:50.486384+00:00,172731703000000,172731765000000,12.609000000,online_inference,2,0,2089,2088,0.101242732000,0.099708751213,76,7.6,27,0,2678,2685,0.938796242186,0.949534107701,75,7.5,26,1,2573,2570,0.790000105761,0.785398163397,76,7.6,27,1,2642,2633,0.868233125943,0.854427298852,75,7.5,26,1,2034,2032,-0.049087385212,-0.052155346788,76,7.6,26,1
221,2026-09-05T04:52:50.569346+00:00,172731781000000,172731843000000,12.687000000,online_inference,2,0,2089,2088,0.101242732000,0.099708751213,76,7.6,27,0,2678,2685,0.938796242186,0.949534107701,75,7.5,26,1,2573,2570,0.790000105761,0.785398163397,76,7.6,27,1,2642,2633,0.868233125943,0.854427298852,75,7.5,26,2,2034,2032,-0.049087385212,-0.052155346788,75,7.5,26,0
222,2026-09-05T04:52:50.629282+00:00,172731859000000,172731906000000,12.750000000,online_inference,2,0,2089,2088,0.101242732000,0.099708751213,76,7.6,27,0,2678,2685,0.938796242186,0.949534107701,75,7.5,26,1,2573,2570,0.790000105761,0.785398163397,76,7.6,27,1,2642,2633,0.868233125943,0.854427298852,75,7.5,26,1,2034,2032,-0.049087385212,-0.052155346788,75,7.5,26,1
223,2026-09-05T04:52:50.685869+00:00,172731921000000,172731953000000,12.797000000,online_inference,2,0,2089,2088,0.101242732000,0.099708751213,76,7.6,27,0,2678,2685,0.938796242186,0.949534107701,75,7.5,26,1,2573,2570,0.790000105761,0.785398163397,76,7.6,27,0,2642,2633,0.868233125943,0.854427298852,75,7.5,26,2,2034,2032,-0.049087385212,-0.052155346788,75,7.5,26,1
224,2026-09-05T04:52:50.742557+00:00,172731968000000,172732015000000,12.859000000,online_inference,2,0,2089,2088,0.101242732000,0.099708751213,76,7.6,27,0,2678,2685,0.938796242186,0.949534107701,75,7.5,26,1,2573,2570,0.790000105761,0.785398163397,76,7.6,27,1,2642,2633,0.868233125943,0.854427298852,75,7.5,26,1,2034,2032,-0.049087385212,-0.052155346788,75,7.5,26,0
225,2026-09-05T04:52:50.780783+00:00,172732031000000,172732062000000,12.906000000,online_inference,2,0,2089,2088,0.101242732000,0.099708751213,76,7.6,27,0,2678,2685,0.938796242186,0.949534107701,75,7.5,26,1,2573,2570,0.790000105761,0.785398163397,76,7.6,27,1,2642,2633,0.868233125943,0.854427298852,75,7.5,26,1,2034,2032,-0.049087385212,-0.052155346788,76,7.6,26,1
226,2026-09-05T04:52:50.843184+00:00,172732078000000,172732125000000,12.969000000,online_inference,2,0,2089,2088,0.101242732000,0.099708751213,76,7.6,27,0,2678,2685,0.938796242186,0.949534107701,75,7.5,26,2,2573,2570,0.790000105761,0.785398163397,76,7.6,27,1,2642,2633,0.868233125943,0.854427298852,75,7.5,27,1,2034,2032,-0.049087385212,-0.052155346788,75,7.5,26,1
227,2026-09-05T04:52:50.903556+00:00,172732140000000,172732171000000,13.015000000,online_inference,2,0,2089,2088,0.101242732000,0.099708751213,76,7.6,27,0,2678,2685,0.938796242186,0.949534107701,75,7.5,26,1,2573,2570,0.790000105761,0.785398163397,76,7.6,27,0,2642,2633,0.868233125943,0.854427298852,75,7.5,27,1,2034,2032,-0.049087385212,-0.052155346788,75,7.5,26,0
228,2026-09-05T04:52:50.950405+00:00,172732187000000,172732218000000,13.062000000,online_inference,2,0,2089,2088,0.101242732000,0.099708751213,76,7.6,27,0,2678,2685,0.938796242186,0.949534107701,75,7.5,26,1,2573,2570,0.790000105761,0.785398163397,76,7.6,27,1,2642,2633,0.868233125943,0.854427298852,75,7.5,26,1,2034,2032,-0.049087385212,-0.052155346788,76,7.6,26,1
229,2026-09-05T04:52:51.014652+00:00,172732250000000,172732296000000,13.140000000,online_inference,2,0,2089,2088,0.101242732000,0.099708751213,76,7.6,27,0,2678,2685,0.938796242186,0.949534107701,75,7.5,26,1,2573,2570,0.790000105761,0.785398163397,76,7.6,27,1,2642,2633,0.868233125943,0.854427298852,75,7.5,26,2,2034,2032,-0.049087385212,-0.052155346788,76,7.6,26,0
230,2026-09-05T04:52:51.070613+00:00,172732312000000,172732343000000,13.187000000,online_inference,2,0,2089,2088,0.101242732000,0.099708751213,76,7.6,27,0,2678,2685,0.938796242186,0.949534107701,75,7.5,26,1,2573,2570,0.790000105761,0.785398163397,76,7.6,27,1,2642,2633,0.868233125943,0.854427298852,75,7.5,26,1,2034,2032,-0.049087385212,-0.052155346788,75,7.5,26,1
231,2026-09-05T04:52:51.123014+00:00,172732359000000,172732390000000,13.234000000,online_inference,2,0,2089,2088,0.101242732000,0.099708751213,76,7.6,27,0,2678,2685,0.938796242186,0.949534107701,75,7.5,26,1,2573,2570,0.790000105761,0.785398163397,76,7.6,27,1,2642,2633,0.868233125943,0.854427298852,75,7.5,26,1,2034,2032,-0.049087385212,-0.052155346788,76,7.6,26,1
232,2026-09-05T04:52:51.176395+00:00,172732406000000,172732453000000,13.297000000,online_inference,2,0,2089,2088,0.101242732000,0.099708751213,76,7.6,27,0,2678,2685,0.938796242186,0.949534107701,75,7.5,26,1,2573,2570,0.790000105761,0.785398163397,76,7.6,27,1,2642,2633,0.868233125943,0.854427298852,75,7.5,26,2,2034,2032,-0.049087385212,-0.052155346788,75,7.5,26,1
233,2026-09-05T04:52:51.224057+00:00,172732468000000,172732500000000,13.344000000,online_inference,2,0,2089,2088,0.101242732000,0.099708751213,76,7.6,27,0,2678,2685,0.938796242186,0.949534107701,75,7.5,26,1,2573,2570,0.790000105761,0.785398163397,76,7.6,27,1,2642,2633,0.868233125943,0.854427298852,75,7.5,26,2,2034,2032,-0.049087385212,-0.052155346788,75,7.5,26,0
234,2026-09-05T04:52:51.285721+00:00,172732515000000,172732562000000,13.406000000,online_inference,2,0,2089,2088,0.101242732000,0.099708751213,76,7.6,27,0,2678,2685,0.938796242186,0.949534107701,75,7.5,26,1,2573,2570,0.790000105761,0.785398163397,76,7.6,27,1,2642,2633,0.868233125943,0.854427298852,75,7.5,27,1,2034,2032,-0.049087385212,-0.052155346788,76,7.6,26,1
235,2026-09-05T04:52:51.334745+00:00,172732578000000,172732609000000,13.453000000,online_inference,2,0,2089,2088,0.101242732000,0.099708751213,76,7.6,27,0,2678,2685,0.938796242186,0.949534107701,75,7.5,26,2,2573,2570,0.790000105761,0.785398163397,76,7.6,27,1,2642,2633,0.868233125943,0.854427298852,75,7.5,26,1,2034,2032,-0.049087385212,-0.052155346788,75,7.5,26,0
236,2026-09-05T04:52:51.393325+00:00,172732625000000,172732671000000,13.515000000,online_inference,2,0,2089,2088,0.101242732000,0.099708751213,76,7.6,27,0,2678,2685,0.938796242186,0.949534107701,75,7.5,26,1,2573,2570,0.790000105761,0.785398163397,76,7.6,27,1,2642,2633,0.868233125943,0.854427298852,75,7.5,26,1,2034,2032,-0.049087385212,-0.052155346788,75,7.5,26,1
237,2026-09-05T04:52:51.442560+00:00,172732687000000,172732718000000,13.562000000,online_inference,2,0,2089,2088,0.101242732000,0.099708751213,76,7.6,27,0,2678,2685,0.938796242186,0.949534107701,75,7.5,26,1,2573,2570,0.790000105761,0.785398163397,76,7.6,27,1,2642,2633,0.868233125943,0.854427298852,75,7.5,26,1,2034,2032,-0.049087385212,-0.052155346788,75,7.5,26,1
238,2026-09-05T04:52:51.498059+00:00,172732734000000,172732765000000,13.609000000,online_inference,2,0,2089,2088,0.101242732000,0.099708751213,76,7.6,27,0,2678,2685,0.938796242186,0.949534107701,75,7.5,26,1,2573,2570,0.790000105761,0.785398163397,76,7.6,27,1,2642,2633,0.868233125943,0.854427298852,75,7.5,26,2,2034,2032,-0.049087385212,-0.052155346788,75,7.5,26,1
239,2026-09-05T04:52:51.545571+00:00,172732781000000,172732828000000,13.672000000,online_inference,2,0,2089,2088,0.101242732000,0.099708751213,76,7.6,27,0,2678,2685,0.938796242186,0.949534107701,75,7.5,26,1,2573,2570,0.790000105761,0.785398163397,76,7.6,27,0,2642,2633,0.868233125943,0.854427298852,75,7.5,26,2,2034,2032,-0.049087385212,-0.052155346788,75,7.5,26,1
240,2026-09-05T04:52:51.606380+00:00,172732843000000,172732875000000,13.719000000,online_inference,2,0,2089,2088,0.101242732000,0.099708751213,76,7.6,27,0,2678,2685,0.938796242186,0.949534107701,75,7.5,26,1,2573,2570,0.790000105761,0.785398163397,76,7.6,27,0,2642,2633,0.868233125943,0.854427298852,75,7.5,26,1,2034,2032,-0.049087385212,-0.052155346788,76,7.6,26,1
241,2026-09-05T04:52:51.651024+00:00,172732890000000,172732921000000,13.765000000,online_inference,2,0,2089,2088,0.101242732000,0.099708751213,76,7.6,27,0,2678,2685,0.938796242186,0.949534107701,75,7.5,26,1,2573,2570,0.790000105761,0.785398163397,76,7.6,27,0,2642,2633,0.868233125943,0.854427298852,75,7.5,26,2,2034,2032,-0.049087385212,-0.052155346788,75,7.5,26,0
242,2026-09-05T04:52:51.698888+00:00,172732937000000,172732968000000,13.812000000,online_inference,2,0,2089,2088,0.101242732000,0.099708751213,76,7.6,27,0,2678,2685,0.938796242186,0.949534107701,75,7.5,26,1,2573,2570,0.790000105761,0.785398163397,76,7.6,27,0,2642,2633,0.868233125943,0.854427298852,75,7.5,26,1,2034,2032,-0.049087385212,-0.052155346788,75,7.5,26,1
243,2026-09-05T04:52:51.753962+00:00,172732984000000,172733031000000,13.875000000,online_inference,2,0,2089,2088,0.101242732000,0.099708751213,76,7.6,27,0,2678,2685,0.938796242186,0.949534107701,75,7.5,26,2,2573,2570,0.790000105761,0.785398163397,76,7.6,27,0,2642,2633,0.868233125943,0.854427298852,75,7.5,26,1,2034,2032,-0.049087385212,-0.052155346788,75,7.5,26,0
244,2026-09-05T04:52:51.804324+00:00,172733046000000,172733078000000,13.922000000,online_inference,2,0,2089,2088,0.101242732000,0.099708751213,76,7.6,27,0,2678,2685,0.938796242186,0.949534107701,75,7.5,26,1,2573,2570,0.790000105761,0.785398163397,76,7.6,27,1,2642,2633,0.868233125943,0.854427298852,75,7.5,27,2,2034,2032,-0.049087385212,-0.052155346788,75,7.5,26,0
245,2026-09-05T04:52:51.859488+00:00,172733093000000,172733140000000,13.984000000,online_inference,2,0,2089,2088,0.101242732000,0.099708751213,76,7.6,27,0,2678,2685,0.938796242186,0.949534107701,75,7.5,26,1,2573,2570,0.790000105761,0.785398163397,76,7.6,27,1,2642,2633,0.868233125943,0.854427298852,75,7.5,26,2,2034,2032,-0.049087385212,-0.052155346788,75,7.5,26,1
246,2026-09-05T04:52:51.914022+00:00,172733156000000,172733187000000,14.031000000,online_inference,2,0,2089,2088,0.101242732000,0.099708751213,76,7.6,27,0,2678,2685,0.938796242186,0.949534107701,75,7.5,26,1,2573,2570,0.790000105761,0.785398163397,76,7.6,27,1,2642,2633,0.868233125943,0.854427298852,75,7.5,27,1,2034,2032,-0.049087385212,-0.052155346788,75,7.5,26,1
247,2026-09-05T04:52:51.974344+00:00,172733203000000,172733250000000,14.094000000,online_inference,2,0,2089,2088,0.101242732000,0.099708751213,76,7.6,27,0,2678,2685,0.938796242186,0.949534107701,75,7.5,26,1,2573,2570,0.790000105761,0.785398163397,76,7.6,27,1,2642,2633,0.868233125943,0.854427298852,75,7.5,26,2,2034,2032,-0.049087385212,-0.052155346788,75,7.5,26,1
248,2026-09-05T04:52:52.026579+00:00,172733265000000,172733296000000,14.140000000,online_inference,2,0,2089,2088,0.101242732000,0.099708751213,76,7.6,27,0,2678,2685,0.938796242186,0.949534107701,75,7.5,26,1,2573,2570,0.790000105761,0.785398163397,76,7.6,27,0,2642,2633,0.868233125943,0.854427298852,75,7.5,26,1,2034,2032,-0.049087385212,-0.052155346788,75,7.5,26,1
249,2026-09-05T04:52:52.075626+00:00,172733312000000,172733343000000,14.187000000,online_inference,2,0,2089,2088,0.101242732000,0.099708751213,76,7.6,27,0,2678,2685,0.938796242186,0.949534107701,75,7.5,26,2,2573,2570,0.790000105761,0.785398163397,76,7.6,27,0,2642,2633,0.868233125943,0.854427298852,75,7.5,27,1,2034,2032,-0.049087385212,-0.052155346788,76,7.6,26,0
250,2026-09-05T04:52:52.134549+00:00,172733359000000,172733406000000,14.250000000,online_inference,2,0,2089,2088,0.101242732000,0.099708751213,76,7.6,27,0,2678,2685,0.938796242186,0.949534107701,75,7.5,26,1,2573,2570,0.790000105761,0.785398163397,76,7.6,27,0,2642,2633,0.868233125943,0.854427298852,75,7.5,26,2,2034,2032,-0.049087385212,-0.052155346788,75,7.5,26,1
251,2026-09-05T04:52:52.185197+00:00,172733421000000,172733453000000,14.297000000,online_inference,2,0,2089,2088,0.101242732000,0.099708751213,76,7.6,27,0,2678,2685,0.938796242186,0.949534107701,75,7.5,26,1,2573,2570,0.790000105761,0.785398163397,76,7.6,27,1,2642,2633,0.868233125943,0.854427298852,75,7.5,26,1,2034,2032,-0.049087385212,-0.052155346788,75,7.5,26,0
252,2026-09-05T04:52:52.235264+00:00,172733468000000,172733515000000,14.359000000,online_inference,2,0,2089,2088,0.101242732000,0.099708751213,76,7.6,27,0,2678,2685,0.938796242186,0.949534107701,75,7.5,26,1,2573,2570,0.790000105761,0.785398163397,76,7.6,27,1,2642,2633,0.868233125943,0.854427298852,75,7.5,26,1,2034,2032,-0.049087385212,-0.052155346788,75,7.5,26,1
253,2026-09-05T04:52:52.291471+00:00,172733531000000,172733562000000,14.406000000,online_inference,2,0,2089,2088,0.101242732000,0.099708751213,76,7.6,27,0,2678,2685,0.938796242186,0.949534107701,75,7.5,26,1,2573,2570,0.790000105761,0.785398163397,76,7.6,27,1,2642,2633,0.868233125943,0.854427298852,75,7.5,26,2,2034,2032,-0.049087385212,-0.052155346788,75,7.5,26,1
254,2026-09-05T04:52:52.346433+00:00,172733578000000,172733625000000,14.469000000,online_inference,2,0,2089,2088,0.101242732000,0.099708751213,76,7.6,27,0,2678,2685,0.938796242186,0.949534107701,75,7.5,26,1,2573,2570,0.790000105761,0.785398163397,76,7.6,27,1,2642,2633,0.868233125943,0.854427298852,75,7.5,26,1,2034,2032,-0.049087385212,-0.052155346788,75,7.5,26,0
255,2026-09-05T04:52:52.407969+00:00,172733640000000,172733687000000,14.531000000,online_inference,2,0,2089,2088,0.101242732000,0.099708751213,76,7.6,27,0,2678,2685,0.938796242186,0.949534107701,75,7.5,26,1,2573,2570,0.790000105761,0.785398163397,76,7.6,27,0,2642,2633,0.868233125943,0.854427298852,75,7.5,27,2,2034,2032,-0.049087385212,-0.052155346788,75,7.5,26,1
256,2026-09-05T04:52:52.464261+00:00,172733703000000,172733734000000,14.578000000,online_inference,2,0,2089,2088,0.101242732000,0.099708751213,76,7.6,27,0,2678,2685,0.938796242186,0.949534107701,75,7.5,26,1,2573,2570,0.790000105761,0.785398163397,76,7.6,27,1,2642,2633,0.868233125943,0.854427298852,75,7.5,26,1,2034,2032,-0.049087385212,-0.052155346788,75,7.5,26,1
257,2026-09-05T04:52:52.520240+00:00,172733750000000,172733796000000,14.640000000,online_inference,2,0,2089,2088,0.101242732000,0.099708751213,76,7.6,27,0,2678,2685,0.938796242186,0.949534107701,75,7.5,26,1,2573,2570,0.790000105761,0.785398163397,76,7.6,27,0,2642,2633,0.868233125943,0.854427298852,75,7.5,26,1,2034,2032,-0.049087385212,-0.052155346788,76,7.6,26,0
258,2026-09-05T04:52:52.571547+00:00,172733812000000,172733843000000,14.687000000,online_inference,2,0,2089,2088,0.101242732000,0.099708751213,76,7.6,27,0,2678,2685,0.938796242186,0.949534107701,75,7.5,26,1,2573,2570,0.790000105761,0.785398163397,76,7.6,27,0,2642,2633,0.868233125943,0.854427298852,75,7.5,26,1,2034,2032,-0.049087385212,-0.052155346788,75,7.5,26,1
259,2026-09-05T04:52:52.643060+00:00,172733875000000,172733921000000,14.765000000,online_inference,2,0,2089,2088,0.101242732000,0.099708751213,76,7.6,27,0,2678,2685,0.938796242186,0.949534107701,75,7.5,26,2,2573,2570,0.790000105761,0.785398163397,76,7.6,27,1,2642,2633,0.868233125943,0.854427298852,75,7.5,26,1,2034,2032,-0.049087385212,-0.052155346788,75,7.5,26,0
260,2026-09-05T04:52:52.699240+00:00,172733937000000,172733968000000,14.812000000,online_inference,2,0,2089,2088,0.101242732000,0.099708751213,76,7.6,27,0,2678,2685,0.938796242186,0.949534107701,75,7.5,26,1,2573,2570,0.790000105761,0.785398163397,76,7.6,27,0,2642,2633,0.868233125943,0.854427298852,75,7.5,26,2,2034,2032,-0.049087385212,-0.052155346788,76,7.6,26,1
261,2026-09-05T04:52:52.746480+00:00,172733984000000,172734015000000,14.859000000,online_inference,2,0,2089,2088,0.101242732000,0.099708751213,76,7.6,27,0,2678,2685,0.938796242186,0.949534107701,75,7.5,26,1,2573,2570,0.790000105761,0.785398163397,76,7.6,27,1,2642,2633,0.868233125943,0.854427298852,75,7.5,26,2,2034,2032,-0.049087385212,-0.052155346788,75,7.5,26,1
262,2026-09-05T04:52:52.800169+00:00,172734031000000,172734078000000,14.922000000,online_inference,2,0,2089,2088,0.101242732000,0.099708751213,76,7.6,27,0,2678,2685,0.938796242186,0.949534107701,75,7.5,26,1,2573,2570,0.790000105761,0.785398163397,76,7.6,27,0,2642,2633,0.868233125943,0.854427298852,75,7.5,27,1,2034,2032,-0.049087385212,-0.052155346788,75,7.5,26,1
263,2026-09-05T04:52:52.854124+00:00,172734093000000,172734125000000,14.969000000,online_inference,2,0,2089,2088,0.101242732000,0.099708751213,76,7.6,27,0,2678,2685,0.938796242186,0.949534107701,75,7.5,26,1,2573,2570,0.790000105761,0.785398163397,76,7.6,27,0,2642,2633,0.868233125943,0.854427298852,75,7.5,26,1,2034,2032,-0.049087385212,-0.052155346788,75,7.5,26,1
264,2026-09-05T04:52:52.904913+00:00,172734140000000,172734187000000,15.031000000,online_inference,2,0,2089,2088,0.101242732000,0.099708751213,76,7.6,27,0,2678,2685,0.938796242186,0.949534107701,75,7.5,26,1,2573,2570,0.790000105761,0.785398163397,76,7.6,27,1,2642,2633,0.868233125943,0.854427298852,75,7.5,27,2,2034,2032,-0.049087385212,-0.052155346788,76,7.6,26,0
265,2026-09-05T04:52:52.971619+00:00,172734203000000,172734250000000,15.094000000,online_inference,2,0,2089,2088,0.101242732000,0.099708751213,76,7.6,27,0,2678,2685,0.938796242186,0.949534107701,75,7.5,26,1,2573,2570,0.790000105761,0.785398163397,76,7.6,27,0,2642,2633,0.868233125943,0.854427298852,75,7.5,26,1,2034,2032,-0.049087385212,-0.052155346788,76,7.6,26,1
266,2026-09-05T04:52:53.021857+00:00,172734265000000,172734296000000,15.140000000,online_inference,2,0,2089,2088,0.101242732000,0.099708751213,76,7.6,27,0,2678,2685,0.938796242186,0.949534107701,75,7.5,26,1,2573,2570,0.790000105761,0.785398163397,76,7.6,27,0,2642,2633,0.868233125943,0.854427298852,75,7.5,26,1,2034,2032,-0.049087385212,-0.052155346788,75,7.5,26,1
267,2026-09-05T04:52:53.077401+00:00,172734312000000,172734359000000,15.203000000,online_inference,2,0,2089,2088,0.101242732000,0.099708751213,76,7.6,27,0,2678,2685,0.938796242186,0.949534107701,75,7.5,26,2,2573,2570,0.790000105761,0.785398163397,76,7.6,27,1,2642,2633,0.868233125943,0.854427298852,75,7.5,26,1,2034,2032,-0.049087385212,-0.052155346788,75,7.5,26,1
268,2026-09-05T04:52:53.153027+00:00,172734375000000,172734421000000,15.265000000,online_inference,2,0,2089,2088,0.101242732000,0.099708751213,76,7.6,27,0,2678,2685,0.938796242186,0.949534107701,75,7.5,26,2,2573,2570,0.790000105761,0.785398163397,76,7.6,27,1,2642,2633,0.868233125943,0.854427298852,75,7.5,26,2,2034,2032,-0.049087385212,-0.052155346788,76,7.6,26,0
269,2026-09-05T04:52:53.190376+00:00,172734437000000,172734468000000,15.312000000,online_inference,2,0,2089,2088,0.101242732000,0.099708751213,76,7.6,27,0,2678,2685,0.938796242186,0.949534107701,75,7.5,26,1,2573,2570,0.790000105761,0.785398163397,76,7.6,27,0,2642,2633,0.868233125943,0.854427298852,75,7.5,26,2,2034,2032,-0.049087385212,-0.052155346788,75,7.5,26,0
270,2026-09-05T04:52:53.233686+00:00,172734484000000,172734515000000,15.359000000,online_inference,2,0,2089,2088,0.101242732000,0.099708751213,76,7.6,27,0,2678,2685,0.938796242186,0.949534107701,75,7.5,26,1,2573,2570,0.790000105761,0.785398163397,76,7.6,27,1,2642,2633,0.868233125943,0.854427298852,75,7.5,26,1,2034,2032,-0.049087385212,-0.052155346788,75,7.5,26,0
271,2026-09-05T04:52:53.290930+00:00,172734531000000,172734562000000,15.406000000,online_archive,2,0,2089,2088,0.101242732000,0.099708751213,76,7.6,27,0,2678,2685,0.938796242186,0.949534107701,75,7.5,26,1,2573,2570,0.790000105761,0.785398163397,76,7.6,27,1,2642,2633,0.868233125943,0.854427298852,75,7.5,26,2,2034,2032,-0.049087385212,-0.052155346788,75,7.5,26,1
272,2026-09-05T04:52:53.336920+00:00,172734578000000,172734609000000,15.453000000,online_archive,2,0,2089,2088,0.101242732000,0.099708751213,76,7.6,27,0,2678,2685,0.938796242186,0.949534107701,75,7.5,26,1,2573,2570,0.790000105761,0.785398163397,76,7.6,27,0,2642,2633,0.868233125943,0.854427298852,75,7.5,26,2,2034,2032,-0.049087385212,-0.052155346788,76,7.6,26,0
273,2026-09-05T04:52:53.405867+00:00,172734656000000,172734687000000,15.531000000,fixed_trajectory,2,0,2089,2088,0.101242732000,0.099708751213,76,7.6,27,0,2678,2685,0.938796242186,0.949534107701,75,7.5,26,1,2573,2570,0.790000105761,0.785398163397,76,7.6,27,1,2642,2633,0.868233125943,0.854427298852,75,7.5,26,1,2034,2032,-0.049087385212,-0.052155346788,76,7.6,25,1
274,2026-09-05T04:52:53.456771+00:00,172734703000000,172734734000000,15.578000000,fixed_trajectory,2,0,2089,2088,0.101242732000,0.099708751213,76,7.6,27,0,2678,2686,0.938796242186,0.951068088489,75,7.5,26,1,2573,2569,0.790000105761,0.783864182610,76,7.6,27,1,2642,2632,0.868233125943,0.852893318064,75,7.5,26,2,2034,2031,-0.049087385212,-0.053689327576,75,7.5,26,1
275,2026-09-05T04:52:53.500362+00:00,172734750000000,172734781000000,15.625000000,fixed_trajectory,2,0,2089,2088,0.101242732000,0.099708751213,76,7.6,27,0,2678,2686,0.938796242186,0.951068088489,75,7.5,26,1,2573,2569,0.790000105761,0.783864182610,76,7.6,27,0,2640,2631,0.865165164368,0.851359337277,75,7.5,26,0,2034,2031,-0.049087385212,-0.053689327576,75,7.5,26,1
276,2026-09-05T04:52:53.553980+00:00,172734796000000,172734828000000,15.672000000,fixed_trajectory,2,0,2089,2088,0.101242732000,0.099708751213,76,7.6,27,0,2679,2687,0.940330222974,0.952602069277,75,7.5,26,1,2573,2568,0.790000105761,0.782330201822,75,7.5,27,1,2638,2630,0.862097202792,0.849825356489,75,7.5,26,1,2034,2030,-0.049087385212,-0.055223308364,75,7.5,26,0
277,2026-09-05T04:52:53.596416+00:00,172734843000000,172734875000000,15.719000000,fixed_trajectory,2,0,2089,2088,0.101242732000,0.099708751213,76,7.6,27,0,2679,2687,0.940330222974,0.952602069277,75,7.5,26,1,2573,2568,0.790000105761,0.782330201822,76,7.6,27,1,2636,2629,0.859029241216,0.848291375701,75,7.5,26,1,2034,2030,-0.049087385212,-0.055223308364,75,7.5,26,1
278,2026-09-05T04:52:53.773948+00:00,172735015000000,172735046000000,15.890000000,fixed_trajectory,2,0,2089,2088,0.101242732000,0.099708751213,76,7.6,27,0,2680,2688,0.941864203762,0.954136050065,75,7.5,26,1,2573,2567,0.790000105761,0.780796221034,76,7.6,27,1,2636,2628,0.859029241216,0.846757394913,75,7.5,26,1,2034,2029,-0.049087385212,-0.056757289152,75,7.5,26,1
279,2026-09-05T04:52:53.814696+00:00,172735062000000,172735093000000,15.937000000,fixed_trajectory,2,0,2089,2088,0.101242732000,0.099708751213,76,7.6,27,0,2680,2688,0.941864203762,0.954136050065,75,7.5,26,1,2573,2567,0.790000105761,0.780796221034,76,7.6,27,1,2636,2627,0.859029241216,0.845223414125,75,7.5,26,1,2034,2029,-0.049087385212,-0.056757289152,75,7.5,26,1
280,2026-09-05T04:52:53.860831+00:00,172735109000000,172735140000000,15.984000000,fixed_trajectory,2,0,2089,2088,0.101242732000,0.099708751213,76,7.6,27,0,2680,2689,0.941864203762,0.955670030853,75,7.5,26,1,2573,2566,0.790000105761,0.779262240246,76,7.6,27,1,2634,2626,0.855961279640,0.843689433337,75,7.5,26,1,2034,2028,-0.049087385212,-0.058291269940,75,7.5,26,1
281,2026-09-05T04:52:53.913476+00:00,172735156000000,172735187000000,16.031000000,fixed_trajectory,2,0,2089,2088,0.101242732000,0.099708751213,76,7.6,27,0,2680,2689,0.941864203762,0.955670030853,75,7.5,26,1,2573,2565,0.790000105761,0.777728259458,76,7.6,27,1,2633,2625,0.854427298852,0.842155452549,75,7.5,26,1,2034,2028,-0.049087385212,-0.058291269940,75,7.5,26,1
282,2026-09-05T04:52:53.953473+00:00,172735203000000,172735234000000,16.078000000,fixed_trajectory,2,0,2089,2088,0.101242732000,0.099708751213,76,7.6,27,0,2681,2690,0.943398184550,0.957204011641,75,7.5,26,1,2573,2565,0.790000105761,0.777728259458,76,7.6,27,1,2632,2624,0.852893318064,0.840621471761,75,7.5,26,1,2034,2027,-0.049087385212,-0.059825250728,75,7.5,26,1
283,2026-09-05T04:52:54.014970+00:00,172735250000000,172735296000000,16.140000000,fixed_trajectory,2,0,2089,2088,0.101242732000,0.099708751213,76,7.6,27,0,2681,2690,0.943398184550,0.957204011641,75,7.5,26,2,2573,2564,0.790000105761,0.776194278670,76,7.6,27,2,2632,2623,0.852893318064,0.839087490973,75,7.5,26,2,2034,2027,-0.049087385212,-0.059825250728,75,7.5,26,1
284,2026-09-05T04:52:54.059336+00:00,172735312000000,172735328000000,16.172000000,fixed_trajectory,2,0,2089,2088,0.101242732000,0.099708751213,76,7.6,27,0,2681,2691,0.943398184550,0.958737992429,75,7.5,26,1,2573,2564,0.790000105761,0.776194278670,76,7.6,27,2,2629,2622,0.848291375701,0.837553510186,75,7.5,26,1,2033,2026,-0.050621366000,-0.061359231515,75,7.5,26,1
285,2026-09-05T04:52:54.118561+00:00,172735359000000,172735390000000,16.234000000,fixed_trajectory,2,0,2089,2088,0.101242732000,0.099708751213,76,7.6,27,0,2683,2691,0.946466146125,0.958737992429,75,7.5,26,1,2573,2563,0.790000105761,0.774660297882,76,7.6,27,1,2628,2621,0.846757394913,0.836019529398,75,7.5,26,1,2030,2026,-0.055223308364,-0.061359231515,75,7.5,26,0
286,2026-09-05T04:52:54.157618+00:00,172735406000000,172735437000000,16.281000000,fixed_trajectory,2,0,2089,2088,0.101242732000,0.099708751213,76,7.6,27,0,2685,2692,0.949534107701,0.960271973216,75,7.5,26,1,2570,2563,0.785398163397,0.774660297882,76,7.6,27,0,2628,2620,0.846757394913,0.834485548610,75,7.5,26,2,2028,2025,-0.058291269940,-0.062893212303,75,7.5,26,1
287,2026-09-05T04:52:54.214407+00:00,172735453000000,172735484000000,16.328000000,fixed_trajectory,2,0,2089,2088,0.101242732000,0.099708751213,76,7.6,27,0,2686,2692,0.951068088489,0.960271973216,75,7.5,26,0,2567,2562,0.780796221034,0.773126317094,76,7.6,27,0,2628,2619,0.846757394913,0.832951567822,75,7.5,26,1,2028,2025,-0.058291269940,-0.062893212303,75,7.5,26,1
288,2026-09-05T04:52:54.394540+00:00,172735640000000,172735671000000,16.515000000,fixed_trajectory,2,0,2089,2088,0.101242732000,0.099708751213,76,7.6,27,0,2686,2693,0.951068088489,0.961805954004,75,7.5,26,1,2567,2562,0.780796221034,0.773126317094,76,7.6,27,1,2628,2618,0.846757394913,0.831417587034,75,7.5,26,2,2026,2024,-0.061359231515,-0.064427193091,75,7.5,26,1
289,2026-09-05T04:52:54.435099+00:00,172735687000000,172735703000000,16.547000000,fixed_trajectory,2,0,2089,2088,0.101242732000,0.099708751213,76,7.6,27,0,2686,2693,0.951068088489,0.961805954004,75,7.5,26,1,2567,2561,0.780796221034,0.771592336306,76,7.6,27,1,2628,2617,0.846757394913,0.829883606246,75,7.5,26,2,2026,2024,-0.061359231515,-0.064427193091,75,7.5,26,0
290,2026-09-05T04:52:54.489174+00:00,172735734000000,172735765000000,16.609000000,fixed_trajectory,2,0,2089,2088,0.101242732000,0.099708751213,76,7.6,27,0,2686,2694,0.951068088489,0.963339934792,75,7.5,26,1,2567,2560,0.780796221034,0.770058355519,76,7.6,27,1,2628,2616,0.846757394913,0.828349625458,75,7.5,26,2,2026,2023,-0.061359231515,-0.065961173879,75,7.5,26,1
291,2026-09-05T04:52:54.539292+00:00,172735781000000,172735812000000,16.656000000,fixed_trajectory,2,0,2089,2088,0.101242732000,0.099708751213,76,7.6,27,0,2686,2694,0.951068088489,0.963339934792,75,7.5,26,1,2567,2560,0.780796221034,0.770058355519,76,7.6,27,1,2626,2615,0.843689433337,0.826815644670,75,7.5,26,1,2026,2023,-0.061359231515,-0.065961173879,75,7.5,26,1
292,2026-09-05T04:52:54.582970+00:00,172735828000000,172735859000000,16.703000000,fixed_trajectory,2,0,2089,2088,0.101242732000,0.099708751213,76,7.6,27,0,2687,2695,0.952602069277,0.964873915580,75,7.5,26,2,2567,2559,0.780796221034,0.768524374731,76,7.6,27,2,2623,2614,0.839087490973,0.825281663882,75,7.5,26,1,2026,2022,-0.061359231515,-0.067495154667,75,7.5,26,1
293,2026-09-05T04:52:54.625499+00:00,172735875000000,172735906000000,16.750000000,fixed_trajectory,2,0,2089,2088,0.101242732000,0.099708751213,76,7.6,27,0,2687,2695,0.952602069277,0.964873915580,75,7.5,26,1,2567,2559,0.780796221034,0.768524374731,76,7.6,27,1,2621,2613,0.836019529398,0.823747683095,75,7.5,26,1,2026,2022,-0.061359231515,-0.067495154667,75,7.5,26,1
294,2026-09-05T04:52:54.688623+00:00,172735937000000,172735968000000,16.812000000,fixed_trajectory,2,0,2089,2088,0.101242732000,0.099708751213,76,7.6,27,0,2689,2696,0.955670030853,0.966407896368,75,7.5,26,1,2567,2558,0.780796221034,0.766990393943,76,7.6,27,1,2619,2612,0.832951567822,0.822213702307,75,7.5,26,1,2026,2021,-0.061359231515,-0.069029135455,75,7.5,26,0
295,2026-09-05T04:52:54.742021+00:00,172735984000000,172736015000000,16.859000000,fixed_trajectory,2,0,2089,2088,0.101242732000,0.099708751213,76,7.6,27,0,2691,2696,0.958737992429,0.966407896368,75,7.5,26,1,2564,2558,0.776194278670,0.766990393943,76,7.6,27,1,2616,2611,0.828349625458,0.820679721519,75,7.5,27,1,2026,2021,-0.061359231515,-0.069029135455,75,7.5,26,1
296,2026-09-05T04:52:54.790115+00:00,172736031000000,172736062000000,16.906000000,online_observation,2,0,2089,2088,0.101242732000,0.099708751213,76,7.6,27,0,2691,2697,0.958737992429,0.967941877156,75,7.5,26,1,2563,2557,0.774660297882,0.765456413155,76,7.6,27,1,2615,2610,0.826815644670,0.819145740731,75,7.5,26,1,2026,2020,-0.061359231515,-0.070563116243,75,7.5,26,2
297,2026-09-05T04:52:54.830309+00:00,172736078000000,172736109000000,16.953000000,online_observation,2,0,2089,2088,0.101242732000,0.099708751213,76,7.6,27,0,2692,2697,0.960271973216,0.967941877156,75,7.5,26,0,2563,2557,0.774660297882,0.765456413155,76,7.6,27,0,2615,2610,0.826815644670,0.819145740731,75,7.5,26,1,2026,2020,-0.061359231515,-0.070563116243,76,7.6,26,0
298,2026-09-05T04:52:54.901617+00:00,172736140000000,172736171000000,17.015000000,online_observation,2,0,2089,2088,0.101242732000,0.099708751213,76,7.6,27,0,2692,2697,0.960271973216,0.967941877156,75,7.5,26,0,2563,2557,0.774660297882,0.765456413155,76,7.6,27,1,2615,2610,0.826815644670,0.819145740731,75,7.5,26,1,2026,2020,-0.061359231515,-0.070563116243,76,7.6,26,1
299,2026-09-05T04:52:54.942043+00:00,172736187000000,172736218000000,17.062000000,online_observation,2,0,2089,2088,0.101242732000,0.099708751213,76,7.6,27,0,2692,2697,0.960271973216,0.967941877156,75,7.5,26,1,2563,2557,0.774660297882,0.765456413155,76,7.6,27,1,2615,2610,0.826815644670,0.819145740731,75,7.5,26,1,2026,2020,-0.061359231515,-0.070563116243,76,7.6,26,1
300,2026-09-05T04:52:54.986384+00:00,172736234000000,172736265000000,17.109000000,online_observation,2,0,2089,2088,0.101242732000,0.099708751213,76,7.6,27,0,2692,2697,0.960271973216,0.967941877156,75,7.5,26,1,2563,2557,0.774660297882,0.765456413155,76,7.6,27,1,2615,2610,0.826815644670,0.819145740731,75,7.5,27,1,2026,2020,-0.061359231515,-0.070563116243,76,7.6,26,1
301,2026-09-05T04:52:55.043425+00:00,172736281000000,172736312000000,17.156000000,online_observation,2,0,2089,2088,0.101242732000,0.099708751213,76,7.6,27,0,2692,2697,0.960271973216,0.967941877156,75,7.5,26,1,2563,2557,0.774660297882,0.765456413155,76,7.6,27,1,2615,2610,0.826815644670,0.819145740731,75,7.5,27,1,2026,2020,-0.061359231515,-0.070563116243,75,7.5,26,1
302,2026-09-05T04:52:55.083461+00:00,172736328000000,172736359000000,17.203000000,online_observation,2,0,2089,2088,0.101242732000,0.099708751213,76,7.6,27,0,2692,2697,0.960271973216,0.967941877156,75,7.5,26,1,2563,2557,0.774660297882,0.765456413155,76,7.6,27,0,2615,2610,0.826815644670,0.819145740731,75,7.5,26,1,2026,2020,-0.061359231515,-0.070563116243,75,7.5,26,1
303,2026-09-05T04:52:55.139652+00:00,172736375000000,172736421000000,17.265000000,online_observation,2,0,2089,2088,0.101242732000,0.099708751213,76,7.6,27,0,2692,2697,0.960271973216,0.967941877156,75,7.5,26,1,2563,2557,0.774660297882,0.765456413155,76,7.6,27,0,2615,2610,0.826815644670,0.819145740731,75,7.5,26,1,2026,2020,-0.061359231515,-0.070563116243,76,7.6,26,1
304,2026-09-05T04:52:55.193262+00:00,172736437000000,172736468000000,17.312000000,online_inference,3,0,2089,2088,0.101242732000,0.099708751213,76,7.6,27,0,2692,2697,0.960271973216,0.967941877156,75,7.5,26,1,2563,2557,0.774660297882,0.765456413155,76,7.6,27,1,2615,2610,0.826815644670,0.819145740731,75,7.5,26,1,2026,2020,-0.061359231515,-0.070563116243,75,7.5,26,0
305,2026-09-05T04:52:55.259135+00:00,172736484000000,172736531000000,17.375000000,online_inference,3,0,2089,2088,0.101242732000,0.099708751213,76,7.6,27,0,2692,2697,0.960271973216,0.967941877156,75,7.5,26,1,2563,2557,0.774660297882,0.765456413155,76,7.6,27,1,2615,2610,0.826815644670,0.819145740731,75,7.5,26,1,2026,2020,-0.061359231515,-0.070563116243,75,7.5,26,1
306,2026-09-05T04:52:55.316323+00:00,172736546000000,172736593000000,17.437000000,online_inference,3,0,2089,2088,0.101242732000,0.099708751213,76,7.6,27,0,2692,2697,0.960271973216,0.967941877156,75,7.5,26,1,2563,2557,0.774660297882,0.765456413155,76,7.6,27,1,2615,2610,0.826815644670,0.819145740731,75,7.5,26,1,2026,2020,-0.061359231515,-0.070563116243,75,7.5,26,1
307,2026-09-05T04:52:55.386953+00:00,172736609000000,172736656000000,17.500000000,online_inference,3,0,2089,2088,0.101242732000,0.099708751213,76,7.6,27,0,2692,2697,0.960271973216,0.967941877156,75,7.5,26,1,2563,2557,0.774660297882,0.765456413155,76,7.6,27,1,2615,2610,0.826815644670,0.819145740731,75,7.5,26,1,2026,2020,-0.061359231515,-0.070563116243,76,7.6,26,1
308,2026-09-05T04:52:55.455957+00:00,172736687000000,172736734000000,17.578000000,online_inference,3,0,2089,2088,0.101242732000,0.099708751213,76,7.6,27,0,2692,2697,0.960271973216,0.967941877156,75,7.5,26,1,2563,2557,0.774660297882,0.765456413155,76,7.6,27,1,2615,2610,0.826815644670,0.819145740731,75,7.5,26,0,2026,2020,-0.061359231515,-0.070563116243,76,7.6,26,1
309,2026-09-05T04:52:55.505768+00:00,172736750000000,172736781000000,17.625000000,online_inference,3,0,2089,2088,0.101242732000,0.099708751213,76,7.6,27,0,2692,2697,0.960271973216,0.967941877156,75,7.5,26,1,2563,2557,0.774660297882,0.765456413155,76,7.6,27,1,2615,2610,0.826815644670,0.819145740731,75,7.5,27,1,2026,2020,-0.061359231515,-0.070563116243,75,7.5,26,0
310,2026-09-05T04:52:55.550799+00:00,172736796000000,172736828000000,17.672000000,online_inference,3,0,2089,2088,0.101242732000,0.099708751213,76,7.6,27,0,2692,2697,0.960271973216,0.967941877156,75,7.5,26,0,2563,2557,0.774660297882,0.765456413155,76,7.6,27,1,2615,2610,0.826815644670,0.819145740731,75,7.5,26,1,2026,2020,-0.061359231515,-0.070563116243,76,7.6,26,1
311,2026-09-05T04:52:55.612495+00:00,172736843000000,172736890000000,17.734000000,online_inference,3,0,2089,2088,0.101242732000,0.099708751213,76,7.6,27,0,2692,2697,0.960271973216,0.967941877156,75,7.5,26,0,2563,2557,0.774660297882,0.765456413155,76,7.6,27,1,2615,2610,0.826815644670,0.819145740731,75,7.5,27,1,2026,2020,-0.061359231515,-0.070563116243,76,7.6,26,1
312,2026-09-05T04:52:55.661004+00:00,172736906000000,172736937000000,17.781000000,online_inference,3,0,2089,2088,0.101242732000,0.099708751213,76,7.6,27,0,2692,2697,0.960271973216,0.967941877156,75,7.5,26,1,2563,2557,0.774660297882,0.765456413155,76,7.6,27,1,2615,2610,0.826815644670,0.819145740731,75,7.5,26,1,2026,2020,-0.061359231515,-0.070563116243,75,7.5,26,1
313,2026-09-05T04:52:55.723649+00:00,172736953000000,172737000000000,17.844000000,online_inference,3,0,2089,2088,0.101242732000,0.099708751213,76,7.6,27,0,2692,2697,0.960271973216,0.967941877156,75,7.5,26,1,2563,2557,0.774660297882,0.765456413155,76,7.6,27,1,2615,2610,0.826815644670,0.819145740731,75,7.5,26,1,2026,2020,-0.061359231515,-0.070563116243,75,7.5,26,1
314,2026-09-05T04:52:55.769649+00:00,172737015000000,172737046000000,17.890000000,online_inference,3,0,2089,2088,0.101242732000,0.099708751213,76,7.6,27,0,2692,2697,0.960271973216,0.967941877156,75,7.5,26,1,2563,2557,0.774660297882,0.765456413155,76,7.6,27,1,2615,2610,0.826815644670,0.819145740731,75,7.5,26,1,2026,2020,-0.061359231515,-0.070563116243,75,7.5,26,1
315,2026-09-05T04:52:55.825476+00:00,172737062000000,172737093000000,17.937000000,online_inference,3,0,2089,2088,0.101242732000,0.099708751213,76,7.6,27,0,2692,2697,0.960271973216,0.967941877156,75,7.5,26,1,2563,2557,0.774660297882,0.765456413155,76,7.6,27,1,2615,2610,0.826815644670,0.819145740731,75,7.5,26,1,2026,2020,-0.061359231515,-0.070563116243,76,7.6,26,1
316,2026-09-05T04:52:55.876309+00:00,172737109000000,172737156000000,18.000000000,online_inference,3,0,2089,2088,0.101242732000,0.099708751213,76,7.6,27,0,2692,2697,0.960271973216,0.967941877156,75,7.5,26,1,2563,2557,0.774660297882,0.765456413155,76,7.6,27,0,2615,2610,0.826815644670,0.819145740731,75,7.5,26,1,2026,2020,-0.061359231515,-0.070563116243,76,7.6,26,1
317,2026-09-05T04:52:55.930845+00:00,172737171000000,172737203000000,18.047000000,online_inference,3,0,2089,2088,0.101242732000,0.099708751213,76,7.6,27,0,2692,2697,0.960271973216,0.967941877156,75,7.5,26,2,2563,2557,0.774660297882,0.765456413155,76,7.6,27,1,2615,2610,0.826815644670,0.819145740731,75,7.5,27,1,2026,2020,-0.061359231515,-0.070563116243,75,7.5,26,1
318,2026-09-05T04:52:55.990735+00:00,172737218000000,172737265000000,18.109000000,online_inference,3,0,2089,2088,0.101242732000,0.099708751213,76,7.6,27,0,2692,2697,0.960271973216,0.967941877156,75,7.5,26,0,2563,2557,0.774660297882,0.765456413155,76,7.6,27,1,2615,2610,0.826815644670,0.819145740731,75,7.5,26,1,2026,2020,-0.061359231515,-0.070563116243,75,7.5,26,1
319,2026-09-05T04:52:56.042525+00:00,172737281000000,172737312000000,18.156000000,online_inference,3,0,2089,2088,0.101242732000,0.099708751213,76,7.6,27,0,2692,2697,0.960271973216,0.967941877156,75,7.5,26,1,2563,2557,0.774660297882,0.765456413155,76,7.6,27,1,2615,2610,0.826815644670,0.819145740731,75,7.5,26,1,2026,2020,-0.061359231515,-0.070563116243,75,7.5,26,0
320,2026-09-05T04:52:56.094753+00:00,172737328000000,172737375000000,18.219000000,online_inference,3,0,2089,2088,0.101242732000,0.099708751213,76,7.6,27,0,2692,2697,0.960271973216,0.967941877156,75,7.5,26,1,2563,2557,0.774660297882,0.765456413155,76,7.6,27,1,2615,2610,0.826815644670,0.819145740731,75,7.5,26,1,2026,2020,-0.061359231515,-0.070563116243,75,7.5,26,1
321,2026-09-05T04:52:56.154605+00:00,172737390000000,172737421000000,18.265000000,online_inference,3,0,2089,2088,0.101242732000,0.099708751213,76,7.6,27,0,2692,2697,0.960271973216,0.967941877156,75,7.5,26,1,2563,2557,0.774660297882,0.765456413155,76,7.6,27,1,2615,2610,0.826815644670,0.819145740731,75,7.5,26,1,2026,2020,-0.061359231515,-0.070563116243,75,7.5,26,1
322,2026-09-05T04:52:56.198624+00:00,172737437000000,172737468000000,18.312000000,online_inference,3,0,2089,2088,0.101242732000,0.099708751213,76,7.6,27,0,2692,2697,0.960271973216,0.967941877156,75,7.5,26,0,2563,2557,0.774660297882,0.765456413155,76,7.6,27,1,2615,2610,0.826815644670,0.819145740731,75,7.5,26,0,2026,2020,-0.061359231515,-0.070563116243,76,7.6,26,1
323,2026-09-05T04:52:56.250414+00:00,172737484000000,172737531000000,18.375000000,online_inference,3,0,2089,2088,0.101242732000,0.099708751213,76,7.6,27,0,2692,2697,0.960271973216,0.967941877156,75,7.5,26,1,2563,2557,0.774660297882,0.765456413155,76,7.6,27,1,2615,2610,0.826815644670,0.819145740731,75,7.5,26,1,2026,2020,-0.061359231515,-0.070563116243,75,7.5,26,1
324,2026-09-05T04:52:56.299719+00:00,172737546000000,172737578000000,18.422000000,online_inference,3,0,2089,2088,0.101242732000,0.099708751213,76,7.6,27,0,2692,2697,0.960271973216,0.967941877156,75,7.5,26,1,2563,2557,0.774660297882,0.765456413155,76,7.6,27,1,2615,2610,0.826815644670,0.819145740731,75,7.5,26,1,2026,2020,-0.061359231515,-0.070563116243,75,7.5,26,1
325,2026-09-05T04:52:56.357752+00:00,172737593000000,172737625000000,18.469000000,online_inference,3,0,2089,2088,0.101242732000,0.099708751213,76,7.6,27,0,2692,2697,0.960271973216,0.967941877156,75,7.5,26,1,2563,2557,0.774660297882,0.765456413155,76,7.6,27,0,2615,2610,0.826815644670,0.819145740731,75,7.5,26,1,2026,2020,-0.061359231515,-0.070563116243,75,7.5,26,2
326,2026-09-05T04:52:56.406278+00:00,172737640000000,172737687000000,18.531000000,online_inference,3,0,2089,2088,0.101242732000,0.099708751213,76,7.6,27,0,2692,2697,0.960271973216,0.967941877156,75,7.5,26,1,2563,2557,0.774660297882,0.765456413155,76,7.6,27,1,2615,2610,0.826815644670,0.819145740731,75,7.5,27,0,2026,2020,-0.061359231515,-0.070563116243,76,7.6,26,1
327,2026-09-05T04:52:56.467653+00:00,172737703000000,172737750000000,18.594000000,online_inference,3,0,2089,2088,0.101242732000,0.099708751213,76,7.6,27,0,2692,2697,0.960271973216,0.967941877156,75,7.5,26,1,2563,2557,0.774660297882,0.765456413155,76,7.6,27,1,2615,2610,0.826815644670,0.819145740731,75,7.5,26,1,2026,2020,-0.061359231515,-0.070563116243,75,7.5,26,1
328,2026-09-05T04:52:56.532227+00:00,172737765000000,172737812000000,18.656000000,online_inference,3,0,2089,2088,0.101242732000,0.099708751213,76,7.6,27,0,2692,2697,0.960271973216,0.967941877156,75,7.5,26,1,2563,2557,0.774660297882,0.765456413155,76,7.6,27,1,2615,2610,0.826815644670,0.819145740731,75,7.5,26,1,2026,2020,-0.061359231515,-0.070563116243,75,7.5,26,1
329,2026-09-05T04:52:56.584034+00:00,172737828000000,172737859000000,18.703000000,online_inference,3,0,2089,2088,0.101242732000,0.099708751213,76,7.6,27,0,2692,2697,0.960271973216,0.967941877156,75,7.5,26,1,2563,2557,0.774660297882,0.765456413155,76,7.6,27,1,2615,2610,0.826815644670,0.819145740731,75,7.5,26,1,2026,2020,-0.061359231515,-0.070563116243,76,7.6,26,1
330,2026-09-05T04:52:56.642237+00:00,172737875000000,172737921000000,18.765000000,online_inference,3,0,2089,2088,0.101242732000,0.099708751213,76,7.6,27,0,2692,2697,0.960271973216,0.967941877156,75,7.5,26,1,2563,2557,0.774660297882,0.765456413155,76,7.6,27,1,2615,2610,0.826815644670,0.819145740731,75,7.5,26,1,2026,2020,-0.061359231515,-0.070563116243,76,7.6,26,1
331,2026-09-05T04:52:56.692913+00:00,172737937000000,172737968000000,18.812000000,online_inference,3,0,2089,2088,0.101242732000,0.099708751213,76,7.6,27,0,2692,2697,0.960271973216,0.967941877156,75,7.5,26,1,2563,2557,0.774660297882,0.765456413155,76,7.6,27,1,2615,2610,0.826815644670,0.819145740731,75,7.5,26,1,2026,2020,-0.061359231515,-0.070563116243,76,7.6,26,1
332,2026-09-05T04:52:56.753966+00:00,172737984000000,172738031000000,18.875000000,online_inference,3,0,2089,2088,0.101242732000,0.099708751213,76,7.6,27,0,2692,2697,0.960271973216,0.967941877156,75,7.5,26,1,2563,2557,0.774660297882,0.765456413155,76,7.6,27,1,2615,2610,0.826815644670,0.819145740731,75,7.5,26,1,2026,2020,-0.061359231515,-0.070563116243,75,7.5,26,1
333,2026-09-05T04:52:56.807245+00:00,172738046000000,172738078000000,18.922000000,online_inference,3,0,2089,2088,0.101242732000,0.099708751213,76,7.6,27,0,2692,2697,0.960271973216,0.967941877156,75,7.5,26,1,2563,2557,0.774660297882,0.765456413155,76,7.6,27,1,2615,2610,0.826815644670,0.819145740731,75,7.5,26,1,2026,2020,-0.061359231515,-0.070563116243,75,7.5,26,0
334,2026-09-05T04:52:56.857269+00:00,172738093000000,172738125000000,18.969000000,online_inference,3,0,2089,2088,0.101242732000,0.099708751213,76,7.6,27,0,2692,2697,0.960271973216,0.967941877156,75,7.5,26,0,2563,2557,0.774660297882,0.765456413155,76,7.6,27,1,2615,2610,0.826815644670,0.819145740731,75,7.5,26,1,2026,2020,-0.061359231515,-0.070563116243,75,7.5,26,1
335,2026-09-05T04:52:56.909289+00:00,172738140000000,172738187000000,19.031000000,online_inference,3,0,2089,2088,0.101242732000,0.099708751213,76,7.6,27,0,2692,2697,0.960271973216,0.967941877156,75,7.5,26,0,2563,2557,0.774660297882,0.765456413155,76,7.6,27,1,2615,2610,0.826815644670,0.819145740731,75,7.5,26,1,2026,2020,-0.061359231515,-0.070563116243,75,7.5,26,1
336,2026-09-05T04:52:56.960371+00:00,172738203000000,172738234000000,19.078000000,online_inference,3,0,2089,2088,0.101242732000,0.099708751213,76,7.6,27,0,2692,2697,0.960271973216,0.967941877156,75,7.5,26,1,2563,2557,0.774660297882,0.765456413155,76,7.6,27,1,2615,2610,0.826815644670,0.819145740731,75,7.5,26,1,2026,2020,-0.061359231515,-0.070563116243,75,7.5,26,1
337,2026-09-05T04:52:57.012981+00:00,172738250000000,172738281000000,19.125000000,online_inference,3,0,2089,2088,0.101242732000,0.099708751213,76,7.6,27,0,2692,2697,0.960271973216,0.967941877156,75,7.5,26,1,2563,2557,0.774660297882,0.765456413155,76,7.6,27,1,2615,2610,0.826815644670,0.819145740731,75,7.5,26,1,2026,2020,-0.061359231515,-0.070563116243,75,7.5,26,1
338,2026-09-05T04:52:57.070611+00:00,172738296000000,172738343000000,19.187000000,online_inference,3,0,2089,2088,0.101242732000,0.099708751213,76,7.6,27,0,2692,2697,0.960271973216,0.967941877156,75,7.5,26,1,2563,2557,0.774660297882,0.765456413155,76,7.6,27,1,2615,2610,0.826815644670,0.819145740731,75,7.5,26,0,2026,2020,-0.061359231515,-0.070563116243,76,7.6,26,1
339,2026-09-05T04:52:57.124630+00:00,172738359000000,172738406000000,19.250000000,online_inference,3,0,2089,2088,0.101242732000,0.099708751213,76,7.6,27,0,2692,2697,0.960271973216,0.967941877156,75,7.5,26,1,2563,2557,0.774660297882,0.765456413155,76,7.6,27,1,2615,2610,0.826815644670,0.819145740731,75,7.5,26,1,2026,2020,-0.061359231515,-0.070563116243,75,7.5,26,1
340,2026-09-05T04:52:57.186099+00:00,172738421000000,172738468000000,19.312000000,online_inference,3,0,2089,2088,0.101242732000,0.099708751213,76,7.6,27,0,2692,2697,0.960271973216,0.967941877156,75,7.5,26,1,2563,2557,0.774660297882,0.765456413155,76,7.6,27,1,2615,2610,0.826815644670,0.819145740731,75,7.5,26,1,2026,2020,-0.061359231515,-0.070563116243,75,7.5,26,1
341,2026-09-05T04:52:57.239125+00:00,172738484000000,172738515000000,19.359000000,online_inference,3,0,2089,2088,0.101242732000,0.099708751213,76,7.6,27,0,2692,2697,0.960271973216,0.967941877156,75,7.5,26,1,2563,2557,0.774660297882,0.765456413155,76,7.6,27,1,2615,2610,0.826815644670,0.819145740731,75,7.5,26,1,2026,2020,-0.061359231515,-0.070563116243,75,7.5,26,1
342,2026-09-05T04:52:57.295876+00:00,172738531000000,172738578000000,19.422000000,online_inference,3,0,2089,2088,0.101242732000,0.099708751213,76,7.6,27,0,2692,2697,0.960271973216,0.967941877156,75,7.5,26,1,2563,2557,0.774660297882,0.765456413155,76,7.6,27,1,2615,2610,0.826815644670,0.819145740731,75,7.5,26,1,2026,2020,-0.061359231515,-0.070563116243,75,7.5,26,0
343,2026-09-05T04:52:57.351815+00:00,172738593000000,172738625000000,19.469000000,online_inference,3,0,2089,2088,0.101242732000,0.099708751213,76,7.6,27,0,2692,2697,0.960271973216,0.967941877156,75,7.5,26,1,2563,2557,0.774660297882,0.765456413155,76,7.6,27,0,2615,2610,0.826815644670,0.819145740731,75,7.5,26,0,2026,2020,-0.061359231515,-0.070563116243,75,7.5,26,1
344,2026-09-05T04:52:57.411622+00:00,172738640000000,172738687000000,19.531000000,online_inference,3,0,2089,2088,0.101242732000,0.099708751213,76,7.6,27,0,2692,2697,0.960271973216,0.967941877156,75,7.5,26,1,2563,2557,0.774660297882,0.765456413155,76,7.6,27,1,2615,2610,0.826815644670,0.819145740731,75,7.5,26,1,2026,2020,-0.061359231515,-0.070563116243,75,7.5,26,2
345,2026-09-05T04:52:57.463115+00:00,172738703000000,172738734000000,19.578000000,online_inference,3,0,2089,2088,0.101242732000,0.099708751213,76,7.6,27,0,2692,2697,0.960271973216,0.967941877156,75,7.5,26,0,2563,2557,0.774660297882,0.765456413155,76,7.6,27,1,2615,2610,0.826815644670,0.819145740731,75,7.5,26,1,2026,2020,-0.061359231515,-0.070563116243,75,7.5,26,1
346,2026-09-05T04:52:57.511781+00:00,172738750000000,172738781000000,19.625000000,online_inference,3,0,2089,2088,0.101242732000,0.099708751213,76,7.6,27,0,2692,2697,0.960271973216,0.967941877156,75,7.5,26,1,2563,2557,0.774660297882,0.765456413155,76,7.6,27,1,2615,2610,0.826815644670,0.819145740731,75,7.5,26,0,2026,2020,-0.061359231515,-0.070563116243,75,7.5,26,1
347,2026-09-05T04:52:57.580875+00:00,172738812000000,172738859000000,19.703000000,online_inference,3,0,2089,2088,0.101242732000,0.099708751213,76,7.6,27,0,2692,2697,0.960271973216,0.967941877156,75,7.5,26,0,2563,2557,0.774660297882,0.765456413155,76,7.6,27,1,2615,2610,0.826815644670,0.819145740731,75,7.5,27,1,2026,2020,-0.061359231515,-0.070563116243,75,7.5,26,1
348,2026-09-05T04:52:57.635428+00:00,172738875000000,172738906000000,19.750000000,online_inference,3,0,2089,2088,0.101242732000,0.099708751213,76,7.6,27,0,2692,2697,0.960271973216,0.967941877156,75,7.5,26,0,2563,2557,0.774660297882,0.765456413155,76,7.6,27,1,2615,2610,0.826815644670,0.819145740731,75,7.5,26,1,2026,2020,-0.061359231515,-0.070563116243,75,7.5,26,1
349,2026-09-05T04:52:57.686857+00:00,172738921000000,172738968000000,19.812000000,online_inference,3,0,2089,2088,0.101242732000,0.099708751213,76,7.6,27,0,2692,2697,0.960271973216,0.967941877156,75,7.5,26,1,2563,2557,0.774660297882,0.765456413155,75,7.5,27,1,2615,2610,0.826815644670,0.819145740731,75,7.5,27,1,2026,2020,-0.061359231515,-0.070563116243,75,7.5,26,1
350,2026-09-05T04:52:57.755683+00:00,172738984000000,172739031000000,19.875000000,online_inference,3,0,2089,2088,0.101242732000,0.099708751213,76,7.6,27,0,2692,2697,0.960271973216,0.967941877156,75,7.5,26,1,2563,2557,0.774660297882,0.765456413155,76,7.6,27,1,2615,2610,0.826815644670,0.819145740731,75,7.5,26,1,2026,2020,-0.061359231515,-0.070563116243,75,7.5,26,1
351,2026-09-05T04:52:57.810537+00:00,172739046000000,172739078000000,19.922000000,online_inference,3,0,2089,2088,0.101242732000,0.099708751213,76,7.6,27,0,2692,2697,0.960271973216,0.967941877156,75,7.5,26,1,2563,2557,0.774660297882,0.765456413155,76,7.6,27,1,2615,2610,0.826815644670,0.819145740731,75,7.5,27,1,2026,2020,-0.061359231515,-0.070563116243,75,7.5,26,1
352,2026-09-05T04:52:57.855663+00:00,172739093000000,172739125000000,19.969000000,online_inference,3,0,2089,2088,0.101242732000,0.099708751213,76,7.6,27,0,2692,2697,0.960271973216,0.967941877156,75,7.5,26,1,2563,2557,0.774660297882,0.765456413155,76,7.6,27,1,2615,2610,0.826815644670,0.819145740731,75,7.5,26,1,2026,2020,-0.061359231515,-0.070563116243,75,7.5,26,1
353,2026-09-05T04:52:57.897682+00:00,172739140000000,172739171000000,20.015000000,online_inference,3,0,2089,2088,0.101242732000,0.099708751213,76,7.6,27,0,2692,2697,0.960271973216,0.967941877156,75,7.5,26,1,2563,2557,0.774660297882,0.765456413155,76,7.6,27,0,2615,2610,0.826815644670,0.819145740731,75,7.5,27,1,2026,2020,-0.061359231515,-0.070563116243,76,7.6,26,1
354,2026-09-05T04:52:57.953712+00:00,172739187000000,172739234000000,20.078000000,online_archive,3,0,2089,2088,0.101242732000,0.099708751213,76,7.6,27,0,2692,2697,0.960271973216,0.967941877156,75,7.5,26,1,2563,2557,0.774660297882,0.765456413155,76,7.6,27,1,2615,2610,0.826815644670,0.819145740731,75,7.5,26,1,2026,2020,-0.061359231515,-0.070563116243,75,7.5,26,0
355,2026-09-05T04:52:57.999775+00:00,172739250000000,172739281000000,20.125000000,online_archive,3,0,2089,2088,0.101242732000,0.099708751213,76,7.6,27,0,2692,2697,0.960271973216,0.967941877156,75,7.5,26,1,2563,2557,0.774660297882,0.765456413155,76,7.6,27,1,2615,2610,0.826815644670,0.819145740731,75,7.5,26,0,2026,2020,-0.061359231515,-0.070563116243,75,7.5,26,1
356,2026-09-05T04:52:58.095808+00:00,172739328000000,172739375000000,20.219000000,fixed_trajectory,3,0,2089,2088,0.101242732000,0.099708751213,76,7.6,27,0,2692,2697,0.960271973216,0.967941877156,75,7.5,26,1,2563,2557,0.774660297882,0.765456413155,76,7.6,27,0,2615,2610,0.826815644670,0.819145740731,75,7.5,26,1,2026,2020,-0.061359231515,-0.070563116243,76,7.6,26,1
357,2026-09-05T04:52:58.146317+00:00,172739390000000,172739421000000,20.265000000,fixed_trajectory,3,0,2089,2088,0.101242732000,0.099708751213,76,7.6,27,0,2692,2697,0.960271973216,0.967941877156,75,7.5,26,1,2563,2557,0.774660297882,0.765456413155,76,7.6,27,1,2615,2609,0.826815644670,0.817611759943,75,7.5,27,1,2026,2020,-0.061359231515,-0.070563116243,76,7.6,26,1
358,2026-09-05T04:52:58.188502+00:00,172739437000000,172739468000000,20.312000000,fixed_trajectory,3,0,2089,2088,0.101242732000,0.099708751213,76,7.6,27,0,2692,2698,0.960271973216,0.969475857944,75,7.5,26,1,2563,2556,0.774660297882,0.763922432367,76,7.6,27,1,2615,2608,0.826815644670,0.816077779155,75,7.5,26,2,2026,2020,-0.061359231515,-0.070563116243,75,7.5,26,1
359,2026-09-05T04:52:58.236993+00:00,172739484000000,172739515000000,20.359000000,fixed_trajectory,3,0,2089,2088,0.101242732000,0.099708751213,76,7.6,27,0,2692,2698,0.960271973216,0.969475857944,75,7.5,26,1,2563,2556,0.774660297882,0.763922432367,76,7.6,27,2,2615,2607,0.826815644670,0.814543798367,75,7.5,26,1,2026,2019,-0.061359231515,-0.072097097031,75,7.5,26,1
360,2026-09-05T04:52:58.290173+00:00,172739531000000,172739562000000,20.406000000,fixed_trajectory,3,0,2089,2088,0.101242732000,0.099708751213,76,7.6,27,0,2692,2699,0.960271973216,0.971009838732,75,7.5,26,1,2563,2556,0.774660297882,0.763922432367,76,7.6,27,1,2615,2606,0.826815644670,0.813009817579,75,7.5,26,2,2026,2019,-0.061359231515,-0.072097097031,75,7.5,26,1
361,2026-09-05T04:52:58.336988+00:00,172739578000000,172739609000000,20.453000000,fixed_trajectory,3,0,2089,2088,0.101242732000,0.099708751213,76,7.6,27,0,2692,2699,0.960271973216,0.971009838732,75,7.5,26,2,2563,2556,0.774660297882,0.763922432367,76,7.6,27,2,2615,2605,0.826815644670,0.811475836792,75,7.5,26,1,2026,2019,-0.061359231515,-0.072097097031,75,7.5,26,1
362,2026-09-05T04:52:58.391845+00:00,172739640000000,172739671000000,20.515000000,fixed_trajectory,3,0,2089,2088,0.101242732000,0.099708751213,76,7.6,27,0,2692,2700,0.960271973216,0.972543819519,75,7.5,26,1,2563,2555,0.774660297882,0.762388451579,76,7.6,27,1,2613,2604,0.823747683095,0.809941856004,75,7.5,26,1,2026,2019,-0.061359231515,-0.072097097031,75,7.5,26,1
363,2026-09-05T04:52:58.446635+00:00,172739687000000,172739718000000,20.562000000,fixed_trajectory,3,0,2089,2088,0.101242732000,0.099708751213,76,7.6,27,0,2693,2700,0.961805954004,0.972543819519,75,7.5,26,1,2563,2555,0.774660297882,0.762388451579,76,7.6,27,2,2609,2603,0.817611759943,0.808407875216,75,7.5,26,1,2026,2018,-0.061359231515,-0.073631077819,75,7.5,26,1
364,2026-09-05T04:52:58.483664+00:00,172739734000000,172739765000000,20.609000000,fixed_trajectory,3,0,2089,2088,0.101242732000,0.099708751213,76,7.6,27,0,2693,2701,0.961805954004,0.974077800307,75,7.5,26,1,2563,2555,0.774660297882,0.762388451579,76,7.6,27,1,2607,2602,0.814543798367,0.806873894428,75,7.5,27,1,2025,2018,-0.062893212303,-0.073631077819,75,7.5,26,1
365,2026-09-05T04:52:58.540685+00:00,172739781000000,172739812000000,20.656000000,fixed_trajectory,3,0,2089,2088,0.101242732000,0.099708751213,76,7.6,27,0,2693,2701,0.961805954004,0.974077800307,75,7.5,26,1,2563,2554,0.774660297882,0.760854470791,76,7.6,27,2,2605,2601,0.811475836792,0.805339913640,75,7.5,26,1,2021,2018,-0.069029135455,-0.073631077819,75,7.5,26,0
366,2026-09-05T04:52:58.720956+00:00,172739968000000,172740000000000,20.844000000,fixed_trajectory,3,0,2089,2088,0.101242732000,0.099708751213,76,7.6,27,0,2698,2702,0.969475857944,0.975611781095,75,7.5,26,1,2560,2554,0.770058355519,0.760854470791,76,7.6,27,0,2605,2600,0.811475836792,0.803805932852,75,7.5,26,1,2020,2018,-0.070563116243,-0.073631077819,75,7.5,26,1
367,2026-09-05T04:52:58.764848+00:00,172740015000000,172740046000000,20.890000000,fixed_trajectory,3,0,2089,2088,0.101242732000,0.099708751213,76,7.6,27,0,2700,2702,0.972543819519,0.975611781095,75,7.5,26,0,2557,2554,0.765456413155,0.760854470791,76,7.6,27,1,2605,2599,0.811475836792,0.802271952064,75,7.5,27,1,2020,2017,-0.070563116243,-0.075165058606,76,7.6,26,1
368,2026-09-05T04:52:58.814933+00:00,172740062000000,172740093000000,20.937000000,fixed_trajectory,3,0,2089,2088,0.101242732000,0.099708751213,76,7.6,27,0,2701,2703,0.974077800307,0.977145761883,75,7.5,26,0,2557,2553,0.765456413155,0.759320490003,76,7.6,27,0,2605,2598,0.811475836792,0.800737971276,75,7.5,26,1,2020,2017,-0.070563116243,-0.075165058606,75,7.5,26,1
369,2026-09-05T04:52:58.872839+00:00,172740109000000,172740140000000,20.984000000,fixed_trajectory,3,0,2089,2088,0.101242732000,0.099708751213,76,7.6,27,0,2701,2703,0.974077800307,0.977145761883,75,7.5,26,1,2557,2553,0.765456413155,0.759320490003,76,7.6,27,1,2605,2597,0.811475836792,0.799203990488,75,7.5,26,1,2020,2017,-0.070563116243,-0.075165058606,75,7.5,26,1
370,2026-09-05T04:52:58.914446+00:00,172740156000000,172740187000000,21.031000000,fixed_trajectory,3,0,2089,2088,0.101242732000,0.099708751213,76,7.6,27,0,2702,2704,0.975611781095,0.978679742671,75,7.5,26,0,2557,2553,0.765456413155,0.759320490003,76,7.6,27,1,2602,2596,0.806873894428,0.797670009701,75,7.5,26,1,2020,2017,-0.070563116243,-0.075165058606,75,7.5,26,0
371,2026-09-05T04:52:58.954771+00:00,172740203000000,172740234000000,21.078000000,fixed_trajectory,3,0,2089,2088,0.101242732000,0.099708751213,76,7.6,27,0,2702,2704,0.975611781095,0.978679742671,75,7.5,26,0,2557,2553,0.765456413155,0.759320490003,76,7.6,27,1,2600,2595,0.803805932852,0.796136028913,75,7.5,26,0,2020,2016,-0.070563116243,-0.076699039394,75,7.5,26,0
372,2026-09-05T04:52:59.012914+00:00,172740265000000,172740281000000,21.125000000,fixed_trajectory,3,0,2089,2088,0.101242732000,0.099708751213,76,7.6,27,0,2703,2705,0.977145761883,0.980213723459,75,7.5,26,1,2557,2552,0.765456413155,0.757786509216,76,7.6,27,1,2597,2594,0.799203990488,0.794602048125,75,7.5,26,1,2020,2016,-0.070563116243,-0.076699039394,76,7.6,26,1
373,2026-09-05T04:52:59.072743+00:00,172740312000000,172740343000000,21.187000000,online_observation,3,0,2089,2088,0.101242732000,0.099708751213,76,7.6,27,0,2703,2705,0.977145761883,0.980213723459,75,7.5,26,1,2557,2552,0.765456413155,0.757786509216,76,7.6,27,1,2597,2593,0.799203990488,0.793068067337,75,7.5,26,1,2020,2016,-0.070563116243,-0.076699039394,76,7.6,26,1
374,2026-09-05T04:52:59.114266+00:00,172740359000000,172740390000000,21.234000000,online_observation,3,0,2089,2088,0.101242732000,0.099708751213,76,7.6,27,0,2703,2705,0.977145761883,0.980213723459,75,7.5,26,1,2557,2552,0.765456413155,0.757786509216,76,7.6,27,1,2597,2593,0.799203990488,0.793068067337,75,7.5,26,1,2020,2016,-0.070563116243,-0.076699039394,75,7.5,26,1
375,2026-09-05T04:52:59.158240+00:00,172740406000000,172740437000000,21.281000000,online_observation,3,0,2089,2088,0.101242732000,0.099708751213,76,7.6,27,0,2703,2705,0.977145761883,0.980213723459,75,7.5,26,1,2557,2552,0.765456413155,0.757786509216,76,7.6,27,1,2597,2593,0.799203990488,0.793068067337,75,7.5,26,1,2020,2016,-0.070563116243,-0.076699039394,75,7.5,26,0
376,2026-09-05T04:52:59.211581+00:00,172740453000000,172740484000000,21.328000000,online_observation,3,0,2089,2088,0.101242732000,0.099708751213,76,7.6,27,0,2703,2705,0.977145761883,0.980213723459,75,7.5,26,0,2557,2552,0.765456413155,0.757786509216,76,7.6,27,1,2597,2593,0.799203990488,0.793068067337,75,7.5,26,1,2020,2016,-0.070563116243,-0.076699039394,75,7.5,26,1
377,2026-09-05T04:52:59.267160+00:00,172740515000000,172740546000000,21.390000000,online_observation,3,0,2089,2088,0.101242732000,0.099708751213,76,7.6,27,0,2703,2705,0.977145761883,0.980213723459,75,7.5,26,1,2557,2552,0.765456413155,0.757786509216,76,7.6,27,1,2597,2593,0.799203990488,0.793068067337,75,7.5,26,0,2020,2016,-0.070563116243,-0.076699039394,75,7.5,26,1
378,2026-09-05T04:52:59.318556+00:00,172740562000000,172740593000000,21.437000000,online_observation,3,0,2089,2088,0.101242732000,0.099708751213,76,7.6,27,0,2703,2705,0.977145761883,0.980213723459,75,7.5,26,0,2557,2552,0.765456413155,0.757786509216,76,7.6,27,1,2597,2593,0.799203990488,0.793068067337,75,7.5,26,1,2020,2016,-0.070563116243,-0.076699039394,76,7.6,26,1
379,2026-09-05T04:52:59.362314+00:00,172740609000000,172740640000000,21.484000000,online_observation,3,0,2089,2088,0.101242732000,0.099708751213,76,7.6,27,0,2703,2705,0.977145761883,0.980213723459,75,7.5,26,1,2557,2552,0.765456413155,0.757786509216,76,7.6,27,1,2597,2593,0.799203990488,0.793068067337,75,7.5,27,1,2020,2016,-0.070563116243,-0.076699039394,75,7.5,26,1
380,2026-09-05T04:52:59.437153+00:00,172740656000000,172740718000000,21.562000000,online_inference,4,0,2089,2088,0.101242732000,0.099708751213,76,7.6,27,0,2703,2705,0.977145761883,0.980213723459,75,7.5,26,1,2557,2552,0.765456413155,0.757786509216,76,7.6,27,1,2597,2593,0.799203990488,0.793068067337,75,7.5,26,1,2020,2016,-0.070563116243,-0.076699039394,75,7.5,26,0
381,2026-09-05T04:52:59.500424+00:00,172740734000000,172740781000000,21.625000000,online_inference,4,0,2089,2088,0.101242732000,0.099708751213,76,7.6,27,0,2703,2705,0.977145761883,0.980213723459,75,7.5,26,1,2557,2552,0.765456413155,0.757786509216,76,7.6,27,1,2597,2593,0.799203990488,0.793068067337,75,7.5,26,1,2020,2016,-0.070563116243,-0.076699039394,76,7.6,26,1
382,2026-09-05T04:52:59.577806+00:00,172740796000000,172740859000000,21.703000000,online_inference,4,0,2089,2088,0.101242732000,0.099708751213,76,7.6,27,0,2703,2705,0.977145761883,0.980213723459,75,7.5,26,1,2557,2552,0.765456413155,0.757786509216,76,7.6,27,1,2597,2593,0.799203990488,0.793068067337,75,7.5,26,1,2020,2016,-0.070563116243,-0.076699039394,75,7.5,26,1
383,2026-09-05T04:52:59.639738+00:00,172740875000000,172740921000000,21.765000000,online_inference,4,0,2089,2088,0.101242732000,0.099708751213,76,7.6,27,0,2703,2705,0.977145761883,0.980213723459,75,7.5,26,1,2557,2552,0.765456413155,0.757786509216,76,7.6,27,1,2597,2593,0.799203990488,0.793068067337,75,7.5,26,1,2020,2016,-0.070563116243,-0.076699039394,75,7.5,26,0
384,2026-09-05T04:52:59.696025+00:00,172740937000000,172740968000000,21.812000000,online_inference,4,0,2089,2088,0.101242732000,0.099708751213,76,7.6,27,0,2703,2705,0.977145761883,0.980213723459,75,7.5,26,1,2557,2552,0.765456413155,0.757786509216,76,7.6,27,1,2597,2593,0.799203990488,0.793068067337,75,7.5,26,1,2020,2016,-0.070563116243,-0.076699039394,75,7.5,26,1
385,2026-09-05T04:52:59.748857+00:00,172740984000000,172741031000000,21.875000000,online_inference,4,0,2089,2088,0.101242732000,0.099708751213,76,7.6,27,0,2703,2705,0.977145761883,0.980213723459,75,7.5,26,0,2557,2552,0.765456413155,0.757786509216,76,7.6,27,1,2597,2593,0.799203990488,0.793068067337,75,7.5,27,1,2020,2016,-0.070563116243,-0.076699039394,75,7.5,26,1
386,2026-09-05T04:52:59.812605+00:00,172741046000000,172741093000000,21.937000000,online_inference,4,0,2089,2088,0.101242732000,0.099708751213,76,7.6,27,0,2703,2705,0.977145761883,0.980213723459,75,7.5,26,0,2557,2552,0.765456413155,0.757786509216,76,7.6,27,1,2597,2593,0.799203990488,0.793068067337,75,7.5,27,1,2020,2016,-0.070563116243,-0.076699039394,75,7.5,26,0
387,2026-09-05T04:52:59.864386+00:00,172741109000000,172741140000000,21.984000000,online_inference,4,0,2089,2088,0.101242732000,0.099708751213,76,7.6,27,0,2703,2705,0.977145761883,0.980213723459,75,7.5,26,0,2557,2552,0.765456413155,0.757786509216,76,7.6,27,1,2597,2593,0.799203990488,0.793068067337,75,7.5,27,1,2020,2016,-0.070563116243,-0.076699039394,76,7.6,26,0
388,2026-09-05T04:52:59.922445+00:00,172741156000000,172741203000000,22.047000000,online_inference,4,0,2089,2088,0.101242732000,0.099708751213,76,7.6,27,0,2703,2705,0.977145761883,0.980213723459,75,7.5,26,0,2557,2552,0.765456413155,0.757786509216,76,7.6,27,1,2597,2593,0.799203990488,0.793068067337,75,7.5,26,1,2020,2016,-0.070563116243,-0.076699039394,76,7.6,26,0
389,2026-09-05T04:52:59.975907+00:00,172741218000000,172741250000000,22.094000000,online_inference,4,0,2089,2088,0.101242732000,0.099708751213,76,7.6,27,0,2703,2705,0.977145761883,0.980213723459,75,7.5,26,1,2557,2552,0.765456413155,0.757786509216,76,7.6,27,0,2597,2593,0.799203990488,0.793068067337,75,7.5,26,1,2020,2016,-0.070563116243,-0.076699039394,75,7.5,26,1
390,2026-09-05T04:53:00.034071+00:00,172741265000000,172741312000000,22.156000000,online_inference,4,0,2089,2088,0.101242732000,0.099708751213,76,7.6,27,0,2703,2705,0.977145761883,0.980213723459,75,7.5,26,1,2557,2552,0.765456413155,0.757786509216,76,7.6,27,1,2597,2593,0.799203990488,0.793068067337,75,7.5,26,1,2020,2016,-0.070563116243,-0.076699039394,75,7.5,26,1
391,2026-09-05T04:53:00.089927+00:00,172741328000000,172741359000000,22.203000000,online_inference,4,0,2089,2088,0.101242732000,0.099708751213,76,7.6,27,0,2703,2705,0.977145761883,0.980213723459,75,7.5,26,0,2557,2552,0.765456413155,0.757786509216,76,7.6,27,1,2597,2593,0.799203990488,0.793068067337,75,7.5,26,1,2020,2016,-0.070563116243,-0.076699039394,75,7.5,26,1
392,2026-09-05T04:53:00.139027+00:00,172741375000000,172741421000000,22.265000000,online_inference,4,0,2089,2088,0.101242732000,0.099708751213,76,7.6,27,0,2703,2705,0.977145761883,0.980213723459,75,7.5,26,1,2557,2552,0.765456413155,0.757786509216,76,7.6,27,1,2597,2593,0.799203990488,0.793068067337,75,7.5,26,1,2020,2016,-0.070563116243,-0.076699039394,76,7.6,26,1
393,2026-09-05T04:53:00.199467+00:00,172741437000000,172741468000000,22.312000000,online_inference,4,0,2089,2088,0.101242732000,0.099708751213,76,7.6,27,0,2703,2705,0.977145761883,0.980213723459,75,7.5,26,0,2557,2552,0.765456413155,0.757786509216,76,7.6,27,1,2597,2593,0.799203990488,0.793068067337,75,7.5,26,1,2020,2016,-0.070563116243,-0.076699039394,75,7.5,26,0
394,2026-09-05T04:53:00.246344+00:00,172741484000000,172741515000000,22.359000000,online_inference,4,0,2089,2088,0.101242732000,0.099708751213,76,7.6,27,0,2703,2705,0.977145761883,0.980213723459,75,7.5,26,1,2557,2552,0.765456413155,0.757786509216,76,7.6,27,0,2597,2593,0.799203990488,0.793068067337,75,7.5,26,1,2020,2016,-0.070563116243,-0.076699039394,75,7.5,26,0
395,2026-09-05T04:53:00.313864+00:00,172741546000000,172741593000000,22.437000000,online_inference,4,0,2089,2088,0.101242732000,0.099708751213,76,7.6,27,0,2703,2705,0.977145761883,0.980213723459,75,7.5,26,0,2557,2552,0.765456413155,0.757786509216,76,7.6,27,1,2597,2593,0.799203990488,0.793068067337,75,7.5,27,1,2020,2016,-0.070563116243,-0.076699039394,75,7.5,26,1
396,2026-09-05T04:53:00.377895+00:00,172741609000000,172741656000000,22.500000000,online_inference,4,0,2089,2088,0.101242732000,0.099708751213,76,7.6,27,0,2703,2705,0.977145761883,0.980213723459,75,7.5,26,1,2557,2552,0.765456413155,0.757786509216,76,7.6,27,1,2597,2593,0.799203990488,0.793068067337,75,7.5,26,1,2020,2016,-0.070563116243,-0.076699039394,76,7.6,26,1
397,2026-09-05T04:53:00.424907+00:00,172741671000000,172741703000000,22.547000000,online_inference,4,0,2089,2088,0.101242732000,0.099708751213,76,7.6,27,0,2703,2705,0.977145761883,0.980213723459,75,7.5,26,0,2557,2552,0.765456413155,0.757786509216,76,7.6,27,1,2597,2593,0.799203990488,0.793068067337,75,7.5,26,1,2020,2016,-0.070563116243,-0.076699039394,75,7.5,26,1
398,2026-09-05T04:53:00.490904+00:00,172741718000000,172741765000000,22.609000000,online_inference,4,0,2089,2088,0.101242732000,0.099708751213,76,7.6,27,0,2703,2705,0.977145761883,0.980213723459,75,7.5,26,1,2557,2552,0.765456413155,0.757786509216,76,7.6,27,1,2597,2593,0.799203990488,0.793068067337,75,7.5,27,1,2020,2016,-0.070563116243,-0.076699039394,75,7.5,26,1
399,2026-09-05T04:53:00.537805+00:00,172741781000000,172741812000000,22.656000000,online_inference,4,0,2089,2088,0.101242732000,0.099708751213,76,7.6,27,0,2703,2705,0.977145761883,0.980213723459,75,7.5,26,0,2557,2552,0.765456413155,0.757786509216,76,7.6,27,1,2597,2593,0.799203990488,0.793068067337,75,7.5,26,1,2020,2016,-0.070563116243,-0.076699039394,75,7.5,26,1
400,2026-09-05T04:53:00.596720+00:00,172741828000000,172741875000000,22.719000000,online_inference,4,0,2089,2088,0.101242732000,0.099708751213,76,7.6,27,0,2703,2705,0.977145761883,0.980213723459,75,7.5,26,0,2557,2552,0.765456413155,0.757786509216,76,7.6,27,1,2597,2593,0.799203990488,0.793068067337,75,7.5,26,0,2020,2016,-0.070563116243,-0.076699039394,75,7.5,26,1
401,2026-09-05T04:53:00.652672+00:00,172741890000000,172741921000000,22.765000000,online_inference,4,0,2089,2088,0.101242732000,0.099708751213,76,7.6,27,0,2703,2705,0.977145761883,0.980213723459,75,7.5,26,0,2557,2552,0.765456413155,0.757786509216,76,7.6,27,1,2597,2593,0.799203990488,0.793068067337,75,7.5,26,1,2020,2016,-0.070563116243,-0.076699039394,76,7.6,26,1
402,2026-09-05T04:53:00.697756+00:00,172741937000000,172741968000000,22.812000000,online_inference,4,0,2089,2088,0.101242732000,0.099708751213,76,7.6,27,0,2703,2705,0.977145761883,0.980213723459,75,7.5,26,1,2557,2552,0.765456413155,0.757786509216,76,7.6,27,1,2597,2593,0.799203990488,0.793068067337,75,7.5,27,0,2020,2016,-0.070563116243,-0.076699039394,76,7.6,26,1
403,2026-09-05T04:53:00.751970+00:00,172741984000000,172742031000000,22.875000000,online_inference,4,0,2089,2088,0.101242732000,0.099708751213,76,7.6,27,0,2703,2705,0.977145761883,0.980213723459,75,7.5,26,1,2557,2552,0.765456413155,0.757786509216,76,7.6,27,1,2597,2593,0.799203990488,0.793068067337,75,7.5,27,1,2020,2016,-0.070563116243,-0.076699039394,75,7.5,26,1
404,2026-09-05T04:53:00.822553+00:00,172742062000000,172742093000000,22.937000000,online_inference,4,0,2089,2088,0.101242732000,0.099708751213,76,7.6,27,0,2703,2705,0.977145761883,0.980213723459,75,7.5,26,1,2557,2552,0.765456413155,0.757786509216,76,7.6,27,1,2597,2593,0.799203990488,0.793068067337,75,7.5,26,1,2020,2016,-0.070563116243,-0.076699039394,75,7.5,26,0
405,2026-09-05T04:53:00.873616+00:00,172742109000000,172742156000000,23.000000000,online_inference,4,0,2089,2088,0.101242732000,0.099708751213,76,7.6,27,0,2703,2705,0.977145761883,0.980213723459,75,7.5,26,0,2557,2552,0.765456413155,0.757786509216,76,7.6,27,0,2597,2593,0.799203990488,0.793068067337,75,7.5,26,1,2020,2016,-0.070563116243,-0.076699039394,75,7.5,26,1
406,2026-09-05T04:53:00.934103+00:00,172742171000000,172742203000000,23.047000000,online_inference,4,0,2089,2088,0.101242732000,0.099708751213,76,7.6,27,0,2703,2705,0.977145761883,0.980213723459,75,7.5,26,1,2557,2552,0.765456413155,0.757786509216,76,7.6,27,1,2597,2593,0.799203990488,0.793068067337,75,7.5,26,1,2020,2016,-0.070563116243,-0.076699039394,76,7.6,26,1
407,2026-09-05T04:53:00.975278+00:00,172742218000000,172742250000000,23.094000000,online_inference,4,0,2089,2088,0.101242732000,0.099708751213,76,7.6,27,0,2703,2705,0.977145761883,0.980213723459,75,7.5,26,1,2557,2552,0.765456413155,0.757786509216,76,7.6,27,1,2597,2593,0.799203990488,0.793068067337,75,7.5,26,1,2020,2016,-0.070563116243,-0.076699039394,76,7.6,26,1
408,2026-09-05T04:53:01.029790+00:00,172742265000000,172742312000000,23.156000000,online_inference,4,0,2089,2088,0.101242732000,0.099708751213,76,7.6,27,0,2703,2705,0.977145761883,0.980213723459,75,7.5,26,1,2557,2552,0.765456413155,0.757786509216,76,7.6,27,1,2597,2593,0.799203990488,0.793068067337,75,7.5,26,0,2020,2016,-0.070563116243,-0.076699039394,75,7.5,26,1
409,2026-09-05T04:53:01.081819+00:00,172742328000000,172742359000000,23.203000000,online_inference,4,0,2089,2088,0.101242732000,0.099708751213,76,7.6,27,0,2703,2705,0.977145761883,0.980213723459,75,7.5,26,1,2557,2552,0.765456413155,0.757786509216,76,7.6,27,0,2597,2593,0.799203990488,0.793068067337,75,7.5,26,1,2020,2016,-0.070563116243,-0.076699039394,75,7.5,26,1
410,2026-09-05T04:53:01.139359+00:00,172742375000000,172742421000000,23.265000000,online_inference,4,0,2089,2088,0.101242732000,0.099708751213,76,7.6,27,0,2703,2705,0.977145761883,0.980213723459,75,7.5,26,1,2557,2552,0.765456413155,0.757786509216,76,7.6,27,1,2597,2593,0.799203990488,0.793068067337,75,7.5,26,1,2020,2016,-0.070563116243,-0.076699039394,75,7.5,26,0
411,2026-09-05T04:53:01.192194+00:00,172742437000000,172742468000000,23.312000000,online_inference,4,0,2089,2088,0.101242732000,0.099708751213,76,7.6,27,0,2703,2705,0.977145761883,0.980213723459,75,7.5,26,1,2557,2552,0.765456413155,0.757786509216,76,7.6,26,1,2597,2593,0.799203990488,0.793068067337,75,7.5,26,1,2020,2016,-0.070563116243,-0.076699039394,75,7.5,26,0
412,2026-09-05T04:53:01.246152+00:00,172742484000000,172742515000000,23.359000000,online_inference,4,0,2089,2088,0.101242732000,0.099708751213,76,7.6,27,0,2703,2705,0.977145761883,0.980213723459,75,7.5,26,0,2557,2552,0.765456413155,0.757786509216,76,7.6,27,0,2597,2593,0.799203990488,0.793068067337,75,7.5,26,1,2020,2016,-0.070563116243,-0.076699039394,75,7.5,26,1
413,2026-09-05T04:53:01.296175+00:00,172742531000000,172742578000000,23.422000000,online_inference,4,0,2089,2088,0.101242732000,0.099708751213,76,7.6,27,0,2703,2705,0.977145761883,0.980213723459,75,7.5,26,1,2557,2552,0.765456413155,0.757786509216,76,7.6,27,1,2597,2593,0.799203990488,0.793068067337,75,7.5,26,1,2020,2016,-0.070563116243,-0.076699039394,75,7.5,26,1
414,2026-09-05T04:53:01.355183+00:00,172742593000000,172742625000000,23.469000000,online_inference,4,0,2089,2088,0.101242732000,0.099708751213,76,7.6,27,0,2703,2705,0.977145761883,0.980213723459,75,7.5,26,1,2557,2552,0.765456413155,0.757786509216,76,7.6,27,1,2597,2593,0.799203990488,0.793068067337,75,7.5,26,0,2020,2016,-0.070563116243,-0.076699039394,75,7.5,26,0
415,2026-09-05T04:53:01.409212+00:00,172742640000000,172742687000000,23.531000000,online_inference,4,0,2089,2088,0.101242732000,0.099708751213,76,7.6,27,0,2703,2705,0.977145761883,0.980213723459,75,7.5,26,0,2557,2552,0.765456413155,0.757786509216,76,7.6,27,1,2597,2593,0.799203990488,0.793068067337,75,7.5,27,1,2020,2016,-0.070563116243,-0.076699039394,76,7.6,26,1
416,2026-09-05T04:53:01.456240+00:00,172742703000000,172742734000000,23.578000000,online_inference,4,0,2089,2088,0.101242732000,0.099708751213,76,7.6,27,0,2703,2705,0.977145761883,0.980213723459,75,7.5,26,0,2557,2552,0.765456413155,0.757786509216,76,7.6,27,1,2597,2593,0.799203990488,0.793068067337,75,7.5,27,1,2020,2016,-0.070563116243,-0.076699039394,75,7.5,26,1
417,2026-09-05T04:53:01.520886+00:00,172742750000000,172742796000000,23.640000000,online_inference,4,0,2089,2088,0.101242732000,0.099708751213,76,7.6,27,0,2703,2705,0.977145761883,0.980213723459,75,7.5,26,1,2557,2552,0.765456413155,0.757786509216,76,7.6,27,0,2597,2593,0.799203990488,0.793068067337,75,7.5,26,1,2020,2016,-0.070563116243,-0.076699039394,75,7.5,26,1
418,2026-09-05T04:53:01.569143+00:00,172742812000000,172742843000000,23.687000000,online_inference,4,0,2089,2088,0.101242732000,0.099708751213,76,7.6,27,0,2703,2705,0.977145761883,0.980213723459,75,7.5,26,1,2557,2552,0.765456413155,0.757786509216,76,7.6,27,1,2597,2593,0.799203990488,0.793068067337,75,7.5,26,1,2020,2016,-0.070563116243,-0.076699039394,75,7.5,26,1
419,2026-09-05T04:53:01.625636+00:00,172742859000000,172742906000000,23.750000000,online_inference,4,0,2089,2088,0.101242732000,0.099708751213,76,7.6,27,0,2703,2705,0.977145761883,0.980213723459,75,7.5,26,1,2557,2552,0.765456413155,0.757786509216,76,7.6,27,1,2597,2593,0.799203990488,0.793068067337,75,7.5,26,0,2020,2016,-0.070563116243,-0.076699039394,75,7.5,26,1
420,2026-09-05T04:53:01.685980+00:00,172742921000000,172742968000000,23.812000000,online_inference,4,0,2089,2088,0.101242732000,0.099708751213,76,7.6,27,0,2703,2705,0.977145761883,0.980213723459,75,7.5,26,1,2557,2552,0.765456413155,0.757786509216,76,7.6,27,1,2597,2593,0.799203990488,0.793068067337,75,7.5,26,1,2020,2016,-0.070563116243,-0.076699039394,75,7.5,26,1
421,2026-09-05T04:53:01.741672+00:00,172742984000000,172743015000000,23.859000000,online_inference,4,0,2089,2088,0.101242732000,0.099708751213,76,7.6,27,0,2703,2705,0.977145761883,0.980213723459,75,7.5,26,0,2557,2552,0.765456413155,0.757786509216,76,7.6,27,1,2597,2593,0.799203990488,0.793068067337,75,7.5,26,0,2020,2016,-0.070563116243,-0.076699039394,75,7.5,26,0
422,2026-09-05T04:53:01.797822+00:00,172743031000000,172743078000000,23.922000000,online_inference,4,0,2089,2088,0.101242732000,0.099708751213,76,7.6,27,0,2703,2705,0.977145761883,0.980213723459,75,7.5,26,1,2557,2552,0.765456413155,0.757786509216,76,7.6,27,1,2597,2593,0.799203990488,0.793068067337,75,7.5,26,1,2020,2016,-0.070563116243,-0.076699039394,75,7.5,26,1
423,2026-09-05T04:53:01.880912+00:00,172743109000000,172743156000000,24.000000000,online_inference,4,0,2089,2088,0.101242732000,0.099708751213,76,7.6,27,0,2703,2705,0.977145761883,0.980213723459,75,7.5,26,0,2557,2552,0.765456413155,0.757786509216,76,7.6,27,1,2597,2593,0.799203990488,0.793068067337,75,7.5,26,0,2020,2016,-0.070563116243,-0.076699039394,75,7.5,26,1
424,2026-09-05T04:53:01.922673+00:00,172743171000000,172743203000000,24.047000000,online_inference,4,0,2089,2088,0.101242732000,0.099708751213,76,7.6,27,0,2703,2705,0.977145761883,0.980213723459,75,7.5,26,0,2557,2552,0.765456413155,0.757786509216,76,7.6,27,1,2597,2593,0.799203990488,0.793068067337,75,7.5,26,1,2020,2016,-0.070563116243,-0.076699039394,76,7.6,26,1
425,2026-09-05T04:53:01.977537+00:00,172743218000000,172743250000000,24.094000000,online_inference,4,0,2089,2088,0.101242732000,0.099708751213,76,7.6,27,0,2703,2705,0.977145761883,0.980213723459,75,7.5,26,1,2557,2552,0.765456413155,0.757786509216,76,7.6,27,1,2597,2593,0.799203990488,0.793068067337,75,7.5,26,0,2020,2016,-0.070563116243,-0.076699039394,75,7.5,26,1
426,2026-09-05T04:53:02.021126+00:00,172743265000000,172743296000000,24.140000000,online_archive,4,0,2089,2088,0.101242732000,0.099708751213,76,7.6,27,0,2703,2705,0.977145761883,0.980213723459,75,7.5,26,0,2557,2552,0.765456413155,0.757786509216,76,7.6,27,1,2597,2593,0.799203990488,0.793068067337,75,7.5,26,1,2020,2016,-0.070563116243,-0.076699039394,75,7.5,26,1
427,2026-09-05T04:53:02.072775+00:00,172743312000000,172743343000000,24.187000000,online_archive,4,0,2089,2088,0.101242732000,0.099708751213,76,7.6,27,0,2703,2705,0.977145761883,0.980213723459,75,7.5,26,0,2557,2552,0.765456413155,0.757786509216,76,7.6,27,1,2597,2593,0.799203990488,0.793068067337,75,7.5,26,1,2020,2016,-0.070563116243,-0.076699039394,75,7.5,26,1
428,2026-09-05T04:53:02.140219+00:00,172743390000000,172743421000000,24.265000000,fixed_trajectory,4,0,2089,2088,0.101242732000,0.099708751213,76,7.6,27,0,2703,2705,0.977145761883,0.980213723459,75,7.5,26,1,2557,2552,0.765456413155,0.757786509216,76,7.6,27,1,2597,2593,0.799203990488,0.793068067337,75,7.5,26,0,2020,2016,-0.070563116243,-0.076699039394,76,7.6,26,1
429,2026-09-05T04:53:02.194106+00:00,172743437000000,172743468000000,24.312000000,online_observation,4,0,2089,2088,0.101242732000,0.099708751213,76,7.6,27,0,2703,2705,0.977145761883,0.980213723459,75,7.5,26,0,2557,2552,0.765456413155,0.757786509216,76,7.6,27,1,2597,2593,0.799203990488,0.793068067337,75,7.5,26,1,2020,2016,-0.070563116243,-0.076699039394,75,7.5,26,1
430,2026-09-05T04:53:02.232953+00:00,172743484000000,172743515000000,24.359000000,online_observation,4,0,2089,2088,0.101242732000,0.099708751213,76,7.6,27,0,2703,2705,0.977145761883,0.980213723459,75,7.5,26,1,2557,2552,0.765456413155,0.757786509216,76,7.6,27,1,2597,2593,0.799203990488,0.793068067337,75,7.5,27,1,2020,2016,-0.070563116243,-0.076699039394,76,7.6,26,1
431,2026-09-05T04:53:02.293899+00:00,172743531000000,172743562000000,24.406000000,online_observation,4,0,2089,2088,0.101242732000,0.099708751213,76,7.6,27,0,2703,2705,0.977145761883,0.980213723459,75,7.5,26,0,2557,2552,0.765456413155,0.757786509216,76,7.6,27,1,2597,2593,0.799203990488,0.793068067337,75,7.5,26,0,2020,2016,-0.070563116243,-0.076699039394,75,7.5,26,1
432,2026-09-05T04:53:02.342420+00:00,172743578000000,172743625000000,24.469000000,online_observation,4,0,2089,2088,0.101242732000,0.099708751213,76,7.6,27,0,2703,2705,0.977145761883,0.980213723459,75,7.5,26,0,2557,2552,0.765456413155,0.757786509216,76,7.6,27,0,2597,2593,0.799203990488,0.793068067337,75,7.5,26,0,2020,2016,-0.070563116243,-0.076699039394,76,7.6,26,1
433,2026-09-05T04:53:02.389208+00:00,172743640000000,172743671000000,24.515000000,online_observation,4,0,2089,2088,0.101242732000,0.099708751213,76,7.6,27,0,2703,2705,0.977145761883,0.980213723459,75,7.5,26,1,2557,2552,0.765456413155,0.757786509216,76,7.6,27,0,2597,2593,0.799203990488,0.793068067337,75,7.5,26,1,2020,2016,-0.070563116243,-0.076699039394,75,7.5,26,1
434,2026-09-05T04:53:02.444333+00:00,172743687000000,172743718000000,24.562000000,online_observation,4,0,2089,2088,0.101242732000,0.099708751213,76,7.6,27,0,2703,2705,0.977145761883,0.980213723459,75,7.5,26,0,2557,2552,0.765456413155,0.757786509216,76,7.6,27,1,2597,2593,0.799203990488,0.793068067337,75,7.5,26,1,2020,2016,-0.070563116243,-0.076699039394,75,7.5,26,1
435,2026-09-05T04:53:02.481894+00:00,172743734000000,172743750000000,24.594000000,online_observation,4,0,2089,2088,0.101242732000,0.099708751213,76,7.6,27,0,2703,2705,0.977145761883,0.980213723459,75,7.5,26,1,2557,2552,0.765456413155,0.757786509216,76,7.6,27,1,2597,2593,0.799203990488,0.793068067337,75,7.5,26,1,2020,2016,-0.070563116243,-0.076699039394,76,7.6,26,1
436,2026-09-05T04:53:02.538453+00:00,172743781000000,172743812000000,24.656000000,online_observation,4,0,2089,2088,0.101242732000,0.099708751213,76,7.6,27,0,2703,2705,0.977145761883,0.980213723459,75,7.5,26,1,2557,2552,0.765456413155,0.757786509216,76,7.6,27,1,2597,2593,0.799203990488,0.793068067337,75,7.5,27,1,2020,2016,-0.070563116243,-0.076699039394,75,7.5,26,1
437,2026-09-05T04:53:02.596012+00:00,172743843000000,172743875000000,24.719000000,post_roll_hold,49,0,2089,2088,0.101242732000,0.099708751213,76,7.6,27,0,2703,2705,0.977145761883,0.980213723459,75,7.5,26,1,2557,2552,0.765456413155,0.757786509216,76,7.6,27,1,2597,2593,0.799203990488,0.793068067337,75,7.5,26,1,2020,2016,-0.070563116243,-0.076699039394,75,7.5,26,1
438,2026-09-05T04:53:02.650225+00:00,172743890000000,172743921000000,24.765000000,post_roll_hold,49,0,2089,2088,0.101242732000,0.099708751213,76,7.6,27,0,2703,2705,0.977145761883,0.980213723459,75,7.5,26,0,2557,2552,0.765456413155,0.757786509216,76,7.6,27,1,2597,2593,0.799203990488,0.793068067337,75,7.5,27,1,2020,2016,-0.070563116243,-0.076699039394,75,7.5,26,1
439,2026-09-05T04:53:02.686334+00:00,172743937000000,172743968000000,24.812000000,post_roll_hold,49,0,2089,2088,0.101242732000,0.099708751213,76,7.6,27,0,2703,2705,0.977145761883,0.980213723459,75,7.5,26,1,2557,2552,0.765456413155,0.757786509216,76,7.6,27,1,2597,2593,0.799203990488,0.793068067337,75,7.5,26,1,2020,2016,-0.070563116243,-0.076699039394,75,7.5,26,1
440,2026-09-05T04:53:02.744380+00:00,172743984000000,172744015000000,24.859000000,post_roll_hold,49,0,2089,2088,0.101242732000,0.099708751213,76,7.6,27,0,2703,2705,0.977145761883,0.980213723459,75,7.5,26,0,2557,2552,0.765456413155,0.757786509216,76,7.6,27,0,2597,2593,0.799203990488,0.793068067337,75,7.5,26,1,2020,2016,-0.070563116243,-0.076699039394,75,7.5,26,1
441,2026-09-05T04:53:02.783405+00:00,172744031000000,172744062000000,24.906000000,post_roll_hold,49,0,2089,2088,0.101242732000,0.099708751213,76,7.6,27,0,2703,2705,0.977145761883,0.980213723459,75,7.5,26,0,2557,2552,0.765456413155,0.757786509216,76,7.6,27,1,2597,2593,0.799203990488,0.793068067337,75,7.5,27,1,2020,2016,-0.070563116243,-0.076699039394,75,7.5,26,0
442,2026-09-05T04:53:02.836492+00:00,172744078000000,172744109000000,24.953000000,post_roll_hold,49,0,2089,2088,0.101242732000,0.099708751213,76,7.6,27,0,2703,2705,0.977145761883,0.980213723459,75,7.5,26,1,2557,2552,0.765456413155,0.757786509216,76,7.6,27,1,2597,2593,0.799203990488,0.793068067337,75,7.5,26,1,2020,2016,-0.070563116243,-0.076699039394,75,7.5,26,1
443,2026-09-05T04:53:02.889164+00:00,172744140000000,172744171000000,25.015000000,post_roll_hold,49,0,2089,2088,0.101242732000,0.099708751213,76,7.6,27,0,2703,2705,0.977145761883,0.980213723459,75,7.5,26,1,2557,2552,0.765456413155,0.757786509216,76,7.6,27,1,2597,2593,0.799203990488,0.793068067337,75,7.5,26,1,2020,2016,-0.070563116243,-0.076699039394,75,7.5,26,1
444,2026-09-05T04:53:02.946895+00:00,172744187000000,172744218000000,25.062000000,post_roll_hold,49,0,2089,2088,0.101242732000,0.099708751213,76,7.6,27,0,2703,2705,0.977145761883,0.980213723459,75,7.5,26,1,2557,2552,0.765456413155,0.757786509216,76,7.6,27,1,2597,2593,0.799203990488,0.793068067337,75,7.5,26,1,2020,2016,-0.070563116243,-0.076699039394,75,7.5,26,1
445,2026-09-05T04:53:02.994250+00:00,172744234000000,172744265000000,25.109000000,post_roll_hold,49,0,2089,2088,0.101242732000,0.099708751213,76,7.6,27,0,2703,2705,0.977145761883,0.980213723459,75,7.5,26,0,2557,2552,0.765456413155,0.757786509216,76,7.6,27,1,2597,2593,0.799203990488,0.793068067337,75,7.5,26,1,2020,2016,-0.070563116243,-0.076699039394,76,7.6,26,0
446,2026-09-05T04:53:03.038760+00:00,172744281000000,172744312000000,25.156000000,post_roll_hold,49,0,2089,2088,0.101242732000,0.099708751213,76,7.6,27,0,2703,2705,0.977145761883,0.980213723459,75,7.5,26,1,2557,2552,0.765456413155,0.757786509216,76,7.6,27,1,2597,2593,0.799203990488,0.793068067337,75,7.5,26,1,2020,2016,-0.070563116243,-0.076699039394,76,7.6,26,1
447,2026-09-05T04:53:03.086700+00:00,172744328000000,172744359000000,25.203000000,post_roll_hold,49,0,2089,2088,0.101242732000,0.099708751213,76,7.6,27,0,2703,2705,0.977145761883,0.980213723459,75,7.5,26,0,2557,2552,0.765456413155,0.757786509216,76,7.6,27,0,2597,2593,0.799203990488,0.793068067337,75,7.5,27,1,2020,2016,-0.070563116243,-0.076699039394,75,7.5,26,1
448,2026-09-05T04:53:03.137741+00:00,172744390000000,172744406000000,25.250000000,post_roll_hold,49,0,2089,2088,0.101242732000,0.099708751213,76,7.6,27,0,2703,2705,0.977145761883,0.980213723459,75,7.5,26,1,2557,2552,0.765456413155,0.757786509216,76,7.6,27,1,2597,2593,0.799203990488,0.793068067337,75,7.5,26,1,2020,2016,-0.070563116243,-0.076699039394,75,7.5,26,1
449,2026-09-05T04:53:03.198910+00:00,172744437000000,172744468000000,25.312000000,post_roll_hold,49,0,2089,2088,0.101242732000,0.099708751213,76,7.6,27,0,2703,2705,0.977145761883,0.980213723459,75,7.5,26,1,2557,2552,0.765456413155,0.757786509216,76,7.6,27,1,2597,2593,0.799203990488,0.793068067337,75,7.5,26,1,2020,2016,-0.070563116243,-0.076699039394,76,7.6,26,1
450,2026-09-05T04:53:03.238591+00:00,172744484000000,172744515000000,25.359000000,post_roll_hold,49,0,2089,2088,0.101242732000,0.099708751213,76,7.6,27,0,2703,2705,0.977145761883,0.980213723459,75,7.5,26,0,2557,2552,0.765456413155,0.757786509216,76,7.6,27,1,2597,2593,0.799203990488,0.793068067337,75,7.5,27,1,2020,2016,-0.070563116243,-0.076699039394,75,7.5,26,1
451,2026-09-05T04:53:03.288605+00:00,172744531000000,172744562000000,25.406000000,post_roll_hold,49,0,2089,2088,0.101242732000,0.099708751213,76,7.6,27,0,2703,2705,0.977145761883,0.980213723459,75,7.5,26,1,2557,2552,0.765456413155,0.757786509216,76,7.6,27,1,2597,2593,0.799203990488,0.793068067337,75,7.5,26,1,2020,2016,-0.070563116243,-0.076699039394,76,7.6,26,1
452,2026-09-05T04:53:03.329599+00:00,172744578000000,172744609000000,25.453000000,post_roll_hold,49,0,2089,2088,0.101242732000,0.099708751213,76,7.6,27,0,2703,2705,0.977145761883,0.980213723459,75,7.5,26,1,2557,2552,0.765456413155,0.757786509216,76,7.6,27,1,2597,2593,0.799203990488,0.793068067337,75,7.5,26,1,2020,2016,-0.070563116243,-0.076699039394,75,7.5,26,1
453,2026-09-05T04:53:03.393717+00:00,172744640000000,172744671000000,25.515000000,post_roll_hold,49,0,2089,2088,0.101242732000,0.099708751213,76,7.6,27,0,2703,2705,0.977145761883,0.980213723459,75,7.5,26,0,2557,2552,0.765456413155,0.757786509216,76,7.6,27,1,2597,2593,0.799203990488,0.793068067337,75,7.5,26,1,2020,2016,-0.070563116243,-0.076699039394,76,7.6,26,1
454,2026-09-05T04:53:03.438662+00:00,172744687000000,172744718000000,25.562000000,post_roll_hold,49,0,2089,2088,0.101242732000,0.099708751213,76,7.6,27,0,2703,2705,0.977145761883,0.980213723459,75,7.5,26,1,2557,2552,0.765456413155,0.757786509216,76,7.6,27,0,2597,2593,0.799203990488,0.793068067337,75,7.5,27,1,2020,2016,-0.070563116243,-0.076699039394,76,7.6,26,1
455,2026-09-05T04:53:03.501245+00:00,172744734000000,172744781000000,25.625000000,post_roll_hold,49,0,2089,2088,0.101242732000,0.099708751213,76,7.6,27,0,2703,2705,0.977145761883,0.980213723459,75,7.5,26,0,2557,2552,0.765456413155,0.757786509216,76,7.6,27,1,2597,2593,0.799203990488,0.793068067337,75,7.5,27,1,2020,2016,-0.070563116243,-0.076699039394,75,7.5,26,1
456,2026-09-05T04:53:03.548108+00:00,172744796000000,172744828000000,25.672000000,post_roll_hold,49,0,2089,2088,0.101242732000,0.099708751213,76,7.6,27,0,2703,2705,0.977145761883,0.980213723459,75,7.5,26,0,2557,2552,0.765456413155,0.757786509216,76,7.6,27,0,2597,2593,0.799203990488,0.793068067337,75,7.5,26,1,2020,2016,-0.070563116243,-0.076699039394,75,7.5,26,0
457,2026-09-05T04:53:03.594206+00:00,172744843000000,172744875000000,25.719000000,post_roll_hold,49,0,2089,2088,0.101242732000,0.099708751213,76,7.6,27,0,2703,2705,0.977145761883,0.980213723459,75,7.5,26,1,2557,2552,0.765456413155,0.757786509216,76,7.6,27,1,2597,2593,0.799203990488,0.793068067337,75,7.5,27,1,2020,2016,-0.070563116243,-0.076699039394,75,7.5,26,1
