sample_index,host_utc,read_start_monotonic_ns,read_end_monotonic_ns,elapsed_s,phase,segment_index,read_retry_count,j1_position_raw,j1_target_raw,j1_position_rad,j1_target_rad,j1_voltage_raw,j1_voltage_v,j1_temperature_c,j1_current_raw,j2_position_raw,j2_target_raw,j2_position_rad,j2_target_rad,j2_voltage_raw,j2_voltage_v,j2_temperature_c,j2_current_raw,j3_position_raw,j3_target_raw,j3_position_rad,j3_target_rad,j3_voltage_raw,j3_voltage_v,j3_temperature_c,j3_current_raw,j4_position_raw,j4_target_raw,j4_position_rad,j4_target_rad,j4_voltage_raw,j4_voltage_v,j4_temperature_c,j4_current_raw,j5_position_raw,j5_target_raw,j5_position_rad,j5_target_rad,j5_voltage_raw,j5_voltage_v,j5_temperature_c,j5_current_raw
0,2026-09-05T08:53:12.654789+00:00,187153890000000,187153937000000,0.047000000,start_alignment,-1,0,2087,2087,0.098174770425,0.098174770425,76,7.6,26,0,2639,2639,0.878970991458,0.878970991458,75,7.5,25,0,2608,2608,0.843689433337,0.843689433337,76,7.6,26,0,2723,2723,0.992485569762,0.992485569762,75,7.5,26,0,2075,2075,0.013805827091,0.013805827091,76,7.6,25,0
1,2026-09-05T08:53:12.700258+00:00,187153953000000,187153968000000,0.078000000,start_alignment,-1,0,2087,2088,0.098174770425,0.099708751213,76,7.6,26,0,2639,2640,0.878970991458,0.880504972246,75,7.5,25,0,2608,2607,0.843689433337,0.842155452549,76,7.6,26,0,2723,2723,0.992485569762,0.992485569762,75,7.5,26,0,2075,2074,0.013805827091,0.012271846303,76,7.6,25,0
2,2026-09-05T08:53:12.976127+00:00,187154203000000,187154250000000,0.360000000,online_inference,0,0,2087,2089,0.098174770425,0.101242732000,76,7.6,27,1,2639,2641,0.878970991458,0.882038953034,75,7.5,25,1,2608,2607,0.843689433337,0.842155452549,76,7.6,26,0,2723,2723,0.992485569762,0.992485569762,75,7.5,26,0,2075,2074,0.013805827091,0.012271846303,76,7.6,25,0
3,2026-09-05T08:53:13.031556+00:00,187154265000000,187154312000000,0.422000000,online_inference,0,0,2087,2089,0.098174770425,0.101242732000,76,7.6,27,1,2639,2641,0.878970991458,0.882038953034,75,7.5,25,1,2608,2607,0.843689433337,0.842155452549,76,7.6,26,0,2723,2723,0.992485569762,0.992485569762,75,7.5,26,0,2075,2074,0.013805827091,0.012271846303,76,7.6,25,0
4,2026-09-05T08:53:13.090947+00:00,187154328000000,187154359000000,0.469000000,online_inference,0,0,2087,2089,0.098174770425,0.101242732000,76,7.6,27,0,2639,2641,0.878970991458,0.882038953034,75,7.5,25,1,2608,2607,0.843689433337,0.842155452549,76,7.6,26,0,2723,2723,0.992485569762,0.992485569762,75,7.5,26,0,2075,2074,0.013805827091,0.012271846303,75,7.5,25,0
5,2026-09-05T08:53:13.145888+00:00,187154375000000,187154421000000,0.531000000,online_inference,0,0,2087,2089,0.098174770425,0.101242732000,76,7.6,26,1,2639,2641,0.878970991458,0.882038953034,75,7.5,25,1,2608,2607,0.843689433337,0.842155452549,76,7.6,26,0,2723,2723,0.992485569762,0.992485569762,75,7.5,26,0,2075,2074,0.013805827091,0.012271846303,75,7.5,25,0
6,2026-09-05T08:53:13.201247+00:00,187154437000000,187154468000000,0.578000000,online_inference,0,0,2087,2089,0.098174770425,0.101242732000,76,7.6,27,1,2639,2641,0.878970991458,0.882038953034,75,7.5,25,1,2608,2607,0.843689433337,0.842155452549,76,7.6,26,0,2723,2723,0.992485569762,0.992485569762,75,7.5,26,0,2075,2074,0.013805827091,0.012271846303,76,7.6,25,0
7,2026-09-05T08:53:13.235107+00:00,187154484000000,187154515000000,0.625000000,online_inference,0,0,2087,2089,0.098174770425,0.101242732000,76,7.6,27,1,2639,2641,0.878970991458,0.882038953034,75,7.5,25,0,2608,2607,0.843689433337,0.842155452549,76,7.6,26,0,2723,2723,0.992485569762,0.992485569762,75,7.5,26,0,2075,2074,0.013805827091,0.012271846303,76,7.6,25,0
8,2026-09-05T08:53:13.292265+00:00,187154531000000,187154562000000,0.672000000,online_inference,0,0,2087,2089,0.098174770425,0.101242732000,76,7.6,27,1,2639,2641,0.878970991458,0.882038953034,75,7.5,25,1,2608,2607,0.843689433337,0.842155452549,76,7.6,26,0,2723,2723,0.992485569762,0.992485569762,75,7.5,26,0,2075,2074,0.013805827091,0.012271846303,76,7.6,25,0
9,2026-09-05T08:53:13.337683+00:00,187154578000000,187154609000000,0.719000000,online_inference,0,0,2087,2089,0.098174770425,0.101242732000,76,7.6,27,0,2639,2641,0.878970991458,0.882038953034,75,7.5,25,1,2608,2607,0.843689433337,0.842155452549,76,7.6,26,0,2723,2723,0.992485569762,0.992485569762,75,7.5,26,0,2075,2074,0.013805827091,0.012271846303,76,7.6,25,0
10,2026-09-05T08:53:13.385870+00:00,187154625000000,187154656000000,0.766000000,online_inference,0,0,2087,2089,0.098174770425,0.101242732000,76,7.6,27,0,2639,2641,0.878970991458,0.882038953034,75,7.5,25,1,2608,2607,0.843689433337,0.842155452549,76,7.6,26,0,2723,2723,0.992485569762,0.992485569762,75,7.5,26,0,2075,2074,0.013805827091,0.012271846303,75,7.5,25,0
11,2026-09-05T08:53:13.454544+00:00,187154703000000,187154734000000,0.844000000,online_inference,0,0,2087,2089,0.098174770425,0.101242732000,76,7.6,27,1,2639,2641,0.878970991458,0.882038953034,75,7.5,25,0,2608,2607,0.843689433337,0.842155452549,76,7.6,26,0,2723,2723,0.992485569762,0.992485569762,75,7.5,26,0,2075,2074,0.013805827091,0.012271846303,76,7.6,25,0
12,2026-09-05T08:53:13.504956+00:00,187154750000000,187154781000000,0.891000000,online_inference,0,0,2087,2089,0.098174770425,0.101242732000,76,7.6,27,0,2639,2641,0.878970991458,0.882038953034,75,7.5,25,0,2608,2607,0.843689433337,0.842155452549,76,7.6,26,0,2723,2723,0.992485569762,0.992485569762,75,7.5,26,0,2075,2074,0.013805827091,0.012271846303,76,7.6,25,0
13,2026-09-05T08:53:13.552838+00:00,187154796000000,187154828000000,0.938000000,online_inference,0,0,2087,2089,0.098174770425,0.101242732000,76,7.6,27,1,2639,2641,0.878970991458,0.882038953034,75,7.5,25,0,2608,2607,0.843689433337,0.842155452549,76,7.6,26,0,2723,2723,0.992485569762,0.992485569762,75,7.5,26,0,2075,2074,0.013805827091,0.012271846303,76,7.6,25,0
14,2026-09-05T08:53:13.604829+00:00,187154843000000,187154875000000,0.985000000,online_inference,0,0,2087,2089,0.098174770425,0.101242732000,76,7.6,27,1,2639,2641,0.878970991458,0.882038953034,75,7.5,25,1,2608,2607,0.843689433337,0.842155452549,76,7.6,26,0,2723,2723,0.992485569762,0.992485569762,75,7.5,26,0,2075,2074,0.013805827091,0.012271846303,76,7.6,25,0
15,2026-09-05T08:53:13.649350+00:00,187154890000000,187154921000000,1.031000000,online_inference,0,0,2087,2089,0.098174770425,0.101242732000,76,7.6,27,0,2639,2641,0.878970991458,0.882038953034,75,7.5,25,0,2608,2607,0.843689433337,0.842155452549,76,7.6,26,0,2723,2723,0.992485569762,0.992485569762,75,7.5,26,0,2075,2074,0.013805827091,0.012271846303,75,7.5,25,0
16,2026-09-05T08:53:13.700627+00:00,187154937000000,187154968000000,1.078000000,online_inference,0,0,2087,2089,0.098174770425,0.101242732000,76,7.6,27,0,2639,2641,0.878970991458,0.882038953034,75,7.5,25,1,2608,2607,0.843689433337,0.842155452549,76,7.6,26,0,2723,2723,0.992485569762,0.992485569762,75,7.5,26,0,2075,2074,0.013805827091,0.012271846303,76,7.6,25,0
17,2026-09-05T08:53:13.756431+00:00,187155000000000,187155031000000,1.141000000,online_inference,0,0,2087,2089,0.098174770425,0.101242732000,76,7.6,26,0,2639,2641,0.878970991458,0.882038953034,75,7.5,25,1,2608,2607,0.843689433337,0.842155452549,76,7.6,26,0,2723,2723,0.992485569762,0.992485569762,75,7.5,26,0,2075,2074,0.013805827091,0.012271846303,76,7.6,25,0
18,2026-09-05T08:53:13.802787+00:00,187155046000000,187155078000000,1.188000000,online_inference,0,0,2087,2089,0.098174770425,0.101242732000,76,7.6,27,0,2639,2641,0.878970991458,0.882038953034,75,7.5,25,1,2608,2607,0.843689433337,0.842155452549,76,7.6,26,0,2723,2723,0.992485569762,0.992485569762,75,7.5,26,0,2075,2074,0.013805827091,0.012271846303,75,7.5,25,0
19,2026-09-05T08:53:13.847404+00:00,187155093000000,187155125000000,1.235000000,online_inference,0,0,2087,2089,0.098174770425,0.101242732000,76,7.6,27,0,2639,2641,0.878970991458,0.882038953034,75,7.5,25,1,2608,2607,0.843689433337,0.842155452549,76,7.6,26,0,2723,2723,0.992485569762,0.992485569762,75,7.5,26,0,2075,2074,0.013805827091,0.012271846303,76,7.6,25,0
20,2026-09-05T08:53:13.897827+00:00,187155140000000,187155171000000,1.281000000,online_inference,0,0,2087,2089,0.098174770425,0.101242732000,76,7.6,26,1,2639,2641,0.878970991458,0.882038953034,75,7.5,25,0,2608,2607,0.843689433337,0.842155452549,76,7.6,26,0,2723,2723,0.992485569762,0.992485569762,75,7.5,26,0,2075,2074,0.013805827091,0.012271846303,76,7.6,25,0
21,2026-09-05T08:53:13.951371+00:00,187155187000000,187155218000000,1.328000000,online_inference,0,0,2087,2089,0.098174770425,0.101242732000,76,7.6,27,1,2639,2641,0.878970991458,0.882038953034,75,7.5,25,0,2608,2607,0.843689433337,0.842155452549,76,7.6,26,0,2723,2723,0.992485569762,0.992485569762,75,7.5,28,0,2075,2074,0.013805827091,0.012271846303,76,7.6,25,0
22,2026-09-05T08:53:14.003572+00:00,187155250000000,187155281000000,1.391000000,online_inference,0,0,2087,2089,0.098174770425,0.101242732000,76,7.6,26,0,2639,2641,0.878970991458,0.882038953034,75,7.5,25,1,2608,2607,0.843689433337,0.842155452549,76,7.6,26,0,2723,2723,0.992485569762,0.992485569762,75,7.5,26,0,2075,2074,0.013805827091,0.012271846303,76,7.6,25,0
23,2026-09-05T08:53:14.056144+00:00,187155296000000,187155328000000,1.438000000,online_inference,0,0,2087,2089,0.098174770425,0.101242732000,76,7.6,27,1,2639,2641,0.878970991458,0.882038953034,75,7.5,25,1,2608,2607,0.843689433337,0.842155452549,76,7.6,26,0,2723,2723,0.992485569762,0.992485569762,75,7.5,26,0,2075,2074,0.013805827091,0.012271846303,76,7.6,25,0
24,2026-09-05T08:53:14.105122+00:00,187155343000000,187155375000000,1.485000000,online_inference,0,0,2087,2089,0.098174770425,0.101242732000,76,7.6,26,0,2639,2641,0.878970991458,0.882038953034,75,7.5,25,1,2608,2607,0.843689433337,0.842155452549,76,7.6,26,0,2723,2723,0.992485569762,0.992485569762,75,7.5,26,0,2075,2074,0.013805827091,0.012271846303,76,7.6,25,0
25,2026-09-05T08:53:14.159082+00:00,187155390000000,187155437000000,1.547000000,online_inference,0,0,2087,2089,0.098174770425,0.101242732000,76,7.6,27,1,2639,2641,0.878970991458,0.882038953034,75,7.5,25,1,2608,2607,0.843689433337,0.842155452549,76,7.6,26,0,2723,2723,0.992485569762,0.992485569762,75,7.5,26,0,2075,2074,0.013805827091,0.012271846303,76,7.6,25,0
26,2026-09-05T08:53:14.213830+00:00,187155453000000,187155484000000,1.594000000,online_inference,0,0,2087,2089,0.098174770425,0.101242732000,76,7.6,26,1,2639,2641,0.878970991458,0.882038953034,75,7.5,25,1,2608,2607,0.843689433337,0.842155452549,76,7.6,26,0,2723,2723,0.992485569762,0.992485569762,75,7.5,26,0,2075,2074,0.013805827091,0.012271846303,76,7.6,25,0
27,2026-09-05T08:53:14.263068+00:00,187155500000000,187155531000000,1.641000000,online_inference,0,0,2087,2089,0.098174770425,0.101242732000,76,7.6,27,0,2639,2641,0.878970991458,0.882038953034,75,7.5,25,1,2608,2607,0.843689433337,0.842155452549,76,7.6,26,0,2723,2723,0.992485569762,0.992485569762,75,7.5,26,0,2075,2074,0.013805827091,0.012271846303,76,7.6,25,0
28,2026-09-05T08:53:14.305497+00:00,187155546000000,187155578000000,1.688000000,online_inference,0,0,2087,2089,0.098174770425,0.101242732000,76,7.6,27,0,2639,2641,0.878970991458,0.882038953034,75,7.5,25,0,2608,2607,0.843689433337,0.842155452549,76,7.6,26,0,2723,2723,0.992485569762,0.992485569762,75,7.5,26,0,2075,2074,0.013805827091,0.012271846303,76,7.6,25,0
29,2026-09-05T08:53:14.359871+00:00,187155593000000,187155640000000,1.750000000,online_inference,0,0,2087,2089,0.098174770425,0.101242732000,76,7.6,27,0,2639,2641,0.878970991458,0.882038953034,75,7.5,25,1,2608,2607,0.843689433337,0.842155452549,76,7.6,26,0,2723,2723,0.992485569762,0.992485569762,75,7.5,26,0,2075,2074,0.013805827091,0.012271846303,75,7.5,25,0
30,2026-09-05T08:53:14.412394+00:00,187155656000000,187155687000000,1.797000000,online_inference,0,0,2087,2089,0.098174770425,0.101242732000,76,7.6,27,1,2639,2641,0.878970991458,0.882038953034,75,7.5,25,1,2608,2607,0.843689433337,0.842155452549,76,7.6,26,0,2723,2723,0.992485569762,0.992485569762,75,7.5,26,0,2075,2074,0.013805827091,0.012271846303,76,7.6,25,0
31,2026-09-05T08:53:14.463255+00:00,187155703000000,187155734000000,1.844000000,online_inference,0,0,2087,2089,0.098174770425,0.101242732000,76,7.6,26,1,2639,2641,0.878970991458,0.882038953034,75,7.5,25,1,2608,2607,0.843689433337,0.842155452549,76,7.6,26,0,2723,2723,0.992485569762,0.992485569762,75,7.5,26,0,2075,2074,0.013805827091,0.012271846303,76,7.6,25,0
32,2026-09-05T08:53:14.517770+00:00,187155750000000,187155796000000,1.906000000,online_inference,0,0,2087,2089,0.098174770425,0.101242732000,76,7.6,27,1,2639,2641,0.878970991458,0.882038953034,75,7.5,25,0,2608,2607,0.843689433337,0.842155452549,76,7.6,26,0,2723,2723,0.992485569762,0.992485569762,75,7.5,26,0,2075,2074,0.013805827091,0.012271846303,76,7.6,25,0
33,2026-09-05T08:53:14.567107+00:00,187155812000000,187155843000000,1.953000000,online_inference,0,0,2087,2089,0.098174770425,0.101242732000,76,7.6,27,1,2639,2641,0.878970991458,0.882038953034,75,7.5,25,0,2608,2607,0.843689433337,0.842155452549,76,7.6,26,0,2723,2723,0.992485569762,0.992485569762,75,7.5,26,0,2075,2074,0.013805827091,0.012271846303,75,7.5,25,0
34,2026-09-05T08:53:14.624114+00:00,187155859000000,187155906000000,2.016000000,online_inference,0,0,2087,2089,0.098174770425,0.101242732000,76,7.6,27,1,2639,2641,0.878970991458,0.882038953034,75,7.5,25,1,2608,2607,0.843689433337,0.842155452549,76,7.6,26,0,2723,2723,0.992485569762,0.992485569762,75,7.5,26,0,2075,2074,0.013805827091,0.012271846303,76,7.6,25,0
35,2026-09-05T08:53:14.677573+00:00,187155921000000,187155953000000,2.063000000,online_inference,0,0,2087,2089,0.098174770425,0.101242732000,76,7.6,27,1,2639,2641,0.878970991458,0.882038953034,75,7.5,25,1,2608,2607,0.843689433337,0.842155452549,76,7.6,26,0,2723,2723,0.992485569762,0.992485569762,75,7.5,26,1,2075,2074,0.013805827091,0.012271846303,75,7.5,25,0
36,2026-09-05T08:53:14.730356+00:00,187155968000000,187156000000000,2.110000000,online_inference,0,0,2087,2089,0.098174770425,0.101242732000,76,7.6,27,1,2639,2641,0.878970991458,0.882038953034,75,7.5,25,0,2608,2607,0.843689433337,0.842155452549,76,7.6,26,0,2723,2723,0.992485569762,0.992485569762,75,7.5,26,0,2075,2074,0.013805827091,0.012271846303,76,7.6,25,0
37,2026-09-05T08:53:14.775171+00:00,187156015000000,187156046000000,2.156000000,online_inference,0,0,2087,2089,0.098174770425,0.101242732000,76,7.6,27,1,2639,2641,0.878970991458,0.882038953034,75,7.5,25,0,2608,2607,0.843689433337,0.842155452549,76,7.6,26,0,2723,2723,0.992485569762,0.992485569762,75,7.5,26,0,2075,2074,0.013805827091,0.012271846303,76,7.6,25,0
38,2026-09-05T08:53:14.823407+00:00,187156062000000,187156093000000,2.203000000,online_inference,0,0,2087,2089,0.098174770425,0.101242732000,76,7.6,27,0,2639,2641,0.878970991458,0.882038953034,75,7.5,25,1,2608,2607,0.843689433337,0.842155452549,76,7.6,26,0,2723,2723,0.992485569762,0.992485569762,75,7.5,26,0,2075,2074,0.013805827091,0.012271846303,76,7.6,25,0
39,2026-09-05T08:53:14.869429+00:00,187156109000000,187156140000000,2.250000000,online_inference,0,0,2087,2089,0.098174770425,0.101242732000,76,7.6,27,1,2639,2641,0.878970991458,0.882038953034,75,7.5,25,1,2608,2607,0.843689433337,0.842155452549,76,7.6,26,0,2723,2723,0.992485569762,0.992485569762,75,7.5,26,0,2075,2074,0.013805827091,0.012271846303,75,7.5,25,0
40,2026-09-05T08:53:14.926049+00:00,187156171000000,187156203000000,2.313000000,online_inference,0,0,2087,2089,0.098174770425,0.101242732000,76,7.6,27,0,2639,2641,0.878970991458,0.882038953034,75,7.5,25,1,2608,2607,0.843689433337,0.842155452549,76,7.6,26,0,2723,2723,0.992485569762,0.992485569762,75,7.5,26,0,2075,2074,0.013805827091,0.012271846303,75,7.5,25,0
41,2026-09-05T08:53:14.984190+00:00,187156218000000,187156265000000,2.375000000,online_inference,0,0,2087,2089,0.098174770425,0.101242732000,76,7.6,27,0,2639,2641,0.878970991458,0.882038953034,75,7.5,25,0,2608,2607,0.843689433337,0.842155452549,76,7.6,26,0,2723,2723,0.992485569762,0.992485569762,75,7.5,26,0,2075,2074,0.013805827091,0.012271846303,76,7.6,25,0
42,2026-09-05T08:53:15.037704+00:00,187156281000000,187156312000000,2.422000000,online_inference,0,0,2087,2089,0.098174770425,0.101242732000,76,7.6,27,1,2639,2641,0.878970991458,0.882038953034,75,7.5,25,1,2608,2607,0.843689433337,0.842155452549,76,7.6,26,0,2723,2723,0.992485569762,0.992485569762,75,7.5,26,0,2075,2074,0.013805827091,0.012271846303,75,7.5,25,0
43,2026-09-05T08:53:15.089296+00:00,187156328000000,187156359000000,2.469000000,online_inference,0,0,2087,2089,0.098174770425,0.101242732000,76,7.6,26,0,2639,2641,0.878970991458,0.882038953034,75,7.5,25,0,2608,2607,0.843689433337,0.842155452549,76,7.6,26,0,2723,2723,0.992485569762,0.992485569762,75,7.5,26,0,2075,2074,0.013805827091,0.012271846303,76,7.6,25,0
44,2026-09-05T08:53:15.137066+00:00,187156375000000,187156406000000,2.516000000,online_inference,0,0,2087,2089,0.098174770425,0.101242732000,76,7.6,27,0,2639,2641,0.878970991458,0.882038953034,75,7.5,25,1,2608,2607,0.843689433337,0.842155452549,76,7.6,26,0,2723,2723,0.992485569762,0.992485569762,75,7.5,28,0,2075,2074,0.013805827091,0.012271846303,76,7.6,25,0
45,2026-09-05T08:53:15.189808+00:00,187156421000000,187156468000000,2.578000000,online_inference,0,0,2087,2089,0.098174770425,0.101242732000,76,7.6,27,1,2639,2641,0.878970991458,0.882038953034,75,7.5,25,0,2608,2607,0.843689433337,0.842155452549,76,7.6,26,0,2723,2723,0.992485569762,0.992485569762,75,7.5,26,0,2075,2074,0.013805827091,0.012271846303,76,7.6,25,0
46,2026-09-05T08:53:15.241772+00:00,187156484000000,187156515000000,2.625000000,online_inference,0,0,2087,2089,0.098174770425,0.101242732000,76,7.6,27,1,2639,2641,0.878970991458,0.882038953034,75,7.5,25,0,2608,2607,0.843689433337,0.842155452549,76,7.6,26,0,2723,2723,0.992485569762,0.992485569762,75,7.5,26,0,2075,2074,0.013805827091,0.012271846303,76,7.6,25,0
47,2026-09-05T08:53:15.292111+00:00,187156531000000,187156562000000,2.672000000,online_inference,0,0,2087,2089,0.098174770425,0.101242732000,76,7.6,27,0,2639,2641,0.878970991458,0.882038953034,75,7.5,25,0,2608,2607,0.843689433337,0.842155452549,76,7.6,26,0,2723,2723,0.992485569762,0.992485569762,75,7.5,26,0,2075,2074,0.013805827091,0.012271846303,76,7.6,25,0
48,2026-09-05T08:53:15.334369+00:00,187156578000000,187156609000000,2.719000000,online_inference,0,0,2087,2089,0.098174770425,0.101242732000,76,7.6,27,1,2639,2641,0.878970991458,0.882038953034,75,7.5,25,0,2608,2607,0.843689433337,0.842155452549,76,7.6,26,0,2723,2723,0.992485569762,0.992485569762,75,7.5,26,0,2075,2074,0.013805827091,0.012271846303,75,7.5,25,0
49,2026-09-05T08:53:15.386100+00:00,187156625000000,187156656000000,2.766000000,online_inference,0,0,2087,2089,0.098174770425,0.101242732000,76,7.6,27,0,2639,2641,0.878970991458,0.882038953034,75,7.5,25,0,2608,2607,0.843689433337,0.842155452549,76,7.6,26,0,2723,2723,0.992485569762,0.992485569762,75,7.5,26,0,2075,2074,0.013805827091,0.012271846303,75,7.5,25,0
50,2026-09-05T08:53:15.430713+00:00,187156671000000,187156703000000,2.813000000,online_inference,0,0,2087,2089,0.098174770425,0.101242732000,76,7.6,27,1,2639,2641,0.878970991458,0.882038953034,75,7.5,25,0,2608,2607,0.843689433337,0.842155452549,76,7.6,26,0,2723,2723,0.992485569762,0.992485569762,75,7.5,26,0,2075,2074,0.013805827091,0.012271846303,75,7.5,25,0
51,2026-09-05T08:53:15.489283+00:00,187156734000000,187156765000000,2.875000000,online_inference,0,0,2087,2089,0.098174770425,0.101242732000,76,7.6,27,0,2639,2641,0.878970991458,0.882038953034,75,7.5,25,0,2608,2607,0.843689433337,0.842155452549,76,7.6,26,0,2723,2723,0.992485569762,0.992485569762,75,7.5,26,0,2075,2074,0.013805827091,0.012271846303,76,7.6,25,0
52,2026-09-05T08:53:15.552564+00:00,187156781000000,187156828000000,2.938000000,online_inference,0,0,2087,2089,0.098174770425,0.101242732000,76,7.6,27,1,2639,2641,0.878970991458,0.882038953034,75,7.5,25,0,2608,2607,0.843689433337,0.842155452549,76,7.6,26,0,2723,2723,0.992485569762,0.992485569762,75,7.5,26,0,2075,2074,0.013805827091,0.012271846303,76,7.6,25,0
53,2026-09-05T08:53:15.598929+00:00,187156843000000,187156875000000,2.985000000,online_inference,0,0,2087,2089,0.098174770425,0.101242732000,76,7.6,26,0,2639,2641,0.878970991458,0.882038953034,75,7.5,25,0,2608,2607,0.843689433337,0.842155452549,76,7.6,26,0,2723,2723,0.992485569762,0.992485569762,75,7.5,26,0,2075,2074,0.013805827091,0.012271846303,75,7.5,25,0
54,2026-09-05T08:53:15.655301+00:00,187156890000000,187156937000000,3.047000000,online_inference,0,0,2087,2089,0.098174770425,0.101242732000,76,7.6,26,1,2639,2641,0.878970991458,0.882038953034,75,7.5,25,1,2608,2607,0.843689433337,0.842155452549,76,7.6,26,0,2723,2723,0.992485569762,0.992485569762,75,7.5,26,0,2075,2074,0.013805827091,0.012271846303,75,7.5,25,0
55,2026-09-05T08:53:15.709068+00:00,187156953000000,187156984000000,3.094000000,online_inference,0,0,2087,2089,0.098174770425,0.101242732000,76,7.6,27,1,2639,2641,0.878970991458,0.882038953034,75,7.5,25,0,2608,2607,0.843689433337,0.842155452549,76,7.6,26,0,2723,2723,0.992485569762,0.992485569762,75,7.5,26,0,2075,2074,0.013805827091,0.012271846303,76,7.6,25,0
56,2026-09-05T08:53:15.759739+00:00,187157000000000,187157031000000,3.141000000,online_inference,0,0,2087,2089,0.098174770425,0.101242732000,76,7.6,27,0,2639,2641,0.878970991458,0.882038953034,75,7.5,25,0,2608,2607,0.843689433337,0.842155452549,76,7.6,26,0,2723,2723,0.992485569762,0.992485569762,75,7.5,26,0,2075,2074,0.013805827091,0.012271846303,76,7.6,25,0
57,2026-09-05T08:53:15.811153+00:00,187157046000000,187157093000000,3.203000000,online_inference,0,0,2087,2089,0.098174770425,0.101242732000,76,7.6,27,1,2639,2641,0.878970991458,0.882038953034,75,7.5,25,0,2608,2607,0.843689433337,0.842155452549,76,7.6,26,0,2723,2723,0.992485569762,0.992485569762,75,7.5,26,0,2075,2074,0.013805827091,0.012271846303,75,7.5,25,0
58,2026-09-05T08:53:15.856820+00:00,187157109000000,187157125000000,3.235000000,online_inference,0,0,2087,2089,0.098174770425,0.101242732000,76,7.6,27,1,2639,2641,0.878970991458,0.882038953034,75,7.5,25,1,2608,2607,0.843689433337,0.842155452549,76,7.6,26,0,2723,2723,0.992485569762,0.992485569762,75,7.5,26,0,2075,2074,0.013805827091,0.012271846303,75,7.5,25,0
59,2026-09-05T08:53:15.913441+00:00,187157156000000,187157187000000,3.297000000,online_inference,0,0,2087,2089,0.098174770425,0.101242732000,76,7.6,27,1,2639,2641,0.878970991458,0.882038953034,75,7.5,25,1,2608,2607,0.843689433337,0.842155452549,76,7.6,26,0,2723,2723,0.992485569762,0.992485569762,75,7.5,26,0,2075,2074,0.013805827091,0.012271846303,76,7.6,25,0
60,2026-09-05T08:53:15.956746+00:00,187157203000000,187157234000000,3.344000000,online_archive,0,0,2087,2089,0.098174770425,0.101242732000,76,7.6,27,0,2639,2641,0.878970991458,0.882038953034,75,7.5,25,1,2608,2607,0.843689433337,0.842155452549,76,7.6,26,0,2723,2723,0.992485569762,0.992485569762,75,7.5,26,0,2075,2074,0.013805827091,0.012271846303,75,7.5,25,0
61,2026-09-05T08:53:16.005786+00:00,187157250000000,187157281000000,3.391000000,online_archive,0,0,2087,2089,0.098174770425,0.101242732000,76,7.6,27,0,2639,2641,0.878970991458,0.882038953034,75,7.5,25,0,2608,2607,0.843689433337,0.842155452549,76,7.6,26,0,2723,2723,0.992485569762,0.992485569762,75,7.5,26,0,2075,2074,0.013805827091,0.012271846303,76,7.6,25,0
62,2026-09-05T08:53:16.096075+00:00,187157343000000,187157375000000,3.485000000,fixed_trajectory,0,0,2087,2089,0.098174770425,0.101242732000,76,7.6,27,0,2639,2641,0.878970991458,0.882038953034,75,7.5,25,0,2608,2607,0.843689433337,0.842155452549,76,7.6,26,0,2723,2723,0.992485569762,0.992485569762,75,7.5,26,0,2075,2074,0.013805827091,0.012271846303,76,7.6,25,0
63,2026-09-05T08:53:16.144098+00:00,187157390000000,187157421000000,3.531000000,fixed_trajectory,0,0,2087,2088,0.098174770425,0.099708751213,76,7.6,26,0,2639,2641,0.878970991458,0.882038953034,75,7.5,25,1,2608,2607,0.843689433337,0.842155452549,76,7.6,26,0,2723,2723,0.992485569762,0.992485569762,75,7.5,26,0,2075,2074,0.013805827091,0.012271846303,76,7.6,25,0
64,2026-09-05T08:53:16.186012+00:00,187157437000000,187157468000000,3.578000000,fixed_trajectory,0,0,2087,2087,0.098174770425,0.098174770425,76,7.6,27,0,2639,2640,0.878970991458,0.880504972246,75,7.5,25,1,2608,2607,0.843689433337,0.842155452549,76,7.6,26,0,2723,2723,0.992485569762,0.992485569762,75,7.5,26,0,2075,2074,0.013805827091,0.012271846303,76,7.6,25,0
65,2026-09-05T08:53:16.235666+00:00,187157484000000,187157515000000,3.625000000,fixed_trajectory,0,0,2087,2086,0.098174770425,0.096640789637,76,7.6,27,0,2638,2640,0.877437010671,0.880504972246,75,7.5,25,1,2608,2607,0.843689433337,0.842155452549,76,7.6,26,0,2723,2723,0.992485569762,0.992485569762,75,7.5,26,0,2075,2074,0.013805827091,0.012271846303,75,7.5,25,0
66,2026-09-05T08:53:16.292488+00:00,187157531000000,187157562000000,3.672000000,fixed_trajectory,0,0,2087,2085,0.098174770425,0.095106808849,76,7.6,27,1,2638,2639,0.877437010671,0.878970991458,76,7.6,25,0,2608,2607,0.843689433337,0.842155452549,76,7.6,26,0,2723,2723,0.992485569762,0.992485569762,75,7.5,26,0,2075,2075,0.013805827091,0.013805827091,76,7.6,25,0
67,2026-09-05T08:53:16.334089+00:00,187157578000000,187157609000000,3.719000000,fixed_trajectory,0,0,2086,2084,0.096640789637,0.093572828061,76,7.6,26,1,2638,2639,0.877437010671,0.878970991458,75,7.5,25,0,2608,2607,0.843689433337,0.842155452549,76,7.6,26,0,2723,2723,0.992485569762,0.992485569762,75,7.5,26,0,2075,2075,0.013805827091,0.013805827091,76,7.6,25,0
68,2026-09-05T08:53:16.398164+00:00,187157640000000,187157671000000,3.781000000,fixed_trajectory,0,0,2085,2083,0.095106808849,0.092038847273,76,7.6,27,1,2638,2639,0.877437010671,0.878970991458,75,7.5,25,0,2608,2607,0.843689433337,0.842155452549,76,7.6,26,0,2723,2723,0.992485569762,0.992485569762,75,7.5,26,0,2075,2075,0.013805827091,0.013805827091,76,7.6,25,0
69,2026-09-05T08:53:16.433379+00:00,187157687000000,187157703000000,3.813000000,fixed_trajectory,0,0,2085,2082,0.095106808849,0.090504866485,76,7.6,27,1,2638,2638,0.877437010671,0.877437010671,75,7.5,25,0,2608,2607,0.843689433337,0.842155452549,76,7.6,26,0,2723,2723,0.992485569762,0.992485569762,75,7.5,26,0,2075,2075,0.013805827091,0.013805827091,76,7.6,25,0
70,2026-09-05T08:53:16.493914+00:00,187157734000000,187157765000000,3.875000000,online_observation,0,0,2085,2081,0.095106808849,0.088970885697,76,7.6,26,1,2638,2638,0.877437010671,0.877437010671,75,7.5,25,0,2608,2607,0.843689433337,0.842155452549,76,7.6,26,0,2723,2723,0.992485569762,0.992485569762,75,7.5,27,0,2075,2075,0.013805827091,0.013805827091,76,7.6,25,0
71,2026-09-05T08:53:16.534971+00:00,187157781000000,187157812000000,3.922000000,online_observation,0,0,2083,2081,0.092038847273,0.088970885697,76,7.6,26,1,2638,2638,0.877437010671,0.877437010671,75,7.5,25,0,2608,2607,0.843689433337,0.842155452549,76,7.6,26,0,2723,2723,0.992485569762,0.992485569762,75,7.5,26,0,2075,2075,0.013805827091,0.013805827091,75,7.5,25,0
72,2026-09-05T08:53:16.585134+00:00,187157828000000,187157859000000,3.969000000,online_observation,0,0,2083,2081,0.092038847273,0.088970885697,76,7.6,27,1,2638,2638,0.877437010671,0.877437010671,75,7.5,25,0,2608,2607,0.843689433337,0.842155452549,76,7.6,26,0,2723,2723,0.992485569762,0.992485569762,75,7.5,26,0,2075,2075,0.013805827091,0.013805827091,76,7.6,25,0
73,2026-09-05T08:53:16.638879+00:00,187157890000000,187157906000000,4.016000000,online_observation,0,0,2083,2081,0.092038847273,0.088970885697,76,7.6,27,0,2638,2638,0.877437010671,0.877437010671,75,7.5,25,0,2608,2607,0.843689433337,0.842155452549,76,7.6,26,0,2723,2723,0.992485569762,0.992485569762,75,7.5,26,0,2075,2075,0.013805827091,0.013805827091,76,7.6,25,0
74,2026-09-05T08:53:16.697276+00:00,187157937000000,187157968000000,4.078000000,online_observation,0,0,2083,2081,0.092038847273,0.088970885697,76,7.6,27,1,2638,2638,0.877437010671,0.877437010671,75,7.5,25,0,2608,2607,0.843689433337,0.842155452549,76,7.6,26,0,2723,2723,0.992485569762,0.992485569762,75,7.5,26,0,2075,2075,0.013805827091,0.013805827091,76,7.6,25,0
75,2026-09-05T08:53:16.737320+00:00,187157984000000,187158015000000,4.125000000,online_observation,0,0,2083,2081,0.092038847273,0.088970885697,76,7.6,27,0,2638,2638,0.877437010671,0.877437010671,75,7.5,25,0,2608,2607,0.843689433337,0.842155452549,76,7.6,26,0,2723,2723,0.992485569762,0.992485569762,75,7.5,26,0,2075,2075,0.013805827091,0.013805827091,76,7.6,25,0
76,2026-09-05T08:53:16.791941+00:00,187158031000000,187158062000000,4.172000000,online_observation,0,0,2083,2081,0.092038847273,0.088970885697,76,7.6,27,1,2638,2638,0.877437010671,0.877437010671,75,7.5,25,0,2608,2607,0.843689433337,0.842155452549,76,7.6,26,0,2723,2723,0.992485569762,0.992485569762,75,7.5,26,0,2075,2075,0.013805827091,0.013805827091,76,7.6,25,0
77,2026-09-05T08:53:16.843691+00:00,187158078000000,187158125000000,4.235000000,online_inference,1,0,2083,2081,0.092038847273,0.088970885697,76,7.6,26,1,2638,2638,0.877437010671,0.877437010671,75,7.5,25,0,2608,2607,0.843689433337,0.842155452549,76,7.6,26,0,2723,2723,0.992485569762,0.992485569762,75,7.5,26,0,2075,2075,0.013805827091,0.013805827091,76,7.6,25,0
78,2026-09-05T08:53:16.908804+00:00,187158140000000,187158187000000,4.297000000,online_inference,1,0,2083,2081,0.092038847273,0.088970885697,76,7.6,27,1,2638,2638,0.877437010671,0.877437010671,75,7.5,25,0,2608,2607,0.843689433337,0.842155452549,76,7.6,26,0,2723,2723,0.992485569762,0.992485569762,75,7.5,26,0,2075,2075,0.013805827091,0.013805827091,76,7.6,25,0
79,2026-09-05T08:53:16.976845+00:00,187158203000000,187158250000000,4.360000000,online_inference,1,0,2083,2081,0.092038847273,0.088970885697,76,7.6,27,1,2638,2638,0.877437010671,0.877437010671,75,7.5,25,0,2608,2607,0.843689433337,0.842155452549,76,7.6,26,0,2723,2723,0.992485569762,0.992485569762,75,7.5,26,0,2075,2075,0.013805827091,0.013805827091,76,7.6,25,0
80,2026-09-05T08:53:17.047964+00:00,187158265000000,187158328000000,4.438000000,online_inference,1,0,2083,2081,0.092038847273,0.088970885697,76,7.6,27,1,2638,2638,0.877437010671,0.877437010671,75,7.5,25,0,2608,2607,0.843689433337,0.842155452549,76,7.6,26,0,2723,2723,0.992485569762,0.992485569762,75,7.5,26,0,2075,2075,0.013805827091,0.013805827091,76,7.6,25,0
81,2026-09-05T08:53:17.099741+00:00,187158343000000,187158375000000,4.485000000,online_inference,1,0,2083,2081,0.092038847273,0.088970885697,76,7.6,27,1,2638,2638,0.877437010671,0.877437010671,75,7.5,25,0,2608,2607,0.843689433337,0.842155452549,76,7.6,26,0,2723,2723,0.992485569762,0.992485569762,75,7.5,26,0,2075,2075,0.013805827091,0.013805827091,75,7.5,25,0
82,2026-09-05T08:53:17.163100+00:00,187158390000000,187158437000000,4.547000000,online_inference,1,0,2083,2081,0.092038847273,0.088970885697,76,7.6,27,0,2638,2638,0.877437010671,0.877437010671,75,7.5,25,0,2608,2607,0.843689433337,0.842155452549,76,7.6,26,0,2723,2723,0.992485569762,0.992485569762,75,7.5,26,0,2075,2075,0.013805827091,0.013805827091,76,7.6,25,0
83,2026-09-05T08:53:17.207371+00:00,187158453000000,187158484000000,4.594000000,online_inference,1,0,2083,2081,0.092038847273,0.088970885697,76,7.6,27,1,2638,2638,0.877437010671,0.877437010671,75,7.5,25,0,2608,2607,0.843689433337,0.842155452549,76,7.6,26,0,2723,2723,0.992485569762,0.992485569762,75,7.5,26,0,2075,2075,0.013805827091,0.013805827091,76,7.6,25,0
84,2026-09-05T08:53:17.263841+00:00,187158500000000,187158531000000,4.641000000,online_inference,1,0,2083,2081,0.092038847273,0.088970885697,76,7.6,27,1,2638,2638,0.877437010671,0.877437010671,75,7.5,25,0,2608,2607,0.843689433337,0.842155452549,76,7.6,26,0,2723,2723,0.992485569762,0.992485569762,75,7.5,26,0,2075,2075,0.013805827091,0.013805827091,75,7.5,25,0
85,2026-09-05T08:53:17.307870+00:00,187158546000000,187158578000000,4.688000000,online_inference,1,0,2083,2081,0.092038847273,0.088970885697,76,7.6,27,1,2638,2638,0.877437010671,0.877437010671,75,7.5,25,0,2608,2607,0.843689433337,0.842155452549,76,7.6,26,0,2723,2723,0.992485569762,0.992485569762,75,7.5,26,0,2075,2075,0.013805827091,0.013805827091,75,7.5,25,0
86,2026-09-05T08:53:17.357647+00:00,187158593000000,187158625000000,4.735000000,online_inference,1,0,2083,2081,0.092038847273,0.088970885697,76,7.6,27,1,2638,2638,0.877437010671,0.877437010671,75,7.5,25,0,2608,2607,0.843689433337,0.842155452549,76,7.6,26,0,2723,2723,0.992485569762,0.992485569762,75,7.5,26,0,2075,2075,0.013805827091,0.013805827091,75,7.5,25,0
87,2026-09-05T08:53:17.410720+00:00,187158640000000,187158687000000,4.797000000,online_inference,1,0,2083,2081,0.092038847273,0.088970885697,76,7.6,27,1,2638,2638,0.877437010671,0.877437010671,75,7.5,25,0,2608,2607,0.843689433337,0.842155452549,76,7.6,26,0,2723,2723,0.992485569762,0.992485569762,75,7.5,26,0,2075,2075,0.013805827091,0.013805827091,76,7.6,25,0
88,2026-09-05T08:53:17.459422+00:00,187158703000000,187158734000000,4.844000000,online_inference,1,0,2083,2081,0.092038847273,0.088970885697,76,7.6,27,1,2638,2638,0.877437010671,0.877437010671,75,7.5,25,0,2608,2607,0.843689433337,0.842155452549,76,7.6,26,0,2723,2723,0.992485569762,0.992485569762,75,7.5,28,0,2075,2075,0.013805827091,0.013805827091,76,7.6,25,0
89,2026-09-05T08:53:17.513322+00:00,187158750000000,187158781000000,4.891000000,online_inference,1,0,2083,2081,0.092038847273,0.088970885697,76,7.6,26,1,2638,2638,0.877437010671,0.877437010671,75,7.5,25,0,2608,2607,0.843689433337,0.842155452549,76,7.6,26,0,2723,2723,0.992485569762,0.992485569762,75,7.5,26,0,2075,2075,0.013805827091,0.013805827091,76,7.6,25,0
90,2026-09-05T08:53:17.557395+00:00,187158796000000,187158828000000,4.938000000,online_inference,1,0,2083,2081,0.092038847273,0.088970885697,76,7.6,27,1,2638,2638,0.877437010671,0.877437010671,75,7.5,25,0,2608,2607,0.843689433337,0.842155452549,76,7.6,26,0,2723,2723,0.992485569762,0.992485569762,75,7.5,26,0,2075,2075,0.013805827091,0.013805827091,76,7.6,25,0
91,2026-09-05T08:53:17.612968+00:00,187158843000000,187158890000000,5.000000000,online_inference,1,0,2083,2081,0.092038847273,0.088970885697,76,7.6,27,0,2638,2638,0.877437010671,0.877437010671,75,7.5,25,0,2608,2607,0.843689433337,0.842155452549,76,7.6,26,0,2723,2723,0.992485569762,0.992485569762,75,7.5,26,0,2075,2075,0.013805827091,0.013805827091,76,7.6,25,0
92,2026-09-05T08:53:17.663409+00:00,187158906000000,187158937000000,5.047000000,online_inference,1,0,2083,2081,0.092038847273,0.088970885697,76,7.6,27,0,2638,2638,0.877437010671,0.877437010671,75,7.5,25,0,2608,2607,0.843689433337,0.842155452549,76,7.6,26,0,2723,2723,0.992485569762,0.992485569762,75,7.5,26,0,2075,2075,0.013805827091,0.013805827091,76,7.6,25,0
93,2026-09-05T08:53:17.720171+00:00,187158953000000,187159000000000,5.110000000,online_inference,1,0,2083,2081,0.092038847273,0.088970885697,76,7.6,27,0,2638,2638,0.877437010671,0.877437010671,75,7.5,25,0,2608,2607,0.843689433337,0.842155452549,76,7.6,26,0,2723,2723,0.992485569762,0.992485569762,75,7.5,26,0,2075,2075,0.013805827091,0.013805827091,76,7.6,25,0
94,2026-09-05T08:53:17.768032+00:00,187159015000000,187159046000000,5.156000000,online_inference,1,0,2083,2081,0.092038847273,0.088970885697,76,7.6,27,1,2638,2638,0.877437010671,0.877437010671,75,7.5,25,0,2608,2607,0.843689433337,0.842155452549,76,7.6,26,0,2723,2723,0.992485569762,0.992485569762,75,7.5,26,0,2075,2075,0.013805827091,0.013805827091,76,7.6,25,0
95,2026-09-05T08:53:17.824451+00:00,187159062000000,187159093000000,5.203000000,online_inference,1,0,2083,2081,0.092038847273,0.088970885697,76,7.6,27,1,2638,2638,0.877437010671,0.877437010671,75,7.5,25,0,2608,2607,0.843689433337,0.842155452549,76,7.6,26,0,2723,2723,0.992485569762,0.992485569762,75,7.5,26,0,2075,2075,0.013805827091,0.013805827091,76,7.6,26,0
96,2026-09-05T08:53:17.867977+00:00,187159109000000,187159140000000,5.250000000,online_inference,1,0,2083,2081,0.092038847273,0.088970885697,76,7.6,27,1,2638,2638,0.877437010671,0.877437010671,75,7.5,25,0,2608,2607,0.843689433337,0.842155452549,76,7.6,26,0,2723,2723,0.992485569762,0.992485569762,75,7.5,26,0,2075,2075,0.013805827091,0.013805827091,76,7.6,25,0
97,2026-09-05T08:53:17.914695+00:00,187159156000000,187159187000000,5.297000000,online_inference,1,0,2083,2081,0.092038847273,0.088970885697,76,7.6,27,1,2638,2638,0.877437010671,0.877437010671,75,7.5,25,0,2608,2607,0.843689433337,0.842155452549,76,7.6,26,0,2723,2723,0.992485569762,0.992485569762,75,7.5,26,0,2075,2075,0.013805827091,0.013805827091,76,7.6,25,0
98,2026-09-05T08:53:17.964068+00:00,187159203000000,187159234000000,5.344000000,online_inference,1,0,2083,2081,0.092038847273,0.088970885697,76,7.6,27,0,2638,2638,0.877437010671,0.877437010671,75,7.5,25,0,2608,2607,0.843689433337,0.842155452549,76,7.6,26,0,2723,2723,0.992485569762,0.992485569762,75,7.5,26,0,2075,2075,0.013805827091,0.013805827091,75,7.5,25,0
99,2026-09-05T08:53:18.021142+00:00,187159265000000,187159296000000,5.406000000,online_inference,1,0,2083,2081,0.092038847273,0.088970885697,76,7.6,27,1,2638,2638,0.877437010671,0.877437010671,75,7.5,25,0,2608,2607,0.843689433337,0.842155452549,76,7.6,26,0,2723,2723,0.992485569762,0.992485569762,75,7.5,26,0,2075,2075,0.013805827091,0.013805827091,76,7.6,25,0
100,2026-09-05T08:53:18.076270+00:00,187159312000000,187159343000000,5.453000000,online_inference,1,0,2083,2081,0.092038847273,0.088970885697,76,7.6,27,1,2638,2638,0.877437010671,0.877437010671,75,7.5,25,0,2608,2607,0.843689433337,0.842155452549,76,7.6,26,0,2723,2723,0.992485569762,0.992485569762,75,7.5,26,0,2075,2075,0.013805827091,0.013805827091,76,7.6,25,0
101,2026-09-05T08:53:18.130053+00:00,187159375000000,187159406000000,5.516000000,online_inference,1,0,2083,2081,0.092038847273,0.088970885697,76,7.6,26,0,2638,2638,0.877437010671,0.877437010671,75,7.5,25,0,2608,2607,0.843689433337,0.842155452549,76,7.6,26,0,2723,2723,0.992485569762,0.992485569762,75,7.5,26,0,2075,2075,0.013805827091,0.013805827091,76,7.6,25,0
102,2026-09-05T08:53:18.190112+00:00,187159421000000,187159468000000,5.578000000,online_inference,1,0,2083,2081,0.092038847273,0.088970885697,76,7.6,27,1,2638,2638,0.877437010671,0.877437010671,75,7.5,25,0,2608,2607,0.843689433337,0.842155452549,76,7.6,26,0,2723,2723,0.992485569762,0.992485569762,75,7.5,26,0,2075,2075,0.013805827091,0.013805827091,76,7.6,25,0
103,2026-09-05T08:53:18.236694+00:00,187159484000000,187159515000000,5.625000000,online_inference,1,0,2083,2081,0.092038847273,0.088970885697,76,7.6,27,0,2638,2638,0.877437010671,0.877437010671,75,7.5,25,0,2608,2607,0.843689433337,0.842155452549,76,7.6,26,0,2723,2723,0.992485569762,0.992485569762,75,7.5,26,0,2075,2075,0.013805827091,0.013805827091,76,7.6,25,0
104,2026-09-05T08:53:18.293264+00:00,187159531000000,187159562000000,5.672000000,online_inference,1,0,2083,2081,0.092038847273,0.088970885697,76,7.6,27,0,2638,2638,0.877437010671,0.877437010671,75,7.5,25,0,2608,2607,0.843689433337,0.842155452549,76,7.6,26,0,2723,2723,0.992485569762,0.992485569762,75,7.5,26,0,2075,2075,0.013805827091,0.013805827091,76,7.6,25,0
105,2026-09-05T08:53:18.334853+00:00,187159578000000,187159609000000,5.719000000,online_inference,1,0,2083,2081,0.092038847273,0.088970885697,76,7.6,27,0,2638,2638,0.877437010671,0.877437010671,75,7.5,25,0,2608,2607,0.843689433337,0.842155452549,76,7.6,26,0,2723,2723,0.992485569762,0.992485569762,75,7.5,26,0,2075,2075,0.013805827091,0.013805827091,75,7.5,25,0
106,2026-09-05T08:53:18.386894+00:00,187159625000000,187159656000000,5.766000000,online_inference,1,0,2083,2081,0.092038847273,0.088970885697,76,7.6,26,1,2638,2638,0.877437010671,0.877437010671,75,7.5,25,0,2608,2607,0.843689433337,0.842155452549,76,7.6,26,0,2723,2723,0.992485569762,0.992485569762,75,7.5,26,0,2075,2075,0.013805827091,0.013805827091,76,7.6,25,0
107,2026-09-05T08:53:18.432886+00:00,187159671000000,187159703000000,5.813000000,online_inference,1,0,2083,2081,0.092038847273,0.088970885697,76,7.6,27,1,2638,2638,0.877437010671,0.877437010671,75,7.5,25,0,2608,2607,0.843689433337,0.842155452549,76,7.6,26,0,2723,2723,0.992485569762,0.992485569762,75,7.5,26,0,2075,2075,0.013805827091,0.013805827091,76,7.6,25,0
108,2026-09-05T08:53:18.488989+00:00,187159734000000,187159765000000,5.875000000,online_inference,1,0,2083,2081,0.092038847273,0.088970885697,76,7.6,27,1,2638,2638,0.877437010671,0.877437010671,75,7.5,25,0,2608,2607,0.843689433337,0.842155452549,76,7.6,26,0,2723,2723,0.992485569762,0.992485569762,75,7.5,26,0,2075,2075,0.013805827091,0.013805827091,76,7.6,25,0
109,2026-09-05T08:53:18.534237+00:00,187159781000000,187159812000000,5.922000000,online_inference,1,0,2083,2081,0.092038847273,0.088970885697,76,7.6,27,0,2638,2638,0.877437010671,0.877437010671,75,7.5,25,0,2608,2607,0.843689433337,0.842155452549,76,7.6,26,0,2723,2723,0.992485569762,0.992485569762,75,7.5,26,0,2075,2075,0.013805827091,0.013805827091,76,7.6,25,0
110,2026-09-05T08:53:18.586027+00:00,187159828000000,187159859000000,5.969000000,online_inference,1,0,2083,2081,0.092038847273,0.088970885697,76,7.6,26,0,2638,2638,0.877437010671,0.877437010671,75,7.5,25,0,2608,2607,0.843689433337,0.842155452549,76,7.6,26,0,2723,2723,0.992485569762,0.992485569762,75,7.5,26,0,2075,2075,0.013805827091,0.013805827091,76,7.6,25,0
111,2026-09-05T08:53:18.638210+00:00,187159875000000,187159906000000,6.016000000,online_inference,1,0,2083,2081,0.092038847273,0.088970885697,76,7.6,27,0,2638,2638,0.877437010671,0.877437010671,75,7.5,25,0,2608,2607,0.843689433337,0.842155452549,76,7.6,26,0,2723,2723,0.992485569762,0.992485569762,75,7.5,26,0,2075,2075,0.013805827091,0.013805827091,76,7.6,25,0
112,2026-09-05T08:53:18.695875+00:00,187159937000000,187159968000000,6.078000000,online_inference,1,0,2083,2081,0.092038847273,0.088970885697,76,7.6,27,0,2638,2638,0.877437010671,0.877437010671,75,7.5,25,0,2608,2607,0.843689433337,0.842155452549,76,7.6,26,0,2723,2723,0.992485569762,0.992485569762,75,7.5,26,0,2075,2075,0.013805827091,0.013805827091,76,7.6,25,0
113,2026-09-05T08:53:18.751608+00:00,187159984000000,187160031000000,6.141000000,online_inference,1,0,2083,2081,0.092038847273,0.088970885697,76,7.6,27,0,2638,2638,0.877437010671,0.877437010671,75,7.5,25,0,2608,2607,0.843689433337,0.842155452549,76,7.6,26,0,2723,2723,0.992485569762,0.992485569762,75,7.5,26,0,2075,2075,0.013805827091,0.013805827091,76,7.6,26,0
114,2026-09-05T08:53:18.798156+00:00,187160046000000,187160078000000,6.188000000,online_inference,1,0,2083,2081,0.092038847273,0.088970885697,76,7.6,27,1,2638,2638,0.877437010671,0.877437010671,75,7.5,25,0,2608,2607,0.843689433337,0.842155452549,76,7.6,26,0,2723,2723,0.992485569762,0.992485569762,75,7.5,26,0,2075,2075,0.013805827091,0.013805827091,75,7.5,25,0
115,2026-09-05T08:53:18.860157+00:00,187160093000000,187160140000000,6.250000000,online_inference,1,0,2083,2081,0.092038847273,0.088970885697,76,7.6,27,1,2638,2638,0.877437010671,0.877437010671,75,7.5,25,0,2608,2607,0.843689433337,0.842155452549,76,7.6,26,0,2723,2723,0.992485569762,0.992485569762,75,7.5,26,0,2075,2075,0.013805827091,0.013805827091,76,7.6,25,0
116,2026-09-05T08:53:18.906481+00:00,187160156000000,187160187000000,6.297000000,online_inference,1,0,2083,2081,0.092038847273,0.088970885697,76,7.6,27,1,2638,2638,0.877437010671,0.877437010671,75,7.5,25,0,2608,2607,0.843689433337,0.842155452549,76,7.6,26,0,2723,2723,0.992485569762,0.992485569762,75,7.5,26,0,2075,2075,0.013805827091,0.013805827091,76,7.6,25,0
117,2026-09-05T08:53:18.959930+00:00,187160203000000,187160234000000,6.344000000,online_inference,1,0,2083,2081,0.092038847273,0.088970885697,76,7.6,27,0,2638,2638,0.877437010671,0.877437010671,75,7.5,25,0,2608,2607,0.843689433337,0.842155452549,76,7.6,26,0,2723,2723,0.992485569762,0.992485569762,75,7.5,26,0,2075,2075,0.013805827091,0.013805827091,76,7.6,25,0
118,2026-09-05T08:53:19.005677+00:00,187160250000000,187160281000000,6.391000000,online_inference,1,0,2083,2081,0.092038847273,0.088970885697,76,7.6,27,1,2638,2638,0.877437010671,0.877437010671,75,7.5,25,0,2608,2607,0.843689433337,0.842155452549,76,7.6,26,0,2723,2723,0.992485569762,0.992485569762,75,7.5,26,0,2075,2075,0.013805827091,0.013805827091,76,7.6,25,0
119,2026-09-05T08:53:19.051165+00:00,187160296000000,187160328000000,6.438000000,online_inference,1,0,2083,2081,0.092038847273,0.088970885697,76,7.6,27,0,2638,2638,0.877437010671,0.877437010671,75,7.5,25,0,2608,2607,0.843689433337,0.842155452549,76,7.6,26,0,2723,2723,0.992485569762,0.992485569762,75,7.5,26,0,2075,2075,0.013805827091,0.013805827091,75,7.5,25,0
120,2026-09-05T08:53:19.103010+00:00,187160343000000,187160375000000,6.485000000,online_inference,1,0,2083,2081,0.092038847273,0.088970885697,76,7.6,27,0,2638,2638,0.877437010671,0.877437010671,75,7.5,25,0,2608,2607,0.843689433337,0.842155452549,76,7.6,26,0,2723,2723,0.992485569762,0.992485569762,75,7.5,26,0,2075,2075,0.013805827091,0.013805827091,76,7.6,25,0
121,2026-09-05T08:53:19.153222+00:00,187160406000000,187160421000000,6.531000000,online_inference,1,0,2083,2081,0.092038847273,0.088970885697,76,7.6,26,1,2638,2638,0.877437010671,0.877437010671,75,7.5,25,0,2608,2607,0.843689433337,0.842155452549,76,7.6,26,0,2723,2723,0.992485569762,0.992485569762,75,7.5,26,0,2075,2075,0.013805827091,0.013805827091,74,7.4,25,0
122,2026-09-05T08:53:19.210895+00:00,187160453000000,187160484000000,6.594000000,online_archive,1,0,2083,2081,0.092038847273,0.088970885697,76,7.6,27,1,2638,2638,0.877437010671,0.877437010671,75,7.5,25,0,2608,2607,0.843689433337,0.842155452549,76,7.6,26,0,2723,2723,0.992485569762,0.992485569762,75,7.5,26,0,2075,2075,0.013805827091,0.013805827091,76,7.6,25,0
123,2026-09-05T08:53:19.248128+00:00,187160500000000,187160515000000,6.625000000,online_archive,1,0,2083,2081,0.092038847273,0.088970885697,76,7.6,27,0,2638,2638,0.877437010671,0.877437010671,75,7.5,25,0,2608,2607,0.843689433337,0.842155452549,76,7.6,26,0,2723,2723,0.992485569762,0.992485569762,75,7.5,26,0,2075,2075,0.013805827091,0.013805827091,76,7.6,25,0
124,2026-09-05T08:53:19.319687+00:00,187160546000000,187160593000000,6.703000000,fixed_trajectory,1,0,2083,2081,0.092038847273,0.088970885697,76,7.6,27,1,2638,2638,0.877437010671,0.877437010671,75,7.5,25,0,2608,2607,0.843689433337,0.842155452549,76,7.6,26,0,2723,2723,0.992485569762,0.992485569762,75,7.5,26,0,2075,2075,0.013805827091,0.013805827091,76,7.6,25,0
125,2026-09-05T08:53:19.358986+00:00,187160609000000,187160640000000,6.750000000,fixed_trajectory,1,0,2083,2080,0.092038847273,0.087436904909,76,7.6,27,1,2638,2638,0.877437010671,0.877437010671,75,7.5,25,0,2608,2607,0.843689433337,0.842155452549,76,7.6,26,0,2723,2723,0.992485569762,0.992485569762,75,7.5,26,0,2075,2075,0.013805827091,0.013805827091,76,7.6,25,0
126,2026-09-05T08:53:19.411827+00:00,187160656000000,187160687000000,6.797000000,fixed_trajectory,1,0,2083,2079,0.092038847273,0.085902924122,76,7.6,27,1,2638,2637,0.877437010671,0.875903029883,75,7.5,25,0,2608,2607,0.843689433337,0.842155452549,76,7.6,26,0,2723,2723,0.992485569762,0.992485569762,75,7.5,26,0,2075,2075,0.013805827091,0.013805827091,76,7.6,25,0
127,2026-09-05T08:53:19.450674+00:00,187160703000000,187160718000000,6.828000000,fixed_trajectory,1,0,2083,2078,0.092038847273,0.084368943334,76,7.6,27,1,2638,2637,0.877437010671,0.875903029883,75,7.5,25,0,2608,2607,0.843689433337,0.842155452549,76,7.6,26,0,2723,2723,0.992485569762,0.992485569762,75,7.5,26,0,2075,2075,0.013805827091,0.013805827091,76,7.6,25,0
128,2026-09-05T08:53:19.510898+00:00,187160750000000,187160781000000,6.891000000,online_observation,1,0,2081,2077,0.088970885697,0.082834962546,76,7.6,27,0,2638,2637,0.877437010671,0.875903029883,75,7.5,25,0,2608,2607,0.843689433337,0.842155452549,76,7.6,26,0,2723,2723,0.992485569762,0.992485569762,75,7.5,26,0,2075,2075,0.013805827091,0.013805827091,76,7.6,25,0
129,2026-09-05T08:53:19.550749+00:00,187160796000000,187160828000000,6.938000000,online_observation,1,0,2079,2077,0.085902924122,0.082834962546,76,7.6,27,1,2638,2637,0.877437010671,0.875903029883,75,7.5,25,0,2608,2607,0.843689433337,0.842155452549,76,7.6,26,0,2723,2723,0.992485569762,0.992485569762,75,7.5,26,0,2075,2075,0.013805827091,0.013805827091,76,7.6,25,0
130,2026-09-05T08:53:19.608445+00:00,187160859000000,187160890000000,7.000000000,online_observation,1,0,2079,2077,0.085902924122,0.082834962546,76,7.6,27,1,2638,2637,0.877437010671,0.875903029883,75,7.5,25,0,2608,2607,0.843689433337,0.842155452549,76,7.6,26,0,2723,2723,0.992485569762,0.992485569762,75,7.5,26,0,2075,2075,0.013805827091,0.013805827091,76,7.6,25,0
131,2026-09-05T08:53:19.660346+00:00,187160906000000,187160937000000,7.047000000,online_observation,1,0,2079,2077,0.085902924122,0.082834962546,76,7.6,27,1,2638,2637,0.877437010671,0.875903029883,75,7.5,25,0,2608,2607,0.843689433337,0.842155452549,76,7.6,26,0,2723,2723,0.992485569762,0.992485569762,75,7.5,26,0,2075,2075,0.013805827091,0.013805827091,76,7.6,25,0
132,2026-09-05T08:53:19.717083+00:00,187160968000000,187160984000000,7.094000000,online_observation,1,0,2079,2077,0.085902924122,0.082834962546,76,7.6,26,1,2638,2637,0.877437010671,0.875903029883,75,7.5,25,0,2608,2607,0.843689433337,0.842155452549,76,7.6,26,0,2723,2723,0.992485569762,0.992485569762,75,7.5,26,0,2075,2075,0.013805827091,0.013805827091,75,7.5,25,0
133,2026-09-05T08:53:19.767408+00:00,187161000000000,187161046000000,7.156000000,online_observation,1,0,2079,2077,0.085902924122,0.082834962546,76,7.6,27,0,2638,2637,0.877437010671,0.875903029883,75,7.5,25,0,2608,2607,0.843689433337,0.842155452549,76,7.6,26,0,2723,2723,0.992485569762,0.992485569762,75,7.5,26,0,2075,2075,0.013805827091,0.013805827091,76,7.6,25,0
134,2026-09-05T08:53:19.808619+00:00,187161062000000,187161078000000,7.188000000,online_observation,1,0,2079,2077,0.085902924122,0.082834962546,76,7.6,27,1,2638,2637,0.877437010671,0.875903029883,75,7.5,25,0,2608,2607,0.843689433337,0.842155452549,76,7.6,26,0,2723,2723,0.992485569762,0.992485569762,75,7.5,26,0,2075,2075,0.013805827091,0.013805827091,75,7.5,25,0
135,2026-09-05T08:53:19.882833+00:00,187161109000000,187161156000000,7.266000000,online_inference,2,0,2079,2077,0.085902924122,0.082834962546,76,7.6,27,0,2638,2637,0.877437010671,0.875903029883,75,7.5,25,0,2608,2607,0.843689433337,0.842155452549,76,7.6,26,0,2723,2723,0.992485569762,0.992485569762,75,7.5,26,0,2075,2075,0.013805827091,0.013805827091,76,7.6,25,0
136,2026-09-05T08:53:19.938232+00:00,187161171000000,187161218000000,7.328000000,online_inference,2,0,2079,2077,0.085902924122,0.082834962546,76,7.6,27,0,2638,2637,0.877437010671,0.875903029883,75,7.5,25,0,2608,2607,0.843689433337,0.842155452549,76,7.6,26,0,2723,2723,0.992485569762,0.992485569762,75,7.5,26,0,2075,2075,0.013805827091,0.013805827091,75,7.5,25,0
137,2026-09-05T08:53:20.009822+00:00,187161234000000,187161281000000,7.391000000,online_inference,2,0,2079,2077,0.085902924122,0.082834962546,76,7.6,27,1,2638,2637,0.877437010671,0.875903029883,75,7.5,25,0,2608,2607,0.843689433337,0.842155452549,76,7.6,26,0,2723,2723,0.992485569762,0.992485569762,75,7.5,26,0,2075,2075,0.013805827091,0.013805827091,75,7.5,25,0
138,2026-09-05T08:53:20.070638+00:00,187161296000000,187161343000000,7.453000000,online_inference,2,0,2079,2077,0.085902924122,0.082834962546,76,7.6,27,1,2638,2637,0.877437010671,0.875903029883,75,7.5,25,0,2608,2607,0.843689433337,0.842155452549,76,7.6,26,0,2723,2723,0.992485569762,0.992485569762,75,7.5,26,0,2075,2075,0.013805827091,0.013805827091,76,7.6,25,0
139,2026-09-05T08:53:20.118905+00:00,187161359000000,187161390000000,7.500000000,online_inference,2,0,2079,2077,0.085902924122,0.082834962546,76,7.6,27,1,2638,2637,0.877437010671,0.875903029883,75,7.5,25,0,2608,2607,0.843689433337,0.842155452549,76,7.6,26,0,2723,2723,0.992485569762,0.992485569762,75,7.5,26,0,2075,2075,0.013805827091,0.013805827091,76,7.6,25,0
140,2026-09-05T08:53:20.168441+00:00,187161406000000,187161437000000,7.547000000,online_inference,2,0,2079,2077,0.085902924122,0.082834962546,76,7.6,26,1,2638,2637,0.877437010671,0.875903029883,75,7.5,25,0,2608,2607,0.843689433337,0.842155452549,76,7.6,26,0,2723,2723,0.992485569762,0.992485569762,75,7.5,26,0,2075,2075,0.013805827091,0.013805827091,76,7.6,25,0
141,2026-09-05T08:53:20.216018+00:00,187161453000000,187161484000000,7.594000000,online_inference,2,0,2079,2077,0.085902924122,0.082834962546,76,7.6,27,1,2638,2637,0.877437010671,0.875903029883,75,7.5,25,0,2608,2607,0.843689433337,0.842155452549,76,7.6,26,0,2723,2723,0.992485569762,0.992485569762,75,7.5,26,0,2075,2075,0.013805827091,0.013805827091,76,7.6,25,0
142,2026-09-05T08:53:20.275124+00:00,187161515000000,187161546000000,7.656000000,online_inference,2,0,2079,2077,0.085902924122,0.082834962546,76,7.6,27,1,2638,2637,0.877437010671,0.875903029883,75,7.5,25,0,2608,2607,0.843689433337,0.842155452549,76,7.6,26,0,2723,2723,0.992485569762,0.992485569762,75,7.5,26,0,2075,2075,0.013805827091,0.013805827091,76,7.6,25,0
143,2026-09-05T08:53:20.327029+00:00,187161562000000,187161609000000,7.719000000,online_inference,2,0,2079,2077,0.085902924122,0.082834962546,76,7.6,27,1,2638,2637,0.877437010671,0.875903029883,75,7.5,25,0,2608,2607,0.843689433337,0.842155452549,76,7.6,26,0,2723,2723,0.992485569762,0.992485569762,75,7.5,26,0,2075,2075,0.013805827091,0.013805827091,76,7.6,25,0
144,2026-09-05T08:53:20.382680+00:00,187161625000000,187161656000000,7.766000000,online_inference,2,0,2079,2077,0.085902924122,0.082834962546,76,7.6,27,1,2638,2637,0.877437010671,0.875903029883,75,7.5,25,0,2608,2607,0.843689433337,0.842155452549,76,7.6,26,0,2723,2723,0.992485569762,0.992485569762,75,7.5,26,0,2075,2075,0.013805827091,0.013805827091,76,7.6,25,0
145,2026-09-05T08:53:20.443353+00:00,187161671000000,187161718000000,7.828000000,online_inference,2,0,2079,2077,0.085902924122,0.082834962546,76,7.6,27,0,2638,2637,0.877437010671,0.875903029883,75,7.5,25,0,2608,2607,0.843689433337,0.842155452549,76,7.6,26,0,2723,2723,0.992485569762,0.992485569762,75,7.5,26,0,2075,2075,0.013805827091,0.013805827091,76,7.6,25,0
146,2026-09-05T08:53:20.492845+00:00,187161734000000,187161765000000,7.875000000,online_inference,2,0,2079,2077,0.085902924122,0.082834962546,76,7.6,27,1,2638,2637,0.877437010671,0.875903029883,75,7.5,25,0,2608,2607,0.843689433337,0.842155452549,76,7.6,26,0,2723,2723,0.992485569762,0.992485569762,75,7.5,26,0,2075,2075,0.013805827091,0.013805827091,76,7.6,25,0
147,2026-09-05T08:53:20.551287+00:00,187161781000000,187161828000000,7.938000000,online_inference,2,0,2079,2077,0.085902924122,0.082834962546,76,7.6,27,1,2638,2637,0.877437010671,0.875903029883,75,7.5,25,0,2608,2607,0.843689433337,0.842155452549,76,7.6,26,0,2723,2723,0.992485569762,0.992485569762,75,7.5,26,0,2075,2075,0.013805827091,0.013805827091,75,7.5,25,0
148,2026-09-05T08:53:20.603677+00:00,187161843000000,187161875000000,7.985000000,online_inference,2,0,2079,2077,0.085902924122,0.082834962546,76,7.6,27,1,2638,2637,0.877437010671,0.875903029883,75,7.5,25,0,2608,2607,0.843689433337,0.842155452549,76,7.6,26,0,2723,2723,0.992485569762,0.992485569762,75,7.5,26,0,2075,2075,0.013805827091,0.013805827091,76,7.6,25,0
149,2026-09-05T08:53:20.645345+00:00,187161890000000,187161921000000,8.031000000,online_inference,2,0,2079,2077,0.085902924122,0.082834962546,76,7.6,27,1,2638,2637,0.877437010671,0.875903029883,75,7.5,25,0,2608,2607,0.843689433337,0.842155452549,76,7.6,26,0,2723,2723,0.992485569762,0.992485569762,75,7.5,26,0,2075,2075,0.013805827091,0.013805827091,76,7.6,25,0
150,2026-09-05T08:53:20.699910+00:00,187161937000000,187161968000000,8.078000000,online_inference,2,0,2079,2077,0.085902924122,0.082834962546,76,7.6,27,0,2638,2637,0.877437010671,0.875903029883,75,7.5,25,0,2608,2607,0.843689433337,0.842155452549,76,7.6,26,0,2723,2723,0.992485569762,0.992485569762,75,7.5,26,0,2075,2075,0.013805827091,0.013805827091,75,7.5,25,0
151,2026-09-05T08:53:20.747862+00:00,187161984000000,187162015000000,8.125000000,online_inference,2,0,2079,2077,0.085902924122,0.082834962546,76,7.6,27,1,2638,2637,0.877437010671,0.875903029883,75,7.5,25,0,2608,2607,0.843689433337,0.842155452549,76,7.6,26,0,2723,2723,0.992485569762,0.992485569762,75,7.5,26,0,2075,2075,0.013805827091,0.013805827091,76,7.6,25,0
152,2026-09-05T08:53:20.814152+00:00,187162031000000,187162093000000,8.203000000,online_inference,2,0,2079,2077,0.085902924122,0.082834962546,76,7.6,27,0,2638,2637,0.877437010671,0.875903029883,75,7.5,25,0,2608,2607,0.843689433337,0.842155452549,76,7.6,26,0,2723,2723,0.992485569762,0.992485569762,75,7.5,26,0,2075,2075,0.013805827091,0.013805827091,76,7.6,25,0
153,2026-09-05T08:53:20.866637+00:00,187162109000000,187162140000000,8.250000000,online_inference,2,0,2079,2077,0.085902924122,0.082834962546,76,7.6,27,1,2638,2637,0.877437010671,0.875903029883,75,7.5,25,0,2608,2607,0.843689433337,0.842155452549,76,7.6,26,0,2723,2723,0.992485569762,0.992485569762,75,7.5,26,0,2075,2075,0.013805827091,0.013805827091,76,7.6,25,0
154,2026-09-05T08:53:20.925367+00:00,187162156000000,187162203000000,8.313000000,online_inference,2,0,2079,2077,0.085902924122,0.082834962546,76,7.6,27,0,2638,2637,0.877437010671,0.875903029883,75,7.5,25,0,2608,2607,0.843689433337,0.842155452549,76,7.6,26,0,2723,2723,0.992485569762,0.992485569762,75,7.5,26,0,2075,2075,0.013805827091,0.013805827091,75,7.5,25,0
155,2026-09-05T08:53:20.980186+00:00,187162218000000,187162250000000,8.360000000,online_inference,2,0,2079,2077,0.085902924122,0.082834962546,76,7.6,27,1,2638,2637,0.877437010671,0.875903029883,75,7.5,25,0,2608,2607,0.843689433337,0.842155452549,76,7.6,26,0,2723,2723,0.992485569762,0.992485569762,75,7.5,26,0,2075,2075,0.013805827091,0.013805827091,75,7.5,25,0
156,2026-09-05T08:53:21.025312+00:00,187162265000000,187162296000000,8.406000000,online_inference,2,0,2079,2077,0.085902924122,0.082834962546,76,7.6,27,1,2638,2637,0.877437010671,0.875903029883,75,7.5,25,0,2608,2607,0.843689433337,0.842155452549,76,7.6,26,0,2723,2723,0.992485569762,0.992485569762,75,7.5,26,0,2075,2075,0.013805827091,0.013805827091,76,7.6,25,0
157,2026-09-05T08:53:21.078304+00:00,187162312000000,187162359000000,8.469000000,online_inference,2,0,2079,2077,0.085902924122,0.082834962546,76,7.6,27,0,2638,2637,0.877437010671,0.875903029883,75,7.5,25,0,2608,2607,0.843689433337,0.842155452549,76,7.6,26,0,2723,2723,0.992485569762,0.992485569762,75,7.5,26,0,2075,2075,0.013805827091,0.013805827091,76,7.6,25,0
158,2026-09-05T08:53:21.132550+00:00,187162375000000,187162406000000,8.516000000,online_inference,2,0,2079,2077,0.085902924122,0.082834962546,76,7.6,27,1,2638,2637,0.877437010671,0.875903029883,75,7.5,25,0,2608,2607,0.843689433337,0.842155452549,76,7.6,26,0,2723,2723,0.992485569762,0.992485569762,75,7.5,26,0,2075,2075,0.013805827091,0.013805827091,76,7.6,25,0
159,2026-09-05T08:53:21.187563+00:00,187162421000000,187162468000000,8.578000000,online_inference,2,0,2079,2077,0.085902924122,0.082834962546,76,7.6,26,1,2638,2637,0.877437010671,0.875903029883,75,7.5,25,0,2608,2607,0.843689433337,0.842155452549,76,7.6,26,0,2723,2723,0.992485569762,0.992485569762,75,7.5,26,0,2075,2075,0.013805827091,0.013805827091,76,7.6,25,0
160,2026-09-05T08:53:21.242634+00:00,187162484000000,187162515000000,8.625000000,online_inference,2,0,2079,2077,0.085902924122,0.082834962546,76,7.6,27,0,2638,2637,0.877437010671,0.875903029883,75,7.5,25,0,2608,2607,0.843689433337,0.842155452549,76,7.6,26,0,2723,2723,0.992485569762,0.992485569762,75,7.5,26,0,2075,2075,0.013805827091,0.013805827091,76,7.6,25,0
161,2026-09-05T08:53:21.309527+00:00,187162546000000,187162578000000,8.688000000,online_inference,2,0,2079,2077,0.085902924122,0.082834962546,76,7.6,27,1,2638,2637,0.877437010671,0.875903029883,75,7.5,25,0,2608,2607,0.843689433337,0.842155452549,76,7.6,26,0,2723,2723,0.992485569762,0.992485569762,75,7.5,26,0,2075,2075,0.013805827091,0.013805827091,76,7.6,25,0
162,2026-09-05T08:53:21.357146+00:00,187162593000000,187162625000000,8.735000000,online_inference,2,0,2079,2077,0.085902924122,0.082834962546,76,7.6,27,1,2638,2637,0.877437010671,0.875903029883,75,7.5,25,0,2608,2607,0.843689433337,0.842155452549,76,7.6,26,0,2723,2723,0.992485569762,0.992485569762,75,7.5,26,0,2075,2075,0.013805827091,0.013805827091,76,7.6,25,0
163,2026-09-05T08:53:21.399238+00:00,187162640000000,187162671000000,8.781000000,online_inference,2,0,2079,2077,0.085902924122,0.082834962546,76,7.6,26,0,2638,2637,0.877437010671,0.875903029883,75,7.5,25,0,2608,2607,0.843689433337,0.842155452549,76,7.6,26,0,2723,2723,0.992485569762,0.992485569762,75,7.5,26,0,2075,2075,0.013805827091,0.013805827091,76,7.6,25,0
164,2026-09-05T08:53:21.456785+00:00,187162687000000,187162734000000,8.844000000,online_inference,2,0,2079,2077,0.085902924122,0.082834962546,76,7.6,26,0,2638,2637,0.877437010671,0.875903029883,75,7.5,25,0,2608,2607,0.843689433337,0.842155452549,76,7.6,26,0,2723,2723,0.992485569762,0.992485569762,75,7.5,26,0,2075,2075,0.013805827091,0.013805827091,76,7.6,25,0
165,2026-09-05T08:53:21.505114+00:00,187162750000000,187162781000000,8.891000000,online_inference,2,0,2079,2077,0.085902924122,0.082834962546,76,7.6,27,0,2638,2637,0.877437010671,0.875903029883,75,7.5,25,0,2608,2607,0.843689433337,0.842155452549,76,7.6,26,0,2723,2723,0.992485569762,0.992485569762,75,7.5,26,0,2075,2075,0.013805827091,0.013805827091,76,7.6,25,0
166,2026-09-05T08:53:21.555097+00:00,187162796000000,187162828000000,8.938000000,online_inference,2,0,2079,2077,0.085902924122,0.082834962546,76,7.6,27,1,2638,2637,0.877437010671,0.875903029883,75,7.5,25,0,2608,2607,0.843689433337,0.842155452549,76,7.6,26,0,2723,2723,0.992485569762,0.992485569762,75,7.5,26,0,2075,2075,0.013805827091,0.013805827091,76,7.6,25,0
167,2026-09-05T08:53:21.602425+00:00,187162843000000,187162875000000,8.985000000,online_inference,2,0,2079,2077,0.085902924122,0.082834962546,76,7.6,27,0,2638,2637,0.877437010671,0.875903029883,75,7.5,25,0,2608,2607,0.843689433337,0.842155452549,76,7.6,26,0,2723,2723,0.992485569762,0.992485569762,75,7.5,26,0,2075,2075,0.013805827091,0.013805827091,76,7.6,25,0
168,2026-09-05T08:53:21.657199+00:00,187162890000000,187162937000000,9.047000000,online_inference,2,0,2079,2077,0.085902924122,0.082834962546,76,7.6,27,1,2638,2637,0.877437010671,0.875903029883,75,7.5,25,0,2608,2607,0.843689433337,0.842155452549,76,7.6,26,0,2723,2723,0.992485569762,0.992485569762,75,7.5,26,0,2075,2075,0.013805827091,0.013805827091,76,7.6,25,0
169,2026-09-05T08:53:21.713381+00:00,187162953000000,187162984000000,9.094000000,online_inference,2,0,2079,2077,0.085902924122,0.082834962546,76,7.6,27,1,2638,2637,0.877437010671,0.875903029883,75,7.5,25,0,2608,2607,0.843689433337,0.842155452549,76,7.6,26,0,2723,2723,0.992485569762,0.992485569762,75,7.5,26,0,2075,2075,0.013805827091,0.013805827091,76,7.6,25,0
170,2026-09-05T08:53:21.762598+00:00,187163000000000,187163031000000,9.141000000,online_inference,2,0,2079,2077,0.085902924122,0.082834962546,76,7.6,27,1,2638,2637,0.877437010671,0.875903029883,75,7.5,25,0,2608,2607,0.843689433337,0.842155452549,76,7.6,26,0,2723,2723,0.992485569762,0.992485569762,75,7.5,26,0,2075,2075,0.013805827091,0.013805827091,76,7.6,27,0
171,2026-09-05T08:53:21.832221+00:00,187163062000000,187163109000000,9.219000000,online_inference,2,0,2079,2077,0.085902924122,0.082834962546,76,7.6,27,1,2638,2637,0.877437010671,0.875903029883,75,7.5,25,0,2608,2607,0.843689433337,0.842155452549,76,7.6,26,0,2723,2723,0.992485569762,0.992485569762,75,7.5,26,0,2075,2075,0.013805827091,0.013805827091,76,7.6,25,0
172,2026-09-05T08:53:21.877975+00:00,187163125000000,187163156000000,9.266000000,online_inference,2,0,2079,2077,0.085902924122,0.082834962546,76,7.6,27,0,2638,2637,0.877437010671,0.875903029883,75,7.5,25,0,2608,2607,0.843689433337,0.842155452549,76,7.6,26,0,2723,2723,0.992485569762,0.992485569762,75,7.5,26,0,2075,2075,0.013805827091,0.013805827091,75,7.5,25,0
173,2026-09-05T08:53:21.936178+00:00,187163171000000,187163218000000,9.328000000,online_inference,2,0,2079,2077,0.085902924122,0.082834962546,76,7.6,27,1,2638,2637,0.877437010671,0.875903029883,75,7.5,25,0,2608,2607,0.843689433337,0.842155452549,76,7.6,26,0,2723,2723,0.992485569762,0.992485569762,75,7.5,26,0,2075,2075,0.013805827091,0.013805827091,76,7.6,25,0
174,2026-09-05T08:53:21.991089+00:00,187163234000000,187163265000000,9.375000000,online_inference,2,0,2079,2077,0.085902924122,0.082834962546,76,7.6,27,1,2638,2637,0.877437010671,0.875903029883,75,7.5,25,0,2608,2607,0.843689433337,0.842155452549,76,7.6,26,0,2723,2723,0.992485569762,0.992485569762,75,7.5,26,0,2075,2075,0.013805827091,0.013805827091,76,7.6,25,0
175,2026-09-05T08:53:22.049305+00:00,187163281000000,187163328000000,9.438000000,online_inference,2,0,2079,2077,0.085902924122,0.082834962546,76,7.6,27,1,2638,2637,0.877437010671,0.875903029883,75,7.5,25,0,2608,2607,0.843689433337,0.842155452549,76,7.6,26,0,2723,2723,0.992485569762,0.992485569762,75,7.5,26,0,2075,2075,0.013805827091,0.013805827091,76,7.6,25,0
176,2026-09-05T08:53:22.105554+00:00,187163343000000,187163375000000,9.485000000,online_inference,2,0,2079,2077,0.085902924122,0.082834962546,76,7.6,27,1,2638,2637,0.877437010671,0.875903029883,75,7.5,25,0,2608,2607,0.843689433337,0.842155452549,76,7.6,26,0,2723,2723,0.992485569762,0.992485569762,75,7.5,26,0,2075,2075,0.013805827091,0.013805827091,75,7.5,25,0
177,2026-09-05T08:53:22.152864+00:00,187163390000000,187163421000000,9.531000000,online_inference,2,0,2079,2077,0.085902924122,0.082834962546,76,7.6,27,0,2638,2637,0.877437010671,0.875903029883,75,7.5,25,0,2608,2607,0.843689433337,0.842155452549,76,7.6,26,0,2723,2723,0.992485569762,0.992485569762,75,7.5,26,0,2075,2075,0.013805827091,0.013805827091,76,7.6,25,0
178,2026-09-05T08:53:22.205485+00:00,187163437000000,187163484000000,9.594000000,online_inference,2,0,2079,2077,0.085902924122,0.082834962546,76,7.6,27,0,2638,2637,0.877437010671,0.875903029883,75,7.5,25,0,2608,2607,0.843689433337,0.842155452549,76,7.6,26,0,2723,2723,0.992485569762,0.992485569762,75,7.5,26,0,2075,2075,0.013805827091,0.013805827091,76,7.6,25,0
179,2026-09-05T08:53:22.257870+00:00,187163500000000,187163531000000,9.641000000,online_inference,2,0,2079,2077,0.085902924122,0.082834962546,76,7.6,27,1,2638,2637,0.877437010671,0.875903029883,75,7.5,25,0,2608,2607,0.843689433337,0.842155452549,76,7.6,26,0,2723,2723,0.992485569762,0.992485569762,75,7.5,26,0,2075,2075,0.013805827091,0.013805827091,75,7.5,25,0
180,2026-09-05T08:53:22.312993+00:00,187163546000000,187163593000000,9.703000000,online_inference,2,0,2079,2077,0.085902924122,0.082834962546,76,7.6,27,1,2638,2637,0.877437010671,0.875903029883,75,7.5,25,0,2608,2607,0.843689433337,0.842155452549,76,7.6,26,0,2723,2723,0.992485569762,0.992485569762,75,7.5,26,0,2075,2075,0.013805827091,0.013805827091,76,7.6,25,0
181,2026-09-05T08:53:22.372878+00:00,187163609000000,187163640000000,9.750000000,online_inference,2,0,2079,2077,0.085902924122,0.082834962546,76,7.6,27,0,2638,2637,0.877437010671,0.875903029883,75,7.5,25,0,2608,2607,0.843689433337,0.842155452549,76,7.6,26,0,2723,2723,0.992485569762,0.992485569762,75,7.5,25,0,2075,2075,0.013805827091,0.013805827091,76,7.6,25,0
182,2026-09-05T08:53:22.412871+00:00,187163656000000,187163687000000,9.797000000,online_inference,2,0,2079,2077,0.085902924122,0.082834962546,76,7.6,27,1,2638,2637,0.877437010671,0.875903029883,75,7.5,25,0,2608,2607,0.843689433337,0.842155452549,76,7.6,26,0,2723,2723,0.992485569762,0.992485569762,75,7.5,26,0,2075,2075,0.013805827091,0.013805827091,76,7.6,25,0
183,2026-09-05T08:53:22.454412+00:00,187163703000000,187163734000000,9.844000000,online_archive,2,0,2079,2077,0.085902924122,0.082834962546,76,7.6,27,1,2638,2637,0.877437010671,0.875903029883,75,7.5,25,0,2608,2607,0.843689433337,0.842155452549,76,7.6,26,0,2723,2723,0.992485569762,0.992485569762,75,7.5,26,0,2075,2075,0.013805827091,0.013805827091,76,7.6,25,0
184,2026-09-05T08:53:22.511852+00:00,187163750000000,187163781000000,9.891000000,online_archive,2,0,2079,2077,0.085902924122,0.082834962546,76,7.6,26,0,2638,2637,0.877437010671,0.875903029883,75,7.5,25,0,2608,2607,0.843689433337,0.842155452549,76,7.6,26,0,2723,2723,0.992485569762,0.992485569762,75,7.5,26,0,2075,2075,0.013805827091,0.013805827091,76,7.6,25,0
185,2026-09-05T08:53:22.581297+00:00,187163828000000,187163859000000,9.969000000,fixed_trajectory,2,0,2079,2077,0.085902924122,0.082834962546,76,7.6,27,1,2638,2637,0.877437010671,0.875903029883,75,7.5,25,0,2608,2607,0.843689433337,0.842155452549,76,7.6,26,0,2723,2723,0.992485569762,0.992485569762,75,7.5,26,0,2075,2075,0.013805827091,0.013805827091,76,7.6,25,0
186,2026-09-05T08:53:22.624018+00:00,187163875000000,187163906000000,10.016000000,fixed_trajectory,2,0,2079,2076,0.085902924122,0.081300981758,76,7.6,27,0,2638,2637,0.877437010671,0.875903029883,75,7.5,25,0,2608,2607,0.843689433337,0.842155452549,76,7.6,26,0,2723,2723,0.992485569762,0.992485569762,75,7.5,26,0,2075,2075,0.013805827091,0.013805827091,75,7.5,25,0
187,2026-09-05T08:53:22.679190+00:00,187163921000000,187163953000000,10.063000000,fixed_trajectory,2,0,2079,2075,0.085902924122,0.079767000970,76,7.6,27,1,2638,2637,0.877437010671,0.875903029883,75,7.5,25,0,2608,2607,0.843689433337,0.842155452549,76,7.6,26,0,2723,2723,0.992485569762,0.992485569762,75,7.5,26,0,2075,2075,0.013805827091,0.013805827091,76,7.6,25,0
188,2026-09-05T08:53:22.718028+00:00,187163968000000,187164000000000,10.110000000,fixed_trajectory,2,0,2079,2074,0.085902924122,0.078233020182,76,7.6,26,1,2638,2637,0.877437010671,0.875903029883,75,7.5,25,0,2608,2607,0.843689433337,0.842155452549,76,7.6,26,0,2723,2723,0.992485569762,0.992485569762,75,7.5,26,0,2075,2075,0.013805827091,0.013805827091,76,7.6,25,0
189,2026-09-05T08:53:22.776931+00:00,187164015000000,187164046000000,10.156000000,online_observation,2,0,2079,2073,0.085902924122,0.076699039394,76,7.6,26,0,2638,2637,0.877437010671,0.875903029883,75,7.5,25,0,2608,2607,0.843689433337,0.842155452549,76,7.6,26,0,2723,2723,0.992485569762,0.992485569762,75,7.5,26,0,2075,2075,0.013805827091,0.013805827091,75,7.5,25,0
190,2026-09-05T08:53:22.819996+00:00,187164062000000,187164093000000,10.203000000,online_observation,2,0,2078,2073,0.084368943334,0.076699039394,76,7.6,27,0,2638,2637,0.877437010671,0.875903029883,75,7.5,25,0,2608,2607,0.843689433337,0.842155452549,76,7.6,26,0,2723,2723,0.992485569762,0.992485569762,75,7.5,26,0,2075,2075,0.013805827091,0.013805827091,76,7.6,25,0
191,2026-09-05T08:53:22.882916+00:00,187164125000000,187164156000000,10.266000000,online_observation,2,0,2076,2073,0.081300981758,0.076699039394,76,7.6,27,1,2638,2637,0.877437010671,0.875903029883,75,7.5,25,0,2608,2607,0.843689433337,0.842155452549,76,7.6,26,0,2723,2723,0.992485569762,0.992485569762,75,7.5,26,0,2075,2075,0.013805827091,0.013805827091,76,7.6,25,0
192,2026-09-05T08:53:22.926917+00:00,187164171000000,187164203000000,10.313000000,online_observation,2,0,2076,2073,0.081300981758,0.076699039394,76,7.6,27,1,2638,2637,0.877437010671,0.875903029883,75,7.5,25,0,2609,2607,0.845223414125,0.842155452549,76,7.6,26,1,2723,2723,0.992485569762,0.992485569762,75,7.5,26,0,2075,2075,0.013805827091,0.013805827091,76,7.6,25,0
193,2026-09-05T08:53:22.978604+00:00,187164218000000,187164250000000,10.360000000,online_observation,2,0,2076,2073,0.081300981758,0.076699039394,76,7.6,27,0,2638,2637,0.877437010671,0.875903029883,75,7.5,25,0,2609,2607,0.845223414125,0.842155452549,76,7.6,26,0,2723,2723,0.992485569762,0.992485569762,75,7.5,26,0,2075,2075,0.013805827091,0.013805827091,75,7.5,25,0
194,2026-09-05T08:53:23.019151+00:00,187164265000000,187164296000000,10.406000000,online_observation,2,0,2076,2073,0.081300981758,0.076699039394,76,7.6,27,0,2638,2637,0.877437010671,0.875903029883,75,7.5,25,0,2609,2607,0.845223414125,0.842155452549,76,7.6,26,1,2723,2723,0.992485569762,0.992485569762,75,7.5,26,0,2075,2075,0.013805827091,0.013805827091,76,7.6,25,0
195,2026-09-05T08:53:23.064305+00:00,187164312000000,187164343000000,10.453000000,online_observation,2,0,2076,2073,0.081300981758,0.076699039394,76,7.6,27,1,2638,2637,0.877437010671,0.875903029883,75,7.5,25,0,2609,2607,0.845223414125,0.842155452549,76,7.6,26,1,2723,2723,0.992485569762,0.992485569762,75,7.5,26,0,2075,2075,0.013805827091,0.013805827091,76,7.6,25,0
196,2026-09-05T08:53:23.141014+00:00,187164375000000,187164421000000,10.531000000,online_inference,3,0,2076,2073,0.081300981758,0.076699039394,76,7.6,27,1,2638,2637,0.877437010671,0.875903029883,75,7.5,25,0,2609,2607,0.845223414125,0.842155452549,76,7.6,26,1,2723,2723,0.992485569762,0.992485569762,75,7.5,26,0,2075,2075,0.013805827091,0.013805827091,76,7.6,25,0
197,2026-09-05T08:53:23.204957+00:00,187164437000000,187164484000000,10.594000000,online_inference,3,0,2076,2073,0.081300981758,0.076699039394,76,7.6,27,0,2638,2637,0.877437010671,0.875903029883,75,7.5,25,0,2609,2607,0.845223414125,0.842155452549,76,7.6,26,0,2723,2723,0.992485569762,0.992485569762,75,7.5,26,0,2075,2075,0.013805827091,0.013805827091,75,7.5,25,0
198,2026-09-05T08:53:23.282330+00:00,187164500000000,187164562000000,10.672000000,online_inference,3,0,2076,2073,0.081300981758,0.076699039394,76,7.6,27,1,2638,2637,0.877437010671,0.875903029883,75,7.5,25,0,2609,2607,0.845223414125,0.842155452549,76,7.6,26,0,2723,2723,0.992485569762,0.992485569762,75,7.5,26,0,2075,2075,0.013805827091,0.013805827091,76,7.6,25,0
199,2026-09-05T08:53:23.349099+00:00,187164578000000,187164625000000,10.735000000,online_inference,3,0,2076,2073,0.081300981758,0.076699039394,76,7.6,27,1,2638,2637,0.877437010671,0.875903029883,75,7.5,25,0,2609,2607,0.845223414125,0.842155452549,76,7.6,26,1,2723,2723,0.992485569762,0.992485569762,75,7.5,26,0,2075,2075,0.013805827091,0.013805827091,75,7.5,25,0
200,2026-09-05T08:53:23.425072+00:00,187164640000000,187164703000000,10.813000000,online_inference,3,0,2076,2073,0.081300981758,0.076699039394,76,7.6,27,1,2638,2637,0.877437010671,0.875903029883,75,7.5,25,0,2609,2607,0.845223414125,0.842155452549,76,7.6,26,1,2723,2723,0.992485569762,0.992485569762,75,7.5,26,0,2075,2075,0.013805827091,0.013805827091,76,7.6,25,0
201,2026-09-05T08:53:23.476680+00:00,187164718000000,187164750000000,10.860000000,online_inference,3,0,2076,2073,0.081300981758,0.076699039394,76,7.6,27,1,2638,2637,0.877437010671,0.875903029883,75,7.5,25,0,2609,2607,0.845223414125,0.842155452549,76,7.6,26,0,2723,2723,0.992485569762,0.992485569762,75,7.5,26,0,2075,2075,0.013805827091,0.013805827091,76,7.6,25,0
202,2026-09-05T08:53:23.544280+00:00,187164765000000,187164812000000,10.922000000,online_inference,3,0,2076,2073,0.081300981758,0.076699039394,76,7.6,27,1,2638,2637,0.877437010671,0.875903029883,75,7.5,25,0,2609,2607,0.845223414125,0.842155452549,76,7.6,26,1,2723,2723,0.992485569762,0.992485569762,75,7.5,26,0,2075,2075,0.013805827091,0.013805827091,76,7.6,25,0
203,2026-09-05T08:53:23.586239+00:00,187164828000000,187164859000000,10.969000000,online_inference,3,0,2076,2073,0.081300981758,0.076699039394,76,7.6,27,0,2638,2637,0.877437010671,0.875903029883,75,7.5,25,0,2609,2607,0.845223414125,0.842155452549,76,7.6,26,0,2723,2723,0.992485569762,0.992485569762,75,7.5,26,0,2075,2075,0.013805827091,0.013805827091,75,7.5,25,0
204,2026-09-05T08:53:23.645863+00:00,187164875000000,187164921000000,11.031000000,online_inference,3,0,2076,2073,0.081300981758,0.076699039394,76,7.6,27,1,2638,2637,0.877437010671,0.875903029883,75,7.5,25,0,2609,2607,0.845223414125,0.842155452549,76,7.6,26,1,2723,2723,0.992485569762,0.992485569762,75,7.5,26,0,2075,2075,0.013805827091,0.013805827091,76,7.6,26,0
205,2026-09-05T08:53:23.700295+00:00,187164937000000,187164968000000,11.078000000,online_inference,3,0,2076,2073,0.081300981758,0.076699039394,76,7.6,27,1,2638,2637,0.877437010671,0.875903029883,75,7.5,25,0,2609,2607,0.845223414125,0.842155452549,76,7.6,26,1,2723,2723,0.992485569762,0.992485569762,75,7.5,26,0,2075,2075,0.013805827091,0.013805827091,75,7.5,25,0
206,2026-09-05T08:53:23.746942+00:00,187164984000000,187165015000000,11.125000000,online_inference,3,0,2076,2073,0.081300981758,0.076699039394,76,7.6,26,1,2638,2637,0.877437010671,0.875903029883,75,7.5,25,0,2609,2607,0.845223414125,0.842155452549,76,7.6,26,1,2723,2723,0.992485569762,0.992485569762,75,7.5,26,0,2075,2075,0.013805827091,0.013805827091,76,7.6,25,0
207,2026-09-05T08:53:23.800177+00:00,187165031000000,187165078000000,11.188000000,online_inference,3,0,2076,2073,0.081300981758,0.076699039394,76,7.6,27,1,2638,2637,0.877437010671,0.875903029883,75,7.5,25,0,2609,2607,0.845223414125,0.842155452549,76,7.6,26,0,2723,2723,0.992485569762,0.992485569762,75,7.5,26,0,2075,2075,0.013805827091,0.013805827091,76,7.6,25,0
208,2026-09-05T08:53:23.855546+00:00,187165093000000,187165125000000,11.235000000,online_inference,3,0,2076,2073,0.081300981758,0.076699039394,76,7.6,26,1,2638,2637,0.877437010671,0.875903029883,75,7.5,25,0,2609,2607,0.845223414125,0.842155452549,76,7.6,26,0,2723,2723,0.992485569762,0.992485569762,75,7.5,26,0,2075,2075,0.013805827091,0.013805827091,75,7.5,25,0
209,2026-09-05T08:53:23.918862+00:00,187165140000000,187165187000000,11.297000000,online_inference,3,0,2076,2073,0.081300981758,0.076699039394,76,7.6,27,0,2638,2637,0.877437010671,0.875903029883,75,7.5,25,0,2609,2607,0.845223414125,0.842155452549,76,7.6,26,0,2723,2723,0.992485569762,0.992485569762,75,7.5,26,0,2075,2075,0.013805827091,0.013805827091,76,7.6,25,0
210,2026-09-05T08:53:23.962809+00:00,187165203000000,187165234000000,11.344000000,online_inference,3,0,2076,2073,0.081300981758,0.076699039394,76,7.6,27,0,2638,2637,0.877437010671,0.875903029883,75,7.5,25,0,2609,2607,0.845223414125,0.842155452549,76,7.6,26,1,2723,2723,0.992485569762,0.992485569762,75,7.5,26,0,2075,2075,0.013805827091,0.013805827091,76,7.6,25,0
211,2026-09-05T08:53:24.012049+00:00,187165250000000,187165281000000,11.391000000,online_inference,3,0,2076,2073,0.081300981758,0.076699039394,76,7.6,27,1,2638,2637,0.877437010671,0.875903029883,75,7.5,25,0,2609,2607,0.845223414125,0.842155452549,76,7.6,26,1,2723,2723,0.992485569762,0.992485569762,75,7.5,26,0,2075,2075,0.013805827091,0.013805827091,76,7.6,25,0
212,2026-09-05T08:53:24.061444+00:00,187165296000000,187165343000000,11.453000000,online_inference,3,0,2076,2073,0.081300981758,0.076699039394,76,7.6,27,1,2638,2637,0.877437010671,0.875903029883,75,7.5,25,0,2609,2607,0.845223414125,0.842155452549,76,7.6,26,0,2723,2723,0.992485569762,0.992485569762,75,7.5,26,0,2075,2075,0.013805827091,0.013805827091,75,7.5,25,0
213,2026-09-05T08:53:24.115736+00:00,187165359000000,187165390000000,11.500000000,online_inference,3,0,2076,2073,0.081300981758,0.076699039394,76,7.6,27,1,2638,2637,0.877437010671,0.875903029883,75,7.5,25,0,2609,2607,0.845223414125,0.842155452549,76,7.6,26,0,2723,2723,0.992485569762,0.992485569762,75,7.5,26,0,2075,2075,0.013805827091,0.013805827091,75,7.5,25,0
214,2026-09-05T08:53:24.167153+00:00,187165406000000,187165437000000,11.547000000,online_inference,3,0,2076,2073,0.081300981758,0.076699039394,76,7.6,26,0,2638,2637,0.877437010671,0.875903029883,75,7.5,25,0,2609,2607,0.845223414125,0.842155452549,76,7.6,26,1,2723,2723,0.992485569762,0.992485569762,75,7.5,26,0,2075,2075,0.013805827091,0.013805827091,76,7.6,25,0
215,2026-09-05T08:53:24.217441+00:00,187165453000000,187165500000000,11.610000000,online_inference,3,0,2076,2073,0.081300981758,0.076699039394,76,7.6,27,0,2638,2637,0.877437010671,0.875903029883,75,7.5,25,0,2609,2607,0.845223414125,0.842155452549,76,7.6,26,0,2723,2723,0.992485569762,0.992485569762,75,7.5,26,0,2075,2075,0.013805827091,0.013805827091,76,7.6,25,0
216,2026-09-05T08:53:24.272566+00:00,187165515000000,187165546000000,11.656000000,online_inference,3,0,2076,2073,0.081300981758,0.076699039394,76,7.6,27,1,2638,2637,0.877437010671,0.875903029883,75,7.5,25,0,2609,2607,0.845223414125,0.842155452549,76,7.6,26,0,2723,2723,0.992485569762,0.992485569762,75,7.5,26,0,2075,2075,0.013805827091,0.013805827091,76,7.6,25,0
217,2026-09-05T08:53:24.326461+00:00,187165562000000,187165593000000,11.703000000,online_inference,3,0,2076,2073,0.081300981758,0.076699039394,76,7.6,27,0,2638,2637,0.877437010671,0.875903029883,75,7.5,25,0,2609,2607,0.845223414125,0.842155452549,76,7.6,26,0,2723,2723,0.992485569762,0.992485569762,75,7.5,26,0,2075,2075,0.013805827091,0.013805827091,75,7.5,25,0
218,2026-09-05T08:53:24.378329+00:00,187165609000000,187165656000000,11.766000000,online_inference,3,0,2076,2073,0.081300981758,0.076699039394,76,7.6,27,1,2638,2637,0.877437010671,0.875903029883,75,7.5,25,0,2609,2607,0.845223414125,0.842155452549,76,7.6,26,0,2723,2723,0.992485569762,0.992485569762,75,7.5,26,0,2075,2075,0.013805827091,0.013805827091,75,7.5,25,0
219,2026-09-05T08:53:24.432877+00:00,187165671000000,187165703000000,11.813000000,online_inference,3,0,2076,2073,0.081300981758,0.076699039394,76,7.6,27,1,2638,2637,0.877437010671,0.875903029883,75,7.5,25,0,2609,2607,0.845223414125,0.842155452549,76,7.6,26,0,2723,2723,0.992485569762,0.992485569762,75,7.5,26,0,2075,2075,0.013805827091,0.013805827091,75,7.5,25,0
220,2026-09-05T08:53:24.486233+00:00,187165718000000,187165765000000,11.875000000,online_inference,3,0,2076,2073,0.081300981758,0.076699039394,76,7.6,27,0,2638,2637,0.877437010671,0.875903029883,75,7.5,25,0,2609,2607,0.845223414125,0.842155452549,76,7.6,26,1,2723,2723,0.992485569762,0.992485569762,75,7.5,26,0,2075,2075,0.013805827091,0.013805827091,76,7.6,25,0
221,2026-09-05T08:53:24.547604+00:00,187165781000000,187165828000000,11.938000000,online_inference,3,0,2076,2073,0.081300981758,0.076699039394,76,7.6,27,1,2638,2637,0.877437010671,0.875903029883,75,7.5,25,0,2609,2607,0.845223414125,0.842155452549,76,7.6,26,0,2723,2723,0.992485569762,0.992485569762,75,7.5,26,0,2075,2075,0.013805827091,0.013805827091,75,7.5,25,0
222,2026-09-05T08:53:24.600816+00:00,187165843000000,187165875000000,11.985000000,online_inference,3,0,2076,2073,0.081300981758,0.076699039394,76,7.6,27,0,2638,2637,0.877437010671,0.875903029883,75,7.5,25,0,2609,2607,0.845223414125,0.842155452549,76,7.6,26,1,2723,2723,0.992485569762,0.992485569762,75,7.5,26,0,2075,2075,0.013805827091,0.013805827091,76,7.6,25,0
223,2026-09-05T08:53:24.656833+00:00,187165890000000,187165937000000,12.047000000,online_inference,3,0,2076,2073,0.081300981758,0.076699039394,76,7.6,27,1,2638,2637,0.877437010671,0.875903029883,75,7.5,25,0,2609,2607,0.845223414125,0.842155452549,76,7.6,26,1,2723,2723,0.992485569762,0.992485569762,75,7.5,26,0,2075,2075,0.013805827091,0.013805827091,75,7.5,25,0
224,2026-09-05T08:53:24.709560+00:00,187165953000000,187165984000000,12.094000000,online_inference,3,0,2076,2073,0.081300981758,0.076699039394,76,7.6,27,0,2638,2637,0.877437010671,0.875903029883,75,7.5,25,0,2609,2607,0.845223414125,0.842155452549,76,7.6,26,1,2723,2723,0.992485569762,0.992485569762,75,7.5,26,0,2075,2075,0.013805827091,0.013805827091,75,7.5,25,0
225,2026-09-05T08:53:24.767208+00:00,187166000000000,187166046000000,12.156000000,online_inference,3,0,2076,2073,0.081300981758,0.076699039394,76,7.6,27,1,2638,2637,0.877437010671,0.875903029883,75,7.5,25,0,2609,2607,0.845223414125,0.842155452549,76,7.6,26,1,2723,2723,0.992485569762,0.992485569762,75,7.5,26,0,2075,2075,0.013805827091,0.013805827091,75,7.5,25,0
226,2026-09-05T08:53:24.822241+00:00,187166062000000,187166093000000,12.203000000,online_inference,3,0,2076,2073,0.081300981758,0.076699039394,76,7.6,26,1,2638,2637,0.877437010671,0.875903029883,75,7.5,25,0,2609,2607,0.845223414125,0.842155452549,76,7.6,26,0,2723,2723,0.992485569762,0.992485569762,75,7.5,26,0,2075,2075,0.013805827091,0.013805827091,76,7.6,25,0
227,2026-09-05T08:53:24.869092+00:00,187166109000000,187166140000000,12.250000000,online_inference,3,0,2076,2073,0.081300981758,0.076699039394,76,7.6,27,0,2638,2637,0.877437010671,0.875903029883,75,7.5,25,0,2609,2607,0.845223414125,0.842155452549,76,7.6,26,0,2723,2723,0.992485569762,0.992485569762,75,7.5,26,0,2075,2075,0.013805827091,0.013805827091,76,7.6,25,1
228,2026-09-05T08:53:24.917350+00:00,187166156000000,187166187000000,12.297000000,online_inference,3,0,2076,2073,0.081300981758,0.076699039394,76,7.6,27,1,2638,2637,0.877437010671,0.875903029883,75,7.5,25,0,2609,2607,0.845223414125,0.842155452549,76,7.6,26,0,2723,2723,0.992485569762,0.992485569762,75,7.5,26,0,2075,2075,0.013805827091,0.013805827091,76,7.6,25,0
229,2026-09-05T08:53:24.974895+00:00,187166203000000,187166250000000,12.360000000,online_inference,3,0,2076,2073,0.081300981758,0.076699039394,76,7.6,27,1,2638,2637,0.877437010671,0.875903029883,75,7.5,25,0,2609,2607,0.845223414125,0.842155452549,76,7.6,26,0,2723,2723,0.992485569762,0.992485569762,75,7.5,26,0,2075,2075,0.013805827091,0.013805827091,76,7.6,25,0
230,2026-09-05T08:53:25.028694+00:00,187166265000000,187166296000000,12.406000000,online_inference,3,0,2076,2073,0.081300981758,0.076699039394,76,7.6,27,1,2638,2637,0.877437010671,0.875903029883,75,7.5,25,0,2609,2607,0.845223414125,0.842155452549,76,7.6,26,0,2723,2723,0.992485569762,0.992485569762,75,7.5,26,0,2075,2075,0.013805827091,0.013805827091,76,7.6,25,0
231,2026-09-05T08:53:25.072744+00:00,187166312000000,187166343000000,12.453000000,online_inference,3,0,2076,2073,0.081300981758,0.076699039394,76,7.6,27,1,2638,2637,0.877437010671,0.875903029883,75,7.5,25,0,2609,2607,0.845223414125,0.842155452549,76,7.6,26,1,2723,2723,0.992485569762,0.992485569762,75,7.5,26,0,2075,2075,0.013805827091,0.013805827091,76,7.6,25,0
232,2026-09-05T08:53:25.134572+00:00,187166359000000,187166406000000,12.516000000,online_inference,3,0,2076,2073,0.081300981758,0.076699039394,76,7.6,27,0,2638,2637,0.877437010671,0.875903029883,75,7.5,25,0,2609,2607,0.845223414125,0.842155452549,76,7.6,26,0,2723,2723,0.992485569762,0.992485569762,75,7.5,26,0,2075,2075,0.013805827091,0.013805827091,74,7.4,25,0
233,2026-09-05T08:53:25.177019+00:00,187166421000000,187166453000000,12.563000000,online_inference,3,0,2076,2073,0.081300981758,0.076699039394,76,7.6,27,1,2638,2637,0.877437010671,0.875903029883,75,7.5,25,0,2609,2607,0.845223414125,0.842155452549,76,7.6,26,0,2723,2723,0.992485569762,0.992485569762,75,7.5,26,0,2075,2075,0.013805827091,0.013805827091,76,7.6,25,0
234,2026-09-05T08:53:25.239642+00:00,187166468000000,187166515000000,12.625000000,online_inference,3,0,2076,2073,0.081300981758,0.076699039394,76,7.6,27,0,2638,2637,0.877437010671,0.875903029883,75,7.5,25,0,2609,2607,0.845223414125,0.842155452549,76,7.6,26,1,2723,2723,0.992485569762,0.992485569762,75,7.5,26,0,2075,2075,0.013805827091,0.013805827091,75,7.5,25,0
235,2026-09-05T08:53:25.291056+00:00,187166531000000,187166562000000,12.672000000,online_inference,3,0,2076,2073,0.081300981758,0.076699039394,76,7.6,27,1,2638,2637,0.877437010671,0.875903029883,75,7.5,25,0,2609,2607,0.845223414125,0.842155452549,76,7.6,26,1,2723,2723,0.992485569762,0.992485569762,75,7.5,26,0,2075,2075,0.013805827091,0.013805827091,76,7.6,25,0
236,2026-09-05T08:53:25.335607+00:00,187166578000000,187166609000000,12.719000000,online_inference,3,0,2076,2073,0.081300981758,0.076699039394,76,7.6,26,1,2638,2637,0.877437010671,0.875903029883,75,7.5,25,1,2609,2607,0.845223414125,0.842155452549,76,7.6,26,0,2723,2723,0.992485569762,0.992485569762,75,7.5,26,0,2075,2075,0.013805827091,0.013805827091,76,7.6,25,0
237,2026-09-05T08:53:25.387448+00:00,187166625000000,187166656000000,12.766000000,online_inference,3,0,2076,2073,0.081300981758,0.076699039394,76,7.6,27,1,2638,2637,0.877437010671,0.875903029883,75,7.5,25,0,2609,2607,0.845223414125,0.842155452549,76,7.6,26,1,2723,2723,0.992485569762,0.992485569762,75,7.5,26,0,2075,2075,0.013805827091,0.013805827091,76,7.6,25,0
238,2026-09-05T08:53:25.439720+00:00,187166671000000,187166718000000,12.828000000,online_inference,3,0,2076,2073,0.081300981758,0.076699039394,76,7.6,27,1,2638,2637,0.877437010671,0.875903029883,75,7.5,25,0,2609,2607,0.845223414125,0.842155452549,76,7.6,26,0,2723,2723,0.992485569762,0.992485569762,75,7.5,26,0,2075,2075,0.013805827091,0.013805827091,75,7.5,25,0
239,2026-09-05T08:53:25.505870+00:00,187166734000000,187166781000000,12.891000000,online_inference,3,0,2076,2073,0.081300981758,0.076699039394,76,7.6,27,1,2638,2637,0.877437010671,0.875903029883,75,7.5,25,0,2609,2607,0.845223414125,0.842155452549,76,7.6,26,1,2723,2723,0.992485569762,0.992485569762,75,7.5,26,0,2075,2075,0.013805827091,0.013805827091,76,7.6,25,0
240,2026-09-05T08:53:25.556604+00:00,187166796000000,187166828000000,12.938000000,online_inference,3,0,2076,2073,0.081300981758,0.076699039394,76,7.6,27,1,2638,2637,0.877437010671,0.875903029883,75,7.5,25,0,2609,2607,0.845223414125,0.842155452549,76,7.6,26,0,2723,2723,0.992485569762,0.992485569762,75,7.5,26,0,2075,2075,0.013805827091,0.013805827091,75,7.5,25,0
241,2026-09-05T08:53:25.606996+00:00,187166843000000,187166875000000,12.985000000,online_inference,3,0,2076,2073,0.081300981758,0.076699039394,76,7.6,26,1,2638,2637,0.877437010671,0.875903029883,75,7.5,25,0,2609,2607,0.845223414125,0.842155452549,76,7.6,26,1,2723,2723,0.992485569762,0.992485569762,75,7.5,26,0,2075,2075,0.013805827091,0.013805827091,76,7.6,25,0
242,2026-09-05T08:53:25.652377+00:00,187166890000000,187166921000000,13.031000000,online_inference,3,0,2076,2073,0.081300981758,0.076699039394,76,7.6,27,0,2638,2637,0.877437010671,0.875903029883,75,7.5,25,0,2609,2607,0.845223414125,0.842155452549,76,7.6,26,0,2723,2723,0.992485569762,0.992485569762,75,7.5,26,0,2075,2075,0.013805827091,0.013805827091,76,7.6,25,0
243,2026-09-05T08:53:25.697065+00:00,187166937000000,187166968000000,13.078000000,online_inference,3,0,2076,2073,0.081300981758,0.076699039394,76,7.6,27,1,2638,2637,0.877437010671,0.875903029883,75,7.5,25,0,2609,2607,0.845223414125,0.842155452549,76,7.6,26,1,2723,2723,0.992485569762,0.992485569762,75,7.5,26,0,2075,2075,0.013805827091,0.013805827091,76,7.6,25,0
244,2026-09-05T08:53:25.746147+00:00,187166984000000,187167015000000,13.125000000,online_archive,3,0,2076,2073,0.081300981758,0.076699039394,76,7.6,27,1,2638,2637,0.877437010671,0.875903029883,75,7.5,25,0,2609,2607,0.845223414125,0.842155452549,76,7.6,26,0,2723,2723,0.992485569762,0.992485569762,75,7.5,26,0,2075,2075,0.013805827091,0.013805827091,75,7.5,25,0
245,2026-09-05T08:53:25.801873+00:00,187167046000000,187167078000000,13.188000000,online_archive,3,0,2076,2073,0.081300981758,0.076699039394,76,7.6,26,0,2638,2637,0.877437010671,0.875903029883,75,7.5,25,0,2609,2607,0.845223414125,0.842155452549,76,7.6,26,0,2723,2723,0.992485569762,0.992485569762,75,7.5,26,0,2075,2075,0.013805827091,0.013805827091,76,7.6,25,0
246,2026-09-05T08:53:25.876531+00:00,187167109000000,187167156000000,13.266000000,fixed_trajectory,3,0,2076,2073,0.081300981758,0.076699039394,76,7.6,26,0,2638,2637,0.877437010671,0.875903029883,75,7.5,25,0,2609,2607,0.845223414125,0.842155452549,76,7.6,26,0,2723,2723,0.992485569762,0.992485569762,75,7.5,26,0,2075,2075,0.013805827091,0.013805827091,76,7.6,25,0
247,2026-09-05T08:53:25.918782+00:00,187167171000000,187167187000000,13.297000000,fixed_trajectory,3,0,2076,2072,0.081300981758,0.075165058606,76,7.6,27,1,2638,2637,0.877437010671,0.875903029883,75,7.5,25,0,2609,2607,0.845223414125,0.842155452549,76,7.6,26,1,2723,2723,0.992485569762,0.992485569762,75,7.5,26,0,2075,2075,0.013805827091,0.013805827091,76,7.6,25,0
248,2026-09-05T08:53:25.973215+00:00,187167218000000,187167250000000,13.360000000,fixed_trajectory,3,0,2076,2071,0.081300981758,0.073631077819,76,7.6,27,1,2638,2637,0.877437010671,0.875903029883,75,7.5,25,0,2609,2607,0.845223414125,0.842155452549,76,7.6,26,1,2723,2723,0.992485569762,0.992485569762,75,7.5,26,0,2075,2075,0.013805827091,0.013805827091,76,7.6,25,0
249,2026-09-05T08:53:26.168446+00:00,187167406000000,187167437000000,13.547000000,online_observation,3,0,2076,2070,0.081300981758,0.072097097031,76,7.6,26,1,2638,2637,0.877437010671,0.875903029883,75,7.5,25,0,2609,2607,0.845223414125,0.842155452549,76,7.6,26,0,2723,2723,0.992485569762,0.992485569762,75,7.5,26,0,2075,2075,0.013805827091,0.013805827091,76,7.6,25,0
250,2026-09-05T08:53:26.200084+00:00,187167453000000,187167468000000,13.578000000,online_observation,3,0,2076,2070,0.081300981758,0.072097097031,76,7.6,27,1,2638,2637,0.877437010671,0.875903029883,75,7.5,25,0,2609,2607,0.845223414125,0.842155452549,76,7.6,26,0,2723,2723,0.992485569762,0.992485569762,75,7.5,26,0,2075,2075,0.013805827091,0.013805827091,76,7.6,25,0
251,2026-09-05T08:53:26.262383+00:00,187167500000000,187167531000000,13.641000000,online_observation,3,0,2076,2070,0.081300981758,0.072097097031,76,7.6,26,1,2638,2637,0.877437010671,0.875903029883,75,7.5,25,0,2609,2607,0.845223414125,0.842155452549,76,7.6,26,1,2723,2723,0.992485569762,0.992485569762,75,7.5,26,0,2075,2075,0.013805827091,0.013805827091,75,7.5,25,0
252,2026-09-05T08:53:26.300078+00:00,187167546000000,187167578000000,13.688000000,online_observation,3,0,2076,2070,0.081300981758,0.072097097031,76,7.6,27,1,2638,2637,0.877437010671,0.875903029883,75,7.5,25,0,2609,2607,0.845223414125,0.842155452549,76,7.6,26,0,2723,2723,0.992485569762,0.992485569762,75,7.5,26,0,2075,2075,0.013805827091,0.013805827091,75,7.5,25,0
253,2026-09-05T08:53:26.355898+00:00,187167593000000,187167625000000,13.735000000,online_observation,3,0,2076,2070,0.081300981758,0.072097097031,76,7.6,27,1,2638,2637,0.877437010671,0.875903029883,75,7.5,25,0,2609,2607,0.845223414125,0.842155452549,76,7.6,26,0,2723,2723,0.992485569762,0.992485569762,75,7.5,26,0,2075,2075,0.013805827091,0.013805827091,76,7.6,25,0
254,2026-09-05T08:53:26.396106+00:00,187167640000000,187167671000000,13.781000000,online_observation,3,0,2076,2070,0.081300981758,0.072097097031,76,7.6,27,1,2638,2637,0.877437010671,0.875903029883,75,7.5,25,0,2609,2607,0.845223414125,0.842155452549,76,7.6,26,1,2723,2723,0.992485569762,0.992485569762,75,7.5,26,0,2075,2075,0.013805827091,0.013805827091,76,7.6,25,0
255,2026-09-05T08:53:26.457949+00:00,187167703000000,187167734000000,13.844000000,online_observation,3,0,2076,2070,0.081300981758,0.072097097031,76,7.6,27,1,2638,2637,0.877437010671,0.875903029883,75,7.5,25,0,2609,2607,0.845223414125,0.842155452549,76,7.6,26,0,2723,2723,0.992485569762,0.992485569762,75,7.5,26,0,2075,2075,0.013805827091,0.013805827091,76,7.6,25,0
256,2026-09-05T08:53:26.504073+00:00,187167750000000,187167781000000,13.891000000,online_observation,3,0,2076,2070,0.081300981758,0.072097097031,76,7.6,27,1,2638,2637,0.877437010671,0.875903029883,75,7.5,25,0,2609,2607,0.845223414125,0.842155452549,76,7.6,26,0,2723,2723,0.992485569762,0.992485569762,75,7.5,26,0,2075,2075,0.013805827091,0.013805827091,75,7.5,25,0
257,2026-09-05T08:53:26.556203+00:00,187167796000000,187167828000000,13.938000000,online_inference,4,0,2076,2070,0.081300981758,0.072097097031,76,7.6,27,1,2638,2637,0.877437010671,0.875903029883,75,7.5,25,0,2609,2607,0.845223414125,0.842155452549,76,7.6,26,0,2723,2723,0.992485569762,0.992485569762,75,7.5,26,0,2075,2075,0.013805827091,0.013805827091,76,7.6,25,0
258,2026-09-05T08:53:26.622489+00:00,187167843000000,187167890000000,14.000000000,online_inference,4,0,2076,2070,0.081300981758,0.072097097031,76,7.6,27,1,2638,2637,0.877437010671,0.875903029883,75,7.5,25,0,2609,2607,0.845223414125,0.842155452549,76,7.6,26,1,2723,2723,0.992485569762,0.992485569762,75,7.5,26,0,2075,2075,0.013805827091,0.013805827091,76,7.6,25,0
259,2026-09-05T08:53:26.719133+00:00,187167921000000,187168000000000,14.110000000,online_inference,4,0,2076,2070,0.081300981758,0.072097097031,76,7.6,27,1,2638,2637,0.877437010671,0.875903029883,75,7.5,25,0,2609,2607,0.845223414125,0.842155452549,76,7.6,26,1,2723,2723,0.992485569762,0.992485569762,75,7.5,26,0,2075,2075,0.013805827091,0.013805827091,76,7.6,25,0
260,2026-09-05T08:53:26.791868+00:00,187168015000000,187168062000000,14.172000000,online_inference,4,0,2076,2070,0.081300981758,0.072097097031,76,7.6,27,1,2638,2637,0.877437010671,0.875903029883,75,7.5,25,0,2609,2607,0.845223414125,0.842155452549,76,7.6,26,1,2723,2723,0.992485569762,0.992485569762,75,7.5,26,0,2075,2075,0.013805827091,0.013805827091,76,7.6,25,0
261,2026-09-05T08:53:26.842900+00:00,187168078000000,187168125000000,14.235000000,online_inference,4,0,2076,2070,0.081300981758,0.072097097031,76,7.6,27,1,2638,2637,0.877437010671,0.875903029883,75,7.5,25,0,2609,2607,0.845223414125,0.842155452549,76,7.6,26,1,2723,2723,0.992485569762,0.992485569762,75,7.5,26,0,2075,2075,0.013805827091,0.013805827091,76,7.6,26,0
262,2026-09-05T08:53:26.904269+00:00,187168140000000,187168171000000,14.281000000,online_inference,4,0,2076,2070,0.081300981758,0.072097097031,76,7.6,26,1,2638,2637,0.877437010671,0.875903029883,75,7.5,25,0,2609,2607,0.845223414125,0.842155452549,76,7.6,26,0,2723,2723,0.992485569762,0.992485569762,75,7.5,26,0,2075,2075,0.013805827091,0.013805827091,76,7.6,25,0
263,2026-09-05T08:53:26.953605+00:00,187168187000000,187168234000000,14.344000000,online_inference,4,0,2076,2070,0.081300981758,0.072097097031,76,7.6,27,1,2638,2637,0.877437010671,0.875903029883,75,7.5,25,0,2609,2607,0.845223414125,0.842155452549,76,7.6,26,1,2723,2723,0.992485569762,0.992485569762,75,7.5,26,0,2075,2075,0.013805827091,0.013805827091,76,7.6,25,0
264,2026-09-05T08:53:27.011556+00:00,187168250000000,187168281000000,14.391000000,online_inference,4,0,2076,2070,0.081300981758,0.072097097031,76,7.6,27,2,2638,2637,0.877437010671,0.875903029883,75,7.5,25,0,2609,2607,0.845223414125,0.842155452549,76,7.6,26,1,2723,2723,0.992485569762,0.992485569762,75,7.5,26,0,2075,2075,0.013805827091,0.013805827091,76,7.6,25,0
265,2026-09-05T08:53:27.060173+00:00,187168296000000,187168328000000,14.438000000,online_inference,4,0,2076,2070,0.081300981758,0.072097097031,76,7.6,26,1,2638,2637,0.877437010671,0.875903029883,75,7.5,25,0,2609,2607,0.845223414125,0.842155452549,76,7.6,26,1,2723,2723,0.992485569762,0.992485569762,75,7.5,26,0,2075,2075,0.013805827091,0.013805827091,76,7.6,25,0
266,2026-09-05T08:53:27.106719+00:00,187168343000000,187168375000000,14.485000000,online_inference,4,0,2076,2070,0.081300981758,0.072097097031,76,7.6,27,1,2638,2637,0.877437010671,0.875903029883,75,7.5,25,0,2609,2607,0.845223414125,0.842155452549,76,7.6,26,1,2723,2723,0.992485569762,0.992485569762,75,7.5,26,0,2075,2075,0.013805827091,0.013805827091,76,7.6,25,0
267,2026-09-05T08:53:27.163519+00:00,187168390000000,187168437000000,14.547000000,online_inference,4,0,2076,2070,0.081300981758,0.072097097031,76,7.6,27,1,2638,2637,0.877437010671,0.875903029883,75,7.5,25,0,2609,2607,0.845223414125,0.842155452549,76,7.6,26,1,2723,2723,0.992485569762,0.992485569762,75,7.5,26,0,2075,2075,0.013805827091,0.013805827091,76,7.6,25,0
268,2026-09-05T08:53:27.222289+00:00,187168453000000,187168500000000,14.610000000,online_inference,4,0,2076,2070,0.081300981758,0.072097097031,76,7.6,27,1,2638,2637,0.877437010671,0.875903029883,75,7.5,25,0,2609,2607,0.845223414125,0.842155452549,76,7.6,26,1,2723,2723,0.992485569762,0.992485569762,75,7.5,26,0,2075,2075,0.013805827091,0.013805827091,76,7.6,25,0
269,2026-09-05T08:53:27.279527+00:00,187168515000000,187168546000000,14.656000000,online_inference,4,0,2076,2070,0.081300981758,0.072097097031,76,7.6,27,1,2638,2637,0.877437010671,0.875903029883,75,7.5,25,0,2609,2607,0.845223414125,0.842155452549,76,7.6,26,1,2723,2723,0.992485569762,0.992485569762,75,7.5,26,0,2075,2075,0.013805827091,0.013805827091,75,7.5,25,0
270,2026-09-05T08:53:27.323518+00:00,187168562000000,187168593000000,14.703000000,online_inference,4,0,2076,2070,0.081300981758,0.072097097031,76,7.6,27,1,2638,2637,0.877437010671,0.875903029883,75,7.5,25,0,2609,2607,0.845223414125,0.842155452549,76,7.6,26,0,2723,2723,0.992485569762,0.992485569762,75,7.5,26,0,2075,2075,0.013805827091,0.013805827091,75,7.5,25,0
271,2026-09-05T08:53:27.374610+00:00,187168609000000,187168656000000,14.766000000,online_inference,4,0,2076,2070,0.081300981758,0.072097097031,76,7.6,27,1,2638,2637,0.877437010671,0.875903029883,75,7.5,25,0,2609,2607,0.845223414125,0.842155452549,76,7.6,26,1,2723,2723,0.992485569762,0.992485569762,75,7.5,26,0,2075,2075,0.013805827091,0.013805827091,76,7.6,25,0
272,2026-09-05T08:53:27.427899+00:00,187168671000000,187168703000000,14.813000000,online_inference,4,0,2076,2070,0.081300981758,0.072097097031,76,7.6,27,1,2638,2637,0.877437010671,0.875903029883,75,7.5,25,0,2609,2607,0.845223414125,0.842155452549,76,7.6,26,1,2723,2723,0.992485569762,0.992485569762,75,7.5,26,0,2075,2075,0.013805827091,0.013805827091,76,7.6,25,0
273,2026-09-05T08:53:27.486679+00:00,187168718000000,187168765000000,14.875000000,online_inference,4,0,2076,2070,0.081300981758,0.072097097031,76,7.6,26,1,2638,2637,0.877437010671,0.875903029883,75,7.5,25,0,2609,2607,0.845223414125,0.842155452549,76,7.6,26,1,2723,2723,0.992485569762,0.992485569762,75,7.5,26,0,2075,2075,0.013805827091,0.013805827091,75,7.5,25,0
274,2026-09-05T08:53:27.538360+00:00,187168781000000,187168812000000,14.922000000,online_inference,4,0,2076,2070,0.081300981758,0.072097097031,76,7.6,27,1,2638,2637,0.877437010671,0.875903029883,75,7.5,25,0,2609,2607,0.845223414125,0.842155452549,76,7.6,26,1,2723,2723,0.992485569762,0.992485569762,75,7.5,26,0,2075,2075,0.013805827091,0.013805827091,75,7.5,25,0
275,2026-09-05T08:53:27.586543+00:00,187168828000000,187168859000000,14.969000000,online_inference,4,0,2076,2070,0.081300981758,0.072097097031,76,7.6,27,1,2638,2637,0.877437010671,0.875903029883,75,7.5,25,0,2609,2607,0.845223414125,0.842155452549,76,7.6,26,1,2723,2723,0.992485569762,0.992485569762,75,7.5,26,0,2075,2075,0.013805827091,0.013805827091,76,7.6,25,0
276,2026-09-05T08:53:27.636492+00:00,187168875000000,187168906000000,15.016000000,online_inference,4,0,2076,2070,0.081300981758,0.072097097031,76,7.6,27,1,2638,2637,0.877437010671,0.875903029883,75,7.5,25,0,2609,2607,0.845223414125,0.842155452549,76,7.6,26,1,2723,2723,0.992485569762,0.992485569762,75,7.5,26,0,2075,2075,0.013805827091,0.013805827091,76,7.6,25,0
277,2026-09-05T08:53:27.684018+00:00,187168921000000,187168953000000,15.063000000,online_inference,4,0,2076,2070,0.081300981758,0.072097097031,76,7.6,27,1,2638,2637,0.877437010671,0.875903029883,75,7.5,25,0,2609,2607,0.845223414125,0.842155452549,76,7.6,26,0,2723,2723,0.992485569762,0.992485569762,75,7.5,26,0,2075,2075,0.013805827091,0.013805827091,75,7.5,25,0
278,2026-09-05T08:53:27.749271+00:00,187168984000000,187169031000000,15.141000000,online_inference,4,0,2076,2070,0.081300981758,0.072097097031,76,7.6,27,2,2638,2637,0.877437010671,0.875903029883,75,7.5,25,0,2609,2607,0.845223414125,0.842155452549,76,7.6,26,0,2723,2723,0.992485569762,0.992485569762,75,7.5,26,0,2075,2075,0.013805827091,0.013805827091,75,7.5,25,0
279,2026-09-05T08:53:27.802877+00:00,187169046000000,187169078000000,15.188000000,online_inference,4,0,2076,2070,0.081300981758,0.072097097031,76,7.6,27,1,2638,2637,0.877437010671,0.875903029883,75,7.5,25,0,2609,2607,0.845223414125,0.842155452549,76,7.6,26,1,2723,2723,0.992485569762,0.992485569762,75,7.5,26,0,2075,2075,0.013805827091,0.013805827091,76,7.6,25,0
280,2026-09-05T08:53:27.864609+00:00,187169093000000,187169140000000,15.250000000,online_inference,4,0,2076,2070,0.081300981758,0.072097097031,76,7.6,27,1,2638,2637,0.877437010671,0.875903029883,75,7.5,25,0,2609,2607,0.845223414125,0.842155452549,76,7.6,26,0,2723,2723,0.992485569762,0.992485569762,75,7.5,26,0,2075,2075,0.013805827091,0.013805827091,76,7.6,25,0
281,2026-09-05T08:53:27.908496+00:00,187169156000000,187169187000000,15.297000000,online_inference,4,0,2076,2070,0.081300981758,0.072097097031,76,7.6,27,1,2638,2637,0.877437010671,0.875903029883,75,7.5,25,0,2609,2607,0.845223414125,0.842155452549,76,7.6,26,1,2723,2723,0.992485569762,0.992485569762,75,7.5,26,0,2075,2075,0.013805827091,0.013805827091,76,7.6,25,0
282,2026-09-05T08:53:27.964917+00:00,187169203000000,187169234000000,15.344000000,online_inference,4,0,2076,2070,0.081300981758,0.072097097031,76,7.6,27,1,2638,2637,0.877437010671,0.875903029883,75,7.5,25,0,2609,2607,0.845223414125,0.842155452549,76,7.6,26,1,2723,2723,0.992485569762,0.992485569762,75,7.5,26,0,2075,2075,0.013805827091,0.013805827091,76,7.6,25,0
283,2026-09-05T08:53:28.017280+00:00,187169250000000,187169296000000,15.406000000,online_inference,4,0,2076,2070,0.081300981758,0.072097097031,76,7.6,27,1,2638,2637,0.877437010671,0.875903029883,75,7.5,25,0,2609,2607,0.845223414125,0.842155452549,76,7.6,26,1,2723,2723,0.992485569762,0.992485569762,75,7.5,26,0,2075,2075,0.013805827091,0.013805827091,76,7.6,25,0
284,2026-09-05T08:53:28.072581+00:00,187169312000000,187169343000000,15.453000000,online_inference,4,0,2076,2070,0.081300981758,0.072097097031,76,7.6,27,1,2638,2637,0.877437010671,0.875903029883,75,7.5,25,0,2609,2607,0.845223414125,0.842155452549,76,7.6,26,1,2723,2723,0.992485569762,0.992485569762,75,7.5,26,0,2075,2075,0.013805827091,0.013805827091,75,7.5,25,0
285,2026-09-05T08:53:28.124007+00:00,187169359000000,187169406000000,15.516000000,online_inference,4,0,2076,2070,0.081300981758,0.072097097031,76,7.6,27,1,2638,2637,0.877437010671,0.875903029883,75,7.5,25,0,2609,2607,0.845223414125,0.842155452549,76,7.6,26,1,2723,2723,0.992485569762,0.992485569762,75,7.5,26,0,2075,2075,0.013805827091,0.013805827091,76,7.6,25,0
286,2026-09-05T08:53:28.179607+00:00,187169421000000,187169453000000,15.563000000,online_inference,4,0,2076,2070,0.081300981758,0.072097097031,76,7.6,27,1,2638,2637,0.877437010671,0.875903029883,75,7.5,25,0,2609,2607,0.845223414125,0.842155452549,76,7.6,26,0,2723,2723,0.992485569762,0.992485569762,75,7.5,26,0,2075,2075,0.013805827091,0.013805827091,76,7.6,25,0
287,2026-09-05T08:53:28.235513+00:00,187169468000000,187169515000000,15.625000000,online_inference,4,0,2076,2070,0.081300981758,0.072097097031,76,7.6,27,1,2638,2637,0.877437010671,0.875903029883,75,7.5,25,0,2609,2607,0.845223414125,0.842155452549,76,7.6,26,0,2723,2723,0.992485569762,0.992485569762,75,7.5,26,0,2075,2075,0.013805827091,0.013805827091,76,7.6,25,0
288,2026-09-05T08:53:28.296474+00:00,187169531000000,187169578000000,15.688000000,online_inference,4,0,2076,2070,0.081300981758,0.072097097031,76,7.6,27,1,2638,2637,0.877437010671,0.875903029883,75,7.5,25,0,2609,2607,0.845223414125,0.842155452549,76,7.6,26,0,2723,2723,0.992485569762,0.992485569762,75,7.5,26,0,2075,2075,0.013805827091,0.013805827091,75,7.5,25,0
289,2026-09-05T08:53:28.350176+00:00,187169593000000,187169625000000,15.735000000,online_inference,4,0,2076,2070,0.081300981758,0.072097097031,76,7.6,27,1,2638,2637,0.877437010671,0.875903029883,75,7.5,25,0,2609,2607,0.845223414125,0.842155452549,76,7.6,26,1,2723,2723,0.992485569762,0.992485569762,75,7.5,26,0,2075,2075,0.013805827091,0.013805827091,76,7.6,25,0
290,2026-09-05T08:53:28.406085+00:00,187169640000000,187169687000000,15.797000000,online_inference,4,0,2076,2070,0.081300981758,0.072097097031,76,7.6,27,1,2638,2637,0.877437010671,0.875903029883,75,7.5,25,0,2609,2607,0.845223414125,0.842155452549,76,7.6,26,1,2723,2723,0.992485569762,0.992485569762,75,7.5,27,0,2075,2075,0.013805827091,0.013805827091,76,7.6,25,0
291,2026-09-05T08:53:28.460549+00:00,187169703000000,187169734000000,15.844000000,online_inference,4,0,2076,2070,0.081300981758,0.072097097031,76,7.6,27,1,2638,2637,0.877437010671,0.875903029883,75,7.5,25,0,2609,2607,0.845223414125,0.842155452549,76,7.6,26,0,2723,2723,0.992485569762,0.992485569762,75,7.5,26,0,2075,2075,0.013805827091,0.013805827091,76,7.6,25,0
292,2026-09-05T08:53:28.521985+00:00,187169750000000,187169796000000,15.906000000,online_inference,4,0,2076,2070,0.081300981758,0.072097097031,76,7.6,27,1,2638,2637,0.877437010671,0.875903029883,75,7.5,25,0,2609,2607,0.845223414125,0.842155452549,76,7.6,26,1,2723,2723,0.992485569762,0.992485569762,75,7.5,26,0,2075,2075,0.013805827091,0.013805827091,75,7.5,25,0
293,2026-09-05T08:53:28.571581+00:00,187169812000000,187169843000000,15.953000000,online_inference,4,0,2076,2070,0.081300981758,0.072097097031,76,7.6,27,1,2638,2637,0.877437010671,0.875903029883,75,7.5,25,0,2609,2607,0.845223414125,0.842155452549,76,7.6,26,1,2723,2723,0.992485569762,0.992485569762,75,7.5,26,0,2075,2075,0.013805827091,0.013805827091,76,7.6,25,0
294,2026-09-05T08:53:28.621506+00:00,187169859000000,187169890000000,16.000000000,online_inference,4,0,2076,2070,0.081300981758,0.072097097031,76,7.6,27,1,2638,2637,0.877437010671,0.875903029883,75,7.5,25,0,2609,2607,0.845223414125,0.842155452549,76,7.6,26,0,2723,2723,0.992485569762,0.992485569762,75,7.5,26,0,2075,2075,0.013805827091,0.013805827091,76,7.6,25,0
295,2026-09-05T08:53:28.670492+00:00,187169906000000,187169953000000,16.063000000,online_inference,4,0,2076,2070,0.081300981758,0.072097097031,76,7.6,27,1,2638,2637,0.877437010671,0.875903029883,75,7.5,25,0,2609,2607,0.845223414125,0.842155452549,76,7.6,26,0,2723,2723,0.992485569762,0.992485569762,75,7.5,26,0,2075,2075,0.013805827091,0.013805827091,76,7.6,25,0
296,2026-09-05T08:53:28.726303+00:00,187169968000000,187170000000000,16.110000000,online_inference,4,0,2076,2070,0.081300981758,0.072097097031,76,7.6,27,1,2638,2637,0.877437010671,0.875903029883,75,7.5,25,0,2609,2607,0.845223414125,0.842155452549,76,7.6,26,1,2723,2723,0.992485569762,0.992485569762,75,7.5,26,0,2075,2075,0.013805827091,0.013805827091,76,7.6,26,0
297,2026-09-05T08:53:28.781458+00:00,187170015000000,187170062000000,16.172000000,online_inference,4,0,2076,2070,0.081300981758,0.072097097031,76,7.6,27,1,2638,2637,0.877437010671,0.875903029883,75,7.5,25,0,2609,2607,0.845223414125,0.842155452549,76,7.6,26,1,2723,2723,0.992485569762,0.992485569762,75,7.5,26,0,2075,2075,0.013805827091,0.013805827091,75,7.5,25,0
298,2026-09-05T08:53:28.835598+00:00,187170078000000,187170109000000,16.219000000,online_inference,4,0,2076,2070,0.081300981758,0.072097097031,76,7.6,27,1,2638,2637,0.877437010671,0.875903029883,75,7.5,25,0,2609,2607,0.845223414125,0.842155452549,76,7.6,26,0,2723,2723,0.992485569762,0.992485569762,75,7.5,26,0,2075,2075,0.013805827091,0.013805827091,76,7.6,25,0
299,2026-09-05T08:53:28.889910+00:00,187170125000000,187170171000000,16.281000000,online_inference,4,0,2076,2070,0.081300981758,0.072097097031,76,7.6,26,1,2638,2637,0.877437010671,0.875903029883,75,7.5,25,0,2609,2607,0.845223414125,0.842155452549,76,7.6,26,1,2723,2723,0.992485569762,0.992485569762,75,7.5,26,0,2075,2075,0.013805827091,0.013805827091,76,7.6,25,0
300,2026-09-05T08:53:28.945524+00:00,187170187000000,187170218000000,16.328000000,online_inference,4,0,2076,2070,0.081300981758,0.072097097031,76,7.6,27,1,2638,2637,0.877437010671,0.875903029883,75,7.5,25,0,2609,2607,0.845223414125,0.842155452549,76,7.6,26,0,2723,2723,0.992485569762,0.992485569762,75,7.5,26,0,2075,2075,0.013805827091,0.013805827091,76,7.6,25,0
301,2026-09-05T08:53:28.994450+00:00,187170234000000,187170265000000,16.375000000,online_inference,4,0,2076,2070,0.081300981758,0.072097097031,76,7.6,27,1,2638,2637,0.877437010671,0.875903029883,75,7.5,25,0,2609,2607,0.845223414125,0.842155452549,76,7.6,26,0,2723,2723,0.992485569762,0.992485569762,75,7.5,26,0,2075,2075,0.013805827091,0.013805827091,75,7.5,25,0
302,2026-09-05T08:53:29.051849+00:00,187170281000000,187170328000000,16.438000000,online_inference,4,0,2076,2070,0.081300981758,0.072097097031,76,7.6,27,2,2638,2637,0.877437010671,0.875903029883,75,7.5,25,0,2609,2607,0.845223414125,0.842155452549,76,7.6,26,1,2723,2723,0.992485569762,0.992485569762,75,7.5,25,0,2075,2075,0.013805827091,0.013805827091,76,7.6,25,0
303,2026-09-05T08:53:29.094105+00:00,187170343000000,187170375000000,16.485000000,online_inference,4,0,2076,2070,0.081300981758,0.072097097031,76,7.6,27,1,2638,2637,0.877437010671,0.875903029883,75,7.5,25,0,2609,2607,0.845223414125,0.842155452549,76,7.6,26,1,2723,2723,0.992485569762,0.992485569762,75,7.5,26,0,2075,2075,0.013805827091,0.013805827091,75,7.5,25,0
304,2026-09-05T08:53:29.149639+00:00,187170390000000,187170421000000,16.531000000,online_archive,4,0,2076,2070,0.081300981758,0.072097097031,76,7.6,27,1,2638,2637,0.877437010671,0.875903029883,75,7.5,25,0,2609,2607,0.845223414125,0.842155452549,76,7.6,26,1,2723,2723,0.992485569762,0.992485569762,75,7.5,26,0,2075,2075,0.013805827091,0.013805827091,76,7.6,25,0
305,2026-09-05T08:53:29.190424+00:00,187170437000000,187170468000000,16.578000000,online_archive,4,0,2076,2070,0.081300981758,0.072097097031,76,7.6,27,1,2638,2637,0.877437010671,0.875903029883,75,7.5,25,0,2609,2607,0.845223414125,0.842155452549,76,7.6,26,0,2723,2723,0.992485569762,0.992485569762,75,7.5,26,0,2075,2075,0.013805827091,0.013805827091,75,7.5,25,0
306,2026-09-05T08:53:29.262488+00:00,187170500000000,187170531000000,16.641000000,online_observation,4,0,2076,2070,0.081300981758,0.072097097031,76,7.6,27,1,2638,2637,0.877437010671,0.875903029883,75,7.5,25,0,2609,2607,0.845223414125,0.842155452549,76,7.6,26,1,2723,2723,0.992485569762,0.992485569762,75,7.5,26,0,2075,2075,0.013805827091,0.013805827091,75,7.5,25,0
307,2026-09-05T08:53:29.297716+00:00,187170546000000,187170578000000,16.688000000,online_observation,4,0,2076,2070,0.081300981758,0.072097097031,76,7.6,27,1,2638,2637,0.877437010671,0.875903029883,75,7.5,25,0,2609,2607,0.845223414125,0.842155452549,76,7.6,26,1,2723,2723,0.992485569762,0.992485569762,75,7.5,26,0,2075,2075,0.013805827091,0.013805827091,75,7.5,25,0
308,2026-09-05T08:53:29.350407+00:00,187170593000000,187170625000000,16.735000000,online_observation,4,0,2076,2070,0.081300981758,0.072097097031,76,7.6,27,1,2638,2637,0.877437010671,0.875903029883,75,7.5,25,0,2609,2607,0.845223414125,0.842155452549,76,7.6,26,1,2723,2723,0.992485569762,0.992485569762,75,7.5,26,0,2075,2075,0.013805827091,0.013805827091,75,7.5,25,0
309,2026-09-05T08:53:29.390071+00:00,187170640000000,187170671000000,16.781000000,online_observation,4,0,2076,2070,0.081300981758,0.072097097031,76,7.6,27,1,2638,2637,0.877437010671,0.875903029883,75,7.5,25,0,2609,2607,0.845223414125,0.842155452549,76,7.6,26,1,2723,2723,0.992485569762,0.992485569762,75,7.5,26,0,2075,2075,0.013805827091,0.013805827091,76,7.6,25,0
310,2026-09-05T08:53:29.443154+00:00,187170687000000,187170718000000,16.828000000,online_observation,4,0,2076,2070,0.081300981758,0.072097097031,76,7.6,27,1,2638,2637,0.877437010671,0.875903029883,75,7.5,25,0,2609,2607,0.845223414125,0.842155452549,76,7.6,26,1,2723,2723,0.992485569762,0.992485569762,75,7.5,26,0,2075,2075,0.013805827091,0.013805827091,75,7.5,25,0
311,2026-09-05T08:53:29.485774+00:00,187170734000000,187170765000000,16.875000000,online_observation,4,0,2076,2070,0.081300981758,0.072097097031,76,7.6,27,1,2638,2637,0.877437010671,0.875903029883,75,7.5,25,0,2609,2607,0.845223414125,0.842155452549,76,7.6,26,0,2723,2723,0.992485569762,0.992485569762,75,7.5,26,0,2075,2075,0.013805827091,0.013805827091,76,7.6,25,0
312,2026-09-05T08:53:29.552019+00:00,187170796000000,187170828000000,16.938000000,online_observation,4,0,2076,2070,0.081300981758,0.072097097031,76,7.6,27,1,2638,2637,0.877437010671,0.875903029883,75,7.5,25,0,2609,2607,0.845223414125,0.842155452549,76,7.6,26,1,2723,2723,0.992485569762,0.992485569762,75,7.5,26,0,2075,2075,0.013805827091,0.013805827091,76,7.6,25,0
313,2026-09-05T08:53:29.593202+00:00,187170843000000,187170875000000,16.985000000,online_observation,4,0,2076,2070,0.081300981758,0.072097097031,76,7.6,27,1,2638,2637,0.877437010671,0.875903029883,75,7.5,25,0,2609,2607,0.845223414125,0.842155452549,76,7.6,26,1,2723,2723,0.992485569762,0.992485569762,75,7.5,26,0,2075,2075,0.013805827091,0.013805827091,76,7.6,25,0
314,2026-09-05T08:53:29.655518+00:00,187170890000000,187170937000000,17.047000000,post_roll_hold,49,0,2076,2070,0.081300981758,0.072097097031,76,7.6,27,0,2638,2637,0.877437010671,0.875903029883,75,7.5,25,0,2609,2607,0.845223414125,0.842155452549,76,7.6,26,1,2723,2723,0.992485569762,0.992485569762,75,7.5,26,0,2075,2075,0.013805827091,0.013805827091,76,7.6,25,0
315,2026-09-05T08:53:29.705989+00:00,187170953000000,187170984000000,17.094000000,post_roll_hold,49,0,2076,2070,0.081300981758,0.072097097031,76,7.6,27,1,2638,2637,0.877437010671,0.875903029883,75,7.5,25,0,2609,2607,0.845223414125,0.842155452549,76,7.6,26,1,2723,2723,0.992485569762,0.992485569762,75,7.5,26,0,2075,2075,0.013805827091,0.013805827091,75,7.5,25,0
316,2026-09-05T08:53:29.757538+00:00,187171000000000,187171031000000,17.141000000,post_roll_hold,49,0,2076,2070,0.081300981758,0.072097097031,76,7.6,27,1,2638,2637,0.877437010671,0.875903029883,75,7.5,25,0,2609,2607,0.845223414125,0.842155452549,76,7.6,26,1,2723,2723,0.992485569762,0.992485569762,75,7.5,26,0,2075,2075,0.013805827091,0.013805827091,76,7.6,25,0
317,2026-09-05T08:53:29.802411+00:00,187171046000000,187171078000000,17.188000000,post_roll_hold,49,0,2076,2070,0.081300981758,0.072097097031,76,7.6,27,1,2638,2637,0.877437010671,0.875903029883,75,7.5,25,0,2609,2607,0.845223414125,0.842155452549,76,7.6,26,0,2723,2723,0.992485569762,0.992485569762,75,7.5,26,0,2075,2075,0.013805827091,0.013805827091,76,7.6,25,0
318,2026-09-05T08:53:29.843085+00:00,187171093000000,187171125000000,17.235000000,post_roll_hold,49,0,2076,2070,0.081300981758,0.072097097031,76,7.6,27,1,2638,2637,0.877437010671,0.875903029883,75,7.5,25,0,2609,2607,0.845223414125,0.842155452549,76,7.6,26,1,2723,2723,0.992485569762,0.992485569762,75,7.5,26,0,2075,2075,0.013805827091,0.013805827091,76,7.6,25,0
319,2026-09-05T08:53:29.902574+00:00,187171140000000,187171171000000,17.281000000,post_roll_hold,49,0,2076,2070,0.081300981758,0.072097097031,76,7.6,27,1,2638,2637,0.877437010671,0.875903029883,75,7.5,25,0,2609,2607,0.845223414125,0.842155452549,76,7.6,26,1,2723,2723,0.992485569762,0.992485569762,75,7.5,26,0,2075,2075,0.013805827091,0.013805827091,75,7.5,25,0
320,2026-09-05T08:53:29.951323+00:00,187171203000000,187171218000000,17.328000000,post_roll_hold,49,0,2076,2070,0.081300981758,0.072097097031,76,7.6,27,1,2638,2637,0.877437010671,0.875903029883,75,7.5,25,0,2609,2607,0.845223414125,0.842155452549,76,7.6,26,0,2723,2723,0.992485569762,0.992485569762,75,7.5,26,0,2075,2075,0.013805827091,0.013805827091,76,7.6,25,0
321,2026-09-05T08:53:30.006877+00:00,187171250000000,187171281000000,17.391000000,post_roll_hold,49,0,2076,2070,0.081300981758,0.072097097031,76,7.6,27,1,2638,2637,0.877437010671,0.875903029883,75,7.5,25,0,2609,2607,0.845223414125,0.842155452549,76,7.6,26,0,2723,2723,0.992485569762,0.992485569762,75,7.5,26,0,2075,2075,0.013805827091,0.013805827091,75,7.5,25,0
322,2026-09-05T08:53:30.044136+00:00,187171296000000,187171312000000,17.422000000,post_roll_hold,49,0,2076,2070,0.081300981758,0.072097097031,76,7.6,27,1,2638,2637,0.877437010671,0.875903029883,75,7.5,25,0,2609,2607,0.845223414125,0.842155452549,76,7.6,26,0,2723,2723,0.992485569762,0.992485569762,75,7.5,26,0,2075,2075,0.013805827091,0.013805827091,76,7.6,25,0
323,2026-09-05T08:53:30.105404+00:00,187171343000000,187171375000000,17.485000000,post_roll_hold,49,0,2076,2070,0.081300981758,0.072097097031,76,7.6,27,1,2638,2637,0.877437010671,0.875903029883,75,7.5,25,0,2609,2607,0.845223414125,0.842155452549,76,7.6,26,0,2723,2723,0.992485569762,0.992485569762,75,7.5,26,0,2075,2075,0.013805827091,0.013805827091,75,7.5,25,0
324,2026-09-05T08:53:30.160129+00:00,187171406000000,187171437000000,17.547000000,post_roll_hold,49,0,2076,2070,0.081300981758,0.072097097031,76,7.6,27,1,2638,2637,0.877437010671,0.875903029883,75,7.5,25,0,2609,2607,0.845223414125,0.842155452549,76,7.6,26,0,2723,2723,0.992485569762,0.992485569762,75,7.5,26,0,2075,2075,0.013805827091,0.013805827091,76,7.6,25,0
325,2026-09-05T08:53:30.203473+00:00,187171453000000,187171484000000,17.594000000,post_roll_hold,49,0,2076,2070,0.081300981758,0.072097097031,76,7.6,27,2,2638,2637,0.877437010671,0.875903029883,75,7.5,25,0,2609,2607,0.845223414125,0.842155452549,76,7.6,26,0,2723,2723,0.992485569762,0.992485569762,75,7.5,26,0,2075,2075,0.013805827091,0.013805827091,76,7.6,25,0
326,2026-09-05T08:53:30.258592+00:00,187171500000000,187171531000000,17.641000000,post_roll_hold,49,0,2076,2070,0.081300981758,0.072097097031,76,7.6,27,1,2638,2637,0.877437010671,0.875903029883,75,7.5,25,0,2609,2607,0.845223414125,0.842155452549,76,7.6,26,1,2723,2723,0.992485569762,0.992485569762,75,7.5,26,0,2075,2075,0.013805827091,0.013805827091,76,7.6,25,0
327,2026-09-05T08:53:30.297885+00:00,187171546000000,187171578000000,17.688000000,post_roll_hold,49,0,2076,2070,0.081300981758,0.072097097031,76,7.6,27,1,2638,2637,0.877437010671,0.875903029883,75,7.5,25,0,2609,2607,0.845223414125,0.842155452549,76,7.6,26,1,2723,2723,0.992485569762,0.992485569762,75,7.5,26,0,2075,2075,0.013805827091,0.013805827091,75,7.5,25,0
328,2026-09-05T08:53:30.352857+00:00,187171593000000,187171625000000,17.735000000,post_roll_hold,49,0,2076,2070,0.081300981758,0.072097097031,76,7.6,27,1,2638,2637,0.877437010671,0.875903029883,75,7.5,25,0,2609,2607,0.845223414125,0.842155452549,76,7.6,26,1,2723,2723,0.992485569762,0.992485569762,75,7.5,26,0,2075,2075,0.013805827091,0.013805827091,75,7.5,25,0
329,2026-09-05T08:53:30.392400+00:00,187171640000000,187171671000000,17.781000000,post_roll_hold,49,0,2076,2070,0.081300981758,0.072097097031,76,7.6,27,1,2638,2637,0.877437010671,0.875903029883,75,7.5,25,0,2609,2607,0.845223414125,0.842155452549,76,7.6,26,0,2723,2723,0.992485569762,0.992485569762,75,7.5,26,0,2075,2075,0.013805827091,0.013805827091,76,7.6,25,0
330,2026-09-05T08:53:30.459494+00:00,187171703000000,187171734000000,17.844000000,post_roll_hold,49,0,2076,2070,0.081300981758,0.072097097031,76,7.6,27,1,2638,2637,0.877437010671,0.875903029883,75,7.5,25,0,2609,2607,0.845223414125,0.842155452549,76,7.6,26,1,2723,2723,0.992485569762,0.992485569762,75,7.5,26,0,2075,2075,0.013805827091,0.013805827091,76,7.6,25,0
331,2026-09-05T08:53:30.497779+00:00,187171750000000,187171765000000,17.875000000,post_roll_hold,49,0,2076,2070,0.081300981758,0.072097097031,76,7.6,27,1,2638,2637,0.877437010671,0.875903029883,75,7.5,25,0,2609,2607,0.845223414125,0.842155452549,76,7.6,26,1,2723,2723,0.992485569762,0.992485569762,75,7.5,26,0,2075,2075,0.013805827091,0.013805827091,75,7.5,25,0
332,2026-09-05T08:53:30.561517+00:00,187171796000000,187171843000000,17.953000000,post_roll_hold,49,0,2076,2070,0.081300981758,0.072097097031,76,7.6,26,1,2638,2637,0.877437010671,0.875903029883,75,7.5,25,0,2609,2607,0.845223414125,0.842155452549,76,7.6,26,0,2723,2723,0.992485569762,0.992485569762,75,7.5,26,0,2075,2075,0.013805827091,0.013805827091,76,7.6,25,0
333,2026-09-05T08:53:30.606591+00:00,187171859000000,187171875000000,17.985000000,post_roll_hold,49,0,2076,2070,0.081300981758,0.072097097031,76,7.6,27,0,2638,2637,0.877437010671,0.875903029883,75,7.5,25,0,2609,2607,0.845223414125,0.842155452549,76,7.6,26,0,2723,2723,0.992485569762,0.992485569762,75,7.5,26,0,2075,2075,0.013805827091,0.013805827091,76,7.6,25,0
